taxonUUID,taxonRank,parentUUID,kingdom,simplifiedScientificName,nativeness,protectedStatusTW,categoryRedlistTW,categoryIUCN,groupID,reason,check_column,filtered_values,number_of_occurrence,TT_URL
ce85e6b5-7895-4322-ab6f-5c8c5dfd69c7,infraspecies,00e3de5a-73c9-47e5-9fa1-3306881800e8,Plantae,Cheirostylis tortilacinia rubrifolia,原生 Native,"","資料缺乏（DD, Data Deficient）","",00e3de5a-73c9-47e5-9fa1-3306881800e8,國內紅皮書不同,categoryRedlistTW,"資料缺乏（DD, Data Deficient）;接近受脅（NT, Near Threatened）;",0,https://taxatree.tbn.org.tw/taxa/ce85e6b5-7895-4322-ab6f-5c8c5dfd69c7
00e3de5a-73c9-47e5-9fa1-3306881800e8,species,47c1aecf-d05e-42b0-97f6-59719cd7204e,Plantae,Cheirostylis tortilacinia,原生 Native,"","接近受脅（NT, Near Threatened）","",00e3de5a-73c9-47e5-9fa1-3306881800e8,國內紅皮書不同,categoryRedlistTW,"資料缺乏（DD, Data Deficient）;接近受脅（NT, Near Threatened）;",20,https://taxatree.tbn.org.tw/taxa/00e3de5a-73c9-47e5-9fa1-3306881800e8
d2f09a9a-5397-422d-875e-1f22a49e0154,infraspecies,00e3de5a-73c9-47e5-9fa1-3306881800e8,Plantae,Cheirostylis tortilacinia tortilacinia,原生 Native,"","接近受脅（NT, Near Threatened）","",00e3de5a-73c9-47e5-9fa1-3306881800e8,國內紅皮書不同,categoryRedlistTW,"資料缺乏（DD, Data Deficient）;接近受脅（NT, Near Threatened）;",0,https://taxatree.tbn.org.tw/taxa/d2f09a9a-5397-422d-875e-1f22a49e0154
544f3e5d-29db-43ae-92e3-7bef7fb030f1,infraspecies,00e3de5a-73c9-47e5-9fa1-3306881800e8,Plantae,Cheirostylis tortilacinia wutaiensis,原生 Native,"","","",00e3de5a-73c9-47e5-9fa1-3306881800e8,國內紅皮書不同,categoryRedlistTW,"資料缺乏（DD, Data Deficient）;接近受脅（NT, Near Threatened）;",3,https://taxatree.tbn.org.tw/taxa/544f3e5d-29db-43ae-92e3-7bef7fb030f1
020cfe70-d7cd-4b60-a9ea-a3e5750cef75,species,37cef62b-c2b3-4f2d-8bb3-2be58aac4398,Plantae,Hemerocallis fulva,原生 Native,"","","",020cfe70-d7cd-4b60-a9ea-a3e5750cef75,國內紅皮書不同,categoryRedlistTW,";資料缺乏（DD, Data Deficient）",152,https://taxatree.tbn.org.tw/taxa/020cfe70-d7cd-4b60-a9ea-a3e5750cef75
b340ba34-7986-410f-9d8d-f18e58127fb4,infraspecies,020cfe70-d7cd-4b60-a9ea-a3e5750cef75,Plantae,Hemerocallis fulva fulva,外來栽培 Cultivated (non-native),"","","",020cfe70-d7cd-4b60-a9ea-a3e5750cef75,國內紅皮書不同,categoryRedlistTW,";資料缺乏（DD, Data Deficient）",28,https://taxatree.tbn.org.tw/taxa/b340ba34-7986-410f-9d8d-f18e58127fb4
8f2a9d66-47f7-460c-8e02-edd4b812146b,infraspecies,020cfe70-d7cd-4b60-a9ea-a3e5750cef75,Plantae,Hemerocallis fulva aurantiaca,原生 Native,"","資料缺乏（DD, Data Deficient）","",020cfe70-d7cd-4b60-a9ea-a3e5750cef75,國內紅皮書不同,categoryRedlistTW,";資料缺乏（DD, Data Deficient）",4,https://taxatree.tbn.org.tw/taxa/8f2a9d66-47f7-460c-8e02-edd4b812146b
b18e3f07-2ac7-4690-bc68-907a2fd099d9,infraspecies,020cfe70-d7cd-4b60-a9ea-a3e5750cef75,Plantae,Hemerocallis fulva kwanso,外來栽培 Cultivated (non-native),"","","",020cfe70-d7cd-4b60-a9ea-a3e5750cef75,國內紅皮書不同,categoryRedlistTW,";資料缺乏（DD, Data Deficient）",2,https://taxatree.tbn.org.tw/taxa/b18e3f07-2ac7-4690-bc68-907a2fd099d9
06790136-4f2d-435d-8321-ba95fdaf2022,species,a1f3ffa3-2f5a-484f-8b3b-208a65b0b0f1,Plantae,Lilium longiflorum,原生 Native,"","","",06790136-4f2d-435d-8321-ba95fdaf2022,國內紅皮書不同,categoryRedlistTW,";資料缺乏（DD, Data Deficient）;未評估（NE, Not Evaluated）",1088,https://taxatree.tbn.org.tw/taxa/06790136-4f2d-435d-8321-ba95fdaf2022
157c360a-8734-4573-bac0-dcf51499a195,infraspecies,06790136-4f2d-435d-8321-ba95fdaf2022,Plantae,Lilium longiflorum scabrum,原生 Native,"","資料缺乏（DD, Data Deficient）","",06790136-4f2d-435d-8321-ba95fdaf2022,國內紅皮書不同,categoryRedlistTW,";資料缺乏（DD, Data Deficient）;未評估（NE, Not Evaluated）",327,https://taxatree.tbn.org.tw/taxa/157c360a-8734-4573-bac0-dcf51499a195
c7f93416-6044-4e58-b2f6-6e3817f58b0c,infraspecies,06790136-4f2d-435d-8321-ba95fdaf2022,Plantae,Lilium longiflorum longiflorum,原生 Native,"","未評估（NE, Not Evaluated）","",06790136-4f2d-435d-8321-ba95fdaf2022,國內紅皮書不同,categoryRedlistTW,";資料缺乏（DD, Data Deficient）;未評估（NE, Not Evaluated）",51,https://taxatree.tbn.org.tw/taxa/c7f93416-6044-4e58-b2f6-6e3817f58b0c
0b1b6ec6-58f2-4ea5-956c-b61f5513855b,species,b7828a7b-cbdf-4537-b125-393d3868f46a,Plantae,Cordia aspera,原生 Native,"","","",0b1b6ec6-58f2-4ea5-956c-b61f5513855b,國內紅皮書不同,categoryRedlistTW,";瀕危（EN, Endangered）",80,https://taxatree.tbn.org.tw/taxa/0b1b6ec6-58f2-4ea5-956c-b61f5513855b
4992c206-cd79-466f-a6b1-05fabc5c2d85,infraspecies,0b1b6ec6-58f2-4ea5-956c-b61f5513855b,Plantae,Cordia aspera kanehirae,原生 Native,"","瀕危（EN, Endangered）","",0b1b6ec6-58f2-4ea5-956c-b61f5513855b,國內紅皮書不同,categoryRedlistTW,";瀕危（EN, Endangered）",46,https://taxatree.tbn.org.tw/taxa/4992c206-cd79-466f-a6b1-05fabc5c2d85
0e3617f5-045d-4a97-9372-17a043d4c7cf,species,9ab41363-a069-47b1-8c04-6a761f80b137,Plantae,Vigna angularis,外來栽培 Cultivated (non-native),"","","",0e3617f5-045d-4a97-9372-17a043d4c7cf,國內紅皮書不同,categoryRedlistTW,";資料缺乏（DD, Data Deficient）",452,https://taxatree.tbn.org.tw/taxa/0e3617f5-045d-4a97-9372-17a043d4c7cf
875d50ed-3225-4aa9-81a9-ff76548e0d1a,infraspecies,0e3617f5-045d-4a97-9372-17a043d4c7cf,Plantae,Vigna angularis nipponensis,原生 Native,"","資料缺乏（DD, Data Deficient）","",0e3617f5-045d-4a97-9372-17a043d4c7cf,國內紅皮書不同,categoryRedlistTW,";資料缺乏（DD, Data Deficient）",22,https://taxatree.tbn.org.tw/taxa/875d50ed-3225-4aa9-81a9-ff76548e0d1a
0e3b110e-ec2b-4950-b3e0-ccb4659ca62f,species,4923a6c7-7d50-407e-a8c1-d74540c69387,Plantae,Cephalotaxus harringtonii,原生 Native,"","","",0e3b110e-ec2b-4950-b3e0-ccb4659ca62f,國內紅皮書不同,categoryRedlistTW,";易危（VU, Vulnerable）",733,https://taxatree.tbn.org.tw/taxa/0e3b110e-ec2b-4950-b3e0-ccb4659ca62f
4eef4412-363d-4772-812b-245c4bff04cf,infraspecies,0e3b110e-ec2b-4950-b3e0-ccb4659ca62f,Plantae,Cephalotaxus harringtonii wilsoniana,原生 Native,"","易危（VU, Vulnerable）","",0e3b110e-ec2b-4950-b3e0-ccb4659ca62f,國內紅皮書不同,categoryRedlistTW,";易危（VU, Vulnerable）",707,https://taxatree.tbn.org.tw/taxa/4eef4412-363d-4772-812b-245c4bff04cf
1204232c-c761-454b-8b04-6a9b03a8db68,species,fdf6cc8e-0af7-4e47-8065-6da794934d9e,Plantae,Abelia chinensis,原生 Native,"","","",1204232c-c761-454b-8b04-6a9b03a8db68,國內紅皮書不同,categoryRedlistTW,";易危（VU, Vulnerable）",291,https://taxatree.tbn.org.tw/taxa/1204232c-c761-454b-8b04-6a9b03a8db68
70b44a18-a715-4922-a35a-b726f2b70eff,infraspecies,1204232c-c761-454b-8b04-6a9b03a8db68,Plantae,Abelia chinensis ionandra,原生 Native,"","易危（VU, Vulnerable）","",1204232c-c761-454b-8b04-6a9b03a8db68,國內紅皮書不同,categoryRedlistTW,";易危（VU, Vulnerable）",122,https://taxatree.tbn.org.tw/taxa/70b44a18-a715-4922-a35a-b726f2b70eff
124a39ee-9aa4-4ce3-8a38-b45c0529b2c2,species,64fdff0c-91b7-4894-a678-491e5e8ccd1c,Plantae,Saccolabiopsis viridiflora,原生 Native,"","","",124a39ee-9aa4-4ce3-8a38-b45c0529b2c2,國內紅皮書不同,categoryRedlistTW,";瀕危（EN, Endangered）",6,https://taxatree.tbn.org.tw/taxa/124a39ee-9aa4-4ce3-8a38-b45c0529b2c2
c7e9dab1-4c63-47cb-bbbf-dea5a05fbaf4,infraspecies,124a39ee-9aa4-4ce3-8a38-b45c0529b2c2,Plantae,Saccolabiopsis viridiflora taiwaniana,原生 Native,"","瀕危（EN, Endangered）","",124a39ee-9aa4-4ce3-8a38-b45c0529b2c2,國內紅皮書不同,categoryRedlistTW,";瀕危（EN, Endangered）",6,https://taxatree.tbn.org.tw/taxa/c7e9dab1-4c63-47cb-bbbf-dea5a05fbaf4
12893a44-eca8-44a1-955f-970705f53bc4,species,bca9f77d-8ad4-46a4-afaa-ceb6de4cb5a3,Animalia,Manis pentadactyla,原生 Native,珍貴稀有保育類野生動物,"易危（VU, Vulnerable）","極危（CR, Critically Endangered）",12893a44-eca8-44a1-955f-970705f53bc4,IUCN紅皮書不同,categoryIUCN,"極危（CR, Critically Endangered）;",3940,https://taxatree.tbn.org.tw/taxa/12893a44-eca8-44a1-955f-970705f53bc4
806fa9d6-73f9-4755-beb6-199f7b4fb990,infraspecies,12893a44-eca8-44a1-955f-970705f53bc4,Animalia,Manis pentadactyla pentadactyla,原生 Native,珍貴稀有保育類野生動物,"易危（VU, Vulnerable）","",12893a44-eca8-44a1-955f-970705f53bc4,IUCN紅皮書不同,categoryIUCN,"極危（CR, Critically Endangered）;",1377,https://taxatree.tbn.org.tw/taxa/806fa9d6-73f9-4755-beb6-199f7b4fb990
163f13dd-975e-4589-a822-dcca68c50dc1,species,59a8e175-9433-45c7-ac2e-4e06d6668f06,Plantae,Bulbophyllum kuanwuense,原生 Native,"","","",163f13dd-975e-4589-a822-dcca68c50dc1,國內紅皮書不同,categoryRedlistTW,";瀕危（EN, Endangered）;接近受脅（NT, Near Threatened）",6,https://taxatree.tbn.org.tw/taxa/163f13dd-975e-4589-a822-dcca68c50dc1
9dce2010-1de3-4636-9a98-1eb172958ad7,infraspecies,163f13dd-975e-4589-a822-dcca68c50dc1,Plantae,Bulbophyllum kuanwuense kuanwuense,原生 Native,"","瀕危（EN, Endangered）","",163f13dd-975e-4589-a822-dcca68c50dc1,國內紅皮書不同,categoryRedlistTW,";瀕危（EN, Endangered）;接近受脅（NT, Near Threatened）",1,https://taxatree.tbn.org.tw/taxa/9dce2010-1de3-4636-9a98-1eb172958ad7
bcfd456a-a449-41b2-809d-173e09ea752b,infraspecies,163f13dd-975e-4589-a822-dcca68c50dc1,Plantae,Bulbophyllum kuanwuense peitawuense,原生 Native,"","接近受脅（NT, Near Threatened）","",163f13dd-975e-4589-a822-dcca68c50dc1,國內紅皮書不同,categoryRedlistTW,";瀕危（EN, Endangered）;接近受脅（NT, Near Threatened）",0,https://taxatree.tbn.org.tw/taxa/bcfd456a-a449-41b2-809d-173e09ea752b
1b249c16-186d-489b-ba7a-d0d7210c65f7,species,810623e6-84df-4eca-89c2-2305975b70fe,Plantae,Goodyera velutina,原生 Native,"","","",1b249c16-186d-489b-ba7a-d0d7210c65f7,國內紅皮書不同,categoryRedlistTW,";資料缺乏（DD, Data Deficient）",524,https://taxatree.tbn.org.tw/taxa/1b249c16-186d-489b-ba7a-d0d7210c65f7
10dbf0f6-68c9-4a2f-881e-7a95150ed6b4,infraspecies,1b249c16-186d-489b-ba7a-d0d7210c65f7,Plantae,Goodyera velutina albo-nervosa,原生 Native,"","資料缺乏（DD, Data Deficient）","",1b249c16-186d-489b-ba7a-d0d7210c65f7,國內紅皮書不同,categoryRedlistTW,";資料缺乏（DD, Data Deficient）",1,https://taxatree.tbn.org.tw/taxa/10dbf0f6-68c9-4a2f-881e-7a95150ed6b4
1c05a243-bf84-4805-8f82-8a4209ab41b2,species,621f3529-c408-4c8e-b30b-4e435c8be1a2,Plantae,Arisaema thunbergii,原生 Native,"","","",1c05a243-bf84-4805-8f82-8a4209ab41b2,國內紅皮書不同,categoryRedlistTW,";接近受脅（NT, Near Threatened）",58,https://taxatree.tbn.org.tw/taxa/1c05a243-bf84-4805-8f82-8a4209ab41b2
20eacfbe-c8e3-47a8-a2cb-611daa765af4,infraspecies,1c05a243-bf84-4805-8f82-8a4209ab41b2,Plantae,Arisaema thunbergii autumnale,原生 Native,"","接近受脅（NT, Near Threatened）","",1c05a243-bf84-4805-8f82-8a4209ab41b2,國內紅皮書不同,categoryRedlistTW,";接近受脅（NT, Near Threatened）",39,https://taxatree.tbn.org.tw/taxa/20eacfbe-c8e3-47a8-a2cb-611daa765af4
1f9ff515-fe96-4d7c-bd37-9a3d7b89714d,species,acfd2d1a-3530-45ba-8bd3-f77c7650de4f,Plantae,Aconitum fukutomei,原生 Native,"","","",1f9ff515-fe96-4d7c-bd37-9a3d7b89714d,國內紅皮書不同,categoryRedlistTW,";接近受脅（NT, Near Threatened）;易危（VU, Vulnerable）",399,https://taxatree.tbn.org.tw/taxa/1f9ff515-fe96-4d7c-bd37-9a3d7b89714d
968786d0-f30d-4963-8a2b-543ac4a68105,infraspecies,1f9ff515-fe96-4d7c-bd37-9a3d7b89714d,Plantae,Aconitum fukutomei fukutomei,原生 Native,"","接近受脅（NT, Near Threatened）","",1f9ff515-fe96-4d7c-bd37-9a3d7b89714d,國內紅皮書不同,categoryRedlistTW,";接近受脅（NT, Near Threatened）;易危（VU, Vulnerable）",73,https://taxatree.tbn.org.tw/taxa/968786d0-f30d-4963-8a2b-543ac4a68105
f6bca131-1bf6-48b3-8a7e-fc0a8f2d7f09,infraspecies,1f9ff515-fe96-4d7c-bd37-9a3d7b89714d,Plantae,Aconitum fukutomei formosanum,原生 Native,"","易危（VU, Vulnerable）","",1f9ff515-fe96-4d7c-bd37-9a3d7b89714d,國內紅皮書不同,categoryRedlistTW,";接近受脅（NT, Near Threatened）;易危（VU, Vulnerable）",58,https://taxatree.tbn.org.tw/taxa/f6bca131-1bf6-48b3-8a7e-fc0a8f2d7f09
2379bcc2-3530-4f33-b5b9-f32de1e43d18,species,2472b95f-a179-435b-86a6-0bd69187d6c8,Plantae,Rhynchospora rugosa,原生 Native,"","","",2379bcc2-3530-4f33-b5b9-f32de1e43d18,國內紅皮書不同,categoryRedlistTW,";易危（VU, Vulnerable）",28,https://taxatree.tbn.org.tw/taxa/2379bcc2-3530-4f33-b5b9-f32de1e43d18
41747007-6f28-4330-8b1c-38f59128a6ec,infraspecies,2379bcc2-3530-4f33-b5b9-f32de1e43d18,Plantae,Rhynchospora rugosa brownii,原生 Native,"","易危（VU, Vulnerable）","",2379bcc2-3530-4f33-b5b9-f32de1e43d18,國內紅皮書不同,categoryRedlistTW,";易危（VU, Vulnerable）",27,https://taxatree.tbn.org.tw/taxa/41747007-6f28-4330-8b1c-38f59128a6ec
2600824c-544e-426f-95c3-5ff9a24788b1,species,bb00313c-78ee-4f9b-ae0d-e01eaf55e04a,Plantae,Thalictrum urbainii,原生 Native,"","","",2600824c-544e-426f-95c3-5ff9a24788b1,國內紅皮書不同,categoryRedlistTW,";易危（VU, Vulnerable）",700,https://taxatree.tbn.org.tw/taxa/2600824c-544e-426f-95c3-5ff9a24788b1
d88e0b39-5532-4786-af9f-d8751dca6556,infraspecies,2600824c-544e-426f-95c3-5ff9a24788b1,Plantae,Thalictrum urbainii urbainii,原生 Native,"","暫無危機（LC, Least Concern）","",2600824c-544e-426f-95c3-5ff9a24788b1,國內紅皮書不同,categoryRedlistTW,";易危（VU, Vulnerable）",96,https://taxatree.tbn.org.tw/taxa/d88e0b39-5532-4786-af9f-d8751dca6556
e19602d8-6b0a-4dcf-9a95-aee45ef8e906,infraspecies,2600824c-544e-426f-95c3-5ff9a24788b1,Plantae,Thalictrum urbainii majus,原生 Native,"","易危（VU, Vulnerable）","",2600824c-544e-426f-95c3-5ff9a24788b1,國內紅皮書不同,categoryRedlistTW,";易危（VU, Vulnerable）",25,https://taxatree.tbn.org.tw/taxa/e19602d8-6b0a-4dcf-9a95-aee45ef8e906
28492608-1d73-454c-9b20-30f595be82fa,species,bf988b38-f9bf-4b34-a681-61c9561030dd,Plantae,Shortia rotundifolia,原生 Native,"","","",28492608-1d73-454c-9b20-30f595be82fa,國內紅皮書不同,categoryRedlistTW,";資料缺乏（DD, Data Deficient）;接近受脅（NT, Near Threatened）",768,https://taxatree.tbn.org.tw/taxa/28492608-1d73-454c-9b20-30f595be82fa
db846ca0-56a9-4d96-9a9f-381dfe722420,infraspecies,28492608-1d73-454c-9b20-30f595be82fa,Plantae,Shortia rotundifolia rotundifolia,原生 Native,"","資料缺乏（DD, Data Deficient）","",28492608-1d73-454c-9b20-30f595be82fa,國內紅皮書不同,categoryRedlistTW,";資料缺乏（DD, Data Deficient）;接近受脅（NT, Near Threatened）",132,https://taxatree.tbn.org.tw/taxa/db846ca0-56a9-4d96-9a9f-381dfe722420
5b9422d2-6358-4ca4-98be-e7beb0340c50,infraspecies,28492608-1d73-454c-9b20-30f595be82fa,Plantae,Shortia rotundifolia ritoensis,原生 Native,"","資料缺乏（DD, Data Deficient）","",28492608-1d73-454c-9b20-30f595be82fa,國內紅皮書不同,categoryRedlistTW,";資料缺乏（DD, Data Deficient）;接近受脅（NT, Near Threatened）",9,https://taxatree.tbn.org.tw/taxa/5b9422d2-6358-4ca4-98be-e7beb0340c50
d6dc5ca6-7ac1-499c-a5a8-b31d2a8d717f,infraspecies,28492608-1d73-454c-9b20-30f595be82fa,Plantae,Shortia rotundifolia subcordata,原生 Native,"","資料缺乏（DD, Data Deficient）","",28492608-1d73-454c-9b20-30f595be82fa,國內紅皮書不同,categoryRedlistTW,";資料缺乏（DD, Data Deficient）;接近受脅（NT, Near Threatened）",62,https://taxatree.tbn.org.tw/taxa/d6dc5ca6-7ac1-499c-a5a8-b31d2a8d717f
7ea9847e-fbe8-4908-9aad-35e7d4f75c6f,infraspecies,28492608-1d73-454c-9b20-30f595be82fa,Plantae,Shortia rotundifolia transalpine,原生 Native,"","接近受脅（NT, Near Threatened）","",28492608-1d73-454c-9b20-30f595be82fa,國內紅皮書不同,categoryRedlistTW,";資料缺乏（DD, Data Deficient）;接近受脅（NT, Near Threatened）",1,https://taxatree.tbn.org.tw/taxa/7ea9847e-fbe8-4908-9aad-35e7d4f75c6f
2a80ba74-db3e-4192-aee0-3b94f8419a6c,species,2b3e003c-f888-42cf-9d2e-4ba4f9356172,Plantae,Jatropha gossypiifolia,外來栽培 Cultivated (non-native),"","","",2a80ba74-db3e-4192-aee0-3b94f8419a6c,國內紅皮書不同,categoryRedlistTW,";未評估（NE, Not Evaluated）",170,https://taxatree.tbn.org.tw/taxa/2a80ba74-db3e-4192-aee0-3b94f8419a6c
ce80a9dd-6192-4ce0-8dd4-83584226da86,infraspecies,2a80ba74-db3e-4192-aee0-3b94f8419a6c,Plantae,Jatropha gossypiifolia gossypiifolia,外來栽培 Cultivated (non-native),"","未評估（NE, Not Evaluated）","",2a80ba74-db3e-4192-aee0-3b94f8419a6c,國內紅皮書不同,categoryRedlistTW,";未評估（NE, Not Evaluated）",7,https://taxatree.tbn.org.tw/taxa/ce80a9dd-6192-4ce0-8dd4-83584226da86
2a862abc-81da-4ecd-a184-a7be88aa9146,species,c3c544ae-1712-4c0e-8c2e-b70d4f96b67a,Plantae,Sporobolus indicus,原生 Native,"","","",2a862abc-81da-4ecd-a184-a7be88aa9146,國內紅皮書不同,categoryRedlistTW,";資料缺乏（DD, Data Deficient）",1840,https://taxatree.tbn.org.tw/taxa/2a862abc-81da-4ecd-a184-a7be88aa9146
a7908ab4-60f4-411d-86fb-6780d8bad2cf,infraspecies,2a862abc-81da-4ecd-a184-a7be88aa9146,Plantae,Sporobolus indicus flaccidus,原生 Native,"","資料缺乏（DD, Data Deficient）","",2a862abc-81da-4ecd-a184-a7be88aa9146,國內紅皮書不同,categoryRedlistTW,";資料缺乏（DD, Data Deficient）",50,https://taxatree.tbn.org.tw/taxa/a7908ab4-60f4-411d-86fb-6780d8bad2cf
c054614e-2d6a-4ab6-99dc-f2139905cead,infraspecies,2a862abc-81da-4ecd-a184-a7be88aa9146,Plantae,Sporobolus indicus major,原生 Native,"","暫無危機（LC, Least Concern）","",2a862abc-81da-4ecd-a184-a7be88aa9146,國內紅皮書不同,categoryRedlistTW,";資料缺乏（DD, Data Deficient）",1063,https://taxatree.tbn.org.tw/taxa/c054614e-2d6a-4ab6-99dc-f2139905cead
2f317a55-2891-4032-9a16-17f27eb8c05b,species,c9dda634-d395-4ee1-a453-268a1abc561c,Plantae,Lecanorchis nigricans,原生 Native,"","","",2f317a55-2891-4032-9a16-17f27eb8c05b,國內紅皮書不同,categoryRedlistTW,";接近受脅（NT, Near Threatened）",13,https://taxatree.tbn.org.tw/taxa/2f317a55-2891-4032-9a16-17f27eb8c05b
028fff62-ea73-416a-a78d-90317a9f1c96,infraspecies,2f317a55-2891-4032-9a16-17f27eb8c05b,Plantae,Lecanorchis nigricans nigricans,原生 Native,"","接近受脅（NT, Near Threatened）","",2f317a55-2891-4032-9a16-17f27eb8c05b,國內紅皮書不同,categoryRedlistTW,";接近受脅（NT, Near Threatened）",0,https://taxatree.tbn.org.tw/taxa/028fff62-ea73-416a-a78d-90317a9f1c96
e1d40ddf-1f4f-4bc0-ba68-429290c72cb3,infraspecies,2f317a55-2891-4032-9a16-17f27eb8c05b,Plantae,Lecanorchis nigricans yakusimensis,原生 Native,"","接近受脅（NT, Near Threatened）","",2f317a55-2891-4032-9a16-17f27eb8c05b,國內紅皮書不同,categoryRedlistTW,";接近受脅（NT, Near Threatened）",2,https://taxatree.tbn.org.tw/taxa/e1d40ddf-1f4f-4bc0-ba68-429290c72cb3
30fddbfa-1efd-44a8-ab73-e83ce7113bb4,species,1987a9a7-8ad9-4d44-8d44-90abf3074d00,Animalia,Podiceps auritus,原生 Native,"",不適用,"易危（VU, Vulnerable）",30fddbfa-1efd-44a8-ab73-e83ce7113bb4,IUCN紅皮書不同,categoryIUCN,"易危（VU, Vulnerable）;",79,https://taxatree.tbn.org.tw/taxa/30fddbfa-1efd-44a8-ab73-e83ce7113bb4
2d70d761-6b25-49b0-8039-719a68adbc28,infraspecies,30fddbfa-1efd-44a8-ab73-e83ce7113bb4,Animalia,Podiceps auritus auritus,原生 Native,"",不適用,"",30fddbfa-1efd-44a8-ab73-e83ce7113bb4,IUCN紅皮書不同,categoryIUCN,"易危（VU, Vulnerable）;",2,https://taxatree.tbn.org.tw/taxa/2d70d761-6b25-49b0-8039-719a68adbc28
324a481d-7c26-4b85-b6df-22037747f6c5,species,830a6219-a999-4f60-b963-e4d38b93a4ea,Animalia,Neptis hesione,原生 Native,"","接近受脅（NT, Near Threatened）","",324a481d-7c26-4b85-b6df-22037747f6c5,國內紅皮書不同,categoryRedlistTW,"接近受脅（NT, Near Threatened）;",59,https://taxatree.tbn.org.tw/taxa/324a481d-7c26-4b85-b6df-22037747f6c5
25ffa1bf-adc6-4d55-bddc-715ecbb73fc1,infraspecies,324a481d-7c26-4b85-b6df-22037747f6c5,Animalia,Neptis hesione podarces,原生 Native,"","","",324a481d-7c26-4b85-b6df-22037747f6c5,國內紅皮書不同,categoryRedlistTW,"接近受脅（NT, Near Threatened）;",46,https://taxatree.tbn.org.tw/taxa/25ffa1bf-adc6-4d55-bddc-715ecbb73fc1
391a6826-6340-41cc-9d0d-a47795f15b4d,species,a8997263-cfa0-4ee9-be2d-860510923ba4,Plantae,Eleocharis congesta,原生 Native,"","","",391a6826-6340-41cc-9d0d-a47795f15b4d,國內紅皮書不同,categoryRedlistTW,";資料缺乏（DD, Data Deficient）;易危（VU, Vulnerable）",1133,https://taxatree.tbn.org.tw/taxa/391a6826-6340-41cc-9d0d-a47795f15b4d
ddb257c3-4838-4eeb-98a8-c267493d98e2,infraspecies,391a6826-6340-41cc-9d0d-a47795f15b4d,Plantae,Eleocharis congesta japonica,原生 Native,"","暫無危機（LC, Least Concern）","",391a6826-6340-41cc-9d0d-a47795f15b4d,國內紅皮書不同,categoryRedlistTW,";資料缺乏（DD, Data Deficient）;易危（VU, Vulnerable）",166,https://taxatree.tbn.org.tw/taxa/ddb257c3-4838-4eeb-98a8-c267493d98e2
f80b2eff-363e-4fcf-9a85-246b9fb7876f,infraspecies,391a6826-6340-41cc-9d0d-a47795f15b4d,Plantae,Eleocharis congesta subvivipara,原生 Native,"","資料缺乏（DD, Data Deficient）","",391a6826-6340-41cc-9d0d-a47795f15b4d,國內紅皮書不同,categoryRedlistTW,";資料缺乏（DD, Data Deficient）;易危（VU, Vulnerable）",0,https://taxatree.tbn.org.tw/taxa/f80b2eff-363e-4fcf-9a85-246b9fb7876f
cc911af6-aa40-4340-b42f-fa6e01743c8f,infraspecies,391a6826-6340-41cc-9d0d-a47795f15b4d,Plantae,Eleocharis congesta thermalis,原生 Native,"","易危（VU, Vulnerable）","",391a6826-6340-41cc-9d0d-a47795f15b4d,國內紅皮書不同,categoryRedlistTW,";資料缺乏（DD, Data Deficient）;易危（VU, Vulnerable）",0,https://taxatree.tbn.org.tw/taxa/cc911af6-aa40-4340-b42f-fa6e01743c8f
395d699e-31ec-4ac9-8cdd-83a0c86b5a15,species,46135fab-9eea-4b34-a23c-2dc5eca8b60e,Plantae,Keteleeria davidiana,原生 Native,"","","",395d699e-31ec-4ac9-8cdd-83a0c86b5a15,國內紅皮書不同,categoryRedlistTW,";極危（CR, Critically Endangered）",260,https://taxatree.tbn.org.tw/taxa/395d699e-31ec-4ac9-8cdd-83a0c86b5a15
3cdaeaf0-c671-4edc-89b9-94aca3b0ab74,infraspecies,395d699e-31ec-4ac9-8cdd-83a0c86b5a15,Plantae,Keteleeria davidiana formosana,原生 Native,"","極危（CR, Critically Endangered）","",395d699e-31ec-4ac9-8cdd-83a0c86b5a15,國內紅皮書不同,categoryRedlistTW,";極危（CR, Critically Endangered）",180,https://taxatree.tbn.org.tw/taxa/3cdaeaf0-c671-4edc-89b9-94aca3b0ab74
a9183dca-3918-4411-866b-60b131e5efdc,infraspecies,395d699e-31ec-4ac9-8cdd-83a0c86b5a15,Plantae,Keteleeria davidiana calcarea,境外 Overseas,"","","",395d699e-31ec-4ac9-8cdd-83a0c86b5a15,國內紅皮書不同,categoryRedlistTW,";極危（CR, Critically Endangered）",0,https://taxatree.tbn.org.tw/taxa/a9183dca-3918-4411-866b-60b131e5efdc
64fe5fb8-6251-470e-848d-be767890d803,infraspecies,395d699e-31ec-4ac9-8cdd-83a0c86b5a15,Plantae,Keteleeria davidiana davidiana,境外 Overseas,"","","",395d699e-31ec-4ac9-8cdd-83a0c86b5a15,國內紅皮書不同,categoryRedlistTW,";極危（CR, Critically Endangered）",0,https://taxatree.tbn.org.tw/taxa/64fe5fb8-6251-470e-848d-be767890d803
3b166100-1a7c-4f97-9b58-278c8fb8aa9b,species,f0131090-cefc-4f34-9df6-e7a4b8010e2f,Animalia,Pseudocoladenia dan,原生 Native,"","接近受脅（NT, Near Threatened）","",3b166100-1a7c-4f97-9b58-278c8fb8aa9b,國內紅皮書不同,categoryRedlistTW,"接近受脅（NT, Near Threatened）;",8,https://taxatree.tbn.org.tw/taxa/3b166100-1a7c-4f97-9b58-278c8fb8aa9b
e7129bcc-9f74-451a-9db0-0a3660fba08a,infraspecies,3b166100-1a7c-4f97-9b58-278c8fb8aa9b,Animalia,Pseudocoladenia dan sadakoe,原生 Native,"","","",3b166100-1a7c-4f97-9b58-278c8fb8aa9b,國內紅皮書不同,categoryRedlistTW,"接近受脅（NT, Near Threatened）;",7,https://taxatree.tbn.org.tw/taxa/e7129bcc-9f74-451a-9db0-0a3660fba08a
02ec5f81-b794-412e-bc91-bc24552d8eed,infraspecies,3b166100-1a7c-4f97-9b58-278c8fb8aa9b,Animalia,Pseudocoladenia dan fabia,原生 Native,"","","",3b166100-1a7c-4f97-9b58-278c8fb8aa9b,國內紅皮書不同,categoryRedlistTW,"接近受脅（NT, Near Threatened）;",6,https://taxatree.tbn.org.tw/taxa/02ec5f81-b794-412e-bc91-bc24552d8eed
fddc3400-0932-4f43-be55-815acd02c15e,infraspecies,3b166100-1a7c-4f97-9b58-278c8fb8aa9b,Animalia,Pseudocoladenia dan dan,原生 Native,"","","",3b166100-1a7c-4f97-9b58-278c8fb8aa9b,國內紅皮書不同,categoryRedlistTW,"接近受脅（NT, Near Threatened）;",6,https://taxatree.tbn.org.tw/taxa/fddc3400-0932-4f43-be55-815acd02c15e
3b6cd76e-f658-4cc7-9625-ba0aeaa8d576,species,59a8e175-9433-45c7-ac2e-4e06d6668f06,Plantae,Bulbophyllum electrinum,原生 Native,"","","",3b6cd76e-f658-4cc7-9625-ba0aeaa8d576,國內紅皮書不同,categoryRedlistTW,";資料缺乏（DD, Data Deficient）;易危（VU, Vulnerable）",7,https://taxatree.tbn.org.tw/taxa/3b6cd76e-f658-4cc7-9625-ba0aeaa8d576
f0920008-acd9-4790-8e44-e7873a3d839e,infraspecies,3b6cd76e-f658-4cc7-9625-ba0aeaa8d576,Plantae,Bulbophyllum electrinum calvum,原生 Native,"","資料缺乏（DD, Data Deficient）","",3b6cd76e-f658-4cc7-9625-ba0aeaa8d576,國內紅皮書不同,categoryRedlistTW,";資料缺乏（DD, Data Deficient）;易危（VU, Vulnerable）",1,https://taxatree.tbn.org.tw/taxa/f0920008-acd9-4790-8e44-e7873a3d839e
00a1ecf8-7c15-4f80-959a-2e92a4c27127,infraspecies,3b6cd76e-f658-4cc7-9625-ba0aeaa8d576,Plantae,Bulbophyllum electrinum sui,原生 Native,"","易危（VU, Vulnerable）","",3b6cd76e-f658-4cc7-9625-ba0aeaa8d576,國內紅皮書不同,categoryRedlistTW,";資料缺乏（DD, Data Deficient）;易危（VU, Vulnerable）",1,https://taxatree.tbn.org.tw/taxa/00a1ecf8-7c15-4f80-959a-2e92a4c27127
42815eea-f398-4c52-a399-b7675052113e,species,203b0093-6f11-42dd-ae99-769c10328f85,Animalia,Plecoglossus altivelis,原生 Native,"","區域滅絕（RE, Regionally Extinct）","資料缺乏（DD, Data Deficient）",42815eea-f398-4c52-a399-b7675052113e,IUCN紅皮書不同,categoryIUCN,"資料缺乏（DD, Data Deficient）;",94,https://taxatree.tbn.org.tw/taxa/42815eea-f398-4c52-a399-b7675052113e
ca2b07d8-03bc-42b2-b824-6f8bcae73e8c,infraspecies,42815eea-f398-4c52-a399-b7675052113e,Animalia,Plecoglossus altivelis altivelis,原生 Native,"","區域滅絕（RE, Regionally Extinct）","",42815eea-f398-4c52-a399-b7675052113e,IUCN紅皮書不同,categoryIUCN,"資料缺乏（DD, Data Deficient）;",66,https://taxatree.tbn.org.tw/taxa/ca2b07d8-03bc-42b2-b824-6f8bcae73e8c
42b8521a-6f99-428c-9738-e078aa3661fb,species,9ed28688-74c0-46f1-a0c3-beeb1338366b,Plantae,Schizachyrium fragile,原生 Native,"","","",42b8521a-6f99-428c-9738-e078aa3661fb,國內紅皮書不同,categoryRedlistTW,";資料缺乏（DD, Data Deficient）",26,https://taxatree.tbn.org.tw/taxa/42b8521a-6f99-428c-9738-e078aa3661fb
4a4cb787-826b-45ff-b854-be621b31f484,infraspecies,42b8521a-6f99-428c-9738-e078aa3661fb,Plantae,Schizachyrium fragile shimadae,原生 Native,"","資料缺乏（DD, Data Deficient）","",42b8521a-6f99-428c-9738-e078aa3661fb,國內紅皮書不同,categoryRedlistTW,";資料缺乏（DD, Data Deficient）",4,https://taxatree.tbn.org.tw/taxa/4a4cb787-826b-45ff-b854-be621b31f484
42e8a4d8-ad4a-42a8-a94a-3b033862896b,species,28455809-8d73-4b16-91c9-6ecef39d8d65,Plantae,Elaeocarpus sphaericus,原生 Native,"","","",42e8a4d8-ad4a-42a8-a94a-3b033862896b,國內紅皮書不同,categoryRedlistTW,";接近受脅（NT, Near Threatened）",40,https://taxatree.tbn.org.tw/taxa/42e8a4d8-ad4a-42a8-a94a-3b033862896b
d4a15c10-bad7-455e-9029-e63504b80eef,infraspecies,42e8a4d8-ad4a-42a8-a94a-3b033862896b,Plantae,Elaeocarpus sphaericus hayatae,原生 Native,"","接近受脅（NT, Near Threatened）","",42e8a4d8-ad4a-42a8-a94a-3b033862896b,國內紅皮書不同,categoryRedlistTW,";接近受脅（NT, Near Threatened）",37,https://taxatree.tbn.org.tw/taxa/d4a15c10-bad7-455e-9029-e63504b80eef
45e54b99-3a45-4def-b908-ac8229a02b72,species,26b8fe75-b0be-451e-b616-26c5600513bc,Plantae,Livistona chinensis,原生 Native,"","","",45e54b99-3a45-4def-b908-ac8229a02b72,國內紅皮書不同,categoryRedlistTW,";易危（VU, Vulnerable）",380,https://taxatree.tbn.org.tw/taxa/45e54b99-3a45-4def-b908-ac8229a02b72
3a7e5ede-36f6-4c6b-8163-6ae8d5afe318,infraspecies,45e54b99-3a45-4def-b908-ac8229a02b72,Plantae,Livistona chinensis subglobosa,原生 Native,"","易危（VU, Vulnerable）","",45e54b99-3a45-4def-b908-ac8229a02b72,國內紅皮書不同,categoryRedlistTW,";易危（VU, Vulnerable）",241,https://taxatree.tbn.org.tw/taxa/3a7e5ede-36f6-4c6b-8163-6ae8d5afe318
45fbed9c-3328-49f4-bc64-bbfbd8d94ce2,species,59a8e175-9433-45c7-ac2e-4e06d6668f06,Plantae,Bulbophyllum albociliatum,原生 Native,"","","",45fbed9c-3328-49f4-bc64-bbfbd8d94ce2,國內紅皮書不同,categoryRedlistTW,";易危（VU, Vulnerable）",60,https://taxatree.tbn.org.tw/taxa/45fbed9c-3328-49f4-bc64-bbfbd8d94ce2
ecf71b80-30f8-494a-b739-6ca3ab368021,infraspecies,45fbed9c-3328-49f4-bc64-bbfbd8d94ce2,Plantae,Bulbophyllum albociliatum albociliatum,原生 Native,"","暫無危機（LC, Least Concern）","",45fbed9c-3328-49f4-bc64-bbfbd8d94ce2,國內紅皮書不同,categoryRedlistTW,";易危（VU, Vulnerable）",0,https://taxatree.tbn.org.tw/taxa/ecf71b80-30f8-494a-b739-6ca3ab368021
4c586d0a-0d4d-4c7b-8712-bacf739ab73a,infraspecies,45fbed9c-3328-49f4-bc64-bbfbd8d94ce2,Plantae,Bulbophyllum albociliatum shanlinshiense,原生 Native,"","暫無危機（LC, Least Concern）","",45fbed9c-3328-49f4-bc64-bbfbd8d94ce2,國內紅皮書不同,categoryRedlistTW,";易危（VU, Vulnerable）",3,https://taxatree.tbn.org.tw/taxa/4c586d0a-0d4d-4c7b-8712-bacf739ab73a
b7597a78-6819-4759-bb73-14537a079a71,infraspecies,45fbed9c-3328-49f4-bc64-bbfbd8d94ce2,Plantae,Bulbophyllum albociliatum weiminianum,原生 Native,"","易危（VU, Vulnerable）","",45fbed9c-3328-49f4-bc64-bbfbd8d94ce2,國內紅皮書不同,categoryRedlistTW,";易危（VU, Vulnerable）",5,https://taxatree.tbn.org.tw/taxa/b7597a78-6819-4759-bb73-14537a079a71
464fc3dd-245a-4382-8c28-142e004287a4,species,600089fb-2f09-452d-b713-b69d079f3709,Plantae,Syzygium densinervium,原生 Native,"","","",464fc3dd-245a-4382-8c28-142e004287a4,國內紅皮書不同,categoryRedlistTW,";接近受脅（NT, Near Threatened）",132,https://taxatree.tbn.org.tw/taxa/464fc3dd-245a-4382-8c28-142e004287a4
5c6dd4e2-d050-4536-ba35-a83dde98cc3e,infraspecies,464fc3dd-245a-4382-8c28-142e004287a4,Plantae,Syzygium densinervium insulare,原生 Native,"","接近受脅（NT, Near Threatened）","",464fc3dd-245a-4382-8c28-142e004287a4,國內紅皮書不同,categoryRedlistTW,";接近受脅（NT, Near Threatened）",112,https://taxatree.tbn.org.tw/taxa/5c6dd4e2-d050-4536-ba35-a83dde98cc3e
46c31206-0608-473c-91a5-a32c9c4a7e2d,species,1a530047-bc28-401c-98a5-b1e391201d68,Plantae,Mitrastemon yamamotoi,原生 Native,"","","",46c31206-0608-473c-91a5-a32c9c4a7e2d,國內紅皮書不同,categoryRedlistTW,";易危（VU, Vulnerable）;瀕危（EN, Endangered）",239,https://taxatree.tbn.org.tw/taxa/46c31206-0608-473c-91a5-a32c9c4a7e2d
1297085a-feeb-43fb-be3e-18ad581b343d,infraspecies,46c31206-0608-473c-91a5-a32c9c4a7e2d,Plantae,Mitrastemon yamamotoi yamamotoi,原生 Native,"","易危（VU, Vulnerable）","",46c31206-0608-473c-91a5-a32c9c4a7e2d,國內紅皮書不同,categoryRedlistTW,";易危（VU, Vulnerable）;瀕危（EN, Endangered）",46,https://taxatree.tbn.org.tw/taxa/1297085a-feeb-43fb-be3e-18ad581b343d
898999d1-60d0-451b-9974-c8ac9653d828,infraspecies,46c31206-0608-473c-91a5-a32c9c4a7e2d,Plantae,Mitrastemon yamamotoi kanehirae,原生 Native,"","瀕危（EN, Endangered）","",46c31206-0608-473c-91a5-a32c9c4a7e2d,國內紅皮書不同,categoryRedlistTW,";易危（VU, Vulnerable）;瀕危（EN, Endangered）",17,https://taxatree.tbn.org.tw/taxa/898999d1-60d0-451b-9974-c8ac9653d828
4970b98e-e97e-4e24-8172-219a2d5168af,species,8434da34-2830-49fb-b606-60250088abcd,Plantae,Angelica morrisonicola,原生 Native,"","","",4970b98e-e97e-4e24-8172-219a2d5168af,國內紅皮書不同,categoryRedlistTW,";資料缺乏（DD, Data Deficient）",422,https://taxatree.tbn.org.tw/taxa/4970b98e-e97e-4e24-8172-219a2d5168af
5aacdf9b-d5da-482b-bc30-9d91635d0322,infraspecies,4970b98e-e97e-4e24-8172-219a2d5168af,Plantae,Angelica morrisonicola morrisonicola,原生 Native,"","暫無危機（LC, Least Concern）","",4970b98e-e97e-4e24-8172-219a2d5168af,國內紅皮書不同,categoryRedlistTW,";資料缺乏（DD, Data Deficient）",264,https://taxatree.tbn.org.tw/taxa/5aacdf9b-d5da-482b-bc30-9d91635d0322
5b999d34-17cd-44dd-852b-2edbf4199690,infraspecies,4970b98e-e97e-4e24-8172-219a2d5168af,Plantae,Angelica morrisonicola nanhutashanensis,原生 Native,"","資料缺乏（DD, Data Deficient）","",4970b98e-e97e-4e24-8172-219a2d5168af,國內紅皮書不同,categoryRedlistTW,";資料缺乏（DD, Data Deficient）",21,https://taxatree.tbn.org.tw/taxa/5b999d34-17cd-44dd-852b-2edbf4199690
4b3eb608-5efc-4056-8449-8806e597760d,species,4dd3d9e9-478f-4e8e-b464-8fb44adca8c9,Plantae,Dendrobium xantholeucum,原生 Native,"","接近受脅（NT, Near Threatened）","",4b3eb608-5efc-4056-8449-8806e597760d,國內紅皮書不同,categoryRedlistTW,"接近受脅（NT, Near Threatened）;資料缺乏（DD, Data Deficient）",2,https://taxatree.tbn.org.tw/taxa/4b3eb608-5efc-4056-8449-8806e597760d
31dd5400-ad2c-47dd-a6c1-ed4a8482acfe,infraspecies,4b3eb608-5efc-4056-8449-8806e597760d,Plantae,Dendrobium xantholeucum tairukounia,原生 Native,"","資料缺乏（DD, Data Deficient）","",4b3eb608-5efc-4056-8449-8806e597760d,國內紅皮書不同,categoryRedlistTW,"接近受脅（NT, Near Threatened）;資料缺乏（DD, Data Deficient）",0,https://taxatree.tbn.org.tw/taxa/31dd5400-ad2c-47dd-a6c1-ed4a8482acfe
4ee34cf4-fb8c-46e0-87cf-deb86b87498d,species,bc5cb6b8-d2ab-4018-8d3d-ecf744a366e1,Plantae,Vaccinium wrightii,原生 Native,"","","",4ee34cf4-fb8c-46e0-87cf-deb86b87498d,國內紅皮書不同,categoryRedlistTW,";資料缺乏（DD, Data Deficient）",669,https://taxatree.tbn.org.tw/taxa/4ee34cf4-fb8c-46e0-87cf-deb86b87498d
7bb60bf7-76d3-40e8-9ef2-5d55c9bdf198,infraspecies,4ee34cf4-fb8c-46e0-87cf-deb86b87498d,Plantae,Vaccinium wrightii wrightii,原生 Native,"","暫無危機（LC, Least Concern）","",4ee34cf4-fb8c-46e0-87cf-deb86b87498d,國內紅皮書不同,categoryRedlistTW,";資料缺乏（DD, Data Deficient）",173,https://taxatree.tbn.org.tw/taxa/7bb60bf7-76d3-40e8-9ef2-5d55c9bdf198
12c68b77-e4a3-4678-a085-8c68fdd39e59,infraspecies,4ee34cf4-fb8c-46e0-87cf-deb86b87498d,Plantae,Vaccinium wrightii formosanum,原生 Native,"","資料缺乏（DD, Data Deficient）","",4ee34cf4-fb8c-46e0-87cf-deb86b87498d,國內紅皮書不同,categoryRedlistTW,";資料缺乏（DD, Data Deficient）",54,https://taxatree.tbn.org.tw/taxa/12c68b77-e4a3-4678-a085-8c68fdd39e59
52de4e15-0819-4346-bd73-505256a30d9e,species,e46aa298-33cf-4f0e-9b61-f2175dc6126a,Animalia,Pteropus dasymallus,原生 Native,珍貴稀有保育類野生動物,"極危（CR, Critically Endangered）","易危（VU, Vulnerable）",52de4e15-0819-4346-bd73-505256a30d9e,保育等級不同,protectedStatusTW,珍貴稀有保育類野生動物;瀕臨絕種保育類野生動物,1128,https://taxatree.tbn.org.tw/taxa/52de4e15-0819-4346-bd73-505256a30d9e
280e0314-7d54-41ab-8c19-027dee079334,infraspecies,52de4e15-0819-4346-bd73-505256a30d9e,Animalia,Pteropus dasymallus formosus,原生 Native,瀕臨絕種保育類野生動物,"極危（CR, Critically Endangered）","",52de4e15-0819-4346-bd73-505256a30d9e,保育等級不同,protectedStatusTW,珍貴稀有保育類野生動物;瀕臨絕種保育類野生動物,1096,https://taxatree.tbn.org.tw/taxa/280e0314-7d54-41ab-8c19-027dee079334
52de4e15-0819-4346-bd73-505256a30d9e,species,e46aa298-33cf-4f0e-9b61-f2175dc6126a,Animalia,Pteropus dasymallus,原生 Native,珍貴稀有保育類野生動物,"極危（CR, Critically Endangered）","易危（VU, Vulnerable）",52de4e15-0819-4346-bd73-505256a30d9e,IUCN紅皮書不同,categoryIUCN,"易危（VU, Vulnerable）;",1128,https://taxatree.tbn.org.tw/taxa/52de4e15-0819-4346-bd73-505256a30d9e
280e0314-7d54-41ab-8c19-027dee079334,infraspecies,52de4e15-0819-4346-bd73-505256a30d9e,Animalia,Pteropus dasymallus formosus,原生 Native,瀕臨絕種保育類野生動物,"極危（CR, Critically Endangered）","",52de4e15-0819-4346-bd73-505256a30d9e,IUCN紅皮書不同,categoryIUCN,"易危（VU, Vulnerable）;",1096,https://taxatree.tbn.org.tw/taxa/280e0314-7d54-41ab-8c19-027dee079334
569aac0e-23cd-4598-85ec-48c944fd3888,species,9fd0ff13-5281-4bda-ac03-42a09f093101,Plantae,Paris fargesii,原生 Native,"","","",569aac0e-23cd-4598-85ec-48c944fd3888,國內紅皮書不同,categoryRedlistTW,";資料缺乏（DD, Data Deficient）",181,https://taxatree.tbn.org.tw/taxa/569aac0e-23cd-4598-85ec-48c944fd3888
8bf86877-b614-4636-8f10-2da7c859e6d0,infraspecies,569aac0e-23cd-4598-85ec-48c944fd3888,Plantae,Paris fargesii brevipetalata,原生 Native,"","資料缺乏（DD, Data Deficient）","",569aac0e-23cd-4598-85ec-48c944fd3888,國內紅皮書不同,categoryRedlistTW,";資料缺乏（DD, Data Deficient）",10,https://taxatree.tbn.org.tw/taxa/8bf86877-b614-4636-8f10-2da7c859e6d0
5827d990-f75e-422c-b97d-0b9ff3fb1946,species,32a4c823-58c8-4116-88e8-184e2fa19356,Plantae,Gastrochilus matsudae,原生 Native,"","接近受脅（NT, Near Threatened）","",5827d990-f75e-422c-b97d-0b9ff3fb1946,國內紅皮書不同,categoryRedlistTW,"接近受脅（NT, Near Threatened）;",38,https://taxatree.tbn.org.tw/taxa/5827d990-f75e-422c-b97d-0b9ff3fb1946
f29931b5-6e89-4881-82f2-02a12b92a516,infraspecies,5827d990-f75e-422c-b97d-0b9ff3fb1946,Plantae,Gastrochilus matsudae matsudae,原生 Native,"","","",5827d990-f75e-422c-b97d-0b9ff3fb1946,國內紅皮書不同,categoryRedlistTW,"接近受脅（NT, Near Threatened）;",0,https://taxatree.tbn.org.tw/taxa/f29931b5-6e89-4881-82f2-02a12b92a516
585daeb3-dafb-4b3d-96c1-7b2bc7cecb3f,species,a9437a57-ee62-41ef-b289-eae793b55fce,Plantae,Epithema taiwanensis,原生 Native,"","","",585daeb3-dafb-4b3d-96c1-7b2bc7cecb3f,國內紅皮書不同,categoryRedlistTW,";瀕危（EN, Endangered）;易危（VU, Vulnerable）",57,https://taxatree.tbn.org.tw/taxa/585daeb3-dafb-4b3d-96c1-7b2bc7cecb3f
0690d892-7044-48fb-90ae-238b105282a5,infraspecies,585daeb3-dafb-4b3d-96c1-7b2bc7cecb3f,Plantae,Epithema taiwanensis taiwanensis,原生 Native,"","瀕危（EN, Endangered）","",585daeb3-dafb-4b3d-96c1-7b2bc7cecb3f,國內紅皮書不同,categoryRedlistTW,";瀕危（EN, Endangered）;易危（VU, Vulnerable）",8,https://taxatree.tbn.org.tw/taxa/0690d892-7044-48fb-90ae-238b105282a5
8d9442dd-575e-4b6c-ab28-79096076a913,infraspecies,585daeb3-dafb-4b3d-96c1-7b2bc7cecb3f,Plantae,Epithema taiwanensis fasciculata,原生 Native,"","易危（VU, Vulnerable）","",585daeb3-dafb-4b3d-96c1-7b2bc7cecb3f,國內紅皮書不同,categoryRedlistTW,";瀕危（EN, Endangered）;易危（VU, Vulnerable）",22,https://taxatree.tbn.org.tw/taxa/8d9442dd-575e-4b6c-ab28-79096076a913
593f7c14-4de1-4acb-a71a-0db2a1305e85,species,a5247a8b-3263-4519-afbe-2e894456a0a6,Plantae,Hemipilia takasagomontana,原生 Native,"","易危（VU, Vulnerable）","",593f7c14-4de1-4acb-a71a-0db2a1305e85,國內紅皮書不同,categoryRedlistTW,"易危（VU, Vulnerable）;接近受脅（NT, Near Threatened）;",63,https://taxatree.tbn.org.tw/taxa/593f7c14-4de1-4acb-a71a-0db2a1305e85
0b2b5bb2-30b3-45d3-a5d8-ba4cd142f52b,infraspecies,593f7c14-4de1-4acb-a71a-0db2a1305e85,Plantae,Hemipilia takasagomontana taitungensis,原生 Native,"","接近受脅（NT, Near Threatened）","",593f7c14-4de1-4acb-a71a-0db2a1305e85,國內紅皮書不同,categoryRedlistTW,"易危（VU, Vulnerable）;接近受脅（NT, Near Threatened）;",25,https://taxatree.tbn.org.tw/taxa/0b2b5bb2-30b3-45d3-a5d8-ba4cd142f52b
ada9443f-e339-4a1b-8f56-74da348cd55a,infraspecies,593f7c14-4de1-4acb-a71a-0db2a1305e85,Plantae,Hemipilia takasagomontana takasagomontana,原生 Native,"","","",593f7c14-4de1-4acb-a71a-0db2a1305e85,國內紅皮書不同,categoryRedlistTW,"易危（VU, Vulnerable）;接近受脅（NT, Near Threatened）;",0,https://taxatree.tbn.org.tw/taxa/ada9443f-e339-4a1b-8f56-74da348cd55a
5c452580-f566-4a8f-a107-f2466beb548f,species,deec3270-5d81-4dc6-a12d-8df8a8624ef3,Plantae,Schoenus nitens,原生 Native,"","","",5c452580-f566-4a8f-a107-f2466beb548f,國內紅皮書不同,categoryRedlistTW,";資料缺乏（DD, Data Deficient）",3,https://taxatree.tbn.org.tw/taxa/5c452580-f566-4a8f-a107-f2466beb548f
99aeb321-a902-4e40-ad51-9c1d4ac279a0,infraspecies,5c452580-f566-4a8f-a107-f2466beb548f,Plantae,Schoenus nitens nitens,原生 Native,"","資料缺乏（DD, Data Deficient）","",5c452580-f566-4a8f-a107-f2466beb548f,國內紅皮書不同,categoryRedlistTW,";資料缺乏（DD, Data Deficient）",2,https://taxatree.tbn.org.tw/taxa/99aeb321-a902-4e40-ad51-9c1d4ac279a0
5c519ab5-bca0-4e0d-8566-00d1b4cc6bfd,species,23a03a09-f42f-41ae-b450-6328c097b444,Plantae,Erythrodes triantherae,原生 Native,"","","",5c519ab5-bca0-4e0d-8566-00d1b4cc6bfd,國內紅皮書不同,categoryRedlistTW,";瀕危（EN, Endangered）;資料缺乏（DD, Data Deficient）",9,https://taxatree.tbn.org.tw/taxa/5c519ab5-bca0-4e0d-8566-00d1b4cc6bfd
80a745fe-e030-410e-87cd-3bc6a0943b62,infraspecies,5c519ab5-bca0-4e0d-8566-00d1b4cc6bfd,Plantae,Erythrodes triantherae triantherae,原生 Native,"","瀕危（EN, Endangered）","",5c519ab5-bca0-4e0d-8566-00d1b4cc6bfd,國內紅皮書不同,categoryRedlistTW,";瀕危（EN, Endangered）;資料缺乏（DD, Data Deficient）",1,https://taxatree.tbn.org.tw/taxa/80a745fe-e030-410e-87cd-3bc6a0943b62
6519190e-ca21-4fe6-beba-efcfe5f82587,infraspecies,5c519ab5-bca0-4e0d-8566-00d1b4cc6bfd,Plantae,Erythrodes triantherae ecalcarata,原生 Native,"","資料缺乏（DD, Data Deficient）","",5c519ab5-bca0-4e0d-8566-00d1b4cc6bfd,國內紅皮書不同,categoryRedlistTW,";瀕危（EN, Endangered）;資料缺乏（DD, Data Deficient）",0,https://taxatree.tbn.org.tw/taxa/6519190e-ca21-4fe6-beba-efcfe5f82587
5d0847b6-4791-4048-b264-c6a4fe9a8667,species,0cb0c287-a490-4551-a211-2fe986bcbb61,Animalia,Aporia gigantea,原生 Native,"","易危（VU, Vulnerable）","",5d0847b6-4791-4048-b264-c6a4fe9a8667,國內紅皮書不同,categoryRedlistTW,"易危（VU, Vulnerable）;",2,https://taxatree.tbn.org.tw/taxa/5d0847b6-4791-4048-b264-c6a4fe9a8667
1b97f4c9-1d7f-410e-acd5-1230cc66da6d,infraspecies,5d0847b6-4791-4048-b264-c6a4fe9a8667,Animalia,Aporia gigantea cheni,原生 Native,"","","",5d0847b6-4791-4048-b264-c6a4fe9a8667,國內紅皮書不同,categoryRedlistTW,"易危（VU, Vulnerable）;",2,https://taxatree.tbn.org.tw/taxa/1b97f4c9-1d7f-410e-acd5-1230cc66da6d
5fbd49e5-2c03-4ce2-b752-3d4b70baf355,species,4dd3d9e9-478f-4e8e-b464-8fb44adca8c9,Plantae,Dendrobium nobile,原生 Native,"","","",5fbd49e5-2c03-4ce2-b752-3d4b70baf355,國內紅皮書不同,categoryRedlistTW,";資料缺乏（DD, Data Deficient）",4,https://taxatree.tbn.org.tw/taxa/5fbd49e5-2c03-4ce2-b752-3d4b70baf355
1078e5cb-848a-43c8-9a48-ce8e88f83be0,infraspecies,5fbd49e5-2c03-4ce2-b752-3d4b70baf355,Plantae,Dendrobium nobile formosanum,原生 Native,"","資料缺乏（DD, Data Deficient）","",5fbd49e5-2c03-4ce2-b752-3d4b70baf355,國內紅皮書不同,categoryRedlistTW,";資料缺乏（DD, Data Deficient）",2,https://taxatree.tbn.org.tw/taxa/1078e5cb-848a-43c8-9a48-ce8e88f83be0
61092b1b-00da-4fb1-8d46-2b4a2beb4fc0,species,50f193de-1b2f-4759-942e-20dcbf7621bd,Plantae,Cymbidium formosanum,原生 Native,"","","",61092b1b-00da-4fb1-8d46-2b4a2beb4fc0,國內紅皮書不同,categoryRedlistTW,";接近受脅（NT, Near Threatened）",68,https://taxatree.tbn.org.tw/taxa/61092b1b-00da-4fb1-8d46-2b4a2beb4fc0
4a745b30-3d55-4fd2-8cd9-9b976a621e8a,infraspecies,61092b1b-00da-4fb1-8d46-2b4a2beb4fc0,Plantae,Cymbidium formosanum formosanum,原生 Native,"","接近受脅（NT, Near Threatened）","",61092b1b-00da-4fb1-8d46-2b4a2beb4fc0,國內紅皮書不同,categoryRedlistTW,";接近受脅（NT, Near Threatened）",9,https://taxatree.tbn.org.tw/taxa/4a745b30-3d55-4fd2-8cd9-9b976a621e8a
d2a4bb6c-0d16-473a-a717-67a24c99dbba,infraspecies,61092b1b-00da-4fb1-8d46-2b4a2beb4fc0,Plantae,Cymbidium formosanum gracillimum,原生 Native,"","暫無危機（LC, Least Concern）","",61092b1b-00da-4fb1-8d46-2b4a2beb4fc0,國內紅皮書不同,categoryRedlistTW,";接近受脅（NT, Near Threatened）",27,https://taxatree.tbn.org.tw/taxa/d2a4bb6c-0d16-473a-a717-67a24c99dbba
621a364b-51fe-4dbe-b3e7-b4aaade95651,species,9fd0ff13-5281-4bda-ac03-42a09f093101,Plantae,Paris polyphylla,原生 Native,"","","",621a364b-51fe-4dbe-b3e7-b4aaade95651,國內紅皮書不同,categoryRedlistTW,";資料缺乏（DD, Data Deficient）",2133,https://taxatree.tbn.org.tw/taxa/621a364b-51fe-4dbe-b3e7-b4aaade95651
db3c614a-7bc5-46be-b882-63cbfd70af03,infraspecies,621a364b-51fe-4dbe-b3e7-b4aaade95651,Plantae,Paris polyphylla polyphylla,原生 Native,"","暫無危機（LC, Least Concern）","",621a364b-51fe-4dbe-b3e7-b4aaade95651,國內紅皮書不同,categoryRedlistTW,";資料缺乏（DD, Data Deficient）",161,https://taxatree.tbn.org.tw/taxa/db3c614a-7bc5-46be-b882-63cbfd70af03
e08052fb-9987-4514-b44e-da12d4f3980c,infraspecies,621a364b-51fe-4dbe-b3e7-b4aaade95651,Plantae,Paris polyphylla stenophylla,原生 Native,"","暫無危機（LC, Least Concern）","",621a364b-51fe-4dbe-b3e7-b4aaade95651,國內紅皮書不同,categoryRedlistTW,";資料缺乏（DD, Data Deficient）",439,https://taxatree.tbn.org.tw/taxa/e08052fb-9987-4514-b44e-da12d4f3980c
56ec7ab1-5346-4e5a-a9b5-a9557dcdf1ca,infraspecies,621a364b-51fe-4dbe-b3e7-b4aaade95651,Plantae,Paris polyphylla taitungensis,原生 Native,"","資料缺乏（DD, Data Deficient）","",621a364b-51fe-4dbe-b3e7-b4aaade95651,國內紅皮書不同,categoryRedlistTW,";資料缺乏（DD, Data Deficient）",14,https://taxatree.tbn.org.tw/taxa/56ec7ab1-5346-4e5a-a9b5-a9557dcdf1ca
62c20065-6f2c-4e16-b850-07c5f1957020,species,1f481b39-c6ae-4324-a022-df066b1b24dd,Plantae,Artemisia somae,原生 Native,"","","",62c20065-6f2c-4e16-b850-07c5f1957020,國內紅皮書不同,categoryRedlistTW,";接近受脅（NT, Near Threatened）",119,https://taxatree.tbn.org.tw/taxa/62c20065-6f2c-4e16-b850-07c5f1957020
f12423cc-8807-4dea-bada-46ca86780ebd,infraspecies,62c20065-6f2c-4e16-b850-07c5f1957020,Plantae,Artemisia somae somae,原生 Native,"","暫無危機（LC, Least Concern）","",62c20065-6f2c-4e16-b850-07c5f1957020,國內紅皮書不同,categoryRedlistTW,";接近受脅（NT, Near Threatened）",4,https://taxatree.tbn.org.tw/taxa/f12423cc-8807-4dea-bada-46ca86780ebd
6d84a39b-144e-4d19-9767-43e2e937fe60,infraspecies,62c20065-6f2c-4e16-b850-07c5f1957020,Plantae,Artemisia somae batakensis,原生 Native,"","接近受脅（NT, Near Threatened）","",62c20065-6f2c-4e16-b850-07c5f1957020,國內紅皮書不同,categoryRedlistTW,";接近受脅（NT, Near Threatened）",43,https://taxatree.tbn.org.tw/taxa/6d84a39b-144e-4d19-9767-43e2e937fe60
63f92ad5-10f1-41d9-b199-37bcdaf6b915,species,ce13ee34-98ff-492a-b080-1e7d4a82857a,Plantae,Carex mitrata,原生 Native,"","","",63f92ad5-10f1-41d9-b199-37bcdaf6b915,國內紅皮書不同,categoryRedlistTW,";資料缺乏（DD, Data Deficient）",12,https://taxatree.tbn.org.tw/taxa/63f92ad5-10f1-41d9-b199-37bcdaf6b915
74629838-deec-4237-bea7-6ffe30f80bb9,infraspecies,63f92ad5-10f1-41d9-b199-37bcdaf6b915,Plantae,Carex mitrata aristata,原生 Native,"","資料缺乏（DD, Data Deficient）","",63f92ad5-10f1-41d9-b199-37bcdaf6b915,國內紅皮書不同,categoryRedlistTW,";資料缺乏（DD, Data Deficient）",10,https://taxatree.tbn.org.tw/taxa/74629838-deec-4237-bea7-6ffe30f80bb9
65830d85-7716-4261-aa12-fd8fc34ef67c,species,fb78f89c-f201-45d9-8140-5151e9cd0b57,Plantae,Conandron ramondioides,原生 Native,"","接近受脅（NT, Near Threatened）","",65830d85-7716-4261-aa12-fd8fc34ef67c,國內紅皮書不同,categoryRedlistTW,"接近受脅（NT, Near Threatened）;",251,https://taxatree.tbn.org.tw/taxa/65830d85-7716-4261-aa12-fd8fc34ef67c
7b592e39-18a3-43dc-9865-f851d6dcfc74,infraspecies,65830d85-7716-4261-aa12-fd8fc34ef67c,Plantae,Conandron ramondioides taiwanensis,原生 Native,"","","",65830d85-7716-4261-aa12-fd8fc34ef67c,國內紅皮書不同,categoryRedlistTW,"接近受脅（NT, Near Threatened）;",1,https://taxatree.tbn.org.tw/taxa/7b592e39-18a3-43dc-9865-f851d6dcfc74
6c773830-dc4d-4e75-b10d-0dda339249e2,species,8b3e89f0-39cd-4a7c-bf46-8f175e533fc5,Plantae,Cephalantheropsis obcordata,原生 Native,"","","",6c773830-dc4d-4e75-b10d-0dda339249e2,國內紅皮書不同,categoryRedlistTW,";接近受脅（NT, Near Threatened）",556,https://taxatree.tbn.org.tw/taxa/6c773830-dc4d-4e75-b10d-0dda339249e2
edfaae65-cff3-44c8-8633-53888ea22ba2,infraspecies,6c773830-dc4d-4e75-b10d-0dda339249e2,Plantae,Cephalantheropsis obcordata obcordata,原生 Native,"","接近受脅（NT, Near Threatened）","",6c773830-dc4d-4e75-b10d-0dda339249e2,國內紅皮書不同,categoryRedlistTW,";接近受脅（NT, Near Threatened）",516,https://taxatree.tbn.org.tw/taxa/edfaae65-cff3-44c8-8633-53888ea22ba2
343441cf-6fe4-4a48-a263-b45a36d11ef9,infraspecies,6c773830-dc4d-4e75-b10d-0dda339249e2,Plantae,Cephalantheropsis obcordata alboflavescens,原生 Native,"","接近受脅（NT, Near Threatened）","",6c773830-dc4d-4e75-b10d-0dda339249e2,國內紅皮書不同,categoryRedlistTW,";接近受脅（NT, Near Threatened）",1,https://taxatree.tbn.org.tw/taxa/343441cf-6fe4-4a48-a263-b45a36d11ef9
6d965d5a-9269-4121-9c91-d61a0dda1822,species,83229699-ecbf-440a-a0cb-870befe68abc,Plantae,Clematis henryi,原生 Native,"","","",6d965d5a-9269-4121-9c91-d61a0dda1822,國內紅皮書不同,categoryRedlistTW,";接近受脅（NT, Near Threatened）",983,https://taxatree.tbn.org.tw/taxa/6d965d5a-9269-4121-9c91-d61a0dda1822
a12f6b9a-7bed-4ace-977f-49b546c5b5df,infraspecies,6d965d5a-9269-4121-9c91-d61a0dda1822,Plantae,Clematis henryi henryi,原生 Native,"","暫無危機（LC, Least Concern）","",6d965d5a-9269-4121-9c91-d61a0dda1822,國內紅皮書不同,categoryRedlistTW,";接近受脅（NT, Near Threatened）",276,https://taxatree.tbn.org.tw/taxa/a12f6b9a-7bed-4ace-977f-49b546c5b5df
2f4d4a4a-a1b9-4d13-8db3-a3952a2d4364,infraspecies,6d965d5a-9269-4121-9c91-d61a0dda1822,Plantae,Clematis henryi morii,原生 Native,"","接近受脅（NT, Near Threatened）","",6d965d5a-9269-4121-9c91-d61a0dda1822,國內紅皮書不同,categoryRedlistTW,";接近受脅（NT, Near Threatened）",192,https://taxatree.tbn.org.tw/taxa/2f4d4a4a-a1b9-4d13-8db3-a3952a2d4364
6e46edbd-1807-4c5b-995a-fe54da77a4b7,species,843e1d1e-8131-48fa-b70c-25c9491914bb,Plantae,Millettia pulchra,原生 Native,"","","",6e46edbd-1807-4c5b-995a-fe54da77a4b7,國內紅皮書不同,categoryRedlistTW,";極危（CR, Critically Endangered）",114,https://taxatree.tbn.org.tw/taxa/6e46edbd-1807-4c5b-995a-fe54da77a4b7
08dc9dfb-0236-4e90-a8bb-073143d99be8,infraspecies,6e46edbd-1807-4c5b-995a-fe54da77a4b7,Plantae,Millettia pulchra microphylla,原生 Native,"","極危（CR, Critically Endangered）","",6e46edbd-1807-4c5b-995a-fe54da77a4b7,國內紅皮書不同,categoryRedlistTW,";極危（CR, Critically Endangered）",96,https://taxatree.tbn.org.tw/taxa/08dc9dfb-0236-4e90-a8bb-073143d99be8
cdc13619-b59c-4d00-962a-6eced3fdf6db,infraspecies,6eba6578-f4b2-443c-8550-97b87fa66c16,Plantae,Spiranthes nivea papillata,原生 Native,"","","",6eba6578-f4b2-443c-8550-97b87fa66c16,國內紅皮書不同,categoryRedlistTW,";接近受脅（NT, Near Threatened）",6,https://taxatree.tbn.org.tw/taxa/cdc13619-b59c-4d00-962a-6eced3fdf6db
6eba6578-f4b2-443c-8550-97b87fa66c16,species,bf920526-2976-4b7a-acf1-ab153730bd4a,Plantae,Spiranthes nivea,原生 Native,"","接近受脅（NT, Near Threatened）","",6eba6578-f4b2-443c-8550-97b87fa66c16,國內紅皮書不同,categoryRedlistTW,";接近受脅（NT, Near Threatened）",11,https://taxatree.tbn.org.tw/taxa/6eba6578-f4b2-443c-8550-97b87fa66c16
40e2cf45-c788-41d4-a0b8-25ffd1e1d1e7,infraspecies,6eba6578-f4b2-443c-8550-97b87fa66c16,Plantae,Spiranthes nivea nivea,原生 Native,"",不適用,"",6eba6578-f4b2-443c-8550-97b87fa66c16,國內紅皮書不同,categoryRedlistTW,";接近受脅（NT, Near Threatened）",2,https://taxatree.tbn.org.tw/taxa/40e2cf45-c788-41d4-a0b8-25ffd1e1d1e7
722e4d08-6602-42ec-a87f-138101c90ef1,species,ea264a11-1328-43fe-9993-d29113628b54,Plantae,Juniperus chinensis,原生 Native,"","","",722e4d08-6602-42ec-a87f-138101c90ef1,保育等級不同,protectedStatusTW,;文化資產保存法：珍貴稀有植物,382,https://taxatree.tbn.org.tw/taxa/722e4d08-6602-42ec-a87f-138101c90ef1
70adf9f8-2f17-43ee-bc04-7ca2143e88a7,infraspecies,722e4d08-6602-42ec-a87f-138101c90ef1,Plantae,Juniperus chinensis chinensis,外來栽培 Cultivated (non-native),"","","",722e4d08-6602-42ec-a87f-138101c90ef1,保育等級不同,protectedStatusTW,;文化資產保存法：珍貴稀有植物,0,https://taxatree.tbn.org.tw/taxa/70adf9f8-2f17-43ee-bc04-7ca2143e88a7
a80e5528-9554-4e6d-95e5-0d628fbde960,infraspecies,722e4d08-6602-42ec-a87f-138101c90ef1,Plantae,Juniperus chinensis taiwanensis,原生 Native,文化資產保存法：珍貴稀有植物,"易危（VU, Vulnerable）","",722e4d08-6602-42ec-a87f-138101c90ef1,保育等級不同,protectedStatusTW,;文化資產保存法：珍貴稀有植物,20,https://taxatree.tbn.org.tw/taxa/a80e5528-9554-4e6d-95e5-0d628fbde960
722e4d08-6602-42ec-a87f-138101c90ef1,species,ea264a11-1328-43fe-9993-d29113628b54,Plantae,Juniperus chinensis,原生 Native,"","","",722e4d08-6602-42ec-a87f-138101c90ef1,國內紅皮書不同,categoryRedlistTW,";易危（VU, Vulnerable）",382,https://taxatree.tbn.org.tw/taxa/722e4d08-6602-42ec-a87f-138101c90ef1
70adf9f8-2f17-43ee-bc04-7ca2143e88a7,infraspecies,722e4d08-6602-42ec-a87f-138101c90ef1,Plantae,Juniperus chinensis chinensis,外來栽培 Cultivated (non-native),"","","",722e4d08-6602-42ec-a87f-138101c90ef1,國內紅皮書不同,categoryRedlistTW,";易危（VU, Vulnerable）",0,https://taxatree.tbn.org.tw/taxa/70adf9f8-2f17-43ee-bc04-7ca2143e88a7
a80e5528-9554-4e6d-95e5-0d628fbde960,infraspecies,722e4d08-6602-42ec-a87f-138101c90ef1,Plantae,Juniperus chinensis taiwanensis,原生 Native,文化資產保存法：珍貴稀有植物,"易危（VU, Vulnerable）","",722e4d08-6602-42ec-a87f-138101c90ef1,國內紅皮書不同,categoryRedlistTW,";易危（VU, Vulnerable）",20,https://taxatree.tbn.org.tw/taxa/a80e5528-9554-4e6d-95e5-0d628fbde960
7908c242-1aa0-4da5-b07e-169fbccdaa9e,species,2ebd5852-d5c3-400c-9406-2054e966759b,Plantae,Panicum curviflorum,原生 Native,"","","",7908c242-1aa0-4da5-b07e-169fbccdaa9e,國內紅皮書不同,categoryRedlistTW,";極危（CR, Critically Endangered）",73,https://taxatree.tbn.org.tw/taxa/7908c242-1aa0-4da5-b07e-169fbccdaa9e
20a42130-5aaa-4c71-8642-b27dccd147d8,infraspecies,7908c242-1aa0-4da5-b07e-169fbccdaa9e,Plantae,Panicum curviflorum suishaense,原生 Native,"","極危（CR, Critically Endangered）","",7908c242-1aa0-4da5-b07e-169fbccdaa9e,國內紅皮書不同,categoryRedlistTW,";極危（CR, Critically Endangered）",62,https://taxatree.tbn.org.tw/taxa/20a42130-5aaa-4c71-8642-b27dccd147d8
79587a26-8be2-42d5-8c4d-17cd4fd3692d,species,c887e0f8-0a75-4844-8bd2-2d27c993ce28,Plantae,Themeda caudata,原生 Native,"","極危（CR, Critically Endangered）","",79587a26-8be2-42d5-8c4d-17cd4fd3692d,國內紅皮書不同,categoryRedlistTW,"極危（CR, Critically Endangered）;",43,https://taxatree.tbn.org.tw/taxa/79587a26-8be2-42d5-8c4d-17cd4fd3692d
cccd1bcf-6b4c-42de-aab5-367ee64b960a,infraspecies,79587a26-8be2-42d5-8c4d-17cd4fd3692d,Plantae,Themeda caudata matsudae,外來歸化 Naturalized (non-native),"","","",79587a26-8be2-42d5-8c4d-17cd4fd3692d,國內紅皮書不同,categoryRedlistTW,"極危（CR, Critically Endangered）;",0,https://taxatree.tbn.org.tw/taxa/cccd1bcf-6b4c-42de-aab5-367ee64b960a
7a1b9884-cc41-49cf-8a52-053e0ea8ee32,species,cb353326-3844-41f0-a0d3-19d5364ada6b,Plantae,Epipactis helleborine,原生 Native,"","","",7a1b9884-cc41-49cf-8a52-053e0ea8ee32,國內紅皮書不同,categoryRedlistTW,";接近受脅（NT, Near Threatened）",19,https://taxatree.tbn.org.tw/taxa/7a1b9884-cc41-49cf-8a52-053e0ea8ee32
292ba8bc-2c9e-4df0-b727-a5024b4ee0e9,infraspecies,7a1b9884-cc41-49cf-8a52-053e0ea8ee32,Plantae,Epipactis helleborine helleborine,原生 Native,"","接近受脅（NT, Near Threatened）","",7a1b9884-cc41-49cf-8a52-053e0ea8ee32,國內紅皮書不同,categoryRedlistTW,";接近受脅（NT, Near Threatened）",3,https://taxatree.tbn.org.tw/taxa/292ba8bc-2c9e-4df0-b727-a5024b4ee0e9
7a9a68da-4868-4f37-a25f-35258ceaf2e4,species,2ccf60af-2743-4a1c-bfab-11a036660997,Plantae,Zeuxine strateumatica,原生 Native,"","","",7a9a68da-4868-4f37-a25f-35258ceaf2e4,國內紅皮書不同,categoryRedlistTW,";資料缺乏（DD, Data Deficient）",421,https://taxatree.tbn.org.tw/taxa/7a9a68da-4868-4f37-a25f-35258ceaf2e4
a0fbb5ce-a883-4f22-adcc-7802fad0ae4b,infraspecies,7a9a68da-4868-4f37-a25f-35258ceaf2e4,Plantae,Zeuxine strateumatica strateumatica,原生 Native,"","暫無危機（LC, Least Concern）","",7a9a68da-4868-4f37-a25f-35258ceaf2e4,國內紅皮書不同,categoryRedlistTW,";資料缺乏（DD, Data Deficient）",28,https://taxatree.tbn.org.tw/taxa/a0fbb5ce-a883-4f22-adcc-7802fad0ae4b
5623551a-59fa-4b45-a01e-fa53657b7716,infraspecies,7a9a68da-4868-4f37-a25f-35258ceaf2e4,Plantae,Zeuxine strateumatica rupicola,原生 Native,"","資料缺乏（DD, Data Deficient）","",7a9a68da-4868-4f37-a25f-35258ceaf2e4,國內紅皮書不同,categoryRedlistTW,";資料缺乏（DD, Data Deficient）",0,https://taxatree.tbn.org.tw/taxa/5623551a-59fa-4b45-a01e-fa53657b7716
9711a88c-f488-4997-9572-cc49e81de6e6,infraspecies,7a9a68da-4868-4f37-a25f-35258ceaf2e4,Plantae,Zeuxine strateumatica rupicola,原生 Native,"","","",7a9a68da-4868-4f37-a25f-35258ceaf2e4,國內紅皮書不同,categoryRedlistTW,";資料缺乏（DD, Data Deficient）",0,https://taxatree.tbn.org.tw/taxa/9711a88c-f488-4997-9572-cc49e81de6e6
7ac73d11-a80e-42a5-92fb-b5523c60348b,species,94fe8244-620e-4a8b-a7d4-01328eaf5e2b,Plantae,Adinandra formosana,原生 Native,"","","",7ac73d11-a80e-42a5-92fb-b5523c60348b,國內紅皮書不同,categoryRedlistTW,";資料缺乏（DD, Data Deficient）",1812,https://taxatree.tbn.org.tw/taxa/7ac73d11-a80e-42a5-92fb-b5523c60348b
ef4eaba8-dd99-43d9-bc24-cb9a675235da,infraspecies,7ac73d11-a80e-42a5-92fb-b5523c60348b,Plantae,Adinandra formosana fomosana,原生 Native,"","暫無危機（LC, Least Concern）","",7ac73d11-a80e-42a5-92fb-b5523c60348b,國內紅皮書不同,categoryRedlistTW,";資料缺乏（DD, Data Deficient）",44,https://taxatree.tbn.org.tw/taxa/ef4eaba8-dd99-43d9-bc24-cb9a675235da
b4180c41-3f85-42f6-9c96-bbc8df6e2e8b,infraspecies,7ac73d11-a80e-42a5-92fb-b5523c60348b,Plantae,Adinandra formosana obtusissima,原生 Native,"","資料缺乏（DD, Data Deficient）","",7ac73d11-a80e-42a5-92fb-b5523c60348b,國內紅皮書不同,categoryRedlistTW,";資料缺乏（DD, Data Deficient）",4,https://taxatree.tbn.org.tw/taxa/b4180c41-3f85-42f6-9c96-bbc8df6e2e8b
7b63a466-9d35-47cd-8c33-fdaf0be5a988,species,7c73cdf9-f4aa-462a-9c12-00e10328195c,Plantae,Alysicarpus vaginalis,原生 Native,"","","",7b63a466-9d35-47cd-8c33-fdaf0be5a988,國內紅皮書不同,categoryRedlistTW,";資料缺乏（DD, Data Deficient）",3421,https://taxatree.tbn.org.tw/taxa/7b63a466-9d35-47cd-8c33-fdaf0be5a988
bb993813-7755-4518-a800-e3a68327cd29,infraspecies,7b63a466-9d35-47cd-8c33-fdaf0be5a988,Plantae,Alysicarpus vaginalis vaginalis,原生 Native,"","暫無危機（LC, Least Concern）","",7b63a466-9d35-47cd-8c33-fdaf0be5a988,國內紅皮書不同,categoryRedlistTW,";資料缺乏（DD, Data Deficient）",264,https://taxatree.tbn.org.tw/taxa/bb993813-7755-4518-a800-e3a68327cd29
daeab5ca-731d-4d4e-bd14-e68a7d5cf71d,infraspecies,7b63a466-9d35-47cd-8c33-fdaf0be5a988,Plantae,Alysicarpus vaginalis taiwanensis,原生 Native,"","資料缺乏（DD, Data Deficient）","",7b63a466-9d35-47cd-8c33-fdaf0be5a988,國內紅皮書不同,categoryRedlistTW,";資料缺乏（DD, Data Deficient）",2,https://taxatree.tbn.org.tw/taxa/daeab5ca-731d-4d4e-bd14-e68a7d5cf71d
7c46a498-52e5-42f0-aff2-2998a5234bfb,species,0a5cf025-02ae-41ee-9a6b-acaddec8e77d,Plantae,Sagittaria guayanensis,外來栽培 Cultivated (non-native),"","","",7c46a498-52e5-42f0-aff2-2998a5234bfb,國內紅皮書不同,categoryRedlistTW,";瀕危（EN, Endangered）",23,https://taxatree.tbn.org.tw/taxa/7c46a498-52e5-42f0-aff2-2998a5234bfb
3302d1b1-e28b-4ccb-a9fb-b963e77ae5ce,infraspecies,7c46a498-52e5-42f0-aff2-2998a5234bfb,Plantae,Sagittaria guayanensis lappula,原生 Native,"","瀕危（EN, Endangered）","",7c46a498-52e5-42f0-aff2-2998a5234bfb,國內紅皮書不同,categoryRedlistTW,";瀕危（EN, Endangered）",19,https://taxatree.tbn.org.tw/taxa/3302d1b1-e28b-4ccb-a9fb-b963e77ae5ce
7fb7b8cf-58a5-4cfb-b9b1-d8e334b3749b,species,bb3800a2-cd17-41af-92b7-d667bb6dde03,Plantae,Oxalis acetocella,原生 Native,"","","",7fb7b8cf-58a5-4cfb-b9b1-d8e334b3749b,國內紅皮書不同,categoryRedlistTW,";易危（VU, Vulnerable）",199,https://taxatree.tbn.org.tw/taxa/7fb7b8cf-58a5-4cfb-b9b1-d8e334b3749b
4e723e33-1078-49d1-85cf-cd7e934e68e6,infraspecies,7fb7b8cf-58a5-4cfb-b9b1-d8e334b3749b,Plantae,Oxalis acetocella griffithii,原生 Native,"","","",7fb7b8cf-58a5-4cfb-b9b1-d8e334b3749b,國內紅皮書不同,categoryRedlistTW,";易危（VU, Vulnerable）",10,https://taxatree.tbn.org.tw/taxa/4e723e33-1078-49d1-85cf-cd7e934e68e6
09d4afee-4f53-4fae-8b8f-80f226909d4c,infraspecies,7fb7b8cf-58a5-4cfb-b9b1-d8e334b3749b,Plantae,Oxalis acetocella griffithii formosana,原生 Native,"","暫無危機（LC, Least Concern）","",7fb7b8cf-58a5-4cfb-b9b1-d8e334b3749b,國內紅皮書不同,categoryRedlistTW,";易危（VU, Vulnerable）",110,https://taxatree.tbn.org.tw/taxa/09d4afee-4f53-4fae-8b8f-80f226909d4c
bed00aeb-6c18-42f8-8a67-439160e6dc25,infraspecies,7fb7b8cf-58a5-4cfb-b9b1-d8e334b3749b,Plantae,Oxalis acetocella taemoni,原生 Native,"","易危（VU, Vulnerable）","",7fb7b8cf-58a5-4cfb-b9b1-d8e334b3749b,國內紅皮書不同,categoryRedlistTW,";易危（VU, Vulnerable）",42,https://taxatree.tbn.org.tw/taxa/bed00aeb-6c18-42f8-8a67-439160e6dc25
87d49346-7297-4c0d-a92e-19179e68e9d8,species,1958eacd-9f3e-4835-9024-60e1ef76874a,Animalia,Ursus thibetanus,原生 Native,瀕臨絕種保育類野生動物,"瀕危（EN, Endangered）","易危（VU, Vulnerable）",87d49346-7297-4c0d-a92e-19179e68e9d8,IUCN紅皮書不同,categoryIUCN,"易危（VU, Vulnerable）;",11342,https://taxatree.tbn.org.tw/taxa/87d49346-7297-4c0d-a92e-19179e68e9d8
861b3e71-0272-4a96-b81f-fa7b8588ac3a,infraspecies,87d49346-7297-4c0d-a92e-19179e68e9d8,Animalia,Ursus thibetanus formosanus,原生 Native,瀕臨絕種保育類野生動物,"瀕危（EN, Endangered）","",87d49346-7297-4c0d-a92e-19179e68e9d8,IUCN紅皮書不同,categoryIUCN,"易危（VU, Vulnerable）;",11340,https://taxatree.tbn.org.tw/taxa/861b3e71-0272-4a96-b81f-fa7b8588ac3a
8efa36fc-6284-4d84-9d60-40443546892d,species,50f193de-1b2f-4759-942e-20dcbf7621bd,Plantae,Cymbidium lancifolium,原生 Native,"","接近受脅（NT, Near Threatened）","",8efa36fc-6284-4d84-9d60-40443546892d,國內紅皮書不同,categoryRedlistTW,"接近受脅（NT, Near Threatened）;",205,https://taxatree.tbn.org.tw/taxa/8efa36fc-6284-4d84-9d60-40443546892d
3c7047ae-1015-4a19-ad28-f2b065bab266,infraspecies,8efa36fc-6284-4d84-9d60-40443546892d,Plantae,Cymbidium lancifolium lancifolium,原生 Native,"","暫無危機（LC, Least Concern）","",8efa36fc-6284-4d84-9d60-40443546892d,國內紅皮書不同,categoryRedlistTW,"接近受脅（NT, Near Threatened）;",2,https://taxatree.tbn.org.tw/taxa/3c7047ae-1015-4a19-ad28-f2b065bab266
051f81c9-21e8-4336-841f-dea98a5c6b32,infraspecies,8efa36fc-6284-4d84-9d60-40443546892d,Plantae,Cymbidium lancifolium aspidistrifolium,原生 Native,"","暫無危機（LC, Least Concern）","",8efa36fc-6284-4d84-9d60-40443546892d,國內紅皮書不同,categoryRedlistTW,"接近受脅（NT, Near Threatened）;",26,https://taxatree.tbn.org.tw/taxa/051f81c9-21e8-4336-841f-dea98a5c6b32
dae21eb2-58c2-48ee-bbe3-7a0da8512e7f,infraspecies,8efa36fc-6284-4d84-9d60-40443546892d,Plantae,Cymbidium lancifolium papuanum,原生 Native,"","","",8efa36fc-6284-4d84-9d60-40443546892d,國內紅皮書不同,categoryRedlistTW,"接近受脅（NT, Near Threatened）;",0,https://taxatree.tbn.org.tw/taxa/dae21eb2-58c2-48ee-bbe3-7a0da8512e7f
6d4bad02-33d1-4bf9-971e-8b5e0ad77053,infraspecies,8efa36fc-6284-4d84-9d60-40443546892d,Plantae,Cymbidium lancifolium syunitianum,原生 Native,"","接近受脅（NT, Near Threatened）","",8efa36fc-6284-4d84-9d60-40443546892d,國內紅皮書不同,categoryRedlistTW,"接近受脅（NT, Near Threatened）;",7,https://taxatree.tbn.org.tw/taxa/6d4bad02-33d1-4bf9-971e-8b5e0ad77053
9009b30d-3fd2-4899-aae8-b464da8b088c,species,2b017dcd-af38-491e-b81b-f86e2d14887b,Plantae,Chamaecyparis obtusa,原生 Native,"","","",9009b30d-3fd2-4899-aae8-b464da8b088c,國內紅皮書不同,categoryRedlistTW,";接近受脅（NT, Near Threatened）",1178,https://taxatree.tbn.org.tw/taxa/9009b30d-3fd2-4899-aae8-b464da8b088c
275c3a82-7d16-4e29-97f1-9fd1e630793f,infraspecies,9009b30d-3fd2-4899-aae8-b464da8b088c,Plantae,Chamaecyparis obtusa obtusa,境外 Overseas,"","","",9009b30d-3fd2-4899-aae8-b464da8b088c,國內紅皮書不同,categoryRedlistTW,";接近受脅（NT, Near Threatened）",2,https://taxatree.tbn.org.tw/taxa/275c3a82-7d16-4e29-97f1-9fd1e630793f
11118108-8b1f-4aa9-bd4d-6063ce37da7b,infraspecies,9009b30d-3fd2-4899-aae8-b464da8b088c,Plantae,Chamaecyparis obtusa formosana,原生 Native,"","接近受脅（NT, Near Threatened）","",9009b30d-3fd2-4899-aae8-b464da8b088c,國內紅皮書不同,categoryRedlistTW,";接近受脅（NT, Near Threatened）",1139,https://taxatree.tbn.org.tw/taxa/11118108-8b1f-4aa9-bd4d-6063ce37da7b
90398acc-2602-48c9-b09b-e3443260234c,species,24597be4-91d3-45a2-8682-c3d666c7c049,Plantae,Prunella vulgaris,原生 Native,"","暫無危機（LC, Least Concern）","",90398acc-2602-48c9-b09b-e3443260234c,國內紅皮書不同,categoryRedlistTW,";易危（VU, Vulnerable）",1090,https://taxatree.tbn.org.tw/taxa/90398acc-2602-48c9-b09b-e3443260234c
7489b502-b98e-490e-9ca8-7000e346e05a,infraspecies,90398acc-2602-48c9-b09b-e3443260234c,Plantae,Prunella vulgaris vulgaris,境外 Overseas,"","","",90398acc-2602-48c9-b09b-e3443260234c,國內紅皮書不同,categoryRedlistTW,";易危（VU, Vulnerable）",5,https://taxatree.tbn.org.tw/taxa/7489b502-b98e-490e-9ca8-7000e346e05a
5d70d366-e75b-43d6-8bdd-7f9d9fd603b2,infraspecies,90398acc-2602-48c9-b09b-e3443260234c,Plantae,Prunella vulgaris asiatica,原生 Native,"","暫無危機（LC, Least Concern）","",90398acc-2602-48c9-b09b-e3443260234c,國內紅皮書不同,categoryRedlistTW,";易危（VU, Vulnerable）",192,https://taxatree.tbn.org.tw/taxa/5d70d366-e75b-43d6-8bdd-7f9d9fd603b2
e39c321c-0433-4f7e-9357-e544e1eed161,infraspecies,90398acc-2602-48c9-b09b-e3443260234c,Plantae,Prunella vulgaris asiatica nanhutashanensis,原生 Native,"","易危（VU, Vulnerable）","",90398acc-2602-48c9-b09b-e3443260234c,國內紅皮書不同,categoryRedlistTW,";易危（VU, Vulnerable）",35,https://taxatree.tbn.org.tw/taxa/e39c321c-0433-4f7e-9357-e544e1eed161
95f81fcb-d85e-433a-bf8b-8ed430c76bb1,species,9ba6cb95-dcdc-46b7-b29e-361c851f1386,Plantae,Rubus parvifolius,原生 Native,"","","",95f81fcb-d85e-433a-bf8b-8ed430c76bb1,國內紅皮書不同,categoryRedlistTW,";資料缺乏（DD, Data Deficient）",765,https://taxatree.tbn.org.tw/taxa/95f81fcb-d85e-433a-bf8b-8ed430c76bb1
1c770b6e-0d0c-41ee-ad70-e96d8b6470ec,infraspecies,95f81fcb-d85e-433a-bf8b-8ed430c76bb1,Plantae,Rubus parvifolius parvifolius,原生 Native,"","暫無危機（LC, Least Concern）","",95f81fcb-d85e-433a-bf8b-8ed430c76bb1,國內紅皮書不同,categoryRedlistTW,";資料缺乏（DD, Data Deficient）",241,https://taxatree.tbn.org.tw/taxa/1c770b6e-0d0c-41ee-ad70-e96d8b6470ec
d3a954b1-73f8-4e0c-ab8c-0815459ba596,infraspecies,95f81fcb-d85e-433a-bf8b-8ed430c76bb1,Plantae,Rubus parvifolius toapiensis,原生 Native,"","資料缺乏（DD, Data Deficient）","",95f81fcb-d85e-433a-bf8b-8ed430c76bb1,國內紅皮書不同,categoryRedlistTW,";資料缺乏（DD, Data Deficient）",6,https://taxatree.tbn.org.tw/taxa/d3a954b1-73f8-4e0c-ab8c-0815459ba596
96acaa9b-0412-4853-8168-fccd12166426,species,33c817d0-77cb-4fd8-bb9e-2393e66120b6,Animalia,Prionailurus bengalensis,原生 Native,珍貴稀有保育類野生動物,"瀕危（EN, Endangered）","暫無危機（LC, Least Concern）",96acaa9b-0412-4853-8168-fccd12166426,保育等級不同,protectedStatusTW,珍貴稀有保育類野生動物;瀕臨絕種保育類野生動物,6503,https://taxatree.tbn.org.tw/taxa/96acaa9b-0412-4853-8168-fccd12166426
32df7ca2-38c1-4ce4-9ba7-3f54e82cacd8,infraspecies,96acaa9b-0412-4853-8168-fccd12166426,Animalia,Prionailurus bengalensis euptilurus,原生 Native,瀕臨絕種保育類野生動物,"瀕危（EN, Endangered）","暫無危機（LC, Least Concern）",96acaa9b-0412-4853-8168-fccd12166426,保育等級不同,protectedStatusTW,珍貴稀有保育類野生動物;瀕臨絕種保育類野生動物,3,https://taxatree.tbn.org.tw/taxa/32df7ca2-38c1-4ce4-9ba7-3f54e82cacd8
97dbbde6-c9b0-4353-9ddc-d986536720e5,species,ecbe408f-007b-4ea6-a3c9-557a78f10012,Plantae,Elaeagnus oldhamii,原生 Native,"","資料缺乏（DD, Data Deficient）","",97dbbde6-c9b0-4353-9ddc-d986536720e5,國內紅皮書不同,categoryRedlistTW,"資料缺乏（DD, Data Deficient）;",1007,https://taxatree.tbn.org.tw/taxa/97dbbde6-c9b0-4353-9ddc-d986536720e5
d88220c2-f409-4af9-94e9-73590f251a90,infraspecies,97dbbde6-c9b0-4353-9ddc-d986536720e5,Plantae,Elaeagnus oldhamii nakaii,原生 Native,"","","",97dbbde6-c9b0-4353-9ddc-d986536720e5,國內紅皮書不同,categoryRedlistTW,"資料缺乏（DD, Data Deficient）;",1,https://taxatree.tbn.org.tw/taxa/d88220c2-f409-4af9-94e9-73590f251a90
98658599-6337-451c-b365-247696b89313,species,a6198528-574f-4915-ae2e-fa7289ad9b45,Plantae,Cuscuta japonica,原生 Native,"","","",98658599-6337-451c-b365-247696b89313,國內紅皮書不同,categoryRedlistTW,";資料缺乏（DD, Data Deficient）",259,https://taxatree.tbn.org.tw/taxa/98658599-6337-451c-b365-247696b89313
debc344d-27cf-43f4-85f1-ee8efad5ee48,infraspecies,98658599-6337-451c-b365-247696b89313,Plantae,Cuscuta japonica japonica,原生 Native,"","資料缺乏（DD, Data Deficient）","",98658599-6337-451c-b365-247696b89313,國內紅皮書不同,categoryRedlistTW,";資料缺乏（DD, Data Deficient）",12,https://taxatree.tbn.org.tw/taxa/debc344d-27cf-43f4-85f1-ee8efad5ee48
6fb900af-cda0-4c85-bf4c-2cf6400c145c,infraspecies,98658599-6337-451c-b365-247696b89313,Plantae,Cuscuta japonica formosana,原生 Native,"","暫無危機（LC, Least Concern）","",98658599-6337-451c-b365-247696b89313,國內紅皮書不同,categoryRedlistTW,";資料缺乏（DD, Data Deficient）",133,https://taxatree.tbn.org.tw/taxa/6fb900af-cda0-4c85-bf4c-2cf6400c145c
98bf4954-a511-48c2-bf35-ce4e9db0dd35,species,96a58456-be17-4845-9a84-ed250aa73181,Animalia,Athyma jina,原生 Native,"","接近受脅（NT, Near Threatened）","",98bf4954-a511-48c2-bf35-ce4e9db0dd35,國內紅皮書不同,categoryRedlistTW,"接近受脅（NT, Near Threatened）;",61,https://taxatree.tbn.org.tw/taxa/98bf4954-a511-48c2-bf35-ce4e9db0dd35
e8879e45-e87e-4492-b1b8-1477a721ed94,infraspecies,98bf4954-a511-48c2-bf35-ce4e9db0dd35,Animalia,Athyma jina sauteri,原生 Native,"","","",98bf4954-a511-48c2-bf35-ce4e9db0dd35,國內紅皮書不同,categoryRedlistTW,"接近受脅（NT, Near Threatened）;",30,https://taxatree.tbn.org.tw/taxa/e8879e45-e87e-4492-b1b8-1477a721ed94
9a3aa1b3-3142-4149-acd2-7a9f56e459ea,species,daded996-a483-4e40-bc55-2e0d0454d736,Plantae,Trapa bicornis,原生 Native,"","","",9a3aa1b3-3142-4149-acd2-7a9f56e459ea,國內紅皮書不同,categoryRedlistTW,";資料缺乏（DD, Data Deficient）",19,https://taxatree.tbn.org.tw/taxa/9a3aa1b3-3142-4149-acd2-7a9f56e459ea
bebc714c-b63f-44a3-bda0-fb54526f6bf1,infraspecies,9a3aa1b3-3142-4149-acd2-7a9f56e459ea,Plantae,Trapa bicornis bicornis,原生 Native,"","","",9a3aa1b3-3142-4149-acd2-7a9f56e459ea,國內紅皮書不同,categoryRedlistTW,";資料缺乏（DD, Data Deficient）",0,https://taxatree.tbn.org.tw/taxa/bebc714c-b63f-44a3-bda0-fb54526f6bf1
eaf9423b-9a8d-4df1-9da1-2bba932f0a84,infraspecies,9a3aa1b3-3142-4149-acd2-7a9f56e459ea,Plantae,Trapa bicornis taiwanensis,原生 Native,"","資料缺乏（DD, Data Deficient）","",9a3aa1b3-3142-4149-acd2-7a9f56e459ea,國內紅皮書不同,categoryRedlistTW,";資料缺乏（DD, Data Deficient）",17,https://taxatree.tbn.org.tw/taxa/eaf9423b-9a8d-4df1-9da1-2bba932f0a84
9b01f769-2ca7-47ba-935e-f9021c6baac4,species,25cfc80e-bcb3-4ae7-bc28-1c48e7025d0c,Plantae,Glycine max,原生 Native,"","易危（VU, Vulnerable）","",9b01f769-2ca7-47ba-935e-f9021c6baac4,國內紅皮書不同,categoryRedlistTW,"易危（VU, Vulnerable）;",3865,https://taxatree.tbn.org.tw/taxa/9b01f769-2ca7-47ba-935e-f9021c6baac4
d34505ed-c44e-4b91-9508-eabf77aa7181,infraspecies,9b01f769-2ca7-47ba-935e-f9021c6baac4,Plantae,Glycine max max,外來栽培 Cultivated (non-native),"","","",9b01f769-2ca7-47ba-935e-f9021c6baac4,國內紅皮書不同,categoryRedlistTW,"易危（VU, Vulnerable）;",7,https://taxatree.tbn.org.tw/taxa/d34505ed-c44e-4b91-9508-eabf77aa7181
3b50ea65-27dc-4238-a22c-9602724d96f6,infraspecies,9b01f769-2ca7-47ba-935e-f9021c6baac4,Plantae,Glycine max formosana,原生 Native,"","易危（VU, Vulnerable）","",9b01f769-2ca7-47ba-935e-f9021c6baac4,國內紅皮書不同,categoryRedlistTW,"易危（VU, Vulnerable）;",61,https://taxatree.tbn.org.tw/taxa/3b50ea65-27dc-4238-a22c-9602724d96f6
9c65cf48-1001-4684-8e83-6e10ddf1decd,species,e81d63d2-7dd6-437f-a476-224af658ec83,Plantae,Ischaemum rugosum,原生 Native,"","","",9c65cf48-1001-4684-8e83-6e10ddf1decd,國內紅皮書不同,categoryRedlistTW,";易危（VU, Vulnerable）",45,https://taxatree.tbn.org.tw/taxa/9c65cf48-1001-4684-8e83-6e10ddf1decd
542baa21-fa99-4d46-a61b-47326e53d6eb,infraspecies,9c65cf48-1001-4684-8e83-6e10ddf1decd,Plantae,Ischaemum rugosum segetum,原生 Native,"","易危（VU, Vulnerable）","",9c65cf48-1001-4684-8e83-6e10ddf1decd,國內紅皮書不同,categoryRedlistTW,";易危（VU, Vulnerable）",34,https://taxatree.tbn.org.tw/taxa/542baa21-fa99-4d46-a61b-47326e53d6eb
9fd15c7f-7fb5-42dc-b7b7-f40dd984bebe,species,3b9757b1-627b-4d8c-bcc8-9fe28e0a43e1,Plantae,Eulophia pulchra,原生 Native,"","","",9fd15c7f-7fb5-42dc-b7b7-f40dd984bebe,國內紅皮書不同,categoryRedlistTW,";資料缺乏（DD, Data Deficient）",28,https://taxatree.tbn.org.tw/taxa/9fd15c7f-7fb5-42dc-b7b7-f40dd984bebe
abc35614-e40d-481f-916d-037ff8f51c9e,infraspecies,9fd15c7f-7fb5-42dc-b7b7-f40dd984bebe,Plantae,Eulophia pulchra pelorica,原生 Native,"","資料缺乏（DD, Data Deficient）","",9fd15c7f-7fb5-42dc-b7b7-f40dd984bebe,國內紅皮書不同,categoryRedlistTW,";資料缺乏（DD, Data Deficient）",5,https://taxatree.tbn.org.tw/taxa/abc35614-e40d-481f-916d-037ff8f51c9e
a1f2f674-9b44-4226-bbc6-7e83f698a34e,species,f6861ff4-e330-4b5a-88ee-8c41fcd68377,Plantae,Benthamidia japonica,原生 Native,"","","",a1f2f674-9b44-4226-bbc6-7e83f698a34e,國內紅皮書不同,categoryRedlistTW,";資料缺乏（DD, Data Deficient）",138,https://taxatree.tbn.org.tw/taxa/a1f2f674-9b44-4226-bbc6-7e83f698a34e
ef9b78d1-2011-4fe8-9512-79c793087cea,infraspecies,a1f2f674-9b44-4226-bbc6-7e83f698a34e,Plantae,Benthamidia japonica chinensis,原生 Native,"","資料缺乏（DD, Data Deficient）","",a1f2f674-9b44-4226-bbc6-7e83f698a34e,國內紅皮書不同,categoryRedlistTW,";資料缺乏（DD, Data Deficient）",119,https://taxatree.tbn.org.tw/taxa/ef9b78d1-2011-4fe8-9512-79c793087cea
a4365854-bf0d-4620-916e-a162aea70b3e,species,337ccb9c-1573-4a36-a69d-c123a7d31c55,Plantae,Mucuna gigantea,原生 Native,"","極危（CR, Critically Endangered）","",a4365854-bf0d-4620-916e-a162aea70b3e,國內紅皮書不同,categoryRedlistTW,"極危（CR, Critically Endangered）;未評估（NE, Not Evaluated）",105,https://taxatree.tbn.org.tw/taxa/a4365854-bf0d-4620-916e-a162aea70b3e
957e360d-c23c-4f08-a008-d9f57991bac5,infraspecies,a4365854-bf0d-4620-916e-a162aea70b3e,Plantae,Mucuna gigantea tashiroi,原生 Native,"","極危（CR, Critically Endangered）","",a4365854-bf0d-4620-916e-a162aea70b3e,國內紅皮書不同,categoryRedlistTW,"極危（CR, Critically Endangered）;未評估（NE, Not Evaluated）",66,https://taxatree.tbn.org.tw/taxa/957e360d-c23c-4f08-a008-d9f57991bac5
335c860b-2aee-4ad8-8c5d-d49b73c2ddfb,infraspecies,a4365854-bf0d-4620-916e-a162aea70b3e,Plantae,Mucuna gigantea gigantea,境外 Overseas,"","未評估（NE, Not Evaluated）","",a4365854-bf0d-4620-916e-a162aea70b3e,國內紅皮書不同,categoryRedlistTW,"極危（CR, Critically Endangered）;未評估（NE, Not Evaluated）",1,https://taxatree.tbn.org.tw/taxa/335c860b-2aee-4ad8-8c5d-d49b73c2ddfb
a5b8df17-b6e7-438b-bf47-a01a3cb7370b,species,4102437a-21e9-461a-9450-b9284b7077dc,Plantae,Eupatorium clematideum,原生 Native,"","","",a5b8df17-b6e7-438b-bf47-a01a3cb7370b,國內紅皮書不同,categoryRedlistTW,";易危（VU, Vulnerable）",1024,https://taxatree.tbn.org.tw/taxa/a5b8df17-b6e7-438b-bf47-a01a3cb7370b
a4c1de23-45d0-44b0-b5b1-9e02e596d229,infraspecies,a5b8df17-b6e7-438b-bf47-a01a3cb7370b,Plantae,Eupatorium clematideum clematideum,原生 Native,"","暫無危機（LC, Least Concern）","",a5b8df17-b6e7-438b-bf47-a01a3cb7370b,國內紅皮書不同,categoryRedlistTW,";易危（VU, Vulnerable）",768,https://taxatree.tbn.org.tw/taxa/a4c1de23-45d0-44b0-b5b1-9e02e596d229
41c0c5bc-65d2-4479-a0c8-94af6651915c,infraspecies,a5b8df17-b6e7-438b-bf47-a01a3cb7370b,Plantae,Eupatorium clematideum gracillimum,原生 Native,"","易危（VU, Vulnerable）","",a5b8df17-b6e7-438b-bf47-a01a3cb7370b,國內紅皮書不同,categoryRedlistTW,";易危（VU, Vulnerable）",80,https://taxatree.tbn.org.tw/taxa/41c0c5bc-65d2-4479-a0c8-94af6651915c
a6239ced-04e5-470d-93bc-f3059319a53d,species,d760d979-4934-4979-a276-1df08f19aa5c,Animalia,Planaeschna ishigakiana,原生 Native,"","","",a6239ced-04e5-470d-93bc-f3059319a53d,國內紅皮書不同,categoryRedlistTW,";接近受脅（NT, Near Threatened）",44,https://taxatree.tbn.org.tw/taxa/a6239ced-04e5-470d-93bc-f3059319a53d
6f5208a4-0e18-41c4-845c-7a907add218d,infraspecies,a6239ced-04e5-470d-93bc-f3059319a53d,Animalia,Planaeschna ishigakiana flavostria,原生 Native,"","接近受脅（NT, Near Threatened）","",a6239ced-04e5-470d-93bc-f3059319a53d,國內紅皮書不同,categoryRedlistTW,";接近受脅（NT, Near Threatened）",23,https://taxatree.tbn.org.tw/taxa/6f5208a4-0e18-41c4-845c-7a907add218d
a7a666cc-45ea-49bb-b9a9-00b404cd125d,species,8b4215c3-cb96-4a6c-ae0e-99b0accd8538,Animalia,Rhodeus ocellatus,原生 Native,"","暫無危機（LC, Least Concern）","資料缺乏（DD, Data Deficient）",a7a666cc-45ea-49bb-b9a9-00b404cd125d,IUCN紅皮書不同,categoryIUCN,"資料缺乏（DD, Data Deficient）;",524,https://taxatree.tbn.org.tw/taxa/a7a666cc-45ea-49bb-b9a9-00b404cd125d
1d3ea5e8-66ae-42db-8d80-a20f84ad82e8,infraspecies,a7a666cc-45ea-49bb-b9a9-00b404cd125d,Animalia,Rhodeus ocellatus ocellatus,原生 Native,"","暫無危機（LC, Least Concern）","",a7a666cc-45ea-49bb-b9a9-00b404cd125d,IUCN紅皮書不同,categoryIUCN,"資料缺乏（DD, Data Deficient）;",250,https://taxatree.tbn.org.tw/taxa/1d3ea5e8-66ae-42db-8d80-a20f84ad82e8
a9d1bf8e-3918-4802-aaec-9930e1e52b5e,species,a1f3ffa3-2f5a-484f-8b3b-208a65b0b0f1,Plantae,Lilium speciosum,原生 Native,"","","",a9d1bf8e-3918-4802-aaec-9930e1e52b5e,國內紅皮書不同,categoryRedlistTW,";極危（CR, Critically Endangered）",162,https://taxatree.tbn.org.tw/taxa/a9d1bf8e-3918-4802-aaec-9930e1e52b5e
4be009c2-633b-42b2-810c-c972994e48f0,infraspecies,a9d1bf8e-3918-4802-aaec-9930e1e52b5e,Plantae,Lilium speciosum gloriosoides,原生 Native,"","極危（CR, Critically Endangered）","",a9d1bf8e-3918-4802-aaec-9930e1e52b5e,國內紅皮書不同,categoryRedlistTW,";極危（CR, Critically Endangered）",126,https://taxatree.tbn.org.tw/taxa/4be009c2-633b-42b2-810c-c972994e48f0
ab026aab-7ef7-4c35-880a-7e0d530da4e0,species,3ee75527-a929-44d2-bd4b-9206bafc9fcf,Animalia,Belomys pearsonii,原生 Native,"","暫無危機（LC, Least Concern）","資料缺乏（DD, Data Deficient）",ab026aab-7ef7-4c35-880a-7e0d530da4e0,IUCN紅皮書不同,categoryIUCN,"資料缺乏（DD, Data Deficient）;",136,https://taxatree.tbn.org.tw/taxa/ab026aab-7ef7-4c35-880a-7e0d530da4e0
c7fa2e1e-789f-4424-9978-8462dfaccf10,infraspecies,ab026aab-7ef7-4c35-880a-7e0d530da4e0,Animalia,Belomys pearsonii kaleensis,原生 Native,"","暫無危機（LC, Least Concern）","",ab026aab-7ef7-4c35-880a-7e0d530da4e0,IUCN紅皮書不同,categoryIUCN,"資料缺乏（DD, Data Deficient）;",113,https://taxatree.tbn.org.tw/taxa/c7fa2e1e-789f-4424-9978-8462dfaccf10
ab15e21e-597b-45db-9011-257ab107c7c5,species,60347c09-f4bc-4329-9a6e-f0dd48babc7d,Plantae,Osteomeles anthyllidifolia,原生 Native,"","","",ab15e21e-597b-45db-9011-257ab107c7c5,國內紅皮書不同,categoryRedlistTW,";極危（CR, Critically Endangered）",49,https://taxatree.tbn.org.tw/taxa/ab15e21e-597b-45db-9011-257ab107c7c5
cbf9bb85-c388-46d2-949b-7b247c04fd39,infraspecies,ab15e21e-597b-45db-9011-257ab107c7c5,Plantae,Osteomeles anthyllidifolia subrotunda,原生 Native,"","極危（CR, Critically Endangered）","",ab15e21e-597b-45db-9011-257ab107c7c5,國內紅皮書不同,categoryRedlistTW,";極危（CR, Critically Endangered）",19,https://taxatree.tbn.org.tw/taxa/cbf9bb85-c388-46d2-949b-7b247c04fd39
ab4c2d24-c5c2-4105-b112-d982924c2d22,species,5b29966d-5995-4cde-811b-226b6fa9b8d4,Plantae,Gastrodia confusoides,原生 Native,"","","",ab4c2d24-c5c2-4105-b112-d982924c2d22,國內紅皮書不同,categoryRedlistTW,";資料缺乏（DD, Data Deficient）",21,https://taxatree.tbn.org.tw/taxa/ab4c2d24-c5c2-4105-b112-d982924c2d22
15c4fc02-65c6-4653-9d71-31ded5231288,infraspecies,ab4c2d24-c5c2-4105-b112-d982924c2d22,Plantae,Gastrodia confusoides confusoides,原生 Native,"","暫無危機（LC, Least Concern）","",ab4c2d24-c5c2-4105-b112-d982924c2d22,國內紅皮書不同,categoryRedlistTW,";資料缺乏（DD, Data Deficient）",1,https://taxatree.tbn.org.tw/taxa/15c4fc02-65c6-4653-9d71-31ded5231288
66af68cc-8415-4382-96a1-2e1c1ccc1844,infraspecies,ab4c2d24-c5c2-4105-b112-d982924c2d22,Plantae,Gastrodia confusoides taitungensis,原生 Native,"","資料缺乏（DD, Data Deficient）","",ab4c2d24-c5c2-4105-b112-d982924c2d22,國內紅皮書不同,categoryRedlistTW,";資料缺乏（DD, Data Deficient）",0,https://taxatree.tbn.org.tw/taxa/66af68cc-8415-4382-96a1-2e1c1ccc1844
ac430616-3114-479b-9afa-960da78142b5,species,79b4b3bf-ae6b-4791-8d1c-c2b5997277e6,Plantae,Phalaenopsis aphrodite,原生 Native,"","","",ac430616-3114-479b-9afa-960da78142b5,國內紅皮書不同,categoryRedlistTW,";極危（CR, Critically Endangered）",55,https://taxatree.tbn.org.tw/taxa/ac430616-3114-479b-9afa-960da78142b5
3da04301-b986-43db-b05d-bb2f7813a088,infraspecies,ac430616-3114-479b-9afa-960da78142b5,Plantae,Phalaenopsis aphrodite formosana,原生 Native,"","極危（CR, Critically Endangered）","",ac430616-3114-479b-9afa-960da78142b5,國內紅皮書不同,categoryRedlistTW,";極危（CR, Critically Endangered）",8,https://taxatree.tbn.org.tw/taxa/3da04301-b986-43db-b05d-bb2f7813a088
af1510cb-6c35-4016-b80d-8b7fa91b887a,species,12d07662-bff5-4a18-8f2c-bc93343e0df8,Plantae,Rosa lucieae,原生 Native,"","","",af1510cb-6c35-4016-b80d-8b7fa91b887a,國內紅皮書不同,categoryRedlistTW,";資料缺乏（DD, Data Deficient）",40,https://taxatree.tbn.org.tw/taxa/af1510cb-6c35-4016-b80d-8b7fa91b887a
0d451331-3655-4856-85f4-06d8d1558a5f,infraspecies,af1510cb-6c35-4016-b80d-8b7fa91b887a,Plantae,Rosa lucieae lucieae,原生 Native,"","資料缺乏（DD, Data Deficient）","",af1510cb-6c35-4016-b80d-8b7fa91b887a,國內紅皮書不同,categoryRedlistTW,";資料缺乏（DD, Data Deficient）",2,https://taxatree.tbn.org.tw/taxa/0d451331-3655-4856-85f4-06d8d1558a5f
3fe0fca6-2e2c-4843-9301-eafb87d58bbb,infraspecies,af1510cb-6c35-4016-b80d-8b7fa91b887a,Plantae,Rosa lucieae rosea,原生 Native,"","資料缺乏（DD, Data Deficient）","",af1510cb-6c35-4016-b80d-8b7fa91b887a,國內紅皮書不同,categoryRedlistTW,";資料缺乏（DD, Data Deficient）",1,https://taxatree.tbn.org.tw/taxa/3fe0fca6-2e2c-4843-9301-eafb87d58bbb
b28c2f76-1e29-4fda-a65e-d8d28fa52424,species,fa7d38f8-75a5-4716-81fd-e0cc54e76723,Plantae,Lasianthus obliquinervis,原生 Native,"","","",b28c2f76-1e29-4fda-a65e-d8d28fa52424,國內紅皮書不同,categoryRedlistTW,";瀕危（EN, Endangered）",1702,https://taxatree.tbn.org.tw/taxa/b28c2f76-1e29-4fda-a65e-d8d28fa52424
5960e785-d797-4cc5-9c9d-28d6a7985813,infraspecies,b28c2f76-1e29-4fda-a65e-d8d28fa52424,Plantae,Lasianthus obliquinervis obliquinervis,原生 Native,"","暫無危機（LC, Least Concern）","",b28c2f76-1e29-4fda-a65e-d8d28fa52424,國內紅皮書不同,categoryRedlistTW,";瀕危（EN, Endangered）",849,https://taxatree.tbn.org.tw/taxa/5960e785-d797-4cc5-9c9d-28d6a7985813
9098f42e-a4e8-4f80-b791-31541ae032df,infraspecies,b28c2f76-1e29-4fda-a65e-d8d28fa52424,Plantae,Lasianthus obliquinervis simizui,原生 Native,"","瀕危（EN, Endangered）","",b28c2f76-1e29-4fda-a65e-d8d28fa52424,國內紅皮書不同,categoryRedlistTW,";瀕危（EN, Endangered）",45,https://taxatree.tbn.org.tw/taxa/9098f42e-a4e8-4f80-b791-31541ae032df
6e504a36-8a10-46c1-bc63-205802a68b51,infraspecies,b28c2f76-1e29-4fda-a65e-d8d28fa52424,Plantae,Lasianthus obliquinervis taitoensis,原生 Native,"","暫無危機（LC, Least Concern）","",b28c2f76-1e29-4fda-a65e-d8d28fa52424,國內紅皮書不同,categoryRedlistTW,";瀕危（EN, Endangered）",417,https://taxatree.tbn.org.tw/taxa/6e504a36-8a10-46c1-bc63-205802a68b51
b2e94a81-5bb1-43dd-8539-82a93165be24,species,90508c34-5bd1-4456-a7b4-a1e628cfa9d4,Animalia,Anax parthenope,原生 Native,"","未評估（NE, Not Evaluated）","暫無危機（LC, Least Concern）",b2e94a81-5bb1-43dd-8539-82a93165be24,國內紅皮書不同,categoryRedlistTW,"未評估（NE, Not Evaluated）;",357,https://taxatree.tbn.org.tw/taxa/b2e94a81-5bb1-43dd-8539-82a93165be24
a5b2b7d7-bf82-4692-9217-48bddbb82eab,infraspecies,b2e94a81-5bb1-43dd-8539-82a93165be24,Animalia,Anax parthenope julius,原生 Native,"","","",b2e94a81-5bb1-43dd-8539-82a93165be24,國內紅皮書不同,categoryRedlistTW,"未評估（NE, Not Evaluated）;",316,https://taxatree.tbn.org.tw/taxa/a5b2b7d7-bf82-4692-9217-48bddbb82eab
b42cae18-04de-4148-b737-b91a3e84effa,species,12d07662-bff5-4a18-8f2c-bc93343e0df8,Plantae,Rosa multiflora,原生 Native,"","","",b42cae18-04de-4148-b737-b91a3e84effa,國內紅皮書不同,categoryRedlistTW,";資料缺乏（DD, Data Deficient）",65,https://taxatree.tbn.org.tw/taxa/b42cae18-04de-4148-b737-b91a3e84effa
6ab0ee79-ca4c-49df-b4e6-6ac5dd815091,infraspecies,b42cae18-04de-4148-b737-b91a3e84effa,Plantae,Rosa multiflora formosana,原生 Native,"","資料缺乏（DD, Data Deficient）","",b42cae18-04de-4148-b737-b91a3e84effa,國內紅皮書不同,categoryRedlistTW,";資料缺乏（DD, Data Deficient）",27,https://taxatree.tbn.org.tw/taxa/6ab0ee79-ca4c-49df-b4e6-6ac5dd815091
bbb1807f-2283-44f3-9e32-14c0b54ead48,species,49ab95b0-afd6-47c7-af2a-f013d1ef63dc,Plantae,Begonia grandis,原生 Native,"","","",bbb1807f-2283-44f3-9e32-14c0b54ead48,國內紅皮書不同,categoryRedlistTW,";未評估（NE, Not Evaluated）",10,https://taxatree.tbn.org.tw/taxa/bbb1807f-2283-44f3-9e32-14c0b54ead48
7a8b13c0-1494-4dbb-b9ae-dd03f5177262,infraspecies,bbb1807f-2283-44f3-9e32-14c0b54ead48,Plantae,Begonia grandis grandis,原生 Native,"","未評估（NE, Not Evaluated）","",bbb1807f-2283-44f3-9e32-14c0b54ead48,國內紅皮書不同,categoryRedlistTW,";未評估（NE, Not Evaluated）",2,https://taxatree.tbn.org.tw/taxa/7a8b13c0-1494-4dbb-b9ae-dd03f5177262
985b03ad-c523-4324-a204-dd57cfb0b1e2,infraspecies,bbb1807f-2283-44f3-9e32-14c0b54ead48,Plantae,Begonia grandis sinensis,境外 Overseas,"","未評估（NE, Not Evaluated）","",bbb1807f-2283-44f3-9e32-14c0b54ead48,國內紅皮書不同,categoryRedlistTW,";未評估（NE, Not Evaluated）",0,https://taxatree.tbn.org.tw/taxa/985b03ad-c523-4324-a204-dd57cfb0b1e2
bbfdf722-cb23-4545-8a01-4ba503f2767b,species,ce13ee34-98ff-492a-b080-1e7d4a82857a,Plantae,Carex gentilis,原生 Native,"","","",bbfdf722-cb23-4545-8a01-4ba503f2767b,國內紅皮書不同,categoryRedlistTW,";資料缺乏（DD, Data Deficient）",117,https://taxatree.tbn.org.tw/taxa/bbfdf722-cb23-4545-8a01-4ba503f2767b
10da2525-8cff-4e84-9708-7d8e5cc0d236,infraspecies,bbfdf722-cb23-4545-8a01-4ba503f2767b,Plantae,Carex gentilis nakaharae,原生 Native,"","資料缺乏（DD, Data Deficient）","",bbfdf722-cb23-4545-8a01-4ba503f2767b,國內紅皮書不同,categoryRedlistTW,";資料缺乏（DD, Data Deficient）",48,https://taxatree.tbn.org.tw/taxa/10da2525-8cff-4e84-9708-7d8e5cc0d236
0b73eddf-d59b-4a1f-9975-822e557a3534,infraspecies,bd0c055d-5bb3-4a4b-a0f5-62f665ab4d4b,Plantae,Philodendron hederaceum oxycardium,外來栽培 Cultivated (non-native),"","","",bd0c055d-5bb3-4a4b-a0f5-62f665ab4d4b,國內紅皮書不同,categoryRedlistTW,";未評估（NE, Not Evaluated）",3,https://taxatree.tbn.org.tw/taxa/0b73eddf-d59b-4a1f-9975-822e557a3534
bd0c055d-5bb3-4a4b-a0f5-62f665ab4d4b,species,62f54892-175a-424e-9bc0-c52bf8d82c5b,Plantae,Philodendron hederaceum,外來栽培 Cultivated (non-native),"","未評估（NE, Not Evaluated）","",bd0c055d-5bb3-4a4b-a0f5-62f665ab4d4b,國內紅皮書不同,categoryRedlistTW,";未評估（NE, Not Evaluated）",103,https://taxatree.tbn.org.tw/taxa/bd0c055d-5bb3-4a4b-a0f5-62f665ab4d4b
57a61d80-1a0a-4c46-b691-7bf68ad6bb7c,infraspecies,bd0c055d-5bb3-4a4b-a0f5-62f665ab4d4b,Plantae,Philodendron hederaceum hederaceum,外來栽培 Cultivated (non-native),"","未評估（NE, Not Evaluated）","",bd0c055d-5bb3-4a4b-a0f5-62f665ab4d4b,國內紅皮書不同,categoryRedlistTW,";未評估（NE, Not Evaluated）",6,https://taxatree.tbn.org.tw/taxa/57a61d80-1a0a-4c46-b691-7bf68ad6bb7c
bddb8bf5-b12d-4e11-bc74-8d3d02749ee6,species,e25cbc53-998f-456b-915a-ebf593df5e43,Plantae,Farfugium japonicum,原生 Native,"","","",bddb8bf5-b12d-4e11-bc74-8d3d02749ee6,國內紅皮書不同,categoryRedlistTW,";接近受脅（NT, Near Threatened）",2331,https://taxatree.tbn.org.tw/taxa/bddb8bf5-b12d-4e11-bc74-8d3d02749ee6
d523f3ba-ba54-43b5-894e-6dbecad73610,infraspecies,bddb8bf5-b12d-4e11-bc74-8d3d02749ee6,Plantae,Farfugium japonicum japonicum,原生 Native,"","接近受脅（NT, Near Threatened）","",bddb8bf5-b12d-4e11-bc74-8d3d02749ee6,國內紅皮書不同,categoryRedlistTW,";接近受脅（NT, Near Threatened）",58,https://taxatree.tbn.org.tw/taxa/d523f3ba-ba54-43b5-894e-6dbecad73610
64976640-2ede-43ef-86aa-1b418f441500,infraspecies,bddb8bf5-b12d-4e11-bc74-8d3d02749ee6,Plantae,Farfugium japonicum formosanum,原生 Native,"","暫無危機（LC, Least Concern）","",bddb8bf5-b12d-4e11-bc74-8d3d02749ee6,國內紅皮書不同,categoryRedlistTW,";接近受脅（NT, Near Threatened）",2044,https://taxatree.tbn.org.tw/taxa/64976640-2ede-43ef-86aa-1b418f441500
68310086-2b0c-4d70-93a3-46fc5ad71237,infraspecies,bddb8bf5-b12d-4e11-bc74-8d3d02749ee6,Plantae,Farfugium japonicum nokozanense,原生 Native,"","","",bddb8bf5-b12d-4e11-bc74-8d3d02749ee6,國內紅皮書不同,categoryRedlistTW,";接近受脅（NT, Near Threatened）",0,https://taxatree.tbn.org.tw/taxa/68310086-2b0c-4d70-93a3-46fc5ad71237
c0d58aa2-5e8b-44b0-bab6-9e3674673c95,species,ad5fd2bd-52a4-489c-963b-26f6c8c70734,Plantae,Persea americana,外來栽培 Cultivated (non-native),"","未評估（NE, Not Evaluated）","",c0d58aa2-5e8b-44b0-bab6-9e3674673c95,國內紅皮書不同,categoryRedlistTW,"未評估（NE, Not Evaluated）;",248,https://taxatree.tbn.org.tw/taxa/c0d58aa2-5e8b-44b0-bab6-9e3674673c95
492cec6a-5d8d-4f5e-bc06-ab51e9b311a6,infraspecies,c0d58aa2-5e8b-44b0-bab6-9e3674673c95,Plantae,Persea americana drymifolia,外來栽培 Cultivated (non-native),"","","",c0d58aa2-5e8b-44b0-bab6-9e3674673c95,國內紅皮書不同,categoryRedlistTW,"未評估（NE, Not Evaluated）;",2,https://taxatree.tbn.org.tw/taxa/492cec6a-5d8d-4f5e-bc06-ab51e9b311a6
c1b6556b-08aa-4fa6-8f63-3ef7467e6092,species,76166710-adad-48a8-a37c-44a5a8bad23d,Plantae,Taxillus limprichtii,原生 Native,"","","",c1b6556b-08aa-4fa6-8f63-3ef7467e6092,國內紅皮書不同,categoryRedlistTW,";易危（VU, Vulnerable）",23,https://taxatree.tbn.org.tw/taxa/c1b6556b-08aa-4fa6-8f63-3ef7467e6092
8a7a2ca2-e26f-49ff-a99b-94d4dfe799b8,infraspecies,c1b6556b-08aa-4fa6-8f63-3ef7467e6092,Plantae,Taxillus limprichtii limprichtii,原生 Native,"","易危（VU, Vulnerable）","",c1b6556b-08aa-4fa6-8f63-3ef7467e6092,國內紅皮書不同,categoryRedlistTW,";易危（VU, Vulnerable）",5,https://taxatree.tbn.org.tw/taxa/8a7a2ca2-e26f-49ff-a99b-94d4dfe799b8
8805484c-74eb-436c-9840-21abdcea3aaa,infraspecies,c1b6556b-08aa-4fa6-8f63-3ef7467e6092,Plantae,Taxillus limprichtii longiflorus,原生 Native,"","易危（VU, Vulnerable）","",c1b6556b-08aa-4fa6-8f63-3ef7467e6092,國內紅皮書不同,categoryRedlistTW,";易危（VU, Vulnerable）",1,https://taxatree.tbn.org.tw/taxa/8805484c-74eb-436c-9840-21abdcea3aaa
c1e69a95-3962-44e7-bad7-5a6f8b6fa5dc,species,6ec81bb9-0a0f-4fd7-97a4-02f4e0cf86d9,Plantae,Ficus trichocarpa,原生 Native,"","","",c1e69a95-3962-44e7-bad7-5a6f8b6fa5dc,國內紅皮書不同,categoryRedlistTW,";接近受脅（NT, Near Threatened）",57,https://taxatree.tbn.org.tw/taxa/c1e69a95-3962-44e7-bad7-5a6f8b6fa5dc
ad53cc3f-e067-4b59-b1b4-f8c25e3302b0,infraspecies,c1e69a95-3962-44e7-bad7-5a6f8b6fa5dc,Plantae,Ficus trichocarpa obtusa,原生 Native,"","接近受脅（NT, Near Threatened）","",c1e69a95-3962-44e7-bad7-5a6f8b6fa5dc,國內紅皮書不同,categoryRedlistTW,";接近受脅（NT, Near Threatened）",39,https://taxatree.tbn.org.tw/taxa/ad53cc3f-e067-4b59-b1b4-f8c25e3302b0
c325e7eb-cf8f-4654-b9da-e4318622dafa,species,5b29966d-5995-4cde-811b-226b6fa9b8d4,Plantae,Gastrodia fontinalis,原生 Native,"","極危（CR, Critically Endangered）","",c325e7eb-cf8f-4654-b9da-e4318622dafa,國內紅皮書不同,categoryRedlistTW,"極危（CR, Critically Endangered）;易危（VU, Vulnerable）",28,https://taxatree.tbn.org.tw/taxa/c325e7eb-cf8f-4654-b9da-e4318622dafa
f9727063-80bb-473b-a408-1ecaf4e268c4,infraspecies,c325e7eb-cf8f-4654-b9da-e4318622dafa,Plantae,Gastrodia fontinalis fontinalis,原生 Native,"","極危（CR, Critically Endangered）","",c325e7eb-cf8f-4654-b9da-e4318622dafa,國內紅皮書不同,categoryRedlistTW,"極危（CR, Critically Endangered）;易危（VU, Vulnerable）",0,https://taxatree.tbn.org.tw/taxa/f9727063-80bb-473b-a408-1ecaf4e268c4
63651b5f-1110-4378-8fb9-03a8b24ff8ed,infraspecies,c325e7eb-cf8f-4654-b9da-e4318622dafa,Plantae,Gastrodia fontinalis suburceolata,原生 Native,"","易危（VU, Vulnerable）","",c325e7eb-cf8f-4654-b9da-e4318622dafa,國內紅皮書不同,categoryRedlistTW,"極危（CR, Critically Endangered）;易危（VU, Vulnerable）",0,https://taxatree.tbn.org.tw/taxa/63651b5f-1110-4378-8fb9-03a8b24ff8ed
c33a5135-acc7-49d3-8bc7-14e4558d8c69,species,a1ff0dc2-d243-409c-b7eb-d892b54f2a9b,Plantae,Quercus aliena,原生 Native,"","極危（CR, Critically Endangered）","",c33a5135-acc7-49d3-8bc7-14e4558d8c69,國內紅皮書不同,categoryRedlistTW,"極危（CR, Critically Endangered）;",169,https://taxatree.tbn.org.tw/taxa/c33a5135-acc7-49d3-8bc7-14e4558d8c69
135c114c-b4c2-47b5-ba98-b1d825fc1c46,infraspecies,c33a5135-acc7-49d3-8bc7-14e4558d8c69,Plantae,Quercus aliena acutiserrata,外來栽培 Cultivated (non-native),"","","",c33a5135-acc7-49d3-8bc7-14e4558d8c69,國內紅皮書不同,categoryRedlistTW,"極危（CR, Critically Endangered）;",50,https://taxatree.tbn.org.tw/taxa/135c114c-b4c2-47b5-ba98-b1d825fc1c46
d82e7383-e411-4578-a90e-a9ee11aaf146,infraspecies,c33a5135-acc7-49d3-8bc7-14e4558d8c69,Plantae,Quercus aliena aliena,原生 Native,"","","",c33a5135-acc7-49d3-8bc7-14e4558d8c69,國內紅皮書不同,categoryRedlistTW,"極危（CR, Critically Endangered）;",1,https://taxatree.tbn.org.tw/taxa/d82e7383-e411-4578-a90e-a9ee11aaf146
c4c1a5a6-90a6-404b-8e05-feec1fb5d229,species,fb46f3d2-701c-4e63-b742-7e34dbe513bc,Plantae,Callicarpa formosana,原生 Native,"","","",c4c1a5a6-90a6-404b-8e05-feec1fb5d229,國內紅皮書不同,categoryRedlistTW,";易危（VU, Vulnerable）",8454,https://taxatree.tbn.org.tw/taxa/c4c1a5a6-90a6-404b-8e05-feec1fb5d229
839b7239-1ed6-4398-b26b-2d0ed44c1900,infraspecies,c4c1a5a6-90a6-404b-8e05-feec1fb5d229,Plantae,Callicarpa formosana formosana,原生 Native,"","暫無危機（LC, Least Concern）","",c4c1a5a6-90a6-404b-8e05-feec1fb5d229,國內紅皮書不同,categoryRedlistTW,";易危（VU, Vulnerable）",3724,https://taxatree.tbn.org.tw/taxa/839b7239-1ed6-4398-b26b-2d0ed44c1900
f75773fa-c098-4646-b37d-5efe65ab7f1f,infraspecies,c4c1a5a6-90a6-404b-8e05-feec1fb5d229,Plantae,Callicarpa formosana glabrata,原生 Native,"","暫無危機（LC, Least Concern）","",c4c1a5a6-90a6-404b-8e05-feec1fb5d229,國內紅皮書不同,categoryRedlistTW,";易危（VU, Vulnerable）",84,https://taxatree.tbn.org.tw/taxa/f75773fa-c098-4646-b37d-5efe65ab7f1f
aba44d57-c0e6-4b2d-ab29-6afa140d97ca,infraspecies,c4c1a5a6-90a6-404b-8e05-feec1fb5d229,Plantae,Callicarpa formosana longifolia,原生 Native,"","易危（VU, Vulnerable）","",c4c1a5a6-90a6-404b-8e05-feec1fb5d229,國內紅皮書不同,categoryRedlistTW,";易危（VU, Vulnerable）",46,https://taxatree.tbn.org.tw/taxa/aba44d57-c0e6-4b2d-ab29-6afa140d97ca
f3567673-a12f-4041-8755-747c4ea7f9fa,infraspecies,c4c1a5a6-90a6-404b-8e05-feec1fb5d229,Plantae,Callicarpa formosana albiflora,原生 Native,"","","",c4c1a5a6-90a6-404b-8e05-feec1fb5d229,國內紅皮書不同,categoryRedlistTW,";易危（VU, Vulnerable）",1,https://taxatree.tbn.org.tw/taxa/f3567673-a12f-4041-8755-747c4ea7f9fa
c4e2e382-9fea-4de6-8ed7-9ddf7da55b14,species,b45c89b7-bdac-4413-a8df-07f128bedeea,Plantae,Lycopus lucidus,原生 Native,"","瀕危（EN, Endangered）","",c4e2e382-9fea-4de6-8ed7-9ddf7da55b14,國內紅皮書不同,categoryRedlistTW,"瀕危（EN, Endangered）;",23,https://taxatree.tbn.org.tw/taxa/c4e2e382-9fea-4de6-8ed7-9ddf7da55b14
92f83302-a2f2-4d93-b7f4-54c0896cf9e5,infraspecies,c4e2e382-9fea-4de6-8ed7-9ddf7da55b14,Plantae,Lycopus lucidus formosanus,原生 Native,"","瀕危（EN, Endangered）","",c4e2e382-9fea-4de6-8ed7-9ddf7da55b14,國內紅皮書不同,categoryRedlistTW,"瀕危（EN, Endangered）;",3,https://taxatree.tbn.org.tw/taxa/92f83302-a2f2-4d93-b7f4-54c0896cf9e5
388d660b-4974-4f78-9976-cf95d1364ecf,infraspecies,c4e2e382-9fea-4de6-8ed7-9ddf7da55b14,Plantae,Lycopus lucidus hirtus,原生 Native,"","","",c4e2e382-9fea-4de6-8ed7-9ddf7da55b14,國內紅皮書不同,categoryRedlistTW,"瀕危（EN, Endangered）;",0,https://taxatree.tbn.org.tw/taxa/388d660b-4974-4f78-9976-cf95d1364ecf
c646b011-c096-4d58-8c81-169417c9904c,species,c0d94b49-f0b3-4e91-833c-6c775b42c848,Plantae,Acer buergerianum,原生 Native,"","極危（CR, Critically Endangered）","",c646b011-c096-4d58-8c81-169417c9904c,國內紅皮書不同,categoryRedlistTW,"極危（CR, Critically Endangered）;",230,https://taxatree.tbn.org.tw/taxa/c646b011-c096-4d58-8c81-169417c9904c
f1e5b507-bdc7-4fe5-99c3-fe816bd5fc61,infraspecies,c646b011-c096-4d58-8c81-169417c9904c,Plantae,Acer buergerianum formosanum,原生 Native,"","極危（CR, Critically Endangered）","",c646b011-c096-4d58-8c81-169417c9904c,國內紅皮書不同,categoryRedlistTW,"極危（CR, Critically Endangered）;",153,https://taxatree.tbn.org.tw/taxa/f1e5b507-bdc7-4fe5-99c3-fe816bd5fc61
3748ef6f-1515-4698-a7f2-8d09d2389e93,infraspecies,c646b011-c096-4d58-8c81-169417c9904c,Plantae,Acer buergerianum buergerianum,境外 Overseas,"","","",c646b011-c096-4d58-8c81-169417c9904c,國內紅皮書不同,categoryRedlistTW,"極危（CR, Critically Endangered）;",0,https://taxatree.tbn.org.tw/taxa/3748ef6f-1515-4698-a7f2-8d09d2389e93
c6ed1d00-87d9-43be-a901-7e9eba1a8f76,species,12d07662-bff5-4a18-8f2c-bc93343e0df8,Plantae,Rosa bracteata,原生 Native,"","易危（VU, Vulnerable）","",c6ed1d00-87d9-43be-a901-7e9eba1a8f76,國內紅皮書不同,categoryRedlistTW,"易危（VU, Vulnerable）;資料缺乏（DD, Data Deficient）",473,https://taxatree.tbn.org.tw/taxa/c6ed1d00-87d9-43be-a901-7e9eba1a8f76
e1cbd766-164c-4573-8855-f48588fd27c9,infraspecies,c6ed1d00-87d9-43be-a901-7e9eba1a8f76,Plantae,Rosa bracteata bracteata,原生 Native,"","易危（VU, Vulnerable）","",c6ed1d00-87d9-43be-a901-7e9eba1a8f76,國內紅皮書不同,categoryRedlistTW,"易危（VU, Vulnerable）;資料缺乏（DD, Data Deficient）",95,https://taxatree.tbn.org.tw/taxa/e1cbd766-164c-4573-8855-f48588fd27c9
89ab56fb-1f45-49bf-a917-a4bd0611257f,infraspecies,c6ed1d00-87d9-43be-a901-7e9eba1a8f76,Plantae,Rosa bracteata scabricaulis,原生 Native,"","資料缺乏（DD, Data Deficient）","",c6ed1d00-87d9-43be-a901-7e9eba1a8f76,國內紅皮書不同,categoryRedlistTW,"易危（VU, Vulnerable）;資料缺乏（DD, Data Deficient）",11,https://taxatree.tbn.org.tw/taxa/89ab56fb-1f45-49bf-a917-a4bd0611257f
cbc6589d-ce91-4567-82ee-3b857935d0f9,species,83229699-ecbf-440a-a0cb-870befe68abc,Plantae,Clematis chinensis,原生 Native,"","","",cbc6589d-ce91-4567-82ee-3b857935d0f9,國內紅皮書不同,categoryRedlistTW,";接近受脅（NT, Near Threatened）",566,https://taxatree.tbn.org.tw/taxa/cbc6589d-ce91-4567-82ee-3b857935d0f9
75cb0e2e-b7bd-461c-a2a1-083050fb4323,infraspecies,cbc6589d-ce91-4567-82ee-3b857935d0f9,Plantae,Clematis chinensis chinensis,原生 Native,"","暫無危機（LC, Least Concern）","",cbc6589d-ce91-4567-82ee-3b857935d0f9,國內紅皮書不同,categoryRedlistTW,";接近受脅（NT, Near Threatened）",40,https://taxatree.tbn.org.tw/taxa/75cb0e2e-b7bd-461c-a2a1-083050fb4323
4de1c747-f831-431a-852e-f29ca34bbe44,infraspecies,cbc6589d-ce91-4567-82ee-3b857935d0f9,Plantae,Clematis chinensis tatushanensis,原生 Native,"","接近受脅（NT, Near Threatened）","",cbc6589d-ce91-4567-82ee-3b857935d0f9,國內紅皮書不同,categoryRedlistTW,";接近受脅（NT, Near Threatened）",147,https://taxatree.tbn.org.tw/taxa/4de1c747-f831-431a-852e-f29ca34bbe44
ceb82e64-cd25-4f1b-a211-24bdd3cad2a3,species,67b4b01a-37a1-4885-af5c-a6850392c6eb,Plantae,Nymphaea nouchali,原生 Native,"","資料缺乏（DD, Data Deficient）","",ceb82e64-cd25-4f1b-a211-24bdd3cad2a3,國內紅皮書不同,categoryRedlistTW,"資料缺乏（DD, Data Deficient）;",10,https://taxatree.tbn.org.tw/taxa/ceb82e64-cd25-4f1b-a211-24bdd3cad2a3
b73f5cf7-9328-455d-b82d-b59f6309d925,infraspecies,ceb82e64-cd25-4f1b-a211-24bdd3cad2a3,Plantae,Nymphaea nouchali zanzibariensis,外來栽培 Cultivated (non-native),"","","",ceb82e64-cd25-4f1b-a211-24bdd3cad2a3,國內紅皮書不同,categoryRedlistTW,"資料缺乏（DD, Data Deficient）;",1,https://taxatree.tbn.org.tw/taxa/b73f5cf7-9328-455d-b82d-b59f6309d925
75ab21bb-eb46-4adb-a87d-6415da49f474,infraspecies,ceb82e64-cd25-4f1b-a211-24bdd3cad2a3,Plantae,Nymphaea nouchali caerulea,外來栽培 Cultivated (non-native),"","","",ceb82e64-cd25-4f1b-a211-24bdd3cad2a3,國內紅皮書不同,categoryRedlistTW,"資料缺乏（DD, Data Deficient）;",0,https://taxatree.tbn.org.tw/taxa/75ab21bb-eb46-4adb-a87d-6415da49f474
cf684298-6583-499e-8b8f-e908d94e0789,species,9db8652b-669d-4e5b-96bd-f76378cb4e5f,Plantae,Rohdea japonica,原生 Native,"","","",cf684298-6583-499e-8b8f-e908d94e0789,國內紅皮書不同,categoryRedlistTW,";易危（VU, Vulnerable）",141,https://taxatree.tbn.org.tw/taxa/cf684298-6583-499e-8b8f-e908d94e0789
2b0717be-71fd-4af2-b7bb-0d72a840051c,infraspecies,cf684298-6583-499e-8b8f-e908d94e0789,Plantae,Rohdea japonica watanabei,原生 Native,"","易危（VU, Vulnerable）","",cf684298-6583-499e-8b8f-e908d94e0789,國內紅皮書不同,categoryRedlistTW,";易危（VU, Vulnerable）",136,https://taxatree.tbn.org.tw/taxa/2b0717be-71fd-4af2-b7bb-0d72a840051c
d0a95d28-5464-417b-8dc5-01b9b987d0ca,species,9b4626c4-0405-41b0-9e77-8e017e1fa75f,Plantae,Hylodesmum podocarpum,原生 Native,"","","",d0a95d28-5464-417b-8dc5-01b9b987d0ca,國內紅皮書不同,categoryRedlistTW,";易危（VU, Vulnerable）",74,https://taxatree.tbn.org.tw/taxa/d0a95d28-5464-417b-8dc5-01b9b987d0ca
abf8eda6-cd56-43f1-9a9a-7017bc3fdc30,infraspecies,d0a95d28-5464-417b-8dc5-01b9b987d0ca,Plantae,Hylodesmum podocarpum podocarpum,原生 Native,"","易危（VU, Vulnerable）","",d0a95d28-5464-417b-8dc5-01b9b987d0ca,國內紅皮書不同,categoryRedlistTW,";易危（VU, Vulnerable）",2,https://taxatree.tbn.org.tw/taxa/abf8eda6-cd56-43f1-9a9a-7017bc3fdc30
c2d57fe8-9246-40d5-aa70-e400d8d95fdc,infraspecies,d0a95d28-5464-417b-8dc5-01b9b987d0ca,Plantae,Hylodesmum podocarpum oxyphyllum,原生 Native,"","暫無危機（LC, Least Concern）","",d0a95d28-5464-417b-8dc5-01b9b987d0ca,國內紅皮書不同,categoryRedlistTW,";易危（VU, Vulnerable）",36,https://taxatree.tbn.org.tw/taxa/c2d57fe8-9246-40d5-aa70-e400d8d95fdc
d1af5957-2b82-4cb6-ab94-1214902b0deb,species,1d757419-e21b-41eb-b65a-b80c8a8e8920,Plantae,Podocarpus macrophyllus,原生 Native,"","易危（VU, Vulnerable）","",d1af5957-2b82-4cb6-ab94-1214902b0deb,國內紅皮書不同,categoryRedlistTW,"易危（VU, Vulnerable）;瀕危（EN, Endangered）",475,https://taxatree.tbn.org.tw/taxa/d1af5957-2b82-4cb6-ab94-1214902b0deb
4bda02c5-12c2-446f-a66a-ef8f26f75c6c,infraspecies,d1af5957-2b82-4cb6-ab94-1214902b0deb,Plantae,Podocarpus macrophyllus macrophyllus,原生 Native,"","瀕危（EN, Endangered）","",d1af5957-2b82-4cb6-ab94-1214902b0deb,國內紅皮書不同,categoryRedlistTW,"易危（VU, Vulnerable）;瀕危（EN, Endangered）",21,https://taxatree.tbn.org.tw/taxa/4bda02c5-12c2-446f-a66a-ef8f26f75c6c
fc0f4bd5-d995-49c9-959c-a30956867338,infraspecies,d1af5957-2b82-4cb6-ab94-1214902b0deb,Plantae,Podocarpus macrophyllus maki,原生 Native,"","易危（VU, Vulnerable）","",d1af5957-2b82-4cb6-ab94-1214902b0deb,國內紅皮書不同,categoryRedlistTW,"易危（VU, Vulnerable）;瀕危（EN, Endangered）",139,https://taxatree.tbn.org.tw/taxa/fc0f4bd5-d995-49c9-959c-a30956867338
d226583f-04f4-46ac-bf1d-8030353adec7,species,4ea9bf65-89c1-40f3-9144-3e57e0078718,Plantae,Euonymus japonicus,原生 Native,"","極危（CR, Critically Endangered）","",d226583f-04f4-46ac-bf1d-8030353adec7,國內紅皮書不同,categoryRedlistTW,"極危（CR, Critically Endangered）;",284,https://taxatree.tbn.org.tw/taxa/d226583f-04f4-46ac-bf1d-8030353adec7
a600c400-77e4-4c22-bdc7-a2bbbdd3a819,infraspecies,d226583f-04f4-46ac-bf1d-8030353adec7,Plantae,Euonymus japonicus aureo-variegatus,原生 Native,"","","",d226583f-04f4-46ac-bf1d-8030353adec7,國內紅皮書不同,categoryRedlistTW,"極危（CR, Critically Endangered）;",0,https://taxatree.tbn.org.tw/taxa/a600c400-77e4-4c22-bdc7-a2bbbdd3a819
d3580ceb-d2f4-4ad1-8428-e1d47f10e966,species,b9f7373c-c392-487e-9f04-e66ecea26677,Plantae,Oberonia insularis,原生 Native,"","易危（VU, Vulnerable）","",d3580ceb-d2f4-4ad1-8428-e1d47f10e966,國內紅皮書不同,categoryRedlistTW,"易危（VU, Vulnerable）;",8,https://taxatree.tbn.org.tw/taxa/d3580ceb-d2f4-4ad1-8428-e1d47f10e966
110eabc8-70be-4e78-b060-903ab4246090,infraspecies,d3580ceb-d2f4-4ad1-8428-e1d47f10e966,Plantae,Oberonia insularis rotunda,原生 Native,"","","",d3580ceb-d2f4-4ad1-8428-e1d47f10e966,國內紅皮書不同,categoryRedlistTW,"易危（VU, Vulnerable）;",0,https://taxatree.tbn.org.tw/taxa/110eabc8-70be-4e78-b060-903ab4246090
d40026b3-a791-4d69-87b5-58a485aed5df,species,28cc105d-6c82-4cf4-8e6a-e403f925ae21,Plantae,Musa itinerans,原生 Native,"","極危（CR, Critically Endangered）","",d40026b3-a791-4d69-87b5-58a485aed5df,國內紅皮書不同,categoryRedlistTW,"極危（CR, Critically Endangered）;",676,https://taxatree.tbn.org.tw/taxa/d40026b3-a791-4d69-87b5-58a485aed5df
c0ebcff0-25e4-411d-b066-c882d34dccae,infraspecies,d40026b3-a791-4d69-87b5-58a485aed5df,Plantae,Musa itinerans chiumeiae,原生 Native,"","極危（CR, Critically Endangered）","",d40026b3-a791-4d69-87b5-58a485aed5df,國內紅皮書不同,categoryRedlistTW,"極危（CR, Critically Endangered）;",21,https://taxatree.tbn.org.tw/taxa/c0ebcff0-25e4-411d-b066-c882d34dccae
95932c91-37c0-46a6-a869-c19cdebebd48,infraspecies,d40026b3-a791-4d69-87b5-58a485aed5df,Plantae,Musa itinerans kavalanensis,原生 Native,"","極危（CR, Critically Endangered）","",d40026b3-a791-4d69-87b5-58a485aed5df,國內紅皮書不同,categoryRedlistTW,"極危（CR, Critically Endangered）;",38,https://taxatree.tbn.org.tw/taxa/95932c91-37c0-46a6-a869-c19cdebebd48
7aa6db0c-8ea7-48d8-a6bd-7a6c5cc1ac83,infraspecies,d40026b3-a791-4d69-87b5-58a485aed5df,Plantae,Musa itinerans chinensis,外來栽培 Cultivated (non-native),"","","",d40026b3-a791-4d69-87b5-58a485aed5df,國內紅皮書不同,categoryRedlistTW,"極危（CR, Critically Endangered）;",1,https://taxatree.tbn.org.tw/taxa/7aa6db0c-8ea7-48d8-a6bd-7a6c5cc1ac83
d531d769-6e92-455f-a97f-bce498acbdf1,species,0cb0c287-a490-4551-a211-2fe986bcbb61,Animalia,Aporia agathon,原生 Native,"","接近受脅（NT, Near Threatened）","",d531d769-6e92-455f-a97f-bce498acbdf1,國內紅皮書不同,categoryRedlistTW,"接近受脅（NT, Near Threatened）;",232,https://taxatree.tbn.org.tw/taxa/d531d769-6e92-455f-a97f-bce498acbdf1
0e89f1b7-cede-412d-8cc9-c030800a0387,infraspecies,d531d769-6e92-455f-a97f-bce498acbdf1,Animalia,Aporia agathon moltrechti,原生 Native,"","","",d531d769-6e92-455f-a97f-bce498acbdf1,國內紅皮書不同,categoryRedlistTW,"接近受脅（NT, Near Threatened）;",182,https://taxatree.tbn.org.tw/taxa/0e89f1b7-cede-412d-8cc9-c030800a0387
d5eed13c-8c4d-4327-9c1f-f8092ee91603,species,b7bdac08-7980-4441-9540-592ddefd550f,Plantae,Brassica oleracea,外來栽培 Cultivated (non-native),"","","",d5eed13c-8c4d-4327-9c1f-f8092ee91603,國內紅皮書不同,categoryRedlistTW,";未評估（NE, Not Evaluated）",156,https://taxatree.tbn.org.tw/taxa/d5eed13c-8c4d-4327-9c1f-f8092ee91603
7992bc96-243d-43d9-a579-b8ceb5f5c536,infraspecies,d5eed13c-8c4d-4327-9c1f-f8092ee91603,Plantae,Brassica oleracea acephala,外來栽培 Cultivated (non-native),"","","",d5eed13c-8c4d-4327-9c1f-f8092ee91603,國內紅皮書不同,categoryRedlistTW,";未評估（NE, Not Evaluated）",6,https://taxatree.tbn.org.tw/taxa/7992bc96-243d-43d9-a579-b8ceb5f5c536
12c90bd7-8f3d-4e94-9604-f57653b657e8,infraspecies,d5eed13c-8c4d-4327-9c1f-f8092ee91603,Plantae,Brassica oleracea alboglabra,外來栽培 Cultivated (non-native),"","","",d5eed13c-8c4d-4327-9c1f-f8092ee91603,國內紅皮書不同,categoryRedlistTW,";未評估（NE, Not Evaluated）",29,https://taxatree.tbn.org.tw/taxa/12c90bd7-8f3d-4e94-9604-f57653b657e8
58405782-4e59-4a25-b466-70e324a7832b,infraspecies,d5eed13c-8c4d-4327-9c1f-f8092ee91603,Plantae,Brassica oleracea botrytis,外來栽培 Cultivated (non-native),"","","",d5eed13c-8c4d-4327-9c1f-f8092ee91603,國內紅皮書不同,categoryRedlistTW,";未評估（NE, Not Evaluated）",9,https://taxatree.tbn.org.tw/taxa/58405782-4e59-4a25-b466-70e324a7832b
bf1cde2f-e3e1-4e06-a539-12e4deaaebfc,infraspecies,d5eed13c-8c4d-4327-9c1f-f8092ee91603,Plantae,Brassica oleracea capitata,外來栽培 Cultivated (non-native),"","未評估（NE, Not Evaluated）","",d5eed13c-8c4d-4327-9c1f-f8092ee91603,國內紅皮書不同,categoryRedlistTW,";未評估（NE, Not Evaluated）",52,https://taxatree.tbn.org.tw/taxa/bf1cde2f-e3e1-4e06-a539-12e4deaaebfc
c17e5bdf-367e-4531-8534-e851c119c25a,infraspecies,d5eed13c-8c4d-4327-9c1f-f8092ee91603,Plantae,Brassica oleracea caulorapa,外來栽培 Cultivated (non-native),"","","",d5eed13c-8c4d-4327-9c1f-f8092ee91603,國內紅皮書不同,categoryRedlistTW,";未評估（NE, Not Evaluated）",2,https://taxatree.tbn.org.tw/taxa/c17e5bdf-367e-4531-8534-e851c119c25a
a1756783-b45b-4e67-b6ee-d13e220ca5c6,infraspecies,d5eed13c-8c4d-4327-9c1f-f8092ee91603,Plantae,Brassica oleracea gemmifera,外來栽培 Cultivated (non-native),"","","",d5eed13c-8c4d-4327-9c1f-f8092ee91603,國內紅皮書不同,categoryRedlistTW,";未評估（NE, Not Evaluated）",1,https://taxatree.tbn.org.tw/taxa/a1756783-b45b-4e67-b6ee-d13e220ca5c6
b7b4a658-5068-49e7-a2e0-853d39388df0,infraspecies,d5eed13c-8c4d-4327-9c1f-f8092ee91603,Plantae,Brassica oleracea gongyloides,外來栽培 Cultivated (non-native),"","","",d5eed13c-8c4d-4327-9c1f-f8092ee91603,國內紅皮書不同,categoryRedlistTW,";未評估（NE, Not Evaluated）",0,https://taxatree.tbn.org.tw/taxa/b7b4a658-5068-49e7-a2e0-853d39388df0
c68d7899-40e7-49fc-a477-292757025d68,infraspecies,d5eed13c-8c4d-4327-9c1f-f8092ee91603,Plantae,Brassica oleracea italica,外來栽培 Cultivated (non-native),"","","",d5eed13c-8c4d-4327-9c1f-f8092ee91603,國內紅皮書不同,categoryRedlistTW,";未評估（NE, Not Evaluated）",7,https://taxatree.tbn.org.tw/taxa/c68d7899-40e7-49fc-a477-292757025d68
d641bd60-869b-4034-864f-c37eb9d471cb,species,922f5268-f14b-42b1-905c-01c278006fd4,Plantae,Eccoilopus formosanus,原生 Native,"","資料缺乏（DD, Data Deficient）","",d641bd60-869b-4034-864f-c37eb9d471cb,國內紅皮書不同,categoryRedlistTW,"資料缺乏（DD, Data Deficient）;",26,https://taxatree.tbn.org.tw/taxa/d641bd60-869b-4034-864f-c37eb9d471cb
263b4a50-788e-4e4f-a9af-62dba8b73b52,infraspecies,d641bd60-869b-4034-864f-c37eb9d471cb,Plantae,Eccoilopus formosanus tohoensis,原生 Native,"","","",d641bd60-869b-4034-864f-c37eb9d471cb,國內紅皮書不同,categoryRedlistTW,"資料缺乏（DD, Data Deficient）;",0,https://taxatree.tbn.org.tw/taxa/263b4a50-788e-4e4f-a9af-62dba8b73b52
dbf5e038-f9e6-4101-93db-baa7ad072d50,species,1fabcdb1-061d-4bd8-b172-fc94575bf5b8,Animalia,Neofelis nebulosa,原生 Native,瀕臨絕種保育類野生動物,"區域滅絕（RE, Regionally Extinct）","易危（VU, Vulnerable）",dbf5e038-f9e6-4101-93db-baa7ad072d50,IUCN紅皮書不同,categoryIUCN,"易危（VU, Vulnerable）;",6,https://taxatree.tbn.org.tw/taxa/dbf5e038-f9e6-4101-93db-baa7ad072d50
a238ef99-b569-4984-b21b-9c9140406207,infraspecies,dbf5e038-f9e6-4101-93db-baa7ad072d50,Animalia,Neofelis nebulosa brachyura,原生 Native,瀕臨絕種保育類野生動物,"區域滅絕（RE, Regionally Extinct）","",dbf5e038-f9e6-4101-93db-baa7ad072d50,IUCN紅皮書不同,categoryIUCN,"易危（VU, Vulnerable）;",0,https://taxatree.tbn.org.tw/taxa/a238ef99-b569-4984-b21b-9c9140406207
dedfd6b0-5be0-4139-b366-f3dc470e068e,species,464ffba5-31a8-4507-a2b9-85e935fc8c6e,Plantae,Anthoxanthum horsfieldii,原生 Native,"","","",dedfd6b0-5be0-4139-b366-f3dc470e068e,國內紅皮書不同,categoryRedlistTW,";接近受脅（NT, Near Threatened）",38,https://taxatree.tbn.org.tw/taxa/dedfd6b0-5be0-4139-b366-f3dc470e068e
656bf0e8-512c-4fbe-984c-bd78d971fab1,infraspecies,dedfd6b0-5be0-4139-b366-f3dc470e068e,Plantae,Anthoxanthum horsfieldii formosanum,原生 Native,"","接近受脅（NT, Near Threatened）","",dedfd6b0-5be0-4139-b366-f3dc470e068e,國內紅皮書不同,categoryRedlistTW,";接近受脅（NT, Near Threatened）",23,https://taxatree.tbn.org.tw/taxa/656bf0e8-512c-4fbe-984c-bd78d971fab1
e2bdb085-44a6-4f43-8c0c-66d48a3b5505,species,644b3176-a244-4893-afd2-cd0a254f0b78,Plantae,Silene fortunei,原生 Native,"","","",e2bdb085-44a6-4f43-8c0c-66d48a3b5505,國內紅皮書不同,categoryRedlistTW,";瀕危（EN, Endangered）",374,https://taxatree.tbn.org.tw/taxa/e2bdb085-44a6-4f43-8c0c-66d48a3b5505
fc05c8b7-3d58-4549-ab93-bb81d26f0b83,infraspecies,e2bdb085-44a6-4f43-8c0c-66d48a3b5505,Plantae,Silene fortunei fortunei,原生 Native,"","暫無危機（LC, Least Concern）","",e2bdb085-44a6-4f43-8c0c-66d48a3b5505,國內紅皮書不同,categoryRedlistTW,";瀕危（EN, Endangered）",10,https://taxatree.tbn.org.tw/taxa/fc05c8b7-3d58-4549-ab93-bb81d26f0b83
09435b84-07d7-45ce-933c-5d27119fc36b,infraspecies,e2bdb085-44a6-4f43-8c0c-66d48a3b5505,Plantae,Silene fortunei kiruninsularis,原生 Native,"","瀕危（EN, Endangered）","",e2bdb085-44a6-4f43-8c0c-66d48a3b5505,國內紅皮書不同,categoryRedlistTW,";瀕危（EN, Endangered）",14,https://taxatree.tbn.org.tw/taxa/09435b84-07d7-45ce-933c-5d27119fc36b
38a04e40-be8d-4a7e-a725-3ce401585957,infraspecies,e2bdb085-44a6-4f43-8c0c-66d48a3b5505,Plantae,Silene fortunei bilobata,外來栽培 Cultivated (non-native),"","","",e2bdb085-44a6-4f43-8c0c-66d48a3b5505,國內紅皮書不同,categoryRedlistTW,";瀕危（EN, Endangered）",20,https://taxatree.tbn.org.tw/taxa/38a04e40-be8d-4a7e-a725-3ce401585957
e2c47e98-6c32-4f1c-a20a-5a2acf331342,species,3fd05fe6-0568-4c64-99a5-2c7e3b54f8f2,Plantae,Vitis thunbergii,原生 Native,"","瀕危（EN, Endangered）","",e2c47e98-6c32-4f1c-a20a-5a2acf331342,國內紅皮書不同,categoryRedlistTW,"瀕危（EN, Endangered）;接近受脅（NT, Near Threatened）",243,https://taxatree.tbn.org.tw/taxa/e2c47e98-6c32-4f1c-a20a-5a2acf331342
91e468ef-191e-43eb-8f7b-16842a5fd2db,infraspecies,e2c47e98-6c32-4f1c-a20a-5a2acf331342,Plantae,Vitis thunbergii thunbergii,原生 Native,"","接近受脅（NT, Near Threatened）","",e2c47e98-6c32-4f1c-a20a-5a2acf331342,國內紅皮書不同,categoryRedlistTW,"瀕危（EN, Endangered）;接近受脅（NT, Near Threatened）",47,https://taxatree.tbn.org.tw/taxa/91e468ef-191e-43eb-8f7b-16842a5fd2db
81dbacac-0849-4a41-83ae-d2f8eb6baee4,infraspecies,e2c47e98-6c32-4f1c-a20a-5a2acf331342,Plantae,Vitis thunbergii taiwaniana,原生 Native,"","瀕危（EN, Endangered）","",e2c47e98-6c32-4f1c-a20a-5a2acf331342,國內紅皮書不同,categoryRedlistTW,"瀕危（EN, Endangered）;接近受脅（NT, Near Threatened）",52,https://taxatree.tbn.org.tw/taxa/81dbacac-0849-4a41-83ae-d2f8eb6baee4
e55396c3-7ff9-472f-839e-b1fb1d06b4c2,species,6194df55-9309-4799-ad2b-1c46ff95a43b,Animalia,Eurema brigitta,原生 Native,"","易危（VU, Vulnerable）","暫無危機（LC, Least Concern）",e55396c3-7ff9-472f-839e-b1fb1d06b4c2,國內紅皮書不同,categoryRedlistTW,"易危（VU, Vulnerable）;",262,https://taxatree.tbn.org.tw/taxa/e55396c3-7ff9-472f-839e-b1fb1d06b4c2
3dfad919-1c28-4477-a4e2-f67be832b4f2,infraspecies,e55396c3-7ff9-472f-839e-b1fb1d06b4c2,Animalia,Eurema brigitta hainana,原生 Native,"","","",e55396c3-7ff9-472f-839e-b1fb1d06b4c2,國內紅皮書不同,categoryRedlistTW,"易危（VU, Vulnerable）;",166,https://taxatree.tbn.org.tw/taxa/3dfad919-1c28-4477-a4e2-f67be832b4f2
e5626bb5-08ff-4f57-864e-ad963cdaf2a5,species,efddaa77-c96f-4178-ab6c-ac475772de8e,Plantae,Centaurium pulchellum,原生 Native,"","","",e5626bb5-08ff-4f57-864e-ad963cdaf2a5,國內紅皮書不同,categoryRedlistTW,";易危（VU, Vulnerable）",35,https://taxatree.tbn.org.tw/taxa/e5626bb5-08ff-4f57-864e-ad963cdaf2a5
d82a9fa0-ce4c-4ea5-ae6c-085897f14291,infraspecies,e5626bb5-08ff-4f57-864e-ad963cdaf2a5,Plantae,Centaurium pulchellum altaicum,原生 Native,"","易危（VU, Vulnerable）","",e5626bb5-08ff-4f57-864e-ad963cdaf2a5,國內紅皮書不同,categoryRedlistTW,";易危（VU, Vulnerable）",31,https://taxatree.tbn.org.tw/taxa/d82a9fa0-ce4c-4ea5-ae6c-085897f14291
e95944ac-c224-40c6-9b67-378405063a0b,species,62ae593f-f7e8-447c-b3eb-126043c83dcb,Plantae,Bredia hirsuta,原生 Native,"","","",e95944ac-c224-40c6-9b67-378405063a0b,國內紅皮書不同,categoryRedlistTW,";接近受脅（NT, Near Threatened）",660,https://taxatree.tbn.org.tw/taxa/e95944ac-c224-40c6-9b67-378405063a0b
e0f3a1f1-cf93-4681-ad3d-b47514177982,infraspecies,e95944ac-c224-40c6-9b67-378405063a0b,Plantae,Bredia hirsuta hirsuta,原生 Native,"","暫無危機（LC, Least Concern）","",e95944ac-c224-40c6-9b67-378405063a0b,國內紅皮書不同,categoryRedlistTW,";接近受脅（NT, Near Threatened）",3,https://taxatree.tbn.org.tw/taxa/e0f3a1f1-cf93-4681-ad3d-b47514177982
de6bb8e6-4a9c-4daf-969b-55861b2f0c5a,infraspecies,e95944ac-c224-40c6-9b67-378405063a0b,Plantae,Bredia hirsuta rotundifolia,原生 Native,"","接近受脅（NT, Near Threatened）","",e95944ac-c224-40c6-9b67-378405063a0b,國內紅皮書不同,categoryRedlistTW,";接近受脅（NT, Near Threatened）",136,https://taxatree.tbn.org.tw/taxa/de6bb8e6-4a9c-4daf-969b-55861b2f0c5a
b0fc1a85-52ff-4adb-b233-0cbafc943156,infraspecies,e95944ac-c224-40c6-9b67-378405063a0b,Plantae,Bredia hirsuta scandens,原生 Native,"","暫無危機（LC, Least Concern）","",e95944ac-c224-40c6-9b67-378405063a0b,國內紅皮書不同,categoryRedlistTW,";接近受脅（NT, Near Threatened）",335,https://taxatree.tbn.org.tw/taxa/b0fc1a85-52ff-4adb-b233-0cbafc943156
ec16b5e7-3bc6-48e1-99e3-fe071331a48e,species,5a5e4cb2-f511-4da7-929a-54dc37df94b4,Animalia,Rusa unicolor,原生 Native,其他應予保育之野生動物,"接近受脅（NT, Near Threatened）","易危（VU, Vulnerable）",ec16b5e7-3bc6-48e1-99e3-fe071331a48e,IUCN紅皮書不同,categoryIUCN,"易危（VU, Vulnerable）;",89431,https://taxatree.tbn.org.tw/taxa/ec16b5e7-3bc6-48e1-99e3-fe071331a48e
103f39fd-deea-4def-be42-cda337d745ea,infraspecies,ec16b5e7-3bc6-48e1-99e3-fe071331a48e,Animalia,Rusa unicolor swinhoii,原生 Native,其他應予保育之野生動物,"接近受脅（NT, Near Threatened）","",ec16b5e7-3bc6-48e1-99e3-fe071331a48e,IUCN紅皮書不同,categoryIUCN,"易危（VU, Vulnerable）;",50623,https://taxatree.tbn.org.tw/taxa/103f39fd-deea-4def-be42-cda337d745ea
ec6c68d7-2f4c-4c37-a43a-2f4a41374503,species,2cf3a83e-1902-4fe9-bfba-a8d8f9534f5d,Plantae,Callitriche palustris,原生 Native,"","接近受脅（NT, Near Threatened）","",ec6c68d7-2f4c-4c37-a43a-2f4a41374503,國內紅皮書不同,categoryRedlistTW,"接近受脅（NT, Near Threatened）;資料缺乏（DD, Data Deficient）",111,https://taxatree.tbn.org.tw/taxa/ec6c68d7-2f4c-4c37-a43a-2f4a41374503
9a468d01-7bf0-4033-8eb5-40fd8d5e38c3,infraspecies,ec6c68d7-2f4c-4c37-a43a-2f4a41374503,Plantae,Callitriche palustris palustris,原生 Native,"","接近受脅（NT, Near Threatened）","",ec6c68d7-2f4c-4c37-a43a-2f4a41374503,國內紅皮書不同,categoryRedlistTW,"接近受脅（NT, Near Threatened）;資料缺乏（DD, Data Deficient）",61,https://taxatree.tbn.org.tw/taxa/9a468d01-7bf0-4033-8eb5-40fd8d5e38c3
c195b01e-581a-4f10-9105-649ed5b92bf2,infraspecies,ec6c68d7-2f4c-4c37-a43a-2f4a41374503,Plantae,Callitriche palustris oryzetorum,原生 Native,"","資料缺乏（DD, Data Deficient）","",ec6c68d7-2f4c-4c37-a43a-2f4a41374503,國內紅皮書不同,categoryRedlistTW,"接近受脅（NT, Near Threatened）;資料缺乏（DD, Data Deficient）",7,https://taxatree.tbn.org.tw/taxa/c195b01e-581a-4f10-9105-649ed5b92bf2
edb70c85-f6c4-4040-bdc1-a94858649bea,species,0b39bfbd-93a6-4f3f-8d28-974c1e72513b,Plantae,Aphyllorchis montana,原生 Native,"","","",edb70c85-f6c4-4040-bdc1-a94858649bea,國內紅皮書不同,categoryRedlistTW,";資料缺乏（DD, Data Deficient）",93,https://taxatree.tbn.org.tw/taxa/edb70c85-f6c4-4040-bdc1-a94858649bea
bbf0ce36-9738-40b9-a0a4-0e93ba95cbe7,infraspecies,edb70c85-f6c4-4040-bdc1-a94858649bea,Plantae,Aphyllorchis montana montana,原生 Native,"","暫無危機（LC, Least Concern）","",edb70c85-f6c4-4040-bdc1-a94858649bea,國內紅皮書不同,categoryRedlistTW,";資料缺乏（DD, Data Deficient）",9,https://taxatree.tbn.org.tw/taxa/bbf0ce36-9738-40b9-a0a4-0e93ba95cbe7
1462293d-ec5a-4abf-90c2-1ba013ed36fa,infraspecies,edb70c85-f6c4-4040-bdc1-a94858649bea,Plantae,Aphyllorchis montana membranacea,原生 Native,"","資料缺乏（DD, Data Deficient）","",edb70c85-f6c4-4040-bdc1-a94858649bea,國內紅皮書不同,categoryRedlistTW,";資料缺乏（DD, Data Deficient）",5,https://taxatree.tbn.org.tw/taxa/1462293d-ec5a-4abf-90c2-1ba013ed36fa
efba3f33-e7b3-4096-803d-6d05dd2173e7,species,a1f3ffa3-2f5a-484f-8b3b-208a65b0b0f1,Plantae,Lilium lancifolium,外來栽培 Cultivated (non-native),"","未評估（NE, Not Evaluated）","",efba3f33-e7b3-4096-803d-6d05dd2173e7,國內紅皮書不同,categoryRedlistTW,"未評估（NE, Not Evaluated）;",12,https://taxatree.tbn.org.tw/taxa/efba3f33-e7b3-4096-803d-6d05dd2173e7
acea36e0-5062-42b6-be5a-f794091271db,infraspecies,efba3f33-e7b3-4096-803d-6d05dd2173e7,Plantae,Lilium lancifolium scabrum,外來栽培 Cultivated (non-native),"","","",efba3f33-e7b3-4096-803d-6d05dd2173e7,國內紅皮書不同,categoryRedlistTW,"未評估（NE, Not Evaluated）;",0,https://taxatree.tbn.org.tw/taxa/acea36e0-5062-42b6-be5a-f794091271db
f1fa2f04-8f20-4512-9e1f-809004332de4,species,c9dda634-d395-4ee1-a453-268a1abc561c,Plantae,Lecanorchis subpelorica,原生 Native,"","資料缺乏（DD, Data Deficient）","",f1fa2f04-8f20-4512-9e1f-809004332de4,國內紅皮書不同,categoryRedlistTW,"資料缺乏（DD, Data Deficient）;",4,https://taxatree.tbn.org.tw/taxa/f1fa2f04-8f20-4512-9e1f-809004332de4
586dcc30-ce68-413b-99ad-5b272a821e08,infraspecies,f1fa2f04-8f20-4512-9e1f-809004332de4,Plantae,Lecanorchis subpelorica subpelorica,原生 Native,"","","",f1fa2f04-8f20-4512-9e1f-809004332de4,國內紅皮書不同,categoryRedlistTW,"資料缺乏（DD, Data Deficient）;",0,https://taxatree.tbn.org.tw/taxa/586dcc30-ce68-413b-99ad-5b272a821e08
e644aceb-537e-43cf-9605-ac82b853ba1b,infraspecies,f1fa2f04-8f20-4512-9e1f-809004332de4,Plantae,Lecanorchis subpelorica latens,原生 Native,"","","",f1fa2f04-8f20-4512-9e1f-809004332de4,國內紅皮書不同,categoryRedlistTW,"資料缺乏（DD, Data Deficient）;",0,https://taxatree.tbn.org.tw/taxa/e644aceb-537e-43cf-9605-ac82b853ba1b
fc44a062-ae75-4731-a3fa-746947f51f2e,species,34372d0f-cf4b-4698-a8ba-69dbb91f3314,Plantae,Michelia compressa,原生 Native,"","","",fc44a062-ae75-4731-a3fa-746947f51f2e,國內紅皮書不同,categoryRedlistTW,";未評估（NE, Not Evaluated）",3774,https://taxatree.tbn.org.tw/taxa/fc44a062-ae75-4731-a3fa-746947f51f2e
7e23ead7-79db-4ca8-a4a6-339ae36f0236,infraspecies,fc44a062-ae75-4731-a3fa-746947f51f2e,Plantae,Michelia compressa formosana,原生 Native,"","未評估（NE, Not Evaluated）","",fc44a062-ae75-4731-a3fa-746947f51f2e,國內紅皮書不同,categoryRedlistTW,";未評估（NE, Not Evaluated）",268,https://taxatree.tbn.org.tw/taxa/7e23ead7-79db-4ca8-a4a6-339ae36f0236
4ff0398f-8e01-4dea-88e8-bfec2c511818,infraspecies,fc44a062-ae75-4731-a3fa-746947f51f2e,Plantae,Michelia compressa lanyuensis,原生 Native,"","暫無危機（LC, Least Concern）","未評估（NE, Not Evaluated）",fc44a062-ae75-4731-a3fa-746947f51f2e,國內紅皮書不同,categoryRedlistTW,";未評估（NE, Not Evaluated）",1394,https://taxatree.tbn.org.tw/taxa/4ff0398f-8e01-4dea-88e8-bfec2c511818
fc44a062-ae75-4731-a3fa-746947f51f2e,species,34372d0f-cf4b-4698-a8ba-69dbb91f3314,Plantae,Michelia compressa,原生 Native,"","","",fc44a062-ae75-4731-a3fa-746947f51f2e,IUCN紅皮書不同,categoryIUCN,";未評估（NE, Not Evaluated）",3774,https://taxatree.tbn.org.tw/taxa/fc44a062-ae75-4731-a3fa-746947f51f2e
7e23ead7-79db-4ca8-a4a6-339ae36f0236,infraspecies,fc44a062-ae75-4731-a3fa-746947f51f2e,Plantae,Michelia compressa formosana,原生 Native,"","未評估（NE, Not Evaluated）","",fc44a062-ae75-4731-a3fa-746947f51f2e,IUCN紅皮書不同,categoryIUCN,";未評估（NE, Not Evaluated）",268,https://taxatree.tbn.org.tw/taxa/7e23ead7-79db-4ca8-a4a6-339ae36f0236
4ff0398f-8e01-4dea-88e8-bfec2c511818,infraspecies,fc44a062-ae75-4731-a3fa-746947f51f2e,Plantae,Michelia compressa lanyuensis,原生 Native,"","暫無危機（LC, Least Concern）","未評估（NE, Not Evaluated）",fc44a062-ae75-4731-a3fa-746947f51f2e,IUCN紅皮書不同,categoryIUCN,";未評估（NE, Not Evaluated）",1394,https://taxatree.tbn.org.tw/taxa/4ff0398f-8e01-4dea-88e8-bfec2c511818
fd20b992-f883-4c07-ae1d-4c452ba1a59c,species,22f56291-f352-4682-8dbb-35ccb5275375,Plantae,Allium bakeri,原生 Native,"","","",fd20b992-f883-4c07-ae1d-4c452ba1a59c,國內紅皮書不同,categoryRedlistTW,";資料缺乏（DD, Data Deficient）",3,https://taxatree.tbn.org.tw/taxa/fd20b992-f883-4c07-ae1d-4c452ba1a59c
55fcb95d-584f-42cb-b32a-631c5009c00b,infraspecies,fd20b992-f883-4c07-ae1d-4c452ba1a59c,Plantae,Allium bakeri morrisonense,原生 Native,"","資料缺乏（DD, Data Deficient）","",fd20b992-f883-4c07-ae1d-4c452ba1a59c,國內紅皮書不同,categoryRedlistTW,";資料缺乏（DD, Data Deficient）",1,https://taxatree.tbn.org.tw/taxa/55fcb95d-584f-42cb-b32a-631c5009c00b
ffcc50a3-205c-4d49-99d5-13ae67cf93c8,species,f3ba4db2-671b-4f72-9488-aea54b955d8e,Plantae,Rhododendron ovatum,原生 Native,"","資料缺乏（DD, Data Deficient）","",ffcc50a3-205c-4d49-99d5-13ae67cf93c8,國內紅皮書不同,categoryRedlistTW,"資料缺乏（DD, Data Deficient）;接近受脅（NT, Near Threatened）",258,https://taxatree.tbn.org.tw/taxa/ffcc50a3-205c-4d49-99d5-13ae67cf93c8
b9dd476c-7f86-40c4-9ea0-f1f69e50943c,infraspecies,ffcc50a3-205c-4d49-99d5-13ae67cf93c8,Plantae,Rhododendron ovatum ovatum,原生 Native,"","資料缺乏（DD, Data Deficient）","",ffcc50a3-205c-4d49-99d5-13ae67cf93c8,國內紅皮書不同,categoryRedlistTW,"資料缺乏（DD, Data Deficient）;接近受脅（NT, Near Threatened）",43,https://taxatree.tbn.org.tw/taxa/b9dd476c-7f86-40c4-9ea0-f1f69e50943c
2996767e-4bfa-4a98-b6c1-04429912be0b,infraspecies,ffcc50a3-205c-4d49-99d5-13ae67cf93c8,Plantae,Rhododendron ovatum lamprophyllum,原生 Native,"","接近受脅（NT, Near Threatened）","",ffcc50a3-205c-4d49-99d5-13ae67cf93c8,國內紅皮書不同,categoryRedlistTW,"資料缺乏（DD, Data Deficient）;接近受脅（NT, Near Threatened）",24,https://taxatree.tbn.org.tw/taxa/2996767e-4bfa-4a98-b6c1-04429912be0b
