taxonUUID,taxonRank,kingdom,taiCOLNameCode,tfNameCode,simplifiedScientificName,scientificName,reason,TT_URL
d419e737-9e98-443d-877f-f3d5e09b9cf3,subclass,Plantae,t0000562,"",Psilotidae,Psilotidae,taiCOLNameCode重複,https://vvtaxatree.tbn.org.tw/taxa/d419e737-9e98-443d-877f-f3d5e09b9cf3
c85b5302-26d6-4fdd-be70-b3e39fc1c417,subclass,Plantae,t0000562,"",Ophioglossidae,Ophioglossidae,taiCOLNameCode重複,https://vvtaxatree.tbn.org.tw/taxa/c85b5302-26d6-4fdd-be70-b3e39fc1c417
50e00070-143f-46d8-966f-0211c21f0ace,family,Plantae,t0002323,"",Dioscoreaceae,Dioscoreaceae,taiCOLNameCode重複,https://vvtaxatree.tbn.org.tw/taxa/50e00070-143f-46d8-966f-0211c21f0ace
dc2848e6-48dd-47c5-a543-0e5325c6cf8a,family,Plantae,t0002323,"",Taccaceae,Taccaceae,taiCOLNameCode重複,https://vvtaxatree.tbn.org.tw/taxa/dc2848e6-48dd-47c5-a543-0e5325c6cf8a
874d9919-9813-470a-8973-fb07926d7ba1,family,Fungi,t0003454,"",Polyporaceae,Polyporaceae,taiCOLNameCode重複,https://vvtaxatree.tbn.org.tw/taxa/874d9919-9813-470a-8973-fb07926d7ba1
4591e472-9f58-42c4-ba74-609157e53218,family,Fungi,t0003454,"",Ganodermataceae,Ganodermataceae,taiCOLNameCode重複,https://vvtaxatree.tbn.org.tw/taxa/4591e472-9f58-42c4-ba74-609157e53218
c3e6a6bd-29f0-476d-ac8c-9bc111cfa4e6,genus,Plantae,t0009032,"",Leptolepia,Leptolepia,taiCOLNameCode重複,https://vvtaxatree.tbn.org.tw/taxa/c3e6a6bd-29f0-476d-ac8c-9bc111cfa4e6
a22b4dfa-1623-4a3d-bc6b-3d10b8bb9c2a,genus,Plantae,t0009032,"",Oenotrichia,Oenotrichia,taiCOLNameCode重複,https://vvtaxatree.tbn.org.tw/taxa/a22b4dfa-1623-4a3d-bc6b-3d10b8bb9c2a
e0e38713-0e8c-4a0a-8661-1b64c4207c99,genus,Plantae,t0009032,"",Dennstaedtia,Dennstaedtia,taiCOLNameCode重複,https://vvtaxatree.tbn.org.tw/taxa/e0e38713-0e8c-4a0a-8661-1b64c4207c99
4ebdcad5-b566-49ba-97ce-ca293c38dbc4,genus,Plantae,t0024222,"",Magnolia,Magnolia,taiCOLNameCode重複,https://vvtaxatree.tbn.org.tw/taxa/4ebdcad5-b566-49ba-97ce-ca293c38dbc4
34372d0f-cf4b-4698-a8ba-69dbb91f3314,genus,Plantae,t0024222,"",Michelia,Michelia,taiCOLNameCode重複,https://vvtaxatree.tbn.org.tw/taxa/34372d0f-cf4b-4698-a8ba-69dbb91f3314
2dc58bd1-6800-4498-a187-176cb8be8a1e,genus,Plantae,t0023351,"",Calanthe,Calanthe,taiCOLNameCode重複,https://vvtaxatree.tbn.org.tw/taxa/2dc58bd1-6800-4498-a187-176cb8be8a1e
8b3e89f0-39cd-4a7c-bf46-8f175e533fc5,genus,Plantae,t0023351,"",Cephalantheropsis,Cephalantheropsis,taiCOLNameCode重複,https://vvtaxatree.tbn.org.tw/taxa/8b3e89f0-39cd-4a7c-bf46-8f175e533fc5
408d13e0-a269-4011-afc9-6b7d88e30a62,genus,Plantae,t0023351,"",Paraphaius,Paraphaius,taiCOLNameCode重複,https://vvtaxatree.tbn.org.tw/taxa/408d13e0-a269-4011-afc9-6b7d88e30a62
bf7e6655-1598-4e9b-b51b-4651dfc3cc4c,genus,Plantae,t0023351,"",Phaius,Phaius,taiCOLNameCode重複,https://vvtaxatree.tbn.org.tw/taxa/bf7e6655-1598-4e9b-b51b-4651dfc3cc4c
4275e08a-f3a6-43ef-a264-73dd83f25a4f,genus,Plantae,t0023351,"",Styloglossum,Styloglossum,taiCOLNameCode重複,https://vvtaxatree.tbn.org.tw/taxa/4275e08a-f3a6-43ef-a264-73dd83f25a4f
74cf6f20-cb4d-4d1e-b22b-ca062565dd67,genus,Plantae,t0025085,"",Vanda,Vanda,taiCOLNameCode重複,https://vvtaxatree.tbn.org.tw/taxa/74cf6f20-cb4d-4d1e-b22b-ca062565dd67
831a5291-4b24-4e9a-9fbc-fcfb5b14aeac,genus,Plantae,t0025085,"",Euanthe,Euanthe,taiCOLNameCode重複,https://vvtaxatree.tbn.org.tw/taxa/831a5291-4b24-4e9a-9fbc-fcfb5b14aeac
66b33dc5-298d-4d97-a906-dfdf9c532ca9,genus,Plantae,t0002523,"",Campylandra,Campylandra,taiCOLNameCode重複,https://vvtaxatree.tbn.org.tw/taxa/66b33dc5-298d-4d97-a906-dfdf9c532ca9
9db8652b-669d-4e5b-96bd-f76378cb4e5f,genus,Plantae,t0002523,"",Rohdea,Rohdea,taiCOLNameCode重複,https://vvtaxatree.tbn.org.tw/taxa/9db8652b-669d-4e5b-96bd-f76378cb4e5f
30e83e13-7764-4bae-97db-60a9341dc098,genus,Plantae,t0002629,"",Breynia,Breynia,taiCOLNameCode重複,https://vvtaxatree.tbn.org.tw/taxa/30e83e13-7764-4bae-97db-60a9341dc098
d930584e-9040-4e5a-a6e8-2ba337312737,genus,Plantae,t0002629,"",Synostemon,Synostemon,taiCOLNameCode重複,https://vvtaxatree.tbn.org.tw/taxa/d930584e-9040-4e5a-a6e8-2ba337312737
5b9d09e0-8743-4f09-9a4d-a0a81627017b,genus,Plantae,t0023832,"",Eutrema,Eutrema,taiCOLNameCode重複,https://vvtaxatree.tbn.org.tw/taxa/5b9d09e0-8743-4f09-9a4d-a0a81627017b
ba0fcebf-ecb8-4df2-b6b5-894eaf75d81b,genus,Plantae,t0023832,"",Wasabia,Wasabia,taiCOLNameCode重複,https://vvtaxatree.tbn.org.tw/taxa/ba0fcebf-ecb8-4df2-b6b5-894eaf75d81b
1dacdd11-b3b5-477d-a888-221f94f2ce3f,genus,Plantae,t0002687,"",Cardiandra,Cardiandra,taiCOLNameCode重複,https://vvtaxatree.tbn.org.tw/taxa/1dacdd11-b3b5-477d-a888-221f94f2ce3f
6050b164-f36e-4988-b009-0d77ff453cf6,genus,Plantae,t0002687,"",Hydrangea,Hydrangea,taiCOLNameCode重複,https://vvtaxatree.tbn.org.tw/taxa/6050b164-f36e-4988-b009-0d77ff453cf6
6f1a6779-6e1e-4d01-ae0b-4cf09f4a59c6,genus,Plantae,t0002687,"",Pileostegia,Pileostegia,taiCOLNameCode重複,https://vvtaxatree.tbn.org.tw/taxa/6f1a6779-6e1e-4d01-ae0b-4cf09f4a59c6
983644c4-941f-4c3b-be84-7df623ea80c9,genus,Plantae,t0002687,"",Schizophragma,Schizophragma,taiCOLNameCode重複,https://vvtaxatree.tbn.org.tw/taxa/983644c4-941f-4c3b-be84-7df623ea80c9
f6861ff4-e330-4b5a-88ee-8c41fcd68377,genus,Plantae,t0002688,"",Benthamidia,Benthamidia,taiCOLNameCode重複,https://vvtaxatree.tbn.org.tw/taxa/f6861ff4-e330-4b5a-88ee-8c41fcd68377
f6526d29-ca73-4e61-bbdb-8278c69fc17e,genus,Plantae,t0002688,"",Cornus,Cornus,taiCOLNameCode重複,https://vvtaxatree.tbn.org.tw/taxa/f6526d29-ca73-4e61-bbdb-8278c69fc17e
4abe28e2-a08f-4f58-b75e-e38846c4b165,genus,Plantae,t0002696,"",Anagallis,Anagallis,taiCOLNameCode重複,https://vvtaxatree.tbn.org.tw/taxa/4abe28e2-a08f-4f58-b75e-e38846c4b165
be24c702-d13e-4ca6-8764-2ead1fd4b6b2,genus,Plantae,t0002696,"",Lysimachia,Lysimachia,taiCOLNameCode重複,https://vvtaxatree.tbn.org.tw/taxa/be24c702-d13e-4ca6-8764-2ead1fd4b6b2
4e1684d6-43f7-403f-a704-3112173a774b,genus,Plantae,t0002696,"",Glaux,Glaux,taiCOLNameCode重複,https://vvtaxatree.tbn.org.tw/taxa/4e1684d6-43f7-403f-a704-3112173a774b
a619041e-da1e-4666-8c74-e5829bd8bbff,genus,Plantae,t0002696,"",Trientalis,Trientalis,taiCOLNameCode重複,https://vvtaxatree.tbn.org.tw/taxa/a619041e-da1e-4666-8c74-e5829bd8bbff
817c567f-a8ff-473f-9a3c-01ab56d0af81,genus,Plantae,t0002519,"",Tylophora,Tylophora,taiCOLNameCode重複,https://vvtaxatree.tbn.org.tw/taxa/817c567f-a8ff-473f-9a3c-01ab56d0af81
cb603d38-7e95-4f0a-8cca-bc90f6753f46,genus,Plantae,t0002795,"",Heliotropium,Heliotropium,taiCOLNameCode重複,https://vvtaxatree.tbn.org.tw/taxa/cb603d38-7e95-4f0a-8cca-bc90f6753f46
0d710e9d-a114-48fc-bc1c-e23047efa39a,species,Plantae,t0074122,"",Gloriosa superba,Gloriosa superba L.,taiCOLNameCode重複,https://vvtaxatree.tbn.org.tw/taxa/0d710e9d-a114-48fc-bc1c-e23047efa39a
3e7404a6-6312-4440-8f17-63d4a4ba5fb3,infraspecies,Plantae,t0084633,"",Skimmia japonica distincte-venulosa orthoclada,Skimmia japonica subsp. distincte-venulosa (Hayata) T.C.Ho var. orthoclada,taiCOLNameCode重複,https://vvtaxatree.tbn.org.tw/taxa/3e7404a6-6312-4440-8f17-63d4a4ba5fb3
0d0556eb-8aca-43e9-b8c3-73e441d9f07d,genus,Plantae,t0023205,"",Aptychella,Aptychella,taiCOLNameCode重複,https://vvtaxatree.tbn.org.tw/taxa/0d0556eb-8aca-43e9-b8c3-73e441d9f07d
1eb8ceae-a575-4fe8-a39c-e0f65f8d52f2,genus,Plantae,t0023205,"",Clastobryopsis,Clastobryopsis,taiCOLNameCode重複,https://vvtaxatree.tbn.org.tw/taxa/1eb8ceae-a575-4fe8-a39c-e0f65f8d52f2
b7268b71-85b9-4996-b26f-e2309a592474,genus,Plantae,t0002795,"",Tournefortia,Tournefortia,taiCOLNameCode重複,https://vvtaxatree.tbn.org.tw/taxa/b7268b71-85b9-4996-b26f-e2309a592474
ee9daa7c-a46e-4549-9846-005c4765a4cb,genus,Plantae,t0002519,"",Vincetoxicum,Vincetoxicum,taiCOLNameCode重複,https://vvtaxatree.tbn.org.tw/taxa/ee9daa7c-a46e-4549-9846-005c4765a4cb
9f2f33b0-35d4-4f20-a63b-14660926ec67,infraspecies,Plantae,t0084633,"",Skimmia japonica distincte-venulosa,Skimmia japonica subsp. distincte-venulosa (Hayata) T.C.Ho,taiCOLNameCode重複,https://vvtaxatree.tbn.org.tw/taxa/9f2f33b0-35d4-4f20-a63b-14660926ec67
9591ead2-8052-4758-99b9-3f801db24ef9,infraspecies,Plantae,t0074122,"",Gloriosa superba Greenii,Gloriosa superba 'Greenii',taiCOLNameCode重複,https://vvtaxatree.tbn.org.tw/taxa/9591ead2-8052-4758-99b9-3f801db24ef9
c81c2d9d-6ab5-461f-ba33-48c46fd7a98f,domain,"","","",Bacteria,Bacteria,學名重複,https://vvtaxatree.tbn.org.tw/taxa/c81c2d9d-6ab5-461f-ba33-48c46fd7a98f
fed1e06f-3d52-4f12-8dcf-7aeed0552eb0,class,Animalia,t0000473,"",Branchiopoda,Branchiopoda,學名重複,https://vvtaxatree.tbn.org.tw/taxa/fed1e06f-3d52-4f12-8dcf-7aeed0552eb0
a4bf4963-5d24-4e02-9b11-b8a2ce74bfab,class,Animalia,t0002887,"",Actinopterygii,Actinopterygii,學名重複,https://vvtaxatree.tbn.org.tw/taxa/a4bf4963-5d24-4e02-9b11-b8a2ce74bfab
57ec2a7c-cd34-44ad-b6d5-2bc4d5385c93,class,Animalia,t0002891,"",Chondrichthyes,Chondrichthyes,學名重複,https://vvtaxatree.tbn.org.tw/taxa/57ec2a7c-cd34-44ad-b6d5-2bc4d5385c93
6f82946d-471a-45a0-89db-86eb98ed24a8,class,Animalia,t0002890,"",Cestoda,Cestoda,學名重複,https://vvtaxatree.tbn.org.tw/taxa/6f82946d-471a-45a0-89db-86eb98ed24a8
381c9d62-c4ff-4d01-88ec-d825bd36d366,class,Animalia,t0000485,"",Collembola,Collembola,學名重複,https://vvtaxatree.tbn.org.tw/taxa/381c9d62-c4ff-4d01-88ec-d825bd36d366
33acf3ab-99be-4fe9-aa6d-c4d45853c9c7,order,Animalia,t0003078,"",Protura,Protura,學名重複,https://vvtaxatree.tbn.org.tw/taxa/33acf3ab-99be-4fe9-aa6d-c4d45853c9c7
40c2602a-1e39-472e-9310-123e599dc26f,order,Animalia,t0003088,"",Squamata,Squamata,學名重複,https://vvtaxatree.tbn.org.tw/taxa/40c2602a-1e39-472e-9310-123e599dc26f
04a87524-3ed5-495d-ab3e-a5689ba55487,order,Animalia,t0002064,"",Pholidota,Pholidota,學名重複,https://vvtaxatree.tbn.org.tw/taxa/04a87524-3ed5-495d-ab3e-a5689ba55487
7840f146-d98d-45c0-ae13-200ed61df406,order,Animalia,t0001656,"",Vetigastropoda,Vetigastropoda,學名重複,https://vvtaxatree.tbn.org.tw/taxa/7840f146-d98d-45c0-ae13-200ed61df406
8acc098c-8f02-4890-885b-256666018775,order,Animalia,t0001657,"",Scolecida,Scolecida,學名重複,https://vvtaxatree.tbn.org.tw/taxa/8acc098c-8f02-4890-885b-256666018775
79f0dfa9-4c0d-4556-ace4-f7c7e38a8fb3,order,Animalia,t0002075,"",Plecoptera,Plecoptera,學名重複,https://vvtaxatree.tbn.org.tw/taxa/79f0dfa9-4c0d-4556-ace4-f7c7e38a8fb3
b97f04e6-e040-43c4-a957-4c1d09c2094f,kingdom,Cryptista,"","",Cryptista,Cryptista,學名重複,https://vvtaxatree.tbn.org.tw/taxa/b97f04e6-e040-43c4-a957-4c1d09c2094f
37612a37-510c-4623-98d7-c9988cae908a,kingdom,Fungi,t0000008,"",Fungi,Fungi,學名重複,https://vvtaxatree.tbn.org.tw/taxa/37612a37-510c-4623-98d7-c9988cae908a
24f4d33d-6d95-4445-8b31-5fada01a4203,phylum,Chromista,t0000078,"",Cryptista,Cryptista,學名重複,https://vvtaxatree.tbn.org.tw/taxa/24f4d33d-6d95-4445-8b31-5fada01a4203
7e7d991e-7e79-4bc1-ae27-9e10aaa37159,phylum,Fungi,t0000086,"",Basidiomycota,Basidiomycota,學名重複,https://vvtaxatree.tbn.org.tw/taxa/7e7d991e-7e79-4bc1-ae27-9e10aaa37159
f2746330-97f2-46d7-8b3a-4c48d364dfe2,phylum,Fungi,t0000085,"",Ascomycota,Ascomycota,學名重複,https://vvtaxatree.tbn.org.tw/taxa/f2746330-97f2-46d7-8b3a-4c48d364dfe2
34ded212-a618-4d6c-bf75-b61bf92a390c,genus,Fungi,t0008417,"",Rhopographus,Rhopographus,學名重複,https://vvtaxatree.tbn.org.tw/taxa/34ded212-a618-4d6c-bf75-b61bf92a390c
963beb97-6539-43f0-9d59-79e39037cb65,genus,Fungi,t0007792,"",Japonia,Japonia,學名重複,https://vvtaxatree.tbn.org.tw/taxa/963beb97-6539-43f0-9d59-79e39037cb65
07162fa8-253e-4db2-bd80-9299cf011b7a,genus,Animalia,t0016126,"",Scaphidium,Scaphidium,學名重複,https://vvtaxatree.tbn.org.tw/taxa/07162fa8-253e-4db2-bd80-9299cf011b7a
f79043bb-0265-4645-9f46-6d9f286bf745,genus,Fungi,t0007454,"",Dictyonella,Dictyonella,學名重複,https://vvtaxatree.tbn.org.tw/taxa/f79043bb-0265-4645-9f46-6d9f286bf745
c1681d98-1571-4cfb-a7d5-549353bf8fd2,family,Animalia,"","",Cybaeidae,Cybaeidae,學名重複,https://vvtaxatree.tbn.org.tw/taxa/c1681d98-1571-4cfb-a7d5-549353bf8fd2
2fd599e9-f181-4634-b8b5-af5bed833d09,family,Animalia,"","",Prodidomidae,Prodidomidae,學名重複,https://vvtaxatree.tbn.org.tw/taxa/2fd599e9-f181-4634-b8b5-af5bed833d09
de1d8bfb-3271-428b-86cc-303471dc4040,kingdom,Bacteria,t0000005,"",Bacteria,Bacteria,學名重複,https://vvtaxatree.tbn.org.tw/taxa/de1d8bfb-3271-428b-86cc-303471dc4040
1f990f65-b360-43c9-ab2c-2e7ec9b1917d,genus,Animalia,t0012329,"",Cosella,Cosella,學名重複,https://vvtaxatree.tbn.org.tw/taxa/1f990f65-b360-43c9-ab2c-2e7ec9b1917d
dd91addf-d615-4f32-996e-59c934fefcf4,genus,Animalia,t0012330,"",Cosella,Cosella,學名重複,https://vvtaxatree.tbn.org.tw/taxa/dd91addf-d615-4f32-996e-59c934fefcf4
3316e7dc-d682-465d-8816-6b3c01f755a9,genus,Animalia,t0020305,"",Gustavia,Gustavia,學名重複,https://vvtaxatree.tbn.org.tw/taxa/3316e7dc-d682-465d-8816-6b3c01f755a9
2fa10be7-79c4-4c25-8ad6-e6b3c2f5fdea,genus,Animalia,"","",Itatsina,Itatsina,學名重複,https://vvtaxatree.tbn.org.tw/taxa/2fa10be7-79c4-4c25-8ad6-e6b3c2f5fdea
f2f9c643-a583-4918-b0ff-5a2bc348b314,genus,Animalia,"","",Perisesarma,Perisesarma,學名重複,https://vvtaxatree.tbn.org.tw/taxa/f2f9c643-a583-4918-b0ff-5a2bc348b314
fa5a85b7-9570-4bcf-89c7-ba6249b7967a,genus,Animalia,t0009403,"",Actaea,Actaea,學名重複,https://vvtaxatree.tbn.org.tw/taxa/fa5a85b7-9570-4bcf-89c7-ba6249b7967a
f194eecd-8d8f-40f6-b764-38e579e67ca2,genus,Animalia,"","",Asthenognathus,Asthenognathus,學名重複,https://vvtaxatree.tbn.org.tw/taxa/f194eecd-8d8f-40f6-b764-38e579e67ca2
5dd79a54-e0c3-427b-bb1a-bd985e84999a,genus,Animalia,"","",Ranilia,Ranilia,學名重複,https://vvtaxatree.tbn.org.tw/taxa/5dd79a54-e0c3-427b-bb1a-bd985e84999a
dd7858f4-5dc2-42ca-ab01-85b356179aae,genus,Animalia,t0021149,"",Ione,Ione,學名重複,https://vvtaxatree.tbn.org.tw/taxa/dd7858f4-5dc2-42ca-ab01-85b356179aae
9e8fa204-31c2-4cab-a221-435803e79287,genus,Animalia,t0011753,"",Chelonibia,Chelonibia,學名重複,https://vvtaxatree.tbn.org.tw/taxa/9e8fa204-31c2-4cab-a221-435803e79287
ec9090fc-a7bd-4f3f-b82e-4c25dd544d13,genus,Animalia,t0011754,"",Chelonibia,Chelonibia,學名重複,https://vvtaxatree.tbn.org.tw/taxa/ec9090fc-a7bd-4f3f-b82e-4c25dd544d13
9a1555e2-fb63-4063-8bec-6a755f824ba1,genus,Animalia,t0008911,"",Kurzia,Kurzia,學名重複,https://vvtaxatree.tbn.org.tw/taxa/9a1555e2-fb63-4063-8bec-6a755f824ba1
904ac4b5-7a51-4cf2-8078-c3aff3526051,genus,Animalia,t0008785,"",Tydemania,Tydemania,學名重複,https://vvtaxatree.tbn.org.tw/taxa/904ac4b5-7a51-4cf2-8078-c3aff3526051
ad8170a9-a1c8-4c24-8847-d0fe674a1e0c,genus,Animalia,t0018460,"",Decodon,Decodon,學名重複,https://vvtaxatree.tbn.org.tw/taxa/ad8170a9-a1c8-4c24-8847-d0fe674a1e0c
c6afdfc3-bf18-4ceb-88b7-b28bfd8710b5,genus,Animalia,t0008789,"",Woodsia,Woodsia,學名重複,https://vvtaxatree.tbn.org.tw/taxa/c6afdfc3-bf18-4ceb-88b7-b28bfd8710b5
a6b0bd81-b456-4290-b3f4-cf5cad8b8926,genus,Animalia,t0015956,"",Rondeletia,Rondeletia,學名重複,https://vvtaxatree.tbn.org.tw/taxa/a6b0bd81-b456-4290-b3f4-cf5cad8b8926
41844a4d-2342-48bc-9630-4c01601e6989,genus,Animalia,t0011820,"",Chloris,Chloris,學名重複,https://vvtaxatree.tbn.org.tw/taxa/41844a4d-2342-48bc-9630-4c01601e6989
1c4ea7bc-39fe-4f15-bad1-426c0a5242ed,genus,Animalia,t0009376,"",Acrocephalus,Acrocephalus,學名重複,https://vvtaxatree.tbn.org.tw/taxa/1c4ea7bc-39fe-4f15-bad1-426c0a5242ed
b73ba836-1fba-4b99-bddf-a5aa2dcffe96,genus,Animalia,t0021618,"",Leiothrix,Leiothrix,學名重複,https://vvtaxatree.tbn.org.tw/taxa/b73ba836-1fba-4b99-bddf-a5aa2dcffe96
f7c24568-10b2-40ae-bb66-0b6a16593a05,genus,Animalia,t0013361,"",Oenanthe,Oenanthe,學名重複,https://vvtaxatree.tbn.org.tw/taxa/f7c24568-10b2-40ae-bb66-0b6a16593a05
fa6e869b-7221-45dc-aaf6-fe06384a5237,genus,Animalia,t0015272,"",Prunella,Prunella,學名重複,https://vvtaxatree.tbn.org.tw/taxa/fa6e869b-7221-45dc-aaf6-fe06384a5237
b58ed814-b7d8-4519-ab01-7d166e579b1b,genus,Animalia,t0010303,"",Arenaria,Arenaria,學名重複,https://vvtaxatree.tbn.org.tw/taxa/b58ed814-b7d8-4519-ab01-7d166e579b1b
8575a41e-fee1-43ab-becd-dfb51e842422,genus,Animalia,t0016756,"",Stenella,Stenella,學名重複,https://vvtaxatree.tbn.org.tw/taxa/8575a41e-fee1-43ab-becd-dfb51e842422
00f9e33d-db81-4ba1-81de-cfac599d5f3e,genus,Animalia,t0009149,"",Thalia,Thalia,學名重複,https://vvtaxatree.tbn.org.tw/taxa/00f9e33d-db81-4ba1-81de-cfac599d5f3e
81f2895b-43b5-4edd-bc4a-411c7360d3ac,genus,Animalia,t0008875,"",Donax,Donax,學名重複,https://vvtaxatree.tbn.org.tw/taxa/81f2895b-43b5-4edd-bc4a-411c7360d3ac
e440e5e8-7113-491c-89e2-bd67bc1a675c,genus,Animalia,t0008891,"",Glossocardia,Glossocardia,學名重複,https://vvtaxatree.tbn.org.tw/taxa/e440e5e8-7113-491c-89e2-bd67bc1a675c
7aa50df6-2b4c-42f4-980d-84e529ce9ffb,genus,Animalia,t0009152,"",Tiarella,Tiarella,學名重複,https://vvtaxatree.tbn.org.tw/taxa/7aa50df6-2b4c-42f4-980d-84e529ce9ffb
f9b72d5c-fc7f-4f25-bd99-e4b3b3ac6149,genus,Animalia,t0008963,"",Pollia,Pollia,學名重複,https://vvtaxatree.tbn.org.tw/taxa/f9b72d5c-fc7f-4f25-bd99-e4b3b3ac6149
bfb079e2-8df0-4923-9c6d-e8a1d5103da9,genus,Animalia,t0008933,"",Myurella,Myurella,學名重複,https://vvtaxatree.tbn.org.tw/taxa/bfb079e2-8df0-4923-9c6d-e8a1d5103da9
8de13377-2d69-4aa1-b4f3-c9b9eb56eee4,genus,Animalia,t0008954,"",Perrottetia,Perrottetia,學名重複,https://vvtaxatree.tbn.org.tw/taxa/8de13377-2d69-4aa1-b4f3-c9b9eb56eee4
3683b4d0-787f-40eb-985b-0ec02250f103,genus,Animalia,t0017776,"",Triphora,Triphora,學名重複,https://vvtaxatree.tbn.org.tw/taxa/3683b4d0-787f-40eb-985b-0ec02250f103
bb915520-0756-4b92-8878-78c4f8549c7a,genus,Animalia,t0009349,"",Acmella,Acmella,學名重複,https://vvtaxatree.tbn.org.tw/taxa/bb915520-0756-4b92-8878-78c4f8549c7a
032db506-44a2-4f1d-912c-979beb0fadd4,genus,Animalia,t0009129,"",Sabia,Sabia,學名重複,https://vvtaxatree.tbn.org.tw/taxa/032db506-44a2-4f1d-912c-979beb0fadd4
cc102571-cbb4-4a2a-a48f-9633d9126b9f,genus,Animalia,t0016743,"",Stellaria,Stellaria,學名重複,https://vvtaxatree.tbn.org.tw/taxa/cc102571-cbb4-4a2a-a48f-9633d9126b9f
48970af9-ea46-4ff8-b721-55d6d010bca7,genus,Animalia,t0013384,"",Okenia,Okenia,學名重複,https://vvtaxatree.tbn.org.tw/taxa/48970af9-ea46-4ff8-b721-55d6d010bca7
8b269452-215f-42d4-9815-0bb95e837367,genus,Animalia,t0008887,"",Ficus,Ficus,學名重複,https://vvtaxatree.tbn.org.tw/taxa/8b269452-215f-42d4-9815-0bb95e837367
f7babfd0-fa79-4d92-941f-ad1d598ac828,genus,Animalia,"","",Scolymia,Scolymia,學名重複,https://vvtaxatree.tbn.org.tw/taxa/f7babfd0-fa79-4d92-941f-ad1d598ac828
b31a1dda-1182-4131-8671-543d57d626be,genus,Animalia,t0009130,"",Sarcophyton,Sarcophyton,學名重複,https://vvtaxatree.tbn.org.tw/taxa/b31a1dda-1182-4131-8671-543d57d626be
6e3cc6e0-907f-4e9f-829f-00a8070718dd,genus,Animalia,t0012509,"",Culcita,Culcita,學名重複,https://vvtaxatree.tbn.org.tw/taxa/6e3cc6e0-907f-4e9f-829f-00a8070718dd
fd0579df-026f-4b43-af17-4de37d38912b,genus,Animalia,t0009160,"",Breynia,Breynia,學名重複,https://vvtaxatree.tbn.org.tw/taxa/fd0579df-026f-4b43-af17-4de37d38912b
385c48d2-2575-4110-be72-bde55e1452fc,genus,Animalia,t0011048,"",Branchiura,Branchiura,學名重複,https://vvtaxatree.tbn.org.tw/taxa/385c48d2-2575-4110-be72-bde55e1452fc
2d36e5e6-c69c-4ab1-90e7-108e64745f4e,genus,Animalia,"","",Atrachya,Atrachya,學名重複,https://vvtaxatree.tbn.org.tw/taxa/2d36e5e6-c69c-4ab1-90e7-108e64745f4e
595559c1-0859-418e-91d0-a0e1ba9e03e9,genus,Animalia,t0011744,"",Chelidonium,Chelidonium,學名重複,https://vvtaxatree.tbn.org.tw/taxa/595559c1-0859-418e-91d0-a0e1ba9e03e9
21e9a521-3876-4ebc-9702-e08806e2d743,genus,Animalia,"","",Rondonia,Rondonia,學名重複,https://vvtaxatree.tbn.org.tw/taxa/21e9a521-3876-4ebc-9702-e08806e2d743
5ea6c0f7-476b-45ce-9983-bfc6db2460c8,genus,Animalia,"","",Ovalisia,Ovalisia,學名重複,https://vvtaxatree.tbn.org.tw/taxa/5ea6c0f7-476b-45ce-9983-bfc6db2460c8
efff4ff7-20c2-4acf-9eb8-05d2e4cfc68c,genus,Animalia,t0009184,"",Chondria,Chondria,學名重複,https://vvtaxatree.tbn.org.tw/taxa/efff4ff7-20c2-4acf-9eb8-05d2e4cfc68c
002ceacc-ad5b-4e00-b68f-0d8c3a12da77,genus,Animalia,t0008782,"",Trichodesma,Trichodesma,學名重複,https://vvtaxatree.tbn.org.tw/taxa/002ceacc-ad5b-4e00-b68f-0d8c3a12da77
33e610b2-3104-4499-b5ac-37a466c2adb2,genus,Animalia,t0010092,"",Anticlea,Anticlea,學名重複,https://vvtaxatree.tbn.org.tw/taxa/33e610b2-3104-4499-b5ac-37a466c2adb2
d0d240cb-b1d8-4fed-9eec-b34ba74525b0,genus,Animalia,"","",Genusa,Genusa,學名重複,https://vvtaxatree.tbn.org.tw/taxa/d0d240cb-b1d8-4fed-9eec-b34ba74525b0
3b704432-52bc-4bb4-85dc-3be57192dfa4,genus,Animalia,t0021451,"",Laelia,Laelia,學名重複,https://vvtaxatree.tbn.org.tw/taxa/3b704432-52bc-4bb4-85dc-3be57192dfa4
677c84ac-6f7f-4ff3-88cb-9d299c9870c0,genus,Animalia,t0009556,"",Aglaomorpha,Aglaomorpha,學名重複,https://vvtaxatree.tbn.org.tw/taxa/677c84ac-6f7f-4ff3-88cb-9d299c9870c0
6b7e851e-9a41-407a-861c-233a3b658c82,genus,Animalia,t0093378,"",Plecoptera,Plecoptera,學名重複,https://vvtaxatree.tbn.org.tw/taxa/6b7e851e-9a41-407a-861c-233a3b658c82
8d573ab2-6d68-4b3e-a0c2-195ea4ca1b8a,genus,Animalia,t0016240,"",Scoparia,Scoparia,學名重複,https://vvtaxatree.tbn.org.tw/taxa/8d573ab2-6d68-4b3e-a0c2-195ea4ca1b8a
8093c2f8-e4f3-4652-9d2e-6e98204da502,genus,Animalia,t0016102,"",Satyrium,Satyrium,學名重複,https://vvtaxatree.tbn.org.tw/taxa/8093c2f8-e4f3-4652-9d2e-6e98204da502
30abee3e-d1c7-412f-bedb-e9bcd408c019,genus,Animalia,t0020278,"",Graphium,Graphium,學名重複,https://vvtaxatree.tbn.org.tw/taxa/30abee3e-d1c7-412f-bedb-e9bcd408c019
50ecf301-9744-4e4d-9ae0-db64e3258b9c,genus,Animalia,t0014708,"",Pieris,Pieris,學名重複,https://vvtaxatree.tbn.org.tw/taxa/50ecf301-9744-4e4d-9ae0-db64e3258b9c
fa240400-c653-43e6-bec6-dc3a95e86e5c,genus,Animalia,t0012742,"",Nematopogon,Nematopogon,學名重複,https://vvtaxatree.tbn.org.tw/taxa/fa240400-c653-43e6-bec6-dc3a95e86e5c
62b8c414-1676-4ddd-ab3e-14549a4394f7,genus,Animalia,t0009151,"",Thunbergia,Thunbergia,學名重複,https://vvtaxatree.tbn.org.tw/taxa/62b8c414-1676-4ddd-ab3e-14549a4394f7
6807e765-4c1c-488e-b857-8713729b6dcd,genus,Animalia,t0017666,"",Tripartita,Tripartita,學名重複,https://vvtaxatree.tbn.org.tw/taxa/6807e765-4c1c-488e-b857-8713729b6dcd
817c644e-2723-4bc9-9c18-d07200e21e53,genus,Animalia,t0010247,"",Aquarius,Aquarius,學名重複,https://vvtaxatree.tbn.org.tw/taxa/817c644e-2723-4bc9-9c18-d07200e21e53
b8baa300-6488-47a9-af83-326b5b502506,genus,Animalia,t0014839,"",Platypleura,Platypleura,學名重複,https://vvtaxatree.tbn.org.tw/taxa/b8baa300-6488-47a9-af83-326b5b502506
8ae4b103-4604-4191-9682-37345cadafe6,genus,Animalia,t0021350,"",Kerria,Kerria,學名重複,https://vvtaxatree.tbn.org.tw/taxa/8ae4b103-4604-4191-9682-37345cadafe6
c03212b9-03b5-44d5-9b1e-525c411b2e98,genus,Animalia,t0009541,"",Agathis,Agathis,學名重複,https://vvtaxatree.tbn.org.tw/taxa/c03212b9-03b5-44d5-9b1e-525c411b2e98
8dd5db2c-c0bb-4417-ba5f-c58b72f86c22,genus,Animalia,t0009146,"",Taiwania,Taiwania,學名重複,https://vvtaxatree.tbn.org.tw/taxa/8dd5db2c-c0bb-4417-ba5f-c58b72f86c22
97d304a2-6b24-4be4-b035-d54ad83437c8,genus,Animalia,t0015225,"",Prosopis,Prosopis,學名重複,https://vvtaxatree.tbn.org.tw/taxa/97d304a2-6b24-4be4-b035-d54ad83437c8
d0e5d24d-1e18-45b0-90e9-6cc44cb2ed95,genus,Animalia,t0021822,"",Limnophila,Limnophila,學名重複,https://vvtaxatree.tbn.org.tw/taxa/d0e5d24d-1e18-45b0-90e9-6cc44cb2ed95
21942001-628e-4ab8-ae0f-6993f8a71ff7,genus,Animalia,t0021827,"",Limonia,Limonia,學名重複,https://vvtaxatree.tbn.org.tw/taxa/21942001-628e-4ab8-ae0f-6993f8a71ff7
41230070-2510-4f5b-a499-0a237cdbd468,genus,Animalia,t0008944,"",Ormosia,Ormosia,學名重複,https://vvtaxatree.tbn.org.tw/taxa/41230070-2510-4f5b-a499-0a237cdbd468
b6144e07-724a-4716-8645-761a73108377,genus,Animalia,t0012491,"",Ctenophora,Ctenophora,學名重複,https://vvtaxatree.tbn.org.tw/taxa/b6144e07-724a-4716-8645-761a73108377
f64c3c38-9a3a-4004-8136-6ab4d06cf5fd,genus,Animalia,t0008889,"",Ganonema,Ganonema,學名重複,https://vvtaxatree.tbn.org.tw/taxa/f64c3c38-9a3a-4004-8136-6ab4d06cf5fd
6490f5e8-7e2e-4b18-9015-6d6245b4585f,genus,Animalia,t0009125,"",Rhaphidophora,Rhaphidophora,學名重複,https://vvtaxatree.tbn.org.tw/taxa/6490f5e8-7e2e-4b18-9015-6d6245b4585f
87fe9b9d-8291-4f3c-8b27-480d2edad7c1,genus,Plantae,"","",Culcita,Culcita,學名重複,https://vvtaxatree.tbn.org.tw/taxa/87fe9b9d-8291-4f3c-8b27-480d2edad7c1
335624d8-686d-4049-9921-cc0eb5a0a31e,genus,Plantae,t0009101,"",Woodsia,Woodsia,學名重複,https://vvtaxatree.tbn.org.tw/taxa/335624d8-686d-4049-9921-cc0eb5a0a31e
3f241cea-0223-4547-8fae-4d9804101c44,genus,Plantae,"","",Olfersia,Olfersia,學名重複,https://vvtaxatree.tbn.org.tw/taxa/3f241cea-0223-4547-8fae-4d9804101c44
c3ffee13-cb8a-461a-b979-b064f24bc2cc,genus,Plantae,t0102169,"",Aglaomorpha,Aglaomorpha,學名重複,https://vvtaxatree.tbn.org.tw/taxa/c3ffee13-cb8a-461a-b979-b064f24bc2cc
2c888e65-cb7c-4a53-974d-6528ee60b2a1,genus,Plantae,t0023119,"",Agathis,Agathis,學名重複,https://vvtaxatree.tbn.org.tw/taxa/2c888e65-cb7c-4a53-974d-6528ee60b2a1
70611ed0-5e34-4bbd-82de-4f3869edab6f,genus,Plantae,t0002526,"",Taiwania,Taiwania,學名重複,https://vvtaxatree.tbn.org.tw/taxa/70611ed0-5e34-4bbd-82de-4f3869edab6f
a746b22e-9779-4d90-9346-faad3764568c,genus,Plantae,t0024689,"",Rhaphidophora,Rhaphidophora,學名重複,https://vvtaxatree.tbn.org.tw/taxa/a746b22e-9779-4d90-9346-faad3764568c
76b89eaf-2f11-428a-8dec-9cdb5c9a6886,genus,Plantae,"","",Anticlea,Anticlea,學名重複,https://vvtaxatree.tbn.org.tw/taxa/76b89eaf-2f11-428a-8dec-9cdb5c9a6886
eb265ae8-767f-41e4-b0ad-ef6d58ed4015,genus,Plantae,"","",Empusa,Empusa,學名重複,https://vvtaxatree.tbn.org.tw/taxa/eb265ae8-767f-41e4-b0ad-ef6d58ed4015
9a20117b-2613-454d-b5b0-b716a8e8db47,genus,Plantae,t0024516,"",Pholidota,Pholidota,學名重複,https://vvtaxatree.tbn.org.tw/taxa/9a20117b-2613-454d-b5b0-b716a8e8db47
bacd5364-8080-4ee1-94a6-ac8760490824,genus,Plantae,"","",Maxillaria,Maxillaria,學名重複,https://vvtaxatree.tbn.org.tw/taxa/bacd5364-8080-4ee1-94a6-ac8760490824
03d7fef7-e924-4954-8841-8a6398655d8f,genus,Plantae,"","",Triphora,Triphora,學名重複,https://vvtaxatree.tbn.org.tw/taxa/03d7fef7-e924-4954-8841-8a6398655d8f
0a154352-bbe7-4a7f-8725-57c5109efd23,genus,Plantae,t0094571,"",Laelia,Laelia,學名重複,https://vvtaxatree.tbn.org.tw/taxa/0a154352-bbe7-4a7f-8725-57c5109efd23
355fabc9-918d-4823-b97d-30d338a85fa3,genus,Plantae,"","",Galera,Galera,學名重複,https://vvtaxatree.tbn.org.tw/taxa/355fabc9-918d-4823-b97d-30d338a85fa3
0c218450-c46e-4ae1-8aab-5f35c33458a8,genus,Plantae,"","",Ione,Ione,學名重複,https://vvtaxatree.tbn.org.tw/taxa/0c218450-c46e-4ae1-8aab-5f35c33458a8
3db1b837-cbb5-4915-a8b7-69db4466aec6,genus,Plantae,t0002562,"",Dracaena,Dracaena,學名重複,https://vvtaxatree.tbn.org.tw/taxa/3db1b837-cbb5-4915-a8b7-69db4466aec6
3c0f8b9e-0d65-4406-94c2-e18050feb80d,genus,Plantae,t0024582,"",Pollia,Pollia,學名重複,https://vvtaxatree.tbn.org.tw/taxa/3c0f8b9e-0d65-4406-94c2-e18050feb80d
3e4b5546-40e4-4ded-9ec3-4ddaa63de3a4,genus,Plantae,t0023721,"",Donax,Donax,學名重複,https://vvtaxatree.tbn.org.tw/taxa/3e4b5546-40e4-4ded-9ec3-4ddaa63de3a4
b8bc5999-3553-4ebd-8982-3ce2a6cabc23,genus,Plantae,t0024975,"",Thalia,Thalia,學名重複,https://vvtaxatree.tbn.org.tw/taxa/b8bc5999-3553-4ebd-8982-3ce2a6cabc23
df1899e4-593f-4a17-95b2-81f78c86bdc9,genus,Plantae,"","",Leiothrix,Leiothrix,學名重複,https://vvtaxatree.tbn.org.tw/taxa/df1899e4-593f-4a17-95b2-81f78c86bdc9
3881c4a9-c2c3-4653-a502-fa11617274fd,genus,Plantae,t0023467,"",Chloris,Chloris,學名重複,https://vvtaxatree.tbn.org.tw/taxa/3881c4a9-c2c3-4653-a502-fa11617274fd
a4dfb8c0-cfe2-4745-a832-8bc49a996208,genus,Plantae,t0023774,"",Enteropogon,Enteropogon,學名重複,https://vvtaxatree.tbn.org.tw/taxa/a4dfb8c0-cfe2-4745-a832-8bc49a996208
3b56dfb1-e205-48e6-9dd1-0167a210cbaf,genus,Plantae,"","",Chelidonium,Chelidonium,學名重複,https://vvtaxatree.tbn.org.tw/taxa/3b56dfb1-e205-48e6-9dd1-0167a210cbaf
16c6789b-0f54-46dc-8468-e09831c13c1b,genus,Plantae,"","",Actaea,Actaea,學名重複,https://vvtaxatree.tbn.org.tw/taxa/16c6789b-0f54-46dc-8468-e09831c13c1b
4b1867b5-5781-4d16-9324-91e22a938bf8,genus,Plantae,t0024734,"",Sabia,Sabia,學名重複,https://vvtaxatree.tbn.org.tw/taxa/4b1867b5-5781-4d16-9324-91e22a938bf8
6c8c82ba-1d5e-49c1-8c9c-b2e9f72c066e,genus,Plantae,t0002586,"",Tiarella,Tiarella,學名重複,https://vvtaxatree.tbn.org.tw/taxa/6c8c82ba-1d5e-49c1-8c9c-b2e9f72c066e
da1a7875-2752-4c1b-82be-82d10125df0e,genus,Plantae,t0024416,"",Ormosia,Ormosia,學名重複,https://vvtaxatree.tbn.org.tw/taxa/da1a7875-2752-4c1b-82be-82d10125df0e
4aefb6f0-522f-4b83-97ed-9af1b257ae1e,genus,Plantae,t0095456,"",Prosopis,Prosopis,學名重複,https://vvtaxatree.tbn.org.tw/taxa/4aefb6f0-522f-4b83-97ed-9af1b257ae1e
7cc45f32-8695-434b-aeed-2454fbe98e81,genus,Plantae,"","",Kerria,Kerria,學名重複,https://vvtaxatree.tbn.org.tw/taxa/7cc45f32-8695-434b-aeed-2454fbe98e81
6ec81bb9-0a0f-4fd7-97a4-02f4e0cf86d9,genus,Plantae,t0006937,"",Ficus,Ficus,學名重複,https://vvtaxatree.tbn.org.tw/taxa/6ec81bb9-0a0f-4fd7-97a4-02f4e0cf86d9
faf38c63-4eea-460e-9521-ecabb61a4761,genus,Plantae,"","",Clusia,Clusia,學名重複,https://vvtaxatree.tbn.org.tw/taxa/faf38c63-4eea-460e-9521-ecabb61a4761
30e83e13-7764-4bae-97db-60a9341dc098,genus,Plantae,t0002629,"",Breynia,Breynia,學名重複,https://vvtaxatree.tbn.org.tw/taxa/30e83e13-7764-4bae-97db-60a9341dc098
52604a3c-f0d3-44df-af2f-132abc500082,genus,Plantae,"","",Decodon,Decodon,學名重複,https://vvtaxatree.tbn.org.tw/taxa/52604a3c-f0d3-44df-af2f-132abc500082
40d8add7-14b4-4fb8-ae48-1eca7e6068b3,genus,Plantae,t0002636,"",Perrottetia,Perrottetia,學名重複,https://vvtaxatree.tbn.org.tw/taxa/40d8add7-14b4-4fb8-ae48-1eca7e6068b3
0f266630-4a09-4851-8899-27caf2ad6090,genus,Plantae,t0023216,"",Arenaria,Arenaria,學名重複,https://vvtaxatree.tbn.org.tw/taxa/0f266630-4a09-4851-8899-27caf2ad6090
e21edb09-d2b3-4b3e-9230-f8b14f0d37fa,genus,Plantae,t0024890,"",Stellaria,Stellaria,學名重複,https://vvtaxatree.tbn.org.tw/taxa/e21edb09-d2b3-4b3e-9230-f8b14f0d37fa
5d5f62a3-08ed-4177-90cc-1045b236ee31,genus,Plantae,"","",Abronia,Abronia,學名重複,https://vvtaxatree.tbn.org.tw/taxa/5d5f62a3-08ed-4177-90cc-1045b236ee31
501dca1d-fd1e-4204-beca-8aea79a7f0aa,genus,Plantae,"","",Okenia,Okenia,學名重複,https://vvtaxatree.tbn.org.tw/taxa/501dca1d-fd1e-4204-beca-8aea79a7f0aa
b3a5cfa3-d160-493a-a8e9-774cf938aa71,genus,Plantae,"","",Nyssa,Nyssa,學名重複,https://vvtaxatree.tbn.org.tw/taxa/b3a5cfa3-d160-493a-a8e9-774cf938aa71
7305997e-18fe-45fa-8074-edd4d46c1835,genus,Plantae,"","",Gustavia,Gustavia,學名重複,https://vvtaxatree.tbn.org.tw/taxa/7305997e-18fe-45fa-8074-edd4d46c1835
43be76ca-33d4-43ad-93b9-8daf5c35bcc6,genus,Plantae,t0024531,"",Pieris,Pieris,學名重複,https://vvtaxatree.tbn.org.tw/taxa/43be76ca-33d4-43ad-93b9-8daf5c35bcc6
a74dc8b0-6892-4332-89cd-45487a3bfebc,genus,Plantae,"","",Rondeletia,Rondeletia,學名重複,https://vvtaxatree.tbn.org.tw/taxa/a74dc8b0-6892-4332-89cd-45487a3bfebc
00688827-ea01-4dfd-a593-808f2dc2e134,genus,Plantae,t0002788,"",Trichodesma,Trichodesma,學名重複,https://vvtaxatree.tbn.org.tw/taxa/00688827-ea01-4dfd-a593-808f2dc2e134
bed37569-49d0-4d8f-946c-e402a50f4494,genus,Plantae,t0024173,"",Linaria,Linaria,學名重複,https://vvtaxatree.tbn.org.tw/taxa/bed37569-49d0-4d8f-946c-e402a50f4494
1b413a63-2715-49f1-85be-0c50f68eff3e,genus,Plantae,t0002806,"",Limnophila,Limnophila,學名重複,https://vvtaxatree.tbn.org.tw/taxa/1b413a63-2715-49f1-85be-0c50f68eff3e
a91b8c65-4b2b-4718-9249-ee65850b325b,genus,Plantae,t0002809,"",Scoparia,Scoparia,學名重複,https://vvtaxatree.tbn.org.tw/taxa/a91b8c65-4b2b-4718-9249-ee65850b325b
6e2e7c5a-0986-48db-94f9-2f5c7eb91b75,genus,Plantae,"","",Manulea,Manulea,學名重複,https://vvtaxatree.tbn.org.tw/taxa/6e2e7c5a-0986-48db-94f9-2f5c7eb91b75
d82cfda6-d2dd-449a-9c91-b4cbf5158119,genus,Plantae,t0002822,"",Thunbergia,Thunbergia,學名重複,https://vvtaxatree.tbn.org.tw/taxa/d82cfda6-d2dd-449a-9c91-b4cbf5158119
54253de5-af03-408a-acd8-e7146d6b25c9,genus,Plantae,t0002269,"",Hygrophila,Hygrophila,學名重複,https://vvtaxatree.tbn.org.tw/taxa/54253de5-af03-408a-acd8-e7146d6b25c9
24597be4-91d3-45a2-8682-c3d666c7c049,genus,Plantae,t0024620,"",Prunella,Prunella,學名重複,https://vvtaxatree.tbn.org.tw/taxa/24597be4-91d3-45a2-8682-c3d666c7c049
1f391583-50ca-4996-8944-8791ab04c3dc,genus,Plantae,t0023086,"",Acmella,Acmella,學名重複,https://vvtaxatree.tbn.org.tw/taxa/1f391583-50ca-4996-8944-8791ab04c3dc
3befaa5f-1e3f-43c4-90f8-20d2cb1abb73,genus,Plantae,t0023913,"",Glossocardia,Glossocardia,學名重複,https://vvtaxatree.tbn.org.tw/taxa/3befaa5f-1e3f-43c4-90f8-20d2cb1abb73
b8964a85-fb1b-405a-a0de-5fd5cee8f2a2,genus,Plantae,t0024401,"",Oenanthe,Oenanthe,學名重複,https://vvtaxatree.tbn.org.tw/taxa/b8964a85-fb1b-405a-a0de-5fd5cee8f2a2
f5a62379-83c5-40af-94f9-30750324822a,genus,Chromista,t0025269,"",Actinocyclus,Actinocyclus,學名重複,https://vvtaxatree.tbn.org.tw/taxa/f5a62379-83c5-40af-94f9-30750324822a
1e8ffa15-f39c-49d0-a5a4-215baaf9b4a3,genus,Chromista,t0025412,"",Cerataulina,Cerataulina,學名重複,https://vvtaxatree.tbn.org.tw/taxa/1e8ffa15-f39c-49d0-a5a4-215baaf9b4a3
737e1c7f-0d3e-4bb8-a99f-05f065269aa7,genus,Chromista,t0025254,"",Turbinaria,Turbinaria,學名重複,https://vvtaxatree.tbn.org.tw/taxa/737e1c7f-0d3e-4bb8-a99f-05f065269aa7
834fef74-2b12-4fb7-b987-9526da6c933a,genus,Fungi,t0007722,"",Hexagonia,Hexagonia,學名重複,https://vvtaxatree.tbn.org.tw/taxa/834fef74-2b12-4fb7-b987-9526da6c933a
0f2e0efe-7642-47e3-a3d6-472424fd6caa,genus,Fungi,t0007968,"",Microporus,Microporus,學名重複,https://vvtaxatree.tbn.org.tw/taxa/0f2e0efe-7642-47e3-a3d6-472424fd6caa
22e4a532-0df1-4099-89b8-c19aed9d59db,genus,Fungi,t0007826,"",Lactarius,Lactarius,學名重複,https://vvtaxatree.tbn.org.tw/taxa/22e4a532-0df1-4099-89b8-c19aed9d59db
2e7dc2ac-65d4-4376-b5df-17168aa8b507,genus,Fungi,t0007594,"",Galera,Galera,學名重複,https://vvtaxatree.tbn.org.tw/taxa/2e7dc2ac-65d4-4376-b5df-17168aa8b507
ba3cca6a-9c5a-4c28-a09f-d758423018ff,genus,Fungi,t0007331,"",Colus,Colus,學名重複,https://vvtaxatree.tbn.org.tw/taxa/ba3cca6a-9c5a-4c28-a09f-d758423018ff
d3db83f2-cc06-457c-a0ca-71c8516d5509,genus,Fungi,t0008132,"",Oxyporus,Oxyporus,學名重複,https://vvtaxatree.tbn.org.tw/taxa/d3db83f2-cc06-457c-a0ca-71c8516d5509
78dd11b2-0d00-4042-a026-01d4d95a2337,genus,Fungi,t0095862,"",Empusa,Empusa,學名重複,https://vvtaxatree.tbn.org.tw/taxa/78dd11b2-0d00-4042-a026-01d4d95a2337
4138130d-5cfc-4868-b2ae-aca3ef4c663d,genus,Fungi,t0008724,"",Venturia,Venturia,學名重複,https://vvtaxatree.tbn.org.tw/taxa/4138130d-5cfc-4868-b2ae-aca3ef4c663d
8dae5fc5-c8fe-45c1-94eb-0e4a48c6445c,genus,Fungi,t0007578,"",Fulvia,Fulvia,學名重複,https://vvtaxatree.tbn.org.tw/taxa/8dae5fc5-c8fe-45c1-94eb-0e4a48c6445c
c5240f80-353d-4af8-a643-d9bfe728bd6d,genus,Fungi,t0008560,"",Stenella,Stenella,學名重複,https://vvtaxatree.tbn.org.tw/taxa/c5240f80-353d-4af8-a643-d9bfe728bd6d
7fae1e56-6e35-4a7a-bc30-48a95edd0787,genus,Fungi,t0008572,"",Stilbum,Stilbum,學名重複,https://vvtaxatree.tbn.org.tw/taxa/7fae1e56-6e35-4a7a-bc30-48a95edd0787
d7b2d674-5e65-4374-986f-1ece26aa0d53,genus,Fungi,t0008033,"",Nais,Nais,學名重複,https://vvtaxatree.tbn.org.tw/taxa/d7b2d674-5e65-4374-986f-1ece26aa0d53
7bdc16af-01a4-41ad-ba41-61f1839be722,genus,Fungi,t0007648,"",Graphium,Graphium,學名重複,https://vvtaxatree.tbn.org.tw/taxa/7bdc16af-01a4-41ad-ba41-61f1839be722
70c5a164-d77c-42b1-a935-1e778a43df7e,genus,Fungi,"","",Trichurus,Trichurus,學名重複,https://vvtaxatree.tbn.org.tw/taxa/70c5a164-d77c-42b1-a935-1e778a43df7e
38f4ec81-e7b9-4109-800f-09cf6b3d2aa2,genus,Fungi,t0007634,"",Glyphis,Glyphis,學名重複,https://vvtaxatree.tbn.org.tw/taxa/38f4ec81-e7b9-4109-800f-09cf6b3d2aa2
951152dd-d47c-4d57-be62-fe409daa912f,genus,Animalia,t0015921,"",Rhytisma,Rhytisma,學名重複,https://vvtaxatree.tbn.org.tw/taxa/951152dd-d47c-4d57-be62-fe409daa912f
0bbaae2b-cc39-4edb-b744-f3cf3b656c4a,genus,Fungi,t0008250,"",Pilophorus,Pilophorus,學名重複,https://vvtaxatree.tbn.org.tw/taxa/0bbaae2b-cc39-4edb-b744-f3cf3b656c4a
0b81cef7-656e-4dc7-ae12-3ad3816c9e41,genus,Fungi,t0006945,"",Asterina,Asterina,學名重複,https://vvtaxatree.tbn.org.tw/taxa/0b81cef7-656e-4dc7-ae12-3ad3816c9e41
e6134be1-3ee9-4cd7-aa74-8b5fe85dfa6b,genus,Protozoa,"","",Platypleura,Platypleura,學名重複,https://vvtaxatree.tbn.org.tw/taxa/e6134be1-3ee9-4cd7-aa74-8b5fe85dfa6b
2df406ea-0c05-4ca0-afcb-af37ffbefe69,genus,Protozoa,t0006803,"",Quadrula,Quadrula,學名重複,https://vvtaxatree.tbn.org.tw/taxa/2df406ea-0c05-4ca0-afcb-af37ffbefe69
e179e814-bd57-4e4a-a360-39da41d5693a,genus,Protozoa,t0091713,"",Trichia,Trichia,學名重複,https://vvtaxatree.tbn.org.tw/taxa/e179e814-bd57-4e4a-a360-39da41d5693a
3dac74c4-6ee5-4ee2-89ea-f456295a3f33,genus,Animalia,t0021446,"",Lactarius,Lactarius,學名重複,https://vvtaxatree.tbn.org.tw/taxa/3dac74c4-6ee5-4ee2-89ea-f456295a3f33
77492479-c45b-46d6-a0d3-796e32b00be7,genus,Fungi,"","",Enteropogon,Enteropogon,學名重複,https://vvtaxatree.tbn.org.tw/taxa/77492479-c45b-46d6-a0d3-796e32b00be7
6daf9e33-3952-43d5-9ba8-9f6f48b2e9c2,genus,Animalia,t0008916,"",Linaria,Linaria,學名重複,https://vvtaxatree.tbn.org.tw/taxa/6daf9e33-3952-43d5-9ba8-9f6f48b2e9c2
5de8bd5a-3f3f-4a19-9f48-6a5bf5127ac4,genus,Animalia,"","",Cicurina,Cicurina,學名重複,https://vvtaxatree.tbn.org.tw/taxa/5de8bd5a-3f3f-4a19-9f48-6a5bf5127ac4
c94faa63-e076-4cfa-8eee-a6395e31a359,genus,Animalia,"","",Lepthyphantes,Lepthyphantes,學名重複,https://vvtaxatree.tbn.org.tw/taxa/c94faa63-e076-4cfa-8eee-a6395e31a359
03cb1ec3-8b54-4876-b755-05406c0e2ab8,species,Animalia,"","",Carrhotus viduus,Carrhotus viduus,學名重複,https://vvtaxatree.tbn.org.tw/taxa/03cb1ec3-8b54-4876-b755-05406c0e2ab8
f46df285-149a-4f13-93d5-a70ada0dcc7f,genus,Animalia,"","",Parazygiella,Parazygiella,學名重複,https://vvtaxatree.tbn.org.tw/taxa/f46df285-149a-4f13-93d5-a70ada0dcc7f
b171dc05-c8fd-4e82-b141-7f117bc01272,genus,Animalia,"","",Pharta,Pharta,學名重複,https://vvtaxatree.tbn.org.tw/taxa/b171dc05-c8fd-4e82-b141-7f117bc01272
705455ce-00b6-44c2-9039-97d22a0521e8,genus,Animalia,"","",Borboropactus,Borboropactus,學名重複,https://vvtaxatree.tbn.org.tw/taxa/705455ce-00b6-44c2-9039-97d22a0521e8
6b0ee843-5e1f-4c91-91d1-269bdb508f67,genus,Animalia,"","",Epidius,Epidius,學名重複,https://vvtaxatree.tbn.org.tw/taxa/6b0ee843-5e1f-4c91-91d1-269bdb508f67
b8e781e8-5c7a-4d5b-8ae1-334aa265135c,genus,Animalia,"","",Strigoplus,Strigoplus,學名重複,https://vvtaxatree.tbn.org.tw/taxa/b8e781e8-5c7a-4d5b-8ae1-334aa265135c
ee4f511e-e133-4be6-b226-c3e6aa97f3ec,genus,Animalia,"","",Phaeacius,Phaeacius,學名重複,https://vvtaxatree.tbn.org.tw/taxa/ee4f511e-e133-4be6-b226-c3e6aa97f3ec
64e5a6a3-8851-4e01-872a-228d109ef76b,genus,Animalia,"","",Pseudicius,Pseudicius,學名重複,https://vvtaxatree.tbn.org.tw/taxa/64e5a6a3-8851-4e01-872a-228d109ef76b
9b46e617-4d01-4ffd-9fe1-6a15711d772b,genus,Animalia,"","",Simaetha,Simaetha,學名重複,https://vvtaxatree.tbn.org.tw/taxa/9b46e617-4d01-4ffd-9fe1-6a15711d772b
6293efc7-f08e-45b4-818c-225d7ef8d470,genus,Animalia,"","",Trachelas,Trachelas,學名重複,https://vvtaxatree.tbn.org.tw/taxa/6293efc7-f08e-45b4-818c-225d7ef8d470
1645ffb5-62ee-4938-93ca-287ba5d3bee4,genus,Animalia,t0021263,"",Japonia,Japonia,學名重複,https://vvtaxatree.tbn.org.tw/taxa/1645ffb5-62ee-4938-93ca-287ba5d3bee4
5939098f-8524-4041-8ed3-492450be463a,species,Animalia,t0032384,"",Pylocheles mortensenii,Pylocheles mortensenii,學名重複,https://vvtaxatree.tbn.org.tw/taxa/5939098f-8524-4041-8ed3-492450be463a
fdc6ffb9-c3e6-408a-a7c0-680c21d0b03d,species,Animalia,t0082695,"",Pachos dentatum,Pachos dentatum,學名重複,https://vvtaxatree.tbn.org.tw/taxa/fdc6ffb9-c3e6-408a-a7c0-680c21d0b03d
cd390af4-aa44-45d3-a18f-636823c1b53a,species,Animalia,t0079419,"",Corycaeus dahli,Corycaeus dahli,學名重複,https://vvtaxatree.tbn.org.tw/taxa/cd390af4-aa44-45d3-a18f-636823c1b53a
7aa46e9c-a604-4247-ad97-0487e570cda8,species,Animalia,t0079424,"",Corycaeus japonica,Corycaeus japonica,學名重複,https://vvtaxatree.tbn.org.tw/taxa/7aa46e9c-a604-4247-ad97-0487e570cda8
2dbc5abc-a1fb-4fc3-bb10-2e28a77038d7,species,Animalia,t0063791,"",Farrania orbus,Farrania orbus,學名重複,https://vvtaxatree.tbn.org.tw/taxa/2dbc5abc-a1fb-4fc3-bb10-2e28a77038d7
228b1460-935d-4fb4-91aa-0e60b1a0202c,species,Animalia,t0029211,"",Ficus variegata,Ficus variegata,學名重複,https://vvtaxatree.tbn.org.tw/taxa/228b1460-935d-4fb4-91aa-0e60b1a0202c
fe1e6066-e2d1-4258-94e9-8b31b86b76ef,species,Animalia,t0077544,"",Caryophyllia ambrosia,Caryophyllia ambrosia,學名重複,https://vvtaxatree.tbn.org.tw/taxa/fe1e6066-e2d1-4258-94e9-8b31b86b76ef
409b6235-952a-49cd-bc0d-87755308b571,species,Animalia,t0077554,"",Caryophyllia quadragenaria,Caryophyllia quadragenaria,學名重複,https://vvtaxatree.tbn.org.tw/taxa/409b6235-952a-49cd-bc0d-87755308b571
cfdd4121-0c15-4a87-ac0d-27cc1056c4c6,species,Animalia,t0077555,"",Caryophyllia rugosa,Caryophyllia rugosa,學名重複,https://vvtaxatree.tbn.org.tw/taxa/cfdd4121-0c15-4a87-ac0d-27cc1056c4c6
e29f9afe-6b77-4356-a930-309df720bd6d,species,Animalia,t0077556,"",Caryophyllia scobinosa,Caryophyllia scobinosa,學名重複,https://vvtaxatree.tbn.org.tw/taxa/e29f9afe-6b77-4356-a930-309df720bd6d
149bd826-8f83-4bed-8c61-cbf0de072216,species,Animalia,t0048066,"",Trochocyathus rhombocolumna,Trochocyathus rhombocolumna,學名重複,https://vvtaxatree.tbn.org.tw/taxa/149bd826-8f83-4bed-8c61-cbf0de072216
b7fdd220-9801-487b-a9e7-e61ad65a4a88,species,Animalia,t0076159,"",Balanophyllia cornu,Balanophyllia cornu,學名重複,https://vvtaxatree.tbn.org.tw/taxa/b7fdd220-9801-487b-a9e7-e61ad65a4a88
0e93e804-ceb9-4bae-a27d-10bcf3d8e256,species,Animalia,t0063913,"",Flabellum lamellulosum,Flabellum lamellulosum,學名重複,https://vvtaxatree.tbn.org.tw/taxa/0e93e804-ceb9-4bae-a27d-10bcf3d8e256
dd6a95a9-10e8-4382-a78a-81b47c604079,species,Animalia,t0063912,"",Flabellum japonicum,Flabellum japonicum,學名重複,https://vvtaxatree.tbn.org.tw/taxa/dd6a95a9-10e8-4382-a78a-81b47c604079
e6418aaf-9273-4d3f-b83a-91e8aad37fb8,species,Animalia,t0032891,"",Sipunculus nudus,Sipunculus nudus,學名重複,https://vvtaxatree.tbn.org.tw/taxa/e6418aaf-9273-4d3f-b83a-91e8aad37fb8
e59aa6c7-db54-452e-86c9-17c0fd5e7274,infraspecies,Animalia,t0085161,"",Accipiter gentilis gentilis schvedowi,Accipiter gentilis gentilis schvedowi,學名重複,https://vvtaxatree.tbn.org.tw/taxa/e59aa6c7-db54-452e-86c9-17c0fd5e7274
7d616cdd-8a55-4742-a160-590b49b55c27,infraspecies,Animalia,t0085436,"",Charadrius dubius dubius curonicus,Charadrius dubius dubius curonicus,學名重複,https://vvtaxatree.tbn.org.tw/taxa/7d616cdd-8a55-4742-a160-590b49b55c27
da83b213-5157-4b08-98a0-ba0bf11cb1c5,species,Animalia,t0065172,"",Harpalus capito,Harpalus capito,學名重複,https://vvtaxatree.tbn.org.tw/taxa/da83b213-5157-4b08-98a0-ba0bf11cb1c5
08f8659f-fb7f-4e28-8444-40dd06e45d9a,species,Animalia,t0065175,"",Harpalus roninus,Harpalus roninus,學名重複,https://vvtaxatree.tbn.org.tw/taxa/08f8659f-fb7f-4e28-8444-40dd06e45d9a
b8ec65dc-d417-43d9-8605-8ab1a14ce860,species,Animalia,t0077933,"",Chaetocnema malayana,Chaetocnema malayana,學名重複,https://vvtaxatree.tbn.org.tw/taxa/b8ec65dc-d417-43d9-8605-8ab1a14ce860
af85aafc-ec20-4cd5-a1f6-af9cd77c3c0f,species,Animalia,t0030298,"",Chaetocnema nigrica,Chaetocnema nigrica,學名重複,https://vvtaxatree.tbn.org.tw/taxa/af85aafc-ec20-4cd5-a1f6-af9cd77c3c0f
8f1afa5e-419e-4280-9df7-4114597c0797,species,Animalia,t0077932,"",Chaetocnema granulosa,Chaetocnema granulosa,學名重複,https://vvtaxatree.tbn.org.tw/taxa/8f1afa5e-419e-4280-9df7-4114597c0797
c7ca295b-5efe-41e0-b97c-f41bd3b262ef,species,Animalia,t0077935,"",Chaetocnema wallacei,Chaetocnema wallacei,學名重複,https://vvtaxatree.tbn.org.tw/taxa/c7ca295b-5efe-41e0-b97c-f41bd3b262ef
1c00f290-1775-46f5-8a7c-140515f75a88,species,Animalia,t0064341,"",Gastrophysa atrocyanea,Gastrophysa atrocyanea,學名重複,https://vvtaxatree.tbn.org.tw/taxa/1c00f290-1775-46f5-8a7c-140515f75a88
8fa5bcce-999b-4493-a893-41db6e914eae,species,Animalia,t0029377,"",Gonioctena scutellaris,Gonioctena scutellaris,學名重複,https://vvtaxatree.tbn.org.tw/taxa/8fa5bcce-999b-4493-a893-41db6e914eae
9888250c-82fb-4e10-977f-2e3ac66c1308,species,Animalia,t0067017,"",Lema concinnipennis,Lema concinnipennis,學名重複,https://vvtaxatree.tbn.org.tw/taxa/9888250c-82fb-4e10-977f-2e3ac66c1308
90393698-96b1-419a-8a32-75783e28889e,species,Animalia,t0067019,"",Lema coronata,Lema coronata,學名重複,https://vvtaxatree.tbn.org.tw/taxa/90393698-96b1-419a-8a32-75783e28889e
8984d661-b785-4500-84ff-3189e01bf03c,species,Animalia,t0067025,"",Lema honorata,Lema honorata,學名重複,https://vvtaxatree.tbn.org.tw/taxa/8984d661-b785-4500-84ff-3189e01bf03c
e0130a73-f2e3-440b-9264-b6cf4bade6be,species,Animalia,t0027355,"",Lema fortunei,Lema fortunei,學名重複,https://vvtaxatree.tbn.org.tw/taxa/e0130a73-f2e3-440b-9264-b6cf4bade6be
db1dc50d-559d-4860-848d-e565fa8a47a7,species,Animalia,t0082773,"",Paederus fulvocaudatus,Paederus fulvocaudatus,學名重複,https://vvtaxatree.tbn.org.tw/taxa/db1dc50d-559d-4860-848d-e565fa8a47a7
5d87cef3-7bf8-46e5-99ef-0debe87e74f2,species,Animalia,t0082784,"",Paederus virgifer,Paederus virgifer,學名重複,https://vvtaxatree.tbn.org.tw/taxa/5d87cef3-7bf8-46e5-99ef-0debe87e74f2
de8b95bf-4818-480d-b15f-beae576e360e,species,Animalia,t0082777,"",Paederus incurvatus,Paederus incurvatus,學名重複,https://vvtaxatree.tbn.org.tw/taxa/de8b95bf-4818-480d-b15f-beae576e360e
a080be0b-bff3-457a-b53f-fdbd9de107f7,species,Animalia,t0082764,"",Paederus adiectus,Paederus adiectus,學名重複,https://vvtaxatree.tbn.org.tw/taxa/a080be0b-bff3-457a-b53f-fdbd9de107f7
daba8a6d-d326-4ac8-afd7-9f83fdead375,species,Animalia,t0082765,"",Paederus aequilobatus,Paederus aequilobatus,學名重複,https://vvtaxatree.tbn.org.tw/taxa/daba8a6d-d326-4ac8-afd7-9f83fdead375
f8357705-a867-407f-8003-192269e0368d,species,Animalia,t0082774,"",Paederus furcispinosus,Paederus furcispinosus,學名重複,https://vvtaxatree.tbn.org.tw/taxa/f8357705-a867-407f-8003-192269e0368d
4e6b6b1a-8fd9-4158-9740-329cf464d47e,species,Animalia,t0082772,"",Paederus excisissimus,Paederus excisissimus,學名重複,https://vvtaxatree.tbn.org.tw/taxa/4e6b6b1a-8fd9-4158-9740-329cf464d47e
291c245b-69ab-4265-a484-10f0966191ab,species,Animalia,t0082783,"",Paederus trihamatus,Paederus trihamatus,學名重複,https://vvtaxatree.tbn.org.tw/taxa/291c245b-69ab-4265-a484-10f0966191ab
bce82c5a-7efb-4582-9d57-92cf71678bb7,species,Animalia,t0082769,"",Paederus bivirgatus,Paederus bivirgatus,學名重複,https://vvtaxatree.tbn.org.tw/taxa/bce82c5a-7efb-4582-9d57-92cf71678bb7
21266dd8-d581-4371-9ede-09c43fe4fd7f,species,Animalia,t0082768,"",Paederus anmamontis,Paederus anmamontis,學名重複,https://vvtaxatree.tbn.org.tw/taxa/21266dd8-d581-4371-9ede-09c43fe4fd7f
357e7785-d078-4136-8de8-bff5ed65ca9e,species,Animalia,t0082780,"",Paederus semiflavus,Paederus semiflavus,學名重複,https://vvtaxatree.tbn.org.tw/taxa/357e7785-d078-4136-8de8-bff5ed65ca9e
4fafb43d-183d-49e7-ad1e-2e125836f2ca,species,Animalia,t0082766,"",Paederus alesi,Paederus alesi,學名重複,https://vvtaxatree.tbn.org.tw/taxa/4fafb43d-183d-49e7-ad1e-2e125836f2ca
23d70896-0077-465f-9283-b61df40478cc,species,Animalia,t0082771,"",Paederus discurrens,Paederus discurrens,學名重複,https://vvtaxatree.tbn.org.tw/taxa/23d70896-0077-465f-9283-b61df40478cc
5c415ff3-79f6-40f9-b4e5-a9dedf24b00c,species,Animalia,t0082776,"",Paederus incisus,Paederus incisus,學名重複,https://vvtaxatree.tbn.org.tw/taxa/5c415ff3-79f6-40f9-b4e5-a9dedf24b00c
7710663d-ccbd-4f98-bdf2-af3001f0ec55,species,Animalia,t0082778,"",Paederus nigricrus,Paederus nigricrus,學名重複,https://vvtaxatree.tbn.org.tw/taxa/7710663d-ccbd-4f98-bdf2-af3001f0ec55
27d00833-ac01-46d9-90f6-b17187851163,species,Animalia,t0031115,"",Nephus sauteri,Nephus sauteri,學名重複,https://vvtaxatree.tbn.org.tw/taxa/27d00833-ac01-46d9-90f6-b17187851163
ca801d75-2b6e-498d-9fa5-581d3426bfa4,species,Animalia,t0038678,"",Scymnus hoffmanni,Scymnus hoffmanni,學名重複,https://vvtaxatree.tbn.org.tw/taxa/ca801d75-2b6e-498d-9fa5-581d3426bfa4
7f847c72-bea7-4f3d-b3bc-09d155543fa6,species,Animalia,t0032747,"",Scymnus dorcatomoides,Scymnus dorcatomoides,學名重複,https://vvtaxatree.tbn.org.tw/taxa/7f847c72-bea7-4f3d-b3bc-09d155543fa6
a682af0b-bc61-4bfe-8222-ee451f588509,species,Animalia,t0038684,"",Scymnus ovimaculatus,Scymnus ovimaculatus,學名重複,https://vvtaxatree.tbn.org.tw/taxa/a682af0b-bc61-4bfe-8222-ee451f588509
6aeb4431-5d97-4f50-8399-94d75b509149,species,Animalia,t0038691,"",Scymnus quadrillum,Scymnus quadrillum,學名重複,https://vvtaxatree.tbn.org.tw/taxa/6aeb4431-5d97-4f50-8399-94d75b509149
670e5f16-5f11-4671-9c8d-8eb0c99dde59,species,Animalia,t0032749,"",Scymnus nubilus,Scymnus nubilus,學名重複,https://vvtaxatree.tbn.org.tw/taxa/670e5f16-5f11-4671-9c8d-8eb0c99dde59
f2a3efc5-48e2-4db4-afe1-032597881431,species,Animalia,t0071070,"",Amarygmus antecedens,Amarygmus antecedens,學名重複,https://vvtaxatree.tbn.org.tw/taxa/f2a3efc5-48e2-4db4-afe1-032597881431
b0b36ef5-abaa-4f4d-a59b-ca00a761a499,species,Animalia,t0071071,"",Amarygmus antecursor,Amarygmus antecursor,學名重複,https://vvtaxatree.tbn.org.tw/taxa/b0b36ef5-abaa-4f4d-a59b-ca00a761a499
66e3aa7f-465d-45d3-b686-eed73da9ec63,species,Animalia,t0071959,"",Aphodius sublimbatus,Aphodius sublimbatus,學名重複,https://vvtaxatree.tbn.org.tw/taxa/66e3aa7f-465d-45d3-b686-eed73da9ec63
169b2a55-657f-4c0a-9a6f-febb607ea536,species,Animalia,t0071952,"",Aphodius kotoensis,Aphodius kotoensis,學名重複,https://vvtaxatree.tbn.org.tw/taxa/169b2a55-657f-4c0a-9a6f-febb607ea536
ec9c4896-9bd9-4118-9498-a9d286bf3592,species,Animalia,t0071956,"",Aphodius priscus,Aphodius priscus,學名重複,https://vvtaxatree.tbn.org.tw/taxa/ec9c4896-9bd9-4118-9498-a9d286bf3592
a4cbc24e-3e67-491d-bff6-eef4af9c534f,species,Animalia,t0076954,"",Caccobius scrofa,Caccobius scrofa,學名重複,https://vvtaxatree.tbn.org.tw/taxa/a4cbc24e-3e67-491d-bff6-eef4af9c534f
87c67683-d4db-429c-94bb-8dd86bf751a3,species,Animalia,t0079271,"",Copris fukiensis,Copris fukiensis,學名重複,https://vvtaxatree.tbn.org.tw/taxa/87c67683-d4db-429c-94bb-8dd86bf751a3
9d2563ae-71b1-498f-9ac8-dabc8ae931db,species,Animalia,t0082259,"",Onthophagus taurinus,Onthophagus taurinus,學名重複,https://vvtaxatree.tbn.org.tw/taxa/9d2563ae-71b1-498f-9ac8-dabc8ae931db
96a4b75a-3899-42c7-9cd3-edde6a12285b,species,Animalia,t0082241,"",Onthophagus koshunensis,Onthophagus koshunensis,學名重複,https://vvtaxatree.tbn.org.tw/taxa/96a4b75a-3899-42c7-9cd3-edde6a12285b
f48432a4-1c91-4b4a-882b-639510f9b961,species,Animalia,t0082248,"",Onthophagus pseudoarmatus,Onthophagus pseudoarmatus,學名重複,https://vvtaxatree.tbn.org.tw/taxa/f48432a4-1c91-4b4a-882b-639510f9b961
abca492e-4521-4ccf-ab28-df585f66fb80,species,Animalia,t0082250,"",Onthophagus roubali,Onthophagus roubali,學名重複,https://vvtaxatree.tbn.org.tw/taxa/abca492e-4521-4ccf-ab28-df585f66fb80
ad2b5aaa-82ac-424c-a44d-f50635001cd4,species,Animalia,t0082258,"",Onthophagus tatsienluensis,Onthophagus tatsienluensis,學名重複,https://vvtaxatree.tbn.org.tw/taxa/ad2b5aaa-82ac-424c-a44d-f50635001cd4
72632e5d-376e-4379-b995-be556350d016,species,Animalia,t0076724,"",Brachypeplus latus,Brachypeplus latus,學名重複,https://vvtaxatree.tbn.org.tw/taxa/72632e5d-376e-4379-b995-be556350d016
aea333d0-417f-42ef-9cf2-58d0108b341b,species,Animalia,t0076723,"",Brachypeplus apicalis,Brachypeplus apicalis,學名重複,https://vvtaxatree.tbn.org.tw/taxa/aea333d0-417f-42ef-9cf2-58d0108b341b
8e962bec-2281-4dfe-b9c1-6121b1af55c4,species,Animalia,t0077520,"",Carpophilus chalybaeus,Carpophilus chalybaeus,學名重複,https://vvtaxatree.tbn.org.tw/taxa/8e962bec-2281-4dfe-b9c1-6121b1af55c4
d57f7fbe-ca78-4b7c-8afa-41ae901ece85,species,Animalia,t0077526,"",Carpophilus marginellus,Carpophilus marginellus,學名重複,https://vvtaxatree.tbn.org.tw/taxa/d57f7fbe-ca78-4b7c-8afa-41ae901ece85
5629a2ce-3c93-4bd1-aa65-c86fb28d72ec,species,Animalia,t0077523,"",Carpophilus funereus,Carpophilus funereus,學名重複,https://vvtaxatree.tbn.org.tw/taxa/5629a2ce-3c93-4bd1-aa65-c86fb28d72ec
d585b5b1-27f2-4611-b01c-138577c3ab53,species,Animalia,t0077530,"",Carpophilus triton,Carpophilus triton,學名重複,https://vvtaxatree.tbn.org.tw/taxa/d585b5b1-27f2-4611-b01c-138577c3ab53
05503746-67cf-4906-ad7b-36bec6e3004d,species,Animalia,t0077529,"",Carpophilus shioedtei,Carpophilus shioedtei,學名重複,https://vvtaxatree.tbn.org.tw/taxa/05503746-67cf-4906-ad7b-36bec6e3004d
ba0b4eeb-6baf-462d-ad96-98fa7912807a,species,Animalia,t0077531,"",Carpophilus truncatus,Carpophilus truncatus,學名重複,https://vvtaxatree.tbn.org.tw/taxa/ba0b4eeb-6baf-462d-ad96-98fa7912807a
5249c3b1-df62-42b1-8068-9fa48cffeac3,species,Animalia,t0063002,"",Epuraea concolor,Epuraea concolor,學名重複,https://vvtaxatree.tbn.org.tw/taxa/5249c3b1-df62-42b1-8068-9fa48cffeac3
1fb0f9ff-bbac-47fa-b9bf-387e602abe3e,species,Animalia,t0036773,"",Prometopia quadrimaculata,Prometopia quadrimaculata,學名重複,https://vvtaxatree.tbn.org.tw/taxa/1fb0f9ff-bbac-47fa-b9bf-387e602abe3e
5f7ad92c-0daa-42be-888b-988273617972,species,Animalia,t0070479,"",Agathidium alesi,Agathidium alesi,學名重複,https://vvtaxatree.tbn.org.tw/taxa/5f7ad92c-0daa-42be-888b-988273617972
cebaa762-5419-4b6d-9e68-c0b6350784af,species,Animalia,t0070489,"",Agathidium delicatulum,Agathidium delicatulum,學名重複,https://vvtaxatree.tbn.org.tw/taxa/cebaa762-5419-4b6d-9e68-c0b6350784af
b2013005-2d2f-45d4-9fc2-2c9ce0555602,species,Animalia,t0070503,"",Agathidium griseum,Agathidium griseum,學名重複,https://vvtaxatree.tbn.org.tw/taxa/b2013005-2d2f-45d4-9fc2-2c9ce0555602
4a57dc3f-231b-4d8c-91ff-b8de040019d1,species,Animalia,t0070504,"",Agathidium grossum,Agathidium grossum,學名重複,https://vvtaxatree.tbn.org.tw/taxa/4a57dc3f-231b-4d8c-91ff-b8de040019d1
cd3cda6b-abef-41d5-bc25-4c9352b7dcb4,species,Animalia,t0070521,"",Agathidium pictum,Agathidium pictum,學名重複,https://vvtaxatree.tbn.org.tw/taxa/cd3cda6b-abef-41d5-bc25-4c9352b7dcb4
a8261db0-c525-424a-a847-dc134bb4cbe8,species,Animalia,t0070528,"",Agathidium subnitidum,Agathidium subnitidum,學名重複,https://vvtaxatree.tbn.org.tw/taxa/a8261db0-c525-424a-a847-dc134bb4cbe8
6095a9f1-262f-4270-a023-23f1e26f2fed,species,Animalia,t0070529,"",Agathidium subsinuatum,Agathidium subsinuatum,學名重複,https://vvtaxatree.tbn.org.tw/taxa/6095a9f1-262f-4270-a023-23f1e26f2fed
697e360c-382f-4eb8-b304-312910fdb1c0,species,Animalia,t0070480,"",Agathidium alpestre,Agathidium alpestre,學名重複,https://vvtaxatree.tbn.org.tw/taxa/697e360c-382f-4eb8-b304-312910fdb1c0
fc17d0ea-d62d-4c6f-b19c-07fd51903cc0,species,Animalia,t0070482,"",Agathidium angustatum,Agathidium angustatum,學名重複,https://vvtaxatree.tbn.org.tw/taxa/fc17d0ea-d62d-4c6f-b19c-07fd51903cc0
4d27a40f-13c1-4fb2-9345-bee08a7696de,species,Animalia,t0070483,"",Agathidium anmashanense,Agathidium anmashanense,學名重複,https://vvtaxatree.tbn.org.tw/taxa/4d27a40f-13c1-4fb2-9345-bee08a7696de
4c7375da-d684-46ba-aca5-119410b3de11,species,Animalia,t0070484,"",Agathidium asphaltinum,Agathidium asphaltinum,學名重複,https://vvtaxatree.tbn.org.tw/taxa/4c7375da-d684-46ba-aca5-119410b3de11
d001193b-6111-42a5-95ac-1dcdd4b3d52f,species,Animalia,t0070485,"",Agathidium chalconotum,Agathidium chalconotum,學名重複,https://vvtaxatree.tbn.org.tw/taxa/d001193b-6111-42a5-95ac-1dcdd4b3d52f
2ea651db-124f-4c25-a2be-948b884d88b9,species,Animalia,t0070486,"",Agathidium chiaicum,Agathidium chiaicum,學名重複,https://vvtaxatree.tbn.org.tw/taxa/2ea651db-124f-4c25-a2be-948b884d88b9
8f4be6d2-6243-4b68-aab7-e2b14bbddeba,species,Animalia,t0070487,"",Agathidium comptum,Agathidium comptum,學名重複,https://vvtaxatree.tbn.org.tw/taxa/8f4be6d2-6243-4b68-aab7-e2b14bbddeba
6dbe56ac-2d44-4ab0-b0b1-6315070249cc,species,Animalia,t0070490,"",Agathidium discretum,Agathidium discretum,學名重複,https://vvtaxatree.tbn.org.tw/taxa/6dbe56ac-2d44-4ab0-b0b1-6315070249cc
54b9f71b-b65e-46c3-8251-aa971113b160,species,Animalia,t0070491,"",Agathidium distinguendum,Agathidium distinguendum,學名重複,https://vvtaxatree.tbn.org.tw/taxa/54b9f71b-b65e-46c3-8251-aa971113b160
357789b7-8403-492c-bfba-c69286830630,species,Animalia,t0070492,"",Agathidium egregium,Agathidium egregium,學名重複,https://vvtaxatree.tbn.org.tw/taxa/357789b7-8403-492c-bfba-c69286830630
d8d2eb10-3955-4426-92d8-19b94af65b6e,species,Animalia,t0070493,"",Agathidium exoletum,Agathidium exoletum,學名重複,https://vvtaxatree.tbn.org.tw/taxa/d8d2eb10-3955-4426-92d8-19b94af65b6e
bf5a89ef-9370-473a-b629-3d70285e79cd,species,Animalia,t0070494,"",Agathidium familiare,Agathidium familiare,學名重複,https://vvtaxatree.tbn.org.tw/taxa/bf5a89ef-9370-473a-b629-3d70285e79cd
37cba774-71ee-4180-b609-d15b4aa31233,species,Animalia,t0070496,"",Agathidium fenestratum,Agathidium fenestratum,學名重複,https://vvtaxatree.tbn.org.tw/taxa/37cba774-71ee-4180-b609-d15b4aa31233
621366af-5465-4bb9-9692-019562bf6f1c,species,Animalia,t0070497,"",Agathidium formosum,Agathidium formosum,學名重複,https://vvtaxatree.tbn.org.tw/taxa/621366af-5465-4bb9-9692-019562bf6f1c
14fc6271-d065-4457-af2a-b0155d2926e0,species,Animalia,t0070498,"",Agathidium fuliginosum,Agathidium fuliginosum,學名重複,https://vvtaxatree.tbn.org.tw/taxa/14fc6271-d065-4457-af2a-b0155d2926e0
608a4d04-f075-4a3d-87db-41787231d891,species,Animalia,t0070499,"",Agathidium furcatum,Agathidium furcatum,學名重複,https://vvtaxatree.tbn.org.tw/taxa/608a4d04-f075-4a3d-87db-41787231d891
52bc61be-29b0-4b4c-9b8f-a9263a9e7123,species,Animalia,t0070500,"",Agathidium fuscum,Agathidium fuscum,學名重複,https://vvtaxatree.tbn.org.tw/taxa/52bc61be-29b0-4b4c-9b8f-a9263a9e7123
af062abc-7c51-4869-9d91-87252b13e98f,species,Animalia,t0070502,"",Agathidium glabricolle,Agathidium glabricolle,學名重複,https://vvtaxatree.tbn.org.tw/taxa/af062abc-7c51-4869-9d91-87252b13e98f
514b8603-2cae-40c2-ad72-75f877782d99,species,Animalia,t0070505,"",Agathidium honestum,Agathidium honestum,學名重複,https://vvtaxatree.tbn.org.tw/taxa/514b8603-2cae-40c2-ad72-75f877782d99
58f1572a-96f8-4794-8bee-ee91588f2cc8,species,Animalia,t0070507,"",Agathidium intricatum,Agathidium intricatum,學名重複,https://vvtaxatree.tbn.org.tw/taxa/58f1572a-96f8-4794-8bee-ee91588f2cc8
72f95858-1a71-4147-98b5-9d280b01c500,species,Animalia,t0070508,"",Agathidium inustum,Agathidium inustum,學名重複,https://vvtaxatree.tbn.org.tw/taxa/72f95858-1a71-4147-98b5-9d280b01c500
e38e2223-3c4f-4788-a584-ca5b280cc647,species,Animalia,t0070509,"",Agathidium kaohsiungense,Agathidium kaohsiungense,學名重複,https://vvtaxatree.tbn.org.tw/taxa/e38e2223-3c4f-4788-a584-ca5b280cc647
1cf55a78-aa40-47ea-af9e-86969d27be37,species,Animalia,t0070512,"",Agathidium lucidum,Agathidium lucidum,學名重複,https://vvtaxatree.tbn.org.tw/taxa/1cf55a78-aa40-47ea-af9e-86969d27be37
7e1d13a9-4de2-4fc9-adfe-e1b58a3a31b2,species,Animalia,t0070514,"",Agathidium lunatum,Agathidium lunatum,學名重複,https://vvtaxatree.tbn.org.tw/taxa/7e1d13a9-4de2-4fc9-adfe-e1b58a3a31b2
8da5b369-78db-46d8-8952-a523406aaba6,species,Animalia,t0070515,"",Agathidium meifengense,Agathidium meifengense,學名重複,https://vvtaxatree.tbn.org.tw/taxa/8da5b369-78db-46d8-8952-a523406aaba6
3ff0ac0f-d934-47f9-ae99-c4ac8ed49fe6,species,Animalia,t0070516,"",Agathidium melanocephalum,Agathidium melanocephalum,學名重複,https://vvtaxatree.tbn.org.tw/taxa/3ff0ac0f-d934-47f9-ae99-c4ac8ed49fe6
39d5e706-d5c6-4111-90c7-66b898141322,species,Animalia,t0070517,"",Agathidium memnonium,Agathidium memnonium,學名重複,https://vvtaxatree.tbn.org.tw/taxa/39d5e706-d5c6-4111-90c7-66b898141322
ec3ae016-05e4-4723-9ef3-cb0c9c0db8bf,species,Animalia,t0070526,"",Agathidium splendidulum,Agathidium splendidulum,學名重複,https://vvtaxatree.tbn.org.tw/taxa/ec3ae016-05e4-4723-9ef3-cb0c9c0db8bf
5cdc20e4-6edd-4400-9a43-abe4fb4f9f0d,species,Animalia,t0070527,"",Agathidium subalpinum,Agathidium subalpinum,學名重複,https://vvtaxatree.tbn.org.tw/taxa/5cdc20e4-6edd-4400-9a43-abe4fb4f9f0d
b1d3b7f2-03e7-400d-9952-3376164dd69f,species,Animalia,t0070530,"",Agathidium taichungense,Agathidium taichungense,學名重複,https://vvtaxatree.tbn.org.tw/taxa/b1d3b7f2-03e7-400d-9952-3376164dd69f
562ca736-862d-4276-97db-43dc3451595c,species,Animalia,t0070532,"",Agathidium tardum,Agathidium tardum,學名重複,https://vvtaxatree.tbn.org.tw/taxa/562ca736-862d-4276-97db-43dc3451595c
432a5bf0-68f3-42f0-83d2-b0baf70c8338,species,Animalia,t0070534,"",Agathidium tenebroides,Agathidium tenebroides,學名重複,https://vvtaxatree.tbn.org.tw/taxa/432a5bf0-68f3-42f0-83d2-b0baf70c8338
3bd58d76-e0e8-411d-b7c9-e306b5dbd050,species,Animalia,t0070535,"",Agathidium tessellatum,Agathidium tessellatum,學名重複,https://vvtaxatree.tbn.org.tw/taxa/3bd58d76-e0e8-411d-b7c9-e306b5dbd050
0863758c-c899-422a-a17b-c3ebd6a52356,species,Animalia,t0070536,"",Agathidium umbratum,Agathidium umbratum,學名重複,https://vvtaxatree.tbn.org.tw/taxa/0863758c-c899-422a-a17b-c3ebd6a52356
d4a93683-a899-41dc-821d-7fa45ff8dd83,species,Animalia,t0070513,"",Agathidium lucifugum,Agathidium lucifugum,學名重複,https://vvtaxatree.tbn.org.tw/taxa/d4a93683-a899-41dc-821d-7fa45ff8dd83
a34ea9d1-c6f9-49ab-9138-933e6b3e1df2,species,Animalia,t0070501,"",Agathidium geniculatum,Agathidium geniculatum,學名重複,https://vvtaxatree.tbn.org.tw/taxa/a34ea9d1-c6f9-49ab-9138-933e6b3e1df2
4fb83940-c906-4d16-a464-f570099c9f5d,species,Animalia,t0070506,"",Agathidium inquisitor,Agathidium inquisitor,學名重複,https://vvtaxatree.tbn.org.tw/taxa/4fb83940-c906-4d16-a464-f570099c9f5d
3529394e-6344-4c94-b5b0-9f1ab5f6433f,species,Animalia,t0070539,"",Agathidium yushanicum,Agathidium yushanicum,學名重複,https://vvtaxatree.tbn.org.tw/taxa/3529394e-6344-4c94-b5b0-9f1ab5f6433f
c3dab100-d2e2-4c11-aa1b-00a751029f5d,species,Animalia,t0070520,"",Agathidium oblitum,Agathidium oblitum,學名重複,https://vvtaxatree.tbn.org.tw/taxa/c3dab100-d2e2-4c11-aa1b-00a751029f5d
4305516b-04d9-44f8-8b3e-75a050c3e080,species,Animalia,t0070495,"",Agathidium fenchihuense,Agathidium fenchihuense,學名重複,https://vvtaxatree.tbn.org.tw/taxa/4305516b-04d9-44f8-8b3e-75a050c3e080
41fee4da-e8af-453f-9f74-090261b5506b,species,Animalia,t0070481,"",Agathidium amictum,Agathidium amictum,學名重複,https://vvtaxatree.tbn.org.tw/taxa/41fee4da-e8af-453f-9f74-090261b5506b
f76ee9ae-0cd1-4002-a299-3878d72c5aa3,species,Animalia,t0070510,"",Agathidium klapperichi,Agathidium klapperichi,學名重複,https://vvtaxatree.tbn.org.tw/taxa/f76ee9ae-0cd1-4002-a299-3878d72c5aa3
a7d6003b-796e-4d2c-8cb9-f0ff0a4a0f48,species,Animalia,t0070531,"",Agathidium taiwanense,Agathidium taiwanense,學名重複,https://vvtaxatree.tbn.org.tw/taxa/a7d6003b-796e-4d2c-8cb9-f0ff0a4a0f48
62b1599f-c24f-4946-a127-81585361e1c0,species,Animalia,t0070537,"",Agathidium venustum,Agathidium venustum,學名重複,https://vvtaxatree.tbn.org.tw/taxa/62b1599f-c24f-4946-a127-81585361e1c0
5c1b3963-1b70-465a-a2a7-bfb0a435bff6,species,Animalia,t0070525,"",Agathidium serratum,Agathidium serratum,學名重複,https://vvtaxatree.tbn.org.tw/taxa/5c1b3963-1b70-465a-a2a7-bfb0a435bff6
029c134d-acbf-4497-9ab1-95914c69ae71,species,Animalia,t0070519,"",Agathidium nigrocastaneum,Agathidium nigrocastaneum,學名重複,https://vvtaxatree.tbn.org.tw/taxa/029c134d-acbf-4497-9ab1-95914c69ae71
35c1de93-a45f-453d-809a-4cfa7211c48e,species,Animalia,t0070522,"",Agathidium praeustum,Agathidium praeustum,學名重複,https://vvtaxatree.tbn.org.tw/taxa/35c1de93-a45f-453d-809a-4cfa7211c48e
b5ff3c6d-3e07-4601-8686-fa2b47fd93a3,species,Animalia,t0070524,"",Agathidium rufomarginatum,Agathidium rufomarginatum,學名重複,https://vvtaxatree.tbn.org.tw/taxa/b5ff3c6d-3e07-4601-8686-fa2b47fd93a3
c5f3f353-b914-48bb-8921-92f85e9696fb,species,Animalia,t0070533,"",Agathidium tarokoense,Agathidium tarokoense,學名重複,https://vvtaxatree.tbn.org.tw/taxa/c5f3f353-b914-48bb-8921-92f85e9696fb
815cb908-a2a5-4ba3-82a2-f6f8f4290992,species,Animalia,t0070538,"",Agathidium vestitum,Agathidium vestitum,學名重複,https://vvtaxatree.tbn.org.tw/taxa/815cb908-a2a5-4ba3-82a2-f6f8f4290992
e9f5aa09-2690-4fdb-a784-b906ab81ae48,species,Animalia,t0070511,"",Agathidium kyotoense,Agathidium kyotoense,學名重複,https://vvtaxatree.tbn.org.tw/taxa/e9f5aa09-2690-4fdb-a784-b906ab81ae48
bb1d03cd-46f4-4517-ba49-171f5a50d02e,species,Animalia,t0071729,"",Anthaxia akiyamai,Anthaxia akiyamai,學名重複,https://vvtaxatree.tbn.org.tw/taxa/bb1d03cd-46f4-4517-ba49-171f5a50d02e
41ce9887-d14f-473f-9b84-07f460d9448a,species,Animalia,t0071731,"",Anthaxia clio,Anthaxia clio,學名重複,https://vvtaxatree.tbn.org.tw/taxa/41ce9887-d14f-473f-9b84-07f460d9448a
4166732c-5378-49a7-8665-4a8a704284c7,species,Animalia,t0071732,"",Anthaxia erato,Anthaxia erato,學名重複,https://vvtaxatree.tbn.org.tw/taxa/4166732c-5378-49a7-8665-4a8a704284c7
60915293-c07d-4c8a-9459-79da92ed3aa9,species,Animalia,t0071733,"",Anthaxia formosensis,Anthaxia formosensis,學名重複,https://vvtaxatree.tbn.org.tw/taxa/60915293-c07d-4c8a-9459-79da92ed3aa9
b77769d6-1102-42fa-a772-49670bb07aec,species,Animalia,t0071735,"",Anthaxia kurosawai,Anthaxia kurosawai,學名重複,https://vvtaxatree.tbn.org.tw/taxa/b77769d6-1102-42fa-a772-49670bb07aec
ba0786b9-e796-4a2a-a3f9-8401b033eb5e,species,Animalia,t0071738,"",Anthaxia taiwanensis,Anthaxia taiwanensis,學名重複,https://vvtaxatree.tbn.org.tw/taxa/ba0786b9-e796-4a2a-a3f9-8401b033eb5e
0d6a3454-78fb-493f-a69f-e0e22a7e12b8,species,Animalia,t0071739,"",Anthaxia toyamai,Anthaxia toyamai,學名重複,https://vvtaxatree.tbn.org.tw/taxa/0d6a3454-78fb-493f-a69f-e0e22a7e12b8
14205759-c1e9-43a6-abfb-6d8ce747bd1c,species,Animalia,t0057850,"",Aulacocheilus shinoharai,Aulacocheilus shinoharai,學名重複,https://vvtaxatree.tbn.org.tw/taxa/14205759-c1e9-43a6-abfb-6d8ce747bd1c
c4362ec5-eb96-4b10-bd24-0c358a611760,species,Animalia,t0069229,"",Micrencaustes taiwana,Micrencaustes taiwana,學名重複,https://vvtaxatree.tbn.org.tw/taxa/c4362ec5-eb96-4b10-bd24-0c358a611760
d38d2d67-9291-4c94-8960-93f428eae086,species,Animalia,t0061399,"",Dermestes nidum,Dermestes nidum,學名重複,https://vvtaxatree.tbn.org.tw/taxa/d38d2d67-9291-4c94-8960-93f428eae086
39496461-1ce2-4e4b-a7c5-03623dc0a3fc,species,Animalia,t0082468,"",Orphinus aethiops,Orphinus aethiops,學名重複,https://vvtaxatree.tbn.org.tw/taxa/39496461-1ce2-4e4b-a7c5-03623dc0a3fc
38659157-652c-444d-a31f-6bff8312511e,species,Animalia,t0068421,"",Malthinus fenchihuensis,Malthinus fenchihuensis,學名重複,https://vvtaxatree.tbn.org.tw/taxa/38659157-652c-444d-a31f-6bff8312511e
6d118df0-9db0-494c-a3b7-9dc7b351324a,species,Animalia,t0068422,"",Malthinus notsui,Malthinus notsui,學名重複,https://vvtaxatree.tbn.org.tw/taxa/6d118df0-9db0-494c-a3b7-9dc7b351324a
b7856203-f364-47fd-85bb-81be9447fdf3,species,Animalia,t0068423,"",Malthinus ohbai,Malthinus ohbai,學名重複,https://vvtaxatree.tbn.org.tw/taxa/b7856203-f364-47fd-85bb-81be9447fdf3
5919d540-550b-4733-83a5-e36d549a44f5,species,Animalia,t0068428,"",Malthinus taiwanoniger,Malthinus taiwanoniger,學名重複,https://vvtaxatree.tbn.org.tw/taxa/5919d540-550b-4733-83a5-e36d549a44f5
864c574b-c533-4898-8001-2ff5f1140d06,species,Animalia,t0027749,"",Malthinus shimomurai,Malthinus shimomurai,學名重複,https://vvtaxatree.tbn.org.tw/taxa/864c574b-c533-4898-8001-2ff5f1140d06
fdcf55b7-760f-4755-bf39-e224da3425df,species,Animalia,t0068429,"",Malthinus taiwanus,Malthinus taiwanus,學名重複,https://vvtaxatree.tbn.org.tw/taxa/fdcf55b7-760f-4755-bf39-e224da3425df
2cb2ccee-947b-4d28-bd2d-63ee800b948e,species,Animalia,t0068430,"",Malthinus vixlimbatus,Malthinus vixlimbatus,學名重複,https://vvtaxatree.tbn.org.tw/taxa/2cb2ccee-947b-4d28-bd2d-63ee800b948e
b9bed11e-bcdc-4fd7-b970-af343a5c5e09,species,Animalia,t0068431,"",Malthinus yangmingensis,Malthinus yangmingensis,學名重複,https://vvtaxatree.tbn.org.tw/taxa/b9bed11e-bcdc-4fd7-b970-af343a5c5e09
7863162c-df27-43fd-b51b-85c2626cfb4a,species,Animalia,t0068424,"",Malthinus palingensis,Malthinus palingensis,學名重複,https://vvtaxatree.tbn.org.tw/taxa/7863162c-df27-43fd-b51b-85c2626cfb4a
db942f80-8cca-4e09-b4fd-b7770b011adf,species,Animalia,t0068427,"",Malthinus ssulingensis,Malthinus ssulingensis,學名重複,https://vvtaxatree.tbn.org.tw/taxa/db942f80-8cca-4e09-b4fd-b7770b011adf
e73befe6-d504-4266-8574-cf5fa05dc71b,species,Animalia,t0068432,"",Malthodes brancuccii,Malthodes brancuccii,學名重複,https://vvtaxatree.tbn.org.tw/taxa/e73befe6-d504-4266-8574-cf5fa05dc71b
607a2cca-95b3-457d-bc95-ec327fd212b3,species,Animalia,t0068433,"",Malthodes fenchihuensis,Malthodes fenchihuensis,學名重複,https://vvtaxatree.tbn.org.tw/taxa/607a2cca-95b3-457d-bc95-ec327fd212b3
3cc8f4a5-7bc3-4e0a-bd7e-32ee6821d8c1,species,Animalia,t0068434,"",Malthodes makiharai,Malthodes makiharai,學名重複,https://vvtaxatree.tbn.org.tw/taxa/3cc8f4a5-7bc3-4e0a-bd7e-32ee6821d8c1
1a9ce21b-b693-4448-9f1c-6095615b7279,species,Animalia,t0068435,"",Malthodes niitakaensis,Malthodes niitakaensis,學名重複,https://vvtaxatree.tbn.org.tw/taxa/1a9ce21b-b693-4448-9f1c-6095615b7279
0913acda-580a-4ae2-a2f3-308e4d045ae1,species,Animalia,t0068436,"",Malthodes taiwanus,Malthodes taiwanus,學名重複,https://vvtaxatree.tbn.org.tw/taxa/0913acda-580a-4ae2-a2f3-308e4d045ae1
df30dfd8-d9ce-46a0-8cf6-0e980b4a12b3,species,Animalia,t0047261,"",Themus bicoloricornis,Themus bicoloricornis,學名重複,https://vvtaxatree.tbn.org.tw/taxa/df30dfd8-d9ce-46a0-8cf6-0e980b4a12b3
27749c6e-d95e-4bc3-91da-2b5e3fd7d426,species,Animalia,t0033366,"",Themus uniformis,Themus uniformis,學名重複,https://vvtaxatree.tbn.org.tw/taxa/27749c6e-d95e-4bc3-91da-2b5e3fd7d426
7a537d62-722a-4aee-b6c6-43e597b49c78,species,Animalia,t0047263,"",Themus formosanus,Themus formosanus,學名重複,https://vvtaxatree.tbn.org.tw/taxa/7a537d62-722a-4aee-b6c6-43e597b49c78
dacbfa21-b6fc-46bc-ab05-fc6601fcef4d,species,Animalia,t0047267,"",Themus purpuratus,Themus purpuratus,學名重複,https://vvtaxatree.tbn.org.tw/taxa/dacbfa21-b6fc-46bc-ab05-fc6601fcef4d
8425b613-ec47-4a1a-ba12-24301ba884ed,species,Animalia,t0047271,"",Themus taiwanus,Themus taiwanus,學名重複,https://vvtaxatree.tbn.org.tw/taxa/8425b613-ec47-4a1a-ba12-24301ba884ed
9c9a5583-4e4f-49c7-ae3b-461d3abc4a3e,species,Animalia,t0047266,"",Themus pallidipes,Themus pallidipes,學名重複,https://vvtaxatree.tbn.org.tw/taxa/9c9a5583-4e4f-49c7-ae3b-461d3abc4a3e
4861b686-c57d-4600-b4c4-d0021b488d87,species,Animalia,t0047268,"",Themus satoi,Themus satoi,學名重複,https://vvtaxatree.tbn.org.tw/taxa/4861b686-c57d-4600-b4c4-d0021b488d87
503db0f1-a846-4404-9de9-54f60beeaf32,species,Animalia,t0027330,"",Laterialis oculatus,Laterialis oculatus,學名重複,https://vvtaxatree.tbn.org.tw/taxa/503db0f1-a846-4404-9de9-54f60beeaf32
5e243dad-93f7-4c85-8e73-49e3f3cc46c6,species,Animalia,t0068166,"",Lyponia kleinei,Lyponia kleinei,學名重複,https://vvtaxatree.tbn.org.tw/taxa/5e243dad-93f7-4c85-8e73-49e3f3cc46c6
0d95b2d6-4a3a-4249-bf95-d34ee5412149,species,Animalia,t0068167,"",Lyponia palpalis,Lyponia palpalis,學名重複,https://vvtaxatree.tbn.org.tw/taxa/0d95b2d6-4a3a-4249-bf95-d34ee5412149
447cb8f3-c3b5-49b1-8555-a751aea3ee91,species,Animalia,t0067681,"",Lissodema uenoi,Lissodema uenoi,學名重複,https://vvtaxatree.tbn.org.tw/taxa/447cb8f3-c3b5-49b1-8555-a751aea3ee91
26b955e3-3915-4079-99e8-ec5cf866c47b,species,Animalia,t0049737,"",Apamea ikerfasciata,Apamea ikerfasciata,學名重複,https://vvtaxatree.tbn.org.tw/taxa/26b955e3-3915-4079-99e8-ec5cf866c47b
e89850b1-24c5-4f43-9080-1ae47acda8e1,species,Animalia,t0049736,"",Apamea herczigi,Apamea herczigi,學名重複,https://vvtaxatree.tbn.org.tw/taxa/e89850b1-24c5-4f43-9080-1ae47acda8e1
3b933da0-5d2d-43ea-8924-5137b34bc5d4,species,Animalia,t0049734,"",Apamea changi,Apamea changi,學名重複,https://vvtaxatree.tbn.org.tw/taxa/3b933da0-5d2d-43ea-8924-5137b34bc5d4
99071660-df59-46b6-94a7-e4a86dec792c,species,Animalia,t0051974,"",Mythimna hirashimai,Mythimna hirashimai,學名重複,https://vvtaxatree.tbn.org.tw/taxa/99071660-df59-46b6-94a7-e4a86dec792c
3544c7cf-21b2-4452-ada3-b96593df95f8,species,Animalia,t0051975,"",Mythimna lucida,Mythimna lucida,學名重複,https://vvtaxatree.tbn.org.tw/taxa/3544c7cf-21b2-4452-ada3-b96593df95f8
1796ae56-30fc-4464-96c8-3aa3001352a7,species,Animalia,t0051979,"",Mythimna rushanensis,Mythimna rushanensis,學名重複,https://vvtaxatree.tbn.org.tw/taxa/1796ae56-30fc-4464-96c8-3aa3001352a7
fbef2e30-98a9-4091-b14d-e4fa38db3693,species,Animalia,t0033270,"",Tarsolepis fulgurifera,Tarsolepis fulgurifera,學名重複,https://vvtaxatree.tbn.org.tw/taxa/fbef2e30-98a9-4091-b14d-e4fa38db3693
67521363-75c7-4b6d-997c-ae1d55a3c226,species,Animalia,t0098006,"",Neope muirheadii,Neope muirheadii,學名重複,https://vvtaxatree.tbn.org.tw/taxa/67521363-75c7-4b6d-997c-ae1d55a3c226
f70324b5-8881-4e34-a56d-b106c3de5cba,species,Animalia,t0065736,"",Homoeocerus striicornis,Homoeocerus striicornis,學名重複,https://vvtaxatree.tbn.org.tw/taxa/f70324b5-8881-4e34-a56d-b106c3de5cba
01f63971-88ad-4b26-899e-cbde4c468c55,species,Animalia,t0065994,"",Hygia pedestris,Hygia pedestris,學名重複,https://vvtaxatree.tbn.org.tw/taxa/01f63971-88ad-4b26-899e-cbde4c468c55
81a0814d-f1d6-43a6-873a-7fb1615e8741,species,Animalia,t0076862,"",Bryocoris gracilis,Bryocoris gracilis,學名重複,https://vvtaxatree.tbn.org.tw/taxa/81a0814d-f1d6-43a6-873a-7fb1615e8741
7f2a5e90-4aa2-45b9-a130-383cc8613634,species,Animalia,t0076860,"",Bryocoris flaviceps,Bryocoris flaviceps,學名重複,https://vvtaxatree.tbn.org.tw/taxa/7f2a5e90-4aa2-45b9-a130-383cc8613634
f24b12f6-43ed-423d-a5ef-fc6934573c63,species,Animalia,t0049212,"",Zoraida nitobii,Zoraida nitobii,學名重複,https://vvtaxatree.tbn.org.tw/taxa/f24b12f6-43ed-423d-a5ef-fc6934573c63
2061cc50-62b1-4bff-8d51-cfd73351cf42,species,Animalia,t0064866,"",Greenidea viticola,Greenidea viticola,學名重複,https://vvtaxatree.tbn.org.tw/taxa/2061cc50-62b1-4bff-8d51-cfd73351cf42
aff5297a-0cb6-4d7e-9406-0838572a389b,species,Animalia,t0064862,"",Greenidea mushana,Greenidea mushana,學名重複,https://vvtaxatree.tbn.org.tw/taxa/aff5297a-0cb6-4d7e-9406-0838572a389b
b34456ca-cf54-49e3-8435-ac0adffa4b8c,species,Animalia,t0064863,"",Greenidea myricae,Greenidea myricae,學名重複,https://vvtaxatree.tbn.org.tw/taxa/b34456ca-cf54-49e3-8435-ac0adffa4b8c
2799673c-3190-45e1-b103-ca124fd6a603,species,Animalia,t0062191,"",Dysdercus fuscomaculatus,Dysdercus fuscomaculatus,學名重複,https://vvtaxatree.tbn.org.tw/taxa/2799673c-3190-45e1-b103-ca124fd6a603
01171794-d312-4018-b532-67447f7b908c,species,Animalia,t0047984,"",Trioza neolitsae,Trioza neolitsae,學名重複,https://vvtaxatree.tbn.org.tw/taxa/01171794-d312-4018-b532-67447f7b908c
d3e409cf-a6d7-4ced-b7d3-7a790542fbb9,species,Animalia,t0084344,"",Physopelta parviceps,Physopelta parviceps,學名重複,https://vvtaxatree.tbn.org.tw/taxa/d3e409cf-a6d7-4ced-b7d3-7a790542fbb9
eb7ef1c1-eca6-4ea2-9d86-744b63143d11,species,Animalia,t0084345,"",Physopelta quadriguttata,Physopelta quadriguttata,學名重複,https://vvtaxatree.tbn.org.tw/taxa/eb7ef1c1-eca6-4ea2-9d86-744b63143d11
d7d9e03a-e4d1-45ca-8db6-106114b03602,species,Animalia,t0077711,"",Centistes choui,Centistes choui,學名重複,https://vvtaxatree.tbn.org.tw/taxa/d7d9e03a-e4d1-45ca-8db6-106114b03602
494ecf8b-bc6e-4dee-a2dd-bcc1fe195f5d,species,Animalia,t0078961,"",Colastes pilosiventris,Colastes pilosiventris,學名重複,https://vvtaxatree.tbn.org.tw/taxa/494ecf8b-bc6e-4dee-a2dd-bcc1fe195f5d
6f3762a1-4286-4371-8eb4-7812d8581a8b,species,Animalia,t0078957,"",Colastes alboapicalis,Colastes alboapicalis,學名重複,https://vvtaxatree.tbn.org.tw/taxa/6f3762a1-4286-4371-8eb4-7812d8581a8b
808f1e6b-04ae-4875-b016-90d69d40cf6d,species,Animalia,t0078959,"",Colastes longitergum,Colastes longitergum,學名重複,https://vvtaxatree.tbn.org.tw/taxa/808f1e6b-04ae-4875-b016-90d69d40cf6d
b7542a7b-0108-418a-bf61-8db5217b7e0a,species,Animalia,t0065754,"",Homolobus undulatus,Homolobus undulatus,學名重複,https://vvtaxatree.tbn.org.tw/taxa/b7542a7b-0108-418a-bf61-8db5217b7e0a
bad09da8-8b82-4167-bbe0-810299d54448,species,Animalia,t0082870,"",Pambolus caudalis,Pambolus caudalis,學名重複,https://vvtaxatree.tbn.org.tw/taxa/bad09da8-8b82-4167-bbe0-810299d54448
9aa52e24-682c-42a8-8f1f-27fdff9758fb,species,Animalia,t0082871,"",Pambolus ruficeps,Pambolus ruficeps,學名重複,https://vvtaxatree.tbn.org.tw/taxa/9aa52e24-682c-42a8-8f1f-27fdff9758fb
f327d769-a228-4e1a-9434-35414cd681b0,species,Animalia,t0039972,"",Streblocera okadai,Streblocera okadai,學名重複,https://vvtaxatree.tbn.org.tw/taxa/f327d769-a228-4e1a-9434-35414cd681b0
5c952724-18b2-47a8-8147-4724ea25b9df,species,Animalia,t0039983,"",Streblocera villosa,Streblocera villosa,學名重複,https://vvtaxatree.tbn.org.tw/taxa/5c952724-18b2-47a8-8147-4724ea25b9df
67882dfc-8f93-47b1-8989-8e50f31ff02b,species,Animalia,t0047742,"",Triaspis imitatus,Triaspis imitatus,學名重複,https://vvtaxatree.tbn.org.tw/taxa/67882dfc-8f93-47b1-8989-8e50f31ff02b
b2770a12-b492-4baa-b0c5-29717e094f70,species,Animalia,t0069186,"",Metopius baibarensis,Metopius baibarensis,學名重複,https://vvtaxatree.tbn.org.tw/taxa/b2770a12-b492-4baa-b0c5-29717e094f70
532e92e1-83a1-4095-bb41-5e8c624af810,species,Animalia,t0062292,"",Ectemnius alishanus,Ectemnius alishanus,學名重複,https://vvtaxatree.tbn.org.tw/taxa/532e92e1-83a1-4095-bb41-5e8c624af810
ee6607ef-1975-4488-a91d-799ec7aadd34,species,Animalia,t0077312,"",Campsomeris ilanensis,Campsomeris ilanensis,學名重複,https://vvtaxatree.tbn.org.tw/taxa/ee6607ef-1975-4488-a91d-799ec7aadd34
02740eb3-9a47-4445-bf92-a54ebbdd0fdf,species,Animalia,t0077310,"",Campsomeris binghami,Campsomeris binghami,學名重複,https://vvtaxatree.tbn.org.tw/taxa/02740eb3-9a47-4445-bf92-a54ebbdd0fdf
d03cce0d-31ce-46ab-b203-04570cabd9e4,species,Animalia,t0077311,"",Campsomeris formosensis,Campsomeris formosensis,學名重複,https://vvtaxatree.tbn.org.tw/taxa/d03cce0d-31ce-46ab-b203-04570cabd9e4
7d11aa7b-cd29-4795-9853-cddea111db70,species,Animalia,t0077320,"",Campsomeris taiwana,Campsomeris taiwana,學名重複,https://vvtaxatree.tbn.org.tw/taxa/7d11aa7b-cd29-4795-9853-cddea111db70
b1ce3582-816d-4278-9590-dfc4d42f7c6f,species,Animalia,t0077321,"",Campsomeris uchidai,Campsomeris uchidai,學名重複,https://vvtaxatree.tbn.org.tw/taxa/b1ce3582-816d-4278-9590-dfc4d42f7c6f
3ba97cf3-f943-4a30-a4e4-d3bab66739f8,species,Animalia,t0038576,"",Scolia desidiosa,Scolia desidiosa,學名重複,https://vvtaxatree.tbn.org.tw/taxa/3ba97cf3-f943-4a30-a4e4-d3bab66739f8
a416468f-dca4-4d69-a29c-84b59a73d3e1,species,Animalia,t0038577,"",Scolia formosicola,Scolia formosicola,學名重複,https://vvtaxatree.tbn.org.tw/taxa/a416468f-dca4-4d69-a29c-84b59a73d3e1
d1a3f9d2-e6ad-4045-bd79-dcfc9d2b89b6,species,Animalia,t0038581,"",Scolia minowai,Scolia minowai,學名重複,https://vvtaxatree.tbn.org.tw/taxa/d1a3f9d2-e6ad-4045-bd79-dcfc9d2b89b6
bc299500-c428-42ea-8274-22bd44636056,species,Animalia,t0038587,"",Scolia taiwana,Scolia taiwana,學名重複,https://vvtaxatree.tbn.org.tw/taxa/bc299500-c428-42ea-8274-22bd44636056
fdf6c297-08c9-4a56-b5ed-cda5d2a55f55,species,Animalia,t0038591,"",Scolia wusheensis,Scolia wusheensis,學名重複,https://vvtaxatree.tbn.org.tw/taxa/fdf6c297-08c9-4a56-b5ed-cda5d2a55f55
dbed2030-0d6f-4067-8b29-b856731c1e48,species,Animalia,t0077417,"",Carcelia caudata,Carcelia caudata,學名重複,https://vvtaxatree.tbn.org.tw/taxa/dbed2030-0d6f-4067-8b29-b856731c1e48
e4a91511-f7bb-4f4a-953f-5642c949bbc3,species,Animalia,t0077419,"",Carcelia frontalis,Carcelia frontalis,學名重複,https://vvtaxatree.tbn.org.tw/taxa/e4a91511-f7bb-4f4a-953f-5642c949bbc3
452373e8-6210-4865-9fe2-7c885acc98a9,species,Animalia,t0077424,"",Carcelia rasoides,Carcelia rasoides,學名重複,https://vvtaxatree.tbn.org.tw/taxa/452373e8-6210-4865-9fe2-7c885acc98a9
06af6ad1-7941-4b81-878f-bfa31614535a,species,Animalia,t0077426,"",Carcelia rutilloides,Carcelia rutilloides,學名重複,https://vvtaxatree.tbn.org.tw/taxa/06af6ad1-7941-4b81-878f-bfa31614535a
2f98f925-835e-4936-9b30-101e36859e52,species,Animalia,t0077428,"",Carcelia setosella,Carcelia setosella,學名重複,https://vvtaxatree.tbn.org.tw/taxa/2f98f925-835e-4936-9b30-101e36859e52
5b751e89-82ba-4016-baa6-ac2052f19c4e,species,Animalia,t0077429,"",Carcelia sexta,Carcelia sexta,學名重複,https://vvtaxatree.tbn.org.tw/taxa/5b751e89-82ba-4016-baa6-ac2052f19c4e
f98c21ff-b472-4276-8536-dde479d11755,species,Animalia,t0077416,"",Carcelia aberrans,Carcelia aberrans,學名重複,https://vvtaxatree.tbn.org.tw/taxa/f98c21ff-b472-4276-8536-dde479d11755
439b1181-989c-4d9b-96aa-27e4146a0064,species,Animalia,t0077421,"",Carcelia hirsuta,Carcelia hirsuta,學名重複,https://vvtaxatree.tbn.org.tw/taxa/439b1181-989c-4d9b-96aa-27e4146a0064
510d85b9-1dfa-4474-b198-cbf23601a9e9,species,Animalia,t0077422,"",Carcelia pilosella,Carcelia pilosella,學名重複,https://vvtaxatree.tbn.org.tw/taxa/510d85b9-1dfa-4474-b198-cbf23601a9e9
d0f9439e-1301-4e7d-bd0c-35b3a60b8f8f,species,Animalia,t0077427,"",Carcelia septima,Carcelia septima,學名重複,https://vvtaxatree.tbn.org.tw/taxa/d0f9439e-1301-4e7d-bd0c-35b3a60b8f8f
d1a25aeb-007c-424f-a916-4a45747e4d87,species,Animalia,t0057679,"",Anopheles sinensis,Anopheles sinensis,學名重複,https://vvtaxatree.tbn.org.tw/taxa/d1a25aeb-007c-424f-a916-4a45747e4d87
e8031119-7b60-40a0-845d-170f9983686d,species,Animalia,t0057678,"",Anopheles minimus,Anopheles minimus,學名重複,https://vvtaxatree.tbn.org.tw/taxa/e8031119-7b60-40a0-845d-170f9983686d
f1ffd9ed-042f-43fa-bcbc-9a2e6f2bdf7a,species,Animalia,t0057680,"",Anopheles takasagoensis,Anopheles takasagoensis,學名重複,https://vvtaxatree.tbn.org.tw/taxa/f1ffd9ed-042f-43fa-bcbc-9a2e6f2bdf7a
cef0c76a-bf10-4b48-b550-063b70398ae7,species,Animalia,t0057681,"",Anopheles tessellatus,Anopheles tessellatus,學名重複,https://vvtaxatree.tbn.org.tw/taxa/cef0c76a-bf10-4b48-b550-063b70398ae7
65154203-fb66-444d-bf8d-7973dfb8e53d,species,Animalia,t0079774,"",Culex alis,Culex alis,學名重複,https://vvtaxatree.tbn.org.tw/taxa/65154203-fb66-444d-bf8d-7973dfb8e53d
35628fa0-d73f-4e35-a2f6-2838c2503cc3,species,Animalia,t0079780,"",Culex fuscocephala,Culex fuscocephala,學名重複,https://vvtaxatree.tbn.org.tw/taxa/35628fa0-d73f-4e35-a2f6-2838c2503cc3
28715a8a-ddb0-4530-9781-80d0ecb81e48,species,Animalia,t0079781,"",Culex gelidus,Culex gelidus,學名重複,https://vvtaxatree.tbn.org.tw/taxa/28715a8a-ddb0-4530-9781-80d0ecb81e48
f2bbcc3a-f417-49f7-aa32-23753657f03c,species,Animalia,t0079785,"",Culex infula,Culex infula,學名重複,https://vvtaxatree.tbn.org.tw/taxa/f2bbcc3a-f417-49f7-aa32-23753657f03c
118ac47b-9c11-4655-9dc6-b71102c6baa3,species,Animalia,t0079801,"",Culex sinensis,Culex sinensis,學名重複,https://vvtaxatree.tbn.org.tw/taxa/118ac47b-9c11-4655-9dc6-b71102c6baa3
6c9a59d9-9004-4c0f-90bb-5fe072208a7f,species,Animalia,t0079802,"",Culex sitiens,Culex sitiens,學名重複,https://vvtaxatree.tbn.org.tw/taxa/6c9a59d9-9004-4c0f-90bb-5fe072208a7f
65c5560b-df5c-47ad-8a2c-c76022adca0d,species,Animalia,t0079805,"",Culex vagans,Culex vagans,學名重複,https://vvtaxatree.tbn.org.tw/taxa/65c5560b-df5c-47ad-8a2c-c76022adca0d
5ffc4fdb-c374-4ca6-a459-2063612953d0,species,Animalia,t0079806,"",Culex vishnui,Culex vishnui,學名重複,https://vvtaxatree.tbn.org.tw/taxa/5ffc4fdb-c374-4ca6-a459-2063612953d0
74df90ad-c228-43fb-b8a8-56b06dfa76f7,species,Animalia,t0079775,"",Culex annulus,Culex annulus,學名重複,https://vvtaxatree.tbn.org.tw/taxa/74df90ad-c228-43fb-b8a8-56b06dfa76f7
3d945bd2-0e98-4a50-92ee-39feba7bffc6,species,Animalia,t0079807,"",Culex whitei,Culex whitei,學名重複,https://vvtaxatree.tbn.org.tw/taxa/3d945bd2-0e98-4a50-92ee-39feba7bffc6
952eec14-d1bb-4ff2-a4d2-bf167a4450f0,species,Animalia,t0079796,"",Culex pallidothorax,Culex pallidothorax,學名重複,https://vvtaxatree.tbn.org.tw/taxa/952eec14-d1bb-4ff2-a4d2-bf167a4450f0
50cd47da-4468-4168-a5c5-1f021ca7136b,species,Animalia,t0048409,"",Uranotaenia novobscura,Uranotaenia novobscura,學名重複,https://vvtaxatree.tbn.org.tw/taxa/50cd47da-4468-4168-a5c5-1f021ca7136b
d678e966-0778-4a2a-b470-c1a89e415a9c,species,Animalia,t0048403,"",Uranotaenia annandalei,Uranotaenia annandalei,學名重複,https://vvtaxatree.tbn.org.tw/taxa/d678e966-0778-4a2a-b470-c1a89e415a9c
a6f24a7e-54d9-4d13-a6dc-55a63e296fa3,species,Animalia,t0048404,"",Uranotaenia hebes,Uranotaenia hebes,學名重複,https://vvtaxatree.tbn.org.tw/taxa/a6f24a7e-54d9-4d13-a6dc-55a63e296fa3
9bc856d2-f2f2-4eae-861a-e5510cb57271,species,Animalia,t0072296,"",Asarkina eurytaeniata,Asarkina eurytaeniata,學名重複,https://vvtaxatree.tbn.org.tw/taxa/9bc856d2-f2f2-4eae-861a-e5510cb57271
72f87e39-c5d5-4064-9acf-2922316b5cff,species,Animalia,t0076088,"",Baccha amphithoe,Baccha amphithoe,學名重複,https://vvtaxatree.tbn.org.tw/taxa/72f87e39-c5d5-4064-9acf-2922316b5cff
3fde2598-9d55-447e-8aef-637538bfd4d5,species,Animalia,t0076090,"",Baccha fallax,Baccha fallax,學名重複,https://vvtaxatree.tbn.org.tw/taxa/3fde2598-9d55-447e-8aef-637538bfd4d5
a6980874-9d61-4309-be21-a49bcf4ad479,species,Animalia,t0076093,"",Baccha nubilipennis,Baccha nubilipennis,學名重複,https://vvtaxatree.tbn.org.tw/taxa/a6980874-9d61-4309-be21-a49bcf4ad479
542ef0d2-18cf-413e-996b-1c4c83020fa8,species,Animalia,t0076094,"",Baccha sapphirina,Baccha sapphirina,學名重複,https://vvtaxatree.tbn.org.tw/taxa/542ef0d2-18cf-413e-996b-1c4c83020fa8
489b0309-d4e4-4a7b-a2b2-65e9a3f0eabd,species,Animalia,t0076091,"",Baccha maculata,Baccha maculata,學名重複,https://vvtaxatree.tbn.org.tw/taxa/489b0309-d4e4-4a7b-a2b2-65e9a3f0eabd
b53cc81b-05b9-4e69-8c8d-6a280e1752fd,species,Animalia,t0069269,"",Microdon stilboides,Microdon stilboides,學名重複,https://vvtaxatree.tbn.org.tw/taxa/b53cc81b-05b9-4e69-8c8d-6a280e1752fd
c32e6f54-2876-4887-83fe-6180cfb4f136,species,Animalia,t0081807,"",Notiphila dorsopunctata,Notiphila dorsopunctata,學名重複,https://vvtaxatree.tbn.org.tw/taxa/c32e6f54-2876-4887-83fe-6180cfb4f136
439076f5-7b2a-4a5a-bcd2-54f1b2ce8b96,species,Animalia,t0079822,"",Culicoides dubius,Culicoides dubius,學名重複,https://vvtaxatree.tbn.org.tw/taxa/439076f5-7b2a-4a5a-bcd2-54f1b2ce8b96
134befbe-1614-4452-8f4f-1fe75173adea,species,Animalia,t0079841,"",Culicoides liui,Culicoides liui,學名重複,https://vvtaxatree.tbn.org.tw/taxa/134befbe-1614-4452-8f4f-1fe75173adea
59673dab-98b2-40ad-b5eb-8feaac4d974a,species,Animalia,t0079817,"",Culicoides charadraeus,Culicoides charadraeus,學名重複,https://vvtaxatree.tbn.org.tw/taxa/59673dab-98b2-40ad-b5eb-8feaac4d974a
1fc08a46-f617-41d3-b031-9d5b78a19968,species,Animalia,t0079819,"",Culicoides clavipalpis,Culicoides clavipalpis,學名重複,https://vvtaxatree.tbn.org.tw/taxa/1fc08a46-f617-41d3-b031-9d5b78a19968
75c92f81-f2eb-4f01-8e23-fc0aa02030c2,species,Animalia,t0079836,"",Culicoides kepongensis,Culicoides kepongensis,學名重複,https://vvtaxatree.tbn.org.tw/taxa/75c92f81-f2eb-4f01-8e23-fc0aa02030c2
3c816aed-19b6-4e5a-9c89-5eb5d3b2b61c,species,Animalia,t0046248,"",Culicoides okinawensis,Culicoides okinawensis,學名重複,https://vvtaxatree.tbn.org.tw/taxa/3c816aed-19b6-4e5a-9c89-5eb5d3b2b61c
b3af418e-8b4a-4aca-938f-6850ba476d50,species,Animalia,t0079813,"",Culicoides barreti,Culicoides barreti,學名重複,https://vvtaxatree.tbn.org.tw/taxa/b3af418e-8b4a-4aca-938f-6850ba476d50
39b4576e-5ff7-4236-9540-25ed224d2a91,species,Animalia,t0079825,"",Culicoides flaviscutatus,Culicoides flaviscutatus,學名重複,https://vvtaxatree.tbn.org.tw/taxa/39b4576e-5ff7-4236-9540-25ed224d2a91
3bc47809-da9a-4e13-a86f-68a5a0504d9d,species,Animalia,t0079826,"",Culicoides fordae,Culicoides fordae,學名重複,https://vvtaxatree.tbn.org.tw/taxa/3bc47809-da9a-4e13-a86f-68a5a0504d9d
df2d44f0-2732-49e0-87d5-b7e6a4591698,species,Animalia,t0079854,"",Culicoides paraflavescens,Culicoides paraflavescens,學名重複,https://vvtaxatree.tbn.org.tw/taxa/df2d44f0-2732-49e0-87d5-b7e6a4591698
df661c06-7707-4d66-9aed-5bdd1a0b6fd9,species,Animalia,t0079857,"",Culicoides ragulithecus,Culicoides ragulithecus,學名重複,https://vvtaxatree.tbn.org.tw/taxa/df661c06-7707-4d66-9aed-5bdd1a0b6fd9
a78f0cd5-fd69-47f2-b1e2-46fe105c09f5,species,Animalia,t0079859,"",Culicoides subpalpifer,Culicoides subpalpifer,學名重複,https://vvtaxatree.tbn.org.tw/taxa/a78f0cd5-fd69-47f2-b1e2-46fe105c09f5
5b440219-ca9d-465b-91a2-e1c8ce3a9957,species,Animalia,t0079864,"",Culicoides tenuipalpis,Culicoides tenuipalpis,學名重複,https://vvtaxatree.tbn.org.tw/taxa/5b440219-ca9d-465b-91a2-e1c8ce3a9957
dc9dcf61-1df4-49bf-b974-cab1f5471408,species,Animalia,t0063983,"",Forcipomyia tokunagai,Forcipomyia tokunagai,學名重複,https://vvtaxatree.tbn.org.tw/taxa/dc9dcf61-1df4-49bf-b974-cab1f5471408
b75c4321-5fce-4378-bea6-0ddb6a5fd6e6,species,Animalia,t0062101,"",Drosophila repleta,Drosophila repleta,學名重複,https://vvtaxatree.tbn.org.tw/taxa/b75c4321-5fce-4378-bea6-0ddb6a5fd6e6
8760a1ed-1716-4bac-94c6-cc6aeec72c33,species,Animalia,t0062051,"",Drosophila ananassae,Drosophila ananassae,學名重複,https://vvtaxatree.tbn.org.tw/taxa/8760a1ed-1716-4bac-94c6-cc6aeec72c33
8bea2362-4bd6-4537-acf7-405d42787ba3,species,Animalia,t0062068,"",Drosophila elegans,Drosophila elegans,學名重複,https://vvtaxatree.tbn.org.tw/taxa/8bea2362-4bd6-4537-acf7-405d42787ba3
c6a3644f-1a09-4b6e-bdd0-6d2dc11806e3,species,Animalia,t0062069,"",Drosophila eugracilis,Drosophila eugracilis,學名重複,https://vvtaxatree.tbn.org.tw/taxa/c6a3644f-1a09-4b6e-bdd0-6d2dc11806e3
6fa7bf9b-9a6d-41c8-b2df-73591602e807,species,Animalia,t0062081,"",Drosophila lini,Drosophila lini,學名重複,https://vvtaxatree.tbn.org.tw/taxa/6fa7bf9b-9a6d-41c8-b2df-73591602e807
331b4ffe-210d-40ce-899e-bba639f948a7,species,Animalia,t0062093,"",Drosophila parabipectinata,Drosophila parabipectinata,學名重複,https://vvtaxatree.tbn.org.tw/taxa/331b4ffe-210d-40ce-899e-bba639f948a7
1fffc854-7a73-4501-960b-6da25b42c8b6,species,Animalia,t0062098,"",Drosophila quadraria,Drosophila quadraria,學名重複,https://vvtaxatree.tbn.org.tw/taxa/1fffc854-7a73-4501-960b-6da25b42c8b6
7d75233b-d06f-4d97-852a-7794c806b3ee,species,Animalia,t0062115,"",Drosophila trilutea,Drosophila trilutea,學名重複,https://vvtaxatree.tbn.org.tw/taxa/7d75233b-d06f-4d97-852a-7794c806b3ee
2251144e-b4c8-429a-872f-e5d9bdb4b367,species,Animalia,t0066120,"",Hypselothyrea formosana,Hypselothyrea formosana,學名重複,https://vvtaxatree.tbn.org.tw/taxa/2251144e-b4c8-429a-872f-e5d9bdb4b367
3dd2c78d-9935-4439-9d54-4d43de1c9255,species,Animalia,t0067066,"",Lencophenga ornata,Lencophenga ornata,學名重複,https://vvtaxatree.tbn.org.tw/taxa/3dd2c78d-9935-4439-9d54-4d43de1c9255
93f1c209-4ed5-4e85-a558-bfa9cccc90cf,species,Animalia,t0062418,"",Elachiptera umbrosa,Elachiptera umbrosa,學名重複,https://vvtaxatree.tbn.org.tw/taxa/93f1c209-4ed5-4e85-a558-bfa9cccc90cf
6d5f2bd3-09e3-4c5e-8871-b0970fdbac3c,species,Animalia,t0057819,"",Atherigona machligera,Atherigona machligera,學名重複,https://vvtaxatree.tbn.org.tw/taxa/6d5f2bd3-09e3-4c5e-8871-b0970fdbac3c
80a117bd-f7d1-45d0-a7d5-19bad3180e74,species,Animalia,t0057821,"",Atherigona orientalis,Atherigona orientalis,學名重複,https://vvtaxatree.tbn.org.tw/taxa/80a117bd-f7d1-45d0-a7d5-19bad3180e74
535dda47-2bc7-41db-84b2-34eb97be1af5,species,Animalia,t0057820,"",Atherigona nigripes,Atherigona nigripes,學名重複,https://vvtaxatree.tbn.org.tw/taxa/535dda47-2bc7-41db-84b2-34eb97be1af5
121f767b-7281-4c1c-8bba-b89b2e1cfc98,species,Animalia,t0057824,"",Atherigona reversura,Atherigona reversura,學名重複,https://vvtaxatree.tbn.org.tw/taxa/121f767b-7281-4c1c-8bba-b89b2e1cfc98
1b039fdd-f834-47b7-9b5f-4ccdeb50f07e,species,Animalia,t0080711,"",Musca conducens,Musca conducens,學名重複,https://vvtaxatree.tbn.org.tw/taxa/1b039fdd-f834-47b7-9b5f-4ccdeb50f07e
a25cf3cd-d02e-4350-886a-f8b378b24f51,species,Animalia,t0080719,"",Musca sorbens,Musca sorbens,學名重複,https://vvtaxatree.tbn.org.tw/taxa/a25cf3cd-d02e-4350-886a-f8b378b24f51
3a1e5124-1a15-41c1-97b8-a7cd87d966d2,species,Animalia,t0080720,"",Musca ventrosa,Musca ventrosa,學名重複,https://vvtaxatree.tbn.org.tw/taxa/3a1e5124-1a15-41c1-97b8-a7cd87d966d2
7f73ff37-9415-4d63-98cd-1df800d26938,species,Animalia,t0080715,"",Musca domestica,Musca domestica,學名重複,https://vvtaxatree.tbn.org.tw/taxa/7f73ff37-9415-4d63-98cd-1df800d26938
abc5f631-283d-42f9-8d8b-8b39f0202cdd,species,Animalia,t0080714,"",Musca crassirostris,Musca crassirostris,學名重複,https://vvtaxatree.tbn.org.tw/taxa/abc5f631-283d-42f9-8d8b-8b39f0202cdd
ab9c42ac-b04c-4661-bc9e-677af935eb28,species,Animalia,t0080718,"",Musca inferior,Musca inferior,學名重複,https://vvtaxatree.tbn.org.tw/taxa/ab9c42ac-b04c-4661-bc9e-677af935eb28
dbabca84-fc7a-4b42-b605-62ebbc2848e2,species,Animalia,t0071802,"",Antocha bifida,Antocha bifida,學名重複,https://vvtaxatree.tbn.org.tw/taxa/dbabca84-fc7a-4b42-b605-62ebbc2848e2
7d986b86-4fe3-45de-9d2f-36334a50ad60,species,Animalia,t0071803,"",Antocha javaensis,Antocha javaensis,學名重複,https://vvtaxatree.tbn.org.tw/taxa/7d986b86-4fe3-45de-9d2f-36334a50ad60
8aecbb92-5c63-4d06-836e-aed4ff8d2427,species,Animalia,t0071804,"",Antocha styx,Antocha styx,學名重複,https://vvtaxatree.tbn.org.tw/taxa/8aecbb92-5c63-4d06-836e-aed4ff8d2427
b6e8c45a-9454-4fb6-9910-9fc8c20ae742,species,Animalia,t0063093,"",Erioptera ensifera,Erioptera ensifera,學名重複,https://vvtaxatree.tbn.org.tw/taxa/b6e8c45a-9454-4fb6-9910-9fc8c20ae742
732d7cbf-7e6f-4d61-a44f-fa482f670bd7,species,Animalia,t0063095,"",Erioptera luliana,Erioptera luliana,學名重複,https://vvtaxatree.tbn.org.tw/taxa/732d7cbf-7e6f-4d61-a44f-fa482f670bd7
b0561d86-365f-4530-ad5e-0014dff14ff4,species,Animalia,t0063098,"",Erioptera tenuisentis,Erioptera tenuisentis,學名重複,https://vvtaxatree.tbn.org.tw/taxa/b0561d86-365f-4530-ad5e-0014dff14ff4
d016d2d9-4468-44f4-9ecd-5c5375ca18e3,species,Animalia,t0063097,"",Erioptera subsessillis,Erioptera subsessillis,學名重複,https://vvtaxatree.tbn.org.tw/taxa/d016d2d9-4468-44f4-9ecd-5c5375ca18e3
026ee7e7-f00a-4088-b3c3-24e8e1aa0a1c,species,Animalia,t0064677,"",Gnophomyia curticellula,Gnophomyia curticellula,學名重複,https://vvtaxatree.tbn.org.tw/taxa/026ee7e7-f00a-4088-b3c3-24e8e1aa0a1c
382a8559-d385-4755-83b3-b49cdb1ecf64,species,Animalia,t0064687,"",Gnophomyia pruinosa,Gnophomyia pruinosa,學名重複,https://vvtaxatree.tbn.org.tw/taxa/382a8559-d385-4755-83b3-b49cdb1ecf64
b386317b-4c39-403e-85c7-cc75bcee46eb,species,Animalia,t0064679,"",Gnophomyia gressitti,Gnophomyia gressitti,學名重複,https://vvtaxatree.tbn.org.tw/taxa/b386317b-4c39-403e-85c7-cc75bcee46eb
543ee41c-84e3-4269-94ef-765927884913,species,Animalia,t0064683,"",Gnophomyia neonebulosa,Gnophomyia neonebulosa,學名重複,https://vvtaxatree.tbn.org.tw/taxa/543ee41c-84e3-4269-94ef-765927884913
567452e5-5d5f-439b-b78f-e19ead4b8196,species,Animalia,t0064686,"",Gnophomyia praedita,Gnophomyia praedita,學名重複,https://vvtaxatree.tbn.org.tw/taxa/567452e5-5d5f-439b-b78f-e19ead4b8196
fb3d2868-cf00-419a-955d-69de47da5d97,species,Animalia,t0064689,"",Gnophomyia sauteri,Gnophomyia sauteri,學名重複,https://vvtaxatree.tbn.org.tw/taxa/fb3d2868-cf00-419a-955d-69de47da5d97
1fa84f46-350a-4895-aeec-0cd2092f5b1f,species,Animalia,t0064692,"",Gnophomyia sinuosa,Gnophomyia sinuosa,學名重複,https://vvtaxatree.tbn.org.tw/taxa/1fa84f46-350a-4895-aeec-0cd2092f5b1f
ac25b58c-306b-4310-be11-4c674a1de72d,species,Animalia,t0064675,"",Gnophomyia clitelata,Gnophomyia clitelata,學名重複,https://vvtaxatree.tbn.org.tw/taxa/ac25b58c-306b-4310-be11-4c674a1de72d
6b9bbf5c-c4f9-4e9e-abf4-2c7afd045edd,species,Animalia,t0064690,"",Gnophomyia scutellumalbum,Gnophomyia scutellumalbum,學名重複,https://vvtaxatree.tbn.org.tw/taxa/6b9bbf5c-c4f9-4e9e-abf4-2c7afd045edd
3c7f7251-ed81-4869-978c-c62ac5aa1dcd,species,Animalia,t0064688,"",Gnophomyia ptilostenoides,Gnophomyia ptilostenoides,學名重複,https://vvtaxatree.tbn.org.tw/taxa/3c7f7251-ed81-4869-978c-c62ac5aa1dcd
aee6d1d9-150b-4767-8263-5879f9d21ab7,species,Animalia,t0065285,"",Helius perelegans,Helius perelegans,學名重複,https://vvtaxatree.tbn.org.tw/taxa/aee6d1d9-150b-4767-8263-5879f9d21ab7
92ae7979-5ec5-41ec-8780-c67673b14852,species,Animalia,t0065278,"",Helius attenuatus,Helius attenuatus,學名重複,https://vvtaxatree.tbn.org.tw/taxa/92ae7979-5ec5-41ec-8780-c67673b14852
caacce36-6b99-4519-85d8-c168daeb971e,species,Animalia,t0065280,"",Helius chikuriensis,Helius chikuriensis,學名重複,https://vvtaxatree.tbn.org.tw/taxa/caacce36-6b99-4519-85d8-c168daeb971e
5b1340d4-4b72-462c-8274-342172052d69,species,Animalia,t0065282,"",Helius liliputanus,Helius liliputanus,學名重複,https://vvtaxatree.tbn.org.tw/taxa/5b1340d4-4b72-462c-8274-342172052d69
f3d47406-648b-45ab-a544-f401aa496ee7,species,Animalia,t0065283,"",Helius minusculus,Helius minusculus,學名重複,https://vvtaxatree.tbn.org.tw/taxa/f3d47406-648b-45ab-a544-f401aa496ee7
e80a7b50-f4f4-4424-822a-11d6913de059,species,Animalia,t0065286,"",Helius rufithorax,Helius rufithorax,學名重複,https://vvtaxatree.tbn.org.tw/taxa/e80a7b50-f4f4-4424-822a-11d6913de059
7580560d-cc82-49c4-9cd8-39f176020eba,species,Animalia,t0065287,"",Helius subfasciatus,Helius subfasciatus,學名重複,https://vvtaxatree.tbn.org.tw/taxa/7580560d-cc82-49c4-9cd8-39f176020eba
071d55f7-aa61-4a4c-a3a7-6c24b3832e91,species,Animalia,t0065288,"",Helius tenuistylus,Helius tenuistylus,學名重複,https://vvtaxatree.tbn.org.tw/taxa/071d55f7-aa61-4a4c-a3a7-6c24b3832e91
2c73d68e-6e62-4099-bbb6-91fb865fb5dd,species,Animalia,t0067429,"",Limnophila excelsa,Limnophila excelsa,學名重複,https://vvtaxatree.tbn.org.tw/taxa/2c73d68e-6e62-4099-bbb6-91fb865fb5dd
36ec7cee-ff65-463b-af41-6d73e4ce0dd6,species,Animalia,t0067431,"",Limnophila ferocia,Limnophila ferocia,學名重複,https://vvtaxatree.tbn.org.tw/taxa/36ec7cee-ff65-463b-af41-6d73e4ce0dd6
3f8e6ff3-b6a7-4d99-a4cd-e8fca81a0d0a,species,Animalia,t0067438,"",Limnophila platystyla,Limnophila platystyla,學名重複,https://vvtaxatree.tbn.org.tw/taxa/3f8e6ff3-b6a7-4d99-a4cd-e8fca81a0d0a
5e2d93c4-f1dd-4317-a11f-6f1b47cbd5f3,species,Animalia,t0067439,"",Limnophila rantaizana,Limnophila rantaizana,學名重複,https://vvtaxatree.tbn.org.tw/taxa/5e2d93c4-f1dd-4317-a11f-6f1b47cbd5f3
3ea50080-70ec-4798-a6c9-f44cfd710312,species,Animalia,t0067434,"",Limnophila inaequalis,Limnophila inaequalis,學名重複,https://vvtaxatree.tbn.org.tw/taxa/3ea50080-70ec-4798-a6c9-f44cfd710312
5ee67b19-6a0e-4a89-87dc-8b1a1653e072,species,Animalia,t0067435,"",Limnophila nesonemoralis,Limnophila nesonemoralis,學名重複,https://vvtaxatree.tbn.org.tw/taxa/5ee67b19-6a0e-4a89-87dc-8b1a1653e072
a797b0eb-f4b9-4344-81fd-eccd58390bed,species,Animalia,t0067428,"",Limnophila dorsolineata,Limnophila dorsolineata,學名重複,https://vvtaxatree.tbn.org.tw/taxa/a797b0eb-f4b9-4344-81fd-eccd58390bed
c2f44dca-5d0b-44eb-849b-3e47403ea3b3,species,Animalia,t0067432,"",Limnophila formosa,Limnophila formosa,學名重複,https://vvtaxatree.tbn.org.tw/taxa/c2f44dca-5d0b-44eb-849b-3e47403ea3b3
db14c173-6383-4f80-9259-6f24e7f97636,species,Animalia,t0067441,"",Limnophila taiwanensis,Limnophila taiwanensis,學名重複,https://vvtaxatree.tbn.org.tw/taxa/db14c173-6383-4f80-9259-6f24e7f97636
fa211335-ee95-4f39-aada-c88985868c72,species,Animalia,t0067433,"",Limnophila harukonis,Limnophila harukonis,學名重複,https://vvtaxatree.tbn.org.tw/taxa/fa211335-ee95-4f39-aada-c88985868c72
4f533a56-5d11-45d9-a644-95fb094fe905,species,Animalia,t0067437,"",Limnophila oritropha,Limnophila oritropha,學名重複,https://vvtaxatree.tbn.org.tw/taxa/4f533a56-5d11-45d9-a644-95fb094fe905
d7465076-fa0f-4a3c-bf50-7c7fa6b41fe9,species,Animalia,t0067440,"",Limnophila serridentata,Limnophila serridentata,學名重複,https://vvtaxatree.tbn.org.tw/taxa/d7465076-fa0f-4a3c-bf50-7c7fa6b41fe9
02b29b1c-d000-4ac7-afbf-7605f63c2597,species,Animalia,t0067472,"",Limonia ebriola,Limonia ebriola,學名重複,https://vvtaxatree.tbn.org.tw/taxa/02b29b1c-d000-4ac7-afbf-7605f63c2597
3059f17a-730c-4753-84a5-2f8ccb4a874f,species,Animalia,t0067483,"",Limonia inscita,Limonia inscita,學名重複,https://vvtaxatree.tbn.org.tw/taxa/3059f17a-730c-4753-84a5-2f8ccb4a874f
4ed002b1-4ac7-4eef-89db-ea92d4fdf560,species,Animalia,t0067485,"",Limonia koxinga,Limonia koxinga,學名重複,https://vvtaxatree.tbn.org.tw/taxa/4ed002b1-4ac7-4eef-89db-ea92d4fdf560
51b0a5ce-d0ec-44cb-990c-56c961908bf2,species,Animalia,t0067492,"",Limonia montium,Limonia montium,學名重複,https://vvtaxatree.tbn.org.tw/taxa/51b0a5ce-d0ec-44cb-990c-56c961908bf2
0ad212ef-6a32-49e6-a58a-69451fc7adb8,species,Animalia,t0067513,"",Limonia subpunctulata,Limonia subpunctulata,學名重複,https://vvtaxatree.tbn.org.tw/taxa/0ad212ef-6a32-49e6-a58a-69451fc7adb8
c54d0f01-a686-40e2-9744-dbe438bc17b9,species,Animalia,t0067515,"",Limonia tattakae,Limonia tattakae,學名重複,https://vvtaxatree.tbn.org.tw/taxa/c54d0f01-a686-40e2-9744-dbe438bc17b9
df7c96e3-6084-4cb4-bf56-d0870c2d5255,species,Animalia,t0067516,"",Limonia tenuicula,Limonia tenuicula,學名重複,https://vvtaxatree.tbn.org.tw/taxa/df7c96e3-6084-4cb4-bf56-d0870c2d5255
7a054916-2c20-4e27-8dce-97434aa410a5,species,Animalia,t0067514,"",Limonia taivanella,Limonia taivanella,學名重複,https://vvtaxatree.tbn.org.tw/taxa/7a054916-2c20-4e27-8dce-97434aa410a5
30cc21b9-3265-41c3-ac6e-f313495d06c2,species,Animalia,t0067455,"",Limonia alpestris,Limonia alpestris,學名重複,https://vvtaxatree.tbn.org.tw/taxa/30cc21b9-3265-41c3-ac6e-f313495d06c2
813a96c2-7af8-4259-9b2e-928f4765773a,species,Animalia,t0067458,"",Limonia apicifasciata,Limonia apicifasciata,學名重複,https://vvtaxatree.tbn.org.tw/taxa/813a96c2-7af8-4259-9b2e-928f4765773a
5c7acd29-b263-41f0-8d56-0fe821c19c87,species,Animalia,t0067500,"",Limonia pictorum,Limonia pictorum,學名重複,https://vvtaxatree.tbn.org.tw/taxa/5c7acd29-b263-41f0-8d56-0fe821c19c87
51fa720e-62d2-4864-bcb5-87c528d19cd6,species,Animalia,t0067520,"",Limonia unifilosa,Limonia unifilosa,學名重複,https://vvtaxatree.tbn.org.tw/taxa/51fa720e-62d2-4864-bcb5-87c528d19cd6
aaa5d7b3-6f53-4fe8-9bf5-0d2b5d7a78e0,species,Animalia,t0067466,"",Limonia clitelligera,Limonia clitelligera,學名重複,https://vvtaxatree.tbn.org.tw/taxa/aaa5d7b3-6f53-4fe8-9bf5-0d2b5d7a78e0
d8e9d4a6-930c-41c8-ad0e-0b84f39b6ce3,species,Animalia,t0067479,"",Limonia hassenana,Limonia hassenana,學名重複,https://vvtaxatree.tbn.org.tw/taxa/d8e9d4a6-930c-41c8-ad0e-0b84f39b6ce3
430f87a6-63a4-4fa3-925d-11396afbaa8f,species,Animalia,t0067480,"",Limonia imbellis,Limonia imbellis,學名重複,https://vvtaxatree.tbn.org.tw/taxa/430f87a6-63a4-4fa3-925d-11396afbaa8f
d6e43e40-d739-4968-93c7-6a4477f645a6,species,Animalia,t0067481,"",Limonia immetata,Limonia immetata,學名重複,https://vvtaxatree.tbn.org.tw/taxa/d6e43e40-d739-4968-93c7-6a4477f645a6
9e9b1ec9-15c4-472f-967b-5da57b3d9b46,species,Animalia,t0067499,"",Limonia perparvuloides,Limonia perparvuloides,學名重複,https://vvtaxatree.tbn.org.tw/taxa/9e9b1ec9-15c4-472f-967b-5da57b3d9b46
d197f492-478e-46bb-8e1a-9fd54f38dcad,species,Animalia,t0067467,"",Limonia comissabunda,Limonia comissabunda,學名重複,https://vvtaxatree.tbn.org.tw/taxa/d197f492-478e-46bb-8e1a-9fd54f38dcad
860aeb57-5c73-4edc-8bd6-a2b9433569b6,species,Animalia,t0067478,"",Limonia griseola,Limonia griseola,學名重複,https://vvtaxatree.tbn.org.tw/taxa/860aeb57-5c73-4edc-8bd6-a2b9433569b6
23e1e62f-5362-4a03-8c40-7c575cda7aa0,species,Animalia,t0067475,"",Limonia fraudulenta,Limonia fraudulenta,學名重複,https://vvtaxatree.tbn.org.tw/taxa/23e1e62f-5362-4a03-8c40-7c575cda7aa0
20dc9422-5106-430d-8a34-dcacc5011cbb,species,Animalia,t0067482,"",Limonia inelegans,Limonia inelegans,學名重複,https://vvtaxatree.tbn.org.tw/taxa/20dc9422-5106-430d-8a34-dcacc5011cbb
9bbd832d-4ee5-4e4a-9301-5a8662f4de73,species,Animalia,t0067489,"",Limonia melas,Limonia melas,學名重複,https://vvtaxatree.tbn.org.tw/taxa/9bbd832d-4ee5-4e4a-9301-5a8662f4de73
b88099c2-ae1f-40ef-9a36-7e36679debb4,species,Animalia,t0067504,"",Limonia rantaiensis,Limonia rantaiensis,學名重複,https://vvtaxatree.tbn.org.tw/taxa/b88099c2-ae1f-40ef-9a36-7e36679debb4
19b6c632-6c17-4c91-955f-6e5b0b253ebc,species,Animalia,t0067511,"",Limonia subhostillis,Limonia subhostillis,學名重複,https://vvtaxatree.tbn.org.tw/taxa/19b6c632-6c17-4c91-955f-6e5b0b253ebc
2f0bad08-f7b7-4ba9-825e-5f2521c5449a,species,Animalia,t0067464,"",Limonia aurita,Limonia aurita,學名重複,https://vvtaxatree.tbn.org.tw/taxa/2f0bad08-f7b7-4ba9-825e-5f2521c5449a
defe6ff3-0577-4855-88a1-0b5f7d8de7c6,species,Animalia,t0067460,"",Limonia argyrata,Limonia argyrata,學名重複,https://vvtaxatree.tbn.org.tw/taxa/defe6ff3-0577-4855-88a1-0b5f7d8de7c6
7f1b2136-5d1d-4106-b296-db4c26b4f5c2,species,Animalia,t0067461,"",Limonia atayal,Limonia atayal,學名重複,https://vvtaxatree.tbn.org.tw/taxa/7f1b2136-5d1d-4106-b296-db4c26b4f5c2
4c3618b6-7afe-4f49-a36e-bd9fec03c334,species,Animalia,t0067506,"",Limonia remissa,Limonia remissa,學名重複,https://vvtaxatree.tbn.org.tw/taxa/4c3618b6-7afe-4f49-a36e-bd9fec03c334
c70294de-b080-433f-a0a3-98f7f5b85c8d,species,Animalia,t0067471,"",Limonia dimelania,Limonia dimelania,學名重複,https://vvtaxatree.tbn.org.tw/taxa/c70294de-b080-433f-a0a3-98f7f5b85c8d
36f83760-524d-49db-bb4b-31d8f986ad34,species,Animalia,t0067490,"",Limonia monocycla,Limonia monocycla,學名重複,https://vvtaxatree.tbn.org.tw/taxa/36f83760-524d-49db-bb4b-31d8f986ad34
93ce5bac-09c9-4a66-8a68-edc6be29dd5d,species,Animalia,t0067521,"",Limonia unisetosa,Limonia unisetosa,學名重複,https://vvtaxatree.tbn.org.tw/taxa/93ce5bac-09c9-4a66-8a68-edc6be29dd5d
50bcdbce-d940-4cb2-a10c-fe3c1c45d12f,species,Animalia,t0080365,"",Molophilus alcocostalis,Molophilus alcocostalis,學名重複,https://vvtaxatree.tbn.org.tw/taxa/50bcdbce-d940-4cb2-a10c-fe3c1c45d12f
9e3a5f02-94a0-453a-b767-725bcd6443cd,species,Animalia,t0080367,"",Molophilus aricola,Molophilus aricola,學名重複,https://vvtaxatree.tbn.org.tw/taxa/9e3a5f02-94a0-453a-b767-725bcd6443cd
bb605327-e4c0-4825-856e-c0911f42fba0,species,Animalia,t0080368,"",Molophilus arisanus,Molophilus arisanus,學名重複,https://vvtaxatree.tbn.org.tw/taxa/bb605327-e4c0-4825-856e-c0911f42fba0
e2d5073b-8faa-45b2-a995-a0e0e56b71da,species,Animalia,t0080370,"",Molophilus editus,Molophilus editus,學名重複,https://vvtaxatree.tbn.org.tw/taxa/e2d5073b-8faa-45b2-a995-a0e0e56b71da
5505a193-065e-4c16-86d1-9c71bccb5ee8,species,Animalia,t0080371,"",Molophilus ephippiger,Molophilus ephippiger,學名重複,https://vvtaxatree.tbn.org.tw/taxa/5505a193-065e-4c16-86d1-9c71bccb5ee8
f3f6101e-bbec-4e2a-a1b2-6f64010e84f3,species,Animalia,t0080372,"",Molophilus hoplostylus,Molophilus hoplostylus,學名重複,https://vvtaxatree.tbn.org.tw/taxa/f3f6101e-bbec-4e2a-a1b2-6f64010e84f3
d10fc39a-f20c-43ba-a152-dae44f2976c7,species,Animalia,t0080373,"",Molophilus issikii,Molophilus issikii,學名重複,https://vvtaxatree.tbn.org.tw/taxa/d10fc39a-f20c-43ba-a152-dae44f2976c7
fc595b63-54da-40dd-9ea2-f9ea7ef9bffc,species,Animalia,t0080374,"",Molophilus nifritus,Molophilus nifritus,學名重複,https://vvtaxatree.tbn.org.tw/taxa/fc595b63-54da-40dd-9ea2-f9ea7ef9bffc
4d763cdf-e3cd-4d6e-8892-d6eee38b5c39,species,Animalia,t0080375,"",Molophilus nigripes,Molophilus nigripes,學名重複,https://vvtaxatree.tbn.org.tw/taxa/4d763cdf-e3cd-4d6e-8892-d6eee38b5c39
308d7b7b-d867-4381-a504-4e0b226374b0,species,Animalia,t0080376,"",Molophilus nigritarsis,Molophilus nigritarsis,學名重複,https://vvtaxatree.tbn.org.tw/taxa/308d7b7b-d867-4381-a504-4e0b226374b0
53c18794-4a90-47f3-a622-0c024c86032e,species,Animalia,t0080377,"",Molophilus nokonis,Molophilus nokonis,學名重複,https://vvtaxatree.tbn.org.tw/taxa/53c18794-4a90-47f3-a622-0c024c86032e
9ced0298-db46-4b9a-8c7a-d72bb7f14c56,species,Animalia,t0080378,"",Molophilus pallidibasis,Molophilus pallidibasis,學名重複,https://vvtaxatree.tbn.org.tw/taxa/9ced0298-db46-4b9a-8c7a-d72bb7f14c56
e827a235-6310-45de-9244-1b65f3a37d73,species,Animalia,t0080379,"",Molophilus spinosissimus,Molophilus spinosissimus,學名重複,https://vvtaxatree.tbn.org.tw/taxa/e827a235-6310-45de-9244-1b65f3a37d73
f33b46e6-244b-4918-a8b5-b934a351aafa,species,Animalia,t0080366,"",Molophilus alticola,Molophilus alticola,學名重複,https://vvtaxatree.tbn.org.tw/taxa/f33b46e6-244b-4918-a8b5-b934a351aafa
4e8248ce-d48a-44cb-a4e3-78d7a9af1281,species,Animalia,t0082425,"",Orimarga formosicola,Orimarga formosicola,學名重複,https://vvtaxatree.tbn.org.tw/taxa/4e8248ce-d48a-44cb-a4e3-78d7a9af1281
7f89481f-ce9b-4f80-9aac-b2d0c47bb2fe,species,Animalia,t0082426,"",Orimarga fuscivenosa,Orimarga fuscivenosa,學名重複,https://vvtaxatree.tbn.org.tw/taxa/7f89481f-ce9b-4f80-9aac-b2d0c47bb2fe
ec4ca255-639d-4f08-9493-561b7bf4930e,species,Animalia,t0082427,"",Orimarga griseipennis,Orimarga griseipennis,學名重複,https://vvtaxatree.tbn.org.tw/taxa/ec4ca255-639d-4f08-9493-561b7bf4930e
54bd0dad-b6ab-4e0b-ba5f-3d6c40889f73,species,Animalia,t0082428,"",Orimarga gymnoneura,Orimarga gymnoneura,學名重複,https://vvtaxatree.tbn.org.tw/taxa/54bd0dad-b6ab-4e0b-ba5f-3d6c40889f73
12aff648-8a2a-4944-a400-9dad43827a4b,species,Animalia,t0082429,"",Orimarga taiwanensis,Orimarga taiwanensis,學名重複,https://vvtaxatree.tbn.org.tw/taxa/12aff648-8a2a-4944-a400-9dad43827a4b
1c7a5a98-46a3-4dcb-9adb-a4296ef09b1e,species,Animalia,t0082438,"",Ormosia anthracopoda,Ormosia anthracopoda,學名重複,https://vvtaxatree.tbn.org.tw/taxa/1c7a5a98-46a3-4dcb-9adb-a4296ef09b1e
c35296a6-f44b-48f7-96b5-630bb9980cd5,species,Animalia,t0082439,"",Ormosia arisanensis,Ormosia arisanensis,學名重複,https://vvtaxatree.tbn.org.tw/taxa/c35296a6-f44b-48f7-96b5-630bb9980cd5
f3ceb1ef-656c-4f25-90f1-bf8167a3ba76,species,Animalia,t0082440,"",Ormosia diplotergata,Ormosia diplotergata,學名重複,https://vvtaxatree.tbn.org.tw/taxa/f3ceb1ef-656c-4f25-90f1-bf8167a3ba76
e4024a88-e30a-4268-82b0-436b29de6aee,species,Animalia,t0082441,"",Ormosia diversipennis,Ormosia diversipennis,學名重複,https://vvtaxatree.tbn.org.tw/taxa/e4024a88-e30a-4268-82b0-436b29de6aee
8e741640-6019-4545-b3ea-ba17029e8209,species,Animalia,t0082442,"",Ormosia formosana,Ormosia formosana,學名重複,https://vvtaxatree.tbn.org.tw/taxa/8e741640-6019-4545-b3ea-ba17029e8209
d681265c-874a-453e-b58c-a9a205276330,species,Animalia,t0082443,"",Ormosia shoreana,Ormosia shoreana,學名重複,https://vvtaxatree.tbn.org.tw/taxa/d681265c-874a-453e-b58c-a9a205276330
ef8adcfd-45d5-4f3f-97f7-8b26a2e18fc4,species,Animalia,t0072484,"",Atarba issikiana,Atarba issikiana,學名重複,https://vvtaxatree.tbn.org.tw/taxa/ef8adcfd-45d5-4f3f-97f7-8b26a2e18fc4
40715944-7d04-4ef2-89dc-3037de56b745,species,Animalia,t0072485,"",Atarba leptoxantha,Atarba leptoxantha,學名重複,https://vvtaxatree.tbn.org.tw/taxa/40715944-7d04-4ef2-89dc-3037de56b745
ee6bea6a-fe5a-45dd-b596-72402e346b80,species,Animalia,t0061894,"",Dolichopeza issikiella,Dolichopeza issikiella,學名重複,https://vvtaxatree.tbn.org.tw/taxa/ee6bea6a-fe5a-45dd-b596-72402e346b80
9382b20d-ba33-420f-9331-b7a11eb686c7,species,Animalia,t0061902,"",Dolichopeza taiwanicola,Dolichopeza taiwanicola,學名重複,https://vvtaxatree.tbn.org.tw/taxa/9382b20d-ba33-420f-9331-b7a11eb686c7
84259936-53f9-4001-adb1-2cd4e879fe7a,species,Animalia,t0061895,"",Dolichopeza lugubrivestis,Dolichopeza lugubrivestis,學名重複,https://vvtaxatree.tbn.org.tw/taxa/84259936-53f9-4001-adb1-2cd4e879fe7a
742990fc-aec4-4607-b1bc-a5d7819473ac,species,Animalia,t0061896,"",Dolichopeza profundemarginata,Dolichopeza profundemarginata,學名重複,https://vvtaxatree.tbn.org.tw/taxa/742990fc-aec4-4607-b1bc-a5d7819473ac
f9b33c49-7e21-4996-9d84-5ff44f92b914,species,Animalia,t0061900,"",Dolichopeza subalbitibia,Dolichopeza subalbitibia,學名重複,https://vvtaxatree.tbn.org.tw/taxa/f9b33c49-7e21-4996-9d84-5ff44f92b914
e2ee82f9-43cd-4246-9272-390035f332b6,species,Animalia,t0061904,"",Dolichopeza tuberculifera,Dolichopeza tuberculifera,學名重複,https://vvtaxatree.tbn.org.tw/taxa/e2ee82f9-43cd-4246-9272-390035f332b6
ceadac52-9d05-4b4c-afc6-639e4f5aa45e,species,Animalia,t0062901,"",Epiphragma divisum,Epiphragma divisum,學名重複,https://vvtaxatree.tbn.org.tw/taxa/ceadac52-9d05-4b4c-afc6-639e4f5aa45e
d6d171b2-db49-4586-93ff-09278a8b646d,species,Animalia,t0062903,"",Epiphragma nymphicum,Epiphragma nymphicum,學名重複,https://vvtaxatree.tbn.org.tw/taxa/d6d171b2-db49-4586-93ff-09278a8b646d
6d9b654a-b7be-40d9-98c4-c94ef9907691,species,Animalia,t0081467,"",Nephrotoma atrolatera,Nephrotoma atrolatera,學名重複,https://vvtaxatree.tbn.org.tw/taxa/6d9b654a-b7be-40d9-98c4-c94ef9907691
cbc8277e-3fe0-41fb-8888-0c55ef11884d,species,Animalia,t0081469,"",Nephrotoma caudifera,Nephrotoma caudifera,學名重複,https://vvtaxatree.tbn.org.tw/taxa/cbc8277e-3fe0-41fb-8888-0c55ef11884d
e29eb3d2-dc64-4f15-8401-3cfacbc4fe86,species,Animalia,t0081471,"",Nephrotoma definita,Nephrotoma definita,學名重複,https://vvtaxatree.tbn.org.tw/taxa/e29eb3d2-dc64-4f15-8401-3cfacbc4fe86
4a281412-57ac-42f0-b66e-479327fdaf65,species,Animalia,t0081474,"",Nephrotoma integra,Nephrotoma integra,學名重複,https://vvtaxatree.tbn.org.tw/taxa/4a281412-57ac-42f0-b66e-479327fdaf65
2cc878ee-9dc6-47ae-982a-5523153f4802,species,Animalia,t0081477,"",Nephrotoma omeiana,Nephrotoma omeiana,學名重複,https://vvtaxatree.tbn.org.tw/taxa/2cc878ee-9dc6-47ae-982a-5523153f4802
c38ffa77-3908-4f99-ace9-4fee98b7015d,species,Animalia,t0081480,"",Nephrotoma takeuchii,Nephrotoma takeuchii,學名重複,https://vvtaxatree.tbn.org.tw/taxa/c38ffa77-3908-4f99-ace9-4fee98b7015d
22d7cfb4-6304-4f52-a334-d3b2334f4dc5,species,Animalia,t0047234,"",Thaumastoptera issikiana,Thaumastoptera issikiana,學名重複,https://vvtaxatree.tbn.org.tw/taxa/22d7cfb4-6304-4f52-a334-d3b2334f4dc5
fd811bc4-943c-48f9-992b-15c5d7644bd5,species,Animalia,t0047457,"",Tipula alboplagiata,Tipula alboplagiata,學名重複,https://vvtaxatree.tbn.org.tw/taxa/fd811bc4-943c-48f9-992b-15c5d7644bd5
d8cdb5cb-bfb0-4aa0-8f45-c6c0fed63df5,species,Animalia,t0047482,"",Tipula obtusiloba,Tipula obtusiloba,學名重複,https://vvtaxatree.tbn.org.tw/taxa/d8cdb5cb-bfb0-4aa0-8f45-c6c0fed63df5
10b96d18-a278-4b39-9820-91a0dff3b562,species,Animalia,t0047496,"",Tipula yamata,Tipula yamata,學名重複,https://vvtaxatree.tbn.org.tw/taxa/10b96d18-a278-4b39-9820-91a0dff3b562
b09752b2-acf9-44f7-bdb9-943bb4e7f9dc,species,Animalia,t0047478,"",Tipula niitakensis,Tipula niitakensis,學名重複,https://vvtaxatree.tbn.org.tw/taxa/b09752b2-acf9-44f7-bdb9-943bb4e7f9dc
07ea1ae7-8650-4706-b137-510f34121949,species,Animalia,t0047481,"",Tipula obnata,Tipula obnata,學名重複,https://vvtaxatree.tbn.org.tw/taxa/07ea1ae7-8650-4706-b137-510f34121949
e27b722d-a6fd-4207-a8d6-936dca4aef13,species,Animalia,t0047495,"",Tipula tridentata,Tipula tridentata,學名重複,https://vvtaxatree.tbn.org.tw/taxa/e27b722d-a6fd-4207-a8d6-936dca4aef13
38d0baef-2a36-4fd2-98db-5e5ee1da9e91,species,Animalia,t0047487,"",Tipula rantaicola,Tipula rantaicola,學名重複,https://vvtaxatree.tbn.org.tw/taxa/38d0baef-2a36-4fd2-98db-5e5ee1da9e91
044fa08e-8a79-4106-a8e8-27303f5e650c,species,Animalia,t0047489,"",Tipula sparsissima,Tipula sparsissima,學名重複,https://vvtaxatree.tbn.org.tw/taxa/044fa08e-8a79-4106-a8e8-27303f5e650c
c1699cda-7131-48f1-83b2-c044b4ec8210,species,Animalia,t0047491,"",Tipula strictiva,Tipula strictiva,學名重複,https://vvtaxatree.tbn.org.tw/taxa/c1699cda-7131-48f1-83b2-c044b4ec8210
aa07089e-8d51-4ac3-a14a-51050a6c0c88,species,Animalia,t0047473,"",Tipula lackschewitziana,Tipula lackschewitziana,學名重複,https://vvtaxatree.tbn.org.tw/taxa/aa07089e-8d51-4ac3-a14a-51050a6c0c88
b964d1fc-3f26-4619-9d60-30aba73c45b7,species,Animalia,t0047470,"",Tipula haplotricha,Tipula haplotricha,學名重複,https://vvtaxatree.tbn.org.tw/taxa/b964d1fc-3f26-4619-9d60-30aba73c45b7
bf109c63-cd6e-4771-92bf-82e7a01af54f,species,Animalia,t0047460,"",Tipula bicornigera,Tipula bicornigera,學名重複,https://vvtaxatree.tbn.org.tw/taxa/bf109c63-cd6e-4771-92bf-82e7a01af54f
bc28da44-1bfe-46b6-b795-fade8c3169ad,species,Animalia,t0047461,"",Tipula bicorunta,Tipula bicorunta,學名重複,https://vvtaxatree.tbn.org.tw/taxa/bc28da44-1bfe-46b6-b795-fade8c3169ad
5375d034-ac32-4188-b8c0-608c63a6544d,species,Animalia,t0047467,"",Tipula foliacea,Tipula foliacea,學名重複,https://vvtaxatree.tbn.org.tw/taxa/5375d034-ac32-4188-b8c0-608c63a6544d
605d45f0-c335-4262-95e0-3f2baf46ab35,species,Animalia,t0047476,"",Tipula nestor,Tipula nestor,學名重複,https://vvtaxatree.tbn.org.tw/taxa/605d45f0-c335-4262-95e0-3f2baf46ab35
4957809f-b1e2-459b-8792-21e56abbd47f,species,Animalia,t0047479,"",Tipula nokonis,Tipula nokonis,學名重複,https://vvtaxatree.tbn.org.tw/taxa/4957809f-b1e2-459b-8792-21e56abbd47f
5716ed72-c9bd-41fd-9b76-91f5aed84717,species,Animalia,t0047483,"",Tipula paravapiculata,Tipula paravapiculata,學名重複,https://vvtaxatree.tbn.org.tw/taxa/5716ed72-c9bd-41fd-9b76-91f5aed84717
ab838d8d-bb7e-4e03-86ea-257cf9968032,species,Animalia,t0047492,"",Tipula subapterogyne,Tipula subapterogyne,學名重複,https://vvtaxatree.tbn.org.tw/taxa/ab838d8d-bb7e-4e03-86ea-257cf9968032
7d2a5e61-10b3-4550-9a8e-e6028b2d2bec,species,Animalia,t0047494,"",Tipula takahashiana,Tipula takahashiana,學名重複,https://vvtaxatree.tbn.org.tw/taxa/7d2a5e61-10b3-4550-9a8e-e6028b2d2bec
00094e04-1f56-4996-87ac-044a2ce33327,species,Animalia,t0047480,"",Tipula nova,Tipula nova,學名重複,https://vvtaxatree.tbn.org.tw/taxa/00094e04-1f56-4996-87ac-044a2ce33327
586a9af8-d977-4a6d-a74c-f7406b2ce65c,species,Animalia,t0047700,"",Trentepholia atayal,Trentepholia atayal,學名重複,https://vvtaxatree.tbn.org.tw/taxa/586a9af8-d977-4a6d-a74c-f7406b2ce65c
d7552884-cfc8-4678-a4dd-751a20e300ae,species,Animalia,t0047701,"",Trentepholia esakii,Trentepholia esakii,學名重複,https://vvtaxatree.tbn.org.tw/taxa/d7552884-cfc8-4678-a4dd-751a20e300ae
e4e65ab8-72a5-46a5-af4b-94a16fdd0646,species,Animalia,t0047703,"",Trentepholia montina,Trentepholia montina,學名重複,https://vvtaxatree.tbn.org.tw/taxa/e4e65ab8-72a5-46a5-af4b-94a16fdd0646
5b3ee620-bc9f-4162-a08e-14f5d429c328,species,Animalia,t0047705,"",Trentepholia platyleuca,Trentepholia platyleuca,學名重複,https://vvtaxatree.tbn.org.tw/taxa/5b3ee620-bc9f-4162-a08e-14f5d429c328
f9d0a4cc-6bbd-40f8-83ef-34d7b7b48e8a,species,Animalia,t0047708,"",Trentepholia tarsalba,Trentepholia tarsalba,學名重複,https://vvtaxatree.tbn.org.tw/taxa/f9d0a4cc-6bbd-40f8-83ef-34d7b7b48e8a
3d111c8d-3642-474d-91d0-42e0495cccda,species,Animalia,t0047702,"",Trentepholia fuscobasalis,Trentepholia fuscobasalis,學名重複,https://vvtaxatree.tbn.org.tw/taxa/3d111c8d-3642-474d-91d0-42e0495cccda
995cf61b-0534-4554-8c9e-ac7819ee6230,species,Animalia,t0047706,"",Trentepholia proba,Trentepholia proba,學名重複,https://vvtaxatree.tbn.org.tw/taxa/995cf61b-0534-4554-8c9e-ac7819ee6230
6aabdaae-b661-4521-b294-43838d59e555,species,Animalia,t0047707,"",Trentepholia pulchripennis,Trentepholia pulchripennis,學名重複,https://vvtaxatree.tbn.org.tw/taxa/6aabdaae-b661-4521-b294-43838d59e555
4dee6a98-e375-43d5-8b89-a03d0fafb026,species,Animalia,t0048345,"",Ula flavidibasis,Ula flavidibasis,學名重複,https://vvtaxatree.tbn.org.tw/taxa/4dee6a98-e375-43d5-8b89-a03d0fafb026
a15e3286-3b3e-4cc2-a1d6-768334ebe6cb,species,Animalia,t0048346,"",Ula fuscistigma,Ula fuscistigma,學名重複,https://vvtaxatree.tbn.org.tw/taxa/a15e3286-3b3e-4cc2-a1d6-768334ebe6cb
fcc58868-f399-4079-9612-750cb47e7549,species,Animalia,t0048347,"",Ula superelegans,Ula superelegans,學名重複,https://vvtaxatree.tbn.org.tw/taxa/fcc58868-f399-4079-9612-750cb47e7549
d0042c2f-7725-43d6-8a91-7cd850a10179,species,Animalia,t0084496,"",Pipunculus coatalis,Pipunculus coatalis,學名重複,https://vvtaxatree.tbn.org.tw/taxa/d0042c2f-7725-43d6-8a91-7cd850a10179
ece5bea1-9900-4bd7-a9c8-020cb3d9d2e7,species,Animalia,t0084495,"",Pipunculus bicolor,Pipunculus bicolor,學名重複,https://vvtaxatree.tbn.org.tw/taxa/ece5bea1-9900-4bd7-a9c8-020cb3d9d2e7
d8143ceb-e3df-4041-9da5-590ef03fb196,species,Animalia,t0084501,"",Pipunculus holosericeus,Pipunculus holosericeus,學名重複,https://vvtaxatree.tbn.org.tw/taxa/d8143ceb-e3df-4041-9da5-590ef03fb196
547f59aa-26b9-4765-85e1-582ba0cc74bc,species,Animalia,t0079111,"",Conops nubeculosus,Conops nubeculosus,學名重複,https://vvtaxatree.tbn.org.tw/taxa/547f59aa-26b9-4765-85e1-582ba0cc74bc
2bbf72b0-8047-4102-8351-a9560d8a8a4d,species,Animalia,t0061563,"",Dicranota delectata,Dicranota delectata,學名重複,https://vvtaxatree.tbn.org.tw/taxa/2bbf72b0-8047-4102-8351-a9560d8a8a4d
d9409858-79cb-4f83-beca-f18d26a21596,species,Animalia,t0061564,"",Dicranota fumicostata,Dicranota fumicostata,學名重複,https://vvtaxatree.tbn.org.tw/taxa/d9409858-79cb-4f83-beca-f18d26a21596
ba8b054b-1a68-4e37-8272-b729209f8507,species,Animalia,t0061566,"",Dicranota plana,Dicranota plana,學名重複,https://vvtaxatree.tbn.org.tw/taxa/ba8b054b-1a68-4e37-8272-b729209f8507
ce7499cf-33ad-47e8-8440-24f2bcbc7e22,species,Animalia,t0083640,"",Pedicia orophila,Pedicia orophila,學名重複,https://vvtaxatree.tbn.org.tw/taxa/ce7499cf-33ad-47e8-8440-24f2bcbc7e22
a05e481a-022c-49e8-90fc-40848c0062f2,species,Animalia,t0084489,"",Piophila contecta,Piophila contecta,學名重複,https://vvtaxatree.tbn.org.tw/taxa/a05e481a-022c-49e8-90fc-40848c0062f2
04f01575-8083-4438-824e-e2fecd1e05ad,species,Animalia,t0048860,"",Xenokeroplatus gozmanyi,Xenokeroplatus gozmanyi,學名重複,https://vvtaxatree.tbn.org.tw/taxa/04f01575-8083-4438-824e-e2fecd1e05ad
c83c1b6a-a7cb-4bea-a91b-18300fbaf6bc,species,Animalia,t0039006,"",Simulium tuenense,Simulium tuenense,學名重複,https://vvtaxatree.tbn.org.tw/taxa/c83c1b6a-a7cb-4bea-a91b-18300fbaf6bc
54d06c12-0db5-4899-a737-29245a94a26d,species,Animalia,t0039005,"",Simulium taulingense,Simulium taulingense,學名重複,https://vvtaxatree.tbn.org.tw/taxa/54d06c12-0db5-4899-a737-29245a94a26d
e0614b66-57ba-44ee-b255-97334712c483,species,Animalia,t0039009,"",Simulium yushangense,Simulium yushangense,學名重複,https://vvtaxatree.tbn.org.tw/taxa/e0614b66-57ba-44ee-b255-97334712c483
8650cb80-4f3d-4380-8edd-35d6e0bdf531,species,Animalia,t0038994,"",Simulium puliense,Simulium puliense,學名重複,https://vvtaxatree.tbn.org.tw/taxa/8650cb80-4f3d-4380-8edd-35d6e0bdf531
c5bfab20-3554-46f6-841c-8ec1fb0e4aca,species,Animalia,t0038997,"",Simulium sakishimaense,Simulium sakishimaense,學名重複,https://vvtaxatree.tbn.org.tw/taxa/c5bfab20-3554-46f6-841c-8ec1fb0e4aca
e06ed634-6ce6-4668-a26d-610f42f9cafa,species,Animalia,t0039004,"",Simulium taiwanicum,Simulium taiwanicum,學名重複,https://vvtaxatree.tbn.org.tw/taxa/e06ed634-6ce6-4668-a26d-610f42f9cafa
d59d88ae-d8b3-46d8-872b-b52709ea523c,species,Animalia,t0039007,"",Simulium ufengense,Simulium ufengense,學名重複,https://vvtaxatree.tbn.org.tw/taxa/d59d88ae-d8b3-46d8-872b-b52709ea523c
2508f806-d425-4127-af9e-c7f03b0d785a,species,Animalia,t0038987,"",Simulium chungi,Simulium chungi,學名重複,https://vvtaxatree.tbn.org.tw/taxa/2508f806-d425-4127-af9e-c7f03b0d785a
e846d645-b68f-4a14-ac8d-e1a0575fb63d,species,Animalia,t0039008,"",Simulium yonakuniense,Simulium yonakuniense,學名重複,https://vvtaxatree.tbn.org.tw/taxa/e846d645-b68f-4a14-ac8d-e1a0575fb63d
31ed21da-57fb-4928-a39c-8789f8a26f34,species,Animalia,t0071561,"",Ankylopteryx gracilis,Ankylopteryx gracilis,學名重複,https://vvtaxatree.tbn.org.tw/taxa/31ed21da-57fb-4928-a39c-8789f8a26f34
cba2a8fd-a149-4b87-8c53-c46cef7b333f,species,Animalia,t0080398,"",Mongoloraphidia caelebs,Mongoloraphidia caelebs,學名重複,https://vvtaxatree.tbn.org.tw/taxa/cba2a8fd-a149-4b87-8c53-c46cef7b333f
1ecd8617-fe01-49de-bf41-d9ea3a8cba88,species,Animalia,t0080401,"",Mongoloraphidia taiwanica,Mongoloraphidia taiwanica,學名重複,https://vvtaxatree.tbn.org.tw/taxa/1ecd8617-fe01-49de-bf41-d9ea3a8cba88
e4ea5b20-a54d-4306-a708-d96fc432a99b,species,Plantae,"","",Selaginella circinalis,Selaginella circinalis (L.) C.Presl,學名重複,https://vvtaxatree.tbn.org.tw/taxa/e4ea5b20-a54d-4306-a708-d96fc432a99b
ce8c5fa8-0847-4b8d-a927-69a1bb65c276,species,Plantae,"","",Selaginella circinalis,Selaginella circinalis (L.) Spring,學名重複,https://vvtaxatree.tbn.org.tw/taxa/ce8c5fa8-0847-4b8d-a927-69a1bb65c276
6b155a86-7faf-4f5f-a36c-2482215d0c03,species,Plantae,t0026768,"",Tectaria multicaudata,Tectaria multicaudata Ching,學名重複,https://vvtaxatree.tbn.org.tw/taxa/6b155a86-7faf-4f5f-a36c-2482215d0c03
49e1543a-b205-4172-9b2a-037c2bbecb8f,species,Plantae,"","",Ormosia formosana,Ormosia formosana Kaneh.,學名重複,https://vvtaxatree.tbn.org.tw/taxa/49e1543a-b205-4172-9b2a-037c2bbecb8f
71699cd4-689f-4dc7-8920-e946b9938634,species,Plantae,t0099500,"",Ficus variegata,Ficus variegata Blume,學名重複,https://vvtaxatree.tbn.org.tw/taxa/71699cd4-689f-4dc7-8920-e946b9938634
5623551a-59fa-4b45-a01e-fa53657b7716,infraspecies,Plantae,"","",Zeuxine strateumatica rupicola,Zeuxine strateumatica var. rupicola,學名重複,https://vvtaxatree.tbn.org.tw/taxa/5623551a-59fa-4b45-a01e-fa53657b7716
9711a88c-f488-4997-9572-cc49e81de6e6,infraspecies,Plantae,"","",Zeuxine strateumatica rupicola,Zeuxine strateumatica f. rupicola,學名重複,https://vvtaxatree.tbn.org.tw/taxa/9711a88c-f488-4997-9572-cc49e81de6e6
0da0a81d-19df-43e7-8255-26576d93b2e6,species,Plantae,"","",Begonia ×albopicta,Begonia ×albopicta W.Bull,學名重複,https://vvtaxatree.tbn.org.tw/taxa/0da0a81d-19df-43e7-8255-26576d93b2e6
2e7d8185-2c71-4c7e-8b54-4e783dda440e,genus,Plantae,t0024108,"",Kurzia,Kurzia,學名重複,https://vvtaxatree.tbn.org.tw/taxa/2e7d8185-2c71-4c7e-8b54-4e783dda440e
cf0a1ffc-0c9f-461a-8eda-394ee2d69290,genus,Plantae,t0024339,"",Myurella,Myurella,學名重複,https://vvtaxatree.tbn.org.tw/taxa/cf0a1ffc-0c9f-461a-8eda-394ee2d69290
83aad3ea-02c0-4055-b8a8-601606d6173b,species,Plantae,"","",Cololejeunea haskarliana,Cololejeunea haskarliana (Lehm.) Schiffn.,學名重複,https://vvtaxatree.tbn.org.tw/taxa/83aad3ea-02c0-4055-b8a8-601606d6173b
534293e3-4d9b-42fb-93e5-8a09a36c62d6,species,Animalia,"","",Podocnemis unifilis,Podocnemis unifilis,學名重複,https://vvtaxatree.tbn.org.tw/taxa/534293e3-4d9b-42fb-93e5-8a09a36c62d6
2df7cbfe-3b6c-44fb-8b61-5d8b96fdfdfd,genus,Plantae,"","",Tydemania,Tydemania,學名重複,https://vvtaxatree.tbn.org.tw/taxa/2df7cbfe-3b6c-44fb-8b61-5d8b96fdfdfd
b7bfe221-18d8-42c6-a779-31bb710ab0f7,genus,Plantae,"","",Chondria,Chondria,學名重複,https://vvtaxatree.tbn.org.tw/taxa/b7bfe221-18d8-42c6-a779-31bb710ab0f7
1b490559-113c-45d9-ac33-5492d0bdf9d1,genus,Plantae,"","",Ganonema,Ganonema,學名重複,https://vvtaxatree.tbn.org.tw/taxa/1b490559-113c-45d9-ac33-5492d0bdf9d1
a47ce978-5b75-4790-8101-d2f809d87e15,genus,Animalia,t0011573,"",Cerataulina,Cerataulina,學名重複,https://vvtaxatree.tbn.org.tw/taxa/a47ce978-5b75-4790-8101-d2f809d87e15
719a16e9-f32e-4b87-a097-1419d5ad8483,genus,Animalia,"","",Centrochelys,Centrochelys,學名重複,https://vvtaxatree.tbn.org.tw/taxa/719a16e9-f32e-4b87-a097-1419d5ad8483
060c8136-2fe0-4478-8f68-c2d1a85b413d,species,Animalia,"","",Centrochelys sulcata,Centrochelys sulcata,學名重複,https://vvtaxatree.tbn.org.tw/taxa/060c8136-2fe0-4478-8f68-c2d1a85b413d
547442d6-3e57-4f36-900d-c7ae7cbaefd7,genus,Animalia,t0017774,"",Tripartita,Tripartita,學名重複,https://vvtaxatree.tbn.org.tw/taxa/547442d6-3e57-4f36-900d-c7ae7cbaefd7
9f92662d-1859-49e7-a0be-9272a8ab6e80,superphylum,Podiata,"","",Fungi,Fungi,學名重複,https://vvtaxatree.tbn.org.tw/taxa/9f92662d-1859-49e7-a0be-9272a8ab6e80
d73eaac7-4689-49d2-936f-423d5ef4d036,species,Animalia,t0071740,"",Anthaxia vicesimasexta,Anthaxia vicesimasexta,學名重複,https://vvtaxatree.tbn.org.tw/taxa/d73eaac7-4689-49d2-936f-423d5ef4d036
3468db96-a307-4acc-9d70-2f327d15e4a3,species,Animalia,t0030620,"",Coelostoma sulcatum,Coelostoma sulcatum,學名重複,https://vvtaxatree.tbn.org.tw/taxa/3468db96-a307-4acc-9d70-2f327d15e4a3
d2a0d321-6b55-4986-85d3-57362a289270,species,Animalia,t0068928,"",Menimus formosanus,Menimus formosanus,學名重複,https://vvtaxatree.tbn.org.tw/taxa/d2a0d321-6b55-4986-85d3-57362a289270
81a49d92-4b03-4ed6-a57f-621a66f3a519,species,Plantae,"","",Begonia ×albopicta,Begonia ×albopicta Regel ex Regel,學名重複,https://vvtaxatree.tbn.org.tw/taxa/81a49d92-4b03-4ed6-a57f-621a66f3a519
acddc1c1-a831-4a77-9a00-afc0563f0eeb,family,Animalia,"","",Erinaceidae,Erinaceidae,學名重複,https://vvtaxatree.tbn.org.tw/taxa/acddc1c1-a831-4a77-9a00-afc0563f0eeb
d54c2752-1c95-4d66-bbe1-2651d60b4076,genus,Animalia,"","",Atelerix,Atelerix,學名重複,https://vvtaxatree.tbn.org.tw/taxa/d54c2752-1c95-4d66-bbe1-2651d60b4076
f74027db-c09c-4b80-9e77-899963012aea,genus,Animalia,"","",Tropidoclonion,Tropidoclonion,學名重複,https://vvtaxatree.tbn.org.tw/taxa/f74027db-c09c-4b80-9e77-899963012aea
2d8e7d95-6403-4490-9ddc-4444557f3b28,species,Animalia,"","",Tropidoclonion lineatum,Tropidoclonion lineatum,學名重複,https://vvtaxatree.tbn.org.tw/taxa/2d8e7d95-6403-4490-9ddc-4444557f3b28
e891dcd1-c1f7-4ae2-b08f-9d349583f8ae,genus,Animalia,"","",Alle,Alle,學名重複,https://vvtaxatree.tbn.org.tw/taxa/e891dcd1-c1f7-4ae2-b08f-9d349583f8ae
1693137d-a211-4743-b37f-8bc43ebbe2e1,species,Animalia,"","",Alle alle,Alle alle,學名重複,https://vvtaxatree.tbn.org.tw/taxa/1693137d-a211-4743-b37f-8bc43ebbe2e1
ade52c8a-ed3a-4ea2-9829-ae725d377255,species,Animalia,"","",Pyrrhura molinae,Pyrrhura molinae,學名重複,https://vvtaxatree.tbn.org.tw/taxa/ade52c8a-ed3a-4ea2-9829-ae725d377255
291cedc4-013d-4937-806f-1e1a40fd6fca,suborder,Animalia,"","",Yangochiroptera,Yangochiroptera,學名重複,https://vvtaxatree.tbn.org.tw/taxa/291cedc4-013d-4937-806f-1e1a40fd6fca
8d778e7d-8fba-4004-a930-16410467724c,suborder,Animalia,"","",Yinpterochiroptera,Yinpterochiroptera,學名重複,https://vvtaxatree.tbn.org.tw/taxa/8d778e7d-8fba-4004-a930-16410467724c
1733bbe3-48a8-433e-9bb0-688d14e943a8,species,Animalia,"","",Mustela putorius,Mustela putorius,學名重複,https://vvtaxatree.tbn.org.tw/taxa/1733bbe3-48a8-433e-9bb0-688d14e943a8
a663aadb-e685-4b80-907a-50d35e3ac052,genus,Plantae,"","",Ismene,Ismene,學名重複,https://vvtaxatree.tbn.org.tw/taxa/a663aadb-e685-4b80-907a-50d35e3ac052
8b0940fe-40aa-4acc-b97f-30b14769046a,genus,Plantae,"","",Sarcophyton,Sarcophyton,學名重複,https://vvtaxatree.tbn.org.tw/taxa/8b0940fe-40aa-4acc-b97f-30b14769046a
7acefabd-e6c5-4382-93f2-ef3bb0adfa04,genus,Animalia,"","",Cybaeus,Cybaeus,學名重複,https://vvtaxatree.tbn.org.tw/taxa/7acefabd-e6c5-4382-93f2-ef3bb0adfa04
102f66f6-7bdd-4057-ae8c-a097c134390d,family,Animalia,"","",Procyonidae,Procyonidae,學名重複,https://vvtaxatree.tbn.org.tw/taxa/102f66f6-7bdd-4057-ae8c-a097c134390d
cbd2d7e7-d44c-4ba1-805f-eb0f16441b4d,genus,Animalia,"","",Procyon,Procyon,學名重複,https://vvtaxatree.tbn.org.tw/taxa/cbd2d7e7-d44c-4ba1-805f-eb0f16441b4d
b8bf8509-0dc8-4042-a722-b0f0e44d9697,species,Animalia,"","",Procyon lotor,Procyon lotor,學名重複,https://vvtaxatree.tbn.org.tw/taxa/b8bf8509-0dc8-4042-a722-b0f0e44d9697
c836597e-913b-4239-9a6b-9e735e09c0ea,genus,Animalia,t0015880,"",Rhopographus,Rhopographus,學名重複,https://vvtaxatree.tbn.org.tw/taxa/c836597e-913b-4239-9a6b-9e735e09c0ea
8ab253d4-d6bc-4b4b-9ee0-21fce9f55984,genus,Fungi,t0008456,"",Scaphidium,Scaphidium,學名重複,https://vvtaxatree.tbn.org.tw/taxa/8ab253d4-d6bc-4b4b-9ee0-21fce9f55984
035202e4-ed3f-44e5-84dc-f86ed9044141,genus,Fungi,t0008422,"",Rhytisma,Rhytisma,學名重複,https://vvtaxatree.tbn.org.tw/taxa/035202e4-ed3f-44e5-84dc-f86ed9044141
83a6d38e-97c9-44a5-908f-a33347324730,family,Animalia,"","",Petauridae,Petauridae,學名重複,https://vvtaxatree.tbn.org.tw/taxa/83a6d38e-97c9-44a5-908f-a33347324730
383f3c0c-6b40-4326-a8f2-47df1d3779db,genus,Animalia,"","",Petaurus,Petaurus,學名重複,https://vvtaxatree.tbn.org.tw/taxa/383f3c0c-6b40-4326-a8f2-47df1d3779db
c10373f4-265a-48dd-9c00-9c9fdd23a51d,species,Animalia,"","",Petaurus breviceps,Petaurus breviceps,學名重複,https://vvtaxatree.tbn.org.tw/taxa/c10373f4-265a-48dd-9c00-9c9fdd23a51d
7379740e-9d33-4b05-8c2f-a0c0e8120680,genus,Plantae,"","",Aquarius,Aquarius,學名重複,https://vvtaxatree.tbn.org.tw/taxa/7379740e-9d33-4b05-8c2f-a0c0e8120680
8f38b975-ce34-4f12-9026-07d1d90e5b7a,genus,Animalia,"","",Euplectes,Euplectes,學名重複,https://vvtaxatree.tbn.org.tw/taxa/8f38b975-ce34-4f12-9026-07d1d90e5b7a
d9458b74-f1be-4d0e-8077-c977030e3ea5,species,Animalia,"","",Euplectes orix,Euplectes orix,學名重複,https://vvtaxatree.tbn.org.tw/taxa/d9458b74-f1be-4d0e-8077-c977030e3ea5
a52434ab-692e-448e-836a-14e8be55520f,species,Animalia,"","",Machlolophus spilonotus,Machlolophus spilonotus,學名重複,https://vvtaxatree.tbn.org.tw/taxa/a52434ab-692e-448e-836a-14e8be55520f
7b8af3a7-4be8-4169-836a-152ee2d5183b,species,Animalia,"","",Amandava subflava,Amandava subflava,學名重複,https://vvtaxatree.tbn.org.tw/taxa/7b8af3a7-4be8-4169-836a-152ee2d5183b
3e7a03fb-17d5-40b3-8606-176bf4e1fb2e,species,Animalia,"","",Agapornis personatus,Agapornis personatus,學名重複,https://vvtaxatree.tbn.org.tw/taxa/3e7a03fb-17d5-40b3-8606-176bf4e1fb2e
d70ff556-a979-4ab5-ac6b-3d7e63c80500,genus,Animalia,"","",Callonetta,Callonetta,學名重複,https://vvtaxatree.tbn.org.tw/taxa/d70ff556-a979-4ab5-ac6b-3d7e63c80500
606ec845-ddff-4d26-9328-f98262379fe3,species,Animalia,"","",Callonetta leucophrys,Callonetta leucophrys,學名重複,https://vvtaxatree.tbn.org.tw/taxa/606ec845-ddff-4d26-9328-f98262379fe3
9f436600-6456-4262-84b7-90ce760b00f7,family,Animalia,"","",Chloropseidae,Chloropseidae,學名重複,https://vvtaxatree.tbn.org.tw/taxa/9f436600-6456-4262-84b7-90ce760b00f7
9c0f14d5-ff72-4e4c-9c82-809667299ee6,species,Animalia,"","",Crithagra citrinipectus,Crithagra citrinipectus,學名重複,https://vvtaxatree.tbn.org.tw/taxa/9c0f14d5-ff72-4e4c-9c82-809667299ee6
becfc705-8db1-42dc-b6cb-e6d2633ad6cd,genus,Animalia,"","",Dacelo,Dacelo,學名重複,https://vvtaxatree.tbn.org.tw/taxa/becfc705-8db1-42dc-b6cb-e6d2633ad6cd
7099f442-8a53-4a2d-8931-ffbe3c84fd04,species,Animalia,"","",Dacelo novaeguineae,Dacelo novaeguineae,學名重複,https://vvtaxatree.tbn.org.tw/taxa/7099f442-8a53-4a2d-8931-ffbe3c84fd04
7bfc652d-5ba2-460e-af0f-814beeba48df,species,Animalia,"","",Chloropsis cochinchinensis,Chloropsis cochinchinensis,學名重複,https://vvtaxatree.tbn.org.tw/taxa/7bfc652d-5ba2-460e-af0f-814beeba48df
88109162-83db-4b4b-af8e-22792fbb4871,genus,Animalia,"","",Diopsittaca,Diopsittaca,學名重複,https://vvtaxatree.tbn.org.tw/taxa/88109162-83db-4b4b-af8e-22792fbb4871
ad201582-e7a7-4fd9-a0ed-c221a73c4b3d,species,Animalia,"","",Diopsittaca nobilis,Diopsittaca nobilis,學名重複,https://vvtaxatree.tbn.org.tw/taxa/ad201582-e7a7-4fd9-a0ed-c221a73c4b3d
fb3b13dd-8624-4db7-9ca1-2c9cb4f83355,genus,Animalia,"","",Eclectus,Eclectus,學名重複,https://vvtaxatree.tbn.org.tw/taxa/fb3b13dd-8624-4db7-9ca1-2c9cb4f83355
a5935862-582d-4613-bb75-ced685072303,species,Animalia,"","",Eclectus roratus,Eclectus roratus,學名重複,https://vvtaxatree.tbn.org.tw/taxa/a5935862-582d-4613-bb75-ced685072303
e74e163c-ed0b-4267-ba67-6504901c45fa,species,Animalia,"","",Geokichla dohertyi,Geokichla dohertyi,學名重複,https://vvtaxatree.tbn.org.tw/taxa/e74e163c-ed0b-4267-ba67-6504901c45fa
3c68165d-64e0-4bbc-abcb-a4efc5896034,species,Animalia,"","",Geopelia cuneata,Geopelia cuneata,學名重複,https://vvtaxatree.tbn.org.tw/taxa/3c68165d-64e0-4bbc-abcb-a4efc5896034
3f3457bf-296d-4ce0-82cd-2dc112fa3b02,species,Animalia,"","",Lamprotornis caudatus,Lamprotornis caudatus,學名重複,https://vvtaxatree.tbn.org.tw/taxa/3f3457bf-296d-4ce0-82cd-2dc112fa3b02
e8994324-2f7b-49c1-9c8e-43dd476d9033,genus,Animalia,"","",Meleagris,Meleagris,學名重複,https://vvtaxatree.tbn.org.tw/taxa/e8994324-2f7b-49c1-9c8e-43dd476d9033
404f67b3-05ea-4bc3-91ef-0991c7689583,species,Animalia,"","",Meleagris gallopavo,Meleagris gallopavo,學名重複,https://vvtaxatree.tbn.org.tw/taxa/404f67b3-05ea-4bc3-91ef-0991c7689583
49de3093-d632-4700-9366-83bc033be1fa,genus,Animalia,"","",Myiopsitta,Myiopsitta,學名重複,https://vvtaxatree.tbn.org.tw/taxa/49de3093-d632-4700-9366-83bc033be1fa
959dcb70-5972-4529-866b-cc978cad8045,species,Animalia,"","",Myiopsitta monachus,Myiopsitta monachus,學名重複,https://vvtaxatree.tbn.org.tw/taxa/959dcb70-5972-4529-866b-cc978cad8045
b63e2041-4bd7-4b71-a668-0a4069c044f6,family,Animalia,"","",Numididae,Numididae,學名重複,https://vvtaxatree.tbn.org.tw/taxa/b63e2041-4bd7-4b71-a668-0a4069c044f6
ea44b831-25fd-4155-8602-fe98cc506c81,genus,Animalia,"","",Numida,Numida,學名重複,https://vvtaxatree.tbn.org.tw/taxa/ea44b831-25fd-4155-8602-fe98cc506c81
e709d5b2-c640-4667-9fb8-60666b1ee392,species,Animalia,"","",Numida meleagris,Numida meleagris,學名重複,https://vvtaxatree.tbn.org.tw/taxa/e709d5b2-c640-4667-9fb8-60666b1ee392
c2cecd50-1308-44b9-b2c3-1642ff6457f4,genus,Animalia,"","",Parabuteo,Parabuteo,學名重複,https://vvtaxatree.tbn.org.tw/taxa/c2cecd50-1308-44b9-b2c3-1642ff6457f4
9183b1fe-1421-422a-9fb0-c39fdd68d1b9,species,Animalia,"","",Parabuteo unicinctus,Parabuteo unicinctus,學名重複,https://vvtaxatree.tbn.org.tw/taxa/9183b1fe-1421-422a-9fb0-c39fdd68d1b9
af33d0b9-46a7-4906-ab03-92dfe27e3619,species,Animalia,"","",Paroaria gularis,Paroaria gularis,學名重複,https://vvtaxatree.tbn.org.tw/taxa/af33d0b9-46a7-4906-ab03-92dfe27e3619
d23a3d9c-afd8-4445-84d0-b4c9f1ab11b5,species,Animalia,"","",Ploceus jacksoni,Ploceus jacksoni,學名重複,https://vvtaxatree.tbn.org.tw/taxa/d23a3d9c-afd8-4445-84d0-b4c9f1ab11b5
f6548d21-5627-4147-8e4c-84df9cdf06da,species,Animalia,"","",Poicephalus senegalus,Poicephalus senegalus,學名重複,https://vvtaxatree.tbn.org.tw/taxa/f6548d21-5627-4147-8e4c-84df9cdf06da
c8e63a90-eac2-4f16-844c-dfa66e8abeea,species,Animalia,"","",Primolius auricollis,Primolius auricollis,學名重複,https://vvtaxatree.tbn.org.tw/taxa/c8e63a90-eac2-4f16-844c-dfa66e8abeea
6cab629c-9118-4a46-91a5-70cebb210609,genus,Animalia,"","",Psittacara,Psittacara,學名重複,https://vvtaxatree.tbn.org.tw/taxa/6cab629c-9118-4a46-91a5-70cebb210609
2a2a5e09-0cc1-4ea0-8876-d3a1add0bbbd,species,Animalia,"","",Psittacara erythrogenys,Psittacara erythrogenys,學名重複,https://vvtaxatree.tbn.org.tw/taxa/2a2a5e09-0cc1-4ea0-8876-d3a1add0bbbd
6b954751-7b3e-43e8-a855-d3d098f01ffc,species,Animalia,"","",Psittacula eupatria,Psittacula eupatria,學名重複,https://vvtaxatree.tbn.org.tw/taxa/6b954751-7b3e-43e8-a855-d3d098f01ffc
ffbfd34a-640d-485a-83d5-6da6cc031dad,genus,Animalia,"","",Pyrrhocorax,Pyrrhocorax,學名重複,https://vvtaxatree.tbn.org.tw/taxa/ffbfd34a-640d-485a-83d5-6da6cc031dad
c9ee301c-8be3-4dde-8542-8aa54aae1742,species,Animalia,"","",Pyrrhocorax pyrrhocorax,Pyrrhocorax pyrrhocorax,學名重複,https://vvtaxatree.tbn.org.tw/taxa/c9ee301c-8be3-4dde-8542-8aa54aae1742
54a5c8b3-778a-46e0-9b9c-7d36799b3c18,species,Animalia,"","",Trichoglossus moluccanus,Trichoglossus moluccanus,學名重複,https://vvtaxatree.tbn.org.tw/taxa/54a5c8b3-778a-46e0-9b9c-7d36799b3c18
df813c85-d964-4849-b506-d315679eb937,species,Animalia,"","",Trichoglossus rubritorquis,Trichoglossus rubritorquis,學名重複,https://vvtaxatree.tbn.org.tw/taxa/df813c85-d964-4849-b506-d315679eb937
fb46b4e5-d2b4-43ba-a5db-f3cc22bf92b1,species,Animalia,"","",Trochalopteron formosum,Trochalopteron formosum,學名重複,https://vvtaxatree.tbn.org.tw/taxa/fb46b4e5-d2b4-43ba-a5db-f3cc22bf92b1
ca04b9ad-203b-49a4-9ff4-25a903752d32,species,Animalia,"","",Vidua chalybeata,Vidua chalybeata,學名重複,https://vvtaxatree.tbn.org.tw/taxa/ca04b9ad-203b-49a4-9ff4-25a903752d32
236baa19-37c4-41b9-8761-dc2e29ec67f5,species,Animalia,"","",Vidua obtusa,Vidua obtusa,學名重複,https://vvtaxatree.tbn.org.tw/taxa/236baa19-37c4-41b9-8761-dc2e29ec67f5
9bd0f7a0-166b-4c04-91d4-44bc997ae3e8,phylum,Podiata,"","",Basidiomycota,Basidiomycota,學名重複,https://vvtaxatree.tbn.org.tw/taxa/9bd0f7a0-166b-4c04-91d4-44bc997ae3e8
254dde54-da79-4530-b968-6e003eb136cc,phylum,Podiata,"","",Ascomycota,Ascomycota,學名重複,https://vvtaxatree.tbn.org.tw/taxa/254dde54-da79-4530-b968-6e003eb136cc
070cfbe2-789a-4c1b-b8ae-c1008ee97513,genus,Plantae,"","",Satyrium,Satyrium,學名重複,https://vvtaxatree.tbn.org.tw/taxa/070cfbe2-789a-4c1b-b8ae-c1008ee97513
ad724aea-a658-4c9c-b0ec-13944569e615,genus,Plantae,"","",Acrocephalus,Acrocephalus,學名重複,https://vvtaxatree.tbn.org.tw/taxa/ad724aea-a658-4c9c-b0ec-13944569e615
a4f86047-62d7-4ab2-af20-79d1cfb4dba0,species,Plantae,"","",Tectaria multicaudata,Tectaria multicaudata (C.B.Clarke) Ching,學名重複,https://vvtaxatree.tbn.org.tw/taxa/a4f86047-62d7-4ab2-af20-79d1cfb4dba0
6f795206-cd88-4cd3-bb85-fc9b780cdf37,species,Plantae,t0073393,"",Cololejeunea haskarliana,Cololejeunea haskarliana (Lehm.) Steph.,學名重複,https://vvtaxatree.tbn.org.tw/taxa/6f795206-cd88-4cd3-bb85-fc9b780cdf37
cc4d9136-4b05-4fdf-b22c-bf58d843a84f,genus,Animalia,t0093039,"",Nematopogon,Nematopogon,學名重複,https://vvtaxatree.tbn.org.tw/taxa/cc4d9136-4b05-4fdf-b22c-bf58d843a84f
4d094a86-7544-4498-8f83-576620ccd5b2,genus,Fungi,t0008495,"",Serpula,Serpula,學名重複,https://vvtaxatree.tbn.org.tw/taxa/4d094a86-7544-4498-8f83-576620ccd5b2
f28abec8-e3e7-4da9-8ee5-b869a445d597,genus,Animalia,t0026129,"",Manulea,Manulea,學名重複,https://vvtaxatree.tbn.org.tw/taxa/f28abec8-e3e7-4da9-8ee5-b869a445d597
2892f3ca-35f9-4b07-b812-87241d263efb,genus,Plantae,"","",Anisophyllum,Anisophyllum,學名重複,https://vvtaxatree.tbn.org.tw/taxa/2892f3ca-35f9-4b07-b812-87241d263efb
aeadab76-407e-478b-906d-a012472b1f0f,genus,Plantae,"","",Anisophyllum,Anisophyllum,學名重複,https://vvtaxatree.tbn.org.tw/taxa/aeadab76-407e-478b-906d-a012472b1f0f
2a2cc404-1f35-4695-891e-e95cc6316897,genus,Plantae,"","",Dasypogon,Dasypogon,學名重複,https://vvtaxatree.tbn.org.tw/taxa/2a2cc404-1f35-4695-891e-e95cc6316897
47011ba1-a5ba-4aa0-937e-caf42b93cc20,species,Animalia,"","",Euplectes afer,Euplectes afer,學名重複,https://vvtaxatree.tbn.org.tw/taxa/47011ba1-a5ba-4aa0-937e-caf42b93cc20
97a584e6-1689-45ee-a654-5dc2624f3143,genus,Animalia,"","",Stizoptera,Stizoptera,學名重複,https://vvtaxatree.tbn.org.tw/taxa/97a584e6-1689-45ee-a654-5dc2624f3143
8d3b0f6d-7b24-4e98-bd0c-dc51897a7587,species,Animalia,"","",Stizoptera bichenovii,Stizoptera bichenovii,學名重複,https://vvtaxatree.tbn.org.tw/taxa/8d3b0f6d-7b24-4e98-bd0c-dc51897a7587
58b25f68-0a3d-43a8-a3f0-1e1125dcfa45,genus,Animalia,"","",Graptemys,Graptemys,學名重複,https://vvtaxatree.tbn.org.tw/taxa/58b25f68-0a3d-43a8-a3f0-1e1125dcfa45
e6ed5b5d-64c0-41f6-b7d9-2142899acee4,species,Animalia,"","",Graptemys ouachitensis,Graptemys ouachitensis,學名重複,https://vvtaxatree.tbn.org.tw/taxa/e6ed5b5d-64c0-41f6-b7d9-2142899acee4
1518164a-5075-497d-9238-68b0a7e77305,genus,Animalia,t0016854,"",Stilbum,Stilbum,學名重複,https://vvtaxatree.tbn.org.tw/taxa/1518164a-5075-497d-9238-68b0a7e77305
4cc3107e-19c0-4bd0-97ae-062cf25b1d33,species,Animalia,t0096500,"",Mythimna wulinensis,Mythimna wulinensis,學名重複,https://vvtaxatree.tbn.org.tw/taxa/4cc3107e-19c0-4bd0-97ae-062cf25b1d33
840457c7-8535-4686-b5ff-f1107f10524b,genus,Plantae,"","",Limonia,Limonia,學名重複,https://vvtaxatree.tbn.org.tw/taxa/840457c7-8535-4686-b5ff-f1107f10524b
5fba6b6e-347d-4dc2-83e1-41c91883cbe3,genus,Plantae,"","",Anisoptera,Anisoptera,學名重複,https://vvtaxatree.tbn.org.tw/taxa/5fba6b6e-347d-4dc2-83e1-41c91883cbe3
92782833-2608-45f7-ba0c-27727cb8ba77,phylum,Animalia,t0000105,"",Ctenophora,Ctenophora,學名重複,https://vvtaxatree.tbn.org.tw/taxa/92782833-2608-45f7-ba0c-27727cb8ba77
9a1a4b4a-3bb2-4466-86de-e315e609af37,phylum,Animalia,t0000114,"",Micrognathozoa,Micrognathozoa,學名重複,https://vvtaxatree.tbn.org.tw/taxa/9a1a4b4a-3bb2-4466-86de-e315e609af37
5c0e913e-08b2-4ab3-b5a9-066512a9970f,phylum,Animalia,t0000122,"",Placozoa,Placozoa,學名重複,https://vvtaxatree.tbn.org.tw/taxa/5c0e913e-08b2-4ab3-b5a9-066512a9970f
d44245c6-38bb-460d-98f8-98eacd8395dc,subphylum,Animalia,t0000175,"",Anthozoa,Anthozoa,學名重複,https://vvtaxatree.tbn.org.tw/taxa/d44245c6-38bb-460d-98f8-98eacd8395dc
ea80daeb-8586-47b6-9f06-ffe72c2932c7,superclass,Animalia,t0000203,"",Actinopterygii,Actinopterygii,學名重複,https://vvtaxatree.tbn.org.tw/taxa/ea80daeb-8586-47b6-9f06-ffe72c2932c7
3b467574-1b6f-40c1-a951-d221f3d1bfff,superclass,Animalia,t0000204,"",Chondrichthyes,Chondrichthyes,學名重複,https://vvtaxatree.tbn.org.tw/taxa/3b467574-1b6f-40c1-a951-d221f3d1bfff
b931216a-3026-4946-b40c-b9806510d0e2,superclass,Animalia,t0103169,"",Branchiopoda,Branchiopoda,學名重複,https://vvtaxatree.tbn.org.tw/taxa/b931216a-3026-4946-b40c-b9806510d0e2
099aee59-9fa7-415c-84d7-7e107571280d,class,Animalia,t0000466,"",Anthozoa,Anthozoa,學名重複,https://vvtaxatree.tbn.org.tw/taxa/099aee59-9fa7-415c-84d7-7e107571280d
f0c21848-71c3-40d1-a7c0-38291ec505ec,class,Animalia,t0000480,"",Chondrostei,Chondrostei,學名重複,https://vvtaxatree.tbn.org.tw/taxa/f0c21848-71c3-40d1-a7c0-38291ec505ec
2c437115-8475-47e1-a38a-a74b45a26dca,class,Animalia,t0000508,"",Holostei,Holostei,學名重複,https://vvtaxatree.tbn.org.tw/taxa/2c437115-8475-47e1-a38a-a74b45a26dca
c8f13e42-9a72-4cd9-8a88-015289ba1524,class,Animalia,t0000520,"",Micrognathozoa,Micrognathozoa,學名重複,https://vvtaxatree.tbn.org.tw/taxa/c8f13e42-9a72-4cd9-8a88-015289ba1524
b34b81a9-249c-489c-9da1-6d5e9766a190,class,Animalia,t0000535,"",Placozoa,Placozoa,學名重複,https://vvtaxatree.tbn.org.tw/taxa/b34b81a9-249c-489c-9da1-6d5e9766a190
c80f0f35-4487-4123-bd03-5d40108ff37d,class,Animalia,t0000541,"",Protura,Protura,學名重複,https://vvtaxatree.tbn.org.tw/taxa/c80f0f35-4487-4123-bd03-5d40108ff37d
842ddb42-4654-4c57-851b-d6694ce2be31,subclass,Animalia,t0000648,"",Archaeognatha,Archaeognatha,學名重複,https://vvtaxatree.tbn.org.tw/taxa/842ddb42-4654-4c57-851b-d6694ce2be31
d55d85e8-e9e7-4d12-b21f-ecf299fa90be,subclass,Animalia,t0000652,"",Branchiura,Branchiura,學名重複,https://vvtaxatree.tbn.org.tw/taxa/d55d85e8-e9e7-4d12-b21f-ecf299fa90be
b544caf9-bb6b-4c97-8211-3aac39593715,subclass,Animalia,t0000694,"",Squamata,Squamata,學名重複,https://vvtaxatree.tbn.org.tw/taxa/b544caf9-bb6b-4c97-8211-3aac39593715
1b35ddd4-c674-43cb-a458-9b5d12e25176,subclass,Animalia,t0102873,"",Chondrostei,Chondrostei,學名重複,https://vvtaxatree.tbn.org.tw/taxa/1b35ddd4-c674-43cb-a458-9b5d12e25176
6f60f7d1-b3a8-4875-bb84-ed02b9ac9814,subclass,Animalia,t0125063,"",Pteriomorphia,Pteriomorphia,學名重複,https://vvtaxatree.tbn.org.tw/taxa/6f60f7d1-b3a8-4875-bb84-ed02b9ac9814
ef3509e7-72e2-4b02-8e38-8a0e1362a319,subclass,Animalia,t0125067,"",Vetigastropoda,Vetigastropoda,學名重複,https://vvtaxatree.tbn.org.tw/taxa/ef3509e7-72e2-4b02-8e38-8a0e1362a319
7ace2c07-874c-4b63-8ac5-8e6f1ab30334,infraclass,Animalia,t0000707,"",Cestoda,Cestoda,學名重複,https://vvtaxatree.tbn.org.tw/taxa/7ace2c07-874c-4b63-8ac5-8e6f1ab30334
7e453f83-7444-43d3-a045-3ec89ea472e3,infraclass,Animalia,t0102877,"",Holostei,Holostei,學名重複,https://vvtaxatree.tbn.org.tw/taxa/7e453f83-7444-43d3-a045-3ec89ea472e3
8ffe0798-3ea1-4640-9a21-0937d091abe6,infraclass,Animalia,t0134737,"",Scolecida,Scolecida,學名重複,https://vvtaxatree.tbn.org.tw/taxa/8ffe0798-3ea1-4640-9a21-0937d091abe6
7073fced-85ae-40ea-8301-6c1bcc61c140,superorder,Animalia,t0000770,"",Pteriomorphia,Pteriomorphia,學名重複,https://vvtaxatree.tbn.org.tw/taxa/7073fced-85ae-40ea-8301-6c1bcc61c140
a969768e-4269-4937-9e7a-f28d7c47b6ad,superorder,Animalia,t0101453,"",Hygrophila,Hygrophila,學名重複,https://vvtaxatree.tbn.org.tw/taxa/a969768e-4269-4937-9e7a-f28d7c47b6ad
56c5de9e-c280-4a91-8ca1-b40fa33ffb3d,order,Animalia,t0001699,"",Archaeognatha,Archaeognatha,學名重複,https://vvtaxatree.tbn.org.tw/taxa/56c5de9e-c280-4a91-8ca1-b40fa33ffb3d
545a8cb2-a1e1-489b-bfcc-2ecf1e5d37c0,order,Animalia,t0002948,"",Collembola,Collembola,學名重複,https://vvtaxatree.tbn.org.tw/taxa/545a8cb2-a1e1-489b-bfcc-2ecf1e5d37c0
ec5bdc2b-e4f2-462b-a7d1-443e0c40f9b8,suborder,Animalia,t0124905,"",Anisoptera,Anisoptera,學名重複,https://vvtaxatree.tbn.org.tw/taxa/ec5bdc2b-e4f2-462b-a7d1-443e0c40f9b8
3909b82d-a281-4143-b926-da12a48faefe,suborder,Animalia,t0124915,"",Polyphaga,Polyphaga,學名重複,https://vvtaxatree.tbn.org.tw/taxa/3909b82d-a281-4143-b926-da12a48faefe
e8898c65-80a7-4f56-ac5b-99191bddbda7,suborder,Animalia,t0136371,"",Yangochiroptera,Yangochiroptera,學名重複,https://vvtaxatree.tbn.org.tw/taxa/e8898c65-80a7-4f56-ac5b-99191bddbda7
75d24e1e-9d0f-4a31-85f8-369ec41f8989,suborder,Animalia,t0136372,"",Yinpterochiroptera,Yinpterochiroptera,學名重複,https://vvtaxatree.tbn.org.tw/taxa/75d24e1e-9d0f-4a31-85f8-369ec41f8989
8978bb7a-4bb9-4af7-bd5e-af48138f77bf,family,Animalia,t0136283,"",Chloropseidae,Chloropseidae,學名重複,https://vvtaxatree.tbn.org.tw/taxa/8978bb7a-4bb9-4af7-bd5e-af48138f77bf
6190fabf-594d-4785-a3a2-47c796c53d1a,family,Animalia,t0136285,"",Cybaeidae,Cybaeidae,學名重複,https://vvtaxatree.tbn.org.tw/taxa/6190fabf-594d-4785-a3a2-47c796c53d1a
50878374-8f35-463c-9799-03c1153e8f41,family,Animalia,t0136286,"",Erinaceidae,Erinaceidae,學名重複,https://vvtaxatree.tbn.org.tw/taxa/50878374-8f35-463c-9799-03c1153e8f41
a0f2327c-81f1-41fe-bbb4-49a06ed55422,family,Animalia,t0136288,"",Numididae,Numididae,學名重複,https://vvtaxatree.tbn.org.tw/taxa/a0f2327c-81f1-41fe-bbb4-49a06ed55422
66043db0-9c78-4e2c-b201-c31e264f7696,family,Animalia,t0136289,"",Petauridae,Petauridae,學名重複,https://vvtaxatree.tbn.org.tw/taxa/66043db0-9c78-4e2c-b201-c31e264f7696
328d81e0-c1df-411e-9ca5-bcfb06834800,family,Animalia,t0136290,"",Procyonidae,Procyonidae,學名重複,https://vvtaxatree.tbn.org.tw/taxa/328d81e0-c1df-411e-9ca5-bcfb06834800
546fe6f2-d332-4327-82fa-08c5118f238c,family,Animalia,t0136291,"",Prodidomidae,Prodidomidae,學名重複,https://vvtaxatree.tbn.org.tw/taxa/546fe6f2-d332-4327-82fa-08c5118f238c
3abccbd2-abdc-4ace-8bb5-4a0f38384835,genus,Animalia,t0010460,"",Asterina,Asterina,學名重複,https://vvtaxatree.tbn.org.tw/taxa/3abccbd2-abdc-4ace-8bb5-4a0f38384835
39b064bc-157d-4ca4-bfbe-e38e1518e960,genus,Animalia,t0012182,"",Colus,Colus,學名重複,https://vvtaxatree.tbn.org.tw/taxa/39b064bc-157d-4ca4-bfbe-e38e1518e960
32203b24-f3ef-4cf9-97a0-df8f4ca3cac9,genus,Animalia,t0012735,"",Nais,Nais,學名重複,https://vvtaxatree.tbn.org.tw/taxa/32203b24-f3ef-4cf9-97a0-df8f4ca3cac9
c3f00626-a104-4bcd-8709-a8e77590e7e3,genus,Animalia,t0013719,"",Oxyporus,Oxyporus,學名重複,https://vvtaxatree.tbn.org.tw/taxa/c3f00626-a104-4bcd-8709-a8e77590e7e3
065c0582-8997-43ba-b758-5f1e4b1e96ba,genus,Animalia,t0014720,"",Pilophorus,Pilophorus,學名重複,https://vvtaxatree.tbn.org.tw/taxa/065c0582-8997-43ba-b758-5f1e4b1e96ba
ecdeab8b-5cef-4a65-892a-0afd3b666043,genus,Animalia,t0017679,"",Trichia,Trichia,學名重複,https://vvtaxatree.tbn.org.tw/taxa/ecdeab8b-5cef-4a65-892a-0afd3b666043
a666fb7a-efe4-4449-9b9c-f2959a3bcd2b,genus,Animalia,t0017876,"",Turbinaria,Turbinaria,學名重複,https://vvtaxatree.tbn.org.tw/taxa/a666fb7a-efe4-4449-9b9c-f2959a3bcd2b
72d4d29d-c6fb-499a-b5c4-cd1025fc049d,genus,Animalia,t0018052,"",Venturia,Venturia,學名重複,https://vvtaxatree.tbn.org.tw/taxa/72d4d29d-c6fb-499a-b5c4-cd1025fc049d
7ed511d5-c34e-49ea-8a0c-806667fa76af,genus,Animalia,t0018664,"",Dictyonella,Dictyonella,學名重複,https://vvtaxatree.tbn.org.tw/taxa/7ed511d5-c34e-49ea-8a0c-806667fa76af
f4af978d-69c1-4384-853b-28bf888595ae,genus,Animalia,t0019930,"",Fulvia,Fulvia,學名重複,https://vvtaxatree.tbn.org.tw/taxa/f4af978d-69c1-4384-853b-28bf888595ae
800c204b-7094-422c-8168-05e97c878dcd,genus,Animalia,t0020160,"",Glyphis,Glyphis,學名重複,https://vvtaxatree.tbn.org.tw/taxa/800c204b-7094-422c-8168-05e97c878dcd
ac030767-0497-46b0-abf4-e4a4ec33f6d1,genus,Animalia,t0020683,"",Hexagonia,Hexagonia,學名重複,https://vvtaxatree.tbn.org.tw/taxa/ac030767-0497-46b0-abf4-e4a4ec33f6d1
16cb3001-ad2d-40fa-9580-a319b4ad673e,genus,Animalia,t0022776,"",Microporus,Microporus,學名重複,https://vvtaxatree.tbn.org.tw/taxa/16cb3001-ad2d-40fa-9580-a319b4ad673e
db4fc3c9-f7f4-4871-8836-7aa91a18dc66,genus,Animalia,t0026255,"",Serpula,Serpula,學名重複,https://vvtaxatree.tbn.org.tw/taxa/db4fc3c9-f7f4-4871-8836-7aa91a18dc66
b1966430-6803-4c3a-978e-c4286325796a,genus,Animalia,t0092024,"",Trichurus,Trichurus,學名重複,https://vvtaxatree.tbn.org.tw/taxa/b1966430-6803-4c3a-978e-c4286325796a
79539e0c-b691-4b96-b6a7-84c14a97b06b,genus,Animalia,t0092668,"",Ismene,Ismene,學名重複,https://vvtaxatree.tbn.org.tw/taxa/79539e0c-b691-4b96-b6a7-84c14a97b06b
cb60e5fd-9dab-4124-9df8-14a32db07df5,genus,Animalia,t0092895,"",Maxillaria,Maxillaria,學名重複,https://vvtaxatree.tbn.org.tw/taxa/cb60e5fd-9dab-4124-9df8-14a32db07df5
c5d74e38-cd53-4fec-bc68-0feb3f9e5e1b,genus,Animalia,t0093102,"",Nyssa,Nyssa,學名重複,https://vvtaxatree.tbn.org.tw/taxa/c5d74e38-cd53-4fec-bc68-0feb3f9e5e1b
7f0a72db-29ac-4d1b-a6b7-860aa3152aa4,genus,Animalia,t0093124,"",Olfersia,Olfersia,學名重複,https://vvtaxatree.tbn.org.tw/taxa/7f0a72db-29ac-4d1b-a6b7-860aa3152aa4
84ca8aa4-aa25-47ca-84b6-73c12f80a464,genus,Animalia,t0093938,"",Blatta,Blatta,學名重複,https://vvtaxatree.tbn.org.tw/taxa/84ca8aa4-aa25-47ca-84b6-73c12f80a464
3b5f4484-43ed-4374-9069-7876562dc0ac,genus,Animalia,t0094317,"",Dasypogon,Dasypogon,學名重複,https://vvtaxatree.tbn.org.tw/taxa/3b5f4484-43ed-4374-9069-7876562dc0ac
7e307da5-c049-4816-bff0-9fbd14c70e94,genus,Animalia,t0094931,"",Actinocyclus,Actinocyclus,學名重複,https://vvtaxatree.tbn.org.tw/taxa/7e307da5-c049-4816-bff0-9fbd14c70e94
eeea1f9e-37a3-42e9-8bdc-c19a329b9a99,genus,Animalia,t0101219,"",Blatta,Blatta,學名重複,https://vvtaxatree.tbn.org.tw/taxa/eeea1f9e-37a3-42e9-8bdc-c19a329b9a99
bb78d46a-8ff5-46d8-9dab-3e93c467b64a,genus,Animalia,t0101755,"",Polyphaga,Polyphaga,學名重複,https://vvtaxatree.tbn.org.tw/taxa/bb78d46a-8ff5-46d8-9dab-3e93c467b64a
7c0850b3-9a4b-40d5-ab6e-fc5eb147da46,genus,Animalia,t0107300,"",Abronia,Abronia,學名重複,https://vvtaxatree.tbn.org.tw/taxa/7c0850b3-9a4b-40d5-ab6e-fc5eb147da46
17b134c8-15ec-4ce9-9e81-ae93123177c7,genus,Animalia,t0122235,"",Dracaena,Dracaena,學名重複,https://vvtaxatree.tbn.org.tw/taxa/17b134c8-15ec-4ce9-9e81-ae93123177c7
98402fbb-ec41-4208-bec8-61931b084222,genus,Animalia,t0122538,"",Quadrula,Quadrula,學名重複,https://vvtaxatree.tbn.org.tw/taxa/98402fbb-ec41-4208-bec8-61931b084222
4804909f-20eb-4c1c-907f-9a7ed6327d38,genus,Animalia,t0128311,"",Clusia,Clusia,學名重複,https://vvtaxatree.tbn.org.tw/taxa/4804909f-20eb-4c1c-907f-9a7ed6327d38
eb47c764-7909-4ef2-8293-abc1db3535f4,genus,Animalia,t0136275,"",Pyrrhocorax,Pyrrhocorax,學名重複,https://vvtaxatree.tbn.org.tw/taxa/eb47c764-7909-4ef2-8293-abc1db3535f4
dc740a2f-48e4-42cb-8969-0cd7db65b750,genus,Animalia,t0136292,"",Alle,Alle,學名重複,https://vvtaxatree.tbn.org.tw/taxa/dc740a2f-48e4-42cb-8969-0cd7db65b750
45315195-73db-4e35-bb7d-4effd5c60ed7,genus,Animalia,t0136293,"",Asthenognathus,Asthenognathus,學名重複,https://vvtaxatree.tbn.org.tw/taxa/45315195-73db-4e35-bb7d-4effd5c60ed7
45831e9d-9b43-457b-a700-72f06de2cd48,genus,Animalia,t0136294,"",Atelerix,Atelerix,學名重複,https://vvtaxatree.tbn.org.tw/taxa/45831e9d-9b43-457b-a700-72f06de2cd48
de6b3755-fabb-4455-b8e3-ed7c52121f1d,genus,Animalia,t0136295,"",Atrachya,Atrachya,學名重複,https://vvtaxatree.tbn.org.tw/taxa/de6b3755-fabb-4455-b8e3-ed7c52121f1d
46e414d7-a4ff-45d2-9614-77d25be0f1a9,genus,Animalia,t0136296,"",Borboropactus,Borboropactus,學名重複,https://vvtaxatree.tbn.org.tw/taxa/46e414d7-a4ff-45d2-9614-77d25be0f1a9
d2a21b82-2f5d-4939-88c1-734dedc6d2d4,genus,Animalia,t0136297,"",Callonetta,Callonetta,學名重複,https://vvtaxatree.tbn.org.tw/taxa/d2a21b82-2f5d-4939-88c1-734dedc6d2d4
90f16f69-d607-4946-9d12-977933c584e6,genus,Animalia,t0136298,"",Centrochelys,Centrochelys,學名重複,https://vvtaxatree.tbn.org.tw/taxa/90f16f69-d607-4946-9d12-977933c584e6
64051302-e8fc-4f20-990c-834579ef5ba6,genus,Animalia,t0136299,"",Cicurina,Cicurina,學名重複,https://vvtaxatree.tbn.org.tw/taxa/64051302-e8fc-4f20-990c-834579ef5ba6
55ad1a96-d7fa-485b-9ea3-38c3d5b6bff7,genus,Animalia,t0136300,"",Cybaeus,Cybaeus,學名重複,https://vvtaxatree.tbn.org.tw/taxa/55ad1a96-d7fa-485b-9ea3-38c3d5b6bff7
25a45f55-fbeb-4895-805e-0c1ec4d206c1,genus,Animalia,t0136301,"",Dacelo,Dacelo,學名重複,https://vvtaxatree.tbn.org.tw/taxa/25a45f55-fbeb-4895-805e-0c1ec4d206c1
f6fcad68-8f57-43aa-b8ec-c7ea91434ff7,genus,Animalia,t0136302,"",Diopsittaca,Diopsittaca,學名重複,https://vvtaxatree.tbn.org.tw/taxa/f6fcad68-8f57-43aa-b8ec-c7ea91434ff7
1fb3736b-c5db-4ad7-bf56-a4de1d599b82,genus,Animalia,t0136303,"",Eclectus,Eclectus,學名重複,https://vvtaxatree.tbn.org.tw/taxa/1fb3736b-c5db-4ad7-bf56-a4de1d599b82
d98f1651-e238-4a4e-a717-c36eea5b17aa,genus,Animalia,t0136304,"",Epidius,Epidius,學名重複,https://vvtaxatree.tbn.org.tw/taxa/d98f1651-e238-4a4e-a717-c36eea5b17aa
d30f274d-7c7c-44da-99d7-4b6713cad8b1,genus,Animalia,t0136305,"",Euplectes,Euplectes,學名重複,https://vvtaxatree.tbn.org.tw/taxa/d30f274d-7c7c-44da-99d7-4b6713cad8b1
9551f6be-69e9-4b23-86c8-ded5f5b8d429,genus,Animalia,t0136306,"",Genusa,Genusa,學名重複,https://vvtaxatree.tbn.org.tw/taxa/9551f6be-69e9-4b23-86c8-ded5f5b8d429
9a4c7dc1-3664-48dc-9d77-754bfc42a78d,genus,Animalia,t0136307,"",Graptemys,Graptemys,學名重複,https://vvtaxatree.tbn.org.tw/taxa/9a4c7dc1-3664-48dc-9d77-754bfc42a78d
3937cf3e-95ec-431b-96ef-0b9f21e68908,genus,Animalia,t0136308,"",Itatsina,Itatsina,學名重複,https://vvtaxatree.tbn.org.tw/taxa/3937cf3e-95ec-431b-96ef-0b9f21e68908
a766f6d4-f0cd-448c-a3ed-a6e6b6360305,genus,Animalia,t0136309,"",Lepthyphantes,Lepthyphantes,學名重複,https://vvtaxatree.tbn.org.tw/taxa/a766f6d4-f0cd-448c-a3ed-a6e6b6360305
a8fe4131-56f5-4219-9882-f1e6229b3522,genus,Animalia,t0136310,"",Meleagris,Meleagris,學名重複,https://vvtaxatree.tbn.org.tw/taxa/a8fe4131-56f5-4219-9882-f1e6229b3522
982789c5-8ad0-4477-99d0-cefd4b713637,genus,Animalia,t0136311,"",Myiopsitta,Myiopsitta,學名重複,https://vvtaxatree.tbn.org.tw/taxa/982789c5-8ad0-4477-99d0-cefd4b713637
d2f96388-fb21-4a0f-84cb-cbdfd31171d2,genus,Animalia,t0136312,"",Numida,Numida,學名重複,https://vvtaxatree.tbn.org.tw/taxa/d2f96388-fb21-4a0f-84cb-cbdfd31171d2
ec0db86a-a033-44ac-9578-53f350904c66,genus,Animalia,t0136313,"",Ovalisia,Ovalisia,學名重複,https://vvtaxatree.tbn.org.tw/taxa/ec0db86a-a033-44ac-9578-53f350904c66
ceae8e73-b57a-495c-9f48-5bfb61dd27af,genus,Animalia,t0136314,"",Parabuteo,Parabuteo,學名重複,https://vvtaxatree.tbn.org.tw/taxa/ceae8e73-b57a-495c-9f48-5bfb61dd27af
51c456c6-2bd8-4819-b473-c27a7e98ff7a,genus,Animalia,t0136315,"",Parazygiella,Parazygiella,學名重複,https://vvtaxatree.tbn.org.tw/taxa/51c456c6-2bd8-4819-b473-c27a7e98ff7a
868b9d4c-c916-40df-b7ce-321d6b3cf218,genus,Animalia,t0136316,"",Perisesarma,Perisesarma,學名重複,https://vvtaxatree.tbn.org.tw/taxa/868b9d4c-c916-40df-b7ce-321d6b3cf218
e2bd8a4b-a326-45d0-ae2b-5fdd1c339d92,genus,Animalia,t0136317,"",Petaurus,Petaurus,學名重複,https://vvtaxatree.tbn.org.tw/taxa/e2bd8a4b-a326-45d0-ae2b-5fdd1c339d92
c2acbba5-2daf-4827-a79f-579d23a386e4,genus,Animalia,t0136318,"",Phaeacius,Phaeacius,學名重複,https://vvtaxatree.tbn.org.tw/taxa/c2acbba5-2daf-4827-a79f-579d23a386e4
42f38d52-978a-454b-ac31-c4d3ef41a175,genus,Animalia,t0136319,"",Pharta,Pharta,學名重複,https://vvtaxatree.tbn.org.tw/taxa/42f38d52-978a-454b-ac31-c4d3ef41a175
05230a0a-81d2-4e79-932b-f83b590e2718,genus,Animalia,t0136320,"",Procyon,Procyon,學名重複,https://vvtaxatree.tbn.org.tw/taxa/05230a0a-81d2-4e79-932b-f83b590e2718
bd18cbb0-bdae-4814-8e01-08de5dc68a3d,genus,Animalia,t0136321,"",Pseudicius,Pseudicius,學名重複,https://vvtaxatree.tbn.org.tw/taxa/bd18cbb0-bdae-4814-8e01-08de5dc68a3d
2e3874ab-6075-485c-b170-c5dcc8ac02b8,genus,Animalia,t0136322,"",Psittacara,Psittacara,學名重複,https://vvtaxatree.tbn.org.tw/taxa/2e3874ab-6075-485c-b170-c5dcc8ac02b8
51851403-b6f8-49e2-8c9b-65b5b2069772,genus,Animalia,t0136323,"",Ranilia,Ranilia,學名重複,https://vvtaxatree.tbn.org.tw/taxa/51851403-b6f8-49e2-8c9b-65b5b2069772
c6d470fc-8f9f-475d-8b7f-3044dc5138f6,genus,Animalia,t0136324,"",Rondonia,Rondonia,學名重複,https://vvtaxatree.tbn.org.tw/taxa/c6d470fc-8f9f-475d-8b7f-3044dc5138f6
7ba81638-9022-4b38-8bac-9311c1a2b3f7,genus,Animalia,t0136325,"",Scolymia,Scolymia,學名重複,https://vvtaxatree.tbn.org.tw/taxa/7ba81638-9022-4b38-8bac-9311c1a2b3f7
d4842eb3-09f7-4ed8-9409-aa0c5382ff0d,genus,Animalia,t0136326,"",Simaetha,Simaetha,學名重複,https://vvtaxatree.tbn.org.tw/taxa/d4842eb3-09f7-4ed8-9409-aa0c5382ff0d
1002a108-0287-411e-a0af-ce54083a1a72,genus,Animalia,t0136327,"",Stizoptera,Stizoptera,學名重複,https://vvtaxatree.tbn.org.tw/taxa/1002a108-0287-411e-a0af-ce54083a1a72
86545ddf-400d-42cf-aa59-c9772d713b2c,genus,Animalia,t0136328,"",Strigoplus,Strigoplus,學名重複,https://vvtaxatree.tbn.org.tw/taxa/86545ddf-400d-42cf-aa59-c9772d713b2c
0bcff838-bb5c-4dae-b099-d6e0e9a7db2f,genus,Animalia,t0136329,"",Trachelas,Trachelas,學名重複,https://vvtaxatree.tbn.org.tw/taxa/0bcff838-bb5c-4dae-b099-d6e0e9a7db2f
f1d7ab34-662e-47b9-8159-21421633d530,genus,Animalia,t0136330,"",Tropidoclonion,Tropidoclonion,學名重複,https://vvtaxatree.tbn.org.tw/taxa/f1d7ab34-662e-47b9-8159-21421633d530
2552af61-77f4-436b-a8ef-267ba9e77876,species,Animalia,t0077550,"",Caryophyllia hawaiiensis,Caryophyllia hawaiiensis,學名重複,https://vvtaxatree.tbn.org.tw/taxa/2552af61-77f4-436b-a8ef-267ba9e77876
f67fcac9-e8f2-4860-b1aa-c3daeb93c545,species,Animalia,t0096019,"",Laterialis oculatus,Laterialis oculatus,學名重複,https://vvtaxatree.tbn.org.tw/taxa/f67fcac9-e8f2-4860-b1aa-c3daeb93c545
7e04f9c7-44bd-424f-9fe7-9de332140009,species,Animalia,t0096030,"",Lema concinnipennis,Lema concinnipennis,學名重複,https://vvtaxatree.tbn.org.tw/taxa/7e04f9c7-44bd-424f-9fe7-9de332140009
805daa53-6413-4d9b-9062-ecb463424303,species,Animalia,t0096031,"",Lema coronata,Lema coronata,學名重複,https://vvtaxatree.tbn.org.tw/taxa/805daa53-6413-4d9b-9062-ecb463424303
6c7d4510-0be8-4fe9-8bad-a5e5a6171746,species,Animalia,t0096032,"",Lema fortunei,Lema fortunei,學名重複,https://vvtaxatree.tbn.org.tw/taxa/6c7d4510-0be8-4fe9-8bad-a5e5a6171746
49391cbc-5766-4ff3-9d81-8e30dccb637a,species,Animalia,t0096033,"",Lema honorata,Lema honorata,學名重複,https://vvtaxatree.tbn.org.tw/taxa/49391cbc-5766-4ff3-9d81-8e30dccb637a
ee575cdd-e3c2-4ff7-be71-91d986856922,species,Animalia,t0096038,"",Lencophenga ornata,Lencophenga ornata,學名重複,https://vvtaxatree.tbn.org.tw/taxa/ee575cdd-e3c2-4ff7-be71-91d986856922
44bcda4e-a519-48a3-bece-b8963ccabb3d,species,Animalia,t0096093,"",Limnophila excelsa,Limnophila excelsa,學名重複,https://vvtaxatree.tbn.org.tw/taxa/44bcda4e-a519-48a3-bece-b8963ccabb3d
358312dd-dc87-4cb9-baeb-96bfc62ea9f7,species,Animalia,t0096094,"",Limnophila ferocia,Limnophila ferocia,學名重複,https://vvtaxatree.tbn.org.tw/taxa/358312dd-dc87-4cb9-baeb-96bfc62ea9f7
94c5a6c7-9469-4501-aa06-2bedd33a65f7,species,Animalia,t0096095,"",Limnophila platystyla,Limnophila platystyla,學名重複,https://vvtaxatree.tbn.org.tw/taxa/94c5a6c7-9469-4501-aa06-2bedd33a65f7
a40fb197-ea5c-4f94-a860-3d1c2ea80936,species,Animalia,t0096096,"",Limnophila rantaizana,Limnophila rantaizana,學名重複,https://vvtaxatree.tbn.org.tw/taxa/a40fb197-ea5c-4f94-a860-3d1c2ea80936
ea5d9ffc-60f0-4e22-9b0b-b6b1953598f7,species,Animalia,t0096097,"",Limnophila inaequalis,Limnophila inaequalis,學名重複,https://vvtaxatree.tbn.org.tw/taxa/ea5d9ffc-60f0-4e22-9b0b-b6b1953598f7
906b1541-5696-498d-af35-778a74108226,species,Animalia,t0096098,"",Limnophila nesonemoralis,Limnophila nesonemoralis,學名重複,https://vvtaxatree.tbn.org.tw/taxa/906b1541-5696-498d-af35-778a74108226
657dd391-0857-4e3f-a52e-a8e53525c6d6,species,Animalia,t0096099,"",Limnophila dorsolineata,Limnophila dorsolineata,學名重複,https://vvtaxatree.tbn.org.tw/taxa/657dd391-0857-4e3f-a52e-a8e53525c6d6
d4374c37-e691-4d18-96e2-f05bb0a2b4ac,species,Animalia,t0096100,"",Limnophila formosa,Limnophila formosa,學名重複,https://vvtaxatree.tbn.org.tw/taxa/d4374c37-e691-4d18-96e2-f05bb0a2b4ac
b4019df6-8ec8-4b9e-a7b2-cafe71cd0b3e,species,Animalia,t0096101,"",Limnophila taiwanensis,Limnophila taiwanensis,學名重複,https://vvtaxatree.tbn.org.tw/taxa/b4019df6-8ec8-4b9e-a7b2-cafe71cd0b3e
d52993a5-45c4-40c9-9efa-36a9083bc71b,species,Animalia,t0096102,"",Limnophila harukonis,Limnophila harukonis,學名重複,https://vvtaxatree.tbn.org.tw/taxa/d52993a5-45c4-40c9-9efa-36a9083bc71b
d8fa7902-69ea-491b-9818-5ae3c3d24a64,species,Animalia,t0096103,"",Limnophila oritropha,Limnophila oritropha,學名重複,https://vvtaxatree.tbn.org.tw/taxa/d8fa7902-69ea-491b-9818-5ae3c3d24a64
563aaa80-39ff-4c68-9be3-acf86a6f6696,species,Animalia,t0096104,"",Limnophila serridentata,Limnophila serridentata,學名重複,https://vvtaxatree.tbn.org.tw/taxa/563aaa80-39ff-4c68-9be3-acf86a6f6696
e245bb98-b8c4-4811-8b27-bc016548b4dd,species,Animalia,t0096105,"",Limonia ebriola,Limonia ebriola,學名重複,https://vvtaxatree.tbn.org.tw/taxa/e245bb98-b8c4-4811-8b27-bc016548b4dd
0d8a6a06-232b-4855-b0b2-8cf134f4101c,species,Animalia,t0096106,"",Limonia inscita,Limonia inscita,學名重複,https://vvtaxatree.tbn.org.tw/taxa/0d8a6a06-232b-4855-b0b2-8cf134f4101c
edfe390c-b1ed-4e31-a3cb-24980df0f920,species,Animalia,t0096107,"",Limonia koxinga,Limonia koxinga,學名重複,https://vvtaxatree.tbn.org.tw/taxa/edfe390c-b1ed-4e31-a3cb-24980df0f920
7bfeb2a8-caef-4aba-8080-9d6f6e50df6a,species,Animalia,t0096108,"",Limonia montium,Limonia montium,學名重複,https://vvtaxatree.tbn.org.tw/taxa/7bfeb2a8-caef-4aba-8080-9d6f6e50df6a
5ce92d52-b357-41da-bbd1-d290c76ca2de,species,Animalia,t0096109,"",Limonia subpunctulata,Limonia subpunctulata,學名重複,https://vvtaxatree.tbn.org.tw/taxa/5ce92d52-b357-41da-bbd1-d290c76ca2de
c2c4e805-3a25-45bf-8f93-6b6555bef6d7,species,Animalia,t0096110,"",Limonia tattakae,Limonia tattakae,學名重複,https://vvtaxatree.tbn.org.tw/taxa/c2c4e805-3a25-45bf-8f93-6b6555bef6d7
5d51bb2e-c9ef-4a35-be6d-833b1c61ebdf,species,Animalia,t0096111,"",Limonia tenuicula,Limonia tenuicula,學名重複,https://vvtaxatree.tbn.org.tw/taxa/5d51bb2e-c9ef-4a35-be6d-833b1c61ebdf
fb66711f-c1f9-4459-af85-285c86e14c89,species,Animalia,t0096112,"",Limonia taivanella,Limonia taivanella,學名重複,https://vvtaxatree.tbn.org.tw/taxa/fb66711f-c1f9-4459-af85-285c86e14c89
9b94217b-43ee-45d7-92fc-2846b891ec8a,species,Animalia,t0096113,"",Limonia alpestris,Limonia alpestris,學名重複,https://vvtaxatree.tbn.org.tw/taxa/9b94217b-43ee-45d7-92fc-2846b891ec8a
e716497e-a253-4e6c-be2a-0e548af13834,species,Animalia,t0096114,"",Limonia apicifasciata,Limonia apicifasciata,學名重複,https://vvtaxatree.tbn.org.tw/taxa/e716497e-a253-4e6c-be2a-0e548af13834
a64d3849-5d8e-4f7e-b54e-6d78fca8be29,species,Animalia,t0096115,"",Limonia pictorum,Limonia pictorum,學名重複,https://vvtaxatree.tbn.org.tw/taxa/a64d3849-5d8e-4f7e-b54e-6d78fca8be29
220e0e24-3c99-4a4f-8ae8-40f34b6767a3,species,Animalia,t0096116,"",Limonia unifilosa,Limonia unifilosa,學名重複,https://vvtaxatree.tbn.org.tw/taxa/220e0e24-3c99-4a4f-8ae8-40f34b6767a3
4dd3ee50-4eef-4dc5-bf02-3a5b4f2ede74,species,Animalia,t0096117,"",Limonia clitelligera,Limonia clitelligera,學名重複,https://vvtaxatree.tbn.org.tw/taxa/4dd3ee50-4eef-4dc5-bf02-3a5b4f2ede74
071dd78a-40c1-4635-978d-194aeef363c5,species,Animalia,t0096118,"",Limonia hassenana,Limonia hassenana,學名重複,https://vvtaxatree.tbn.org.tw/taxa/071dd78a-40c1-4635-978d-194aeef363c5
cc2b18e0-384a-4053-9fb9-248d62d7a010,species,Animalia,t0096119,"",Limonia imbellis,Limonia imbellis,學名重複,https://vvtaxatree.tbn.org.tw/taxa/cc2b18e0-384a-4053-9fb9-248d62d7a010
1f69e8b7-0657-47ff-83bf-f87cc9a7d435,species,Animalia,t0096120,"",Limonia immetata,Limonia immetata,學名重複,https://vvtaxatree.tbn.org.tw/taxa/1f69e8b7-0657-47ff-83bf-f87cc9a7d435
170cc1d5-ca8e-4957-bf01-471fd1c9550a,species,Animalia,t0096121,"",Limonia perparvuloides,Limonia perparvuloides,學名重複,https://vvtaxatree.tbn.org.tw/taxa/170cc1d5-ca8e-4957-bf01-471fd1c9550a
06c6f35a-f875-402f-9871-3b2c7f20b61d,species,Animalia,t0096122,"",Limonia comissabunda,Limonia comissabunda,學名重複,https://vvtaxatree.tbn.org.tw/taxa/06c6f35a-f875-402f-9871-3b2c7f20b61d
d1467643-4c8f-46b6-8430-f12fba148ae5,species,Animalia,t0096123,"",Limonia griseola,Limonia griseola,學名重複,https://vvtaxatree.tbn.org.tw/taxa/d1467643-4c8f-46b6-8430-f12fba148ae5
263f5e93-9dd7-4bcc-b420-2329af8c330f,species,Animalia,t0096124,"",Limonia fraudulenta,Limonia fraudulenta,學名重複,https://vvtaxatree.tbn.org.tw/taxa/263f5e93-9dd7-4bcc-b420-2329af8c330f
28cfe165-3d51-47fb-9355-348da873a784,species,Animalia,t0096125,"",Limonia inelegans,Limonia inelegans,學名重複,https://vvtaxatree.tbn.org.tw/taxa/28cfe165-3d51-47fb-9355-348da873a784
1bef0efb-c78e-4239-b636-5ff7680ab636,species,Animalia,t0096126,"",Limonia melas,Limonia melas,學名重複,https://vvtaxatree.tbn.org.tw/taxa/1bef0efb-c78e-4239-b636-5ff7680ab636
102768f2-bb4d-467f-9dbe-0d8474e84ba4,species,Animalia,t0096127,"",Limonia rantaiensis,Limonia rantaiensis,學名重複,https://vvtaxatree.tbn.org.tw/taxa/102768f2-bb4d-467f-9dbe-0d8474e84ba4
839b664e-9c6f-4278-9500-16dfd0838f3a,species,Animalia,t0096128,"",Limonia subhostillis,Limonia subhostillis,學名重複,https://vvtaxatree.tbn.org.tw/taxa/839b664e-9c6f-4278-9500-16dfd0838f3a
6ddc79f2-7805-489e-9fb9-869a000c8312,species,Animalia,t0096129,"",Limonia aurita,Limonia aurita,學名重複,https://vvtaxatree.tbn.org.tw/taxa/6ddc79f2-7805-489e-9fb9-869a000c8312
a0586efb-1c98-4882-aebd-4120f272a6d4,species,Animalia,t0096130,"",Limonia argyrata,Limonia argyrata,學名重複,https://vvtaxatree.tbn.org.tw/taxa/a0586efb-1c98-4882-aebd-4120f272a6d4
6b727440-4a10-4366-9a70-35d31b16af34,species,Animalia,t0096131,"",Limonia atayal,Limonia atayal,學名重複,https://vvtaxatree.tbn.org.tw/taxa/6b727440-4a10-4366-9a70-35d31b16af34
97fa7341-963c-4418-a52c-38163a2c1548,species,Animalia,t0096132,"",Limonia remissa,Limonia remissa,學名重複,https://vvtaxatree.tbn.org.tw/taxa/97fa7341-963c-4418-a52c-38163a2c1548
4d68c29c-3f0f-4bc7-8e77-6f93587b11a1,species,Animalia,t0096133,"",Limonia dimelania,Limonia dimelania,學名重複,https://vvtaxatree.tbn.org.tw/taxa/4d68c29c-3f0f-4bc7-8e77-6f93587b11a1
726dc360-7b58-44c6-80ad-45f7c3418189,species,Animalia,t0096134,"",Limonia monocycla,Limonia monocycla,學名重複,https://vvtaxatree.tbn.org.tw/taxa/726dc360-7b58-44c6-80ad-45f7c3418189
66520830-9fc3-4a54-9515-759f1d479862,species,Animalia,t0096135,"",Limonia unisetosa,Limonia unisetosa,學名重複,https://vvtaxatree.tbn.org.tw/taxa/66520830-9fc3-4a54-9515-759f1d479862
dbfb93d5-6b5c-4438-aa3b-ed204a459486,species,Animalia,t0096152,"",Lissodema uenoi,Lissodema uenoi,學名重複,https://vvtaxatree.tbn.org.tw/taxa/dbfb93d5-6b5c-4438-aa3b-ed204a459486
bd38d65c-6d07-498b-864d-c65e043728b3,species,Animalia,t0096246,"",Lyponia kleinei,Lyponia kleinei,學名重複,https://vvtaxatree.tbn.org.tw/taxa/bd38d65c-6d07-498b-864d-c65e043728b3
36d8f558-8c5b-4f59-af96-97b05868844c,species,Animalia,t0096247,"",Lyponia palpalis,Lyponia palpalis,學名重複,https://vvtaxatree.tbn.org.tw/taxa/36d8f558-8c5b-4f59-af96-97b05868844c
2b6204d2-4cee-46c9-8c85-4fb7609ce4f7,species,Animalia,t0096272,"",Malthinus fenchihuensis,Malthinus fenchihuensis,學名重複,https://vvtaxatree.tbn.org.tw/taxa/2b6204d2-4cee-46c9-8c85-4fb7609ce4f7
38e9764a-a411-44c5-8e3e-b1f6c3768cdf,species,Animalia,t0096273,"",Malthinus notsui,Malthinus notsui,學名重複,https://vvtaxatree.tbn.org.tw/taxa/38e9764a-a411-44c5-8e3e-b1f6c3768cdf
8acd27ba-8edf-4a36-8ce5-ffe3b6b60846,species,Animalia,t0096274,"",Malthinus ohbai,Malthinus ohbai,學名重複,https://vvtaxatree.tbn.org.tw/taxa/8acd27ba-8edf-4a36-8ce5-ffe3b6b60846
f5137333-6312-48d0-be20-f740721c41fc,species,Animalia,t0096275,"",Malthinus palingensis,Malthinus palingensis,學名重複,https://vvtaxatree.tbn.org.tw/taxa/f5137333-6312-48d0-be20-f740721c41fc
570bdad1-7986-4a78-bbf4-8dde11e4dc74,species,Animalia,t0096276,"",Malthinus shimomurai,Malthinus shimomurai,學名重複,https://vvtaxatree.tbn.org.tw/taxa/570bdad1-7986-4a78-bbf4-8dde11e4dc74
289e7037-2628-48f9-be16-6d13ad6f3fe0,species,Animalia,t0096277,"",Malthinus ssulingensis,Malthinus ssulingensis,學名重複,https://vvtaxatree.tbn.org.tw/taxa/289e7037-2628-48f9-be16-6d13ad6f3fe0
1e2d6fc4-3ced-4d50-bc5e-4bbab256f005,species,Animalia,t0096278,"",Malthinus taiwanoniger,Malthinus taiwanoniger,學名重複,https://vvtaxatree.tbn.org.tw/taxa/1e2d6fc4-3ced-4d50-bc5e-4bbab256f005
181a8d6f-f658-430f-b944-7e76c3caddd9,species,Animalia,t0096279,"",Malthinus taiwanus,Malthinus taiwanus,學名重複,https://vvtaxatree.tbn.org.tw/taxa/181a8d6f-f658-430f-b944-7e76c3caddd9
3c3e7aba-5c02-43b1-b5cf-cf8b8de7db0a,species,Animalia,t0096280,"",Malthinus vixlimbatus,Malthinus vixlimbatus,學名重複,https://vvtaxatree.tbn.org.tw/taxa/3c3e7aba-5c02-43b1-b5cf-cf8b8de7db0a
296b2148-c924-4147-bff3-f2b497a8109c,species,Animalia,t0096281,"",Malthinus yangmingensis,Malthinus yangmingensis,學名重複,https://vvtaxatree.tbn.org.tw/taxa/296b2148-c924-4147-bff3-f2b497a8109c
857513dd-6691-4868-a610-c6f7d5c70179,species,Animalia,t0096282,"",Malthodes brancuccii,Malthodes brancuccii,學名重複,https://vvtaxatree.tbn.org.tw/taxa/857513dd-6691-4868-a610-c6f7d5c70179
cda738d0-5296-44c3-bb7a-bed4b55c42b7,species,Animalia,t0096283,"",Malthodes fenchihuensis,Malthodes fenchihuensis,學名重複,https://vvtaxatree.tbn.org.tw/taxa/cda738d0-5296-44c3-bb7a-bed4b55c42b7
3bc8b88a-1df2-4b81-b697-6ac24d244ee1,species,Animalia,t0096284,"",Malthodes makiharai,Malthodes makiharai,學名重複,https://vvtaxatree.tbn.org.tw/taxa/3bc8b88a-1df2-4b81-b697-6ac24d244ee1
265e326f-94a1-4728-aec2-9528e2f10352,species,Animalia,t0096285,"",Malthodes niitakaensis,Malthodes niitakaensis,學名重複,https://vvtaxatree.tbn.org.tw/taxa/265e326f-94a1-4728-aec2-9528e2f10352
be2d146b-834e-420c-b068-9edec116f711,species,Animalia,t0096286,"",Malthodes taiwanus,Malthodes taiwanus,學名重複,https://vvtaxatree.tbn.org.tw/taxa/be2d146b-834e-420c-b068-9edec116f711
114b9087-36ef-4369-b3c7-526e3f07f443,species,Animalia,t0096350,"",Menimus formosanus,Menimus formosanus,學名重複,https://vvtaxatree.tbn.org.tw/taxa/114b9087-36ef-4369-b3c7-526e3f07f443
96ad7c46-2c8d-4e73-9165-9ed4503ac184,species,Animalia,t0096370,"",Metopius baibarensis,Metopius baibarensis,學名重複,https://vvtaxatree.tbn.org.tw/taxa/96ad7c46-2c8d-4e73-9165-9ed4503ac184
c25180bc-e69c-43e3-8831-74bf4e02fb66,species,Animalia,t0096380,"",Micrencaustes taiwana,Micrencaustes taiwana,學名重複,https://vvtaxatree.tbn.org.tw/taxa/c25180bc-e69c-43e3-8831-74bf4e02fb66
2dae1912-e575-4ea6-beb3-499be48749af,species,Animalia,t0096385,"",Microdon stilboides,Microdon stilboides,學名重複,https://vvtaxatree.tbn.org.tw/taxa/2dae1912-e575-4ea6-beb3-499be48749af
44d129f2-0c34-452e-ab8e-711acb0e8572,species,Animalia,t0096428,"",Molophilus alcocostalis,Molophilus alcocostalis,學名重複,https://vvtaxatree.tbn.org.tw/taxa/44d129f2-0c34-452e-ab8e-711acb0e8572
93d14279-6dd7-4a07-abe0-fed2fb3e96a0,species,Animalia,t0096429,"",Molophilus aricola,Molophilus aricola,學名重複,https://vvtaxatree.tbn.org.tw/taxa/93d14279-6dd7-4a07-abe0-fed2fb3e96a0
2b965056-1533-4ca0-8c3b-39e14a09b2c7,species,Animalia,t0096430,"",Molophilus arisanus,Molophilus arisanus,學名重複,https://vvtaxatree.tbn.org.tw/taxa/2b965056-1533-4ca0-8c3b-39e14a09b2c7
1b348f34-4eb1-4d5a-806b-19fe686ee636,species,Animalia,t0096431,"",Molophilus editus,Molophilus editus,學名重複,https://vvtaxatree.tbn.org.tw/taxa/1b348f34-4eb1-4d5a-806b-19fe686ee636
e53192d4-484e-42d5-8326-14603a36c1fd,species,Animalia,t0096432,"",Molophilus ephippiger,Molophilus ephippiger,學名重複,https://vvtaxatree.tbn.org.tw/taxa/e53192d4-484e-42d5-8326-14603a36c1fd
cf9d7b66-b5bf-4aef-8020-7e1d3ac3c561,species,Animalia,t0096433,"",Molophilus hoplostylus,Molophilus hoplostylus,學名重複,https://vvtaxatree.tbn.org.tw/taxa/cf9d7b66-b5bf-4aef-8020-7e1d3ac3c561
b3679253-5e63-44b1-8062-277b4fe8c822,species,Animalia,t0096434,"",Molophilus issikii,Molophilus issikii,學名重複,https://vvtaxatree.tbn.org.tw/taxa/b3679253-5e63-44b1-8062-277b4fe8c822
b08a085a-801f-487c-a1a5-e188ec0abf32,species,Animalia,t0096435,"",Molophilus nifritus,Molophilus nifritus,學名重複,https://vvtaxatree.tbn.org.tw/taxa/b08a085a-801f-487c-a1a5-e188ec0abf32
6d80f98b-3e65-48c0-9dbb-f7112e0dcf94,species,Animalia,t0096436,"",Molophilus nigripes,Molophilus nigripes,學名重複,https://vvtaxatree.tbn.org.tw/taxa/6d80f98b-3e65-48c0-9dbb-f7112e0dcf94
9bba6f3b-f3ec-448f-a0c9-671612af1c0b,species,Animalia,t0096437,"",Molophilus nigritarsis,Molophilus nigritarsis,學名重複,https://vvtaxatree.tbn.org.tw/taxa/9bba6f3b-f3ec-448f-a0c9-671612af1c0b
7d4f6889-872e-4f81-b0ec-f1b57be48f87,species,Animalia,t0096438,"",Molophilus nokonis,Molophilus nokonis,學名重複,https://vvtaxatree.tbn.org.tw/taxa/7d4f6889-872e-4f81-b0ec-f1b57be48f87
a6418b65-0139-48be-9412-7126832c1bd9,species,Animalia,t0096439,"",Molophilus pallidibasis,Molophilus pallidibasis,學名重複,https://vvtaxatree.tbn.org.tw/taxa/a6418b65-0139-48be-9412-7126832c1bd9
7d42e4d7-d058-4a1c-90bb-e303deef7b81,species,Animalia,t0096440,"",Molophilus spinosissimus,Molophilus spinosissimus,學名重複,https://vvtaxatree.tbn.org.tw/taxa/7d42e4d7-d058-4a1c-90bb-e303deef7b81
bd6d88af-0ca0-4e1c-a2a7-c04e9415425c,species,Animalia,t0096441,"",Molophilus alticola,Molophilus alticola,學名重複,https://vvtaxatree.tbn.org.tw/taxa/bd6d88af-0ca0-4e1c-a2a7-c04e9415425c
3a9b7af0-b752-40d8-a925-e027148d4f87,species,Animalia,t0096445,"",Mongoloraphidia caelebs,Mongoloraphidia caelebs,學名重複,https://vvtaxatree.tbn.org.tw/taxa/3a9b7af0-b752-40d8-a925-e027148d4f87
bb75d11c-6ecf-4edc-a90d-faab67e9138c,species,Animalia,t0096446,"",Mongoloraphidia taiwanica,Mongoloraphidia taiwanica,學名重複,https://vvtaxatree.tbn.org.tw/taxa/bb75d11c-6ecf-4edc-a90d-faab67e9138c
6c88f6c9-88dd-42b4-a36d-353602d857ec,species,Animalia,t0096462,"",Musca conducens,Musca conducens,學名重複,https://vvtaxatree.tbn.org.tw/taxa/6c88f6c9-88dd-42b4-a36d-353602d857ec
779b421b-c0fd-4634-ac00-af8ded4b0906,species,Animalia,t0096463,"",Musca sorbens,Musca sorbens,學名重複,https://vvtaxatree.tbn.org.tw/taxa/779b421b-c0fd-4634-ac00-af8ded4b0906
803a9ab9-0af1-4a8e-b891-da08dce47231,species,Animalia,t0096464,"",Musca ventrosa,Musca ventrosa,學名重複,https://vvtaxatree.tbn.org.tw/taxa/803a9ab9-0af1-4a8e-b891-da08dce47231
31f24f61-cdd7-4874-9710-051f784d6662,species,Animalia,t0096465,"",Musca domestica,Musca domestica,學名重複,https://vvtaxatree.tbn.org.tw/taxa/31f24f61-cdd7-4874-9710-051f784d6662
623022f8-8200-4304-a5fe-294a073793ff,species,Animalia,t0096466,"",Musca crassirostris,Musca crassirostris,學名重複,https://vvtaxatree.tbn.org.tw/taxa/623022f8-8200-4304-a5fe-294a073793ff
1f79f87a-045b-413b-bfb0-e5dcee3a4d79,species,Animalia,t0096467,"",Musca inferior,Musca inferior,學名重複,https://vvtaxatree.tbn.org.tw/taxa/1f79f87a-045b-413b-bfb0-e5dcee3a4d79
2876a67c-50d1-4836-8bff-c2cdc7be4ead,species,Animalia,t0096494,"",Mythimna hirashimai,Mythimna hirashimai,學名重複,https://vvtaxatree.tbn.org.tw/taxa/2876a67c-50d1-4836-8bff-c2cdc7be4ead
dc1d72f1-71a8-4311-b8b7-9d3436e85f89,species,Animalia,t0096495,"",Mythimna lucida,Mythimna lucida,學名重複,https://vvtaxatree.tbn.org.tw/taxa/dc1d72f1-71a8-4311-b8b7-9d3436e85f89
659d0d7b-98a0-4c4d-b4aa-1c2cfd0afc42,species,Animalia,t0096496,"",Mythimna rushanensis,Mythimna rushanensis,學名重複,https://vvtaxatree.tbn.org.tw/taxa/659d0d7b-98a0-4c4d-b4aa-1c2cfd0afc42
6e8b6262-5aac-4f05-95bc-720582540dfc,species,Animalia,t0096497,"",Mythimna wulinensis,Mythimna wulinensis,學名重複,https://vvtaxatree.tbn.org.tw/taxa/6e8b6262-5aac-4f05-95bc-720582540dfc
305b3f36-eeb6-4f38-a32c-e4846552878b,species,Animalia,t0096538,"",Triaspis imitatus,Triaspis imitatus,學名重複,https://vvtaxatree.tbn.org.tw/taxa/305b3f36-eeb6-4f38-a32c-e4846552878b
3e1add96-13db-4181-957b-24c71702d60a,species,Animalia,t0096562,"",Trioza neolitsae,Trioza neolitsae,學名重複,https://vvtaxatree.tbn.org.tw/taxa/3e1add96-13db-4181-957b-24c71702d60a
8e289fd7-d3da-4b0c-97e1-d8c5c436f7a3,species,Animalia,t0096571,"",Trochocyathus rhombocolumna,Trochocyathus rhombocolumna,學名重複,https://vvtaxatree.tbn.org.tw/taxa/8e289fd7-d3da-4b0c-97e1-d8c5c436f7a3
7213654a-5eda-40fc-91c9-f5151e350a5d,species,Animalia,t0096613,"",Ula flavidibasis,Ula flavidibasis,學名重複,https://vvtaxatree.tbn.org.tw/taxa/7213654a-5eda-40fc-91c9-f5151e350a5d
3e148e87-20df-4d04-bf12-3cb08212b53a,species,Animalia,t0096614,"",Ula fuscistigma,Ula fuscistigma,學名重複,https://vvtaxatree.tbn.org.tw/taxa/3e148e87-20df-4d04-bf12-3cb08212b53a
03970013-1866-49d2-9c9e-4d3d4e76f29f,species,Animalia,t0096615,"",Ula superelegans,Ula superelegans,學名重複,https://vvtaxatree.tbn.org.tw/taxa/03970013-1866-49d2-9c9e-4d3d4e76f29f
e697a88f-b28a-49ec-aed4-04be9ea756d5,species,Animalia,t0096621,"",Uranotaenia novobscura,Uranotaenia novobscura,學名重複,https://vvtaxatree.tbn.org.tw/taxa/e697a88f-b28a-49ec-aed4-04be9ea756d5
aaad8fdc-1a2b-4007-af22-7a6178d2e07f,species,Animalia,t0096622,"",Uranotaenia annandalei,Uranotaenia annandalei,學名重複,https://vvtaxatree.tbn.org.tw/taxa/aaad8fdc-1a2b-4007-af22-7a6178d2e07f
cb3b2d4e-35bc-4b4d-9845-61c4015e509b,species,Animalia,t0096623,"",Uranotaenia hebes,Uranotaenia hebes,學名重複,https://vvtaxatree.tbn.org.tw/taxa/cb3b2d4e-35bc-4b4d-9845-61c4015e509b
0e1703fb-d7de-4c3f-abc5-6690c29b88c3,species,Animalia,t0096679,"",Xenokeroplatus gozmanyi,Xenokeroplatus gozmanyi,學名重複,https://vvtaxatree.tbn.org.tw/taxa/0e1703fb-d7de-4c3f-abc5-6690c29b88c3
64a1d72f-df57-40ff-a5e7-6fd8db94ea09,species,Animalia,t0096734,"",Zoraida nitobii,Zoraida nitobii,學名重複,https://vvtaxatree.tbn.org.tw/taxa/64a1d72f-df57-40ff-a5e7-6fd8db94ea09
23eb5d71-27af-41ba-95e2-c738577f9014,species,Animalia,t0096765,"",Dolichopeza issikiella,Dolichopeza issikiella,學名重複,https://vvtaxatree.tbn.org.tw/taxa/23eb5d71-27af-41ba-95e2-c738577f9014
28a4f60e-3df5-410d-b227-92dcbb2a879c,species,Animalia,t0096766,"",Dolichopeza taiwanicola,Dolichopeza taiwanicola,學名重複,https://vvtaxatree.tbn.org.tw/taxa/28a4f60e-3df5-410d-b227-92dcbb2a879c
28b51ef1-b349-41d0-b1eb-e89aba18c0fe,species,Animalia,t0096767,"",Dolichopeza lugubrivestis,Dolichopeza lugubrivestis,學名重複,https://vvtaxatree.tbn.org.tw/taxa/28b51ef1-b349-41d0-b1eb-e89aba18c0fe
9bb99ea8-3973-46ce-b33c-9d5640f2fa68,species,Animalia,t0096768,"",Dolichopeza profundemarginata,Dolichopeza profundemarginata,學名重複,https://vvtaxatree.tbn.org.tw/taxa/9bb99ea8-3973-46ce-b33c-9d5640f2fa68
dc7549e9-32c8-453c-ab69-52b032477c03,species,Animalia,t0096769,"",Dolichopeza subalbitibia,Dolichopeza subalbitibia,學名重複,https://vvtaxatree.tbn.org.tw/taxa/dc7549e9-32c8-453c-ab69-52b032477c03
9c4929ef-589c-4c38-82bd-5bfbc7da3f8e,species,Animalia,t0096770,"",Dolichopeza tuberculifera,Dolichopeza tuberculifera,學名重複,https://vvtaxatree.tbn.org.tw/taxa/9c4929ef-589c-4c38-82bd-5bfbc7da3f8e
cf3d089f-61bd-47a1-833c-ee82f087a7bc,species,Animalia,t0096791,"",Drosophila repleta,Drosophila repleta,學名重複,https://vvtaxatree.tbn.org.tw/taxa/cf3d089f-61bd-47a1-833c-ee82f087a7bc
911aeed1-2b46-4294-a224-4b9c9639eece,species,Animalia,t0096792,"",Drosophila ananassae,Drosophila ananassae,學名重複,https://vvtaxatree.tbn.org.tw/taxa/911aeed1-2b46-4294-a224-4b9c9639eece
b919680e-5f24-4b04-a73d-8f62c708f4e5,species,Animalia,t0096793,"",Drosophila elegans,Drosophila elegans,學名重複,https://vvtaxatree.tbn.org.tw/taxa/b919680e-5f24-4b04-a73d-8f62c708f4e5
c714a33e-2656-43a8-b621-4d3f98376ac5,species,Animalia,t0096794,"",Drosophila eugracilis,Drosophila eugracilis,學名重複,https://vvtaxatree.tbn.org.tw/taxa/c714a33e-2656-43a8-b621-4d3f98376ac5
c5f0f77f-a36d-4e43-bde7-7e4746ec1645,species,Animalia,t0096795,"",Drosophila lini,Drosophila lini,學名重複,https://vvtaxatree.tbn.org.tw/taxa/c5f0f77f-a36d-4e43-bde7-7e4746ec1645
227cb897-3120-4f0d-9ec6-f0026d42c4de,species,Animalia,t0096796,"",Drosophila parabipectinata,Drosophila parabipectinata,學名重複,https://vvtaxatree.tbn.org.tw/taxa/227cb897-3120-4f0d-9ec6-f0026d42c4de
f52b9380-df15-409a-a661-19569764335d,species,Animalia,t0096797,"",Drosophila quadraria,Drosophila quadraria,學名重複,https://vvtaxatree.tbn.org.tw/taxa/f52b9380-df15-409a-a661-19569764335d
49d2628e-a222-47e2-9ca5-1c94e97c0bde,species,Animalia,t0096798,"",Drosophila trilutea,Drosophila trilutea,學名重複,https://vvtaxatree.tbn.org.tw/taxa/49d2628e-a222-47e2-9ca5-1c94e97c0bde
ab7fc4dc-2e05-43f9-ab7b-ed5b95236389,species,Animalia,t0096805,"",Dysdercus fuscomaculatus,Dysdercus fuscomaculatus,學名重複,https://vvtaxatree.tbn.org.tw/taxa/ab7fc4dc-2e05-43f9-ab7b-ed5b95236389
9224999f-9814-4057-8242-3e8b957ae1e4,species,Animalia,t0096819,"",Ectemnius alishanus,Ectemnius alishanus,學名重複,https://vvtaxatree.tbn.org.tw/taxa/9224999f-9814-4057-8242-3e8b957ae1e4
2a3430d4-80c8-4d76-9345-f00812a47317,species,Animalia,t0096834,"",Elachiptera umbrosa,Elachiptera umbrosa,學名重複,https://vvtaxatree.tbn.org.tw/taxa/2a3430d4-80c8-4d76-9345-f00812a47317
61d71cad-ac4c-4021-a446-7dd0b127cdf1,species,Animalia,t0096899,"",Epiphragma divisum,Epiphragma divisum,學名重複,https://vvtaxatree.tbn.org.tw/taxa/61d71cad-ac4c-4021-a446-7dd0b127cdf1
dfb7ad56-f81b-4bbc-a533-9785bd335427,species,Animalia,t0096900,"",Epiphragma nymphicum,Epiphragma nymphicum,學名重複,https://vvtaxatree.tbn.org.tw/taxa/dfb7ad56-f81b-4bbc-a533-9785bd335427
515b02b8-efcf-408d-8693-6e7f7f44ff0a,species,Animalia,t0096917,"",Epuraea concolor,Epuraea concolor,學名重複,https://vvtaxatree.tbn.org.tw/taxa/515b02b8-efcf-408d-8693-6e7f7f44ff0a
0edb9f90-9bd2-4b30-ab61-36b3a1e51a6a,species,Animalia,t0096927,"",Erioptera ensifera,Erioptera ensifera,學名重複,https://vvtaxatree.tbn.org.tw/taxa/0edb9f90-9bd2-4b30-ab61-36b3a1e51a6a
03d970ca-4a14-465e-a5a1-8da6a833438f,species,Animalia,t0096928,"",Erioptera luliana,Erioptera luliana,學名重複,https://vvtaxatree.tbn.org.tw/taxa/03d970ca-4a14-465e-a5a1-8da6a833438f
19e09d20-e6d8-4d65-814f-9c22940c0fc3,species,Animalia,t0096929,"",Erioptera tenuisentis,Erioptera tenuisentis,學名重複,https://vvtaxatree.tbn.org.tw/taxa/19e09d20-e6d8-4d65-814f-9c22940c0fc3
90f36d6b-bb1a-413b-aa5c-e4505c6d6181,species,Animalia,t0096930,"",Erioptera subsessillis,Erioptera subsessillis,學名重複,https://vvtaxatree.tbn.org.tw/taxa/90f36d6b-bb1a-413b-aa5c-e4505c6d6181
51a87883-410d-409e-bcb9-7ac92c27bbfc,species,Animalia,t0097044,"",Farrania orbus,Farrania orbus,學名重複,https://vvtaxatree.tbn.org.tw/taxa/51a87883-410d-409e-bcb9-7ac92c27bbfc
cffe2a57-c58a-4f43-9331-f83209a2d0d0,species,Animalia,t0097052,"",Flabellum lamellulosum,Flabellum lamellulosum,學名重複,https://vvtaxatree.tbn.org.tw/taxa/cffe2a57-c58a-4f43-9331-f83209a2d0d0
182bc260-2818-4749-a44e-747c9a8a3cef,species,Animalia,t0097053,"",Flabellum japonicum,Flabellum japonicum,學名重複,https://vvtaxatree.tbn.org.tw/taxa/182bc260-2818-4749-a44e-747c9a8a3cef
321b49a2-459e-4590-a612-144535ebb099,species,Animalia,t0097056,"",Forcipomyia tokunagai,Forcipomyia tokunagai,學名重複,https://vvtaxatree.tbn.org.tw/taxa/321b49a2-459e-4590-a612-144535ebb099
05b067e2-685a-4ea1-90f9-fb0ff298b88d,species,Animalia,t0097092,"",Gastrophysa atrocyanea,Gastrophysa atrocyanea,學名重複,https://vvtaxatree.tbn.org.tw/taxa/05b067e2-685a-4ea1-90f9-fb0ff298b88d
4aa8fad0-d783-454c-b69f-1032b92111d8,species,Animalia,t0097134,"",Gnophomyia curticellula,Gnophomyia curticellula,學名重複,https://vvtaxatree.tbn.org.tw/taxa/4aa8fad0-d783-454c-b69f-1032b92111d8
fbbd97d1-f20e-4395-ac1b-1bc8d0bce209,species,Animalia,t0097135,"",Gnophomyia pruinosa,Gnophomyia pruinosa,學名重複,https://vvtaxatree.tbn.org.tw/taxa/fbbd97d1-f20e-4395-ac1b-1bc8d0bce209
8bebe6c2-e2a6-4816-af53-a02ce5c47c26,species,Animalia,t0097136,"",Gnophomyia gressitti,Gnophomyia gressitti,學名重複,https://vvtaxatree.tbn.org.tw/taxa/8bebe6c2-e2a6-4816-af53-a02ce5c47c26
4f49544e-3711-4051-9b01-879178c0a276,species,Animalia,t0097137,"",Gnophomyia neonebulosa,Gnophomyia neonebulosa,學名重複,https://vvtaxatree.tbn.org.tw/taxa/4f49544e-3711-4051-9b01-879178c0a276
0838afd3-84b8-48b6-88f2-80b976fa7641,species,Animalia,t0097138,"",Gnophomyia praedita,Gnophomyia praedita,學名重複,https://vvtaxatree.tbn.org.tw/taxa/0838afd3-84b8-48b6-88f2-80b976fa7641
5b0362d2-7756-4804-a5da-8d9c039e58d1,species,Animalia,t0097139,"",Gnophomyia sauteri,Gnophomyia sauteri,學名重複,https://vvtaxatree.tbn.org.tw/taxa/5b0362d2-7756-4804-a5da-8d9c039e58d1
ae757274-9590-40df-9ebb-b52706511c5f,species,Animalia,t0097140,"",Gnophomyia sinuosa,Gnophomyia sinuosa,學名重複,https://vvtaxatree.tbn.org.tw/taxa/ae757274-9590-40df-9ebb-b52706511c5f
6e8838e9-aa79-4255-a177-1aa1d7325e2d,species,Animalia,t0097141,"",Gnophomyia clitelata,Gnophomyia clitelata,學名重複,https://vvtaxatree.tbn.org.tw/taxa/6e8838e9-aa79-4255-a177-1aa1d7325e2d
4681cfdb-cf4d-46f0-aa80-24621bd1f8ef,species,Animalia,t0097142,"",Gnophomyia scutellumalbum,Gnophomyia scutellumalbum,學名重複,https://vvtaxatree.tbn.org.tw/taxa/4681cfdb-cf4d-46f0-aa80-24621bd1f8ef
1b057476-172e-4cad-b69c-2ea35e43a14e,species,Animalia,t0097143,"",Gnophomyia ptilostenoides,Gnophomyia ptilostenoides,學名重複,https://vvtaxatree.tbn.org.tw/taxa/1b057476-172e-4cad-b69c-2ea35e43a14e
2af44ab5-058d-4922-8f5f-328af4709e6e,species,Animalia,t0097162,"",Gonioctena scutellaris,Gonioctena scutellaris,學名重複,https://vvtaxatree.tbn.org.tw/taxa/2af44ab5-058d-4922-8f5f-328af4709e6e
5d4694bd-3ad0-42eb-969b-81d53257720f,species,Animalia,t0097163,"",Gonioctena nigroplagiata,Gonioctena nigroplagiata,學名重複,https://vvtaxatree.tbn.org.tw/taxa/5d4694bd-3ad0-42eb-969b-81d53257720f
457a22a2-b988-43c5-9401-c3b430095aea,species,Animalia,t0097165,"",Gonioctena nigroplagiata,Gonioctena nigroplagiata,學名重複,https://vvtaxatree.tbn.org.tw/taxa/457a22a2-b988-43c5-9401-c3b430095aea
3bde6e24-8b59-4d57-bed6-71f232904991,species,Animalia,t0097182,"",Greenidea viticola,Greenidea viticola,學名重複,https://vvtaxatree.tbn.org.tw/taxa/3bde6e24-8b59-4d57-bed6-71f232904991
719bb01c-78e1-4687-b48c-e2f0b7833465,species,Animalia,t0097183,"",Greenidea mushana,Greenidea mushana,學名重複,https://vvtaxatree.tbn.org.tw/taxa/719bb01c-78e1-4687-b48c-e2f0b7833465
61805d3f-c678-48ba-b94c-1749d684372e,species,Animalia,t0097184,"",Greenidea myricae,Greenidea myricae,學名重複,https://vvtaxatree.tbn.org.tw/taxa/61805d3f-c678-48ba-b94c-1749d684372e
1d30904c-763d-4d8f-a248-8e6edabdef3e,species,Animalia,t0097212,"",Harpalus capito,Harpalus capito,學名重複,https://vvtaxatree.tbn.org.tw/taxa/1d30904c-763d-4d8f-a248-8e6edabdef3e
d628033e-8b91-4e5c-b3d9-21b56ce814f1,species,Animalia,t0097213,"",Harpalus roninus,Harpalus roninus,學名重複,https://vvtaxatree.tbn.org.tw/taxa/d628033e-8b91-4e5c-b3d9-21b56ce814f1
c4b29d1f-7805-409b-9eaa-857d1e912e23,species,Animalia,t0097228,"",Helius perelegans,Helius perelegans,學名重複,https://vvtaxatree.tbn.org.tw/taxa/c4b29d1f-7805-409b-9eaa-857d1e912e23
c1350cf5-16e3-4403-91ba-84bda99a181c,species,Animalia,t0097229,"",Helius attenuatus,Helius attenuatus,學名重複,https://vvtaxatree.tbn.org.tw/taxa/c1350cf5-16e3-4403-91ba-84bda99a181c
1cdc2cf1-d09c-492b-bbc7-76339acdbf82,species,Animalia,t0097230,"",Helius chikuriensis,Helius chikuriensis,學名重複,https://vvtaxatree.tbn.org.tw/taxa/1cdc2cf1-d09c-492b-bbc7-76339acdbf82
307e816c-5ae3-46a2-b1e8-6459df9d940c,species,Animalia,t0097231,"",Helius liliputanus,Helius liliputanus,學名重複,https://vvtaxatree.tbn.org.tw/taxa/307e816c-5ae3-46a2-b1e8-6459df9d940c
a0ce9da8-f681-417f-bc03-32a34f71abfa,species,Animalia,t0097232,"",Helius minusculus,Helius minusculus,學名重複,https://vvtaxatree.tbn.org.tw/taxa/a0ce9da8-f681-417f-bc03-32a34f71abfa
bdb9d2b5-f576-46e5-bf3d-3ed652ae819f,species,Animalia,t0097233,"",Helius rufithorax,Helius rufithorax,學名重複,https://vvtaxatree.tbn.org.tw/taxa/bdb9d2b5-f576-46e5-bf3d-3ed652ae819f
8ee1cd82-9718-4712-8ecb-5c44caf921b6,species,Animalia,t0097234,"",Helius subfasciatus,Helius subfasciatus,學名重複,https://vvtaxatree.tbn.org.tw/taxa/8ee1cd82-9718-4712-8ecb-5c44caf921b6
bcbe610e-88cd-4bb6-8237-ccd41e4cebd4,species,Animalia,t0097235,"",Helius tenuistylus,Helius tenuistylus,學名重複,https://vvtaxatree.tbn.org.tw/taxa/bcbe610e-88cd-4bb6-8237-ccd41e4cebd4
1139c681-a454-45ff-bd2f-35f4773cc8eb,species,Animalia,t0097287,"",Homoeocerus striicornis,Homoeocerus striicornis,學名重複,https://vvtaxatree.tbn.org.tw/taxa/1139c681-a454-45ff-bd2f-35f4773cc8eb
afe42093-4969-4673-ac69-67f82303fe3a,species,Animalia,t0097288,"",Homolobus undulatus,Homolobus undulatus,學名重複,https://vvtaxatree.tbn.org.tw/taxa/afe42093-4969-4673-ac69-67f82303fe3a
c08599aa-4501-4775-ad4d-c5e91fff5f95,species,Animalia,t0097324,"",Hygia pedestris,Hygia pedestris,學名重複,https://vvtaxatree.tbn.org.tw/taxa/c08599aa-4501-4775-ad4d-c5e91fff5f95
fcdd3f1d-30ea-4c90-8eef-20619b009bd2,species,Animalia,t0097350,"",Hypselothyrea formosana,Hypselothyrea formosana,學名重複,https://vvtaxatree.tbn.org.tw/taxa/fcdd3f1d-30ea-4c90-8eef-20619b009bd2
ef56ce89-c9a7-4947-8855-c21a7e1649ce,species,Animalia,t0097397,"",Brachypeplus latus,Brachypeplus latus,學名重複,https://vvtaxatree.tbn.org.tw/taxa/ef56ce89-c9a7-4947-8855-c21a7e1649ce
75eabfbc-0170-4afb-b982-12befff9d37e,species,Animalia,t0097398,"",Brachypeplus apicalis,Brachypeplus apicalis,學名重複,https://vvtaxatree.tbn.org.tw/taxa/75eabfbc-0170-4afb-b982-12befff9d37e
2f1fb575-b9d3-4f74-bfcf-58d2b221f579,species,Animalia,t0097406,"",Bryocoris gracilis,Bryocoris gracilis,學名重複,https://vvtaxatree.tbn.org.tw/taxa/2f1fb575-b9d3-4f74-bfcf-58d2b221f579
9257e969-6036-4d2d-8396-20ff0e89445b,species,Animalia,t0097407,"",Bryocoris flaviceps,Bryocoris flaviceps,學名重複,https://vvtaxatree.tbn.org.tw/taxa/9257e969-6036-4d2d-8396-20ff0e89445b
6809dd5b-abcd-4e03-b35d-acaa71fb762e,species,Animalia,t0097430,"",Caccobius scrofa,Caccobius scrofa,學名重複,https://vvtaxatree.tbn.org.tw/taxa/6809dd5b-abcd-4e03-b35d-acaa71fb762e
d0ad9ae4-533c-4300-a230-808bc317699c,species,Animalia,t0097479,"",Campsomeris ilanensis,Campsomeris ilanensis,學名重複,https://vvtaxatree.tbn.org.tw/taxa/d0ad9ae4-533c-4300-a230-808bc317699c
f2357e9a-6be0-4b17-af14-707c4de30a22,species,Animalia,t0097480,"",Campsomeris binghami,Campsomeris binghami,學名重複,https://vvtaxatree.tbn.org.tw/taxa/f2357e9a-6be0-4b17-af14-707c4de30a22
f16454f1-f3c2-406a-9ddd-d4081f7da48c,species,Animalia,t0097481,"",Campsomeris formosensis,Campsomeris formosensis,學名重複,https://vvtaxatree.tbn.org.tw/taxa/f16454f1-f3c2-406a-9ddd-d4081f7da48c
69489f77-8475-44b3-8e72-75311dca1dab,species,Animalia,t0097482,"",Campsomeris taiwana,Campsomeris taiwana,學名重複,https://vvtaxatree.tbn.org.tw/taxa/69489f77-8475-44b3-8e72-75311dca1dab
af26da7a-cdac-4c6b-b918-1dd87327533f,species,Animalia,t0097483,"",Campsomeris uchidai,Campsomeris uchidai,學名重複,https://vvtaxatree.tbn.org.tw/taxa/af26da7a-cdac-4c6b-b918-1dd87327533f
7d4d63df-d2e8-4f27-bca5-39e75f2de2b8,species,Animalia,t0097503,"",Carcelia caudata,Carcelia caudata,學名重複,https://vvtaxatree.tbn.org.tw/taxa/7d4d63df-d2e8-4f27-bca5-39e75f2de2b8
3e73f2de-8d42-4907-aefc-90a76b959b61,species,Animalia,t0097504,"",Carcelia frontalis,Carcelia frontalis,學名重複,https://vvtaxatree.tbn.org.tw/taxa/3e73f2de-8d42-4907-aefc-90a76b959b61
6bc76bd1-0983-4775-9f34-d0470e224af0,species,Animalia,t0097505,"",Carcelia rasoides,Carcelia rasoides,學名重複,https://vvtaxatree.tbn.org.tw/taxa/6bc76bd1-0983-4775-9f34-d0470e224af0
c490e4a9-8290-4a76-afce-adf581047275,species,Animalia,t0097506,"",Carcelia rutilloides,Carcelia rutilloides,學名重複,https://vvtaxatree.tbn.org.tw/taxa/c490e4a9-8290-4a76-afce-adf581047275
5d2d5b91-2a46-4b72-9afe-1f9c081a245f,species,Animalia,t0097507,"",Carcelia setosella,Carcelia setosella,學名重複,https://vvtaxatree.tbn.org.tw/taxa/5d2d5b91-2a46-4b72-9afe-1f9c081a245f
eea1862d-07d2-4cee-89e4-f90ea5e7c580,species,Animalia,t0097508,"",Carcelia sexta,Carcelia sexta,學名重複,https://vvtaxatree.tbn.org.tw/taxa/eea1862d-07d2-4cee-89e4-f90ea5e7c580
30f0b74d-96d0-46df-9fcf-81f4af08b4af,species,Animalia,t0097509,"",Carcelia aberrans,Carcelia aberrans,學名重複,https://vvtaxatree.tbn.org.tw/taxa/30f0b74d-96d0-46df-9fcf-81f4af08b4af
57388604-75ad-4ddc-a549-975c48d6db9a,species,Animalia,t0097510,"",Carcelia hirsuta,Carcelia hirsuta,學名重複,https://vvtaxatree.tbn.org.tw/taxa/57388604-75ad-4ddc-a549-975c48d6db9a
07b34f4b-59ee-4be8-86b7-5e24a7bb9107,species,Animalia,t0097511,"",Carcelia pilosella,Carcelia pilosella,學名重複,https://vvtaxatree.tbn.org.tw/taxa/07b34f4b-59ee-4be8-86b7-5e24a7bb9107
e88e73b3-1bf7-4006-9ea0-12df87c43daf,species,Animalia,t0097512,"",Carcelia septima,Carcelia septima,學名重複,https://vvtaxatree.tbn.org.tw/taxa/e88e73b3-1bf7-4006-9ea0-12df87c43daf
caa37f7e-fbe7-4872-8a55-dd9e6b9f47c2,species,Animalia,t0097523,"",Carpophilus chalybaeus,Carpophilus chalybaeus,學名重複,https://vvtaxatree.tbn.org.tw/taxa/caa37f7e-fbe7-4872-8a55-dd9e6b9f47c2
3de3735f-39ff-48e0-a0a3-93a5c8965aa6,species,Animalia,t0097524,"",Carpophilus marginellus,Carpophilus marginellus,學名重複,https://vvtaxatree.tbn.org.tw/taxa/3de3735f-39ff-48e0-a0a3-93a5c8965aa6
b5d5405d-8018-4778-81c1-51422f5ddbff,species,Animalia,t0097525,"",Carpophilus funereus,Carpophilus funereus,學名重複,https://vvtaxatree.tbn.org.tw/taxa/b5d5405d-8018-4778-81c1-51422f5ddbff
532a0b66-58e8-4c13-9607-9988a225a508,species,Animalia,t0097526,"",Carpophilus triton,Carpophilus triton,學名重複,https://vvtaxatree.tbn.org.tw/taxa/532a0b66-58e8-4c13-9607-9988a225a508
6a25bf37-fd96-406e-acb5-6a80f55eb975,species,Animalia,t0097527,"",Carpophilus shioedtei,Carpophilus shioedtei,學名重複,https://vvtaxatree.tbn.org.tw/taxa/6a25bf37-fd96-406e-acb5-6a80f55eb975
3438a73f-4805-4440-86fe-32ae641f44f7,species,Animalia,t0097528,"",Carpophilus truncatus,Carpophilus truncatus,學名重複,https://vvtaxatree.tbn.org.tw/taxa/3438a73f-4805-4440-86fe-32ae641f44f7
c6b7bdd1-5fd0-4300-9a47-1ff98ad37a7a,species,Animalia,t0097530,"",Caryophyllia ambrosia,Caryophyllia ambrosia,學名重複,https://vvtaxatree.tbn.org.tw/taxa/c6b7bdd1-5fd0-4300-9a47-1ff98ad37a7a
fcbf026a-1636-41e6-b821-53ab94effd7c,species,Animalia,t0097531,"",Caryophyllia hawaiiensis,Caryophyllia hawaiiensis,學名重複,https://vvtaxatree.tbn.org.tw/taxa/fcbf026a-1636-41e6-b821-53ab94effd7c
27911e36-a995-4206-ae62-186ad9a08c7f,species,Animalia,t0097532,"",Caryophyllia quadragenaria,Caryophyllia quadragenaria,學名重複,https://vvtaxatree.tbn.org.tw/taxa/27911e36-a995-4206-ae62-186ad9a08c7f
be735e66-be83-4291-b74d-ddc4207a6f9b,species,Animalia,t0097533,"",Caryophyllia rugosa,Caryophyllia rugosa,學名重複,https://vvtaxatree.tbn.org.tw/taxa/be735e66-be83-4291-b74d-ddc4207a6f9b
6e9aa511-f881-40a9-9a2c-ef3f2ce2ecb9,species,Animalia,t0097534,"",Caryophyllia scobinosa,Caryophyllia scobinosa,學名重複,https://vvtaxatree.tbn.org.tw/taxa/6e9aa511-f881-40a9-9a2c-ef3f2ce2ecb9
3977825b-1930-4f41-8cd8-6b623107adad,species,Animalia,t0097576,"",Centistes choui,Centistes choui,學名重複,https://vvtaxatree.tbn.org.tw/taxa/3977825b-1930-4f41-8cd8-6b623107adad
991972b2-a080-45d7-a424-dcd44cbc8271,species,Animalia,t0097616,"",Chaetocnema granulosa,Chaetocnema granulosa,學名重複,https://vvtaxatree.tbn.org.tw/taxa/991972b2-a080-45d7-a424-dcd44cbc8271
62406d7c-b45c-4ea7-b11c-93fc14b86816,species,Animalia,t0097617,"",Chaetocnema nigrica,Chaetocnema nigrica,學名重複,https://vvtaxatree.tbn.org.tw/taxa/62406d7c-b45c-4ea7-b11c-93fc14b86816
64c60275-1169-4121-803d-ed4fb32914eb,species,Animalia,t0097618,"",Chaetocnema wallacei,Chaetocnema wallacei,學名重複,https://vvtaxatree.tbn.org.tw/taxa/64c60275-1169-4121-803d-ed4fb32914eb
3c146b24-1a87-49f9-8b92-8c9373843dc4,species,Animalia,t0097619,"",Chaetocnema malayana,Chaetocnema malayana,學名重複,https://vvtaxatree.tbn.org.tw/taxa/3c146b24-1a87-49f9-8b92-8c9373843dc4
61266680-ede1-4da7-8ee5-f400b7af9021,species,Animalia,t0097749,"",Coelostoma sulcatum,Coelostoma sulcatum,學名重複,https://vvtaxatree.tbn.org.tw/taxa/61266680-ede1-4da7-8ee5-f400b7af9021
bc554a05-438b-4ae0-bfe4-36d4f1e77eb8,species,Animalia,t0097753,"",Colastes pilosiventris,Colastes pilosiventris,學名重複,https://vvtaxatree.tbn.org.tw/taxa/bc554a05-438b-4ae0-bfe4-36d4f1e77eb8
b8efffe8-098a-49f7-a369-9a64d6002a34,species,Animalia,t0097754,"",Colastes alboapicalis,Colastes alboapicalis,學名重複,https://vvtaxatree.tbn.org.tw/taxa/b8efffe8-098a-49f7-a369-9a64d6002a34
c0ccefde-7899-43cd-820d-40db1cc9df43,species,Animalia,t0097755,"",Colastes longitergum,Colastes longitergum,學名重複,https://vvtaxatree.tbn.org.tw/taxa/c0ccefde-7899-43cd-820d-40db1cc9df43
f13e1e96-5fb7-426f-9931-1c66d2d1a46a,species,Animalia,t0097773,"",Conops nubeculosus,Conops nubeculosus,學名重複,https://vvtaxatree.tbn.org.tw/taxa/f13e1e96-5fb7-426f-9931-1c66d2d1a46a
c368c1b4-04ef-4118-a932-46ff343f2830,species,Animalia,t0097783,"",Copris fukiensis,Copris fukiensis,學名重複,https://vvtaxatree.tbn.org.tw/taxa/c368c1b4-04ef-4118-a932-46ff343f2830
3a203f60-ceb1-4253-9511-584811aa9427,species,Animalia,t0097799,"",Corycaeus dahli,Corycaeus dahli,學名重複,https://vvtaxatree.tbn.org.tw/taxa/3a203f60-ceb1-4253-9511-584811aa9427
e7aba423-45dc-44ef-bb93-78b1323f245d,species,Animalia,t0097800,"",Corycaeus japonica,Corycaeus japonica,學名重複,https://vvtaxatree.tbn.org.tw/taxa/e7aba423-45dc-44ef-bb93-78b1323f245d
1d8ffe2c-3fbb-49d7-9d56-1557ce507fe0,species,Animalia,t0097843,"",Culex alis,Culex alis,學名重複,https://vvtaxatree.tbn.org.tw/taxa/1d8ffe2c-3fbb-49d7-9d56-1557ce507fe0
198c18e0-b966-4d60-a594-f7b86926ff66,species,Animalia,t0097844,"",Culex annulus,Culex annulus,學名重複,https://vvtaxatree.tbn.org.tw/taxa/198c18e0-b966-4d60-a594-f7b86926ff66
301a602a-920b-41e2-bea6-630f80fc02b3,species,Animalia,t0097845,"",Culex fuscocephala,Culex fuscocephala,學名重複,https://vvtaxatree.tbn.org.tw/taxa/301a602a-920b-41e2-bea6-630f80fc02b3
137c8986-bac0-44a7-9cee-41d5b7ddd568,species,Animalia,t0097846,"",Culex gelidus,Culex gelidus,學名重複,https://vvtaxatree.tbn.org.tw/taxa/137c8986-bac0-44a7-9cee-41d5b7ddd568
37e8e47f-2e31-430e-9c1b-b80125893112,species,Animalia,t0097847,"",Culex infula,Culex infula,學名重複,https://vvtaxatree.tbn.org.tw/taxa/37e8e47f-2e31-430e-9c1b-b80125893112
f41350a2-e0e9-418a-9814-0891bd320b30,species,Animalia,t0097848,"",Culex sinensis,Culex sinensis,學名重複,https://vvtaxatree.tbn.org.tw/taxa/f41350a2-e0e9-418a-9814-0891bd320b30
abd81c4c-b5a3-40ed-94b3-f0b4805a6064,species,Animalia,t0097849,"",Culex sitiens,Culex sitiens,學名重複,https://vvtaxatree.tbn.org.tw/taxa/abd81c4c-b5a3-40ed-94b3-f0b4805a6064
8ceb4625-273a-474e-a0b3-e5e1b78249d3,species,Animalia,t0097850,"",Culex vagans,Culex vagans,學名重複,https://vvtaxatree.tbn.org.tw/taxa/8ceb4625-273a-474e-a0b3-e5e1b78249d3
69b9864e-4041-446d-a5ee-6193b75efc7b,species,Animalia,t0097851,"",Culex vishnui,Culex vishnui,學名重複,https://vvtaxatree.tbn.org.tw/taxa/69b9864e-4041-446d-a5ee-6193b75efc7b
2a5b2837-8ce1-4244-9bb1-09719e218397,species,Animalia,t0097852,"",Culex whitei,Culex whitei,學名重複,https://vvtaxatree.tbn.org.tw/taxa/2a5b2837-8ce1-4244-9bb1-09719e218397
bf0037d9-4cea-4db0-9d39-4b05992d4b9c,species,Animalia,t0097853,"",Culex pallidothorax,Culex pallidothorax,學名重複,https://vvtaxatree.tbn.org.tw/taxa/bf0037d9-4cea-4db0-9d39-4b05992d4b9c
dd24ccb0-a6f7-4d96-8495-2b2d6ac00638,species,Animalia,t0097859,"",Culicoides dubius,Culicoides dubius,學名重複,https://vvtaxatree.tbn.org.tw/taxa/dd24ccb0-a6f7-4d96-8495-2b2d6ac00638
547fb28b-4479-4e2f-a27e-0662d6771bb9,species,Animalia,t0097860,"",Culicoides liui,Culicoides liui,學名重複,https://vvtaxatree.tbn.org.tw/taxa/547fb28b-4479-4e2f-a27e-0662d6771bb9
9c92324f-1bf2-498c-b244-ab7e6d407963,species,Animalia,t0097861,"",Culicoides charadraeus,Culicoides charadraeus,學名重複,https://vvtaxatree.tbn.org.tw/taxa/9c92324f-1bf2-498c-b244-ab7e6d407963
0be75f24-d71d-464e-8dcf-9728171be444,species,Animalia,t0097862,"",Culicoides clavipalpis,Culicoides clavipalpis,學名重複,https://vvtaxatree.tbn.org.tw/taxa/0be75f24-d71d-464e-8dcf-9728171be444
85ea95a3-7766-4060-ab7d-c9c04bd1da55,species,Animalia,t0097863,"",Culicoides kepongensis,Culicoides kepongensis,學名重複,https://vvtaxatree.tbn.org.tw/taxa/85ea95a3-7766-4060-ab7d-c9c04bd1da55
d0177069-29f9-4813-8390-a44fb9539e5e,species,Animalia,t0097864,"",Culicoides okinawensis,Culicoides okinawensis,學名重複,https://vvtaxatree.tbn.org.tw/taxa/d0177069-29f9-4813-8390-a44fb9539e5e
bb6831da-1670-4a06-ae33-da0558b66283,species,Animalia,t0097865,"",Culicoides barreti,Culicoides barreti,學名重複,https://vvtaxatree.tbn.org.tw/taxa/bb6831da-1670-4a06-ae33-da0558b66283
f786d946-fd91-4d4b-810e-23d219c991cd,species,Animalia,t0097866,"",Culicoides flaviscutatus,Culicoides flaviscutatus,學名重複,https://vvtaxatree.tbn.org.tw/taxa/f786d946-fd91-4d4b-810e-23d219c991cd
adee7615-5af5-46ec-83e5-c2d89781bd12,species,Animalia,t0097867,"",Culicoides fordae,Culicoides fordae,學名重複,https://vvtaxatree.tbn.org.tw/taxa/adee7615-5af5-46ec-83e5-c2d89781bd12
bb6b6d47-553e-4d30-9fe2-02100751a377,species,Animalia,t0097868,"",Culicoides paraflavescens,Culicoides paraflavescens,學名重複,https://vvtaxatree.tbn.org.tw/taxa/bb6b6d47-553e-4d30-9fe2-02100751a377
d281b3d9-ccaf-4cd2-b0ab-ebddbd7411bb,species,Animalia,t0097869,"",Culicoides ragulithecus,Culicoides ragulithecus,學名重複,https://vvtaxatree.tbn.org.tw/taxa/d281b3d9-ccaf-4cd2-b0ab-ebddbd7411bb
f58b179c-399e-4e6f-864e-3c1e82074994,species,Animalia,t0097870,"",Culicoides subpalpifer,Culicoides subpalpifer,學名重複,https://vvtaxatree.tbn.org.tw/taxa/f58b179c-399e-4e6f-864e-3c1e82074994
e55003e3-0a54-419c-a3f6-1fdfaba4cb7f,species,Animalia,t0097871,"",Culicoides tenuipalpis,Culicoides tenuipalpis,學名重複,https://vvtaxatree.tbn.org.tw/taxa/e55003e3-0a54-419c-a3f6-1fdfaba4cb7f
fbde9343-2890-4b4a-bd40-71bbf067c0b4,species,Animalia,t0097948,"",Dermestes nidum,Dermestes nidum,學名重複,https://vvtaxatree.tbn.org.tw/taxa/fbde9343-2890-4b4a-bd40-71bbf067c0b4
af4f5705-aa70-494c-85e5-a2db36ce5d41,species,Animalia,t0097980,"",Dicranota delectata,Dicranota delectata,學名重複,https://vvtaxatree.tbn.org.tw/taxa/af4f5705-aa70-494c-85e5-a2db36ce5d41
6bbcdb46-9ddd-4ad1-be6d-ab0105b08191,species,Animalia,t0097981,"",Dicranota fumicostata,Dicranota fumicostata,學名重複,https://vvtaxatree.tbn.org.tw/taxa/6bbcdb46-9ddd-4ad1-be6d-ab0105b08191
fc1d4907-34b4-41ea-bc5d-fa80ea13274f,species,Animalia,t0097982,"",Dicranota plana,Dicranota plana,學名重複,https://vvtaxatree.tbn.org.tw/taxa/fc1d4907-34b4-41ea-bc5d-fa80ea13274f
77a8db26-333b-450a-b813-66114495ab87,species,Animalia,t0098005,"",Neope muirheadii,Neope muirheadii,學名重複,https://vvtaxatree.tbn.org.tw/taxa/77a8db26-333b-450a-b813-66114495ab87
60ce6e06-0871-49cc-88c3-d3f19ced3ebe,species,Animalia,t0098018,"",Nephrotoma atrolatera,Nephrotoma atrolatera,學名重複,https://vvtaxatree.tbn.org.tw/taxa/60ce6e06-0871-49cc-88c3-d3f19ced3ebe
ac5a9d35-255e-4bcc-ae40-b9e6afc2506c,species,Animalia,t0098019,"",Nephrotoma caudifera,Nephrotoma caudifera,學名重複,https://vvtaxatree.tbn.org.tw/taxa/ac5a9d35-255e-4bcc-ae40-b9e6afc2506c
42ef3589-fdd7-4599-808b-a8bbe50e2666,species,Animalia,t0098020,"",Nephrotoma definita,Nephrotoma definita,學名重複,https://vvtaxatree.tbn.org.tw/taxa/42ef3589-fdd7-4599-808b-a8bbe50e2666
2ae0dbad-1a41-45e4-ab28-9c08f2cb583c,species,Animalia,t0098021,"",Nephrotoma integra,Nephrotoma integra,學名重複,https://vvtaxatree.tbn.org.tw/taxa/2ae0dbad-1a41-45e4-ab28-9c08f2cb583c
27698eeb-6556-4d0f-9037-fc6d4529c421,species,Animalia,t0098022,"",Nephrotoma omeiana,Nephrotoma omeiana,學名重複,https://vvtaxatree.tbn.org.tw/taxa/27698eeb-6556-4d0f-9037-fc6d4529c421
66ad98ea-7615-48d2-a061-b6abd86c00cf,species,Animalia,t0098023,"",Nephrotoma takeuchii,Nephrotoma takeuchii,學名重複,https://vvtaxatree.tbn.org.tw/taxa/66ad98ea-7615-48d2-a061-b6abd86c00cf
26cd7aeb-f629-49ae-b795-feb665953fd5,species,Animalia,t0098024,"",Nephus sauteri,Nephus sauteri,學名重複,https://vvtaxatree.tbn.org.tw/taxa/26cd7aeb-f629-49ae-b795-feb665953fd5
0ee57261-ef79-4d41-946d-6e0680766593,species,Animalia,t0098077,"",Notiphila dorsopunctata,Notiphila dorsopunctata,學名重複,https://vvtaxatree.tbn.org.tw/taxa/0ee57261-ef79-4d41-946d-6e0680766593
1904a8e1-6b1b-45f5-a6df-f3cc6e8fcb63,species,Animalia,t0098152,"",Onthophagus taurinus,Onthophagus taurinus,學名重複,https://vvtaxatree.tbn.org.tw/taxa/1904a8e1-6b1b-45f5-a6df-f3cc6e8fcb63
d84c43ba-b0fc-4d81-b31e-15b8248530d7,species,Animalia,t0098153,"",Onthophagus koshunensis,Onthophagus koshunensis,學名重複,https://vvtaxatree.tbn.org.tw/taxa/d84c43ba-b0fc-4d81-b31e-15b8248530d7
dafeb227-cb5f-4916-9553-bec83ebb4945,species,Animalia,t0098154,"",Onthophagus pseudoarmatus,Onthophagus pseudoarmatus,學名重複,https://vvtaxatree.tbn.org.tw/taxa/dafeb227-cb5f-4916-9553-bec83ebb4945
ef1475d1-2eae-45e9-86f5-3e4aa3c531e7,species,Animalia,t0098155,"",Onthophagus roubali,Onthophagus roubali,學名重複,https://vvtaxatree.tbn.org.tw/taxa/ef1475d1-2eae-45e9-86f5-3e4aa3c531e7
49a4733c-6bd5-413c-bf29-2d774f273833,species,Animalia,t0098156,"",Onthophagus tatsienluensis,Onthophagus tatsienluensis,學名重複,https://vvtaxatree.tbn.org.tw/taxa/49a4733c-6bd5-413c-bf29-2d774f273833
18107f3c-6a84-43fd-969e-a966cfd77134,species,Animalia,t0098175,"",Orimarga formosicola,Orimarga formosicola,學名重複,https://vvtaxatree.tbn.org.tw/taxa/18107f3c-6a84-43fd-969e-a966cfd77134
1dd9d9b2-4932-4ec9-ae95-b90d60bfeaf9,species,Animalia,t0098176,"",Orimarga fuscivenosa,Orimarga fuscivenosa,學名重複,https://vvtaxatree.tbn.org.tw/taxa/1dd9d9b2-4932-4ec9-ae95-b90d60bfeaf9
eb314a3a-0bdb-435f-8d14-e53f60e7c19e,species,Animalia,t0098177,"",Orimarga griseipennis,Orimarga griseipennis,學名重複,https://vvtaxatree.tbn.org.tw/taxa/eb314a3a-0bdb-435f-8d14-e53f60e7c19e
47c9f8bc-8115-459e-9b34-3cca452a91ac,species,Animalia,t0098178,"",Orimarga gymnoneura,Orimarga gymnoneura,學名重複,https://vvtaxatree.tbn.org.tw/taxa/47c9f8bc-8115-459e-9b34-3cca452a91ac
13204b7e-8e13-4836-85bc-4eaa9352b045,species,Animalia,t0098179,"",Orimarga taiwanensis,Orimarga taiwanensis,學名重複,https://vvtaxatree.tbn.org.tw/taxa/13204b7e-8e13-4836-85bc-4eaa9352b045
3792a695-707c-413d-8185-74c0dee71251,species,Animalia,t0098182,"",Ormosia anthracopoda,Ormosia anthracopoda,學名重複,https://vvtaxatree.tbn.org.tw/taxa/3792a695-707c-413d-8185-74c0dee71251
ea44c369-c90b-469b-8ade-8afb270f9b7a,species,Animalia,t0098183,"",Ormosia arisanensis,Ormosia arisanensis,學名重複,https://vvtaxatree.tbn.org.tw/taxa/ea44c369-c90b-469b-8ade-8afb270f9b7a
5dbccc70-911d-4047-8e82-4bdf867d3d4a,species,Animalia,t0098184,"",Ormosia diplotergata,Ormosia diplotergata,學名重複,https://vvtaxatree.tbn.org.tw/taxa/5dbccc70-911d-4047-8e82-4bdf867d3d4a
70a6b725-7120-47d7-a76e-9b67d1cf47e0,species,Animalia,t0098185,"",Ormosia diversipennis,Ormosia diversipennis,學名重複,https://vvtaxatree.tbn.org.tw/taxa/70a6b725-7120-47d7-a76e-9b67d1cf47e0
5d06e8cc-fc52-4939-97be-acf214433da8,species,Animalia,t0098186,"",Ormosia shoreana,Ormosia shoreana,學名重複,https://vvtaxatree.tbn.org.tw/taxa/5d06e8cc-fc52-4939-97be-acf214433da8
a530db11-5c5d-4431-9381-367bfe5aef84,species,Animalia,t0098192,"",Orphinus aethiops,Orphinus aethiops,學名重複,https://vvtaxatree.tbn.org.tw/taxa/a530db11-5c5d-4431-9381-367bfe5aef84
0e7a1f6f-b5ee-4da4-9e2b-b4a93ad536b9,species,Animalia,t0098241,"",Pachos dentatum,Pachos dentatum,學名重複,https://vvtaxatree.tbn.org.tw/taxa/0e7a1f6f-b5ee-4da4-9e2b-b4a93ad536b9
f6e45a71-19c1-4074-9050-0ae91e73fb12,species,Animalia,t0098249,"",Paederus adiectus,Paederus adiectus,學名重複,https://vvtaxatree.tbn.org.tw/taxa/f6e45a71-19c1-4074-9050-0ae91e73fb12
942f2527-3955-46d1-b90a-bad0cfec369b,species,Animalia,t0098250,"",Paederus aequilobatus,Paederus aequilobatus,學名重複,https://vvtaxatree.tbn.org.tw/taxa/942f2527-3955-46d1-b90a-bad0cfec369b
70707798-6bee-42e0-a2dd-1a93292e8aad,species,Animalia,t0098251,"",Paederus alesi,Paederus alesi,學名重複,https://vvtaxatree.tbn.org.tw/taxa/70707798-6bee-42e0-a2dd-1a93292e8aad
5a5f3a0f-cd7d-46c9-ae35-a80daca40ee5,species,Animalia,t0098252,"",Paederus anmamontis,Paederus anmamontis,學名重複,https://vvtaxatree.tbn.org.tw/taxa/5a5f3a0f-cd7d-46c9-ae35-a80daca40ee5
dab9657f-ce79-47ee-9998-5610cb0a699e,species,Animalia,t0098253,"",Paederus bivirgatus,Paederus bivirgatus,學名重複,https://vvtaxatree.tbn.org.tw/taxa/dab9657f-ce79-47ee-9998-5610cb0a699e
7e491f51-8b81-4f59-85ea-8031967d7c1b,species,Animalia,t0098254,"",Paederus discurrens,Paederus discurrens,學名重複,https://vvtaxatree.tbn.org.tw/taxa/7e491f51-8b81-4f59-85ea-8031967d7c1b
ab8f6ee6-78d9-4c76-a605-f600a25d6960,species,Animalia,t0098255,"",Paederus excisissimus,Paederus excisissimus,學名重複,https://vvtaxatree.tbn.org.tw/taxa/ab8f6ee6-78d9-4c76-a605-f600a25d6960
4a54ab99-aa1b-4e92-877c-585fb3ece78e,species,Animalia,t0098256,"",Paederus fulvocaudatus,Paederus fulvocaudatus,學名重複,https://vvtaxatree.tbn.org.tw/taxa/4a54ab99-aa1b-4e92-877c-585fb3ece78e
7c0c6bfc-ba25-4fb9-8093-24bf8ac803c0,species,Animalia,t0098257,"",Paederus furcispinosus,Paederus furcispinosus,學名重複,https://vvtaxatree.tbn.org.tw/taxa/7c0c6bfc-ba25-4fb9-8093-24bf8ac803c0
140897c7-8fc6-451f-a9c6-d0f22910a6b2,species,Animalia,t0098258,"",Paederus incisus,Paederus incisus,學名重複,https://vvtaxatree.tbn.org.tw/taxa/140897c7-8fc6-451f-a9c6-d0f22910a6b2
fb8421f0-dbbc-4c98-a1e9-b51e508c272b,species,Animalia,t0098259,"",Paederus incurvatus,Paederus incurvatus,學名重複,https://vvtaxatree.tbn.org.tw/taxa/fb8421f0-dbbc-4c98-a1e9-b51e508c272b
34bba834-06a5-4405-8efa-143aee997f99,species,Animalia,t0098260,"",Paederus nigricrus,Paederus nigricrus,學名重複,https://vvtaxatree.tbn.org.tw/taxa/34bba834-06a5-4405-8efa-143aee997f99
33bb6293-5891-4240-9b61-f26b4b042840,species,Animalia,t0098261,"",Paederus semiflavus,Paederus semiflavus,學名重複,https://vvtaxatree.tbn.org.tw/taxa/33bb6293-5891-4240-9b61-f26b4b042840
5c32ca31-6eb8-43f5-a175-7bdd8fb6968f,species,Animalia,t0098262,"",Paederus trihamatus,Paederus trihamatus,學名重複,https://vvtaxatree.tbn.org.tw/taxa/5c32ca31-6eb8-43f5-a175-7bdd8fb6968f
42c2f31d-0310-4cc6-9802-65aea210a861,species,Animalia,t0098263,"",Paederus virgifer,Paederus virgifer,學名重複,https://vvtaxatree.tbn.org.tw/taxa/42c2f31d-0310-4cc6-9802-65aea210a861
ceda870c-252e-47fc-8e17-b5e14d7cdd29,species,Animalia,t0098275,"",Pambolus caudalis,Pambolus caudalis,學名重複,https://vvtaxatree.tbn.org.tw/taxa/ceda870c-252e-47fc-8e17-b5e14d7cdd29
ca39b78a-7639-4d9a-b65b-3c1e656e2ef0,species,Animalia,t0098276,"",Pambolus ruficeps,Pambolus ruficeps,學名重複,https://vvtaxatree.tbn.org.tw/taxa/ca39b78a-7639-4d9a-b65b-3c1e656e2ef0
df07f567-3ce1-4410-8505-82f98343aa3f,species,Animalia,t0098370,"",Pedicia orophila,Pedicia orophila,學名重複,https://vvtaxatree.tbn.org.tw/taxa/df07f567-3ce1-4410-8505-82f98343aa3f
b8e26845-20fa-45d5-9b86-14acef62314a,species,Animalia,t0098488,"",Physopelta parviceps,Physopelta parviceps,學名重複,https://vvtaxatree.tbn.org.tw/taxa/b8e26845-20fa-45d5-9b86-14acef62314a
033dc49b-eb05-4374-99c1-c45623662cf1,species,Animalia,t0098489,"",Physopelta quadriguttata,Physopelta quadriguttata,學名重複,https://vvtaxatree.tbn.org.tw/taxa/033dc49b-eb05-4374-99c1-c45623662cf1
fd2929dd-d567-4fd4-ab32-5898475d3736,species,Animalia,t0098503,"",Piophila contecta,Piophila contecta,學名重複,https://vvtaxatree.tbn.org.tw/taxa/fd2929dd-d567-4fd4-ab32-5898475d3736
2b4025dd-9101-454a-a4f5-7a460ee3cf31,species,Animalia,t0098504,"",Pipunculus coatalis,Pipunculus coatalis,學名重複,https://vvtaxatree.tbn.org.tw/taxa/2b4025dd-9101-454a-a4f5-7a460ee3cf31
7078e213-2483-4285-a662-e9c667f45db0,species,Animalia,t0098505,"",Pipunculus bicolor,Pipunculus bicolor,學名重複,https://vvtaxatree.tbn.org.tw/taxa/7078e213-2483-4285-a662-e9c667f45db0
57b40dd0-a045-4c47-ba99-a7916ca0c0c7,species,Animalia,t0098506,"",Pipunculus holosericeus,Pipunculus holosericeus,學名重複,https://vvtaxatree.tbn.org.tw/taxa/57b40dd0-a045-4c47-ba99-a7916ca0c0c7
f4cfbda3-e566-4d69-96f6-6201922d8f62,species,Animalia,t0098603,"",Prometopia quadrimaculata,Prometopia quadrimaculata,學名重複,https://vvtaxatree.tbn.org.tw/taxa/f4cfbda3-e566-4d69-96f6-6201922d8f62
2a69c125-db8f-43cf-b8ad-2835af4254c1,species,Animalia,t0098692,"",Pylocheles mortensenii,Pylocheles mortensenii,學名重複,https://vvtaxatree.tbn.org.tw/taxa/2a69c125-db8f-43cf-b8ad-2835af4254c1
9d4b1acb-418d-4e69-9a4d-4d01481f795a,species,Animalia,t0098807,"",Scolia desidiosa,Scolia desidiosa,學名重複,https://vvtaxatree.tbn.org.tw/taxa/9d4b1acb-418d-4e69-9a4d-4d01481f795a
c36e36a7-f346-43ed-b436-21c425268b75,species,Animalia,t0098808,"",Scolia formosicola,Scolia formosicola,學名重複,https://vvtaxatree.tbn.org.tw/taxa/c36e36a7-f346-43ed-b436-21c425268b75
97ac0216-55c0-47ba-82bf-53062ff4bf4e,species,Animalia,t0098809,"",Scolia minowai,Scolia minowai,學名重複,https://vvtaxatree.tbn.org.tw/taxa/97ac0216-55c0-47ba-82bf-53062ff4bf4e
639833cb-fe2e-431d-9397-86403c8b3125,species,Animalia,t0098810,"",Scolia taiwana,Scolia taiwana,學名重複,https://vvtaxatree.tbn.org.tw/taxa/639833cb-fe2e-431d-9397-86403c8b3125
8687ce26-1d69-420e-9767-eb91b8189058,species,Animalia,t0098811,"",Scolia wusheensis,Scolia wusheensis,學名重複,https://vvtaxatree.tbn.org.tw/taxa/8687ce26-1d69-420e-9767-eb91b8189058
5aafb8f5-b928-4320-8c39-9c64b3f616f2,species,Animalia,t0098832,"",Scymnus hoffmanni,Scymnus hoffmanni,學名重複,https://vvtaxatree.tbn.org.tw/taxa/5aafb8f5-b928-4320-8c39-9c64b3f616f2
ff27fe8e-aa87-4651-81e0-99f01b4d6498,species,Animalia,t0098833,"",Scymnus dorcatomoides,Scymnus dorcatomoides,學名重複,https://vvtaxatree.tbn.org.tw/taxa/ff27fe8e-aa87-4651-81e0-99f01b4d6498
a049f444-c2d9-4c55-92db-ef7cc8f6d9a8,species,Animalia,t0098834,"",Scymnus ovimaculatus,Scymnus ovimaculatus,學名重複,https://vvtaxatree.tbn.org.tw/taxa/a049f444-c2d9-4c55-92db-ef7cc8f6d9a8
49d830c2-f4ad-43ce-9aaa-6e8f07cb14be,species,Animalia,t0098835,"",Scymnus quadrillum,Scymnus quadrillum,學名重複,https://vvtaxatree.tbn.org.tw/taxa/49d830c2-f4ad-43ce-9aaa-6e8f07cb14be
b6482727-e578-40f7-a326-c6b39ebdf02c,species,Animalia,t0098836,"",Scymnus nubilus,Scymnus nubilus,學名重複,https://vvtaxatree.tbn.org.tw/taxa/b6482727-e578-40f7-a326-c6b39ebdf02c
a5123aa2-25b1-418a-9ac7-a6cf435ba381,species,Animalia,t0098873,"",Simulium tuenense,Simulium tuenense,學名重複,https://vvtaxatree.tbn.org.tw/taxa/a5123aa2-25b1-418a-9ac7-a6cf435ba381
9727917a-dc02-4fb9-80fd-d9f5d3c9c86f,species,Animalia,t0098874,"",Simulium taulingense,Simulium taulingense,學名重複,https://vvtaxatree.tbn.org.tw/taxa/9727917a-dc02-4fb9-80fd-d9f5d3c9c86f
83576d51-e7a6-4947-86da-f660770e5609,species,Animalia,t0098875,"",Simulium yushangense,Simulium yushangense,學名重複,https://vvtaxatree.tbn.org.tw/taxa/83576d51-e7a6-4947-86da-f660770e5609
d924f0ec-9371-4fb0-bc13-e8506b2663d5,species,Animalia,t0098876,"",Simulium chungi,Simulium chungi,學名重複,https://vvtaxatree.tbn.org.tw/taxa/d924f0ec-9371-4fb0-bc13-e8506b2663d5
5a06460a-e535-4f71-bb74-09b073642b69,species,Animalia,t0098877,"",Simulium puliense,Simulium puliense,學名重複,https://vvtaxatree.tbn.org.tw/taxa/5a06460a-e535-4f71-bb74-09b073642b69
2c4b1585-9555-4ea3-9c0e-be9c3484a0a0,species,Animalia,t0098878,"",Simulium sakishimaense,Simulium sakishimaense,學名重複,https://vvtaxatree.tbn.org.tw/taxa/2c4b1585-9555-4ea3-9c0e-be9c3484a0a0
db671722-54f3-4326-a18a-529ac16ee534,species,Animalia,t0098879,"",Simulium taiwanicum,Simulium taiwanicum,學名重複,https://vvtaxatree.tbn.org.tw/taxa/db671722-54f3-4326-a18a-529ac16ee534
d67ba22b-c899-4c07-a322-a2644e387cd4,species,Animalia,t0098880,"",Simulium ufengense,Simulium ufengense,學名重複,https://vvtaxatree.tbn.org.tw/taxa/d67ba22b-c899-4c07-a322-a2644e387cd4
ecbe5059-265c-4ca5-98c9-d555d01c7b59,species,Animalia,t0098881,"",Simulium yonakuniense,Simulium yonakuniense,學名重複,https://vvtaxatree.tbn.org.tw/taxa/ecbe5059-265c-4ca5-98c9-d555d01c7b59
5629f0b8-7616-4453-93b9-940cd9088757,species,Animalia,t0098899,"",Sipunculus nudus,Sipunculus nudus,學名重複,https://vvtaxatree.tbn.org.tw/taxa/5629f0b8-7616-4453-93b9-940cd9088757
5f4b3e0c-20c2-4a64-8ab2-74525af7dd88,species,Animalia,t0098985,"",Streblocera okadai,Streblocera okadai,學名重複,https://vvtaxatree.tbn.org.tw/taxa/5f4b3e0c-20c2-4a64-8ab2-74525af7dd88
a117a953-297d-4198-8d3c-168b568386b4,species,Animalia,t0098986,"",Streblocera villosa,Streblocera villosa,學名重複,https://vvtaxatree.tbn.org.tw/taxa/a117a953-297d-4198-8d3c-168b568386b4
a304198a-8b02-4cb9-9c29-a77136ef4c7a,species,Animalia,t0099076,"",Tarsolepis fulgurifera,Tarsolepis fulgurifera,學名重複,https://vvtaxatree.tbn.org.tw/taxa/a304198a-8b02-4cb9-9c29-a77136ef4c7a
518d3233-4eab-47e9-b4b3-641e9fcdbafa,species,Animalia,t0099111,"",Thaumastoptera issikiana,Thaumastoptera issikiana,學名重複,https://vvtaxatree.tbn.org.tw/taxa/518d3233-4eab-47e9-b4b3-641e9fcdbafa
7040c46e-2df7-4927-ae06-d852069483b9,species,Animalia,t0099123,"",Themus bicoloricornis,Themus bicoloricornis,學名重複,https://vvtaxatree.tbn.org.tw/taxa/7040c46e-2df7-4927-ae06-d852069483b9
1f806eaf-72d3-4404-8bed-b43de06988b4,species,Animalia,t0099124,"",Themus uniformis,Themus uniformis,學名重複,https://vvtaxatree.tbn.org.tw/taxa/1f806eaf-72d3-4404-8bed-b43de06988b4
2221c023-6b1a-4023-841f-a4167763ebb2,species,Animalia,t0099125,"",Themus formosanus,Themus formosanus,學名重複,https://vvtaxatree.tbn.org.tw/taxa/2221c023-6b1a-4023-841f-a4167763ebb2
d1c85d4f-32a0-4ec1-91b3-068d1a652937,species,Animalia,t0099126,"",Themus pallidipes,Themus pallidipes,學名重複,https://vvtaxatree.tbn.org.tw/taxa/d1c85d4f-32a0-4ec1-91b3-068d1a652937
1df68d9a-c4dd-44c7-9eb8-89fb56e9158e,species,Animalia,t0099127,"",Themus purpuratus,Themus purpuratus,學名重複,https://vvtaxatree.tbn.org.tw/taxa/1df68d9a-c4dd-44c7-9eb8-89fb56e9158e
15a19579-a645-4ecd-bcb2-0d880a6c8197,species,Animalia,t0099128,"",Themus satoi,Themus satoi,學名重複,https://vvtaxatree.tbn.org.tw/taxa/15a19579-a645-4ecd-bcb2-0d880a6c8197
168e6601-7ff7-4653-aecc-1889f314e4c2,species,Animalia,t0099129,"",Themus taiwanus,Themus taiwanus,學名重複,https://vvtaxatree.tbn.org.tw/taxa/168e6601-7ff7-4653-aecc-1889f314e4c2
47aa5a6b-9748-47ee-8e81-fc69e367e58c,species,Animalia,t0099161,"",Tipula alboplagiata,Tipula alboplagiata,學名重複,https://vvtaxatree.tbn.org.tw/taxa/47aa5a6b-9748-47ee-8e81-fc69e367e58c
7bbb79be-dcec-454a-a2f6-b0e14cc76dbf,species,Animalia,t0099162,"",Tipula obtusiloba,Tipula obtusiloba,學名重複,https://vvtaxatree.tbn.org.tw/taxa/7bbb79be-dcec-454a-a2f6-b0e14cc76dbf
13e5107f-aef3-4536-ade0-4aaf4df96dff,species,Animalia,t0099163,"",Tipula yamata,Tipula yamata,學名重複,https://vvtaxatree.tbn.org.tw/taxa/13e5107f-aef3-4536-ade0-4aaf4df96dff
1ccff270-81bc-42fa-86b2-56f1e44afb03,species,Animalia,t0099164,"",Tipula niitakensis,Tipula niitakensis,學名重複,https://vvtaxatree.tbn.org.tw/taxa/1ccff270-81bc-42fa-86b2-56f1e44afb03
36543e26-0437-4049-aead-f2f81bae83e7,species,Animalia,t0099165,"",Tipula obnata,Tipula obnata,學名重複,https://vvtaxatree.tbn.org.tw/taxa/36543e26-0437-4049-aead-f2f81bae83e7
f2d018ca-8c20-438c-b1fe-04161dec1078,species,Animalia,t0099166,"",Tipula tridentata,Tipula tridentata,學名重複,https://vvtaxatree.tbn.org.tw/taxa/f2d018ca-8c20-438c-b1fe-04161dec1078
42e10993-0d3c-4d93-8ddc-c6e2d620bbdd,species,Animalia,t0099167,"",Tipula rantaicola,Tipula rantaicola,學名重複,https://vvtaxatree.tbn.org.tw/taxa/42e10993-0d3c-4d93-8ddc-c6e2d620bbdd
51795810-24d9-425c-9173-5970fcdc0b00,species,Animalia,t0099168,"",Tipula sparsissima,Tipula sparsissima,學名重複,https://vvtaxatree.tbn.org.tw/taxa/51795810-24d9-425c-9173-5970fcdc0b00
a01d3c56-2783-49b8-9d0f-23c0ef4ee2c3,species,Animalia,t0099169,"",Tipula strictiva,Tipula strictiva,學名重複,https://vvtaxatree.tbn.org.tw/taxa/a01d3c56-2783-49b8-9d0f-23c0ef4ee2c3
c69e8574-0642-4f65-af70-b02195a1a278,species,Animalia,t0099170,"",Tipula lackschewitziana,Tipula lackschewitziana,學名重複,https://vvtaxatree.tbn.org.tw/taxa/c69e8574-0642-4f65-af70-b02195a1a278
ba963ccc-9259-493c-9854-ccee6569aa17,species,Animalia,t0099171,"",Tipula haplotricha,Tipula haplotricha,學名重複,https://vvtaxatree.tbn.org.tw/taxa/ba963ccc-9259-493c-9854-ccee6569aa17
13557a15-bc58-4615-a29d-84c3e8291b30,species,Animalia,t0099172,"",Tipula bicornigera,Tipula bicornigera,學名重複,https://vvtaxatree.tbn.org.tw/taxa/13557a15-bc58-4615-a29d-84c3e8291b30
6eb3f686-4ee2-478f-a943-ab8d6839410b,species,Animalia,t0099173,"",Tipula bicorunta,Tipula bicorunta,學名重複,https://vvtaxatree.tbn.org.tw/taxa/6eb3f686-4ee2-478f-a943-ab8d6839410b
8e9c2a23-dfa9-4f19-a2bb-2320da3b37c4,species,Animalia,t0099174,"",Tipula foliacea,Tipula foliacea,學名重複,https://vvtaxatree.tbn.org.tw/taxa/8e9c2a23-dfa9-4f19-a2bb-2320da3b37c4
c339d14e-a89e-4058-807b-63bbec297343,species,Animalia,t0099175,"",Tipula nestor,Tipula nestor,學名重複,https://vvtaxatree.tbn.org.tw/taxa/c339d14e-a89e-4058-807b-63bbec297343
3a3c30d1-a152-4c75-b035-d5c83324c7e5,species,Animalia,t0099176,"",Tipula nokonis,Tipula nokonis,學名重複,https://vvtaxatree.tbn.org.tw/taxa/3a3c30d1-a152-4c75-b035-d5c83324c7e5
d90b9ac1-5d00-4d45-a2d1-03c170fc7943,species,Animalia,t0099177,"",Tipula paravapiculata,Tipula paravapiculata,學名重複,https://vvtaxatree.tbn.org.tw/taxa/d90b9ac1-5d00-4d45-a2d1-03c170fc7943
5394e923-c108-4e6b-befe-169932e6ba00,species,Animalia,t0099178,"",Tipula subapterogyne,Tipula subapterogyne,學名重複,https://vvtaxatree.tbn.org.tw/taxa/5394e923-c108-4e6b-befe-169932e6ba00
b1a77e2f-e5b5-47cd-b017-a5f4bba7c6d8,species,Animalia,t0099179,"",Tipula takahashiana,Tipula takahashiana,學名重複,https://vvtaxatree.tbn.org.tw/taxa/b1a77e2f-e5b5-47cd-b017-a5f4bba7c6d8
1abc9b5f-39e1-487b-a259-ea9837d1b3a8,species,Animalia,t0099180,"",Tipula nova,Tipula nova,學名重複,https://vvtaxatree.tbn.org.tw/taxa/1abc9b5f-39e1-487b-a259-ea9837d1b3a8
99ae2ec2-116d-41df-b2e9-e96636eba89e,species,Animalia,t0099223,"",Trentepholia atayal,Trentepholia atayal,學名重複,https://vvtaxatree.tbn.org.tw/taxa/99ae2ec2-116d-41df-b2e9-e96636eba89e
ddbd4616-b2ce-424d-8ad5-7e74cd47d757,species,Animalia,t0099224,"",Trentepholia esakii,Trentepholia esakii,學名重複,https://vvtaxatree.tbn.org.tw/taxa/ddbd4616-b2ce-424d-8ad5-7e74cd47d757
77cc86e7-9246-415d-b47d-f5efb98e5334,species,Animalia,t0099225,"",Trentepholia montina,Trentepholia montina,學名重複,https://vvtaxatree.tbn.org.tw/taxa/77cc86e7-9246-415d-b47d-f5efb98e5334
f91bb2f0-b34b-41ed-842e-f42e39426c5a,species,Animalia,t0099226,"",Trentepholia platyleuca,Trentepholia platyleuca,學名重複,https://vvtaxatree.tbn.org.tw/taxa/f91bb2f0-b34b-41ed-842e-f42e39426c5a
72d39ffd-281e-40b0-a8a0-b744519cfb8c,species,Animalia,t0099227,"",Trentepholia tarsalba,Trentepholia tarsalba,學名重複,https://vvtaxatree.tbn.org.tw/taxa/72d39ffd-281e-40b0-a8a0-b744519cfb8c
eb419d5f-6617-4cd1-b191-ef5b66207974,species,Animalia,t0099228,"",Trentepholia fuscobasalis,Trentepholia fuscobasalis,學名重複,https://vvtaxatree.tbn.org.tw/taxa/eb419d5f-6617-4cd1-b191-ef5b66207974
0d44bce2-8adb-40c3-aeb3-aab3ce882288,species,Animalia,t0099229,"",Trentepholia proba,Trentepholia proba,學名重複,https://vvtaxatree.tbn.org.tw/taxa/0d44bce2-8adb-40c3-aeb3-aab3ce882288
cb450045-839d-4bb7-8ab0-8614419f4c89,species,Animalia,t0099230,"",Trentepholia pulchripennis,Trentepholia pulchripennis,學名重複,https://vvtaxatree.tbn.org.tw/taxa/cb450045-839d-4bb7-8ab0-8614419f4c89
1a4747e7-456a-470f-a2cf-b21abc4dba6b,species,Animalia,t0099487,"",Adelges tsugae,Adelges tsugae,學名重複,https://vvtaxatree.tbn.org.tw/taxa/1a4747e7-456a-470f-a2cf-b21abc4dba6b
e646ad66-43a2-4f3a-828b-ff9389f0b897,species,Animalia,t0099799,"",Adelges tsugae,Adelges tsugae,學名重複,https://vvtaxatree.tbn.org.tw/taxa/e646ad66-43a2-4f3a-828b-ff9389f0b897
d5d83def-1239-451c-9c21-8d7c176cf781,species,Animalia,t0099822,"",Agathidium alesi,Agathidium alesi,學名重複,https://vvtaxatree.tbn.org.tw/taxa/d5d83def-1239-451c-9c21-8d7c176cf781
b9535e0f-b6bf-4355-83b9-bedac81ecd4b,species,Animalia,t0099823,"",Agathidium alpestre,Agathidium alpestre,學名重複,https://vvtaxatree.tbn.org.tw/taxa/b9535e0f-b6bf-4355-83b9-bedac81ecd4b
d95bd8d6-3dd6-43d4-8d62-b81ebb6e6470,species,Animalia,t0099824,"",Agathidium angustatum,Agathidium angustatum,學名重複,https://vvtaxatree.tbn.org.tw/taxa/d95bd8d6-3dd6-43d4-8d62-b81ebb6e6470
72ee4048-d794-472e-8e94-3061cc4eaa29,species,Animalia,t0099825,"",Agathidium anmashanense,Agathidium anmashanense,學名重複,https://vvtaxatree.tbn.org.tw/taxa/72ee4048-d794-472e-8e94-3061cc4eaa29
6e79805c-3d7e-4cb2-80e4-0968a69a661c,species,Animalia,t0099826,"",Agathidium asphaltinum,Agathidium asphaltinum,學名重複,https://vvtaxatree.tbn.org.tw/taxa/6e79805c-3d7e-4cb2-80e4-0968a69a661c
7f017d0e-e705-4d07-95d9-d204494175e9,species,Animalia,t0099827,"",Agathidium chalconotum,Agathidium chalconotum,學名重複,https://vvtaxatree.tbn.org.tw/taxa/7f017d0e-e705-4d07-95d9-d204494175e9
0bf4f905-69f2-46ca-abe1-b7d6428c5dca,species,Animalia,t0099828,"",Agathidium chiaicum,Agathidium chiaicum,學名重複,https://vvtaxatree.tbn.org.tw/taxa/0bf4f905-69f2-46ca-abe1-b7d6428c5dca
42b88979-7bbd-4ef3-bb45-f8638f018062,species,Animalia,t0099829,"",Agathidium comptum,Agathidium comptum,學名重複,https://vvtaxatree.tbn.org.tw/taxa/42b88979-7bbd-4ef3-bb45-f8638f018062
dfecdc3b-c661-4254-878d-ed03c16d3f4f,species,Animalia,t0099830,"",Agathidium delicatulum,Agathidium delicatulum,學名重複,https://vvtaxatree.tbn.org.tw/taxa/dfecdc3b-c661-4254-878d-ed03c16d3f4f
1df999eb-7853-4126-9cde-94869b3d6651,species,Animalia,t0099831,"",Agathidium discretum,Agathidium discretum,學名重複,https://vvtaxatree.tbn.org.tw/taxa/1df999eb-7853-4126-9cde-94869b3d6651
11f52d6c-7790-40a9-8a03-b6a2245a31c6,species,Animalia,t0099832,"",Agathidium distinguendum,Agathidium distinguendum,學名重複,https://vvtaxatree.tbn.org.tw/taxa/11f52d6c-7790-40a9-8a03-b6a2245a31c6
c700da23-333d-46eb-a830-c1ab3785c34f,species,Animalia,t0099833,"",Agathidium egregium,Agathidium egregium,學名重複,https://vvtaxatree.tbn.org.tw/taxa/c700da23-333d-46eb-a830-c1ab3785c34f
55b73537-0d92-4272-9a26-49d44dc75c33,species,Animalia,t0099834,"",Agathidium exoletum,Agathidium exoletum,學名重複,https://vvtaxatree.tbn.org.tw/taxa/55b73537-0d92-4272-9a26-49d44dc75c33
53290239-c424-4874-b07c-ad32a1d37201,species,Animalia,t0099835,"",Agathidium familiare,Agathidium familiare,學名重複,https://vvtaxatree.tbn.org.tw/taxa/53290239-c424-4874-b07c-ad32a1d37201
c2ee24d3-49ed-4525-9884-85ae163a8f91,species,Animalia,t0099836,"",Agathidium fenestratum,Agathidium fenestratum,學名重複,https://vvtaxatree.tbn.org.tw/taxa/c2ee24d3-49ed-4525-9884-85ae163a8f91
8a1f265c-3905-4e8f-93f1-a96b2417dbee,species,Animalia,t0099837,"",Agathidium formosum,Agathidium formosum,學名重複,https://vvtaxatree.tbn.org.tw/taxa/8a1f265c-3905-4e8f-93f1-a96b2417dbee
07e2c856-bc11-435c-b4f2-ef6106bb1b5d,species,Animalia,t0099838,"",Agathidium fuliginosum,Agathidium fuliginosum,學名重複,https://vvtaxatree.tbn.org.tw/taxa/07e2c856-bc11-435c-b4f2-ef6106bb1b5d
3c7ffe0d-1c23-4a82-a071-499025094739,species,Animalia,t0099839,"",Agathidium furcatum,Agathidium furcatum,學名重複,https://vvtaxatree.tbn.org.tw/taxa/3c7ffe0d-1c23-4a82-a071-499025094739
b55794cd-1148-46a8-9530-4bde428a65a5,species,Animalia,t0099840,"",Agathidium fuscum,Agathidium fuscum,學名重複,https://vvtaxatree.tbn.org.tw/taxa/b55794cd-1148-46a8-9530-4bde428a65a5
22961beb-a430-4434-80e2-d48297b43487,species,Animalia,t0099841,"",Agathidium glabricolle,Agathidium glabricolle,學名重複,https://vvtaxatree.tbn.org.tw/taxa/22961beb-a430-4434-80e2-d48297b43487
f4359489-66e6-4db8-8674-83d2e8aef179,species,Animalia,t0099842,"",Agathidium griseum,Agathidium griseum,學名重複,https://vvtaxatree.tbn.org.tw/taxa/f4359489-66e6-4db8-8674-83d2e8aef179
1b288c68-9a35-4797-8427-2a91affaf518,species,Animalia,t0099843,"",Agathidium grossum,Agathidium grossum,學名重複,https://vvtaxatree.tbn.org.tw/taxa/1b288c68-9a35-4797-8427-2a91affaf518
dfcbf3f6-964f-4ba7-8c44-e5e12f37615d,species,Animalia,t0099844,"",Agathidium honestum,Agathidium honestum,學名重複,https://vvtaxatree.tbn.org.tw/taxa/dfcbf3f6-964f-4ba7-8c44-e5e12f37615d
7458f83f-f5b5-47f2-8ff6-f10deead711e,species,Animalia,t0099845,"",Agathidium intricatum,Agathidium intricatum,學名重複,https://vvtaxatree.tbn.org.tw/taxa/7458f83f-f5b5-47f2-8ff6-f10deead711e
9aeb252e-f775-4e4c-ac5c-ebc3c7794cec,species,Animalia,t0099846,"",Agathidium inustum,Agathidium inustum,學名重複,https://vvtaxatree.tbn.org.tw/taxa/9aeb252e-f775-4e4c-ac5c-ebc3c7794cec
1ed7fd8e-34a7-4a48-93c1-d122fc4357fd,species,Animalia,t0099847,"",Agathidium kaohsiungense,Agathidium kaohsiungense,學名重複,https://vvtaxatree.tbn.org.tw/taxa/1ed7fd8e-34a7-4a48-93c1-d122fc4357fd
89ac1a5a-478c-4407-8709-5ff4a1d4679a,species,Animalia,t0099848,"",Agathidium lucidum,Agathidium lucidum,學名重複,https://vvtaxatree.tbn.org.tw/taxa/89ac1a5a-478c-4407-8709-5ff4a1d4679a
ec784da7-d784-4a69-8393-c08f2f1a1d10,species,Animalia,t0099849,"",Agathidium lucifugum,Agathidium lucifugum,學名重複,https://vvtaxatree.tbn.org.tw/taxa/ec784da7-d784-4a69-8393-c08f2f1a1d10
cda84cc3-1ef6-4bcd-97f6-067d97d36eac,species,Animalia,t0099850,"",Agathidium lunatum,Agathidium lunatum,學名重複,https://vvtaxatree.tbn.org.tw/taxa/cda84cc3-1ef6-4bcd-97f6-067d97d36eac
4b44ea4d-d157-4c84-9eb2-786078805ae7,species,Animalia,t0099851,"",Agathidium meifengense,Agathidium meifengense,學名重複,https://vvtaxatree.tbn.org.tw/taxa/4b44ea4d-d157-4c84-9eb2-786078805ae7
693cdab1-d2af-4fd5-b4b4-34dc8f1fd27e,species,Animalia,t0099852,"",Agathidium melanocephalum,Agathidium melanocephalum,學名重複,https://vvtaxatree.tbn.org.tw/taxa/693cdab1-d2af-4fd5-b4b4-34dc8f1fd27e
1e12eed1-ea64-4b39-a08f-5b023b2ad9c2,species,Animalia,t0099853,"",Agathidium memnonium,Agathidium memnonium,學名重複,https://vvtaxatree.tbn.org.tw/taxa/1e12eed1-ea64-4b39-a08f-5b023b2ad9c2
04433f2c-c121-47a2-88bb-623cb97253dd,species,Animalia,t0099854,"",Agathidium pictum,Agathidium pictum,學名重複,https://vvtaxatree.tbn.org.tw/taxa/04433f2c-c121-47a2-88bb-623cb97253dd
53f785ad-4100-4847-bf18-fd0833aee94c,species,Animalia,t0099855,"",Agathidium splendidulum,Agathidium splendidulum,學名重複,https://vvtaxatree.tbn.org.tw/taxa/53f785ad-4100-4847-bf18-fd0833aee94c
6271e4fe-b27b-436f-b593-6be71ab4fcca,species,Animalia,t0099856,"",Agathidium subalpinum,Agathidium subalpinum,學名重複,https://vvtaxatree.tbn.org.tw/taxa/6271e4fe-b27b-436f-b593-6be71ab4fcca
212a1b77-52e9-4870-bd6f-035b1a702e81,species,Animalia,t0099857,"",Agathidium subnitidum,Agathidium subnitidum,學名重複,https://vvtaxatree.tbn.org.tw/taxa/212a1b77-52e9-4870-bd6f-035b1a702e81
3990c1e5-9b94-42c1-b4ac-b6bc1c64db44,species,Animalia,t0099858,"",Agathidium subsinuatum,Agathidium subsinuatum,學名重複,https://vvtaxatree.tbn.org.tw/taxa/3990c1e5-9b94-42c1-b4ac-b6bc1c64db44
c4081794-684d-4954-8d73-9986ef50f777,species,Animalia,t0099859,"",Agathidium taichungense,Agathidium taichungense,學名重複,https://vvtaxatree.tbn.org.tw/taxa/c4081794-684d-4954-8d73-9986ef50f777
f111c17e-ef3b-4e62-bdb7-bf8049d988e1,species,Animalia,t0099860,"",Agathidium tardum,Agathidium tardum,學名重複,https://vvtaxatree.tbn.org.tw/taxa/f111c17e-ef3b-4e62-bdb7-bf8049d988e1
d9c11c42-b89f-4d38-b781-8083e8e7eeca,species,Animalia,t0099861,"",Agathidium tenebroides,Agathidium tenebroides,學名重複,https://vvtaxatree.tbn.org.tw/taxa/d9c11c42-b89f-4d38-b781-8083e8e7eeca
5fcf7457-fbec-4271-9742-3c7dd49a8cbc,species,Animalia,t0099862,"",Agathidium tessellatum,Agathidium tessellatum,學名重複,https://vvtaxatree.tbn.org.tw/taxa/5fcf7457-fbec-4271-9742-3c7dd49a8cbc
5b3fcc7c-0d21-442c-a0c8-3f1be52534de,species,Animalia,t0099863,"",Agathidium umbratum,Agathidium umbratum,學名重複,https://vvtaxatree.tbn.org.tw/taxa/5b3fcc7c-0d21-442c-a0c8-3f1be52534de
238819ce-c0ac-47cc-ad7a-98c43d2edfd5,species,Animalia,t0099864,"",Agathidium geniculatum,Agathidium geniculatum,學名重複,https://vvtaxatree.tbn.org.tw/taxa/238819ce-c0ac-47cc-ad7a-98c43d2edfd5
65a07e35-effa-401b-9d1f-8b30a1f03cfc,species,Animalia,t0099865,"",Agathidium inquisitor,Agathidium inquisitor,學名重複,https://vvtaxatree.tbn.org.tw/taxa/65a07e35-effa-401b-9d1f-8b30a1f03cfc
28ffe8ad-985a-4c25-8fa1-8e5e64468528,species,Animalia,t0099866,"",Agathidium yushanicum,Agathidium yushanicum,學名重複,https://vvtaxatree.tbn.org.tw/taxa/28ffe8ad-985a-4c25-8fa1-8e5e64468528
4f7f38e1-4c7a-4eee-b514-b13f07482bec,species,Animalia,t0099867,"",Agathidium oblitum,Agathidium oblitum,學名重複,https://vvtaxatree.tbn.org.tw/taxa/4f7f38e1-4c7a-4eee-b514-b13f07482bec
dc3aeea9-45bb-4725-9c9a-323efdd83642,species,Animalia,t0099868,"",Agathidium amictum,Agathidium amictum,學名重複,https://vvtaxatree.tbn.org.tw/taxa/dc3aeea9-45bb-4725-9c9a-323efdd83642
b96fce34-a8cd-48f8-a756-e9b17cbeeda2,species,Animalia,t0099869,"",Agathidium fenchihuense,Agathidium fenchihuense,學名重複,https://vvtaxatree.tbn.org.tw/taxa/b96fce34-a8cd-48f8-a756-e9b17cbeeda2
77d15bd9-6cf5-4100-b625-0da30c6bdb37,species,Animalia,t0099870,"",Agathidium klapperichi,Agathidium klapperichi,學名重複,https://vvtaxatree.tbn.org.tw/taxa/77d15bd9-6cf5-4100-b625-0da30c6bdb37
bde8eeb4-3cad-40ee-90fa-81016ce5360f,species,Animalia,t0099871,"",Agathidium serratum,Agathidium serratum,學名重複,https://vvtaxatree.tbn.org.tw/taxa/bde8eeb4-3cad-40ee-90fa-81016ce5360f
a8bd4bc7-ed55-4421-997d-b601dfbaf638,species,Animalia,t0099872,"",Agathidium taiwanense,Agathidium taiwanense,學名重複,https://vvtaxatree.tbn.org.tw/taxa/a8bd4bc7-ed55-4421-997d-b601dfbaf638
bd7428b1-2e12-4071-ae9a-69ece4c8043e,species,Animalia,t0099873,"",Agathidium venustum,Agathidium venustum,學名重複,https://vvtaxatree.tbn.org.tw/taxa/bd7428b1-2e12-4071-ae9a-69ece4c8043e
7d44fb04-dc2a-46a7-831c-0d9dd5c12c59,species,Animalia,t0099874,"",Agathidium kyotoense,Agathidium kyotoense,學名重複,https://vvtaxatree.tbn.org.tw/taxa/7d44fb04-dc2a-46a7-831c-0d9dd5c12c59
045e9308-6cbb-485d-b9bf-9fa34cf62f53,species,Animalia,t0099875,"",Agathidium nigrocastaneum,Agathidium nigrocastaneum,學名重複,https://vvtaxatree.tbn.org.tw/taxa/045e9308-6cbb-485d-b9bf-9fa34cf62f53
22ad6219-6841-428b-a34d-89786af835ed,species,Animalia,t0099876,"",Agathidium praeustum,Agathidium praeustum,學名重複,https://vvtaxatree.tbn.org.tw/taxa/22ad6219-6841-428b-a34d-89786af835ed
87a3f7a4-5b6b-4486-901b-c7a2cae575e5,species,Animalia,t0099877,"",Agathidium rufomarginatum,Agathidium rufomarginatum,學名重複,https://vvtaxatree.tbn.org.tw/taxa/87a3f7a4-5b6b-4486-901b-c7a2cae575e5
5a7b677c-26b2-44a6-ad46-9043493c9037,species,Animalia,t0099878,"",Agathidium tarokoense,Agathidium tarokoense,學名重複,https://vvtaxatree.tbn.org.tw/taxa/5a7b677c-26b2-44a6-ad46-9043493c9037
d77c0105-f646-4410-ab2b-9da2d2dcd011,species,Animalia,t0099879,"",Agathidium vestitum,Agathidium vestitum,學名重複,https://vvtaxatree.tbn.org.tw/taxa/d77c0105-f646-4410-ab2b-9da2d2dcd011
6b5f63bc-e66d-4a78-901b-01921ce8aa72,species,Animalia,t0099929,"",Amarygmus antecedens,Amarygmus antecedens,學名重複,https://vvtaxatree.tbn.org.tw/taxa/6b5f63bc-e66d-4a78-901b-01921ce8aa72
ecc0159d-a91d-4645-82b1-0926a727d9cf,species,Animalia,t0099930,"",Amarygmus antecursor,Amarygmus antecursor,學名重複,https://vvtaxatree.tbn.org.tw/taxa/ecc0159d-a91d-4645-82b1-0926a727d9cf
0b320002-ac76-4816-936c-db7a05159c7c,species,Animalia,t0099984,"",Ankylopteryx gracilis,Ankylopteryx gracilis,學名重複,https://vvtaxatree.tbn.org.tw/taxa/0b320002-ac76-4816-936c-db7a05159c7c
80dd7764-77d0-4b70-8c96-3dca2d0885d4,species,Animalia,t0099991,"",Anopheles sinensis,Anopheles sinensis,學名重複,https://vvtaxatree.tbn.org.tw/taxa/80dd7764-77d0-4b70-8c96-3dca2d0885d4
095798c9-aee9-4e1f-a345-4b9e290339f1,species,Animalia,t0099992,"",Anopheles minimus,Anopheles minimus,學名重複,https://vvtaxatree.tbn.org.tw/taxa/095798c9-aee9-4e1f-a345-4b9e290339f1
723914e5-95d9-43eb-b741-2bcb8913f66d,species,Animalia,t0099993,"",Anopheles takasagoensis,Anopheles takasagoensis,學名重複,https://vvtaxatree.tbn.org.tw/taxa/723914e5-95d9-43eb-b741-2bcb8913f66d
abd082e2-703d-4a77-9aa6-992965816fa2,species,Animalia,t0099994,"",Anopheles tessellatus,Anopheles tessellatus,學名重複,https://vvtaxatree.tbn.org.tw/taxa/abd082e2-703d-4a77-9aa6-992965816fa2
2cc79dbf-91b8-448a-ac11-8080a77101cc,species,Animalia,t0100017,"",Anthaxia taiwanensis,Anthaxia taiwanensis,學名重複,https://vvtaxatree.tbn.org.tw/taxa/2cc79dbf-91b8-448a-ac11-8080a77101cc
a0ac85c6-fd19-4440-bd04-a18a0d3662ab,species,Animalia,t0100018,"",Anthaxia akiyamai,Anthaxia akiyamai,學名重複,https://vvtaxatree.tbn.org.tw/taxa/a0ac85c6-fd19-4440-bd04-a18a0d3662ab
ee5068ad-b353-4a15-bbe5-22c4a6dd1ccf,species,Animalia,t0100019,"",Anthaxia clio,Anthaxia clio,學名重複,https://vvtaxatree.tbn.org.tw/taxa/ee5068ad-b353-4a15-bbe5-22c4a6dd1ccf
effbf7a1-5f30-4b85-b947-5eee4eefb935,species,Animalia,t0100020,"",Anthaxia erato,Anthaxia erato,學名重複,https://vvtaxatree.tbn.org.tw/taxa/effbf7a1-5f30-4b85-b947-5eee4eefb935
790bf3cc-0085-4ae7-93cb-86b253054ab6,species,Animalia,t0100021,"",Anthaxia formosensis,Anthaxia formosensis,學名重複,https://vvtaxatree.tbn.org.tw/taxa/790bf3cc-0085-4ae7-93cb-86b253054ab6
0ccf2976-3ee0-4ec4-940f-9900696ac7ea,species,Animalia,t0100022,"",Anthaxia kurosawai,Anthaxia kurosawai,學名重複,https://vvtaxatree.tbn.org.tw/taxa/0ccf2976-3ee0-4ec4-940f-9900696ac7ea
fb74b82c-bd14-4635-b99c-69633a352b22,species,Animalia,t0100023,"",Anthaxia svatopluki,Anthaxia svatopluki,學名重複,https://vvtaxatree.tbn.org.tw/taxa/fb74b82c-bd14-4635-b99c-69633a352b22
79a6f606-d5ba-459b-ae7d-413ab36969ba,species,Animalia,t0100024,"",Anthaxia toyamai,Anthaxia toyamai,學名重複,https://vvtaxatree.tbn.org.tw/taxa/79a6f606-d5ba-459b-ae7d-413ab36969ba
51d85183-a802-4057-b446-760e0b64fc42,species,Animalia,t0100025,"",Anthaxia vicesimasexta,Anthaxia vicesimasexta,學名重複,https://vvtaxatree.tbn.org.tw/taxa/51d85183-a802-4057-b446-760e0b64fc42
e5c8b866-1c85-47cc-ac68-931bb87e456b,species,Animalia,t0100027,"",Anthaxia svatopluki,Anthaxia svatopluki,學名重複,https://vvtaxatree.tbn.org.tw/taxa/e5c8b866-1c85-47cc-ac68-931bb87e456b
961a220a-4c83-4aab-922b-8c87ebf00b98,species,Animalia,t0100043,"",Antocha bifida,Antocha bifida,學名重複,https://vvtaxatree.tbn.org.tw/taxa/961a220a-4c83-4aab-922b-8c87ebf00b98
47f08409-1818-4346-931b-4d7846d73e4b,species,Animalia,t0100044,"",Antocha javaensis,Antocha javaensis,學名重複,https://vvtaxatree.tbn.org.tw/taxa/47f08409-1818-4346-931b-4d7846d73e4b
63f4d7dc-c350-46d3-b61d-c5fd001a40df,species,Animalia,t0100045,"",Antocha styx,Antocha styx,學名重複,https://vvtaxatree.tbn.org.tw/taxa/63f4d7dc-c350-46d3-b61d-c5fd001a40df
3c8f6250-5298-467d-a975-e7e4f400ecd3,species,Animalia,t0100048,"",Apamea herczigi,Apamea herczigi,學名重複,https://vvtaxatree.tbn.org.tw/taxa/3c8f6250-5298-467d-a975-e7e4f400ecd3
95cea2cb-af5d-4180-b7d3-445d78f3d2b7,species,Animalia,t0100049,"",Apamea ikerfasciata,Apamea ikerfasciata,學名重複,https://vvtaxatree.tbn.org.tw/taxa/95cea2cb-af5d-4180-b7d3-445d78f3d2b7
90fd6100-9ed4-47ae-937c-7f47b3c7ea2f,species,Animalia,t0100050,"",Apamea changi,Apamea changi,學名重複,https://vvtaxatree.tbn.org.tw/taxa/90fd6100-9ed4-47ae-937c-7f47b3c7ea2f
80a5af83-3464-409e-85ca-5d1f98add109,species,Animalia,t0100059,"",Aphodius sublimbatus,Aphodius sublimbatus,學名重複,https://vvtaxatree.tbn.org.tw/taxa/80a5af83-3464-409e-85ca-5d1f98add109
583bdfba-1805-4d32-bb5f-674c3ac0f3ef,species,Animalia,t0100060,"",Aphodius kotoensis,Aphodius kotoensis,學名重複,https://vvtaxatree.tbn.org.tw/taxa/583bdfba-1805-4d32-bb5f-674c3ac0f3ef
5e6da547-5b3d-4311-8f16-a69b1bc6b696,species,Animalia,t0100061,"",Aphodius priscus,Aphodius priscus,學名重複,https://vvtaxatree.tbn.org.tw/taxa/5e6da547-5b3d-4311-8f16-a69b1bc6b696
b64443ef-9125-4463-8f06-eae5501ca4b1,species,Animalia,t0100119,"",Asarkina eurytaeniata,Asarkina eurytaeniata,學名重複,https://vvtaxatree.tbn.org.tw/taxa/b64443ef-9125-4463-8f06-eae5501ca4b1
a0811b3d-446b-4764-a30e-102978cd58ee,species,Animalia,t0100145,"",Atarba issikiana,Atarba issikiana,學名重複,https://vvtaxatree.tbn.org.tw/taxa/a0811b3d-446b-4764-a30e-102978cd58ee
898f7e29-3243-4eb3-8b14-3898b38739a9,species,Animalia,t0100146,"",Atarba leptoxantha,Atarba leptoxantha,學名重複,https://vvtaxatree.tbn.org.tw/taxa/898f7e29-3243-4eb3-8b14-3898b38739a9
ad77dfde-1137-4cd4-ba54-d4c9e74901d5,species,Animalia,t0100156,"",Atherigona machligera,Atherigona machligera,學名重複,https://vvtaxatree.tbn.org.tw/taxa/ad77dfde-1137-4cd4-ba54-d4c9e74901d5
c0417361-9f25-4a27-84d9-ceb68bd725a3,species,Animalia,t0100157,"",Atherigona nigripes,Atherigona nigripes,學名重複,https://vvtaxatree.tbn.org.tw/taxa/c0417361-9f25-4a27-84d9-ceb68bd725a3
0b344992-4f78-4805-847a-b8682b26bd56,species,Animalia,t0100158,"",Atherigona orientalis,Atherigona orientalis,學名重複,https://vvtaxatree.tbn.org.tw/taxa/0b344992-4f78-4805-847a-b8682b26bd56
91d993ab-f470-4414-9840-33180e30f94f,species,Animalia,t0100159,"",Atherigona reversura,Atherigona reversura,學名重複,https://vvtaxatree.tbn.org.tw/taxa/91d993ab-f470-4414-9840-33180e30f94f
fc246ea1-f3d6-4338-9cd1-11fa5a36c2ab,species,Animalia,t0100179,"",Aulacocheilus shinoharai,Aulacocheilus shinoharai,學名重複,https://vvtaxatree.tbn.org.tw/taxa/fc246ea1-f3d6-4338-9cd1-11fa5a36c2ab
b7f8f039-a96d-4177-91a4-9530df36170a,species,Animalia,t0100192,"",Baccha amphithoe,Baccha amphithoe,學名重複,https://vvtaxatree.tbn.org.tw/taxa/b7f8f039-a96d-4177-91a4-9530df36170a
667c8854-c563-4cc1-806c-02e9a08c0d8e,species,Animalia,t0100193,"",Baccha fallax,Baccha fallax,學名重複,https://vvtaxatree.tbn.org.tw/taxa/667c8854-c563-4cc1-806c-02e9a08c0d8e
0bd47ed2-eb16-4ce2-aa10-da791ca30217,species,Animalia,t0100194,"",Baccha nubilipennis,Baccha nubilipennis,學名重複,https://vvtaxatree.tbn.org.tw/taxa/0bd47ed2-eb16-4ce2-aa10-da791ca30217
0f9ddb53-e0bb-49bb-9298-bac9ea8bd1ed,species,Animalia,t0100195,"",Baccha sapphirina,Baccha sapphirina,學名重複,https://vvtaxatree.tbn.org.tw/taxa/0f9ddb53-e0bb-49bb-9298-bac9ea8bd1ed
024f62e4-1e2b-4faa-b7ee-65b5d3723ccc,species,Animalia,t0100196,"",Baccha maculata,Baccha maculata,學名重複,https://vvtaxatree.tbn.org.tw/taxa/024f62e4-1e2b-4faa-b7ee-65b5d3723ccc
1299cc9a-b313-433b-b332-9f393aedccde,species,Animalia,t0100206,"",Balanophyllia cornu,Balanophyllia cornu,學名重複,https://vvtaxatree.tbn.org.tw/taxa/1299cc9a-b313-433b-b332-9f393aedccde
93a69df4-ec7d-45b9-a716-229a0aeb0493,species,Animalia,t0136268,"",Pyrrhocorax pyrrhocorax,Pyrrhocorax pyrrhocorax,學名重複,https://vvtaxatree.tbn.org.tw/taxa/93a69df4-ec7d-45b9-a716-229a0aeb0493
b21fdadf-efe5-42d1-9904-6e0d1bb73529,species,Animalia,t0136331,"",Agapornis personatus,Agapornis personatus,學名重複,https://vvtaxatree.tbn.org.tw/taxa/b21fdadf-efe5-42d1-9904-6e0d1bb73529
f1c6c1a2-eac6-4627-a11a-338ee1cdaeec,species,Animalia,t0136332,"",Alle alle,Alle alle,學名重複,https://vvtaxatree.tbn.org.tw/taxa/f1c6c1a2-eac6-4627-a11a-338ee1cdaeec
2a3f786e-4b6e-42d2-9df3-25f9a0bd4de3,species,Animalia,t0136333,"",Amandava subflava,Amandava subflava,學名重複,https://vvtaxatree.tbn.org.tw/taxa/2a3f786e-4b6e-42d2-9df3-25f9a0bd4de3
11b31675-5792-4aee-8c1e-31e77969ffd3,species,Animalia,t0136334,"",Callonetta leucophrys,Callonetta leucophrys,學名重複,https://vvtaxatree.tbn.org.tw/taxa/11b31675-5792-4aee-8c1e-31e77969ffd3
0beac91e-d441-4e78-a1d0-98fd02638c4c,species,Animalia,t0136335,"",Carrhotus viduus,Carrhotus viduus,學名重複,https://vvtaxatree.tbn.org.tw/taxa/0beac91e-d441-4e78-a1d0-98fd02638c4c
10989738-6f4a-4a4f-b0c6-99253f4c5976,species,Animalia,t0136336,"",Centrochelys sulcata,Centrochelys sulcata,學名重複,https://vvtaxatree.tbn.org.tw/taxa/10989738-6f4a-4a4f-b0c6-99253f4c5976
6a23251c-04dc-4658-8388-33ae4d6b5cb1,species,Animalia,t0136337,"",Chloropsis cochinchinensis,Chloropsis cochinchinensis,學名重複,https://vvtaxatree.tbn.org.tw/taxa/6a23251c-04dc-4658-8388-33ae4d6b5cb1
be063299-3adf-4126-bd5a-658f9b286631,species,Animalia,t0136338,"",Crithagra citrinipectus,Crithagra citrinipectus,學名重複,https://vvtaxatree.tbn.org.tw/taxa/be063299-3adf-4126-bd5a-658f9b286631
4cd0e9c8-564f-4db1-914d-593a3743a271,species,Animalia,t0136339,"",Dacelo novaeguineae,Dacelo novaeguineae,學名重複,https://vvtaxatree.tbn.org.tw/taxa/4cd0e9c8-564f-4db1-914d-593a3743a271
afa0bd13-a676-49d9-86ff-9c6d871a8116,species,Animalia,t0136340,"",Diopsittaca nobilis,Diopsittaca nobilis,學名重複,https://vvtaxatree.tbn.org.tw/taxa/afa0bd13-a676-49d9-86ff-9c6d871a8116
e0f98ab3-286b-4277-b896-b1fae10b6854,species,Animalia,t0136341,"",Eclectus roratus,Eclectus roratus,學名重複,https://vvtaxatree.tbn.org.tw/taxa/e0f98ab3-286b-4277-b896-b1fae10b6854
2c4b9c85-107d-4100-8ad2-023672dd4fba,species,Animalia,t0136342,"",Euplectes afer,Euplectes afer,學名重複,https://vvtaxatree.tbn.org.tw/taxa/2c4b9c85-107d-4100-8ad2-023672dd4fba
b9d2d7da-ba49-4ab2-afd1-36e8529a49ec,species,Animalia,t0136343,"",Euplectes orix,Euplectes orix,學名重複,https://vvtaxatree.tbn.org.tw/taxa/b9d2d7da-ba49-4ab2-afd1-36e8529a49ec
2d3cbfdb-0ae0-4864-a065-67f269f6d4db,species,Animalia,t0136344,"",Geokichla dohertyi,Geokichla dohertyi,學名重複,https://vvtaxatree.tbn.org.tw/taxa/2d3cbfdb-0ae0-4864-a065-67f269f6d4db
e2c7fa5a-5273-4916-9706-3e56f956e7ac,species,Animalia,t0136345,"",Geopelia cuneata,Geopelia cuneata,學名重複,https://vvtaxatree.tbn.org.tw/taxa/e2c7fa5a-5273-4916-9706-3e56f956e7ac
4101b206-5102-4e61-82ac-db98ffa09c60,species,Animalia,t0136346,"",Graptemys ouachitensis,Graptemys ouachitensis,學名重複,https://vvtaxatree.tbn.org.tw/taxa/4101b206-5102-4e61-82ac-db98ffa09c60
50591f4a-34a2-4707-a1c2-97dc6fccd4f8,species,Animalia,t0136347,"",Lamprotornis caudatus,Lamprotornis caudatus,學名重複,https://vvtaxatree.tbn.org.tw/taxa/50591f4a-34a2-4707-a1c2-97dc6fccd4f8
9842d56f-ef97-4ebe-b7f4-883accbc7a52,species,Animalia,t0136348,"",Machlolophus spilonotus,Machlolophus spilonotus,學名重複,https://vvtaxatree.tbn.org.tw/taxa/9842d56f-ef97-4ebe-b7f4-883accbc7a52
9b925e7a-9c40-4bed-9676-eab118c32ea2,species,Animalia,t0136349,"",Meleagris gallopavo,Meleagris gallopavo,學名重複,https://vvtaxatree.tbn.org.tw/taxa/9b925e7a-9c40-4bed-9676-eab118c32ea2
bfb1f653-a92b-4b21-a086-35f79adecb30,species,Animalia,t0136350,"",Mustela putorius,Mustela putorius,學名重複,https://vvtaxatree.tbn.org.tw/taxa/bfb1f653-a92b-4b21-a086-35f79adecb30
dfed57bd-2065-4a33-a159-81a09ff9aed4,species,Animalia,t0136351,"",Myiopsitta monachus,Myiopsitta monachus,學名重複,https://vvtaxatree.tbn.org.tw/taxa/dfed57bd-2065-4a33-a159-81a09ff9aed4
51f554a8-7286-424a-ae0e-7a06d04a17cf,species,Animalia,t0136352,"",Numida meleagris,Numida meleagris,學名重複,https://vvtaxatree.tbn.org.tw/taxa/51f554a8-7286-424a-ae0e-7a06d04a17cf
ef06f0a2-2349-4474-b935-991989373d33,species,Animalia,t0136353,"",Parabuteo unicinctus,Parabuteo unicinctus,學名重複,https://vvtaxatree.tbn.org.tw/taxa/ef06f0a2-2349-4474-b935-991989373d33
0e673340-694b-4717-ab06-1d351082aa4e,species,Animalia,t0136354,"",Paroaria gularis,Paroaria gularis,學名重複,https://vvtaxatree.tbn.org.tw/taxa/0e673340-694b-4717-ab06-1d351082aa4e
61dc37fc-1453-4a9d-b007-2eec7d183c21,species,Animalia,t0136355,"",Petaurus breviceps,Petaurus breviceps,學名重複,https://vvtaxatree.tbn.org.tw/taxa/61dc37fc-1453-4a9d-b007-2eec7d183c21
198a8ee1-0eea-46da-8bb7-ae6d034df9f1,species,Animalia,t0136356,"",Ploceus jacksoni,Ploceus jacksoni,學名重複,https://vvtaxatree.tbn.org.tw/taxa/198a8ee1-0eea-46da-8bb7-ae6d034df9f1
44aed2d4-9f4e-4ec9-908c-5c6b8222ffdb,species,Animalia,t0136357,"",Podocnemis unifilis,Podocnemis unifilis,學名重複,https://vvtaxatree.tbn.org.tw/taxa/44aed2d4-9f4e-4ec9-908c-5c6b8222ffdb
a9819923-cb84-4606-92f5-dac2d5c76f32,species,Animalia,t0136358,"",Poicephalus senegalus,Poicephalus senegalus,學名重複,https://vvtaxatree.tbn.org.tw/taxa/a9819923-cb84-4606-92f5-dac2d5c76f32
61274558-206a-46c2-9d6b-cb3fc04c7243,species,Animalia,t0136359,"",Primolius auricollis,Primolius auricollis,學名重複,https://vvtaxatree.tbn.org.tw/taxa/61274558-206a-46c2-9d6b-cb3fc04c7243
de7b1483-6715-4ce4-9240-b58ea546e8b5,species,Animalia,t0136360,"",Procyon lotor,Procyon lotor,學名重複,https://vvtaxatree.tbn.org.tw/taxa/de7b1483-6715-4ce4-9240-b58ea546e8b5
5852ec68-324f-4cbc-9823-4c6585fac92a,species,Animalia,t0136361,"",Psittacara erythrogenys,Psittacara erythrogenys,學名重複,https://vvtaxatree.tbn.org.tw/taxa/5852ec68-324f-4cbc-9823-4c6585fac92a
28e59f3c-43f0-48a5-9ac1-ee44bfc2b434,species,Animalia,t0136362,"",Psittacula eupatria,Psittacula eupatria,學名重複,https://vvtaxatree.tbn.org.tw/taxa/28e59f3c-43f0-48a5-9ac1-ee44bfc2b434
ae7c4e5b-514b-431f-9981-9e1f88458f3d,species,Animalia,t0136363,"",Pyrrhura molinae,Pyrrhura molinae,學名重複,https://vvtaxatree.tbn.org.tw/taxa/ae7c4e5b-514b-431f-9981-9e1f88458f3d
9ffd3919-7d67-4afb-a7b1-e0f6f5f04fa9,species,Animalia,t0136364,"",Stizoptera bichenovii,Stizoptera bichenovii,學名重複,https://vvtaxatree.tbn.org.tw/taxa/9ffd3919-7d67-4afb-a7b1-e0f6f5f04fa9
0cf3d0fd-de37-46cd-8f10-86ce9e954921,species,Animalia,t0136365,"",Trichoglossus moluccanus,Trichoglossus moluccanus,學名重複,https://vvtaxatree.tbn.org.tw/taxa/0cf3d0fd-de37-46cd-8f10-86ce9e954921
89ec16c3-83bd-4e10-9fb8-b5904351256a,species,Animalia,t0136366,"",Trichoglossus rubritorquis,Trichoglossus rubritorquis,學名重複,https://vvtaxatree.tbn.org.tw/taxa/89ec16c3-83bd-4e10-9fb8-b5904351256a
d6684faa-15e9-4337-9e41-5fda8432787d,species,Animalia,t0136367,"",Trochalopteron formosum,Trochalopteron formosum,學名重複,https://vvtaxatree.tbn.org.tw/taxa/d6684faa-15e9-4337-9e41-5fda8432787d
028220f6-3a20-43cc-bd56-4a037505947e,species,Animalia,t0136368,"",Tropidoclonion lineatum,Tropidoclonion lineatum,學名重複,https://vvtaxatree.tbn.org.tw/taxa/028220f6-3a20-43cc-bd56-4a037505947e
63b88b62-2b69-4cc8-a023-1b6053cb0e7d,species,Animalia,t0136369,"",Vidua chalybeata,Vidua chalybeata,學名重複,https://vvtaxatree.tbn.org.tw/taxa/63b88b62-2b69-4cc8-a023-1b6053cb0e7d
2a9a5826-224d-4c15-917f-75c746227b7d,species,Animalia,t0136370,"",Vidua obtusa,Vidua obtusa,學名重複,https://vvtaxatree.tbn.org.tw/taxa/2a9a5826-224d-4c15-917f-75c746227b7d
de3ad359-1eaa-4cf6-a7dc-33979dd581d0,infraspecies,Animalia,t0136253,"",Charadrius dubius dubius curonicus,Charadrius dubius dubius curonicus,學名重複,https://vvtaxatree.tbn.org.tw/taxa/de3ad359-1eaa-4cf6-a7dc-33979dd581d0
8ece7e92-3cd0-460b-96f7-aa1d539d05a7,infraspecies,Animalia,t0136260,"",Accipiter gentilis gentilis schvedowi,Accipiter gentilis gentilis schvedowi,學名重複,https://vvtaxatree.tbn.org.tw/taxa/8ece7e92-3cd0-460b-96f7-aa1d539d05a7
fed1e06f-3d52-4f12-8dcf-7aeed0552eb0,class,Animalia,t0000473,"",Branchiopoda,Branchiopoda,相同Kingdom學名重複,https://vvtaxatree.tbn.org.tw/taxa/fed1e06f-3d52-4f12-8dcf-7aeed0552eb0
a4bf4963-5d24-4e02-9b11-b8a2ce74bfab,class,Animalia,t0002887,"",Actinopterygii,Actinopterygii,相同Kingdom學名重複,https://vvtaxatree.tbn.org.tw/taxa/a4bf4963-5d24-4e02-9b11-b8a2ce74bfab
57ec2a7c-cd34-44ad-b6d5-2bc4d5385c93,class,Animalia,t0002891,"",Chondrichthyes,Chondrichthyes,相同Kingdom學名重複,https://vvtaxatree.tbn.org.tw/taxa/57ec2a7c-cd34-44ad-b6d5-2bc4d5385c93
6f82946d-471a-45a0-89db-86eb98ed24a8,class,Animalia,t0002890,"",Cestoda,Cestoda,相同Kingdom學名重複,https://vvtaxatree.tbn.org.tw/taxa/6f82946d-471a-45a0-89db-86eb98ed24a8
381c9d62-c4ff-4d01-88ec-d825bd36d366,class,Animalia,t0000485,"",Collembola,Collembola,相同Kingdom學名重複,https://vvtaxatree.tbn.org.tw/taxa/381c9d62-c4ff-4d01-88ec-d825bd36d366
33acf3ab-99be-4fe9-aa6d-c4d45853c9c7,order,Animalia,t0003078,"",Protura,Protura,相同Kingdom學名重複,https://vvtaxatree.tbn.org.tw/taxa/33acf3ab-99be-4fe9-aa6d-c4d45853c9c7
40c2602a-1e39-472e-9310-123e599dc26f,order,Animalia,t0003088,"",Squamata,Squamata,相同Kingdom學名重複,https://vvtaxatree.tbn.org.tw/taxa/40c2602a-1e39-472e-9310-123e599dc26f
7840f146-d98d-45c0-ae13-200ed61df406,order,Animalia,t0001656,"",Vetigastropoda,Vetigastropoda,相同Kingdom學名重複,https://vvtaxatree.tbn.org.tw/taxa/7840f146-d98d-45c0-ae13-200ed61df406
8acc098c-8f02-4890-885b-256666018775,order,Animalia,t0001657,"",Scolecida,Scolecida,相同Kingdom學名重複,https://vvtaxatree.tbn.org.tw/taxa/8acc098c-8f02-4890-885b-256666018775
79f0dfa9-4c0d-4556-ace4-f7c7e38a8fb3,order,Animalia,t0002075,"",Plecoptera,Plecoptera,相同Kingdom學名重複,https://vvtaxatree.tbn.org.tw/taxa/79f0dfa9-4c0d-4556-ace4-f7c7e38a8fb3
c1681d98-1571-4cfb-a7d5-549353bf8fd2,family,Animalia,"","",Cybaeidae,Cybaeidae,相同Kingdom學名重複,https://vvtaxatree.tbn.org.tw/taxa/c1681d98-1571-4cfb-a7d5-549353bf8fd2
2fd599e9-f181-4634-b8b5-af5bed833d09,family,Animalia,"","",Prodidomidae,Prodidomidae,相同Kingdom學名重複,https://vvtaxatree.tbn.org.tw/taxa/2fd599e9-f181-4634-b8b5-af5bed833d09
1f990f65-b360-43c9-ab2c-2e7ec9b1917d,genus,Animalia,t0012329,"",Cosella,Cosella,相同Kingdom學名重複,https://vvtaxatree.tbn.org.tw/taxa/1f990f65-b360-43c9-ab2c-2e7ec9b1917d
dd91addf-d615-4f32-996e-59c934fefcf4,genus,Animalia,t0012330,"",Cosella,Cosella,相同Kingdom學名重複,https://vvtaxatree.tbn.org.tw/taxa/dd91addf-d615-4f32-996e-59c934fefcf4
2fa10be7-79c4-4c25-8ad6-e6b3c2f5fdea,genus,Animalia,"","",Itatsina,Itatsina,相同Kingdom學名重複,https://vvtaxatree.tbn.org.tw/taxa/2fa10be7-79c4-4c25-8ad6-e6b3c2f5fdea
f2f9c643-a583-4918-b0ff-5a2bc348b314,genus,Animalia,"","",Perisesarma,Perisesarma,相同Kingdom學名重複,https://vvtaxatree.tbn.org.tw/taxa/f2f9c643-a583-4918-b0ff-5a2bc348b314
f194eecd-8d8f-40f6-b764-38e579e67ca2,genus,Animalia,"","",Asthenognathus,Asthenognathus,相同Kingdom學名重複,https://vvtaxatree.tbn.org.tw/taxa/f194eecd-8d8f-40f6-b764-38e579e67ca2
5dd79a54-e0c3-427b-bb1a-bd985e84999a,genus,Animalia,"","",Ranilia,Ranilia,相同Kingdom學名重複,https://vvtaxatree.tbn.org.tw/taxa/5dd79a54-e0c3-427b-bb1a-bd985e84999a
9e8fa204-31c2-4cab-a221-435803e79287,genus,Animalia,t0011753,"",Chelonibia,Chelonibia,相同Kingdom學名重複,https://vvtaxatree.tbn.org.tw/taxa/9e8fa204-31c2-4cab-a221-435803e79287
ec9090fc-a7bd-4f3f-b82e-4c25dd544d13,genus,Animalia,t0011754,"",Chelonibia,Chelonibia,相同Kingdom學名重複,https://vvtaxatree.tbn.org.tw/taxa/ec9090fc-a7bd-4f3f-b82e-4c25dd544d13
f7babfd0-fa79-4d92-941f-ad1d598ac828,genus,Animalia,"","",Scolymia,Scolymia,相同Kingdom學名重複,https://vvtaxatree.tbn.org.tw/taxa/f7babfd0-fa79-4d92-941f-ad1d598ac828
385c48d2-2575-4110-be72-bde55e1452fc,genus,Animalia,t0011048,"",Branchiura,Branchiura,相同Kingdom學名重複,https://vvtaxatree.tbn.org.tw/taxa/385c48d2-2575-4110-be72-bde55e1452fc
2d36e5e6-c69c-4ab1-90e7-108e64745f4e,genus,Animalia,"","",Atrachya,Atrachya,相同Kingdom學名重複,https://vvtaxatree.tbn.org.tw/taxa/2d36e5e6-c69c-4ab1-90e7-108e64745f4e
21e9a521-3876-4ebc-9702-e08806e2d743,genus,Animalia,"","",Rondonia,Rondonia,相同Kingdom學名重複,https://vvtaxatree.tbn.org.tw/taxa/21e9a521-3876-4ebc-9702-e08806e2d743
5ea6c0f7-476b-45ce-9983-bfc6db2460c8,genus,Animalia,"","",Ovalisia,Ovalisia,相同Kingdom學名重複,https://vvtaxatree.tbn.org.tw/taxa/5ea6c0f7-476b-45ce-9983-bfc6db2460c8
d0d240cb-b1d8-4fed-9eec-b34ba74525b0,genus,Animalia,"","",Genusa,Genusa,相同Kingdom學名重複,https://vvtaxatree.tbn.org.tw/taxa/d0d240cb-b1d8-4fed-9eec-b34ba74525b0
6b7e851e-9a41-407a-861c-233a3b658c82,genus,Animalia,t0093378,"",Plecoptera,Plecoptera,相同Kingdom學名重複,https://vvtaxatree.tbn.org.tw/taxa/6b7e851e-9a41-407a-861c-233a3b658c82
fa240400-c653-43e6-bec6-dc3a95e86e5c,genus,Animalia,t0012742,"",Nematopogon,Nematopogon,相同Kingdom學名重複,https://vvtaxatree.tbn.org.tw/taxa/fa240400-c653-43e6-bec6-dc3a95e86e5c
6807e765-4c1c-488e-b857-8713729b6dcd,genus,Animalia,t0017666,"",Tripartita,Tripartita,相同Kingdom學名重複,https://vvtaxatree.tbn.org.tw/taxa/6807e765-4c1c-488e-b857-8713729b6dcd
b6144e07-724a-4716-8645-761a73108377,genus,Animalia,t0012491,"",Ctenophora,Ctenophora,相同Kingdom學名重複,https://vvtaxatree.tbn.org.tw/taxa/b6144e07-724a-4716-8645-761a73108377
5de8bd5a-3f3f-4a19-9f48-6a5bf5127ac4,genus,Animalia,"","",Cicurina,Cicurina,相同Kingdom學名重複,https://vvtaxatree.tbn.org.tw/taxa/5de8bd5a-3f3f-4a19-9f48-6a5bf5127ac4
c94faa63-e076-4cfa-8eee-a6395e31a359,genus,Animalia,"","",Lepthyphantes,Lepthyphantes,相同Kingdom學名重複,https://vvtaxatree.tbn.org.tw/taxa/c94faa63-e076-4cfa-8eee-a6395e31a359
03cb1ec3-8b54-4876-b755-05406c0e2ab8,species,Animalia,"","",Carrhotus viduus,Carrhotus viduus,相同Kingdom學名重複,https://vvtaxatree.tbn.org.tw/taxa/03cb1ec3-8b54-4876-b755-05406c0e2ab8
f46df285-149a-4f13-93d5-a70ada0dcc7f,genus,Animalia,"","",Parazygiella,Parazygiella,相同Kingdom學名重複,https://vvtaxatree.tbn.org.tw/taxa/f46df285-149a-4f13-93d5-a70ada0dcc7f
b171dc05-c8fd-4e82-b141-7f117bc01272,genus,Animalia,"","",Pharta,Pharta,相同Kingdom學名重複,https://vvtaxatree.tbn.org.tw/taxa/b171dc05-c8fd-4e82-b141-7f117bc01272
705455ce-00b6-44c2-9039-97d22a0521e8,genus,Animalia,"","",Borboropactus,Borboropactus,相同Kingdom學名重複,https://vvtaxatree.tbn.org.tw/taxa/705455ce-00b6-44c2-9039-97d22a0521e8
6b0ee843-5e1f-4c91-91d1-269bdb508f67,genus,Animalia,"","",Epidius,Epidius,相同Kingdom學名重複,https://vvtaxatree.tbn.org.tw/taxa/6b0ee843-5e1f-4c91-91d1-269bdb508f67
b8e781e8-5c7a-4d5b-8ae1-334aa265135c,genus,Animalia,"","",Strigoplus,Strigoplus,相同Kingdom學名重複,https://vvtaxatree.tbn.org.tw/taxa/b8e781e8-5c7a-4d5b-8ae1-334aa265135c
ee4f511e-e133-4be6-b226-c3e6aa97f3ec,genus,Animalia,"","",Phaeacius,Phaeacius,相同Kingdom學名重複,https://vvtaxatree.tbn.org.tw/taxa/ee4f511e-e133-4be6-b226-c3e6aa97f3ec
64e5a6a3-8851-4e01-872a-228d109ef76b,genus,Animalia,"","",Pseudicius,Pseudicius,相同Kingdom學名重複,https://vvtaxatree.tbn.org.tw/taxa/64e5a6a3-8851-4e01-872a-228d109ef76b
9b46e617-4d01-4ffd-9fe1-6a15711d772b,genus,Animalia,"","",Simaetha,Simaetha,相同Kingdom學名重複,https://vvtaxatree.tbn.org.tw/taxa/9b46e617-4d01-4ffd-9fe1-6a15711d772b
6293efc7-f08e-45b4-818c-225d7ef8d470,genus,Animalia,"","",Trachelas,Trachelas,相同Kingdom學名重複,https://vvtaxatree.tbn.org.tw/taxa/6293efc7-f08e-45b4-818c-225d7ef8d470
5939098f-8524-4041-8ed3-492450be463a,species,Animalia,t0032384,"",Pylocheles mortensenii,Pylocheles mortensenii,相同Kingdom學名重複,https://vvtaxatree.tbn.org.tw/taxa/5939098f-8524-4041-8ed3-492450be463a
fdc6ffb9-c3e6-408a-a7c0-680c21d0b03d,species,Animalia,t0082695,"",Pachos dentatum,Pachos dentatum,相同Kingdom學名重複,https://vvtaxatree.tbn.org.tw/taxa/fdc6ffb9-c3e6-408a-a7c0-680c21d0b03d
cd390af4-aa44-45d3-a18f-636823c1b53a,species,Animalia,t0079419,"",Corycaeus dahli,Corycaeus dahli,相同Kingdom學名重複,https://vvtaxatree.tbn.org.tw/taxa/cd390af4-aa44-45d3-a18f-636823c1b53a
7aa46e9c-a604-4247-ad97-0487e570cda8,species,Animalia,t0079424,"",Corycaeus japonica,Corycaeus japonica,相同Kingdom學名重複,https://vvtaxatree.tbn.org.tw/taxa/7aa46e9c-a604-4247-ad97-0487e570cda8
2dbc5abc-a1fb-4fc3-bb10-2e28a77038d7,species,Animalia,t0063791,"",Farrania orbus,Farrania orbus,相同Kingdom學名重複,https://vvtaxatree.tbn.org.tw/taxa/2dbc5abc-a1fb-4fc3-bb10-2e28a77038d7
fe1e6066-e2d1-4258-94e9-8b31b86b76ef,species,Animalia,t0077544,"",Caryophyllia ambrosia,Caryophyllia ambrosia,相同Kingdom學名重複,https://vvtaxatree.tbn.org.tw/taxa/fe1e6066-e2d1-4258-94e9-8b31b86b76ef
409b6235-952a-49cd-bc0d-87755308b571,species,Animalia,t0077554,"",Caryophyllia quadragenaria,Caryophyllia quadragenaria,相同Kingdom學名重複,https://vvtaxatree.tbn.org.tw/taxa/409b6235-952a-49cd-bc0d-87755308b571
cfdd4121-0c15-4a87-ac0d-27cc1056c4c6,species,Animalia,t0077555,"",Caryophyllia rugosa,Caryophyllia rugosa,相同Kingdom學名重複,https://vvtaxatree.tbn.org.tw/taxa/cfdd4121-0c15-4a87-ac0d-27cc1056c4c6
e29f9afe-6b77-4356-a930-309df720bd6d,species,Animalia,t0077556,"",Caryophyllia scobinosa,Caryophyllia scobinosa,相同Kingdom學名重複,https://vvtaxatree.tbn.org.tw/taxa/e29f9afe-6b77-4356-a930-309df720bd6d
149bd826-8f83-4bed-8c61-cbf0de072216,species,Animalia,t0048066,"",Trochocyathus rhombocolumna,Trochocyathus rhombocolumna,相同Kingdom學名重複,https://vvtaxatree.tbn.org.tw/taxa/149bd826-8f83-4bed-8c61-cbf0de072216
b7fdd220-9801-487b-a9e7-e61ad65a4a88,species,Animalia,t0076159,"",Balanophyllia cornu,Balanophyllia cornu,相同Kingdom學名重複,https://vvtaxatree.tbn.org.tw/taxa/b7fdd220-9801-487b-a9e7-e61ad65a4a88
0e93e804-ceb9-4bae-a27d-10bcf3d8e256,species,Animalia,t0063913,"",Flabellum lamellulosum,Flabellum lamellulosum,相同Kingdom學名重複,https://vvtaxatree.tbn.org.tw/taxa/0e93e804-ceb9-4bae-a27d-10bcf3d8e256
dd6a95a9-10e8-4382-a78a-81b47c604079,species,Animalia,t0063912,"",Flabellum japonicum,Flabellum japonicum,相同Kingdom學名重複,https://vvtaxatree.tbn.org.tw/taxa/dd6a95a9-10e8-4382-a78a-81b47c604079
e6418aaf-9273-4d3f-b83a-91e8aad37fb8,species,Animalia,t0032891,"",Sipunculus nudus,Sipunculus nudus,相同Kingdom學名重複,https://vvtaxatree.tbn.org.tw/taxa/e6418aaf-9273-4d3f-b83a-91e8aad37fb8
e59aa6c7-db54-452e-86c9-17c0fd5e7274,infraspecies,Animalia,t0085161,"",Accipiter gentilis gentilis schvedowi,Accipiter gentilis gentilis schvedowi,相同Kingdom學名重複,https://vvtaxatree.tbn.org.tw/taxa/e59aa6c7-db54-452e-86c9-17c0fd5e7274
7d616cdd-8a55-4742-a160-590b49b55c27,infraspecies,Animalia,t0085436,"",Charadrius dubius dubius curonicus,Charadrius dubius dubius curonicus,相同Kingdom學名重複,https://vvtaxatree.tbn.org.tw/taxa/7d616cdd-8a55-4742-a160-590b49b55c27
da83b213-5157-4b08-98a0-ba0bf11cb1c5,species,Animalia,t0065172,"",Harpalus capito,Harpalus capito,相同Kingdom學名重複,https://vvtaxatree.tbn.org.tw/taxa/da83b213-5157-4b08-98a0-ba0bf11cb1c5
08f8659f-fb7f-4e28-8444-40dd06e45d9a,species,Animalia,t0065175,"",Harpalus roninus,Harpalus roninus,相同Kingdom學名重複,https://vvtaxatree.tbn.org.tw/taxa/08f8659f-fb7f-4e28-8444-40dd06e45d9a
b8ec65dc-d417-43d9-8605-8ab1a14ce860,species,Animalia,t0077933,"",Chaetocnema malayana,Chaetocnema malayana,相同Kingdom學名重複,https://vvtaxatree.tbn.org.tw/taxa/b8ec65dc-d417-43d9-8605-8ab1a14ce860
af85aafc-ec20-4cd5-a1f6-af9cd77c3c0f,species,Animalia,t0030298,"",Chaetocnema nigrica,Chaetocnema nigrica,相同Kingdom學名重複,https://vvtaxatree.tbn.org.tw/taxa/af85aafc-ec20-4cd5-a1f6-af9cd77c3c0f
8f1afa5e-419e-4280-9df7-4114597c0797,species,Animalia,t0077932,"",Chaetocnema granulosa,Chaetocnema granulosa,相同Kingdom學名重複,https://vvtaxatree.tbn.org.tw/taxa/8f1afa5e-419e-4280-9df7-4114597c0797
c7ca295b-5efe-41e0-b97c-f41bd3b262ef,species,Animalia,t0077935,"",Chaetocnema wallacei,Chaetocnema wallacei,相同Kingdom學名重複,https://vvtaxatree.tbn.org.tw/taxa/c7ca295b-5efe-41e0-b97c-f41bd3b262ef
1c00f290-1775-46f5-8a7c-140515f75a88,species,Animalia,t0064341,"",Gastrophysa atrocyanea,Gastrophysa atrocyanea,相同Kingdom學名重複,https://vvtaxatree.tbn.org.tw/taxa/1c00f290-1775-46f5-8a7c-140515f75a88
8fa5bcce-999b-4493-a893-41db6e914eae,species,Animalia,t0029377,"",Gonioctena scutellaris,Gonioctena scutellaris,相同Kingdom學名重複,https://vvtaxatree.tbn.org.tw/taxa/8fa5bcce-999b-4493-a893-41db6e914eae
9888250c-82fb-4e10-977f-2e3ac66c1308,species,Animalia,t0067017,"",Lema concinnipennis,Lema concinnipennis,相同Kingdom學名重複,https://vvtaxatree.tbn.org.tw/taxa/9888250c-82fb-4e10-977f-2e3ac66c1308
90393698-96b1-419a-8a32-75783e28889e,species,Animalia,t0067019,"",Lema coronata,Lema coronata,相同Kingdom學名重複,https://vvtaxatree.tbn.org.tw/taxa/90393698-96b1-419a-8a32-75783e28889e
8984d661-b785-4500-84ff-3189e01bf03c,species,Animalia,t0067025,"",Lema honorata,Lema honorata,相同Kingdom學名重複,https://vvtaxatree.tbn.org.tw/taxa/8984d661-b785-4500-84ff-3189e01bf03c
e0130a73-f2e3-440b-9264-b6cf4bade6be,species,Animalia,t0027355,"",Lema fortunei,Lema fortunei,相同Kingdom學名重複,https://vvtaxatree.tbn.org.tw/taxa/e0130a73-f2e3-440b-9264-b6cf4bade6be
db1dc50d-559d-4860-848d-e565fa8a47a7,species,Animalia,t0082773,"",Paederus fulvocaudatus,Paederus fulvocaudatus,相同Kingdom學名重複,https://vvtaxatree.tbn.org.tw/taxa/db1dc50d-559d-4860-848d-e565fa8a47a7
5d87cef3-7bf8-46e5-99ef-0debe87e74f2,species,Animalia,t0082784,"",Paederus virgifer,Paederus virgifer,相同Kingdom學名重複,https://vvtaxatree.tbn.org.tw/taxa/5d87cef3-7bf8-46e5-99ef-0debe87e74f2
de8b95bf-4818-480d-b15f-beae576e360e,species,Animalia,t0082777,"",Paederus incurvatus,Paederus incurvatus,相同Kingdom學名重複,https://vvtaxatree.tbn.org.tw/taxa/de8b95bf-4818-480d-b15f-beae576e360e
a080be0b-bff3-457a-b53f-fdbd9de107f7,species,Animalia,t0082764,"",Paederus adiectus,Paederus adiectus,相同Kingdom學名重複,https://vvtaxatree.tbn.org.tw/taxa/a080be0b-bff3-457a-b53f-fdbd9de107f7
daba8a6d-d326-4ac8-afd7-9f83fdead375,species,Animalia,t0082765,"",Paederus aequilobatus,Paederus aequilobatus,相同Kingdom學名重複,https://vvtaxatree.tbn.org.tw/taxa/daba8a6d-d326-4ac8-afd7-9f83fdead375
f8357705-a867-407f-8003-192269e0368d,species,Animalia,t0082774,"",Paederus furcispinosus,Paederus furcispinosus,相同Kingdom學名重複,https://vvtaxatree.tbn.org.tw/taxa/f8357705-a867-407f-8003-192269e0368d
4e6b6b1a-8fd9-4158-9740-329cf464d47e,species,Animalia,t0082772,"",Paederus excisissimus,Paederus excisissimus,相同Kingdom學名重複,https://vvtaxatree.tbn.org.tw/taxa/4e6b6b1a-8fd9-4158-9740-329cf464d47e
291c245b-69ab-4265-a484-10f0966191ab,species,Animalia,t0082783,"",Paederus trihamatus,Paederus trihamatus,相同Kingdom學名重複,https://vvtaxatree.tbn.org.tw/taxa/291c245b-69ab-4265-a484-10f0966191ab
bce82c5a-7efb-4582-9d57-92cf71678bb7,species,Animalia,t0082769,"",Paederus bivirgatus,Paederus bivirgatus,相同Kingdom學名重複,https://vvtaxatree.tbn.org.tw/taxa/bce82c5a-7efb-4582-9d57-92cf71678bb7
21266dd8-d581-4371-9ede-09c43fe4fd7f,species,Animalia,t0082768,"",Paederus anmamontis,Paederus anmamontis,相同Kingdom學名重複,https://vvtaxatree.tbn.org.tw/taxa/21266dd8-d581-4371-9ede-09c43fe4fd7f
357e7785-d078-4136-8de8-bff5ed65ca9e,species,Animalia,t0082780,"",Paederus semiflavus,Paederus semiflavus,相同Kingdom學名重複,https://vvtaxatree.tbn.org.tw/taxa/357e7785-d078-4136-8de8-bff5ed65ca9e
4fafb43d-183d-49e7-ad1e-2e125836f2ca,species,Animalia,t0082766,"",Paederus alesi,Paederus alesi,相同Kingdom學名重複,https://vvtaxatree.tbn.org.tw/taxa/4fafb43d-183d-49e7-ad1e-2e125836f2ca
23d70896-0077-465f-9283-b61df40478cc,species,Animalia,t0082771,"",Paederus discurrens,Paederus discurrens,相同Kingdom學名重複,https://vvtaxatree.tbn.org.tw/taxa/23d70896-0077-465f-9283-b61df40478cc
5c415ff3-79f6-40f9-b4e5-a9dedf24b00c,species,Animalia,t0082776,"",Paederus incisus,Paederus incisus,相同Kingdom學名重複,https://vvtaxatree.tbn.org.tw/taxa/5c415ff3-79f6-40f9-b4e5-a9dedf24b00c
7710663d-ccbd-4f98-bdf2-af3001f0ec55,species,Animalia,t0082778,"",Paederus nigricrus,Paederus nigricrus,相同Kingdom學名重複,https://vvtaxatree.tbn.org.tw/taxa/7710663d-ccbd-4f98-bdf2-af3001f0ec55
27d00833-ac01-46d9-90f6-b17187851163,species,Animalia,t0031115,"",Nephus sauteri,Nephus sauteri,相同Kingdom學名重複,https://vvtaxatree.tbn.org.tw/taxa/27d00833-ac01-46d9-90f6-b17187851163
ca801d75-2b6e-498d-9fa5-581d3426bfa4,species,Animalia,t0038678,"",Scymnus hoffmanni,Scymnus hoffmanni,相同Kingdom學名重複,https://vvtaxatree.tbn.org.tw/taxa/ca801d75-2b6e-498d-9fa5-581d3426bfa4
7f847c72-bea7-4f3d-b3bc-09d155543fa6,species,Animalia,t0032747,"",Scymnus dorcatomoides,Scymnus dorcatomoides,相同Kingdom學名重複,https://vvtaxatree.tbn.org.tw/taxa/7f847c72-bea7-4f3d-b3bc-09d155543fa6
a682af0b-bc61-4bfe-8222-ee451f588509,species,Animalia,t0038684,"",Scymnus ovimaculatus,Scymnus ovimaculatus,相同Kingdom學名重複,https://vvtaxatree.tbn.org.tw/taxa/a682af0b-bc61-4bfe-8222-ee451f588509
6aeb4431-5d97-4f50-8399-94d75b509149,species,Animalia,t0038691,"",Scymnus quadrillum,Scymnus quadrillum,相同Kingdom學名重複,https://vvtaxatree.tbn.org.tw/taxa/6aeb4431-5d97-4f50-8399-94d75b509149
670e5f16-5f11-4671-9c8d-8eb0c99dde59,species,Animalia,t0032749,"",Scymnus nubilus,Scymnus nubilus,相同Kingdom學名重複,https://vvtaxatree.tbn.org.tw/taxa/670e5f16-5f11-4671-9c8d-8eb0c99dde59
f2a3efc5-48e2-4db4-afe1-032597881431,species,Animalia,t0071070,"",Amarygmus antecedens,Amarygmus antecedens,相同Kingdom學名重複,https://vvtaxatree.tbn.org.tw/taxa/f2a3efc5-48e2-4db4-afe1-032597881431
b0b36ef5-abaa-4f4d-a59b-ca00a761a499,species,Animalia,t0071071,"",Amarygmus antecursor,Amarygmus antecursor,相同Kingdom學名重複,https://vvtaxatree.tbn.org.tw/taxa/b0b36ef5-abaa-4f4d-a59b-ca00a761a499
66e3aa7f-465d-45d3-b686-eed73da9ec63,species,Animalia,t0071959,"",Aphodius sublimbatus,Aphodius sublimbatus,相同Kingdom學名重複,https://vvtaxatree.tbn.org.tw/taxa/66e3aa7f-465d-45d3-b686-eed73da9ec63
169b2a55-657f-4c0a-9a6f-febb607ea536,species,Animalia,t0071952,"",Aphodius kotoensis,Aphodius kotoensis,相同Kingdom學名重複,https://vvtaxatree.tbn.org.tw/taxa/169b2a55-657f-4c0a-9a6f-febb607ea536
ec9c4896-9bd9-4118-9498-a9d286bf3592,species,Animalia,t0071956,"",Aphodius priscus,Aphodius priscus,相同Kingdom學名重複,https://vvtaxatree.tbn.org.tw/taxa/ec9c4896-9bd9-4118-9498-a9d286bf3592
a4cbc24e-3e67-491d-bff6-eef4af9c534f,species,Animalia,t0076954,"",Caccobius scrofa,Caccobius scrofa,相同Kingdom學名重複,https://vvtaxatree.tbn.org.tw/taxa/a4cbc24e-3e67-491d-bff6-eef4af9c534f
87c67683-d4db-429c-94bb-8dd86bf751a3,species,Animalia,t0079271,"",Copris fukiensis,Copris fukiensis,相同Kingdom學名重複,https://vvtaxatree.tbn.org.tw/taxa/87c67683-d4db-429c-94bb-8dd86bf751a3
9d2563ae-71b1-498f-9ac8-dabc8ae931db,species,Animalia,t0082259,"",Onthophagus taurinus,Onthophagus taurinus,相同Kingdom學名重複,https://vvtaxatree.tbn.org.tw/taxa/9d2563ae-71b1-498f-9ac8-dabc8ae931db
96a4b75a-3899-42c7-9cd3-edde6a12285b,species,Animalia,t0082241,"",Onthophagus koshunensis,Onthophagus koshunensis,相同Kingdom學名重複,https://vvtaxatree.tbn.org.tw/taxa/96a4b75a-3899-42c7-9cd3-edde6a12285b
f48432a4-1c91-4b4a-882b-639510f9b961,species,Animalia,t0082248,"",Onthophagus pseudoarmatus,Onthophagus pseudoarmatus,相同Kingdom學名重複,https://vvtaxatree.tbn.org.tw/taxa/f48432a4-1c91-4b4a-882b-639510f9b961
abca492e-4521-4ccf-ab28-df585f66fb80,species,Animalia,t0082250,"",Onthophagus roubali,Onthophagus roubali,相同Kingdom學名重複,https://vvtaxatree.tbn.org.tw/taxa/abca492e-4521-4ccf-ab28-df585f66fb80
ad2b5aaa-82ac-424c-a44d-f50635001cd4,species,Animalia,t0082258,"",Onthophagus tatsienluensis,Onthophagus tatsienluensis,相同Kingdom學名重複,https://vvtaxatree.tbn.org.tw/taxa/ad2b5aaa-82ac-424c-a44d-f50635001cd4
72632e5d-376e-4379-b995-be556350d016,species,Animalia,t0076724,"",Brachypeplus latus,Brachypeplus latus,相同Kingdom學名重複,https://vvtaxatree.tbn.org.tw/taxa/72632e5d-376e-4379-b995-be556350d016
aea333d0-417f-42ef-9cf2-58d0108b341b,species,Animalia,t0076723,"",Brachypeplus apicalis,Brachypeplus apicalis,相同Kingdom學名重複,https://vvtaxatree.tbn.org.tw/taxa/aea333d0-417f-42ef-9cf2-58d0108b341b
8e962bec-2281-4dfe-b9c1-6121b1af55c4,species,Animalia,t0077520,"",Carpophilus chalybaeus,Carpophilus chalybaeus,相同Kingdom學名重複,https://vvtaxatree.tbn.org.tw/taxa/8e962bec-2281-4dfe-b9c1-6121b1af55c4
d57f7fbe-ca78-4b7c-8afa-41ae901ece85,species,Animalia,t0077526,"",Carpophilus marginellus,Carpophilus marginellus,相同Kingdom學名重複,https://vvtaxatree.tbn.org.tw/taxa/d57f7fbe-ca78-4b7c-8afa-41ae901ece85
5629a2ce-3c93-4bd1-aa65-c86fb28d72ec,species,Animalia,t0077523,"",Carpophilus funereus,Carpophilus funereus,相同Kingdom學名重複,https://vvtaxatree.tbn.org.tw/taxa/5629a2ce-3c93-4bd1-aa65-c86fb28d72ec
d585b5b1-27f2-4611-b01c-138577c3ab53,species,Animalia,t0077530,"",Carpophilus triton,Carpophilus triton,相同Kingdom學名重複,https://vvtaxatree.tbn.org.tw/taxa/d585b5b1-27f2-4611-b01c-138577c3ab53
05503746-67cf-4906-ad7b-36bec6e3004d,species,Animalia,t0077529,"",Carpophilus shioedtei,Carpophilus shioedtei,相同Kingdom學名重複,https://vvtaxatree.tbn.org.tw/taxa/05503746-67cf-4906-ad7b-36bec6e3004d
ba0b4eeb-6baf-462d-ad96-98fa7912807a,species,Animalia,t0077531,"",Carpophilus truncatus,Carpophilus truncatus,相同Kingdom學名重複,https://vvtaxatree.tbn.org.tw/taxa/ba0b4eeb-6baf-462d-ad96-98fa7912807a
5249c3b1-df62-42b1-8068-9fa48cffeac3,species,Animalia,t0063002,"",Epuraea concolor,Epuraea concolor,相同Kingdom學名重複,https://vvtaxatree.tbn.org.tw/taxa/5249c3b1-df62-42b1-8068-9fa48cffeac3
1fb0f9ff-bbac-47fa-b9bf-387e602abe3e,species,Animalia,t0036773,"",Prometopia quadrimaculata,Prometopia quadrimaculata,相同Kingdom學名重複,https://vvtaxatree.tbn.org.tw/taxa/1fb0f9ff-bbac-47fa-b9bf-387e602abe3e
5f7ad92c-0daa-42be-888b-988273617972,species,Animalia,t0070479,"",Agathidium alesi,Agathidium alesi,相同Kingdom學名重複,https://vvtaxatree.tbn.org.tw/taxa/5f7ad92c-0daa-42be-888b-988273617972
cebaa762-5419-4b6d-9e68-c0b6350784af,species,Animalia,t0070489,"",Agathidium delicatulum,Agathidium delicatulum,相同Kingdom學名重複,https://vvtaxatree.tbn.org.tw/taxa/cebaa762-5419-4b6d-9e68-c0b6350784af
b2013005-2d2f-45d4-9fc2-2c9ce0555602,species,Animalia,t0070503,"",Agathidium griseum,Agathidium griseum,相同Kingdom學名重複,https://vvtaxatree.tbn.org.tw/taxa/b2013005-2d2f-45d4-9fc2-2c9ce0555602
4a57dc3f-231b-4d8c-91ff-b8de040019d1,species,Animalia,t0070504,"",Agathidium grossum,Agathidium grossum,相同Kingdom學名重複,https://vvtaxatree.tbn.org.tw/taxa/4a57dc3f-231b-4d8c-91ff-b8de040019d1
cd3cda6b-abef-41d5-bc25-4c9352b7dcb4,species,Animalia,t0070521,"",Agathidium pictum,Agathidium pictum,相同Kingdom學名重複,https://vvtaxatree.tbn.org.tw/taxa/cd3cda6b-abef-41d5-bc25-4c9352b7dcb4
a8261db0-c525-424a-a847-dc134bb4cbe8,species,Animalia,t0070528,"",Agathidium subnitidum,Agathidium subnitidum,相同Kingdom學名重複,https://vvtaxatree.tbn.org.tw/taxa/a8261db0-c525-424a-a847-dc134bb4cbe8
6095a9f1-262f-4270-a023-23f1e26f2fed,species,Animalia,t0070529,"",Agathidium subsinuatum,Agathidium subsinuatum,相同Kingdom學名重複,https://vvtaxatree.tbn.org.tw/taxa/6095a9f1-262f-4270-a023-23f1e26f2fed
697e360c-382f-4eb8-b304-312910fdb1c0,species,Animalia,t0070480,"",Agathidium alpestre,Agathidium alpestre,相同Kingdom學名重複,https://vvtaxatree.tbn.org.tw/taxa/697e360c-382f-4eb8-b304-312910fdb1c0
fc17d0ea-d62d-4c6f-b19c-07fd51903cc0,species,Animalia,t0070482,"",Agathidium angustatum,Agathidium angustatum,相同Kingdom學名重複,https://vvtaxatree.tbn.org.tw/taxa/fc17d0ea-d62d-4c6f-b19c-07fd51903cc0
4d27a40f-13c1-4fb2-9345-bee08a7696de,species,Animalia,t0070483,"",Agathidium anmashanense,Agathidium anmashanense,相同Kingdom學名重複,https://vvtaxatree.tbn.org.tw/taxa/4d27a40f-13c1-4fb2-9345-bee08a7696de
4c7375da-d684-46ba-aca5-119410b3de11,species,Animalia,t0070484,"",Agathidium asphaltinum,Agathidium asphaltinum,相同Kingdom學名重複,https://vvtaxatree.tbn.org.tw/taxa/4c7375da-d684-46ba-aca5-119410b3de11
d001193b-6111-42a5-95ac-1dcdd4b3d52f,species,Animalia,t0070485,"",Agathidium chalconotum,Agathidium chalconotum,相同Kingdom學名重複,https://vvtaxatree.tbn.org.tw/taxa/d001193b-6111-42a5-95ac-1dcdd4b3d52f
2ea651db-124f-4c25-a2be-948b884d88b9,species,Animalia,t0070486,"",Agathidium chiaicum,Agathidium chiaicum,相同Kingdom學名重複,https://vvtaxatree.tbn.org.tw/taxa/2ea651db-124f-4c25-a2be-948b884d88b9
8f4be6d2-6243-4b68-aab7-e2b14bbddeba,species,Animalia,t0070487,"",Agathidium comptum,Agathidium comptum,相同Kingdom學名重複,https://vvtaxatree.tbn.org.tw/taxa/8f4be6d2-6243-4b68-aab7-e2b14bbddeba
6dbe56ac-2d44-4ab0-b0b1-6315070249cc,species,Animalia,t0070490,"",Agathidium discretum,Agathidium discretum,相同Kingdom學名重複,https://vvtaxatree.tbn.org.tw/taxa/6dbe56ac-2d44-4ab0-b0b1-6315070249cc
54b9f71b-b65e-46c3-8251-aa971113b160,species,Animalia,t0070491,"",Agathidium distinguendum,Agathidium distinguendum,相同Kingdom學名重複,https://vvtaxatree.tbn.org.tw/taxa/54b9f71b-b65e-46c3-8251-aa971113b160
357789b7-8403-492c-bfba-c69286830630,species,Animalia,t0070492,"",Agathidium egregium,Agathidium egregium,相同Kingdom學名重複,https://vvtaxatree.tbn.org.tw/taxa/357789b7-8403-492c-bfba-c69286830630
d8d2eb10-3955-4426-92d8-19b94af65b6e,species,Animalia,t0070493,"",Agathidium exoletum,Agathidium exoletum,相同Kingdom學名重複,https://vvtaxatree.tbn.org.tw/taxa/d8d2eb10-3955-4426-92d8-19b94af65b6e
bf5a89ef-9370-473a-b629-3d70285e79cd,species,Animalia,t0070494,"",Agathidium familiare,Agathidium familiare,相同Kingdom學名重複,https://vvtaxatree.tbn.org.tw/taxa/bf5a89ef-9370-473a-b629-3d70285e79cd
37cba774-71ee-4180-b609-d15b4aa31233,species,Animalia,t0070496,"",Agathidium fenestratum,Agathidium fenestratum,相同Kingdom學名重複,https://vvtaxatree.tbn.org.tw/taxa/37cba774-71ee-4180-b609-d15b4aa31233
621366af-5465-4bb9-9692-019562bf6f1c,species,Animalia,t0070497,"",Agathidium formosum,Agathidium formosum,相同Kingdom學名重複,https://vvtaxatree.tbn.org.tw/taxa/621366af-5465-4bb9-9692-019562bf6f1c
14fc6271-d065-4457-af2a-b0155d2926e0,species,Animalia,t0070498,"",Agathidium fuliginosum,Agathidium fuliginosum,相同Kingdom學名重複,https://vvtaxatree.tbn.org.tw/taxa/14fc6271-d065-4457-af2a-b0155d2926e0
608a4d04-f075-4a3d-87db-41787231d891,species,Animalia,t0070499,"",Agathidium furcatum,Agathidium furcatum,相同Kingdom學名重複,https://vvtaxatree.tbn.org.tw/taxa/608a4d04-f075-4a3d-87db-41787231d891
52bc61be-29b0-4b4c-9b8f-a9263a9e7123,species,Animalia,t0070500,"",Agathidium fuscum,Agathidium fuscum,相同Kingdom學名重複,https://vvtaxatree.tbn.org.tw/taxa/52bc61be-29b0-4b4c-9b8f-a9263a9e7123
af062abc-7c51-4869-9d91-87252b13e98f,species,Animalia,t0070502,"",Agathidium glabricolle,Agathidium glabricolle,相同Kingdom學名重複,https://vvtaxatree.tbn.org.tw/taxa/af062abc-7c51-4869-9d91-87252b13e98f
514b8603-2cae-40c2-ad72-75f877782d99,species,Animalia,t0070505,"",Agathidium honestum,Agathidium honestum,相同Kingdom學名重複,https://vvtaxatree.tbn.org.tw/taxa/514b8603-2cae-40c2-ad72-75f877782d99
58f1572a-96f8-4794-8bee-ee91588f2cc8,species,Animalia,t0070507,"",Agathidium intricatum,Agathidium intricatum,相同Kingdom學名重複,https://vvtaxatree.tbn.org.tw/taxa/58f1572a-96f8-4794-8bee-ee91588f2cc8
72f95858-1a71-4147-98b5-9d280b01c500,species,Animalia,t0070508,"",Agathidium inustum,Agathidium inustum,相同Kingdom學名重複,https://vvtaxatree.tbn.org.tw/taxa/72f95858-1a71-4147-98b5-9d280b01c500
e38e2223-3c4f-4788-a584-ca5b280cc647,species,Animalia,t0070509,"",Agathidium kaohsiungense,Agathidium kaohsiungense,相同Kingdom學名重複,https://vvtaxatree.tbn.org.tw/taxa/e38e2223-3c4f-4788-a584-ca5b280cc647
1cf55a78-aa40-47ea-af9e-86969d27be37,species,Animalia,t0070512,"",Agathidium lucidum,Agathidium lucidum,相同Kingdom學名重複,https://vvtaxatree.tbn.org.tw/taxa/1cf55a78-aa40-47ea-af9e-86969d27be37
7e1d13a9-4de2-4fc9-adfe-e1b58a3a31b2,species,Animalia,t0070514,"",Agathidium lunatum,Agathidium lunatum,相同Kingdom學名重複,https://vvtaxatree.tbn.org.tw/taxa/7e1d13a9-4de2-4fc9-adfe-e1b58a3a31b2
8da5b369-78db-46d8-8952-a523406aaba6,species,Animalia,t0070515,"",Agathidium meifengense,Agathidium meifengense,相同Kingdom學名重複,https://vvtaxatree.tbn.org.tw/taxa/8da5b369-78db-46d8-8952-a523406aaba6
3ff0ac0f-d934-47f9-ae99-c4ac8ed49fe6,species,Animalia,t0070516,"",Agathidium melanocephalum,Agathidium melanocephalum,相同Kingdom學名重複,https://vvtaxatree.tbn.org.tw/taxa/3ff0ac0f-d934-47f9-ae99-c4ac8ed49fe6
39d5e706-d5c6-4111-90c7-66b898141322,species,Animalia,t0070517,"",Agathidium memnonium,Agathidium memnonium,相同Kingdom學名重複,https://vvtaxatree.tbn.org.tw/taxa/39d5e706-d5c6-4111-90c7-66b898141322
ec3ae016-05e4-4723-9ef3-cb0c9c0db8bf,species,Animalia,t0070526,"",Agathidium splendidulum,Agathidium splendidulum,相同Kingdom學名重複,https://vvtaxatree.tbn.org.tw/taxa/ec3ae016-05e4-4723-9ef3-cb0c9c0db8bf
5cdc20e4-6edd-4400-9a43-abe4fb4f9f0d,species,Animalia,t0070527,"",Agathidium subalpinum,Agathidium subalpinum,相同Kingdom學名重複,https://vvtaxatree.tbn.org.tw/taxa/5cdc20e4-6edd-4400-9a43-abe4fb4f9f0d
b1d3b7f2-03e7-400d-9952-3376164dd69f,species,Animalia,t0070530,"",Agathidium taichungense,Agathidium taichungense,相同Kingdom學名重複,https://vvtaxatree.tbn.org.tw/taxa/b1d3b7f2-03e7-400d-9952-3376164dd69f
562ca736-862d-4276-97db-43dc3451595c,species,Animalia,t0070532,"",Agathidium tardum,Agathidium tardum,相同Kingdom學名重複,https://vvtaxatree.tbn.org.tw/taxa/562ca736-862d-4276-97db-43dc3451595c
432a5bf0-68f3-42f0-83d2-b0baf70c8338,species,Animalia,t0070534,"",Agathidium tenebroides,Agathidium tenebroides,相同Kingdom學名重複,https://vvtaxatree.tbn.org.tw/taxa/432a5bf0-68f3-42f0-83d2-b0baf70c8338
3bd58d76-e0e8-411d-b7c9-e306b5dbd050,species,Animalia,t0070535,"",Agathidium tessellatum,Agathidium tessellatum,相同Kingdom學名重複,https://vvtaxatree.tbn.org.tw/taxa/3bd58d76-e0e8-411d-b7c9-e306b5dbd050
0863758c-c899-422a-a17b-c3ebd6a52356,species,Animalia,t0070536,"",Agathidium umbratum,Agathidium umbratum,相同Kingdom學名重複,https://vvtaxatree.tbn.org.tw/taxa/0863758c-c899-422a-a17b-c3ebd6a52356
d4a93683-a899-41dc-821d-7fa45ff8dd83,species,Animalia,t0070513,"",Agathidium lucifugum,Agathidium lucifugum,相同Kingdom學名重複,https://vvtaxatree.tbn.org.tw/taxa/d4a93683-a899-41dc-821d-7fa45ff8dd83
a34ea9d1-c6f9-49ab-9138-933e6b3e1df2,species,Animalia,t0070501,"",Agathidium geniculatum,Agathidium geniculatum,相同Kingdom學名重複,https://vvtaxatree.tbn.org.tw/taxa/a34ea9d1-c6f9-49ab-9138-933e6b3e1df2
4fb83940-c906-4d16-a464-f570099c9f5d,species,Animalia,t0070506,"",Agathidium inquisitor,Agathidium inquisitor,相同Kingdom學名重複,https://vvtaxatree.tbn.org.tw/taxa/4fb83940-c906-4d16-a464-f570099c9f5d
3529394e-6344-4c94-b5b0-9f1ab5f6433f,species,Animalia,t0070539,"",Agathidium yushanicum,Agathidium yushanicum,相同Kingdom學名重複,https://vvtaxatree.tbn.org.tw/taxa/3529394e-6344-4c94-b5b0-9f1ab5f6433f
c3dab100-d2e2-4c11-aa1b-00a751029f5d,species,Animalia,t0070520,"",Agathidium oblitum,Agathidium oblitum,相同Kingdom學名重複,https://vvtaxatree.tbn.org.tw/taxa/c3dab100-d2e2-4c11-aa1b-00a751029f5d
4305516b-04d9-44f8-8b3e-75a050c3e080,species,Animalia,t0070495,"",Agathidium fenchihuense,Agathidium fenchihuense,相同Kingdom學名重複,https://vvtaxatree.tbn.org.tw/taxa/4305516b-04d9-44f8-8b3e-75a050c3e080
41fee4da-e8af-453f-9f74-090261b5506b,species,Animalia,t0070481,"",Agathidium amictum,Agathidium amictum,相同Kingdom學名重複,https://vvtaxatree.tbn.org.tw/taxa/41fee4da-e8af-453f-9f74-090261b5506b
f76ee9ae-0cd1-4002-a299-3878d72c5aa3,species,Animalia,t0070510,"",Agathidium klapperichi,Agathidium klapperichi,相同Kingdom學名重複,https://vvtaxatree.tbn.org.tw/taxa/f76ee9ae-0cd1-4002-a299-3878d72c5aa3
a7d6003b-796e-4d2c-8cb9-f0ff0a4a0f48,species,Animalia,t0070531,"",Agathidium taiwanense,Agathidium taiwanense,相同Kingdom學名重複,https://vvtaxatree.tbn.org.tw/taxa/a7d6003b-796e-4d2c-8cb9-f0ff0a4a0f48
62b1599f-c24f-4946-a127-81585361e1c0,species,Animalia,t0070537,"",Agathidium venustum,Agathidium venustum,相同Kingdom學名重複,https://vvtaxatree.tbn.org.tw/taxa/62b1599f-c24f-4946-a127-81585361e1c0
5c1b3963-1b70-465a-a2a7-bfb0a435bff6,species,Animalia,t0070525,"",Agathidium serratum,Agathidium serratum,相同Kingdom學名重複,https://vvtaxatree.tbn.org.tw/taxa/5c1b3963-1b70-465a-a2a7-bfb0a435bff6
029c134d-acbf-4497-9ab1-95914c69ae71,species,Animalia,t0070519,"",Agathidium nigrocastaneum,Agathidium nigrocastaneum,相同Kingdom學名重複,https://vvtaxatree.tbn.org.tw/taxa/029c134d-acbf-4497-9ab1-95914c69ae71
35c1de93-a45f-453d-809a-4cfa7211c48e,species,Animalia,t0070522,"",Agathidium praeustum,Agathidium praeustum,相同Kingdom學名重複,https://vvtaxatree.tbn.org.tw/taxa/35c1de93-a45f-453d-809a-4cfa7211c48e
b5ff3c6d-3e07-4601-8686-fa2b47fd93a3,species,Animalia,t0070524,"",Agathidium rufomarginatum,Agathidium rufomarginatum,相同Kingdom學名重複,https://vvtaxatree.tbn.org.tw/taxa/b5ff3c6d-3e07-4601-8686-fa2b47fd93a3
c5f3f353-b914-48bb-8921-92f85e9696fb,species,Animalia,t0070533,"",Agathidium tarokoense,Agathidium tarokoense,相同Kingdom學名重複,https://vvtaxatree.tbn.org.tw/taxa/c5f3f353-b914-48bb-8921-92f85e9696fb
815cb908-a2a5-4ba3-82a2-f6f8f4290992,species,Animalia,t0070538,"",Agathidium vestitum,Agathidium vestitum,相同Kingdom學名重複,https://vvtaxatree.tbn.org.tw/taxa/815cb908-a2a5-4ba3-82a2-f6f8f4290992
e9f5aa09-2690-4fdb-a784-b906ab81ae48,species,Animalia,t0070511,"",Agathidium kyotoense,Agathidium kyotoense,相同Kingdom學名重複,https://vvtaxatree.tbn.org.tw/taxa/e9f5aa09-2690-4fdb-a784-b906ab81ae48
bb1d03cd-46f4-4517-ba49-171f5a50d02e,species,Animalia,t0071729,"",Anthaxia akiyamai,Anthaxia akiyamai,相同Kingdom學名重複,https://vvtaxatree.tbn.org.tw/taxa/bb1d03cd-46f4-4517-ba49-171f5a50d02e
41ce9887-d14f-473f-9b84-07f460d9448a,species,Animalia,t0071731,"",Anthaxia clio,Anthaxia clio,相同Kingdom學名重複,https://vvtaxatree.tbn.org.tw/taxa/41ce9887-d14f-473f-9b84-07f460d9448a
4166732c-5378-49a7-8665-4a8a704284c7,species,Animalia,t0071732,"",Anthaxia erato,Anthaxia erato,相同Kingdom學名重複,https://vvtaxatree.tbn.org.tw/taxa/4166732c-5378-49a7-8665-4a8a704284c7
60915293-c07d-4c8a-9459-79da92ed3aa9,species,Animalia,t0071733,"",Anthaxia formosensis,Anthaxia formosensis,相同Kingdom學名重複,https://vvtaxatree.tbn.org.tw/taxa/60915293-c07d-4c8a-9459-79da92ed3aa9
b77769d6-1102-42fa-a772-49670bb07aec,species,Animalia,t0071735,"",Anthaxia kurosawai,Anthaxia kurosawai,相同Kingdom學名重複,https://vvtaxatree.tbn.org.tw/taxa/b77769d6-1102-42fa-a772-49670bb07aec
ba0786b9-e796-4a2a-a3f9-8401b033eb5e,species,Animalia,t0071738,"",Anthaxia taiwanensis,Anthaxia taiwanensis,相同Kingdom學名重複,https://vvtaxatree.tbn.org.tw/taxa/ba0786b9-e796-4a2a-a3f9-8401b033eb5e
0d6a3454-78fb-493f-a69f-e0e22a7e12b8,species,Animalia,t0071739,"",Anthaxia toyamai,Anthaxia toyamai,相同Kingdom學名重複,https://vvtaxatree.tbn.org.tw/taxa/0d6a3454-78fb-493f-a69f-e0e22a7e12b8
14205759-c1e9-43a6-abfb-6d8ce747bd1c,species,Animalia,t0057850,"",Aulacocheilus shinoharai,Aulacocheilus shinoharai,相同Kingdom學名重複,https://vvtaxatree.tbn.org.tw/taxa/14205759-c1e9-43a6-abfb-6d8ce747bd1c
c4362ec5-eb96-4b10-bd24-0c358a611760,species,Animalia,t0069229,"",Micrencaustes taiwana,Micrencaustes taiwana,相同Kingdom學名重複,https://vvtaxatree.tbn.org.tw/taxa/c4362ec5-eb96-4b10-bd24-0c358a611760
d38d2d67-9291-4c94-8960-93f428eae086,species,Animalia,t0061399,"",Dermestes nidum,Dermestes nidum,相同Kingdom學名重複,https://vvtaxatree.tbn.org.tw/taxa/d38d2d67-9291-4c94-8960-93f428eae086
39496461-1ce2-4e4b-a7c5-03623dc0a3fc,species,Animalia,t0082468,"",Orphinus aethiops,Orphinus aethiops,相同Kingdom學名重複,https://vvtaxatree.tbn.org.tw/taxa/39496461-1ce2-4e4b-a7c5-03623dc0a3fc
38659157-652c-444d-a31f-6bff8312511e,species,Animalia,t0068421,"",Malthinus fenchihuensis,Malthinus fenchihuensis,相同Kingdom學名重複,https://vvtaxatree.tbn.org.tw/taxa/38659157-652c-444d-a31f-6bff8312511e
6d118df0-9db0-494c-a3b7-9dc7b351324a,species,Animalia,t0068422,"",Malthinus notsui,Malthinus notsui,相同Kingdom學名重複,https://vvtaxatree.tbn.org.tw/taxa/6d118df0-9db0-494c-a3b7-9dc7b351324a
b7856203-f364-47fd-85bb-81be9447fdf3,species,Animalia,t0068423,"",Malthinus ohbai,Malthinus ohbai,相同Kingdom學名重複,https://vvtaxatree.tbn.org.tw/taxa/b7856203-f364-47fd-85bb-81be9447fdf3
5919d540-550b-4733-83a5-e36d549a44f5,species,Animalia,t0068428,"",Malthinus taiwanoniger,Malthinus taiwanoniger,相同Kingdom學名重複,https://vvtaxatree.tbn.org.tw/taxa/5919d540-550b-4733-83a5-e36d549a44f5
864c574b-c533-4898-8001-2ff5f1140d06,species,Animalia,t0027749,"",Malthinus shimomurai,Malthinus shimomurai,相同Kingdom學名重複,https://vvtaxatree.tbn.org.tw/taxa/864c574b-c533-4898-8001-2ff5f1140d06
fdcf55b7-760f-4755-bf39-e224da3425df,species,Animalia,t0068429,"",Malthinus taiwanus,Malthinus taiwanus,相同Kingdom學名重複,https://vvtaxatree.tbn.org.tw/taxa/fdcf55b7-760f-4755-bf39-e224da3425df
2cb2ccee-947b-4d28-bd2d-63ee800b948e,species,Animalia,t0068430,"",Malthinus vixlimbatus,Malthinus vixlimbatus,相同Kingdom學名重複,https://vvtaxatree.tbn.org.tw/taxa/2cb2ccee-947b-4d28-bd2d-63ee800b948e
b9bed11e-bcdc-4fd7-b970-af343a5c5e09,species,Animalia,t0068431,"",Malthinus yangmingensis,Malthinus yangmingensis,相同Kingdom學名重複,https://vvtaxatree.tbn.org.tw/taxa/b9bed11e-bcdc-4fd7-b970-af343a5c5e09
7863162c-df27-43fd-b51b-85c2626cfb4a,species,Animalia,t0068424,"",Malthinus palingensis,Malthinus palingensis,相同Kingdom學名重複,https://vvtaxatree.tbn.org.tw/taxa/7863162c-df27-43fd-b51b-85c2626cfb4a
db942f80-8cca-4e09-b4fd-b7770b011adf,species,Animalia,t0068427,"",Malthinus ssulingensis,Malthinus ssulingensis,相同Kingdom學名重複,https://vvtaxatree.tbn.org.tw/taxa/db942f80-8cca-4e09-b4fd-b7770b011adf
e73befe6-d504-4266-8574-cf5fa05dc71b,species,Animalia,t0068432,"",Malthodes brancuccii,Malthodes brancuccii,相同Kingdom學名重複,https://vvtaxatree.tbn.org.tw/taxa/e73befe6-d504-4266-8574-cf5fa05dc71b
607a2cca-95b3-457d-bc95-ec327fd212b3,species,Animalia,t0068433,"",Malthodes fenchihuensis,Malthodes fenchihuensis,相同Kingdom學名重複,https://vvtaxatree.tbn.org.tw/taxa/607a2cca-95b3-457d-bc95-ec327fd212b3
3cc8f4a5-7bc3-4e0a-bd7e-32ee6821d8c1,species,Animalia,t0068434,"",Malthodes makiharai,Malthodes makiharai,相同Kingdom學名重複,https://vvtaxatree.tbn.org.tw/taxa/3cc8f4a5-7bc3-4e0a-bd7e-32ee6821d8c1
1a9ce21b-b693-4448-9f1c-6095615b7279,species,Animalia,t0068435,"",Malthodes niitakaensis,Malthodes niitakaensis,相同Kingdom學名重複,https://vvtaxatree.tbn.org.tw/taxa/1a9ce21b-b693-4448-9f1c-6095615b7279
0913acda-580a-4ae2-a2f3-308e4d045ae1,species,Animalia,t0068436,"",Malthodes taiwanus,Malthodes taiwanus,相同Kingdom學名重複,https://vvtaxatree.tbn.org.tw/taxa/0913acda-580a-4ae2-a2f3-308e4d045ae1
df30dfd8-d9ce-46a0-8cf6-0e980b4a12b3,species,Animalia,t0047261,"",Themus bicoloricornis,Themus bicoloricornis,相同Kingdom學名重複,https://vvtaxatree.tbn.org.tw/taxa/df30dfd8-d9ce-46a0-8cf6-0e980b4a12b3
27749c6e-d95e-4bc3-91da-2b5e3fd7d426,species,Animalia,t0033366,"",Themus uniformis,Themus uniformis,相同Kingdom學名重複,https://vvtaxatree.tbn.org.tw/taxa/27749c6e-d95e-4bc3-91da-2b5e3fd7d426
7a537d62-722a-4aee-b6c6-43e597b49c78,species,Animalia,t0047263,"",Themus formosanus,Themus formosanus,相同Kingdom學名重複,https://vvtaxatree.tbn.org.tw/taxa/7a537d62-722a-4aee-b6c6-43e597b49c78
dacbfa21-b6fc-46bc-ab05-fc6601fcef4d,species,Animalia,t0047267,"",Themus purpuratus,Themus purpuratus,相同Kingdom學名重複,https://vvtaxatree.tbn.org.tw/taxa/dacbfa21-b6fc-46bc-ab05-fc6601fcef4d
8425b613-ec47-4a1a-ba12-24301ba884ed,species,Animalia,t0047271,"",Themus taiwanus,Themus taiwanus,相同Kingdom學名重複,https://vvtaxatree.tbn.org.tw/taxa/8425b613-ec47-4a1a-ba12-24301ba884ed
9c9a5583-4e4f-49c7-ae3b-461d3abc4a3e,species,Animalia,t0047266,"",Themus pallidipes,Themus pallidipes,相同Kingdom學名重複,https://vvtaxatree.tbn.org.tw/taxa/9c9a5583-4e4f-49c7-ae3b-461d3abc4a3e
4861b686-c57d-4600-b4c4-d0021b488d87,species,Animalia,t0047268,"",Themus satoi,Themus satoi,相同Kingdom學名重複,https://vvtaxatree.tbn.org.tw/taxa/4861b686-c57d-4600-b4c4-d0021b488d87
503db0f1-a846-4404-9de9-54f60beeaf32,species,Animalia,t0027330,"",Laterialis oculatus,Laterialis oculatus,相同Kingdom學名重複,https://vvtaxatree.tbn.org.tw/taxa/503db0f1-a846-4404-9de9-54f60beeaf32
5e243dad-93f7-4c85-8e73-49e3f3cc46c6,species,Animalia,t0068166,"",Lyponia kleinei,Lyponia kleinei,相同Kingdom學名重複,https://vvtaxatree.tbn.org.tw/taxa/5e243dad-93f7-4c85-8e73-49e3f3cc46c6
0d95b2d6-4a3a-4249-bf95-d34ee5412149,species,Animalia,t0068167,"",Lyponia palpalis,Lyponia palpalis,相同Kingdom學名重複,https://vvtaxatree.tbn.org.tw/taxa/0d95b2d6-4a3a-4249-bf95-d34ee5412149
447cb8f3-c3b5-49b1-8555-a751aea3ee91,species,Animalia,t0067681,"",Lissodema uenoi,Lissodema uenoi,相同Kingdom學名重複,https://vvtaxatree.tbn.org.tw/taxa/447cb8f3-c3b5-49b1-8555-a751aea3ee91
26b955e3-3915-4079-99e8-ec5cf866c47b,species,Animalia,t0049737,"",Apamea ikerfasciata,Apamea ikerfasciata,相同Kingdom學名重複,https://vvtaxatree.tbn.org.tw/taxa/26b955e3-3915-4079-99e8-ec5cf866c47b
e89850b1-24c5-4f43-9080-1ae47acda8e1,species,Animalia,t0049736,"",Apamea herczigi,Apamea herczigi,相同Kingdom學名重複,https://vvtaxatree.tbn.org.tw/taxa/e89850b1-24c5-4f43-9080-1ae47acda8e1
3b933da0-5d2d-43ea-8924-5137b34bc5d4,species,Animalia,t0049734,"",Apamea changi,Apamea changi,相同Kingdom學名重複,https://vvtaxatree.tbn.org.tw/taxa/3b933da0-5d2d-43ea-8924-5137b34bc5d4
99071660-df59-46b6-94a7-e4a86dec792c,species,Animalia,t0051974,"",Mythimna hirashimai,Mythimna hirashimai,相同Kingdom學名重複,https://vvtaxatree.tbn.org.tw/taxa/99071660-df59-46b6-94a7-e4a86dec792c
3544c7cf-21b2-4452-ada3-b96593df95f8,species,Animalia,t0051975,"",Mythimna lucida,Mythimna lucida,相同Kingdom學名重複,https://vvtaxatree.tbn.org.tw/taxa/3544c7cf-21b2-4452-ada3-b96593df95f8
1796ae56-30fc-4464-96c8-3aa3001352a7,species,Animalia,t0051979,"",Mythimna rushanensis,Mythimna rushanensis,相同Kingdom學名重複,https://vvtaxatree.tbn.org.tw/taxa/1796ae56-30fc-4464-96c8-3aa3001352a7
fbef2e30-98a9-4091-b14d-e4fa38db3693,species,Animalia,t0033270,"",Tarsolepis fulgurifera,Tarsolepis fulgurifera,相同Kingdom學名重複,https://vvtaxatree.tbn.org.tw/taxa/fbef2e30-98a9-4091-b14d-e4fa38db3693
67521363-75c7-4b6d-997c-ae1d55a3c226,species,Animalia,t0098006,"",Neope muirheadii,Neope muirheadii,相同Kingdom學名重複,https://vvtaxatree.tbn.org.tw/taxa/67521363-75c7-4b6d-997c-ae1d55a3c226
f70324b5-8881-4e34-a56d-b106c3de5cba,species,Animalia,t0065736,"",Homoeocerus striicornis,Homoeocerus striicornis,相同Kingdom學名重複,https://vvtaxatree.tbn.org.tw/taxa/f70324b5-8881-4e34-a56d-b106c3de5cba
01f63971-88ad-4b26-899e-cbde4c468c55,species,Animalia,t0065994,"",Hygia pedestris,Hygia pedestris,相同Kingdom學名重複,https://vvtaxatree.tbn.org.tw/taxa/01f63971-88ad-4b26-899e-cbde4c468c55
81a0814d-f1d6-43a6-873a-7fb1615e8741,species,Animalia,t0076862,"",Bryocoris gracilis,Bryocoris gracilis,相同Kingdom學名重複,https://vvtaxatree.tbn.org.tw/taxa/81a0814d-f1d6-43a6-873a-7fb1615e8741
7f2a5e90-4aa2-45b9-a130-383cc8613634,species,Animalia,t0076860,"",Bryocoris flaviceps,Bryocoris flaviceps,相同Kingdom學名重複,https://vvtaxatree.tbn.org.tw/taxa/7f2a5e90-4aa2-45b9-a130-383cc8613634
f24b12f6-43ed-423d-a5ef-fc6934573c63,species,Animalia,t0049212,"",Zoraida nitobii,Zoraida nitobii,相同Kingdom學名重複,https://vvtaxatree.tbn.org.tw/taxa/f24b12f6-43ed-423d-a5ef-fc6934573c63
2061cc50-62b1-4bff-8d51-cfd73351cf42,species,Animalia,t0064866,"",Greenidea viticola,Greenidea viticola,相同Kingdom學名重複,https://vvtaxatree.tbn.org.tw/taxa/2061cc50-62b1-4bff-8d51-cfd73351cf42
aff5297a-0cb6-4d7e-9406-0838572a389b,species,Animalia,t0064862,"",Greenidea mushana,Greenidea mushana,相同Kingdom學名重複,https://vvtaxatree.tbn.org.tw/taxa/aff5297a-0cb6-4d7e-9406-0838572a389b
b34456ca-cf54-49e3-8435-ac0adffa4b8c,species,Animalia,t0064863,"",Greenidea myricae,Greenidea myricae,相同Kingdom學名重複,https://vvtaxatree.tbn.org.tw/taxa/b34456ca-cf54-49e3-8435-ac0adffa4b8c
2799673c-3190-45e1-b103-ca124fd6a603,species,Animalia,t0062191,"",Dysdercus fuscomaculatus,Dysdercus fuscomaculatus,相同Kingdom學名重複,https://vvtaxatree.tbn.org.tw/taxa/2799673c-3190-45e1-b103-ca124fd6a603
01171794-d312-4018-b532-67447f7b908c,species,Animalia,t0047984,"",Trioza neolitsae,Trioza neolitsae,相同Kingdom學名重複,https://vvtaxatree.tbn.org.tw/taxa/01171794-d312-4018-b532-67447f7b908c
d3e409cf-a6d7-4ced-b7d3-7a790542fbb9,species,Animalia,t0084344,"",Physopelta parviceps,Physopelta parviceps,相同Kingdom學名重複,https://vvtaxatree.tbn.org.tw/taxa/d3e409cf-a6d7-4ced-b7d3-7a790542fbb9
eb7ef1c1-eca6-4ea2-9d86-744b63143d11,species,Animalia,t0084345,"",Physopelta quadriguttata,Physopelta quadriguttata,相同Kingdom學名重複,https://vvtaxatree.tbn.org.tw/taxa/eb7ef1c1-eca6-4ea2-9d86-744b63143d11
d7d9e03a-e4d1-45ca-8db6-106114b03602,species,Animalia,t0077711,"",Centistes choui,Centistes choui,相同Kingdom學名重複,https://vvtaxatree.tbn.org.tw/taxa/d7d9e03a-e4d1-45ca-8db6-106114b03602
494ecf8b-bc6e-4dee-a2dd-bcc1fe195f5d,species,Animalia,t0078961,"",Colastes pilosiventris,Colastes pilosiventris,相同Kingdom學名重複,https://vvtaxatree.tbn.org.tw/taxa/494ecf8b-bc6e-4dee-a2dd-bcc1fe195f5d
6f3762a1-4286-4371-8eb4-7812d8581a8b,species,Animalia,t0078957,"",Colastes alboapicalis,Colastes alboapicalis,相同Kingdom學名重複,https://vvtaxatree.tbn.org.tw/taxa/6f3762a1-4286-4371-8eb4-7812d8581a8b
808f1e6b-04ae-4875-b016-90d69d40cf6d,species,Animalia,t0078959,"",Colastes longitergum,Colastes longitergum,相同Kingdom學名重複,https://vvtaxatree.tbn.org.tw/taxa/808f1e6b-04ae-4875-b016-90d69d40cf6d
b7542a7b-0108-418a-bf61-8db5217b7e0a,species,Animalia,t0065754,"",Homolobus undulatus,Homolobus undulatus,相同Kingdom學名重複,https://vvtaxatree.tbn.org.tw/taxa/b7542a7b-0108-418a-bf61-8db5217b7e0a
bad09da8-8b82-4167-bbe0-810299d54448,species,Animalia,t0082870,"",Pambolus caudalis,Pambolus caudalis,相同Kingdom學名重複,https://vvtaxatree.tbn.org.tw/taxa/bad09da8-8b82-4167-bbe0-810299d54448
9aa52e24-682c-42a8-8f1f-27fdff9758fb,species,Animalia,t0082871,"",Pambolus ruficeps,Pambolus ruficeps,相同Kingdom學名重複,https://vvtaxatree.tbn.org.tw/taxa/9aa52e24-682c-42a8-8f1f-27fdff9758fb
f327d769-a228-4e1a-9434-35414cd681b0,species,Animalia,t0039972,"",Streblocera okadai,Streblocera okadai,相同Kingdom學名重複,https://vvtaxatree.tbn.org.tw/taxa/f327d769-a228-4e1a-9434-35414cd681b0
5c952724-18b2-47a8-8147-4724ea25b9df,species,Animalia,t0039983,"",Streblocera villosa,Streblocera villosa,相同Kingdom學名重複,https://vvtaxatree.tbn.org.tw/taxa/5c952724-18b2-47a8-8147-4724ea25b9df
67882dfc-8f93-47b1-8989-8e50f31ff02b,species,Animalia,t0047742,"",Triaspis imitatus,Triaspis imitatus,相同Kingdom學名重複,https://vvtaxatree.tbn.org.tw/taxa/67882dfc-8f93-47b1-8989-8e50f31ff02b
b2770a12-b492-4baa-b0c5-29717e094f70,species,Animalia,t0069186,"",Metopius baibarensis,Metopius baibarensis,相同Kingdom學名重複,https://vvtaxatree.tbn.org.tw/taxa/b2770a12-b492-4baa-b0c5-29717e094f70
532e92e1-83a1-4095-bb41-5e8c624af810,species,Animalia,t0062292,"",Ectemnius alishanus,Ectemnius alishanus,相同Kingdom學名重複,https://vvtaxatree.tbn.org.tw/taxa/532e92e1-83a1-4095-bb41-5e8c624af810
ee6607ef-1975-4488-a91d-799ec7aadd34,species,Animalia,t0077312,"",Campsomeris ilanensis,Campsomeris ilanensis,相同Kingdom學名重複,https://vvtaxatree.tbn.org.tw/taxa/ee6607ef-1975-4488-a91d-799ec7aadd34
02740eb3-9a47-4445-bf92-a54ebbdd0fdf,species,Animalia,t0077310,"",Campsomeris binghami,Campsomeris binghami,相同Kingdom學名重複,https://vvtaxatree.tbn.org.tw/taxa/02740eb3-9a47-4445-bf92-a54ebbdd0fdf
d03cce0d-31ce-46ab-b203-04570cabd9e4,species,Animalia,t0077311,"",Campsomeris formosensis,Campsomeris formosensis,相同Kingdom學名重複,https://vvtaxatree.tbn.org.tw/taxa/d03cce0d-31ce-46ab-b203-04570cabd9e4
7d11aa7b-cd29-4795-9853-cddea111db70,species,Animalia,t0077320,"",Campsomeris taiwana,Campsomeris taiwana,相同Kingdom學名重複,https://vvtaxatree.tbn.org.tw/taxa/7d11aa7b-cd29-4795-9853-cddea111db70
b1ce3582-816d-4278-9590-dfc4d42f7c6f,species,Animalia,t0077321,"",Campsomeris uchidai,Campsomeris uchidai,相同Kingdom學名重複,https://vvtaxatree.tbn.org.tw/taxa/b1ce3582-816d-4278-9590-dfc4d42f7c6f
3ba97cf3-f943-4a30-a4e4-d3bab66739f8,species,Animalia,t0038576,"",Scolia desidiosa,Scolia desidiosa,相同Kingdom學名重複,https://vvtaxatree.tbn.org.tw/taxa/3ba97cf3-f943-4a30-a4e4-d3bab66739f8
a416468f-dca4-4d69-a29c-84b59a73d3e1,species,Animalia,t0038577,"",Scolia formosicola,Scolia formosicola,相同Kingdom學名重複,https://vvtaxatree.tbn.org.tw/taxa/a416468f-dca4-4d69-a29c-84b59a73d3e1
d1a3f9d2-e6ad-4045-bd79-dcfc9d2b89b6,species,Animalia,t0038581,"",Scolia minowai,Scolia minowai,相同Kingdom學名重複,https://vvtaxatree.tbn.org.tw/taxa/d1a3f9d2-e6ad-4045-bd79-dcfc9d2b89b6
bc299500-c428-42ea-8274-22bd44636056,species,Animalia,t0038587,"",Scolia taiwana,Scolia taiwana,相同Kingdom學名重複,https://vvtaxatree.tbn.org.tw/taxa/bc299500-c428-42ea-8274-22bd44636056
fdf6c297-08c9-4a56-b5ed-cda5d2a55f55,species,Animalia,t0038591,"",Scolia wusheensis,Scolia wusheensis,相同Kingdom學名重複,https://vvtaxatree.tbn.org.tw/taxa/fdf6c297-08c9-4a56-b5ed-cda5d2a55f55
dbed2030-0d6f-4067-8b29-b856731c1e48,species,Animalia,t0077417,"",Carcelia caudata,Carcelia caudata,相同Kingdom學名重複,https://vvtaxatree.tbn.org.tw/taxa/dbed2030-0d6f-4067-8b29-b856731c1e48
e4a91511-f7bb-4f4a-953f-5642c949bbc3,species,Animalia,t0077419,"",Carcelia frontalis,Carcelia frontalis,相同Kingdom學名重複,https://vvtaxatree.tbn.org.tw/taxa/e4a91511-f7bb-4f4a-953f-5642c949bbc3
452373e8-6210-4865-9fe2-7c885acc98a9,species,Animalia,t0077424,"",Carcelia rasoides,Carcelia rasoides,相同Kingdom學名重複,https://vvtaxatree.tbn.org.tw/taxa/452373e8-6210-4865-9fe2-7c885acc98a9
06af6ad1-7941-4b81-878f-bfa31614535a,species,Animalia,t0077426,"",Carcelia rutilloides,Carcelia rutilloides,相同Kingdom學名重複,https://vvtaxatree.tbn.org.tw/taxa/06af6ad1-7941-4b81-878f-bfa31614535a
2f98f925-835e-4936-9b30-101e36859e52,species,Animalia,t0077428,"",Carcelia setosella,Carcelia setosella,相同Kingdom學名重複,https://vvtaxatree.tbn.org.tw/taxa/2f98f925-835e-4936-9b30-101e36859e52
5b751e89-82ba-4016-baa6-ac2052f19c4e,species,Animalia,t0077429,"",Carcelia sexta,Carcelia sexta,相同Kingdom學名重複,https://vvtaxatree.tbn.org.tw/taxa/5b751e89-82ba-4016-baa6-ac2052f19c4e
f98c21ff-b472-4276-8536-dde479d11755,species,Animalia,t0077416,"",Carcelia aberrans,Carcelia aberrans,相同Kingdom學名重複,https://vvtaxatree.tbn.org.tw/taxa/f98c21ff-b472-4276-8536-dde479d11755
439b1181-989c-4d9b-96aa-27e4146a0064,species,Animalia,t0077421,"",Carcelia hirsuta,Carcelia hirsuta,相同Kingdom學名重複,https://vvtaxatree.tbn.org.tw/taxa/439b1181-989c-4d9b-96aa-27e4146a0064
510d85b9-1dfa-4474-b198-cbf23601a9e9,species,Animalia,t0077422,"",Carcelia pilosella,Carcelia pilosella,相同Kingdom學名重複,https://vvtaxatree.tbn.org.tw/taxa/510d85b9-1dfa-4474-b198-cbf23601a9e9
d0f9439e-1301-4e7d-bd0c-35b3a60b8f8f,species,Animalia,t0077427,"",Carcelia septima,Carcelia septima,相同Kingdom學名重複,https://vvtaxatree.tbn.org.tw/taxa/d0f9439e-1301-4e7d-bd0c-35b3a60b8f8f
d1a25aeb-007c-424f-a916-4a45747e4d87,species,Animalia,t0057679,"",Anopheles sinensis,Anopheles sinensis,相同Kingdom學名重複,https://vvtaxatree.tbn.org.tw/taxa/d1a25aeb-007c-424f-a916-4a45747e4d87
e8031119-7b60-40a0-845d-170f9983686d,species,Animalia,t0057678,"",Anopheles minimus,Anopheles minimus,相同Kingdom學名重複,https://vvtaxatree.tbn.org.tw/taxa/e8031119-7b60-40a0-845d-170f9983686d
f1ffd9ed-042f-43fa-bcbc-9a2e6f2bdf7a,species,Animalia,t0057680,"",Anopheles takasagoensis,Anopheles takasagoensis,相同Kingdom學名重複,https://vvtaxatree.tbn.org.tw/taxa/f1ffd9ed-042f-43fa-bcbc-9a2e6f2bdf7a
cef0c76a-bf10-4b48-b550-063b70398ae7,species,Animalia,t0057681,"",Anopheles tessellatus,Anopheles tessellatus,相同Kingdom學名重複,https://vvtaxatree.tbn.org.tw/taxa/cef0c76a-bf10-4b48-b550-063b70398ae7
65154203-fb66-444d-bf8d-7973dfb8e53d,species,Animalia,t0079774,"",Culex alis,Culex alis,相同Kingdom學名重複,https://vvtaxatree.tbn.org.tw/taxa/65154203-fb66-444d-bf8d-7973dfb8e53d
35628fa0-d73f-4e35-a2f6-2838c2503cc3,species,Animalia,t0079780,"",Culex fuscocephala,Culex fuscocephala,相同Kingdom學名重複,https://vvtaxatree.tbn.org.tw/taxa/35628fa0-d73f-4e35-a2f6-2838c2503cc3
28715a8a-ddb0-4530-9781-80d0ecb81e48,species,Animalia,t0079781,"",Culex gelidus,Culex gelidus,相同Kingdom學名重複,https://vvtaxatree.tbn.org.tw/taxa/28715a8a-ddb0-4530-9781-80d0ecb81e48
f2bbcc3a-f417-49f7-aa32-23753657f03c,species,Animalia,t0079785,"",Culex infula,Culex infula,相同Kingdom學名重複,https://vvtaxatree.tbn.org.tw/taxa/f2bbcc3a-f417-49f7-aa32-23753657f03c
118ac47b-9c11-4655-9dc6-b71102c6baa3,species,Animalia,t0079801,"",Culex sinensis,Culex sinensis,相同Kingdom學名重複,https://vvtaxatree.tbn.org.tw/taxa/118ac47b-9c11-4655-9dc6-b71102c6baa3
6c9a59d9-9004-4c0f-90bb-5fe072208a7f,species,Animalia,t0079802,"",Culex sitiens,Culex sitiens,相同Kingdom學名重複,https://vvtaxatree.tbn.org.tw/taxa/6c9a59d9-9004-4c0f-90bb-5fe072208a7f
65c5560b-df5c-47ad-8a2c-c76022adca0d,species,Animalia,t0079805,"",Culex vagans,Culex vagans,相同Kingdom學名重複,https://vvtaxatree.tbn.org.tw/taxa/65c5560b-df5c-47ad-8a2c-c76022adca0d
5ffc4fdb-c374-4ca6-a459-2063612953d0,species,Animalia,t0079806,"",Culex vishnui,Culex vishnui,相同Kingdom學名重複,https://vvtaxatree.tbn.org.tw/taxa/5ffc4fdb-c374-4ca6-a459-2063612953d0
74df90ad-c228-43fb-b8a8-56b06dfa76f7,species,Animalia,t0079775,"",Culex annulus,Culex annulus,相同Kingdom學名重複,https://vvtaxatree.tbn.org.tw/taxa/74df90ad-c228-43fb-b8a8-56b06dfa76f7
3d945bd2-0e98-4a50-92ee-39feba7bffc6,species,Animalia,t0079807,"",Culex whitei,Culex whitei,相同Kingdom學名重複,https://vvtaxatree.tbn.org.tw/taxa/3d945bd2-0e98-4a50-92ee-39feba7bffc6
952eec14-d1bb-4ff2-a4d2-bf167a4450f0,species,Animalia,t0079796,"",Culex pallidothorax,Culex pallidothorax,相同Kingdom學名重複,https://vvtaxatree.tbn.org.tw/taxa/952eec14-d1bb-4ff2-a4d2-bf167a4450f0
50cd47da-4468-4168-a5c5-1f021ca7136b,species,Animalia,t0048409,"",Uranotaenia novobscura,Uranotaenia novobscura,相同Kingdom學名重複,https://vvtaxatree.tbn.org.tw/taxa/50cd47da-4468-4168-a5c5-1f021ca7136b
d678e966-0778-4a2a-b470-c1a89e415a9c,species,Animalia,t0048403,"",Uranotaenia annandalei,Uranotaenia annandalei,相同Kingdom學名重複,https://vvtaxatree.tbn.org.tw/taxa/d678e966-0778-4a2a-b470-c1a89e415a9c
a6f24a7e-54d9-4d13-a6dc-55a63e296fa3,species,Animalia,t0048404,"",Uranotaenia hebes,Uranotaenia hebes,相同Kingdom學名重複,https://vvtaxatree.tbn.org.tw/taxa/a6f24a7e-54d9-4d13-a6dc-55a63e296fa3
9bc856d2-f2f2-4eae-861a-e5510cb57271,species,Animalia,t0072296,"",Asarkina eurytaeniata,Asarkina eurytaeniata,相同Kingdom學名重複,https://vvtaxatree.tbn.org.tw/taxa/9bc856d2-f2f2-4eae-861a-e5510cb57271
72f87e39-c5d5-4064-9acf-2922316b5cff,species,Animalia,t0076088,"",Baccha amphithoe,Baccha amphithoe,相同Kingdom學名重複,https://vvtaxatree.tbn.org.tw/taxa/72f87e39-c5d5-4064-9acf-2922316b5cff
3fde2598-9d55-447e-8aef-637538bfd4d5,species,Animalia,t0076090,"",Baccha fallax,Baccha fallax,相同Kingdom學名重複,https://vvtaxatree.tbn.org.tw/taxa/3fde2598-9d55-447e-8aef-637538bfd4d5
a6980874-9d61-4309-be21-a49bcf4ad479,species,Animalia,t0076093,"",Baccha nubilipennis,Baccha nubilipennis,相同Kingdom學名重複,https://vvtaxatree.tbn.org.tw/taxa/a6980874-9d61-4309-be21-a49bcf4ad479
542ef0d2-18cf-413e-996b-1c4c83020fa8,species,Animalia,t0076094,"",Baccha sapphirina,Baccha sapphirina,相同Kingdom學名重複,https://vvtaxatree.tbn.org.tw/taxa/542ef0d2-18cf-413e-996b-1c4c83020fa8
489b0309-d4e4-4a7b-a2b2-65e9a3f0eabd,species,Animalia,t0076091,"",Baccha maculata,Baccha maculata,相同Kingdom學名重複,https://vvtaxatree.tbn.org.tw/taxa/489b0309-d4e4-4a7b-a2b2-65e9a3f0eabd
b53cc81b-05b9-4e69-8c8d-6a280e1752fd,species,Animalia,t0069269,"",Microdon stilboides,Microdon stilboides,相同Kingdom學名重複,https://vvtaxatree.tbn.org.tw/taxa/b53cc81b-05b9-4e69-8c8d-6a280e1752fd
c32e6f54-2876-4887-83fe-6180cfb4f136,species,Animalia,t0081807,"",Notiphila dorsopunctata,Notiphila dorsopunctata,相同Kingdom學名重複,https://vvtaxatree.tbn.org.tw/taxa/c32e6f54-2876-4887-83fe-6180cfb4f136
439076f5-7b2a-4a5a-bcd2-54f1b2ce8b96,species,Animalia,t0079822,"",Culicoides dubius,Culicoides dubius,相同Kingdom學名重複,https://vvtaxatree.tbn.org.tw/taxa/439076f5-7b2a-4a5a-bcd2-54f1b2ce8b96
134befbe-1614-4452-8f4f-1fe75173adea,species,Animalia,t0079841,"",Culicoides liui,Culicoides liui,相同Kingdom學名重複,https://vvtaxatree.tbn.org.tw/taxa/134befbe-1614-4452-8f4f-1fe75173adea
59673dab-98b2-40ad-b5eb-8feaac4d974a,species,Animalia,t0079817,"",Culicoides charadraeus,Culicoides charadraeus,相同Kingdom學名重複,https://vvtaxatree.tbn.org.tw/taxa/59673dab-98b2-40ad-b5eb-8feaac4d974a
1fc08a46-f617-41d3-b031-9d5b78a19968,species,Animalia,t0079819,"",Culicoides clavipalpis,Culicoides clavipalpis,相同Kingdom學名重複,https://vvtaxatree.tbn.org.tw/taxa/1fc08a46-f617-41d3-b031-9d5b78a19968
75c92f81-f2eb-4f01-8e23-fc0aa02030c2,species,Animalia,t0079836,"",Culicoides kepongensis,Culicoides kepongensis,相同Kingdom學名重複,https://vvtaxatree.tbn.org.tw/taxa/75c92f81-f2eb-4f01-8e23-fc0aa02030c2
3c816aed-19b6-4e5a-9c89-5eb5d3b2b61c,species,Animalia,t0046248,"",Culicoides okinawensis,Culicoides okinawensis,相同Kingdom學名重複,https://vvtaxatree.tbn.org.tw/taxa/3c816aed-19b6-4e5a-9c89-5eb5d3b2b61c
b3af418e-8b4a-4aca-938f-6850ba476d50,species,Animalia,t0079813,"",Culicoides barreti,Culicoides barreti,相同Kingdom學名重複,https://vvtaxatree.tbn.org.tw/taxa/b3af418e-8b4a-4aca-938f-6850ba476d50
39b4576e-5ff7-4236-9540-25ed224d2a91,species,Animalia,t0079825,"",Culicoides flaviscutatus,Culicoides flaviscutatus,相同Kingdom學名重複,https://vvtaxatree.tbn.org.tw/taxa/39b4576e-5ff7-4236-9540-25ed224d2a91
3bc47809-da9a-4e13-a86f-68a5a0504d9d,species,Animalia,t0079826,"",Culicoides fordae,Culicoides fordae,相同Kingdom學名重複,https://vvtaxatree.tbn.org.tw/taxa/3bc47809-da9a-4e13-a86f-68a5a0504d9d
df2d44f0-2732-49e0-87d5-b7e6a4591698,species,Animalia,t0079854,"",Culicoides paraflavescens,Culicoides paraflavescens,相同Kingdom學名重複,https://vvtaxatree.tbn.org.tw/taxa/df2d44f0-2732-49e0-87d5-b7e6a4591698
df661c06-7707-4d66-9aed-5bdd1a0b6fd9,species,Animalia,t0079857,"",Culicoides ragulithecus,Culicoides ragulithecus,相同Kingdom學名重複,https://vvtaxatree.tbn.org.tw/taxa/df661c06-7707-4d66-9aed-5bdd1a0b6fd9
a78f0cd5-fd69-47f2-b1e2-46fe105c09f5,species,Animalia,t0079859,"",Culicoides subpalpifer,Culicoides subpalpifer,相同Kingdom學名重複,https://vvtaxatree.tbn.org.tw/taxa/a78f0cd5-fd69-47f2-b1e2-46fe105c09f5
5b440219-ca9d-465b-91a2-e1c8ce3a9957,species,Animalia,t0079864,"",Culicoides tenuipalpis,Culicoides tenuipalpis,相同Kingdom學名重複,https://vvtaxatree.tbn.org.tw/taxa/5b440219-ca9d-465b-91a2-e1c8ce3a9957
dc9dcf61-1df4-49bf-b974-cab1f5471408,species,Animalia,t0063983,"",Forcipomyia tokunagai,Forcipomyia tokunagai,相同Kingdom學名重複,https://vvtaxatree.tbn.org.tw/taxa/dc9dcf61-1df4-49bf-b974-cab1f5471408
b75c4321-5fce-4378-bea6-0ddb6a5fd6e6,species,Animalia,t0062101,"",Drosophila repleta,Drosophila repleta,相同Kingdom學名重複,https://vvtaxatree.tbn.org.tw/taxa/b75c4321-5fce-4378-bea6-0ddb6a5fd6e6
8760a1ed-1716-4bac-94c6-cc6aeec72c33,species,Animalia,t0062051,"",Drosophila ananassae,Drosophila ananassae,相同Kingdom學名重複,https://vvtaxatree.tbn.org.tw/taxa/8760a1ed-1716-4bac-94c6-cc6aeec72c33
8bea2362-4bd6-4537-acf7-405d42787ba3,species,Animalia,t0062068,"",Drosophila elegans,Drosophila elegans,相同Kingdom學名重複,https://vvtaxatree.tbn.org.tw/taxa/8bea2362-4bd6-4537-acf7-405d42787ba3
c6a3644f-1a09-4b6e-bdd0-6d2dc11806e3,species,Animalia,t0062069,"",Drosophila eugracilis,Drosophila eugracilis,相同Kingdom學名重複,https://vvtaxatree.tbn.org.tw/taxa/c6a3644f-1a09-4b6e-bdd0-6d2dc11806e3
6fa7bf9b-9a6d-41c8-b2df-73591602e807,species,Animalia,t0062081,"",Drosophila lini,Drosophila lini,相同Kingdom學名重複,https://vvtaxatree.tbn.org.tw/taxa/6fa7bf9b-9a6d-41c8-b2df-73591602e807
331b4ffe-210d-40ce-899e-bba639f948a7,species,Animalia,t0062093,"",Drosophila parabipectinata,Drosophila parabipectinata,相同Kingdom學名重複,https://vvtaxatree.tbn.org.tw/taxa/331b4ffe-210d-40ce-899e-bba639f948a7
1fffc854-7a73-4501-960b-6da25b42c8b6,species,Animalia,t0062098,"",Drosophila quadraria,Drosophila quadraria,相同Kingdom學名重複,https://vvtaxatree.tbn.org.tw/taxa/1fffc854-7a73-4501-960b-6da25b42c8b6
7d75233b-d06f-4d97-852a-7794c806b3ee,species,Animalia,t0062115,"",Drosophila trilutea,Drosophila trilutea,相同Kingdom學名重複,https://vvtaxatree.tbn.org.tw/taxa/7d75233b-d06f-4d97-852a-7794c806b3ee
2251144e-b4c8-429a-872f-e5d9bdb4b367,species,Animalia,t0066120,"",Hypselothyrea formosana,Hypselothyrea formosana,相同Kingdom學名重複,https://vvtaxatree.tbn.org.tw/taxa/2251144e-b4c8-429a-872f-e5d9bdb4b367
3dd2c78d-9935-4439-9d54-4d43de1c9255,species,Animalia,t0067066,"",Lencophenga ornata,Lencophenga ornata,相同Kingdom學名重複,https://vvtaxatree.tbn.org.tw/taxa/3dd2c78d-9935-4439-9d54-4d43de1c9255
93f1c209-4ed5-4e85-a558-bfa9cccc90cf,species,Animalia,t0062418,"",Elachiptera umbrosa,Elachiptera umbrosa,相同Kingdom學名重複,https://vvtaxatree.tbn.org.tw/taxa/93f1c209-4ed5-4e85-a558-bfa9cccc90cf
6d5f2bd3-09e3-4c5e-8871-b0970fdbac3c,species,Animalia,t0057819,"",Atherigona machligera,Atherigona machligera,相同Kingdom學名重複,https://vvtaxatree.tbn.org.tw/taxa/6d5f2bd3-09e3-4c5e-8871-b0970fdbac3c
80a117bd-f7d1-45d0-a7d5-19bad3180e74,species,Animalia,t0057821,"",Atherigona orientalis,Atherigona orientalis,相同Kingdom學名重複,https://vvtaxatree.tbn.org.tw/taxa/80a117bd-f7d1-45d0-a7d5-19bad3180e74
535dda47-2bc7-41db-84b2-34eb97be1af5,species,Animalia,t0057820,"",Atherigona nigripes,Atherigona nigripes,相同Kingdom學名重複,https://vvtaxatree.tbn.org.tw/taxa/535dda47-2bc7-41db-84b2-34eb97be1af5
121f767b-7281-4c1c-8bba-b89b2e1cfc98,species,Animalia,t0057824,"",Atherigona reversura,Atherigona reversura,相同Kingdom學名重複,https://vvtaxatree.tbn.org.tw/taxa/121f767b-7281-4c1c-8bba-b89b2e1cfc98
1b039fdd-f834-47b7-9b5f-4ccdeb50f07e,species,Animalia,t0080711,"",Musca conducens,Musca conducens,相同Kingdom學名重複,https://vvtaxatree.tbn.org.tw/taxa/1b039fdd-f834-47b7-9b5f-4ccdeb50f07e
a25cf3cd-d02e-4350-886a-f8b378b24f51,species,Animalia,t0080719,"",Musca sorbens,Musca sorbens,相同Kingdom學名重複,https://vvtaxatree.tbn.org.tw/taxa/a25cf3cd-d02e-4350-886a-f8b378b24f51
3a1e5124-1a15-41c1-97b8-a7cd87d966d2,species,Animalia,t0080720,"",Musca ventrosa,Musca ventrosa,相同Kingdom學名重複,https://vvtaxatree.tbn.org.tw/taxa/3a1e5124-1a15-41c1-97b8-a7cd87d966d2
7f73ff37-9415-4d63-98cd-1df800d26938,species,Animalia,t0080715,"",Musca domestica,Musca domestica,相同Kingdom學名重複,https://vvtaxatree.tbn.org.tw/taxa/7f73ff37-9415-4d63-98cd-1df800d26938
abc5f631-283d-42f9-8d8b-8b39f0202cdd,species,Animalia,t0080714,"",Musca crassirostris,Musca crassirostris,相同Kingdom學名重複,https://vvtaxatree.tbn.org.tw/taxa/abc5f631-283d-42f9-8d8b-8b39f0202cdd
ab9c42ac-b04c-4661-bc9e-677af935eb28,species,Animalia,t0080718,"",Musca inferior,Musca inferior,相同Kingdom學名重複,https://vvtaxatree.tbn.org.tw/taxa/ab9c42ac-b04c-4661-bc9e-677af935eb28
dbabca84-fc7a-4b42-b605-62ebbc2848e2,species,Animalia,t0071802,"",Antocha bifida,Antocha bifida,相同Kingdom學名重複,https://vvtaxatree.tbn.org.tw/taxa/dbabca84-fc7a-4b42-b605-62ebbc2848e2
7d986b86-4fe3-45de-9d2f-36334a50ad60,species,Animalia,t0071803,"",Antocha javaensis,Antocha javaensis,相同Kingdom學名重複,https://vvtaxatree.tbn.org.tw/taxa/7d986b86-4fe3-45de-9d2f-36334a50ad60
8aecbb92-5c63-4d06-836e-aed4ff8d2427,species,Animalia,t0071804,"",Antocha styx,Antocha styx,相同Kingdom學名重複,https://vvtaxatree.tbn.org.tw/taxa/8aecbb92-5c63-4d06-836e-aed4ff8d2427
b6e8c45a-9454-4fb6-9910-9fc8c20ae742,species,Animalia,t0063093,"",Erioptera ensifera,Erioptera ensifera,相同Kingdom學名重複,https://vvtaxatree.tbn.org.tw/taxa/b6e8c45a-9454-4fb6-9910-9fc8c20ae742
732d7cbf-7e6f-4d61-a44f-fa482f670bd7,species,Animalia,t0063095,"",Erioptera luliana,Erioptera luliana,相同Kingdom學名重複,https://vvtaxatree.tbn.org.tw/taxa/732d7cbf-7e6f-4d61-a44f-fa482f670bd7
b0561d86-365f-4530-ad5e-0014dff14ff4,species,Animalia,t0063098,"",Erioptera tenuisentis,Erioptera tenuisentis,相同Kingdom學名重複,https://vvtaxatree.tbn.org.tw/taxa/b0561d86-365f-4530-ad5e-0014dff14ff4
d016d2d9-4468-44f4-9ecd-5c5375ca18e3,species,Animalia,t0063097,"",Erioptera subsessillis,Erioptera subsessillis,相同Kingdom學名重複,https://vvtaxatree.tbn.org.tw/taxa/d016d2d9-4468-44f4-9ecd-5c5375ca18e3
026ee7e7-f00a-4088-b3c3-24e8e1aa0a1c,species,Animalia,t0064677,"",Gnophomyia curticellula,Gnophomyia curticellula,相同Kingdom學名重複,https://vvtaxatree.tbn.org.tw/taxa/026ee7e7-f00a-4088-b3c3-24e8e1aa0a1c
382a8559-d385-4755-83b3-b49cdb1ecf64,species,Animalia,t0064687,"",Gnophomyia pruinosa,Gnophomyia pruinosa,相同Kingdom學名重複,https://vvtaxatree.tbn.org.tw/taxa/382a8559-d385-4755-83b3-b49cdb1ecf64
b386317b-4c39-403e-85c7-cc75bcee46eb,species,Animalia,t0064679,"",Gnophomyia gressitti,Gnophomyia gressitti,相同Kingdom學名重複,https://vvtaxatree.tbn.org.tw/taxa/b386317b-4c39-403e-85c7-cc75bcee46eb
543ee41c-84e3-4269-94ef-765927884913,species,Animalia,t0064683,"",Gnophomyia neonebulosa,Gnophomyia neonebulosa,相同Kingdom學名重複,https://vvtaxatree.tbn.org.tw/taxa/543ee41c-84e3-4269-94ef-765927884913
567452e5-5d5f-439b-b78f-e19ead4b8196,species,Animalia,t0064686,"",Gnophomyia praedita,Gnophomyia praedita,相同Kingdom學名重複,https://vvtaxatree.tbn.org.tw/taxa/567452e5-5d5f-439b-b78f-e19ead4b8196
fb3d2868-cf00-419a-955d-69de47da5d97,species,Animalia,t0064689,"",Gnophomyia sauteri,Gnophomyia sauteri,相同Kingdom學名重複,https://vvtaxatree.tbn.org.tw/taxa/fb3d2868-cf00-419a-955d-69de47da5d97
1fa84f46-350a-4895-aeec-0cd2092f5b1f,species,Animalia,t0064692,"",Gnophomyia sinuosa,Gnophomyia sinuosa,相同Kingdom學名重複,https://vvtaxatree.tbn.org.tw/taxa/1fa84f46-350a-4895-aeec-0cd2092f5b1f
ac25b58c-306b-4310-be11-4c674a1de72d,species,Animalia,t0064675,"",Gnophomyia clitelata,Gnophomyia clitelata,相同Kingdom學名重複,https://vvtaxatree.tbn.org.tw/taxa/ac25b58c-306b-4310-be11-4c674a1de72d
6b9bbf5c-c4f9-4e9e-abf4-2c7afd045edd,species,Animalia,t0064690,"",Gnophomyia scutellumalbum,Gnophomyia scutellumalbum,相同Kingdom學名重複,https://vvtaxatree.tbn.org.tw/taxa/6b9bbf5c-c4f9-4e9e-abf4-2c7afd045edd
3c7f7251-ed81-4869-978c-c62ac5aa1dcd,species,Animalia,t0064688,"",Gnophomyia ptilostenoides,Gnophomyia ptilostenoides,相同Kingdom學名重複,https://vvtaxatree.tbn.org.tw/taxa/3c7f7251-ed81-4869-978c-c62ac5aa1dcd
aee6d1d9-150b-4767-8263-5879f9d21ab7,species,Animalia,t0065285,"",Helius perelegans,Helius perelegans,相同Kingdom學名重複,https://vvtaxatree.tbn.org.tw/taxa/aee6d1d9-150b-4767-8263-5879f9d21ab7
92ae7979-5ec5-41ec-8780-c67673b14852,species,Animalia,t0065278,"",Helius attenuatus,Helius attenuatus,相同Kingdom學名重複,https://vvtaxatree.tbn.org.tw/taxa/92ae7979-5ec5-41ec-8780-c67673b14852
caacce36-6b99-4519-85d8-c168daeb971e,species,Animalia,t0065280,"",Helius chikuriensis,Helius chikuriensis,相同Kingdom學名重複,https://vvtaxatree.tbn.org.tw/taxa/caacce36-6b99-4519-85d8-c168daeb971e
5b1340d4-4b72-462c-8274-342172052d69,species,Animalia,t0065282,"",Helius liliputanus,Helius liliputanus,相同Kingdom學名重複,https://vvtaxatree.tbn.org.tw/taxa/5b1340d4-4b72-462c-8274-342172052d69
f3d47406-648b-45ab-a544-f401aa496ee7,species,Animalia,t0065283,"",Helius minusculus,Helius minusculus,相同Kingdom學名重複,https://vvtaxatree.tbn.org.tw/taxa/f3d47406-648b-45ab-a544-f401aa496ee7
e80a7b50-f4f4-4424-822a-11d6913de059,species,Animalia,t0065286,"",Helius rufithorax,Helius rufithorax,相同Kingdom學名重複,https://vvtaxatree.tbn.org.tw/taxa/e80a7b50-f4f4-4424-822a-11d6913de059
7580560d-cc82-49c4-9cd8-39f176020eba,species,Animalia,t0065287,"",Helius subfasciatus,Helius subfasciatus,相同Kingdom學名重複,https://vvtaxatree.tbn.org.tw/taxa/7580560d-cc82-49c4-9cd8-39f176020eba
071d55f7-aa61-4a4c-a3a7-6c24b3832e91,species,Animalia,t0065288,"",Helius tenuistylus,Helius tenuistylus,相同Kingdom學名重複,https://vvtaxatree.tbn.org.tw/taxa/071d55f7-aa61-4a4c-a3a7-6c24b3832e91
2c73d68e-6e62-4099-bbb6-91fb865fb5dd,species,Animalia,t0067429,"",Limnophila excelsa,Limnophila excelsa,相同Kingdom學名重複,https://vvtaxatree.tbn.org.tw/taxa/2c73d68e-6e62-4099-bbb6-91fb865fb5dd
36ec7cee-ff65-463b-af41-6d73e4ce0dd6,species,Animalia,t0067431,"",Limnophila ferocia,Limnophila ferocia,相同Kingdom學名重複,https://vvtaxatree.tbn.org.tw/taxa/36ec7cee-ff65-463b-af41-6d73e4ce0dd6
3f8e6ff3-b6a7-4d99-a4cd-e8fca81a0d0a,species,Animalia,t0067438,"",Limnophila platystyla,Limnophila platystyla,相同Kingdom學名重複,https://vvtaxatree.tbn.org.tw/taxa/3f8e6ff3-b6a7-4d99-a4cd-e8fca81a0d0a
5e2d93c4-f1dd-4317-a11f-6f1b47cbd5f3,species,Animalia,t0067439,"",Limnophila rantaizana,Limnophila rantaizana,相同Kingdom學名重複,https://vvtaxatree.tbn.org.tw/taxa/5e2d93c4-f1dd-4317-a11f-6f1b47cbd5f3
3ea50080-70ec-4798-a6c9-f44cfd710312,species,Animalia,t0067434,"",Limnophila inaequalis,Limnophila inaequalis,相同Kingdom學名重複,https://vvtaxatree.tbn.org.tw/taxa/3ea50080-70ec-4798-a6c9-f44cfd710312
5ee67b19-6a0e-4a89-87dc-8b1a1653e072,species,Animalia,t0067435,"",Limnophila nesonemoralis,Limnophila nesonemoralis,相同Kingdom學名重複,https://vvtaxatree.tbn.org.tw/taxa/5ee67b19-6a0e-4a89-87dc-8b1a1653e072
a797b0eb-f4b9-4344-81fd-eccd58390bed,species,Animalia,t0067428,"",Limnophila dorsolineata,Limnophila dorsolineata,相同Kingdom學名重複,https://vvtaxatree.tbn.org.tw/taxa/a797b0eb-f4b9-4344-81fd-eccd58390bed
c2f44dca-5d0b-44eb-849b-3e47403ea3b3,species,Animalia,t0067432,"",Limnophila formosa,Limnophila formosa,相同Kingdom學名重複,https://vvtaxatree.tbn.org.tw/taxa/c2f44dca-5d0b-44eb-849b-3e47403ea3b3
db14c173-6383-4f80-9259-6f24e7f97636,species,Animalia,t0067441,"",Limnophila taiwanensis,Limnophila taiwanensis,相同Kingdom學名重複,https://vvtaxatree.tbn.org.tw/taxa/db14c173-6383-4f80-9259-6f24e7f97636
fa211335-ee95-4f39-aada-c88985868c72,species,Animalia,t0067433,"",Limnophila harukonis,Limnophila harukonis,相同Kingdom學名重複,https://vvtaxatree.tbn.org.tw/taxa/fa211335-ee95-4f39-aada-c88985868c72
4f533a56-5d11-45d9-a644-95fb094fe905,species,Animalia,t0067437,"",Limnophila oritropha,Limnophila oritropha,相同Kingdom學名重複,https://vvtaxatree.tbn.org.tw/taxa/4f533a56-5d11-45d9-a644-95fb094fe905
d7465076-fa0f-4a3c-bf50-7c7fa6b41fe9,species,Animalia,t0067440,"",Limnophila serridentata,Limnophila serridentata,相同Kingdom學名重複,https://vvtaxatree.tbn.org.tw/taxa/d7465076-fa0f-4a3c-bf50-7c7fa6b41fe9
02b29b1c-d000-4ac7-afbf-7605f63c2597,species,Animalia,t0067472,"",Limonia ebriola,Limonia ebriola,相同Kingdom學名重複,https://vvtaxatree.tbn.org.tw/taxa/02b29b1c-d000-4ac7-afbf-7605f63c2597
3059f17a-730c-4753-84a5-2f8ccb4a874f,species,Animalia,t0067483,"",Limonia inscita,Limonia inscita,相同Kingdom學名重複,https://vvtaxatree.tbn.org.tw/taxa/3059f17a-730c-4753-84a5-2f8ccb4a874f
4ed002b1-4ac7-4eef-89db-ea92d4fdf560,species,Animalia,t0067485,"",Limonia koxinga,Limonia koxinga,相同Kingdom學名重複,https://vvtaxatree.tbn.org.tw/taxa/4ed002b1-4ac7-4eef-89db-ea92d4fdf560
51b0a5ce-d0ec-44cb-990c-56c961908bf2,species,Animalia,t0067492,"",Limonia montium,Limonia montium,相同Kingdom學名重複,https://vvtaxatree.tbn.org.tw/taxa/51b0a5ce-d0ec-44cb-990c-56c961908bf2
0ad212ef-6a32-49e6-a58a-69451fc7adb8,species,Animalia,t0067513,"",Limonia subpunctulata,Limonia subpunctulata,相同Kingdom學名重複,https://vvtaxatree.tbn.org.tw/taxa/0ad212ef-6a32-49e6-a58a-69451fc7adb8
c54d0f01-a686-40e2-9744-dbe438bc17b9,species,Animalia,t0067515,"",Limonia tattakae,Limonia tattakae,相同Kingdom學名重複,https://vvtaxatree.tbn.org.tw/taxa/c54d0f01-a686-40e2-9744-dbe438bc17b9
df7c96e3-6084-4cb4-bf56-d0870c2d5255,species,Animalia,t0067516,"",Limonia tenuicula,Limonia tenuicula,相同Kingdom學名重複,https://vvtaxatree.tbn.org.tw/taxa/df7c96e3-6084-4cb4-bf56-d0870c2d5255
7a054916-2c20-4e27-8dce-97434aa410a5,species,Animalia,t0067514,"",Limonia taivanella,Limonia taivanella,相同Kingdom學名重複,https://vvtaxatree.tbn.org.tw/taxa/7a054916-2c20-4e27-8dce-97434aa410a5
30cc21b9-3265-41c3-ac6e-f313495d06c2,species,Animalia,t0067455,"",Limonia alpestris,Limonia alpestris,相同Kingdom學名重複,https://vvtaxatree.tbn.org.tw/taxa/30cc21b9-3265-41c3-ac6e-f313495d06c2
813a96c2-7af8-4259-9b2e-928f4765773a,species,Animalia,t0067458,"",Limonia apicifasciata,Limonia apicifasciata,相同Kingdom學名重複,https://vvtaxatree.tbn.org.tw/taxa/813a96c2-7af8-4259-9b2e-928f4765773a
5c7acd29-b263-41f0-8d56-0fe821c19c87,species,Animalia,t0067500,"",Limonia pictorum,Limonia pictorum,相同Kingdom學名重複,https://vvtaxatree.tbn.org.tw/taxa/5c7acd29-b263-41f0-8d56-0fe821c19c87
51fa720e-62d2-4864-bcb5-87c528d19cd6,species,Animalia,t0067520,"",Limonia unifilosa,Limonia unifilosa,相同Kingdom學名重複,https://vvtaxatree.tbn.org.tw/taxa/51fa720e-62d2-4864-bcb5-87c528d19cd6
aaa5d7b3-6f53-4fe8-9bf5-0d2b5d7a78e0,species,Animalia,t0067466,"",Limonia clitelligera,Limonia clitelligera,相同Kingdom學名重複,https://vvtaxatree.tbn.org.tw/taxa/aaa5d7b3-6f53-4fe8-9bf5-0d2b5d7a78e0
d8e9d4a6-930c-41c8-ad0e-0b84f39b6ce3,species,Animalia,t0067479,"",Limonia hassenana,Limonia hassenana,相同Kingdom學名重複,https://vvtaxatree.tbn.org.tw/taxa/d8e9d4a6-930c-41c8-ad0e-0b84f39b6ce3
430f87a6-63a4-4fa3-925d-11396afbaa8f,species,Animalia,t0067480,"",Limonia imbellis,Limonia imbellis,相同Kingdom學名重複,https://vvtaxatree.tbn.org.tw/taxa/430f87a6-63a4-4fa3-925d-11396afbaa8f
d6e43e40-d739-4968-93c7-6a4477f645a6,species,Animalia,t0067481,"",Limonia immetata,Limonia immetata,相同Kingdom學名重複,https://vvtaxatree.tbn.org.tw/taxa/d6e43e40-d739-4968-93c7-6a4477f645a6
9e9b1ec9-15c4-472f-967b-5da57b3d9b46,species,Animalia,t0067499,"",Limonia perparvuloides,Limonia perparvuloides,相同Kingdom學名重複,https://vvtaxatree.tbn.org.tw/taxa/9e9b1ec9-15c4-472f-967b-5da57b3d9b46
d197f492-478e-46bb-8e1a-9fd54f38dcad,species,Animalia,t0067467,"",Limonia comissabunda,Limonia comissabunda,相同Kingdom學名重複,https://vvtaxatree.tbn.org.tw/taxa/d197f492-478e-46bb-8e1a-9fd54f38dcad
860aeb57-5c73-4edc-8bd6-a2b9433569b6,species,Animalia,t0067478,"",Limonia griseola,Limonia griseola,相同Kingdom學名重複,https://vvtaxatree.tbn.org.tw/taxa/860aeb57-5c73-4edc-8bd6-a2b9433569b6
23e1e62f-5362-4a03-8c40-7c575cda7aa0,species,Animalia,t0067475,"",Limonia fraudulenta,Limonia fraudulenta,相同Kingdom學名重複,https://vvtaxatree.tbn.org.tw/taxa/23e1e62f-5362-4a03-8c40-7c575cda7aa0
20dc9422-5106-430d-8a34-dcacc5011cbb,species,Animalia,t0067482,"",Limonia inelegans,Limonia inelegans,相同Kingdom學名重複,https://vvtaxatree.tbn.org.tw/taxa/20dc9422-5106-430d-8a34-dcacc5011cbb
9bbd832d-4ee5-4e4a-9301-5a8662f4de73,species,Animalia,t0067489,"",Limonia melas,Limonia melas,相同Kingdom學名重複,https://vvtaxatree.tbn.org.tw/taxa/9bbd832d-4ee5-4e4a-9301-5a8662f4de73
b88099c2-ae1f-40ef-9a36-7e36679debb4,species,Animalia,t0067504,"",Limonia rantaiensis,Limonia rantaiensis,相同Kingdom學名重複,https://vvtaxatree.tbn.org.tw/taxa/b88099c2-ae1f-40ef-9a36-7e36679debb4
19b6c632-6c17-4c91-955f-6e5b0b253ebc,species,Animalia,t0067511,"",Limonia subhostillis,Limonia subhostillis,相同Kingdom學名重複,https://vvtaxatree.tbn.org.tw/taxa/19b6c632-6c17-4c91-955f-6e5b0b253ebc
2f0bad08-f7b7-4ba9-825e-5f2521c5449a,species,Animalia,t0067464,"",Limonia aurita,Limonia aurita,相同Kingdom學名重複,https://vvtaxatree.tbn.org.tw/taxa/2f0bad08-f7b7-4ba9-825e-5f2521c5449a
defe6ff3-0577-4855-88a1-0b5f7d8de7c6,species,Animalia,t0067460,"",Limonia argyrata,Limonia argyrata,相同Kingdom學名重複,https://vvtaxatree.tbn.org.tw/taxa/defe6ff3-0577-4855-88a1-0b5f7d8de7c6
7f1b2136-5d1d-4106-b296-db4c26b4f5c2,species,Animalia,t0067461,"",Limonia atayal,Limonia atayal,相同Kingdom學名重複,https://vvtaxatree.tbn.org.tw/taxa/7f1b2136-5d1d-4106-b296-db4c26b4f5c2
4c3618b6-7afe-4f49-a36e-bd9fec03c334,species,Animalia,t0067506,"",Limonia remissa,Limonia remissa,相同Kingdom學名重複,https://vvtaxatree.tbn.org.tw/taxa/4c3618b6-7afe-4f49-a36e-bd9fec03c334
c70294de-b080-433f-a0a3-98f7f5b85c8d,species,Animalia,t0067471,"",Limonia dimelania,Limonia dimelania,相同Kingdom學名重複,https://vvtaxatree.tbn.org.tw/taxa/c70294de-b080-433f-a0a3-98f7f5b85c8d
36f83760-524d-49db-bb4b-31d8f986ad34,species,Animalia,t0067490,"",Limonia monocycla,Limonia monocycla,相同Kingdom學名重複,https://vvtaxatree.tbn.org.tw/taxa/36f83760-524d-49db-bb4b-31d8f986ad34
93ce5bac-09c9-4a66-8a68-edc6be29dd5d,species,Animalia,t0067521,"",Limonia unisetosa,Limonia unisetosa,相同Kingdom學名重複,https://vvtaxatree.tbn.org.tw/taxa/93ce5bac-09c9-4a66-8a68-edc6be29dd5d
50bcdbce-d940-4cb2-a10c-fe3c1c45d12f,species,Animalia,t0080365,"",Molophilus alcocostalis,Molophilus alcocostalis,相同Kingdom學名重複,https://vvtaxatree.tbn.org.tw/taxa/50bcdbce-d940-4cb2-a10c-fe3c1c45d12f
9e3a5f02-94a0-453a-b767-725bcd6443cd,species,Animalia,t0080367,"",Molophilus aricola,Molophilus aricola,相同Kingdom學名重複,https://vvtaxatree.tbn.org.tw/taxa/9e3a5f02-94a0-453a-b767-725bcd6443cd
bb605327-e4c0-4825-856e-c0911f42fba0,species,Animalia,t0080368,"",Molophilus arisanus,Molophilus arisanus,相同Kingdom學名重複,https://vvtaxatree.tbn.org.tw/taxa/bb605327-e4c0-4825-856e-c0911f42fba0
e2d5073b-8faa-45b2-a995-a0e0e56b71da,species,Animalia,t0080370,"",Molophilus editus,Molophilus editus,相同Kingdom學名重複,https://vvtaxatree.tbn.org.tw/taxa/e2d5073b-8faa-45b2-a995-a0e0e56b71da
5505a193-065e-4c16-86d1-9c71bccb5ee8,species,Animalia,t0080371,"",Molophilus ephippiger,Molophilus ephippiger,相同Kingdom學名重複,https://vvtaxatree.tbn.org.tw/taxa/5505a193-065e-4c16-86d1-9c71bccb5ee8
f3f6101e-bbec-4e2a-a1b2-6f64010e84f3,species,Animalia,t0080372,"",Molophilus hoplostylus,Molophilus hoplostylus,相同Kingdom學名重複,https://vvtaxatree.tbn.org.tw/taxa/f3f6101e-bbec-4e2a-a1b2-6f64010e84f3
d10fc39a-f20c-43ba-a152-dae44f2976c7,species,Animalia,t0080373,"",Molophilus issikii,Molophilus issikii,相同Kingdom學名重複,https://vvtaxatree.tbn.org.tw/taxa/d10fc39a-f20c-43ba-a152-dae44f2976c7
fc595b63-54da-40dd-9ea2-f9ea7ef9bffc,species,Animalia,t0080374,"",Molophilus nifritus,Molophilus nifritus,相同Kingdom學名重複,https://vvtaxatree.tbn.org.tw/taxa/fc595b63-54da-40dd-9ea2-f9ea7ef9bffc
4d763cdf-e3cd-4d6e-8892-d6eee38b5c39,species,Animalia,t0080375,"",Molophilus nigripes,Molophilus nigripes,相同Kingdom學名重複,https://vvtaxatree.tbn.org.tw/taxa/4d763cdf-e3cd-4d6e-8892-d6eee38b5c39
308d7b7b-d867-4381-a504-4e0b226374b0,species,Animalia,t0080376,"",Molophilus nigritarsis,Molophilus nigritarsis,相同Kingdom學名重複,https://vvtaxatree.tbn.org.tw/taxa/308d7b7b-d867-4381-a504-4e0b226374b0
53c18794-4a90-47f3-a622-0c024c86032e,species,Animalia,t0080377,"",Molophilus nokonis,Molophilus nokonis,相同Kingdom學名重複,https://vvtaxatree.tbn.org.tw/taxa/53c18794-4a90-47f3-a622-0c024c86032e
9ced0298-db46-4b9a-8c7a-d72bb7f14c56,species,Animalia,t0080378,"",Molophilus pallidibasis,Molophilus pallidibasis,相同Kingdom學名重複,https://vvtaxatree.tbn.org.tw/taxa/9ced0298-db46-4b9a-8c7a-d72bb7f14c56
e827a235-6310-45de-9244-1b65f3a37d73,species,Animalia,t0080379,"",Molophilus spinosissimus,Molophilus spinosissimus,相同Kingdom學名重複,https://vvtaxatree.tbn.org.tw/taxa/e827a235-6310-45de-9244-1b65f3a37d73
f33b46e6-244b-4918-a8b5-b934a351aafa,species,Animalia,t0080366,"",Molophilus alticola,Molophilus alticola,相同Kingdom學名重複,https://vvtaxatree.tbn.org.tw/taxa/f33b46e6-244b-4918-a8b5-b934a351aafa
4e8248ce-d48a-44cb-a4e3-78d7a9af1281,species,Animalia,t0082425,"",Orimarga formosicola,Orimarga formosicola,相同Kingdom學名重複,https://vvtaxatree.tbn.org.tw/taxa/4e8248ce-d48a-44cb-a4e3-78d7a9af1281
7f89481f-ce9b-4f80-9aac-b2d0c47bb2fe,species,Animalia,t0082426,"",Orimarga fuscivenosa,Orimarga fuscivenosa,相同Kingdom學名重複,https://vvtaxatree.tbn.org.tw/taxa/7f89481f-ce9b-4f80-9aac-b2d0c47bb2fe
ec4ca255-639d-4f08-9493-561b7bf4930e,species,Animalia,t0082427,"",Orimarga griseipennis,Orimarga griseipennis,相同Kingdom學名重複,https://vvtaxatree.tbn.org.tw/taxa/ec4ca255-639d-4f08-9493-561b7bf4930e
54bd0dad-b6ab-4e0b-ba5f-3d6c40889f73,species,Animalia,t0082428,"",Orimarga gymnoneura,Orimarga gymnoneura,相同Kingdom學名重複,https://vvtaxatree.tbn.org.tw/taxa/54bd0dad-b6ab-4e0b-ba5f-3d6c40889f73
12aff648-8a2a-4944-a400-9dad43827a4b,species,Animalia,t0082429,"",Orimarga taiwanensis,Orimarga taiwanensis,相同Kingdom學名重複,https://vvtaxatree.tbn.org.tw/taxa/12aff648-8a2a-4944-a400-9dad43827a4b
1c7a5a98-46a3-4dcb-9adb-a4296ef09b1e,species,Animalia,t0082438,"",Ormosia anthracopoda,Ormosia anthracopoda,相同Kingdom學名重複,https://vvtaxatree.tbn.org.tw/taxa/1c7a5a98-46a3-4dcb-9adb-a4296ef09b1e
c35296a6-f44b-48f7-96b5-630bb9980cd5,species,Animalia,t0082439,"",Ormosia arisanensis,Ormosia arisanensis,相同Kingdom學名重複,https://vvtaxatree.tbn.org.tw/taxa/c35296a6-f44b-48f7-96b5-630bb9980cd5
f3ceb1ef-656c-4f25-90f1-bf8167a3ba76,species,Animalia,t0082440,"",Ormosia diplotergata,Ormosia diplotergata,相同Kingdom學名重複,https://vvtaxatree.tbn.org.tw/taxa/f3ceb1ef-656c-4f25-90f1-bf8167a3ba76
e4024a88-e30a-4268-82b0-436b29de6aee,species,Animalia,t0082441,"",Ormosia diversipennis,Ormosia diversipennis,相同Kingdom學名重複,https://vvtaxatree.tbn.org.tw/taxa/e4024a88-e30a-4268-82b0-436b29de6aee
d681265c-874a-453e-b58c-a9a205276330,species,Animalia,t0082443,"",Ormosia shoreana,Ormosia shoreana,相同Kingdom學名重複,https://vvtaxatree.tbn.org.tw/taxa/d681265c-874a-453e-b58c-a9a205276330
ef8adcfd-45d5-4f3f-97f7-8b26a2e18fc4,species,Animalia,t0072484,"",Atarba issikiana,Atarba issikiana,相同Kingdom學名重複,https://vvtaxatree.tbn.org.tw/taxa/ef8adcfd-45d5-4f3f-97f7-8b26a2e18fc4
40715944-7d04-4ef2-89dc-3037de56b745,species,Animalia,t0072485,"",Atarba leptoxantha,Atarba leptoxantha,相同Kingdom學名重複,https://vvtaxatree.tbn.org.tw/taxa/40715944-7d04-4ef2-89dc-3037de56b745
ee6bea6a-fe5a-45dd-b596-72402e346b80,species,Animalia,t0061894,"",Dolichopeza issikiella,Dolichopeza issikiella,相同Kingdom學名重複,https://vvtaxatree.tbn.org.tw/taxa/ee6bea6a-fe5a-45dd-b596-72402e346b80
9382b20d-ba33-420f-9331-b7a11eb686c7,species,Animalia,t0061902,"",Dolichopeza taiwanicola,Dolichopeza taiwanicola,相同Kingdom學名重複,https://vvtaxatree.tbn.org.tw/taxa/9382b20d-ba33-420f-9331-b7a11eb686c7
84259936-53f9-4001-adb1-2cd4e879fe7a,species,Animalia,t0061895,"",Dolichopeza lugubrivestis,Dolichopeza lugubrivestis,相同Kingdom學名重複,https://vvtaxatree.tbn.org.tw/taxa/84259936-53f9-4001-adb1-2cd4e879fe7a
742990fc-aec4-4607-b1bc-a5d7819473ac,species,Animalia,t0061896,"",Dolichopeza profundemarginata,Dolichopeza profundemarginata,相同Kingdom學名重複,https://vvtaxatree.tbn.org.tw/taxa/742990fc-aec4-4607-b1bc-a5d7819473ac
f9b33c49-7e21-4996-9d84-5ff44f92b914,species,Animalia,t0061900,"",Dolichopeza subalbitibia,Dolichopeza subalbitibia,相同Kingdom學名重複,https://vvtaxatree.tbn.org.tw/taxa/f9b33c49-7e21-4996-9d84-5ff44f92b914
e2ee82f9-43cd-4246-9272-390035f332b6,species,Animalia,t0061904,"",Dolichopeza tuberculifera,Dolichopeza tuberculifera,相同Kingdom學名重複,https://vvtaxatree.tbn.org.tw/taxa/e2ee82f9-43cd-4246-9272-390035f332b6
ceadac52-9d05-4b4c-afc6-639e4f5aa45e,species,Animalia,t0062901,"",Epiphragma divisum,Epiphragma divisum,相同Kingdom學名重複,https://vvtaxatree.tbn.org.tw/taxa/ceadac52-9d05-4b4c-afc6-639e4f5aa45e
d6d171b2-db49-4586-93ff-09278a8b646d,species,Animalia,t0062903,"",Epiphragma nymphicum,Epiphragma nymphicum,相同Kingdom學名重複,https://vvtaxatree.tbn.org.tw/taxa/d6d171b2-db49-4586-93ff-09278a8b646d
6d9b654a-b7be-40d9-98c4-c94ef9907691,species,Animalia,t0081467,"",Nephrotoma atrolatera,Nephrotoma atrolatera,相同Kingdom學名重複,https://vvtaxatree.tbn.org.tw/taxa/6d9b654a-b7be-40d9-98c4-c94ef9907691
cbc8277e-3fe0-41fb-8888-0c55ef11884d,species,Animalia,t0081469,"",Nephrotoma caudifera,Nephrotoma caudifera,相同Kingdom學名重複,https://vvtaxatree.tbn.org.tw/taxa/cbc8277e-3fe0-41fb-8888-0c55ef11884d
e29eb3d2-dc64-4f15-8401-3cfacbc4fe86,species,Animalia,t0081471,"",Nephrotoma definita,Nephrotoma definita,相同Kingdom學名重複,https://vvtaxatree.tbn.org.tw/taxa/e29eb3d2-dc64-4f15-8401-3cfacbc4fe86
4a281412-57ac-42f0-b66e-479327fdaf65,species,Animalia,t0081474,"",Nephrotoma integra,Nephrotoma integra,相同Kingdom學名重複,https://vvtaxatree.tbn.org.tw/taxa/4a281412-57ac-42f0-b66e-479327fdaf65
2cc878ee-9dc6-47ae-982a-5523153f4802,species,Animalia,t0081477,"",Nephrotoma omeiana,Nephrotoma omeiana,相同Kingdom學名重複,https://vvtaxatree.tbn.org.tw/taxa/2cc878ee-9dc6-47ae-982a-5523153f4802
c38ffa77-3908-4f99-ace9-4fee98b7015d,species,Animalia,t0081480,"",Nephrotoma takeuchii,Nephrotoma takeuchii,相同Kingdom學名重複,https://vvtaxatree.tbn.org.tw/taxa/c38ffa77-3908-4f99-ace9-4fee98b7015d
22d7cfb4-6304-4f52-a334-d3b2334f4dc5,species,Animalia,t0047234,"",Thaumastoptera issikiana,Thaumastoptera issikiana,相同Kingdom學名重複,https://vvtaxatree.tbn.org.tw/taxa/22d7cfb4-6304-4f52-a334-d3b2334f4dc5
fd811bc4-943c-48f9-992b-15c5d7644bd5,species,Animalia,t0047457,"",Tipula alboplagiata,Tipula alboplagiata,相同Kingdom學名重複,https://vvtaxatree.tbn.org.tw/taxa/fd811bc4-943c-48f9-992b-15c5d7644bd5
d8cdb5cb-bfb0-4aa0-8f45-c6c0fed63df5,species,Animalia,t0047482,"",Tipula obtusiloba,Tipula obtusiloba,相同Kingdom學名重複,https://vvtaxatree.tbn.org.tw/taxa/d8cdb5cb-bfb0-4aa0-8f45-c6c0fed63df5
10b96d18-a278-4b39-9820-91a0dff3b562,species,Animalia,t0047496,"",Tipula yamata,Tipula yamata,相同Kingdom學名重複,https://vvtaxatree.tbn.org.tw/taxa/10b96d18-a278-4b39-9820-91a0dff3b562
b09752b2-acf9-44f7-bdb9-943bb4e7f9dc,species,Animalia,t0047478,"",Tipula niitakensis,Tipula niitakensis,相同Kingdom學名重複,https://vvtaxatree.tbn.org.tw/taxa/b09752b2-acf9-44f7-bdb9-943bb4e7f9dc
07ea1ae7-8650-4706-b137-510f34121949,species,Animalia,t0047481,"",Tipula obnata,Tipula obnata,相同Kingdom學名重複,https://vvtaxatree.tbn.org.tw/taxa/07ea1ae7-8650-4706-b137-510f34121949
e27b722d-a6fd-4207-a8d6-936dca4aef13,species,Animalia,t0047495,"",Tipula tridentata,Tipula tridentata,相同Kingdom學名重複,https://vvtaxatree.tbn.org.tw/taxa/e27b722d-a6fd-4207-a8d6-936dca4aef13
38d0baef-2a36-4fd2-98db-5e5ee1da9e91,species,Animalia,t0047487,"",Tipula rantaicola,Tipula rantaicola,相同Kingdom學名重複,https://vvtaxatree.tbn.org.tw/taxa/38d0baef-2a36-4fd2-98db-5e5ee1da9e91
044fa08e-8a79-4106-a8e8-27303f5e650c,species,Animalia,t0047489,"",Tipula sparsissima,Tipula sparsissima,相同Kingdom學名重複,https://vvtaxatree.tbn.org.tw/taxa/044fa08e-8a79-4106-a8e8-27303f5e650c
c1699cda-7131-48f1-83b2-c044b4ec8210,species,Animalia,t0047491,"",Tipula strictiva,Tipula strictiva,相同Kingdom學名重複,https://vvtaxatree.tbn.org.tw/taxa/c1699cda-7131-48f1-83b2-c044b4ec8210
aa07089e-8d51-4ac3-a14a-51050a6c0c88,species,Animalia,t0047473,"",Tipula lackschewitziana,Tipula lackschewitziana,相同Kingdom學名重複,https://vvtaxatree.tbn.org.tw/taxa/aa07089e-8d51-4ac3-a14a-51050a6c0c88
b964d1fc-3f26-4619-9d60-30aba73c45b7,species,Animalia,t0047470,"",Tipula haplotricha,Tipula haplotricha,相同Kingdom學名重複,https://vvtaxatree.tbn.org.tw/taxa/b964d1fc-3f26-4619-9d60-30aba73c45b7
bf109c63-cd6e-4771-92bf-82e7a01af54f,species,Animalia,t0047460,"",Tipula bicornigera,Tipula bicornigera,相同Kingdom學名重複,https://vvtaxatree.tbn.org.tw/taxa/bf109c63-cd6e-4771-92bf-82e7a01af54f
bc28da44-1bfe-46b6-b795-fade8c3169ad,species,Animalia,t0047461,"",Tipula bicorunta,Tipula bicorunta,相同Kingdom學名重複,https://vvtaxatree.tbn.org.tw/taxa/bc28da44-1bfe-46b6-b795-fade8c3169ad
5375d034-ac32-4188-b8c0-608c63a6544d,species,Animalia,t0047467,"",Tipula foliacea,Tipula foliacea,相同Kingdom學名重複,https://vvtaxatree.tbn.org.tw/taxa/5375d034-ac32-4188-b8c0-608c63a6544d
605d45f0-c335-4262-95e0-3f2baf46ab35,species,Animalia,t0047476,"",Tipula nestor,Tipula nestor,相同Kingdom學名重複,https://vvtaxatree.tbn.org.tw/taxa/605d45f0-c335-4262-95e0-3f2baf46ab35
4957809f-b1e2-459b-8792-21e56abbd47f,species,Animalia,t0047479,"",Tipula nokonis,Tipula nokonis,相同Kingdom學名重複,https://vvtaxatree.tbn.org.tw/taxa/4957809f-b1e2-459b-8792-21e56abbd47f
5716ed72-c9bd-41fd-9b76-91f5aed84717,species,Animalia,t0047483,"",Tipula paravapiculata,Tipula paravapiculata,相同Kingdom學名重複,https://vvtaxatree.tbn.org.tw/taxa/5716ed72-c9bd-41fd-9b76-91f5aed84717
ab838d8d-bb7e-4e03-86ea-257cf9968032,species,Animalia,t0047492,"",Tipula subapterogyne,Tipula subapterogyne,相同Kingdom學名重複,https://vvtaxatree.tbn.org.tw/taxa/ab838d8d-bb7e-4e03-86ea-257cf9968032
7d2a5e61-10b3-4550-9a8e-e6028b2d2bec,species,Animalia,t0047494,"",Tipula takahashiana,Tipula takahashiana,相同Kingdom學名重複,https://vvtaxatree.tbn.org.tw/taxa/7d2a5e61-10b3-4550-9a8e-e6028b2d2bec
00094e04-1f56-4996-87ac-044a2ce33327,species,Animalia,t0047480,"",Tipula nova,Tipula nova,相同Kingdom學名重複,https://vvtaxatree.tbn.org.tw/taxa/00094e04-1f56-4996-87ac-044a2ce33327
586a9af8-d977-4a6d-a74c-f7406b2ce65c,species,Animalia,t0047700,"",Trentepholia atayal,Trentepholia atayal,相同Kingdom學名重複,https://vvtaxatree.tbn.org.tw/taxa/586a9af8-d977-4a6d-a74c-f7406b2ce65c
d7552884-cfc8-4678-a4dd-751a20e300ae,species,Animalia,t0047701,"",Trentepholia esakii,Trentepholia esakii,相同Kingdom學名重複,https://vvtaxatree.tbn.org.tw/taxa/d7552884-cfc8-4678-a4dd-751a20e300ae
e4e65ab8-72a5-46a5-af4b-94a16fdd0646,species,Animalia,t0047703,"",Trentepholia montina,Trentepholia montina,相同Kingdom學名重複,https://vvtaxatree.tbn.org.tw/taxa/e4e65ab8-72a5-46a5-af4b-94a16fdd0646
5b3ee620-bc9f-4162-a08e-14f5d429c328,species,Animalia,t0047705,"",Trentepholia platyleuca,Trentepholia platyleuca,相同Kingdom學名重複,https://vvtaxatree.tbn.org.tw/taxa/5b3ee620-bc9f-4162-a08e-14f5d429c328
f9d0a4cc-6bbd-40f8-83ef-34d7b7b48e8a,species,Animalia,t0047708,"",Trentepholia tarsalba,Trentepholia tarsalba,相同Kingdom學名重複,https://vvtaxatree.tbn.org.tw/taxa/f9d0a4cc-6bbd-40f8-83ef-34d7b7b48e8a
3d111c8d-3642-474d-91d0-42e0495cccda,species,Animalia,t0047702,"",Trentepholia fuscobasalis,Trentepholia fuscobasalis,相同Kingdom學名重複,https://vvtaxatree.tbn.org.tw/taxa/3d111c8d-3642-474d-91d0-42e0495cccda
995cf61b-0534-4554-8c9e-ac7819ee6230,species,Animalia,t0047706,"",Trentepholia proba,Trentepholia proba,相同Kingdom學名重複,https://vvtaxatree.tbn.org.tw/taxa/995cf61b-0534-4554-8c9e-ac7819ee6230
6aabdaae-b661-4521-b294-43838d59e555,species,Animalia,t0047707,"",Trentepholia pulchripennis,Trentepholia pulchripennis,相同Kingdom學名重複,https://vvtaxatree.tbn.org.tw/taxa/6aabdaae-b661-4521-b294-43838d59e555
4dee6a98-e375-43d5-8b89-a03d0fafb026,species,Animalia,t0048345,"",Ula flavidibasis,Ula flavidibasis,相同Kingdom學名重複,https://vvtaxatree.tbn.org.tw/taxa/4dee6a98-e375-43d5-8b89-a03d0fafb026
a15e3286-3b3e-4cc2-a1d6-768334ebe6cb,species,Animalia,t0048346,"",Ula fuscistigma,Ula fuscistigma,相同Kingdom學名重複,https://vvtaxatree.tbn.org.tw/taxa/a15e3286-3b3e-4cc2-a1d6-768334ebe6cb
fcc58868-f399-4079-9612-750cb47e7549,species,Animalia,t0048347,"",Ula superelegans,Ula superelegans,相同Kingdom學名重複,https://vvtaxatree.tbn.org.tw/taxa/fcc58868-f399-4079-9612-750cb47e7549
d0042c2f-7725-43d6-8a91-7cd850a10179,species,Animalia,t0084496,"",Pipunculus coatalis,Pipunculus coatalis,相同Kingdom學名重複,https://vvtaxatree.tbn.org.tw/taxa/d0042c2f-7725-43d6-8a91-7cd850a10179
ece5bea1-9900-4bd7-a9c8-020cb3d9d2e7,species,Animalia,t0084495,"",Pipunculus bicolor,Pipunculus bicolor,相同Kingdom學名重複,https://vvtaxatree.tbn.org.tw/taxa/ece5bea1-9900-4bd7-a9c8-020cb3d9d2e7
d8143ceb-e3df-4041-9da5-590ef03fb196,species,Animalia,t0084501,"",Pipunculus holosericeus,Pipunculus holosericeus,相同Kingdom學名重複,https://vvtaxatree.tbn.org.tw/taxa/d8143ceb-e3df-4041-9da5-590ef03fb196
547f59aa-26b9-4765-85e1-582ba0cc74bc,species,Animalia,t0079111,"",Conops nubeculosus,Conops nubeculosus,相同Kingdom學名重複,https://vvtaxatree.tbn.org.tw/taxa/547f59aa-26b9-4765-85e1-582ba0cc74bc
2bbf72b0-8047-4102-8351-a9560d8a8a4d,species,Animalia,t0061563,"",Dicranota delectata,Dicranota delectata,相同Kingdom學名重複,https://vvtaxatree.tbn.org.tw/taxa/2bbf72b0-8047-4102-8351-a9560d8a8a4d
d9409858-79cb-4f83-beca-f18d26a21596,species,Animalia,t0061564,"",Dicranota fumicostata,Dicranota fumicostata,相同Kingdom學名重複,https://vvtaxatree.tbn.org.tw/taxa/d9409858-79cb-4f83-beca-f18d26a21596
ba8b054b-1a68-4e37-8272-b729209f8507,species,Animalia,t0061566,"",Dicranota plana,Dicranota plana,相同Kingdom學名重複,https://vvtaxatree.tbn.org.tw/taxa/ba8b054b-1a68-4e37-8272-b729209f8507
ce7499cf-33ad-47e8-8440-24f2bcbc7e22,species,Animalia,t0083640,"",Pedicia orophila,Pedicia orophila,相同Kingdom學名重複,https://vvtaxatree.tbn.org.tw/taxa/ce7499cf-33ad-47e8-8440-24f2bcbc7e22
a05e481a-022c-49e8-90fc-40848c0062f2,species,Animalia,t0084489,"",Piophila contecta,Piophila contecta,相同Kingdom學名重複,https://vvtaxatree.tbn.org.tw/taxa/a05e481a-022c-49e8-90fc-40848c0062f2
04f01575-8083-4438-824e-e2fecd1e05ad,species,Animalia,t0048860,"",Xenokeroplatus gozmanyi,Xenokeroplatus gozmanyi,相同Kingdom學名重複,https://vvtaxatree.tbn.org.tw/taxa/04f01575-8083-4438-824e-e2fecd1e05ad
c83c1b6a-a7cb-4bea-a91b-18300fbaf6bc,species,Animalia,t0039006,"",Simulium tuenense,Simulium tuenense,相同Kingdom學名重複,https://vvtaxatree.tbn.org.tw/taxa/c83c1b6a-a7cb-4bea-a91b-18300fbaf6bc
54d06c12-0db5-4899-a737-29245a94a26d,species,Animalia,t0039005,"",Simulium taulingense,Simulium taulingense,相同Kingdom學名重複,https://vvtaxatree.tbn.org.tw/taxa/54d06c12-0db5-4899-a737-29245a94a26d
e0614b66-57ba-44ee-b255-97334712c483,species,Animalia,t0039009,"",Simulium yushangense,Simulium yushangense,相同Kingdom學名重複,https://vvtaxatree.tbn.org.tw/taxa/e0614b66-57ba-44ee-b255-97334712c483
8650cb80-4f3d-4380-8edd-35d6e0bdf531,species,Animalia,t0038994,"",Simulium puliense,Simulium puliense,相同Kingdom學名重複,https://vvtaxatree.tbn.org.tw/taxa/8650cb80-4f3d-4380-8edd-35d6e0bdf531
c5bfab20-3554-46f6-841c-8ec1fb0e4aca,species,Animalia,t0038997,"",Simulium sakishimaense,Simulium sakishimaense,相同Kingdom學名重複,https://vvtaxatree.tbn.org.tw/taxa/c5bfab20-3554-46f6-841c-8ec1fb0e4aca
e06ed634-6ce6-4668-a26d-610f42f9cafa,species,Animalia,t0039004,"",Simulium taiwanicum,Simulium taiwanicum,相同Kingdom學名重複,https://vvtaxatree.tbn.org.tw/taxa/e06ed634-6ce6-4668-a26d-610f42f9cafa
d59d88ae-d8b3-46d8-872b-b52709ea523c,species,Animalia,t0039007,"",Simulium ufengense,Simulium ufengense,相同Kingdom學名重複,https://vvtaxatree.tbn.org.tw/taxa/d59d88ae-d8b3-46d8-872b-b52709ea523c
2508f806-d425-4127-af9e-c7f03b0d785a,species,Animalia,t0038987,"",Simulium chungi,Simulium chungi,相同Kingdom學名重複,https://vvtaxatree.tbn.org.tw/taxa/2508f806-d425-4127-af9e-c7f03b0d785a
e846d645-b68f-4a14-ac8d-e1a0575fb63d,species,Animalia,t0039008,"",Simulium yonakuniense,Simulium yonakuniense,相同Kingdom學名重複,https://vvtaxatree.tbn.org.tw/taxa/e846d645-b68f-4a14-ac8d-e1a0575fb63d
31ed21da-57fb-4928-a39c-8789f8a26f34,species,Animalia,t0071561,"",Ankylopteryx gracilis,Ankylopteryx gracilis,相同Kingdom學名重複,https://vvtaxatree.tbn.org.tw/taxa/31ed21da-57fb-4928-a39c-8789f8a26f34
cba2a8fd-a149-4b87-8c53-c46cef7b333f,species,Animalia,t0080398,"",Mongoloraphidia caelebs,Mongoloraphidia caelebs,相同Kingdom學名重複,https://vvtaxatree.tbn.org.tw/taxa/cba2a8fd-a149-4b87-8c53-c46cef7b333f
1ecd8617-fe01-49de-bf41-d9ea3a8cba88,species,Animalia,t0080401,"",Mongoloraphidia taiwanica,Mongoloraphidia taiwanica,相同Kingdom學名重複,https://vvtaxatree.tbn.org.tw/taxa/1ecd8617-fe01-49de-bf41-d9ea3a8cba88
e4ea5b20-a54d-4306-a708-d96fc432a99b,species,Plantae,"","",Selaginella circinalis,Selaginella circinalis (L.) C.Presl,相同Kingdom學名重複,https://vvtaxatree.tbn.org.tw/taxa/e4ea5b20-a54d-4306-a708-d96fc432a99b
ce8c5fa8-0847-4b8d-a927-69a1bb65c276,species,Plantae,"","",Selaginella circinalis,Selaginella circinalis (L.) Spring,相同Kingdom學名重複,https://vvtaxatree.tbn.org.tw/taxa/ce8c5fa8-0847-4b8d-a927-69a1bb65c276
6b155a86-7faf-4f5f-a36c-2482215d0c03,species,Plantae,t0026768,"",Tectaria multicaudata,Tectaria multicaudata Ching,相同Kingdom學名重複,https://vvtaxatree.tbn.org.tw/taxa/6b155a86-7faf-4f5f-a36c-2482215d0c03
5623551a-59fa-4b45-a01e-fa53657b7716,infraspecies,Plantae,"","",Zeuxine strateumatica rupicola,Zeuxine strateumatica var. rupicola,相同Kingdom學名重複,https://vvtaxatree.tbn.org.tw/taxa/5623551a-59fa-4b45-a01e-fa53657b7716
9711a88c-f488-4997-9572-cc49e81de6e6,infraspecies,Plantae,"","",Zeuxine strateumatica rupicola,Zeuxine strateumatica f. rupicola,相同Kingdom學名重複,https://vvtaxatree.tbn.org.tw/taxa/9711a88c-f488-4997-9572-cc49e81de6e6
0da0a81d-19df-43e7-8255-26576d93b2e6,species,Plantae,"","",Begonia ×albopicta,Begonia ×albopicta W.Bull,相同Kingdom學名重複,https://vvtaxatree.tbn.org.tw/taxa/0da0a81d-19df-43e7-8255-26576d93b2e6
83aad3ea-02c0-4055-b8a8-601606d6173b,species,Plantae,"","",Cololejeunea haskarliana,Cololejeunea haskarliana (Lehm.) Schiffn.,相同Kingdom學名重複,https://vvtaxatree.tbn.org.tw/taxa/83aad3ea-02c0-4055-b8a8-601606d6173b
534293e3-4d9b-42fb-93e5-8a09a36c62d6,species,Animalia,"","",Podocnemis unifilis,Podocnemis unifilis,相同Kingdom學名重複,https://vvtaxatree.tbn.org.tw/taxa/534293e3-4d9b-42fb-93e5-8a09a36c62d6
719a16e9-f32e-4b87-a097-1419d5ad8483,genus,Animalia,"","",Centrochelys,Centrochelys,相同Kingdom學名重複,https://vvtaxatree.tbn.org.tw/taxa/719a16e9-f32e-4b87-a097-1419d5ad8483
060c8136-2fe0-4478-8f68-c2d1a85b413d,species,Animalia,"","",Centrochelys sulcata,Centrochelys sulcata,相同Kingdom學名重複,https://vvtaxatree.tbn.org.tw/taxa/060c8136-2fe0-4478-8f68-c2d1a85b413d
547442d6-3e57-4f36-900d-c7ae7cbaefd7,genus,Animalia,t0017774,"",Tripartita,Tripartita,相同Kingdom學名重複,https://vvtaxatree.tbn.org.tw/taxa/547442d6-3e57-4f36-900d-c7ae7cbaefd7
d73eaac7-4689-49d2-936f-423d5ef4d036,species,Animalia,t0071740,"",Anthaxia vicesimasexta,Anthaxia vicesimasexta,相同Kingdom學名重複,https://vvtaxatree.tbn.org.tw/taxa/d73eaac7-4689-49d2-936f-423d5ef4d036
3468db96-a307-4acc-9d70-2f327d15e4a3,species,Animalia,t0030620,"",Coelostoma sulcatum,Coelostoma sulcatum,相同Kingdom學名重複,https://vvtaxatree.tbn.org.tw/taxa/3468db96-a307-4acc-9d70-2f327d15e4a3
d2a0d321-6b55-4986-85d3-57362a289270,species,Animalia,t0068928,"",Menimus formosanus,Menimus formosanus,相同Kingdom學名重複,https://vvtaxatree.tbn.org.tw/taxa/d2a0d321-6b55-4986-85d3-57362a289270
81a49d92-4b03-4ed6-a57f-621a66f3a519,species,Plantae,"","",Begonia ×albopicta,Begonia ×albopicta Regel ex Regel,相同Kingdom學名重複,https://vvtaxatree.tbn.org.tw/taxa/81a49d92-4b03-4ed6-a57f-621a66f3a519
acddc1c1-a831-4a77-9a00-afc0563f0eeb,family,Animalia,"","",Erinaceidae,Erinaceidae,相同Kingdom學名重複,https://vvtaxatree.tbn.org.tw/taxa/acddc1c1-a831-4a77-9a00-afc0563f0eeb
d54c2752-1c95-4d66-bbe1-2651d60b4076,genus,Animalia,"","",Atelerix,Atelerix,相同Kingdom學名重複,https://vvtaxatree.tbn.org.tw/taxa/d54c2752-1c95-4d66-bbe1-2651d60b4076
f74027db-c09c-4b80-9e77-899963012aea,genus,Animalia,"","",Tropidoclonion,Tropidoclonion,相同Kingdom學名重複,https://vvtaxatree.tbn.org.tw/taxa/f74027db-c09c-4b80-9e77-899963012aea
2d8e7d95-6403-4490-9ddc-4444557f3b28,species,Animalia,"","",Tropidoclonion lineatum,Tropidoclonion lineatum,相同Kingdom學名重複,https://vvtaxatree.tbn.org.tw/taxa/2d8e7d95-6403-4490-9ddc-4444557f3b28
e891dcd1-c1f7-4ae2-b08f-9d349583f8ae,genus,Animalia,"","",Alle,Alle,相同Kingdom學名重複,https://vvtaxatree.tbn.org.tw/taxa/e891dcd1-c1f7-4ae2-b08f-9d349583f8ae
1693137d-a211-4743-b37f-8bc43ebbe2e1,species,Animalia,"","",Alle alle,Alle alle,相同Kingdom學名重複,https://vvtaxatree.tbn.org.tw/taxa/1693137d-a211-4743-b37f-8bc43ebbe2e1
ade52c8a-ed3a-4ea2-9829-ae725d377255,species,Animalia,"","",Pyrrhura molinae,Pyrrhura molinae,相同Kingdom學名重複,https://vvtaxatree.tbn.org.tw/taxa/ade52c8a-ed3a-4ea2-9829-ae725d377255
291cedc4-013d-4937-806f-1e1a40fd6fca,suborder,Animalia,"","",Yangochiroptera,Yangochiroptera,相同Kingdom學名重複,https://vvtaxatree.tbn.org.tw/taxa/291cedc4-013d-4937-806f-1e1a40fd6fca
8d778e7d-8fba-4004-a930-16410467724c,suborder,Animalia,"","",Yinpterochiroptera,Yinpterochiroptera,相同Kingdom學名重複,https://vvtaxatree.tbn.org.tw/taxa/8d778e7d-8fba-4004-a930-16410467724c
1733bbe3-48a8-433e-9bb0-688d14e943a8,species,Animalia,"","",Mustela putorius,Mustela putorius,相同Kingdom學名重複,https://vvtaxatree.tbn.org.tw/taxa/1733bbe3-48a8-433e-9bb0-688d14e943a8
7acefabd-e6c5-4382-93f2-ef3bb0adfa04,genus,Animalia,"","",Cybaeus,Cybaeus,相同Kingdom學名重複,https://vvtaxatree.tbn.org.tw/taxa/7acefabd-e6c5-4382-93f2-ef3bb0adfa04
102f66f6-7bdd-4057-ae8c-a097c134390d,family,Animalia,"","",Procyonidae,Procyonidae,相同Kingdom學名重複,https://vvtaxatree.tbn.org.tw/taxa/102f66f6-7bdd-4057-ae8c-a097c134390d
cbd2d7e7-d44c-4ba1-805f-eb0f16441b4d,genus,Animalia,"","",Procyon,Procyon,相同Kingdom學名重複,https://vvtaxatree.tbn.org.tw/taxa/cbd2d7e7-d44c-4ba1-805f-eb0f16441b4d
b8bf8509-0dc8-4042-a722-b0f0e44d9697,species,Animalia,"","",Procyon lotor,Procyon lotor,相同Kingdom學名重複,https://vvtaxatree.tbn.org.tw/taxa/b8bf8509-0dc8-4042-a722-b0f0e44d9697
83a6d38e-97c9-44a5-908f-a33347324730,family,Animalia,"","",Petauridae,Petauridae,相同Kingdom學名重複,https://vvtaxatree.tbn.org.tw/taxa/83a6d38e-97c9-44a5-908f-a33347324730
383f3c0c-6b40-4326-a8f2-47df1d3779db,genus,Animalia,"","",Petaurus,Petaurus,相同Kingdom學名重複,https://vvtaxatree.tbn.org.tw/taxa/383f3c0c-6b40-4326-a8f2-47df1d3779db
c10373f4-265a-48dd-9c00-9c9fdd23a51d,species,Animalia,"","",Petaurus breviceps,Petaurus breviceps,相同Kingdom學名重複,https://vvtaxatree.tbn.org.tw/taxa/c10373f4-265a-48dd-9c00-9c9fdd23a51d
8f38b975-ce34-4f12-9026-07d1d90e5b7a,genus,Animalia,"","",Euplectes,Euplectes,相同Kingdom學名重複,https://vvtaxatree.tbn.org.tw/taxa/8f38b975-ce34-4f12-9026-07d1d90e5b7a
d9458b74-f1be-4d0e-8077-c977030e3ea5,species,Animalia,"","",Euplectes orix,Euplectes orix,相同Kingdom學名重複,https://vvtaxatree.tbn.org.tw/taxa/d9458b74-f1be-4d0e-8077-c977030e3ea5
a52434ab-692e-448e-836a-14e8be55520f,species,Animalia,"","",Machlolophus spilonotus,Machlolophus spilonotus,相同Kingdom學名重複,https://vvtaxatree.tbn.org.tw/taxa/a52434ab-692e-448e-836a-14e8be55520f
7b8af3a7-4be8-4169-836a-152ee2d5183b,species,Animalia,"","",Amandava subflava,Amandava subflava,相同Kingdom學名重複,https://vvtaxatree.tbn.org.tw/taxa/7b8af3a7-4be8-4169-836a-152ee2d5183b
3e7a03fb-17d5-40b3-8606-176bf4e1fb2e,species,Animalia,"","",Agapornis personatus,Agapornis personatus,相同Kingdom學名重複,https://vvtaxatree.tbn.org.tw/taxa/3e7a03fb-17d5-40b3-8606-176bf4e1fb2e
d70ff556-a979-4ab5-ac6b-3d7e63c80500,genus,Animalia,"","",Callonetta,Callonetta,相同Kingdom學名重複,https://vvtaxatree.tbn.org.tw/taxa/d70ff556-a979-4ab5-ac6b-3d7e63c80500
606ec845-ddff-4d26-9328-f98262379fe3,species,Animalia,"","",Callonetta leucophrys,Callonetta leucophrys,相同Kingdom學名重複,https://vvtaxatree.tbn.org.tw/taxa/606ec845-ddff-4d26-9328-f98262379fe3
9f436600-6456-4262-84b7-90ce760b00f7,family,Animalia,"","",Chloropseidae,Chloropseidae,相同Kingdom學名重複,https://vvtaxatree.tbn.org.tw/taxa/9f436600-6456-4262-84b7-90ce760b00f7
9c0f14d5-ff72-4e4c-9c82-809667299ee6,species,Animalia,"","",Crithagra citrinipectus,Crithagra citrinipectus,相同Kingdom學名重複,https://vvtaxatree.tbn.org.tw/taxa/9c0f14d5-ff72-4e4c-9c82-809667299ee6
becfc705-8db1-42dc-b6cb-e6d2633ad6cd,genus,Animalia,"","",Dacelo,Dacelo,相同Kingdom學名重複,https://vvtaxatree.tbn.org.tw/taxa/becfc705-8db1-42dc-b6cb-e6d2633ad6cd
7099f442-8a53-4a2d-8931-ffbe3c84fd04,species,Animalia,"","",Dacelo novaeguineae,Dacelo novaeguineae,相同Kingdom學名重複,https://vvtaxatree.tbn.org.tw/taxa/7099f442-8a53-4a2d-8931-ffbe3c84fd04
7bfc652d-5ba2-460e-af0f-814beeba48df,species,Animalia,"","",Chloropsis cochinchinensis,Chloropsis cochinchinensis,相同Kingdom學名重複,https://vvtaxatree.tbn.org.tw/taxa/7bfc652d-5ba2-460e-af0f-814beeba48df
88109162-83db-4b4b-af8e-22792fbb4871,genus,Animalia,"","",Diopsittaca,Diopsittaca,相同Kingdom學名重複,https://vvtaxatree.tbn.org.tw/taxa/88109162-83db-4b4b-af8e-22792fbb4871
ad201582-e7a7-4fd9-a0ed-c221a73c4b3d,species,Animalia,"","",Diopsittaca nobilis,Diopsittaca nobilis,相同Kingdom學名重複,https://vvtaxatree.tbn.org.tw/taxa/ad201582-e7a7-4fd9-a0ed-c221a73c4b3d
fb3b13dd-8624-4db7-9ca1-2c9cb4f83355,genus,Animalia,"","",Eclectus,Eclectus,相同Kingdom學名重複,https://vvtaxatree.tbn.org.tw/taxa/fb3b13dd-8624-4db7-9ca1-2c9cb4f83355
a5935862-582d-4613-bb75-ced685072303,species,Animalia,"","",Eclectus roratus,Eclectus roratus,相同Kingdom學名重複,https://vvtaxatree.tbn.org.tw/taxa/a5935862-582d-4613-bb75-ced685072303
e74e163c-ed0b-4267-ba67-6504901c45fa,species,Animalia,"","",Geokichla dohertyi,Geokichla dohertyi,相同Kingdom學名重複,https://vvtaxatree.tbn.org.tw/taxa/e74e163c-ed0b-4267-ba67-6504901c45fa
3c68165d-64e0-4bbc-abcb-a4efc5896034,species,Animalia,"","",Geopelia cuneata,Geopelia cuneata,相同Kingdom學名重複,https://vvtaxatree.tbn.org.tw/taxa/3c68165d-64e0-4bbc-abcb-a4efc5896034
3f3457bf-296d-4ce0-82cd-2dc112fa3b02,species,Animalia,"","",Lamprotornis caudatus,Lamprotornis caudatus,相同Kingdom學名重複,https://vvtaxatree.tbn.org.tw/taxa/3f3457bf-296d-4ce0-82cd-2dc112fa3b02
e8994324-2f7b-49c1-9c8e-43dd476d9033,genus,Animalia,"","",Meleagris,Meleagris,相同Kingdom學名重複,https://vvtaxatree.tbn.org.tw/taxa/e8994324-2f7b-49c1-9c8e-43dd476d9033
404f67b3-05ea-4bc3-91ef-0991c7689583,species,Animalia,"","",Meleagris gallopavo,Meleagris gallopavo,相同Kingdom學名重複,https://vvtaxatree.tbn.org.tw/taxa/404f67b3-05ea-4bc3-91ef-0991c7689583
49de3093-d632-4700-9366-83bc033be1fa,genus,Animalia,"","",Myiopsitta,Myiopsitta,相同Kingdom學名重複,https://vvtaxatree.tbn.org.tw/taxa/49de3093-d632-4700-9366-83bc033be1fa
959dcb70-5972-4529-866b-cc978cad8045,species,Animalia,"","",Myiopsitta monachus,Myiopsitta monachus,相同Kingdom學名重複,https://vvtaxatree.tbn.org.tw/taxa/959dcb70-5972-4529-866b-cc978cad8045
b63e2041-4bd7-4b71-a668-0a4069c044f6,family,Animalia,"","",Numididae,Numididae,相同Kingdom學名重複,https://vvtaxatree.tbn.org.tw/taxa/b63e2041-4bd7-4b71-a668-0a4069c044f6
ea44b831-25fd-4155-8602-fe98cc506c81,genus,Animalia,"","",Numida,Numida,相同Kingdom學名重複,https://vvtaxatree.tbn.org.tw/taxa/ea44b831-25fd-4155-8602-fe98cc506c81
e709d5b2-c640-4667-9fb8-60666b1ee392,species,Animalia,"","",Numida meleagris,Numida meleagris,相同Kingdom學名重複,https://vvtaxatree.tbn.org.tw/taxa/e709d5b2-c640-4667-9fb8-60666b1ee392
c2cecd50-1308-44b9-b2c3-1642ff6457f4,genus,Animalia,"","",Parabuteo,Parabuteo,相同Kingdom學名重複,https://vvtaxatree.tbn.org.tw/taxa/c2cecd50-1308-44b9-b2c3-1642ff6457f4
9183b1fe-1421-422a-9fb0-c39fdd68d1b9,species,Animalia,"","",Parabuteo unicinctus,Parabuteo unicinctus,相同Kingdom學名重複,https://vvtaxatree.tbn.org.tw/taxa/9183b1fe-1421-422a-9fb0-c39fdd68d1b9
af33d0b9-46a7-4906-ab03-92dfe27e3619,species,Animalia,"","",Paroaria gularis,Paroaria gularis,相同Kingdom學名重複,https://vvtaxatree.tbn.org.tw/taxa/af33d0b9-46a7-4906-ab03-92dfe27e3619
d23a3d9c-afd8-4445-84d0-b4c9f1ab11b5,species,Animalia,"","",Ploceus jacksoni,Ploceus jacksoni,相同Kingdom學名重複,https://vvtaxatree.tbn.org.tw/taxa/d23a3d9c-afd8-4445-84d0-b4c9f1ab11b5
f6548d21-5627-4147-8e4c-84df9cdf06da,species,Animalia,"","",Poicephalus senegalus,Poicephalus senegalus,相同Kingdom學名重複,https://vvtaxatree.tbn.org.tw/taxa/f6548d21-5627-4147-8e4c-84df9cdf06da
c8e63a90-eac2-4f16-844c-dfa66e8abeea,species,Animalia,"","",Primolius auricollis,Primolius auricollis,相同Kingdom學名重複,https://vvtaxatree.tbn.org.tw/taxa/c8e63a90-eac2-4f16-844c-dfa66e8abeea
6cab629c-9118-4a46-91a5-70cebb210609,genus,Animalia,"","",Psittacara,Psittacara,相同Kingdom學名重複,https://vvtaxatree.tbn.org.tw/taxa/6cab629c-9118-4a46-91a5-70cebb210609
2a2a5e09-0cc1-4ea0-8876-d3a1add0bbbd,species,Animalia,"","",Psittacara erythrogenys,Psittacara erythrogenys,相同Kingdom學名重複,https://vvtaxatree.tbn.org.tw/taxa/2a2a5e09-0cc1-4ea0-8876-d3a1add0bbbd
6b954751-7b3e-43e8-a855-d3d098f01ffc,species,Animalia,"","",Psittacula eupatria,Psittacula eupatria,相同Kingdom學名重複,https://vvtaxatree.tbn.org.tw/taxa/6b954751-7b3e-43e8-a855-d3d098f01ffc
ffbfd34a-640d-485a-83d5-6da6cc031dad,genus,Animalia,"","",Pyrrhocorax,Pyrrhocorax,相同Kingdom學名重複,https://vvtaxatree.tbn.org.tw/taxa/ffbfd34a-640d-485a-83d5-6da6cc031dad
c9ee301c-8be3-4dde-8542-8aa54aae1742,species,Animalia,"","",Pyrrhocorax pyrrhocorax,Pyrrhocorax pyrrhocorax,相同Kingdom學名重複,https://vvtaxatree.tbn.org.tw/taxa/c9ee301c-8be3-4dde-8542-8aa54aae1742
54a5c8b3-778a-46e0-9b9c-7d36799b3c18,species,Animalia,"","",Trichoglossus moluccanus,Trichoglossus moluccanus,相同Kingdom學名重複,https://vvtaxatree.tbn.org.tw/taxa/54a5c8b3-778a-46e0-9b9c-7d36799b3c18
df813c85-d964-4849-b506-d315679eb937,species,Animalia,"","",Trichoglossus rubritorquis,Trichoglossus rubritorquis,相同Kingdom學名重複,https://vvtaxatree.tbn.org.tw/taxa/df813c85-d964-4849-b506-d315679eb937
fb46b4e5-d2b4-43ba-a5db-f3cc22bf92b1,species,Animalia,"","",Trochalopteron formosum,Trochalopteron formosum,相同Kingdom學名重複,https://vvtaxatree.tbn.org.tw/taxa/fb46b4e5-d2b4-43ba-a5db-f3cc22bf92b1
ca04b9ad-203b-49a4-9ff4-25a903752d32,species,Animalia,"","",Vidua chalybeata,Vidua chalybeata,相同Kingdom學名重複,https://vvtaxatree.tbn.org.tw/taxa/ca04b9ad-203b-49a4-9ff4-25a903752d32
236baa19-37c4-41b9-8761-dc2e29ec67f5,species,Animalia,"","",Vidua obtusa,Vidua obtusa,相同Kingdom學名重複,https://vvtaxatree.tbn.org.tw/taxa/236baa19-37c4-41b9-8761-dc2e29ec67f5
a4f86047-62d7-4ab2-af20-79d1cfb4dba0,species,Plantae,"","",Tectaria multicaudata,Tectaria multicaudata (C.B.Clarke) Ching,相同Kingdom學名重複,https://vvtaxatree.tbn.org.tw/taxa/a4f86047-62d7-4ab2-af20-79d1cfb4dba0
6f795206-cd88-4cd3-bb85-fc9b780cdf37,species,Plantae,t0073393,"",Cololejeunea haskarliana,Cololejeunea haskarliana (Lehm.) Steph.,相同Kingdom學名重複,https://vvtaxatree.tbn.org.tw/taxa/6f795206-cd88-4cd3-bb85-fc9b780cdf37
cc4d9136-4b05-4fdf-b22c-bf58d843a84f,genus,Animalia,t0093039,"",Nematopogon,Nematopogon,相同Kingdom學名重複,https://vvtaxatree.tbn.org.tw/taxa/cc4d9136-4b05-4fdf-b22c-bf58d843a84f
2892f3ca-35f9-4b07-b812-87241d263efb,genus,Plantae,"","",Anisophyllum,Anisophyllum,相同Kingdom學名重複,https://vvtaxatree.tbn.org.tw/taxa/2892f3ca-35f9-4b07-b812-87241d263efb
aeadab76-407e-478b-906d-a012472b1f0f,genus,Plantae,"","",Anisophyllum,Anisophyllum,相同Kingdom學名重複,https://vvtaxatree.tbn.org.tw/taxa/aeadab76-407e-478b-906d-a012472b1f0f
47011ba1-a5ba-4aa0-937e-caf42b93cc20,species,Animalia,"","",Euplectes afer,Euplectes afer,相同Kingdom學名重複,https://vvtaxatree.tbn.org.tw/taxa/47011ba1-a5ba-4aa0-937e-caf42b93cc20
97a584e6-1689-45ee-a654-5dc2624f3143,genus,Animalia,"","",Stizoptera,Stizoptera,相同Kingdom學名重複,https://vvtaxatree.tbn.org.tw/taxa/97a584e6-1689-45ee-a654-5dc2624f3143
8d3b0f6d-7b24-4e98-bd0c-dc51897a7587,species,Animalia,"","",Stizoptera bichenovii,Stizoptera bichenovii,相同Kingdom學名重複,https://vvtaxatree.tbn.org.tw/taxa/8d3b0f6d-7b24-4e98-bd0c-dc51897a7587
58b25f68-0a3d-43a8-a3f0-1e1125dcfa45,genus,Animalia,"","",Graptemys,Graptemys,相同Kingdom學名重複,https://vvtaxatree.tbn.org.tw/taxa/58b25f68-0a3d-43a8-a3f0-1e1125dcfa45
e6ed5b5d-64c0-41f6-b7d9-2142899acee4,species,Animalia,"","",Graptemys ouachitensis,Graptemys ouachitensis,相同Kingdom學名重複,https://vvtaxatree.tbn.org.tw/taxa/e6ed5b5d-64c0-41f6-b7d9-2142899acee4
4cc3107e-19c0-4bd0-97ae-062cf25b1d33,species,Animalia,t0096500,"",Mythimna wulinensis,Mythimna wulinensis,相同Kingdom學名重複,https://vvtaxatree.tbn.org.tw/taxa/4cc3107e-19c0-4bd0-97ae-062cf25b1d33
92782833-2608-45f7-ba0c-27727cb8ba77,phylum,Animalia,t0000105,"",Ctenophora,Ctenophora,相同Kingdom學名重複,https://vvtaxatree.tbn.org.tw/taxa/92782833-2608-45f7-ba0c-27727cb8ba77
9a1a4b4a-3bb2-4466-86de-e315e609af37,phylum,Animalia,t0000114,"",Micrognathozoa,Micrognathozoa,相同Kingdom學名重複,https://vvtaxatree.tbn.org.tw/taxa/9a1a4b4a-3bb2-4466-86de-e315e609af37
5c0e913e-08b2-4ab3-b5a9-066512a9970f,phylum,Animalia,t0000122,"",Placozoa,Placozoa,相同Kingdom學名重複,https://vvtaxatree.tbn.org.tw/taxa/5c0e913e-08b2-4ab3-b5a9-066512a9970f
d44245c6-38bb-460d-98f8-98eacd8395dc,subphylum,Animalia,t0000175,"",Anthozoa,Anthozoa,相同Kingdom學名重複,https://vvtaxatree.tbn.org.tw/taxa/d44245c6-38bb-460d-98f8-98eacd8395dc
ea80daeb-8586-47b6-9f06-ffe72c2932c7,superclass,Animalia,t0000203,"",Actinopterygii,Actinopterygii,相同Kingdom學名重複,https://vvtaxatree.tbn.org.tw/taxa/ea80daeb-8586-47b6-9f06-ffe72c2932c7
3b467574-1b6f-40c1-a951-d221f3d1bfff,superclass,Animalia,t0000204,"",Chondrichthyes,Chondrichthyes,相同Kingdom學名重複,https://vvtaxatree.tbn.org.tw/taxa/3b467574-1b6f-40c1-a951-d221f3d1bfff
b931216a-3026-4946-b40c-b9806510d0e2,superclass,Animalia,t0103169,"",Branchiopoda,Branchiopoda,相同Kingdom學名重複,https://vvtaxatree.tbn.org.tw/taxa/b931216a-3026-4946-b40c-b9806510d0e2
099aee59-9fa7-415c-84d7-7e107571280d,class,Animalia,t0000466,"",Anthozoa,Anthozoa,相同Kingdom學名重複,https://vvtaxatree.tbn.org.tw/taxa/099aee59-9fa7-415c-84d7-7e107571280d
f0c21848-71c3-40d1-a7c0-38291ec505ec,class,Animalia,t0000480,"",Chondrostei,Chondrostei,相同Kingdom學名重複,https://vvtaxatree.tbn.org.tw/taxa/f0c21848-71c3-40d1-a7c0-38291ec505ec
2c437115-8475-47e1-a38a-a74b45a26dca,class,Animalia,t0000508,"",Holostei,Holostei,相同Kingdom學名重複,https://vvtaxatree.tbn.org.tw/taxa/2c437115-8475-47e1-a38a-a74b45a26dca
c8f13e42-9a72-4cd9-8a88-015289ba1524,class,Animalia,t0000520,"",Micrognathozoa,Micrognathozoa,相同Kingdom學名重複,https://vvtaxatree.tbn.org.tw/taxa/c8f13e42-9a72-4cd9-8a88-015289ba1524
b34b81a9-249c-489c-9da1-6d5e9766a190,class,Animalia,t0000535,"",Placozoa,Placozoa,相同Kingdom學名重複,https://vvtaxatree.tbn.org.tw/taxa/b34b81a9-249c-489c-9da1-6d5e9766a190
c80f0f35-4487-4123-bd03-5d40108ff37d,class,Animalia,t0000541,"",Protura,Protura,相同Kingdom學名重複,https://vvtaxatree.tbn.org.tw/taxa/c80f0f35-4487-4123-bd03-5d40108ff37d
842ddb42-4654-4c57-851b-d6694ce2be31,subclass,Animalia,t0000648,"",Archaeognatha,Archaeognatha,相同Kingdom學名重複,https://vvtaxatree.tbn.org.tw/taxa/842ddb42-4654-4c57-851b-d6694ce2be31
d55d85e8-e9e7-4d12-b21f-ecf299fa90be,subclass,Animalia,t0000652,"",Branchiura,Branchiura,相同Kingdom學名重複,https://vvtaxatree.tbn.org.tw/taxa/d55d85e8-e9e7-4d12-b21f-ecf299fa90be
b544caf9-bb6b-4c97-8211-3aac39593715,subclass,Animalia,t0000694,"",Squamata,Squamata,相同Kingdom學名重複,https://vvtaxatree.tbn.org.tw/taxa/b544caf9-bb6b-4c97-8211-3aac39593715
1b35ddd4-c674-43cb-a458-9b5d12e25176,subclass,Animalia,t0102873,"",Chondrostei,Chondrostei,相同Kingdom學名重複,https://vvtaxatree.tbn.org.tw/taxa/1b35ddd4-c674-43cb-a458-9b5d12e25176
6f60f7d1-b3a8-4875-bb84-ed02b9ac9814,subclass,Animalia,t0125063,"",Pteriomorphia,Pteriomorphia,相同Kingdom學名重複,https://vvtaxatree.tbn.org.tw/taxa/6f60f7d1-b3a8-4875-bb84-ed02b9ac9814
ef3509e7-72e2-4b02-8e38-8a0e1362a319,subclass,Animalia,t0125067,"",Vetigastropoda,Vetigastropoda,相同Kingdom學名重複,https://vvtaxatree.tbn.org.tw/taxa/ef3509e7-72e2-4b02-8e38-8a0e1362a319
7ace2c07-874c-4b63-8ac5-8e6f1ab30334,infraclass,Animalia,t0000707,"",Cestoda,Cestoda,相同Kingdom學名重複,https://vvtaxatree.tbn.org.tw/taxa/7ace2c07-874c-4b63-8ac5-8e6f1ab30334
7e453f83-7444-43d3-a045-3ec89ea472e3,infraclass,Animalia,t0102877,"",Holostei,Holostei,相同Kingdom學名重複,https://vvtaxatree.tbn.org.tw/taxa/7e453f83-7444-43d3-a045-3ec89ea472e3
8ffe0798-3ea1-4640-9a21-0937d091abe6,infraclass,Animalia,t0134737,"",Scolecida,Scolecida,相同Kingdom學名重複,https://vvtaxatree.tbn.org.tw/taxa/8ffe0798-3ea1-4640-9a21-0937d091abe6
7073fced-85ae-40ea-8301-6c1bcc61c140,superorder,Animalia,t0000770,"",Pteriomorphia,Pteriomorphia,相同Kingdom學名重複,https://vvtaxatree.tbn.org.tw/taxa/7073fced-85ae-40ea-8301-6c1bcc61c140
56c5de9e-c280-4a91-8ca1-b40fa33ffb3d,order,Animalia,t0001699,"",Archaeognatha,Archaeognatha,相同Kingdom學名重複,https://vvtaxatree.tbn.org.tw/taxa/56c5de9e-c280-4a91-8ca1-b40fa33ffb3d
545a8cb2-a1e1-489b-bfcc-2ecf1e5d37c0,order,Animalia,t0002948,"",Collembola,Collembola,相同Kingdom學名重複,https://vvtaxatree.tbn.org.tw/taxa/545a8cb2-a1e1-489b-bfcc-2ecf1e5d37c0
3909b82d-a281-4143-b926-da12a48faefe,suborder,Animalia,t0124915,"",Polyphaga,Polyphaga,相同Kingdom學名重複,https://vvtaxatree.tbn.org.tw/taxa/3909b82d-a281-4143-b926-da12a48faefe
e8898c65-80a7-4f56-ac5b-99191bddbda7,suborder,Animalia,t0136371,"",Yangochiroptera,Yangochiroptera,相同Kingdom學名重複,https://vvtaxatree.tbn.org.tw/taxa/e8898c65-80a7-4f56-ac5b-99191bddbda7
75d24e1e-9d0f-4a31-85f8-369ec41f8989,suborder,Animalia,t0136372,"",Yinpterochiroptera,Yinpterochiroptera,相同Kingdom學名重複,https://vvtaxatree.tbn.org.tw/taxa/75d24e1e-9d0f-4a31-85f8-369ec41f8989
8978bb7a-4bb9-4af7-bd5e-af48138f77bf,family,Animalia,t0136283,"",Chloropseidae,Chloropseidae,相同Kingdom學名重複,https://vvtaxatree.tbn.org.tw/taxa/8978bb7a-4bb9-4af7-bd5e-af48138f77bf
6190fabf-594d-4785-a3a2-47c796c53d1a,family,Animalia,t0136285,"",Cybaeidae,Cybaeidae,相同Kingdom學名重複,https://vvtaxatree.tbn.org.tw/taxa/6190fabf-594d-4785-a3a2-47c796c53d1a
50878374-8f35-463c-9799-03c1153e8f41,family,Animalia,t0136286,"",Erinaceidae,Erinaceidae,相同Kingdom學名重複,https://vvtaxatree.tbn.org.tw/taxa/50878374-8f35-463c-9799-03c1153e8f41
a0f2327c-81f1-41fe-bbb4-49a06ed55422,family,Animalia,t0136288,"",Numididae,Numididae,相同Kingdom學名重複,https://vvtaxatree.tbn.org.tw/taxa/a0f2327c-81f1-41fe-bbb4-49a06ed55422
66043db0-9c78-4e2c-b201-c31e264f7696,family,Animalia,t0136289,"",Petauridae,Petauridae,相同Kingdom學名重複,https://vvtaxatree.tbn.org.tw/taxa/66043db0-9c78-4e2c-b201-c31e264f7696
328d81e0-c1df-411e-9ca5-bcfb06834800,family,Animalia,t0136290,"",Procyonidae,Procyonidae,相同Kingdom學名重複,https://vvtaxatree.tbn.org.tw/taxa/328d81e0-c1df-411e-9ca5-bcfb06834800
546fe6f2-d332-4327-82fa-08c5118f238c,family,Animalia,t0136291,"",Prodidomidae,Prodidomidae,相同Kingdom學名重複,https://vvtaxatree.tbn.org.tw/taxa/546fe6f2-d332-4327-82fa-08c5118f238c
84ca8aa4-aa25-47ca-84b6-73c12f80a464,genus,Animalia,t0093938,"",Blatta,Blatta,相同Kingdom學名重複,https://vvtaxatree.tbn.org.tw/taxa/84ca8aa4-aa25-47ca-84b6-73c12f80a464
eeea1f9e-37a3-42e9-8bdc-c19a329b9a99,genus,Animalia,t0101219,"",Blatta,Blatta,相同Kingdom學名重複,https://vvtaxatree.tbn.org.tw/taxa/eeea1f9e-37a3-42e9-8bdc-c19a329b9a99
bb78d46a-8ff5-46d8-9dab-3e93c467b64a,genus,Animalia,t0101755,"",Polyphaga,Polyphaga,相同Kingdom學名重複,https://vvtaxatree.tbn.org.tw/taxa/bb78d46a-8ff5-46d8-9dab-3e93c467b64a
eb47c764-7909-4ef2-8293-abc1db3535f4,genus,Animalia,t0136275,"",Pyrrhocorax,Pyrrhocorax,相同Kingdom學名重複,https://vvtaxatree.tbn.org.tw/taxa/eb47c764-7909-4ef2-8293-abc1db3535f4
dc740a2f-48e4-42cb-8969-0cd7db65b750,genus,Animalia,t0136292,"",Alle,Alle,相同Kingdom學名重複,https://vvtaxatree.tbn.org.tw/taxa/dc740a2f-48e4-42cb-8969-0cd7db65b750
45315195-73db-4e35-bb7d-4effd5c60ed7,genus,Animalia,t0136293,"",Asthenognathus,Asthenognathus,相同Kingdom學名重複,https://vvtaxatree.tbn.org.tw/taxa/45315195-73db-4e35-bb7d-4effd5c60ed7
45831e9d-9b43-457b-a700-72f06de2cd48,genus,Animalia,t0136294,"",Atelerix,Atelerix,相同Kingdom學名重複,https://vvtaxatree.tbn.org.tw/taxa/45831e9d-9b43-457b-a700-72f06de2cd48
de6b3755-fabb-4455-b8e3-ed7c52121f1d,genus,Animalia,t0136295,"",Atrachya,Atrachya,相同Kingdom學名重複,https://vvtaxatree.tbn.org.tw/taxa/de6b3755-fabb-4455-b8e3-ed7c52121f1d
46e414d7-a4ff-45d2-9614-77d25be0f1a9,genus,Animalia,t0136296,"",Borboropactus,Borboropactus,相同Kingdom學名重複,https://vvtaxatree.tbn.org.tw/taxa/46e414d7-a4ff-45d2-9614-77d25be0f1a9
d2a21b82-2f5d-4939-88c1-734dedc6d2d4,genus,Animalia,t0136297,"",Callonetta,Callonetta,相同Kingdom學名重複,https://vvtaxatree.tbn.org.tw/taxa/d2a21b82-2f5d-4939-88c1-734dedc6d2d4
90f16f69-d607-4946-9d12-977933c584e6,genus,Animalia,t0136298,"",Centrochelys,Centrochelys,相同Kingdom學名重複,https://vvtaxatree.tbn.org.tw/taxa/90f16f69-d607-4946-9d12-977933c584e6
64051302-e8fc-4f20-990c-834579ef5ba6,genus,Animalia,t0136299,"",Cicurina,Cicurina,相同Kingdom學名重複,https://vvtaxatree.tbn.org.tw/taxa/64051302-e8fc-4f20-990c-834579ef5ba6
55ad1a96-d7fa-485b-9ea3-38c3d5b6bff7,genus,Animalia,t0136300,"",Cybaeus,Cybaeus,相同Kingdom學名重複,https://vvtaxatree.tbn.org.tw/taxa/55ad1a96-d7fa-485b-9ea3-38c3d5b6bff7
25a45f55-fbeb-4895-805e-0c1ec4d206c1,genus,Animalia,t0136301,"",Dacelo,Dacelo,相同Kingdom學名重複,https://vvtaxatree.tbn.org.tw/taxa/25a45f55-fbeb-4895-805e-0c1ec4d206c1
f6fcad68-8f57-43aa-b8ec-c7ea91434ff7,genus,Animalia,t0136302,"",Diopsittaca,Diopsittaca,相同Kingdom學名重複,https://vvtaxatree.tbn.org.tw/taxa/f6fcad68-8f57-43aa-b8ec-c7ea91434ff7
1fb3736b-c5db-4ad7-bf56-a4de1d599b82,genus,Animalia,t0136303,"",Eclectus,Eclectus,相同Kingdom學名重複,https://vvtaxatree.tbn.org.tw/taxa/1fb3736b-c5db-4ad7-bf56-a4de1d599b82
d98f1651-e238-4a4e-a717-c36eea5b17aa,genus,Animalia,t0136304,"",Epidius,Epidius,相同Kingdom學名重複,https://vvtaxatree.tbn.org.tw/taxa/d98f1651-e238-4a4e-a717-c36eea5b17aa
d30f274d-7c7c-44da-99d7-4b6713cad8b1,genus,Animalia,t0136305,"",Euplectes,Euplectes,相同Kingdom學名重複,https://vvtaxatree.tbn.org.tw/taxa/d30f274d-7c7c-44da-99d7-4b6713cad8b1
9551f6be-69e9-4b23-86c8-ded5f5b8d429,genus,Animalia,t0136306,"",Genusa,Genusa,相同Kingdom學名重複,https://vvtaxatree.tbn.org.tw/taxa/9551f6be-69e9-4b23-86c8-ded5f5b8d429
9a4c7dc1-3664-48dc-9d77-754bfc42a78d,genus,Animalia,t0136307,"",Graptemys,Graptemys,相同Kingdom學名重複,https://vvtaxatree.tbn.org.tw/taxa/9a4c7dc1-3664-48dc-9d77-754bfc42a78d
3937cf3e-95ec-431b-96ef-0b9f21e68908,genus,Animalia,t0136308,"",Itatsina,Itatsina,相同Kingdom學名重複,https://vvtaxatree.tbn.org.tw/taxa/3937cf3e-95ec-431b-96ef-0b9f21e68908
a766f6d4-f0cd-448c-a3ed-a6e6b6360305,genus,Animalia,t0136309,"",Lepthyphantes,Lepthyphantes,相同Kingdom學名重複,https://vvtaxatree.tbn.org.tw/taxa/a766f6d4-f0cd-448c-a3ed-a6e6b6360305
a8fe4131-56f5-4219-9882-f1e6229b3522,genus,Animalia,t0136310,"",Meleagris,Meleagris,相同Kingdom學名重複,https://vvtaxatree.tbn.org.tw/taxa/a8fe4131-56f5-4219-9882-f1e6229b3522
982789c5-8ad0-4477-99d0-cefd4b713637,genus,Animalia,t0136311,"",Myiopsitta,Myiopsitta,相同Kingdom學名重複,https://vvtaxatree.tbn.org.tw/taxa/982789c5-8ad0-4477-99d0-cefd4b713637
d2f96388-fb21-4a0f-84cb-cbdfd31171d2,genus,Animalia,t0136312,"",Numida,Numida,相同Kingdom學名重複,https://vvtaxatree.tbn.org.tw/taxa/d2f96388-fb21-4a0f-84cb-cbdfd31171d2
ec0db86a-a033-44ac-9578-53f350904c66,genus,Animalia,t0136313,"",Ovalisia,Ovalisia,相同Kingdom學名重複,https://vvtaxatree.tbn.org.tw/taxa/ec0db86a-a033-44ac-9578-53f350904c66
ceae8e73-b57a-495c-9f48-5bfb61dd27af,genus,Animalia,t0136314,"",Parabuteo,Parabuteo,相同Kingdom學名重複,https://vvtaxatree.tbn.org.tw/taxa/ceae8e73-b57a-495c-9f48-5bfb61dd27af
51c456c6-2bd8-4819-b473-c27a7e98ff7a,genus,Animalia,t0136315,"",Parazygiella,Parazygiella,相同Kingdom學名重複,https://vvtaxatree.tbn.org.tw/taxa/51c456c6-2bd8-4819-b473-c27a7e98ff7a
868b9d4c-c916-40df-b7ce-321d6b3cf218,genus,Animalia,t0136316,"",Perisesarma,Perisesarma,相同Kingdom學名重複,https://vvtaxatree.tbn.org.tw/taxa/868b9d4c-c916-40df-b7ce-321d6b3cf218
e2bd8a4b-a326-45d0-ae2b-5fdd1c339d92,genus,Animalia,t0136317,"",Petaurus,Petaurus,相同Kingdom學名重複,https://vvtaxatree.tbn.org.tw/taxa/e2bd8a4b-a326-45d0-ae2b-5fdd1c339d92
c2acbba5-2daf-4827-a79f-579d23a386e4,genus,Animalia,t0136318,"",Phaeacius,Phaeacius,相同Kingdom學名重複,https://vvtaxatree.tbn.org.tw/taxa/c2acbba5-2daf-4827-a79f-579d23a386e4
42f38d52-978a-454b-ac31-c4d3ef41a175,genus,Animalia,t0136319,"",Pharta,Pharta,相同Kingdom學名重複,https://vvtaxatree.tbn.org.tw/taxa/42f38d52-978a-454b-ac31-c4d3ef41a175
05230a0a-81d2-4e79-932b-f83b590e2718,genus,Animalia,t0136320,"",Procyon,Procyon,相同Kingdom學名重複,https://vvtaxatree.tbn.org.tw/taxa/05230a0a-81d2-4e79-932b-f83b590e2718
bd18cbb0-bdae-4814-8e01-08de5dc68a3d,genus,Animalia,t0136321,"",Pseudicius,Pseudicius,相同Kingdom學名重複,https://vvtaxatree.tbn.org.tw/taxa/bd18cbb0-bdae-4814-8e01-08de5dc68a3d
2e3874ab-6075-485c-b170-c5dcc8ac02b8,genus,Animalia,t0136322,"",Psittacara,Psittacara,相同Kingdom學名重複,https://vvtaxatree.tbn.org.tw/taxa/2e3874ab-6075-485c-b170-c5dcc8ac02b8
51851403-b6f8-49e2-8c9b-65b5b2069772,genus,Animalia,t0136323,"",Ranilia,Ranilia,相同Kingdom學名重複,https://vvtaxatree.tbn.org.tw/taxa/51851403-b6f8-49e2-8c9b-65b5b2069772
c6d470fc-8f9f-475d-8b7f-3044dc5138f6,genus,Animalia,t0136324,"",Rondonia,Rondonia,相同Kingdom學名重複,https://vvtaxatree.tbn.org.tw/taxa/c6d470fc-8f9f-475d-8b7f-3044dc5138f6
7ba81638-9022-4b38-8bac-9311c1a2b3f7,genus,Animalia,t0136325,"",Scolymia,Scolymia,相同Kingdom學名重複,https://vvtaxatree.tbn.org.tw/taxa/7ba81638-9022-4b38-8bac-9311c1a2b3f7
d4842eb3-09f7-4ed8-9409-aa0c5382ff0d,genus,Animalia,t0136326,"",Simaetha,Simaetha,相同Kingdom學名重複,https://vvtaxatree.tbn.org.tw/taxa/d4842eb3-09f7-4ed8-9409-aa0c5382ff0d
1002a108-0287-411e-a0af-ce54083a1a72,genus,Animalia,t0136327,"",Stizoptera,Stizoptera,相同Kingdom學名重複,https://vvtaxatree.tbn.org.tw/taxa/1002a108-0287-411e-a0af-ce54083a1a72
86545ddf-400d-42cf-aa59-c9772d713b2c,genus,Animalia,t0136328,"",Strigoplus,Strigoplus,相同Kingdom學名重複,https://vvtaxatree.tbn.org.tw/taxa/86545ddf-400d-42cf-aa59-c9772d713b2c
0bcff838-bb5c-4dae-b099-d6e0e9a7db2f,genus,Animalia,t0136329,"",Trachelas,Trachelas,相同Kingdom學名重複,https://vvtaxatree.tbn.org.tw/taxa/0bcff838-bb5c-4dae-b099-d6e0e9a7db2f
f1d7ab34-662e-47b9-8159-21421633d530,genus,Animalia,t0136330,"",Tropidoclonion,Tropidoclonion,相同Kingdom學名重複,https://vvtaxatree.tbn.org.tw/taxa/f1d7ab34-662e-47b9-8159-21421633d530
2552af61-77f4-436b-a8ef-267ba9e77876,species,Animalia,t0077550,"",Caryophyllia hawaiiensis,Caryophyllia hawaiiensis,相同Kingdom學名重複,https://vvtaxatree.tbn.org.tw/taxa/2552af61-77f4-436b-a8ef-267ba9e77876
f67fcac9-e8f2-4860-b1aa-c3daeb93c545,species,Animalia,t0096019,"",Laterialis oculatus,Laterialis oculatus,相同Kingdom學名重複,https://vvtaxatree.tbn.org.tw/taxa/f67fcac9-e8f2-4860-b1aa-c3daeb93c545
7e04f9c7-44bd-424f-9fe7-9de332140009,species,Animalia,t0096030,"",Lema concinnipennis,Lema concinnipennis,相同Kingdom學名重複,https://vvtaxatree.tbn.org.tw/taxa/7e04f9c7-44bd-424f-9fe7-9de332140009
805daa53-6413-4d9b-9062-ecb463424303,species,Animalia,t0096031,"",Lema coronata,Lema coronata,相同Kingdom學名重複,https://vvtaxatree.tbn.org.tw/taxa/805daa53-6413-4d9b-9062-ecb463424303
6c7d4510-0be8-4fe9-8bad-a5e5a6171746,species,Animalia,t0096032,"",Lema fortunei,Lema fortunei,相同Kingdom學名重複,https://vvtaxatree.tbn.org.tw/taxa/6c7d4510-0be8-4fe9-8bad-a5e5a6171746
49391cbc-5766-4ff3-9d81-8e30dccb637a,species,Animalia,t0096033,"",Lema honorata,Lema honorata,相同Kingdom學名重複,https://vvtaxatree.tbn.org.tw/taxa/49391cbc-5766-4ff3-9d81-8e30dccb637a
ee575cdd-e3c2-4ff7-be71-91d986856922,species,Animalia,t0096038,"",Lencophenga ornata,Lencophenga ornata,相同Kingdom學名重複,https://vvtaxatree.tbn.org.tw/taxa/ee575cdd-e3c2-4ff7-be71-91d986856922
44bcda4e-a519-48a3-bece-b8963ccabb3d,species,Animalia,t0096093,"",Limnophila excelsa,Limnophila excelsa,相同Kingdom學名重複,https://vvtaxatree.tbn.org.tw/taxa/44bcda4e-a519-48a3-bece-b8963ccabb3d
358312dd-dc87-4cb9-baeb-96bfc62ea9f7,species,Animalia,t0096094,"",Limnophila ferocia,Limnophila ferocia,相同Kingdom學名重複,https://vvtaxatree.tbn.org.tw/taxa/358312dd-dc87-4cb9-baeb-96bfc62ea9f7
94c5a6c7-9469-4501-aa06-2bedd33a65f7,species,Animalia,t0096095,"",Limnophila platystyla,Limnophila platystyla,相同Kingdom學名重複,https://vvtaxatree.tbn.org.tw/taxa/94c5a6c7-9469-4501-aa06-2bedd33a65f7
a40fb197-ea5c-4f94-a860-3d1c2ea80936,species,Animalia,t0096096,"",Limnophila rantaizana,Limnophila rantaizana,相同Kingdom學名重複,https://vvtaxatree.tbn.org.tw/taxa/a40fb197-ea5c-4f94-a860-3d1c2ea80936
ea5d9ffc-60f0-4e22-9b0b-b6b1953598f7,species,Animalia,t0096097,"",Limnophila inaequalis,Limnophila inaequalis,相同Kingdom學名重複,https://vvtaxatree.tbn.org.tw/taxa/ea5d9ffc-60f0-4e22-9b0b-b6b1953598f7
906b1541-5696-498d-af35-778a74108226,species,Animalia,t0096098,"",Limnophila nesonemoralis,Limnophila nesonemoralis,相同Kingdom學名重複,https://vvtaxatree.tbn.org.tw/taxa/906b1541-5696-498d-af35-778a74108226
657dd391-0857-4e3f-a52e-a8e53525c6d6,species,Animalia,t0096099,"",Limnophila dorsolineata,Limnophila dorsolineata,相同Kingdom學名重複,https://vvtaxatree.tbn.org.tw/taxa/657dd391-0857-4e3f-a52e-a8e53525c6d6
d4374c37-e691-4d18-96e2-f05bb0a2b4ac,species,Animalia,t0096100,"",Limnophila formosa,Limnophila formosa,相同Kingdom學名重複,https://vvtaxatree.tbn.org.tw/taxa/d4374c37-e691-4d18-96e2-f05bb0a2b4ac
b4019df6-8ec8-4b9e-a7b2-cafe71cd0b3e,species,Animalia,t0096101,"",Limnophila taiwanensis,Limnophila taiwanensis,相同Kingdom學名重複,https://vvtaxatree.tbn.org.tw/taxa/b4019df6-8ec8-4b9e-a7b2-cafe71cd0b3e
d52993a5-45c4-40c9-9efa-36a9083bc71b,species,Animalia,t0096102,"",Limnophila harukonis,Limnophila harukonis,相同Kingdom學名重複,https://vvtaxatree.tbn.org.tw/taxa/d52993a5-45c4-40c9-9efa-36a9083bc71b
d8fa7902-69ea-491b-9818-5ae3c3d24a64,species,Animalia,t0096103,"",Limnophila oritropha,Limnophila oritropha,相同Kingdom學名重複,https://vvtaxatree.tbn.org.tw/taxa/d8fa7902-69ea-491b-9818-5ae3c3d24a64
563aaa80-39ff-4c68-9be3-acf86a6f6696,species,Animalia,t0096104,"",Limnophila serridentata,Limnophila serridentata,相同Kingdom學名重複,https://vvtaxatree.tbn.org.tw/taxa/563aaa80-39ff-4c68-9be3-acf86a6f6696
e245bb98-b8c4-4811-8b27-bc016548b4dd,species,Animalia,t0096105,"",Limonia ebriola,Limonia ebriola,相同Kingdom學名重複,https://vvtaxatree.tbn.org.tw/taxa/e245bb98-b8c4-4811-8b27-bc016548b4dd
0d8a6a06-232b-4855-b0b2-8cf134f4101c,species,Animalia,t0096106,"",Limonia inscita,Limonia inscita,相同Kingdom學名重複,https://vvtaxatree.tbn.org.tw/taxa/0d8a6a06-232b-4855-b0b2-8cf134f4101c
edfe390c-b1ed-4e31-a3cb-24980df0f920,species,Animalia,t0096107,"",Limonia koxinga,Limonia koxinga,相同Kingdom學名重複,https://vvtaxatree.tbn.org.tw/taxa/edfe390c-b1ed-4e31-a3cb-24980df0f920
7bfeb2a8-caef-4aba-8080-9d6f6e50df6a,species,Animalia,t0096108,"",Limonia montium,Limonia montium,相同Kingdom學名重複,https://vvtaxatree.tbn.org.tw/taxa/7bfeb2a8-caef-4aba-8080-9d6f6e50df6a
5ce92d52-b357-41da-bbd1-d290c76ca2de,species,Animalia,t0096109,"",Limonia subpunctulata,Limonia subpunctulata,相同Kingdom學名重複,https://vvtaxatree.tbn.org.tw/taxa/5ce92d52-b357-41da-bbd1-d290c76ca2de
c2c4e805-3a25-45bf-8f93-6b6555bef6d7,species,Animalia,t0096110,"",Limonia tattakae,Limonia tattakae,相同Kingdom學名重複,https://vvtaxatree.tbn.org.tw/taxa/c2c4e805-3a25-45bf-8f93-6b6555bef6d7
5d51bb2e-c9ef-4a35-be6d-833b1c61ebdf,species,Animalia,t0096111,"",Limonia tenuicula,Limonia tenuicula,相同Kingdom學名重複,https://vvtaxatree.tbn.org.tw/taxa/5d51bb2e-c9ef-4a35-be6d-833b1c61ebdf
fb66711f-c1f9-4459-af85-285c86e14c89,species,Animalia,t0096112,"",Limonia taivanella,Limonia taivanella,相同Kingdom學名重複,https://vvtaxatree.tbn.org.tw/taxa/fb66711f-c1f9-4459-af85-285c86e14c89
9b94217b-43ee-45d7-92fc-2846b891ec8a,species,Animalia,t0096113,"",Limonia alpestris,Limonia alpestris,相同Kingdom學名重複,https://vvtaxatree.tbn.org.tw/taxa/9b94217b-43ee-45d7-92fc-2846b891ec8a
e716497e-a253-4e6c-be2a-0e548af13834,species,Animalia,t0096114,"",Limonia apicifasciata,Limonia apicifasciata,相同Kingdom學名重複,https://vvtaxatree.tbn.org.tw/taxa/e716497e-a253-4e6c-be2a-0e548af13834
a64d3849-5d8e-4f7e-b54e-6d78fca8be29,species,Animalia,t0096115,"",Limonia pictorum,Limonia pictorum,相同Kingdom學名重複,https://vvtaxatree.tbn.org.tw/taxa/a64d3849-5d8e-4f7e-b54e-6d78fca8be29
220e0e24-3c99-4a4f-8ae8-40f34b6767a3,species,Animalia,t0096116,"",Limonia unifilosa,Limonia unifilosa,相同Kingdom學名重複,https://vvtaxatree.tbn.org.tw/taxa/220e0e24-3c99-4a4f-8ae8-40f34b6767a3
4dd3ee50-4eef-4dc5-bf02-3a5b4f2ede74,species,Animalia,t0096117,"",Limonia clitelligera,Limonia clitelligera,相同Kingdom學名重複,https://vvtaxatree.tbn.org.tw/taxa/4dd3ee50-4eef-4dc5-bf02-3a5b4f2ede74
071dd78a-40c1-4635-978d-194aeef363c5,species,Animalia,t0096118,"",Limonia hassenana,Limonia hassenana,相同Kingdom學名重複,https://vvtaxatree.tbn.org.tw/taxa/071dd78a-40c1-4635-978d-194aeef363c5
cc2b18e0-384a-4053-9fb9-248d62d7a010,species,Animalia,t0096119,"",Limonia imbellis,Limonia imbellis,相同Kingdom學名重複,https://vvtaxatree.tbn.org.tw/taxa/cc2b18e0-384a-4053-9fb9-248d62d7a010
1f69e8b7-0657-47ff-83bf-f87cc9a7d435,species,Animalia,t0096120,"",Limonia immetata,Limonia immetata,相同Kingdom學名重複,https://vvtaxatree.tbn.org.tw/taxa/1f69e8b7-0657-47ff-83bf-f87cc9a7d435
170cc1d5-ca8e-4957-bf01-471fd1c9550a,species,Animalia,t0096121,"",Limonia perparvuloides,Limonia perparvuloides,相同Kingdom學名重複,https://vvtaxatree.tbn.org.tw/taxa/170cc1d5-ca8e-4957-bf01-471fd1c9550a
06c6f35a-f875-402f-9871-3b2c7f20b61d,species,Animalia,t0096122,"",Limonia comissabunda,Limonia comissabunda,相同Kingdom學名重複,https://vvtaxatree.tbn.org.tw/taxa/06c6f35a-f875-402f-9871-3b2c7f20b61d
d1467643-4c8f-46b6-8430-f12fba148ae5,species,Animalia,t0096123,"",Limonia griseola,Limonia griseola,相同Kingdom學名重複,https://vvtaxatree.tbn.org.tw/taxa/d1467643-4c8f-46b6-8430-f12fba148ae5
263f5e93-9dd7-4bcc-b420-2329af8c330f,species,Animalia,t0096124,"",Limonia fraudulenta,Limonia fraudulenta,相同Kingdom學名重複,https://vvtaxatree.tbn.org.tw/taxa/263f5e93-9dd7-4bcc-b420-2329af8c330f
28cfe165-3d51-47fb-9355-348da873a784,species,Animalia,t0096125,"",Limonia inelegans,Limonia inelegans,相同Kingdom學名重複,https://vvtaxatree.tbn.org.tw/taxa/28cfe165-3d51-47fb-9355-348da873a784
1bef0efb-c78e-4239-b636-5ff7680ab636,species,Animalia,t0096126,"",Limonia melas,Limonia melas,相同Kingdom學名重複,https://vvtaxatree.tbn.org.tw/taxa/1bef0efb-c78e-4239-b636-5ff7680ab636
102768f2-bb4d-467f-9dbe-0d8474e84ba4,species,Animalia,t0096127,"",Limonia rantaiensis,Limonia rantaiensis,相同Kingdom學名重複,https://vvtaxatree.tbn.org.tw/taxa/102768f2-bb4d-467f-9dbe-0d8474e84ba4
839b664e-9c6f-4278-9500-16dfd0838f3a,species,Animalia,t0096128,"",Limonia subhostillis,Limonia subhostillis,相同Kingdom學名重複,https://vvtaxatree.tbn.org.tw/taxa/839b664e-9c6f-4278-9500-16dfd0838f3a
6ddc79f2-7805-489e-9fb9-869a000c8312,species,Animalia,t0096129,"",Limonia aurita,Limonia aurita,相同Kingdom學名重複,https://vvtaxatree.tbn.org.tw/taxa/6ddc79f2-7805-489e-9fb9-869a000c8312
a0586efb-1c98-4882-aebd-4120f272a6d4,species,Animalia,t0096130,"",Limonia argyrata,Limonia argyrata,相同Kingdom學名重複,https://vvtaxatree.tbn.org.tw/taxa/a0586efb-1c98-4882-aebd-4120f272a6d4
6b727440-4a10-4366-9a70-35d31b16af34,species,Animalia,t0096131,"",Limonia atayal,Limonia atayal,相同Kingdom學名重複,https://vvtaxatree.tbn.org.tw/taxa/6b727440-4a10-4366-9a70-35d31b16af34
97fa7341-963c-4418-a52c-38163a2c1548,species,Animalia,t0096132,"",Limonia remissa,Limonia remissa,相同Kingdom學名重複,https://vvtaxatree.tbn.org.tw/taxa/97fa7341-963c-4418-a52c-38163a2c1548
4d68c29c-3f0f-4bc7-8e77-6f93587b11a1,species,Animalia,t0096133,"",Limonia dimelania,Limonia dimelania,相同Kingdom學名重複,https://vvtaxatree.tbn.org.tw/taxa/4d68c29c-3f0f-4bc7-8e77-6f93587b11a1
726dc360-7b58-44c6-80ad-45f7c3418189,species,Animalia,t0096134,"",Limonia monocycla,Limonia monocycla,相同Kingdom學名重複,https://vvtaxatree.tbn.org.tw/taxa/726dc360-7b58-44c6-80ad-45f7c3418189
66520830-9fc3-4a54-9515-759f1d479862,species,Animalia,t0096135,"",Limonia unisetosa,Limonia unisetosa,相同Kingdom學名重複,https://vvtaxatree.tbn.org.tw/taxa/66520830-9fc3-4a54-9515-759f1d479862
dbfb93d5-6b5c-4438-aa3b-ed204a459486,species,Animalia,t0096152,"",Lissodema uenoi,Lissodema uenoi,相同Kingdom學名重複,https://vvtaxatree.tbn.org.tw/taxa/dbfb93d5-6b5c-4438-aa3b-ed204a459486
bd38d65c-6d07-498b-864d-c65e043728b3,species,Animalia,t0096246,"",Lyponia kleinei,Lyponia kleinei,相同Kingdom學名重複,https://vvtaxatree.tbn.org.tw/taxa/bd38d65c-6d07-498b-864d-c65e043728b3
36d8f558-8c5b-4f59-af96-97b05868844c,species,Animalia,t0096247,"",Lyponia palpalis,Lyponia palpalis,相同Kingdom學名重複,https://vvtaxatree.tbn.org.tw/taxa/36d8f558-8c5b-4f59-af96-97b05868844c
2b6204d2-4cee-46c9-8c85-4fb7609ce4f7,species,Animalia,t0096272,"",Malthinus fenchihuensis,Malthinus fenchihuensis,相同Kingdom學名重複,https://vvtaxatree.tbn.org.tw/taxa/2b6204d2-4cee-46c9-8c85-4fb7609ce4f7
38e9764a-a411-44c5-8e3e-b1f6c3768cdf,species,Animalia,t0096273,"",Malthinus notsui,Malthinus notsui,相同Kingdom學名重複,https://vvtaxatree.tbn.org.tw/taxa/38e9764a-a411-44c5-8e3e-b1f6c3768cdf
8acd27ba-8edf-4a36-8ce5-ffe3b6b60846,species,Animalia,t0096274,"",Malthinus ohbai,Malthinus ohbai,相同Kingdom學名重複,https://vvtaxatree.tbn.org.tw/taxa/8acd27ba-8edf-4a36-8ce5-ffe3b6b60846
f5137333-6312-48d0-be20-f740721c41fc,species,Animalia,t0096275,"",Malthinus palingensis,Malthinus palingensis,相同Kingdom學名重複,https://vvtaxatree.tbn.org.tw/taxa/f5137333-6312-48d0-be20-f740721c41fc
570bdad1-7986-4a78-bbf4-8dde11e4dc74,species,Animalia,t0096276,"",Malthinus shimomurai,Malthinus shimomurai,相同Kingdom學名重複,https://vvtaxatree.tbn.org.tw/taxa/570bdad1-7986-4a78-bbf4-8dde11e4dc74
289e7037-2628-48f9-be16-6d13ad6f3fe0,species,Animalia,t0096277,"",Malthinus ssulingensis,Malthinus ssulingensis,相同Kingdom學名重複,https://vvtaxatree.tbn.org.tw/taxa/289e7037-2628-48f9-be16-6d13ad6f3fe0
1e2d6fc4-3ced-4d50-bc5e-4bbab256f005,species,Animalia,t0096278,"",Malthinus taiwanoniger,Malthinus taiwanoniger,相同Kingdom學名重複,https://vvtaxatree.tbn.org.tw/taxa/1e2d6fc4-3ced-4d50-bc5e-4bbab256f005
181a8d6f-f658-430f-b944-7e76c3caddd9,species,Animalia,t0096279,"",Malthinus taiwanus,Malthinus taiwanus,相同Kingdom學名重複,https://vvtaxatree.tbn.org.tw/taxa/181a8d6f-f658-430f-b944-7e76c3caddd9
3c3e7aba-5c02-43b1-b5cf-cf8b8de7db0a,species,Animalia,t0096280,"",Malthinus vixlimbatus,Malthinus vixlimbatus,相同Kingdom學名重複,https://vvtaxatree.tbn.org.tw/taxa/3c3e7aba-5c02-43b1-b5cf-cf8b8de7db0a
296b2148-c924-4147-bff3-f2b497a8109c,species,Animalia,t0096281,"",Malthinus yangmingensis,Malthinus yangmingensis,相同Kingdom學名重複,https://vvtaxatree.tbn.org.tw/taxa/296b2148-c924-4147-bff3-f2b497a8109c
857513dd-6691-4868-a610-c6f7d5c70179,species,Animalia,t0096282,"",Malthodes brancuccii,Malthodes brancuccii,相同Kingdom學名重複,https://vvtaxatree.tbn.org.tw/taxa/857513dd-6691-4868-a610-c6f7d5c70179
cda738d0-5296-44c3-bb7a-bed4b55c42b7,species,Animalia,t0096283,"",Malthodes fenchihuensis,Malthodes fenchihuensis,相同Kingdom學名重複,https://vvtaxatree.tbn.org.tw/taxa/cda738d0-5296-44c3-bb7a-bed4b55c42b7
3bc8b88a-1df2-4b81-b697-6ac24d244ee1,species,Animalia,t0096284,"",Malthodes makiharai,Malthodes makiharai,相同Kingdom學名重複,https://vvtaxatree.tbn.org.tw/taxa/3bc8b88a-1df2-4b81-b697-6ac24d244ee1
265e326f-94a1-4728-aec2-9528e2f10352,species,Animalia,t0096285,"",Malthodes niitakaensis,Malthodes niitakaensis,相同Kingdom學名重複,https://vvtaxatree.tbn.org.tw/taxa/265e326f-94a1-4728-aec2-9528e2f10352
be2d146b-834e-420c-b068-9edec116f711,species,Animalia,t0096286,"",Malthodes taiwanus,Malthodes taiwanus,相同Kingdom學名重複,https://vvtaxatree.tbn.org.tw/taxa/be2d146b-834e-420c-b068-9edec116f711
114b9087-36ef-4369-b3c7-526e3f07f443,species,Animalia,t0096350,"",Menimus formosanus,Menimus formosanus,相同Kingdom學名重複,https://vvtaxatree.tbn.org.tw/taxa/114b9087-36ef-4369-b3c7-526e3f07f443
96ad7c46-2c8d-4e73-9165-9ed4503ac184,species,Animalia,t0096370,"",Metopius baibarensis,Metopius baibarensis,相同Kingdom學名重複,https://vvtaxatree.tbn.org.tw/taxa/96ad7c46-2c8d-4e73-9165-9ed4503ac184
c25180bc-e69c-43e3-8831-74bf4e02fb66,species,Animalia,t0096380,"",Micrencaustes taiwana,Micrencaustes taiwana,相同Kingdom學名重複,https://vvtaxatree.tbn.org.tw/taxa/c25180bc-e69c-43e3-8831-74bf4e02fb66
2dae1912-e575-4ea6-beb3-499be48749af,species,Animalia,t0096385,"",Microdon stilboides,Microdon stilboides,相同Kingdom學名重複,https://vvtaxatree.tbn.org.tw/taxa/2dae1912-e575-4ea6-beb3-499be48749af
44d129f2-0c34-452e-ab8e-711acb0e8572,species,Animalia,t0096428,"",Molophilus alcocostalis,Molophilus alcocostalis,相同Kingdom學名重複,https://vvtaxatree.tbn.org.tw/taxa/44d129f2-0c34-452e-ab8e-711acb0e8572
93d14279-6dd7-4a07-abe0-fed2fb3e96a0,species,Animalia,t0096429,"",Molophilus aricola,Molophilus aricola,相同Kingdom學名重複,https://vvtaxatree.tbn.org.tw/taxa/93d14279-6dd7-4a07-abe0-fed2fb3e96a0
2b965056-1533-4ca0-8c3b-39e14a09b2c7,species,Animalia,t0096430,"",Molophilus arisanus,Molophilus arisanus,相同Kingdom學名重複,https://vvtaxatree.tbn.org.tw/taxa/2b965056-1533-4ca0-8c3b-39e14a09b2c7
1b348f34-4eb1-4d5a-806b-19fe686ee636,species,Animalia,t0096431,"",Molophilus editus,Molophilus editus,相同Kingdom學名重複,https://vvtaxatree.tbn.org.tw/taxa/1b348f34-4eb1-4d5a-806b-19fe686ee636
e53192d4-484e-42d5-8326-14603a36c1fd,species,Animalia,t0096432,"",Molophilus ephippiger,Molophilus ephippiger,相同Kingdom學名重複,https://vvtaxatree.tbn.org.tw/taxa/e53192d4-484e-42d5-8326-14603a36c1fd
cf9d7b66-b5bf-4aef-8020-7e1d3ac3c561,species,Animalia,t0096433,"",Molophilus hoplostylus,Molophilus hoplostylus,相同Kingdom學名重複,https://vvtaxatree.tbn.org.tw/taxa/cf9d7b66-b5bf-4aef-8020-7e1d3ac3c561
b3679253-5e63-44b1-8062-277b4fe8c822,species,Animalia,t0096434,"",Molophilus issikii,Molophilus issikii,相同Kingdom學名重複,https://vvtaxatree.tbn.org.tw/taxa/b3679253-5e63-44b1-8062-277b4fe8c822
b08a085a-801f-487c-a1a5-e188ec0abf32,species,Animalia,t0096435,"",Molophilus nifritus,Molophilus nifritus,相同Kingdom學名重複,https://vvtaxatree.tbn.org.tw/taxa/b08a085a-801f-487c-a1a5-e188ec0abf32
6d80f98b-3e65-48c0-9dbb-f7112e0dcf94,species,Animalia,t0096436,"",Molophilus nigripes,Molophilus nigripes,相同Kingdom學名重複,https://vvtaxatree.tbn.org.tw/taxa/6d80f98b-3e65-48c0-9dbb-f7112e0dcf94
9bba6f3b-f3ec-448f-a0c9-671612af1c0b,species,Animalia,t0096437,"",Molophilus nigritarsis,Molophilus nigritarsis,相同Kingdom學名重複,https://vvtaxatree.tbn.org.tw/taxa/9bba6f3b-f3ec-448f-a0c9-671612af1c0b
7d4f6889-872e-4f81-b0ec-f1b57be48f87,species,Animalia,t0096438,"",Molophilus nokonis,Molophilus nokonis,相同Kingdom學名重複,https://vvtaxatree.tbn.org.tw/taxa/7d4f6889-872e-4f81-b0ec-f1b57be48f87
a6418b65-0139-48be-9412-7126832c1bd9,species,Animalia,t0096439,"",Molophilus pallidibasis,Molophilus pallidibasis,相同Kingdom學名重複,https://vvtaxatree.tbn.org.tw/taxa/a6418b65-0139-48be-9412-7126832c1bd9
7d42e4d7-d058-4a1c-90bb-e303deef7b81,species,Animalia,t0096440,"",Molophilus spinosissimus,Molophilus spinosissimus,相同Kingdom學名重複,https://vvtaxatree.tbn.org.tw/taxa/7d42e4d7-d058-4a1c-90bb-e303deef7b81
bd6d88af-0ca0-4e1c-a2a7-c04e9415425c,species,Animalia,t0096441,"",Molophilus alticola,Molophilus alticola,相同Kingdom學名重複,https://vvtaxatree.tbn.org.tw/taxa/bd6d88af-0ca0-4e1c-a2a7-c04e9415425c
3a9b7af0-b752-40d8-a925-e027148d4f87,species,Animalia,t0096445,"",Mongoloraphidia caelebs,Mongoloraphidia caelebs,相同Kingdom學名重複,https://vvtaxatree.tbn.org.tw/taxa/3a9b7af0-b752-40d8-a925-e027148d4f87
bb75d11c-6ecf-4edc-a90d-faab67e9138c,species,Animalia,t0096446,"",Mongoloraphidia taiwanica,Mongoloraphidia taiwanica,相同Kingdom學名重複,https://vvtaxatree.tbn.org.tw/taxa/bb75d11c-6ecf-4edc-a90d-faab67e9138c
6c88f6c9-88dd-42b4-a36d-353602d857ec,species,Animalia,t0096462,"",Musca conducens,Musca conducens,相同Kingdom學名重複,https://vvtaxatree.tbn.org.tw/taxa/6c88f6c9-88dd-42b4-a36d-353602d857ec
779b421b-c0fd-4634-ac00-af8ded4b0906,species,Animalia,t0096463,"",Musca sorbens,Musca sorbens,相同Kingdom學名重複,https://vvtaxatree.tbn.org.tw/taxa/779b421b-c0fd-4634-ac00-af8ded4b0906
803a9ab9-0af1-4a8e-b891-da08dce47231,species,Animalia,t0096464,"",Musca ventrosa,Musca ventrosa,相同Kingdom學名重複,https://vvtaxatree.tbn.org.tw/taxa/803a9ab9-0af1-4a8e-b891-da08dce47231
31f24f61-cdd7-4874-9710-051f784d6662,species,Animalia,t0096465,"",Musca domestica,Musca domestica,相同Kingdom學名重複,https://vvtaxatree.tbn.org.tw/taxa/31f24f61-cdd7-4874-9710-051f784d6662
623022f8-8200-4304-a5fe-294a073793ff,species,Animalia,t0096466,"",Musca crassirostris,Musca crassirostris,相同Kingdom學名重複,https://vvtaxatree.tbn.org.tw/taxa/623022f8-8200-4304-a5fe-294a073793ff
1f79f87a-045b-413b-bfb0-e5dcee3a4d79,species,Animalia,t0096467,"",Musca inferior,Musca inferior,相同Kingdom學名重複,https://vvtaxatree.tbn.org.tw/taxa/1f79f87a-045b-413b-bfb0-e5dcee3a4d79
2876a67c-50d1-4836-8bff-c2cdc7be4ead,species,Animalia,t0096494,"",Mythimna hirashimai,Mythimna hirashimai,相同Kingdom學名重複,https://vvtaxatree.tbn.org.tw/taxa/2876a67c-50d1-4836-8bff-c2cdc7be4ead
dc1d72f1-71a8-4311-b8b7-9d3436e85f89,species,Animalia,t0096495,"",Mythimna lucida,Mythimna lucida,相同Kingdom學名重複,https://vvtaxatree.tbn.org.tw/taxa/dc1d72f1-71a8-4311-b8b7-9d3436e85f89
659d0d7b-98a0-4c4d-b4aa-1c2cfd0afc42,species,Animalia,t0096496,"",Mythimna rushanensis,Mythimna rushanensis,相同Kingdom學名重複,https://vvtaxatree.tbn.org.tw/taxa/659d0d7b-98a0-4c4d-b4aa-1c2cfd0afc42
6e8b6262-5aac-4f05-95bc-720582540dfc,species,Animalia,t0096497,"",Mythimna wulinensis,Mythimna wulinensis,相同Kingdom學名重複,https://vvtaxatree.tbn.org.tw/taxa/6e8b6262-5aac-4f05-95bc-720582540dfc
305b3f36-eeb6-4f38-a32c-e4846552878b,species,Animalia,t0096538,"",Triaspis imitatus,Triaspis imitatus,相同Kingdom學名重複,https://vvtaxatree.tbn.org.tw/taxa/305b3f36-eeb6-4f38-a32c-e4846552878b
3e1add96-13db-4181-957b-24c71702d60a,species,Animalia,t0096562,"",Trioza neolitsae,Trioza neolitsae,相同Kingdom學名重複,https://vvtaxatree.tbn.org.tw/taxa/3e1add96-13db-4181-957b-24c71702d60a
8e289fd7-d3da-4b0c-97e1-d8c5c436f7a3,species,Animalia,t0096571,"",Trochocyathus rhombocolumna,Trochocyathus rhombocolumna,相同Kingdom學名重複,https://vvtaxatree.tbn.org.tw/taxa/8e289fd7-d3da-4b0c-97e1-d8c5c436f7a3
7213654a-5eda-40fc-91c9-f5151e350a5d,species,Animalia,t0096613,"",Ula flavidibasis,Ula flavidibasis,相同Kingdom學名重複,https://vvtaxatree.tbn.org.tw/taxa/7213654a-5eda-40fc-91c9-f5151e350a5d
3e148e87-20df-4d04-bf12-3cb08212b53a,species,Animalia,t0096614,"",Ula fuscistigma,Ula fuscistigma,相同Kingdom學名重複,https://vvtaxatree.tbn.org.tw/taxa/3e148e87-20df-4d04-bf12-3cb08212b53a
03970013-1866-49d2-9c9e-4d3d4e76f29f,species,Animalia,t0096615,"",Ula superelegans,Ula superelegans,相同Kingdom學名重複,https://vvtaxatree.tbn.org.tw/taxa/03970013-1866-49d2-9c9e-4d3d4e76f29f
e697a88f-b28a-49ec-aed4-04be9ea756d5,species,Animalia,t0096621,"",Uranotaenia novobscura,Uranotaenia novobscura,相同Kingdom學名重複,https://vvtaxatree.tbn.org.tw/taxa/e697a88f-b28a-49ec-aed4-04be9ea756d5
aaad8fdc-1a2b-4007-af22-7a6178d2e07f,species,Animalia,t0096622,"",Uranotaenia annandalei,Uranotaenia annandalei,相同Kingdom學名重複,https://vvtaxatree.tbn.org.tw/taxa/aaad8fdc-1a2b-4007-af22-7a6178d2e07f
cb3b2d4e-35bc-4b4d-9845-61c4015e509b,species,Animalia,t0096623,"",Uranotaenia hebes,Uranotaenia hebes,相同Kingdom學名重複,https://vvtaxatree.tbn.org.tw/taxa/cb3b2d4e-35bc-4b4d-9845-61c4015e509b
0e1703fb-d7de-4c3f-abc5-6690c29b88c3,species,Animalia,t0096679,"",Xenokeroplatus gozmanyi,Xenokeroplatus gozmanyi,相同Kingdom學名重複,https://vvtaxatree.tbn.org.tw/taxa/0e1703fb-d7de-4c3f-abc5-6690c29b88c3
64a1d72f-df57-40ff-a5e7-6fd8db94ea09,species,Animalia,t0096734,"",Zoraida nitobii,Zoraida nitobii,相同Kingdom學名重複,https://vvtaxatree.tbn.org.tw/taxa/64a1d72f-df57-40ff-a5e7-6fd8db94ea09
23eb5d71-27af-41ba-95e2-c738577f9014,species,Animalia,t0096765,"",Dolichopeza issikiella,Dolichopeza issikiella,相同Kingdom學名重複,https://vvtaxatree.tbn.org.tw/taxa/23eb5d71-27af-41ba-95e2-c738577f9014
28a4f60e-3df5-410d-b227-92dcbb2a879c,species,Animalia,t0096766,"",Dolichopeza taiwanicola,Dolichopeza taiwanicola,相同Kingdom學名重複,https://vvtaxatree.tbn.org.tw/taxa/28a4f60e-3df5-410d-b227-92dcbb2a879c
28b51ef1-b349-41d0-b1eb-e89aba18c0fe,species,Animalia,t0096767,"",Dolichopeza lugubrivestis,Dolichopeza lugubrivestis,相同Kingdom學名重複,https://vvtaxatree.tbn.org.tw/taxa/28b51ef1-b349-41d0-b1eb-e89aba18c0fe
9bb99ea8-3973-46ce-b33c-9d5640f2fa68,species,Animalia,t0096768,"",Dolichopeza profundemarginata,Dolichopeza profundemarginata,相同Kingdom學名重複,https://vvtaxatree.tbn.org.tw/taxa/9bb99ea8-3973-46ce-b33c-9d5640f2fa68
dc7549e9-32c8-453c-ab69-52b032477c03,species,Animalia,t0096769,"",Dolichopeza subalbitibia,Dolichopeza subalbitibia,相同Kingdom學名重複,https://vvtaxatree.tbn.org.tw/taxa/dc7549e9-32c8-453c-ab69-52b032477c03
9c4929ef-589c-4c38-82bd-5bfbc7da3f8e,species,Animalia,t0096770,"",Dolichopeza tuberculifera,Dolichopeza tuberculifera,相同Kingdom學名重複,https://vvtaxatree.tbn.org.tw/taxa/9c4929ef-589c-4c38-82bd-5bfbc7da3f8e
cf3d089f-61bd-47a1-833c-ee82f087a7bc,species,Animalia,t0096791,"",Drosophila repleta,Drosophila repleta,相同Kingdom學名重複,https://vvtaxatree.tbn.org.tw/taxa/cf3d089f-61bd-47a1-833c-ee82f087a7bc
911aeed1-2b46-4294-a224-4b9c9639eece,species,Animalia,t0096792,"",Drosophila ananassae,Drosophila ananassae,相同Kingdom學名重複,https://vvtaxatree.tbn.org.tw/taxa/911aeed1-2b46-4294-a224-4b9c9639eece
b919680e-5f24-4b04-a73d-8f62c708f4e5,species,Animalia,t0096793,"",Drosophila elegans,Drosophila elegans,相同Kingdom學名重複,https://vvtaxatree.tbn.org.tw/taxa/b919680e-5f24-4b04-a73d-8f62c708f4e5
c714a33e-2656-43a8-b621-4d3f98376ac5,species,Animalia,t0096794,"",Drosophila eugracilis,Drosophila eugracilis,相同Kingdom學名重複,https://vvtaxatree.tbn.org.tw/taxa/c714a33e-2656-43a8-b621-4d3f98376ac5
c5f0f77f-a36d-4e43-bde7-7e4746ec1645,species,Animalia,t0096795,"",Drosophila lini,Drosophila lini,相同Kingdom學名重複,https://vvtaxatree.tbn.org.tw/taxa/c5f0f77f-a36d-4e43-bde7-7e4746ec1645
227cb897-3120-4f0d-9ec6-f0026d42c4de,species,Animalia,t0096796,"",Drosophila parabipectinata,Drosophila parabipectinata,相同Kingdom學名重複,https://vvtaxatree.tbn.org.tw/taxa/227cb897-3120-4f0d-9ec6-f0026d42c4de
f52b9380-df15-409a-a661-19569764335d,species,Animalia,t0096797,"",Drosophila quadraria,Drosophila quadraria,相同Kingdom學名重複,https://vvtaxatree.tbn.org.tw/taxa/f52b9380-df15-409a-a661-19569764335d
49d2628e-a222-47e2-9ca5-1c94e97c0bde,species,Animalia,t0096798,"",Drosophila trilutea,Drosophila trilutea,相同Kingdom學名重複,https://vvtaxatree.tbn.org.tw/taxa/49d2628e-a222-47e2-9ca5-1c94e97c0bde
ab7fc4dc-2e05-43f9-ab7b-ed5b95236389,species,Animalia,t0096805,"",Dysdercus fuscomaculatus,Dysdercus fuscomaculatus,相同Kingdom學名重複,https://vvtaxatree.tbn.org.tw/taxa/ab7fc4dc-2e05-43f9-ab7b-ed5b95236389
9224999f-9814-4057-8242-3e8b957ae1e4,species,Animalia,t0096819,"",Ectemnius alishanus,Ectemnius alishanus,相同Kingdom學名重複,https://vvtaxatree.tbn.org.tw/taxa/9224999f-9814-4057-8242-3e8b957ae1e4
2a3430d4-80c8-4d76-9345-f00812a47317,species,Animalia,t0096834,"",Elachiptera umbrosa,Elachiptera umbrosa,相同Kingdom學名重複,https://vvtaxatree.tbn.org.tw/taxa/2a3430d4-80c8-4d76-9345-f00812a47317
61d71cad-ac4c-4021-a446-7dd0b127cdf1,species,Animalia,t0096899,"",Epiphragma divisum,Epiphragma divisum,相同Kingdom學名重複,https://vvtaxatree.tbn.org.tw/taxa/61d71cad-ac4c-4021-a446-7dd0b127cdf1
dfb7ad56-f81b-4bbc-a533-9785bd335427,species,Animalia,t0096900,"",Epiphragma nymphicum,Epiphragma nymphicum,相同Kingdom學名重複,https://vvtaxatree.tbn.org.tw/taxa/dfb7ad56-f81b-4bbc-a533-9785bd335427
515b02b8-efcf-408d-8693-6e7f7f44ff0a,species,Animalia,t0096917,"",Epuraea concolor,Epuraea concolor,相同Kingdom學名重複,https://vvtaxatree.tbn.org.tw/taxa/515b02b8-efcf-408d-8693-6e7f7f44ff0a
0edb9f90-9bd2-4b30-ab61-36b3a1e51a6a,species,Animalia,t0096927,"",Erioptera ensifera,Erioptera ensifera,相同Kingdom學名重複,https://vvtaxatree.tbn.org.tw/taxa/0edb9f90-9bd2-4b30-ab61-36b3a1e51a6a
03d970ca-4a14-465e-a5a1-8da6a833438f,species,Animalia,t0096928,"",Erioptera luliana,Erioptera luliana,相同Kingdom學名重複,https://vvtaxatree.tbn.org.tw/taxa/03d970ca-4a14-465e-a5a1-8da6a833438f
19e09d20-e6d8-4d65-814f-9c22940c0fc3,species,Animalia,t0096929,"",Erioptera tenuisentis,Erioptera tenuisentis,相同Kingdom學名重複,https://vvtaxatree.tbn.org.tw/taxa/19e09d20-e6d8-4d65-814f-9c22940c0fc3
90f36d6b-bb1a-413b-aa5c-e4505c6d6181,species,Animalia,t0096930,"",Erioptera subsessillis,Erioptera subsessillis,相同Kingdom學名重複,https://vvtaxatree.tbn.org.tw/taxa/90f36d6b-bb1a-413b-aa5c-e4505c6d6181
51a87883-410d-409e-bcb9-7ac92c27bbfc,species,Animalia,t0097044,"",Farrania orbus,Farrania orbus,相同Kingdom學名重複,https://vvtaxatree.tbn.org.tw/taxa/51a87883-410d-409e-bcb9-7ac92c27bbfc
cffe2a57-c58a-4f43-9331-f83209a2d0d0,species,Animalia,t0097052,"",Flabellum lamellulosum,Flabellum lamellulosum,相同Kingdom學名重複,https://vvtaxatree.tbn.org.tw/taxa/cffe2a57-c58a-4f43-9331-f83209a2d0d0
182bc260-2818-4749-a44e-747c9a8a3cef,species,Animalia,t0097053,"",Flabellum japonicum,Flabellum japonicum,相同Kingdom學名重複,https://vvtaxatree.tbn.org.tw/taxa/182bc260-2818-4749-a44e-747c9a8a3cef
321b49a2-459e-4590-a612-144535ebb099,species,Animalia,t0097056,"",Forcipomyia tokunagai,Forcipomyia tokunagai,相同Kingdom學名重複,https://vvtaxatree.tbn.org.tw/taxa/321b49a2-459e-4590-a612-144535ebb099
05b067e2-685a-4ea1-90f9-fb0ff298b88d,species,Animalia,t0097092,"",Gastrophysa atrocyanea,Gastrophysa atrocyanea,相同Kingdom學名重複,https://vvtaxatree.tbn.org.tw/taxa/05b067e2-685a-4ea1-90f9-fb0ff298b88d
4aa8fad0-d783-454c-b69f-1032b92111d8,species,Animalia,t0097134,"",Gnophomyia curticellula,Gnophomyia curticellula,相同Kingdom學名重複,https://vvtaxatree.tbn.org.tw/taxa/4aa8fad0-d783-454c-b69f-1032b92111d8
fbbd97d1-f20e-4395-ac1b-1bc8d0bce209,species,Animalia,t0097135,"",Gnophomyia pruinosa,Gnophomyia pruinosa,相同Kingdom學名重複,https://vvtaxatree.tbn.org.tw/taxa/fbbd97d1-f20e-4395-ac1b-1bc8d0bce209
8bebe6c2-e2a6-4816-af53-a02ce5c47c26,species,Animalia,t0097136,"",Gnophomyia gressitti,Gnophomyia gressitti,相同Kingdom學名重複,https://vvtaxatree.tbn.org.tw/taxa/8bebe6c2-e2a6-4816-af53-a02ce5c47c26
4f49544e-3711-4051-9b01-879178c0a276,species,Animalia,t0097137,"",Gnophomyia neonebulosa,Gnophomyia neonebulosa,相同Kingdom學名重複,https://vvtaxatree.tbn.org.tw/taxa/4f49544e-3711-4051-9b01-879178c0a276
0838afd3-84b8-48b6-88f2-80b976fa7641,species,Animalia,t0097138,"",Gnophomyia praedita,Gnophomyia praedita,相同Kingdom學名重複,https://vvtaxatree.tbn.org.tw/taxa/0838afd3-84b8-48b6-88f2-80b976fa7641
5b0362d2-7756-4804-a5da-8d9c039e58d1,species,Animalia,t0097139,"",Gnophomyia sauteri,Gnophomyia sauteri,相同Kingdom學名重複,https://vvtaxatree.tbn.org.tw/taxa/5b0362d2-7756-4804-a5da-8d9c039e58d1
ae757274-9590-40df-9ebb-b52706511c5f,species,Animalia,t0097140,"",Gnophomyia sinuosa,Gnophomyia sinuosa,相同Kingdom學名重複,https://vvtaxatree.tbn.org.tw/taxa/ae757274-9590-40df-9ebb-b52706511c5f
6e8838e9-aa79-4255-a177-1aa1d7325e2d,species,Animalia,t0097141,"",Gnophomyia clitelata,Gnophomyia clitelata,相同Kingdom學名重複,https://vvtaxatree.tbn.org.tw/taxa/6e8838e9-aa79-4255-a177-1aa1d7325e2d
4681cfdb-cf4d-46f0-aa80-24621bd1f8ef,species,Animalia,t0097142,"",Gnophomyia scutellumalbum,Gnophomyia scutellumalbum,相同Kingdom學名重複,https://vvtaxatree.tbn.org.tw/taxa/4681cfdb-cf4d-46f0-aa80-24621bd1f8ef
1b057476-172e-4cad-b69c-2ea35e43a14e,species,Animalia,t0097143,"",Gnophomyia ptilostenoides,Gnophomyia ptilostenoides,相同Kingdom學名重複,https://vvtaxatree.tbn.org.tw/taxa/1b057476-172e-4cad-b69c-2ea35e43a14e
2af44ab5-058d-4922-8f5f-328af4709e6e,species,Animalia,t0097162,"",Gonioctena scutellaris,Gonioctena scutellaris,相同Kingdom學名重複,https://vvtaxatree.tbn.org.tw/taxa/2af44ab5-058d-4922-8f5f-328af4709e6e
5d4694bd-3ad0-42eb-969b-81d53257720f,species,Animalia,t0097163,"",Gonioctena nigroplagiata,Gonioctena nigroplagiata,相同Kingdom學名重複,https://vvtaxatree.tbn.org.tw/taxa/5d4694bd-3ad0-42eb-969b-81d53257720f
457a22a2-b988-43c5-9401-c3b430095aea,species,Animalia,t0097165,"",Gonioctena nigroplagiata,Gonioctena nigroplagiata,相同Kingdom學名重複,https://vvtaxatree.tbn.org.tw/taxa/457a22a2-b988-43c5-9401-c3b430095aea
3bde6e24-8b59-4d57-bed6-71f232904991,species,Animalia,t0097182,"",Greenidea viticola,Greenidea viticola,相同Kingdom學名重複,https://vvtaxatree.tbn.org.tw/taxa/3bde6e24-8b59-4d57-bed6-71f232904991
719bb01c-78e1-4687-b48c-e2f0b7833465,species,Animalia,t0097183,"",Greenidea mushana,Greenidea mushana,相同Kingdom學名重複,https://vvtaxatree.tbn.org.tw/taxa/719bb01c-78e1-4687-b48c-e2f0b7833465
61805d3f-c678-48ba-b94c-1749d684372e,species,Animalia,t0097184,"",Greenidea myricae,Greenidea myricae,相同Kingdom學名重複,https://vvtaxatree.tbn.org.tw/taxa/61805d3f-c678-48ba-b94c-1749d684372e
1d30904c-763d-4d8f-a248-8e6edabdef3e,species,Animalia,t0097212,"",Harpalus capito,Harpalus capito,相同Kingdom學名重複,https://vvtaxatree.tbn.org.tw/taxa/1d30904c-763d-4d8f-a248-8e6edabdef3e
d628033e-8b91-4e5c-b3d9-21b56ce814f1,species,Animalia,t0097213,"",Harpalus roninus,Harpalus roninus,相同Kingdom學名重複,https://vvtaxatree.tbn.org.tw/taxa/d628033e-8b91-4e5c-b3d9-21b56ce814f1
c4b29d1f-7805-409b-9eaa-857d1e912e23,species,Animalia,t0097228,"",Helius perelegans,Helius perelegans,相同Kingdom學名重複,https://vvtaxatree.tbn.org.tw/taxa/c4b29d1f-7805-409b-9eaa-857d1e912e23
c1350cf5-16e3-4403-91ba-84bda99a181c,species,Animalia,t0097229,"",Helius attenuatus,Helius attenuatus,相同Kingdom學名重複,https://vvtaxatree.tbn.org.tw/taxa/c1350cf5-16e3-4403-91ba-84bda99a181c
1cdc2cf1-d09c-492b-bbc7-76339acdbf82,species,Animalia,t0097230,"",Helius chikuriensis,Helius chikuriensis,相同Kingdom學名重複,https://vvtaxatree.tbn.org.tw/taxa/1cdc2cf1-d09c-492b-bbc7-76339acdbf82
307e816c-5ae3-46a2-b1e8-6459df9d940c,species,Animalia,t0097231,"",Helius liliputanus,Helius liliputanus,相同Kingdom學名重複,https://vvtaxatree.tbn.org.tw/taxa/307e816c-5ae3-46a2-b1e8-6459df9d940c
a0ce9da8-f681-417f-bc03-32a34f71abfa,species,Animalia,t0097232,"",Helius minusculus,Helius minusculus,相同Kingdom學名重複,https://vvtaxatree.tbn.org.tw/taxa/a0ce9da8-f681-417f-bc03-32a34f71abfa
bdb9d2b5-f576-46e5-bf3d-3ed652ae819f,species,Animalia,t0097233,"",Helius rufithorax,Helius rufithorax,相同Kingdom學名重複,https://vvtaxatree.tbn.org.tw/taxa/bdb9d2b5-f576-46e5-bf3d-3ed652ae819f
8ee1cd82-9718-4712-8ecb-5c44caf921b6,species,Animalia,t0097234,"",Helius subfasciatus,Helius subfasciatus,相同Kingdom學名重複,https://vvtaxatree.tbn.org.tw/taxa/8ee1cd82-9718-4712-8ecb-5c44caf921b6
bcbe610e-88cd-4bb6-8237-ccd41e4cebd4,species,Animalia,t0097235,"",Helius tenuistylus,Helius tenuistylus,相同Kingdom學名重複,https://vvtaxatree.tbn.org.tw/taxa/bcbe610e-88cd-4bb6-8237-ccd41e4cebd4
1139c681-a454-45ff-bd2f-35f4773cc8eb,species,Animalia,t0097287,"",Homoeocerus striicornis,Homoeocerus striicornis,相同Kingdom學名重複,https://vvtaxatree.tbn.org.tw/taxa/1139c681-a454-45ff-bd2f-35f4773cc8eb
afe42093-4969-4673-ac69-67f82303fe3a,species,Animalia,t0097288,"",Homolobus undulatus,Homolobus undulatus,相同Kingdom學名重複,https://vvtaxatree.tbn.org.tw/taxa/afe42093-4969-4673-ac69-67f82303fe3a
c08599aa-4501-4775-ad4d-c5e91fff5f95,species,Animalia,t0097324,"",Hygia pedestris,Hygia pedestris,相同Kingdom學名重複,https://vvtaxatree.tbn.org.tw/taxa/c08599aa-4501-4775-ad4d-c5e91fff5f95
fcdd3f1d-30ea-4c90-8eef-20619b009bd2,species,Animalia,t0097350,"",Hypselothyrea formosana,Hypselothyrea formosana,相同Kingdom學名重複,https://vvtaxatree.tbn.org.tw/taxa/fcdd3f1d-30ea-4c90-8eef-20619b009bd2
ef56ce89-c9a7-4947-8855-c21a7e1649ce,species,Animalia,t0097397,"",Brachypeplus latus,Brachypeplus latus,相同Kingdom學名重複,https://vvtaxatree.tbn.org.tw/taxa/ef56ce89-c9a7-4947-8855-c21a7e1649ce
75eabfbc-0170-4afb-b982-12befff9d37e,species,Animalia,t0097398,"",Brachypeplus apicalis,Brachypeplus apicalis,相同Kingdom學名重複,https://vvtaxatree.tbn.org.tw/taxa/75eabfbc-0170-4afb-b982-12befff9d37e
2f1fb575-b9d3-4f74-bfcf-58d2b221f579,species,Animalia,t0097406,"",Bryocoris gracilis,Bryocoris gracilis,相同Kingdom學名重複,https://vvtaxatree.tbn.org.tw/taxa/2f1fb575-b9d3-4f74-bfcf-58d2b221f579
9257e969-6036-4d2d-8396-20ff0e89445b,species,Animalia,t0097407,"",Bryocoris flaviceps,Bryocoris flaviceps,相同Kingdom學名重複,https://vvtaxatree.tbn.org.tw/taxa/9257e969-6036-4d2d-8396-20ff0e89445b
6809dd5b-abcd-4e03-b35d-acaa71fb762e,species,Animalia,t0097430,"",Caccobius scrofa,Caccobius scrofa,相同Kingdom學名重複,https://vvtaxatree.tbn.org.tw/taxa/6809dd5b-abcd-4e03-b35d-acaa71fb762e
d0ad9ae4-533c-4300-a230-808bc317699c,species,Animalia,t0097479,"",Campsomeris ilanensis,Campsomeris ilanensis,相同Kingdom學名重複,https://vvtaxatree.tbn.org.tw/taxa/d0ad9ae4-533c-4300-a230-808bc317699c
f2357e9a-6be0-4b17-af14-707c4de30a22,species,Animalia,t0097480,"",Campsomeris binghami,Campsomeris binghami,相同Kingdom學名重複,https://vvtaxatree.tbn.org.tw/taxa/f2357e9a-6be0-4b17-af14-707c4de30a22
f16454f1-f3c2-406a-9ddd-d4081f7da48c,species,Animalia,t0097481,"",Campsomeris formosensis,Campsomeris formosensis,相同Kingdom學名重複,https://vvtaxatree.tbn.org.tw/taxa/f16454f1-f3c2-406a-9ddd-d4081f7da48c
69489f77-8475-44b3-8e72-75311dca1dab,species,Animalia,t0097482,"",Campsomeris taiwana,Campsomeris taiwana,相同Kingdom學名重複,https://vvtaxatree.tbn.org.tw/taxa/69489f77-8475-44b3-8e72-75311dca1dab
af26da7a-cdac-4c6b-b918-1dd87327533f,species,Animalia,t0097483,"",Campsomeris uchidai,Campsomeris uchidai,相同Kingdom學名重複,https://vvtaxatree.tbn.org.tw/taxa/af26da7a-cdac-4c6b-b918-1dd87327533f
7d4d63df-d2e8-4f27-bca5-39e75f2de2b8,species,Animalia,t0097503,"",Carcelia caudata,Carcelia caudata,相同Kingdom學名重複,https://vvtaxatree.tbn.org.tw/taxa/7d4d63df-d2e8-4f27-bca5-39e75f2de2b8
3e73f2de-8d42-4907-aefc-90a76b959b61,species,Animalia,t0097504,"",Carcelia frontalis,Carcelia frontalis,相同Kingdom學名重複,https://vvtaxatree.tbn.org.tw/taxa/3e73f2de-8d42-4907-aefc-90a76b959b61
6bc76bd1-0983-4775-9f34-d0470e224af0,species,Animalia,t0097505,"",Carcelia rasoides,Carcelia rasoides,相同Kingdom學名重複,https://vvtaxatree.tbn.org.tw/taxa/6bc76bd1-0983-4775-9f34-d0470e224af0
c490e4a9-8290-4a76-afce-adf581047275,species,Animalia,t0097506,"",Carcelia rutilloides,Carcelia rutilloides,相同Kingdom學名重複,https://vvtaxatree.tbn.org.tw/taxa/c490e4a9-8290-4a76-afce-adf581047275
5d2d5b91-2a46-4b72-9afe-1f9c081a245f,species,Animalia,t0097507,"",Carcelia setosella,Carcelia setosella,相同Kingdom學名重複,https://vvtaxatree.tbn.org.tw/taxa/5d2d5b91-2a46-4b72-9afe-1f9c081a245f
eea1862d-07d2-4cee-89e4-f90ea5e7c580,species,Animalia,t0097508,"",Carcelia sexta,Carcelia sexta,相同Kingdom學名重複,https://vvtaxatree.tbn.org.tw/taxa/eea1862d-07d2-4cee-89e4-f90ea5e7c580
30f0b74d-96d0-46df-9fcf-81f4af08b4af,species,Animalia,t0097509,"",Carcelia aberrans,Carcelia aberrans,相同Kingdom學名重複,https://vvtaxatree.tbn.org.tw/taxa/30f0b74d-96d0-46df-9fcf-81f4af08b4af
57388604-75ad-4ddc-a549-975c48d6db9a,species,Animalia,t0097510,"",Carcelia hirsuta,Carcelia hirsuta,相同Kingdom學名重複,https://vvtaxatree.tbn.org.tw/taxa/57388604-75ad-4ddc-a549-975c48d6db9a
07b34f4b-59ee-4be8-86b7-5e24a7bb9107,species,Animalia,t0097511,"",Carcelia pilosella,Carcelia pilosella,相同Kingdom學名重複,https://vvtaxatree.tbn.org.tw/taxa/07b34f4b-59ee-4be8-86b7-5e24a7bb9107
e88e73b3-1bf7-4006-9ea0-12df87c43daf,species,Animalia,t0097512,"",Carcelia septima,Carcelia septima,相同Kingdom學名重複,https://vvtaxatree.tbn.org.tw/taxa/e88e73b3-1bf7-4006-9ea0-12df87c43daf
caa37f7e-fbe7-4872-8a55-dd9e6b9f47c2,species,Animalia,t0097523,"",Carpophilus chalybaeus,Carpophilus chalybaeus,相同Kingdom學名重複,https://vvtaxatree.tbn.org.tw/taxa/caa37f7e-fbe7-4872-8a55-dd9e6b9f47c2
3de3735f-39ff-48e0-a0a3-93a5c8965aa6,species,Animalia,t0097524,"",Carpophilus marginellus,Carpophilus marginellus,相同Kingdom學名重複,https://vvtaxatree.tbn.org.tw/taxa/3de3735f-39ff-48e0-a0a3-93a5c8965aa6
b5d5405d-8018-4778-81c1-51422f5ddbff,species,Animalia,t0097525,"",Carpophilus funereus,Carpophilus funereus,相同Kingdom學名重複,https://vvtaxatree.tbn.org.tw/taxa/b5d5405d-8018-4778-81c1-51422f5ddbff
532a0b66-58e8-4c13-9607-9988a225a508,species,Animalia,t0097526,"",Carpophilus triton,Carpophilus triton,相同Kingdom學名重複,https://vvtaxatree.tbn.org.tw/taxa/532a0b66-58e8-4c13-9607-9988a225a508
6a25bf37-fd96-406e-acb5-6a80f55eb975,species,Animalia,t0097527,"",Carpophilus shioedtei,Carpophilus shioedtei,相同Kingdom學名重複,https://vvtaxatree.tbn.org.tw/taxa/6a25bf37-fd96-406e-acb5-6a80f55eb975
3438a73f-4805-4440-86fe-32ae641f44f7,species,Animalia,t0097528,"",Carpophilus truncatus,Carpophilus truncatus,相同Kingdom學名重複,https://vvtaxatree.tbn.org.tw/taxa/3438a73f-4805-4440-86fe-32ae641f44f7
c6b7bdd1-5fd0-4300-9a47-1ff98ad37a7a,species,Animalia,t0097530,"",Caryophyllia ambrosia,Caryophyllia ambrosia,相同Kingdom學名重複,https://vvtaxatree.tbn.org.tw/taxa/c6b7bdd1-5fd0-4300-9a47-1ff98ad37a7a
fcbf026a-1636-41e6-b821-53ab94effd7c,species,Animalia,t0097531,"",Caryophyllia hawaiiensis,Caryophyllia hawaiiensis,相同Kingdom學名重複,https://vvtaxatree.tbn.org.tw/taxa/fcbf026a-1636-41e6-b821-53ab94effd7c
27911e36-a995-4206-ae62-186ad9a08c7f,species,Animalia,t0097532,"",Caryophyllia quadragenaria,Caryophyllia quadragenaria,相同Kingdom學名重複,https://vvtaxatree.tbn.org.tw/taxa/27911e36-a995-4206-ae62-186ad9a08c7f
be735e66-be83-4291-b74d-ddc4207a6f9b,species,Animalia,t0097533,"",Caryophyllia rugosa,Caryophyllia rugosa,相同Kingdom學名重複,https://vvtaxatree.tbn.org.tw/taxa/be735e66-be83-4291-b74d-ddc4207a6f9b
6e9aa511-f881-40a9-9a2c-ef3f2ce2ecb9,species,Animalia,t0097534,"",Caryophyllia scobinosa,Caryophyllia scobinosa,相同Kingdom學名重複,https://vvtaxatree.tbn.org.tw/taxa/6e9aa511-f881-40a9-9a2c-ef3f2ce2ecb9
3977825b-1930-4f41-8cd8-6b623107adad,species,Animalia,t0097576,"",Centistes choui,Centistes choui,相同Kingdom學名重複,https://vvtaxatree.tbn.org.tw/taxa/3977825b-1930-4f41-8cd8-6b623107adad
991972b2-a080-45d7-a424-dcd44cbc8271,species,Animalia,t0097616,"",Chaetocnema granulosa,Chaetocnema granulosa,相同Kingdom學名重複,https://vvtaxatree.tbn.org.tw/taxa/991972b2-a080-45d7-a424-dcd44cbc8271
62406d7c-b45c-4ea7-b11c-93fc14b86816,species,Animalia,t0097617,"",Chaetocnema nigrica,Chaetocnema nigrica,相同Kingdom學名重複,https://vvtaxatree.tbn.org.tw/taxa/62406d7c-b45c-4ea7-b11c-93fc14b86816
64c60275-1169-4121-803d-ed4fb32914eb,species,Animalia,t0097618,"",Chaetocnema wallacei,Chaetocnema wallacei,相同Kingdom學名重複,https://vvtaxatree.tbn.org.tw/taxa/64c60275-1169-4121-803d-ed4fb32914eb
3c146b24-1a87-49f9-8b92-8c9373843dc4,species,Animalia,t0097619,"",Chaetocnema malayana,Chaetocnema malayana,相同Kingdom學名重複,https://vvtaxatree.tbn.org.tw/taxa/3c146b24-1a87-49f9-8b92-8c9373843dc4
61266680-ede1-4da7-8ee5-f400b7af9021,species,Animalia,t0097749,"",Coelostoma sulcatum,Coelostoma sulcatum,相同Kingdom學名重複,https://vvtaxatree.tbn.org.tw/taxa/61266680-ede1-4da7-8ee5-f400b7af9021
bc554a05-438b-4ae0-bfe4-36d4f1e77eb8,species,Animalia,t0097753,"",Colastes pilosiventris,Colastes pilosiventris,相同Kingdom學名重複,https://vvtaxatree.tbn.org.tw/taxa/bc554a05-438b-4ae0-bfe4-36d4f1e77eb8
b8efffe8-098a-49f7-a369-9a64d6002a34,species,Animalia,t0097754,"",Colastes alboapicalis,Colastes alboapicalis,相同Kingdom學名重複,https://vvtaxatree.tbn.org.tw/taxa/b8efffe8-098a-49f7-a369-9a64d6002a34
c0ccefde-7899-43cd-820d-40db1cc9df43,species,Animalia,t0097755,"",Colastes longitergum,Colastes longitergum,相同Kingdom學名重複,https://vvtaxatree.tbn.org.tw/taxa/c0ccefde-7899-43cd-820d-40db1cc9df43
f13e1e96-5fb7-426f-9931-1c66d2d1a46a,species,Animalia,t0097773,"",Conops nubeculosus,Conops nubeculosus,相同Kingdom學名重複,https://vvtaxatree.tbn.org.tw/taxa/f13e1e96-5fb7-426f-9931-1c66d2d1a46a
c368c1b4-04ef-4118-a932-46ff343f2830,species,Animalia,t0097783,"",Copris fukiensis,Copris fukiensis,相同Kingdom學名重複,https://vvtaxatree.tbn.org.tw/taxa/c368c1b4-04ef-4118-a932-46ff343f2830
3a203f60-ceb1-4253-9511-584811aa9427,species,Animalia,t0097799,"",Corycaeus dahli,Corycaeus dahli,相同Kingdom學名重複,https://vvtaxatree.tbn.org.tw/taxa/3a203f60-ceb1-4253-9511-584811aa9427
e7aba423-45dc-44ef-bb93-78b1323f245d,species,Animalia,t0097800,"",Corycaeus japonica,Corycaeus japonica,相同Kingdom學名重複,https://vvtaxatree.tbn.org.tw/taxa/e7aba423-45dc-44ef-bb93-78b1323f245d
1d8ffe2c-3fbb-49d7-9d56-1557ce507fe0,species,Animalia,t0097843,"",Culex alis,Culex alis,相同Kingdom學名重複,https://vvtaxatree.tbn.org.tw/taxa/1d8ffe2c-3fbb-49d7-9d56-1557ce507fe0
198c18e0-b966-4d60-a594-f7b86926ff66,species,Animalia,t0097844,"",Culex annulus,Culex annulus,相同Kingdom學名重複,https://vvtaxatree.tbn.org.tw/taxa/198c18e0-b966-4d60-a594-f7b86926ff66
301a602a-920b-41e2-bea6-630f80fc02b3,species,Animalia,t0097845,"",Culex fuscocephala,Culex fuscocephala,相同Kingdom學名重複,https://vvtaxatree.tbn.org.tw/taxa/301a602a-920b-41e2-bea6-630f80fc02b3
137c8986-bac0-44a7-9cee-41d5b7ddd568,species,Animalia,t0097846,"",Culex gelidus,Culex gelidus,相同Kingdom學名重複,https://vvtaxatree.tbn.org.tw/taxa/137c8986-bac0-44a7-9cee-41d5b7ddd568
37e8e47f-2e31-430e-9c1b-b80125893112,species,Animalia,t0097847,"",Culex infula,Culex infula,相同Kingdom學名重複,https://vvtaxatree.tbn.org.tw/taxa/37e8e47f-2e31-430e-9c1b-b80125893112
f41350a2-e0e9-418a-9814-0891bd320b30,species,Animalia,t0097848,"",Culex sinensis,Culex sinensis,相同Kingdom學名重複,https://vvtaxatree.tbn.org.tw/taxa/f41350a2-e0e9-418a-9814-0891bd320b30
abd81c4c-b5a3-40ed-94b3-f0b4805a6064,species,Animalia,t0097849,"",Culex sitiens,Culex sitiens,相同Kingdom學名重複,https://vvtaxatree.tbn.org.tw/taxa/abd81c4c-b5a3-40ed-94b3-f0b4805a6064
8ceb4625-273a-474e-a0b3-e5e1b78249d3,species,Animalia,t0097850,"",Culex vagans,Culex vagans,相同Kingdom學名重複,https://vvtaxatree.tbn.org.tw/taxa/8ceb4625-273a-474e-a0b3-e5e1b78249d3
69b9864e-4041-446d-a5ee-6193b75efc7b,species,Animalia,t0097851,"",Culex vishnui,Culex vishnui,相同Kingdom學名重複,https://vvtaxatree.tbn.org.tw/taxa/69b9864e-4041-446d-a5ee-6193b75efc7b
2a5b2837-8ce1-4244-9bb1-09719e218397,species,Animalia,t0097852,"",Culex whitei,Culex whitei,相同Kingdom學名重複,https://vvtaxatree.tbn.org.tw/taxa/2a5b2837-8ce1-4244-9bb1-09719e218397
bf0037d9-4cea-4db0-9d39-4b05992d4b9c,species,Animalia,t0097853,"",Culex pallidothorax,Culex pallidothorax,相同Kingdom學名重複,https://vvtaxatree.tbn.org.tw/taxa/bf0037d9-4cea-4db0-9d39-4b05992d4b9c
dd24ccb0-a6f7-4d96-8495-2b2d6ac00638,species,Animalia,t0097859,"",Culicoides dubius,Culicoides dubius,相同Kingdom學名重複,https://vvtaxatree.tbn.org.tw/taxa/dd24ccb0-a6f7-4d96-8495-2b2d6ac00638
547fb28b-4479-4e2f-a27e-0662d6771bb9,species,Animalia,t0097860,"",Culicoides liui,Culicoides liui,相同Kingdom學名重複,https://vvtaxatree.tbn.org.tw/taxa/547fb28b-4479-4e2f-a27e-0662d6771bb9
9c92324f-1bf2-498c-b244-ab7e6d407963,species,Animalia,t0097861,"",Culicoides charadraeus,Culicoides charadraeus,相同Kingdom學名重複,https://vvtaxatree.tbn.org.tw/taxa/9c92324f-1bf2-498c-b244-ab7e6d407963
0be75f24-d71d-464e-8dcf-9728171be444,species,Animalia,t0097862,"",Culicoides clavipalpis,Culicoides clavipalpis,相同Kingdom學名重複,https://vvtaxatree.tbn.org.tw/taxa/0be75f24-d71d-464e-8dcf-9728171be444
85ea95a3-7766-4060-ab7d-c9c04bd1da55,species,Animalia,t0097863,"",Culicoides kepongensis,Culicoides kepongensis,相同Kingdom學名重複,https://vvtaxatree.tbn.org.tw/taxa/85ea95a3-7766-4060-ab7d-c9c04bd1da55
d0177069-29f9-4813-8390-a44fb9539e5e,species,Animalia,t0097864,"",Culicoides okinawensis,Culicoides okinawensis,相同Kingdom學名重複,https://vvtaxatree.tbn.org.tw/taxa/d0177069-29f9-4813-8390-a44fb9539e5e
bb6831da-1670-4a06-ae33-da0558b66283,species,Animalia,t0097865,"",Culicoides barreti,Culicoides barreti,相同Kingdom學名重複,https://vvtaxatree.tbn.org.tw/taxa/bb6831da-1670-4a06-ae33-da0558b66283
f786d946-fd91-4d4b-810e-23d219c991cd,species,Animalia,t0097866,"",Culicoides flaviscutatus,Culicoides flaviscutatus,相同Kingdom學名重複,https://vvtaxatree.tbn.org.tw/taxa/f786d946-fd91-4d4b-810e-23d219c991cd
adee7615-5af5-46ec-83e5-c2d89781bd12,species,Animalia,t0097867,"",Culicoides fordae,Culicoides fordae,相同Kingdom學名重複,https://vvtaxatree.tbn.org.tw/taxa/adee7615-5af5-46ec-83e5-c2d89781bd12
bb6b6d47-553e-4d30-9fe2-02100751a377,species,Animalia,t0097868,"",Culicoides paraflavescens,Culicoides paraflavescens,相同Kingdom學名重複,https://vvtaxatree.tbn.org.tw/taxa/bb6b6d47-553e-4d30-9fe2-02100751a377
d281b3d9-ccaf-4cd2-b0ab-ebddbd7411bb,species,Animalia,t0097869,"",Culicoides ragulithecus,Culicoides ragulithecus,相同Kingdom學名重複,https://vvtaxatree.tbn.org.tw/taxa/d281b3d9-ccaf-4cd2-b0ab-ebddbd7411bb
f58b179c-399e-4e6f-864e-3c1e82074994,species,Animalia,t0097870,"",Culicoides subpalpifer,Culicoides subpalpifer,相同Kingdom學名重複,https://vvtaxatree.tbn.org.tw/taxa/f58b179c-399e-4e6f-864e-3c1e82074994
e55003e3-0a54-419c-a3f6-1fdfaba4cb7f,species,Animalia,t0097871,"",Culicoides tenuipalpis,Culicoides tenuipalpis,相同Kingdom學名重複,https://vvtaxatree.tbn.org.tw/taxa/e55003e3-0a54-419c-a3f6-1fdfaba4cb7f
fbde9343-2890-4b4a-bd40-71bbf067c0b4,species,Animalia,t0097948,"",Dermestes nidum,Dermestes nidum,相同Kingdom學名重複,https://vvtaxatree.tbn.org.tw/taxa/fbde9343-2890-4b4a-bd40-71bbf067c0b4
af4f5705-aa70-494c-85e5-a2db36ce5d41,species,Animalia,t0097980,"",Dicranota delectata,Dicranota delectata,相同Kingdom學名重複,https://vvtaxatree.tbn.org.tw/taxa/af4f5705-aa70-494c-85e5-a2db36ce5d41
6bbcdb46-9ddd-4ad1-be6d-ab0105b08191,species,Animalia,t0097981,"",Dicranota fumicostata,Dicranota fumicostata,相同Kingdom學名重複,https://vvtaxatree.tbn.org.tw/taxa/6bbcdb46-9ddd-4ad1-be6d-ab0105b08191
fc1d4907-34b4-41ea-bc5d-fa80ea13274f,species,Animalia,t0097982,"",Dicranota plana,Dicranota plana,相同Kingdom學名重複,https://vvtaxatree.tbn.org.tw/taxa/fc1d4907-34b4-41ea-bc5d-fa80ea13274f
77a8db26-333b-450a-b813-66114495ab87,species,Animalia,t0098005,"",Neope muirheadii,Neope muirheadii,相同Kingdom學名重複,https://vvtaxatree.tbn.org.tw/taxa/77a8db26-333b-450a-b813-66114495ab87
60ce6e06-0871-49cc-88c3-d3f19ced3ebe,species,Animalia,t0098018,"",Nephrotoma atrolatera,Nephrotoma atrolatera,相同Kingdom學名重複,https://vvtaxatree.tbn.org.tw/taxa/60ce6e06-0871-49cc-88c3-d3f19ced3ebe
ac5a9d35-255e-4bcc-ae40-b9e6afc2506c,species,Animalia,t0098019,"",Nephrotoma caudifera,Nephrotoma caudifera,相同Kingdom學名重複,https://vvtaxatree.tbn.org.tw/taxa/ac5a9d35-255e-4bcc-ae40-b9e6afc2506c
42ef3589-fdd7-4599-808b-a8bbe50e2666,species,Animalia,t0098020,"",Nephrotoma definita,Nephrotoma definita,相同Kingdom學名重複,https://vvtaxatree.tbn.org.tw/taxa/42ef3589-fdd7-4599-808b-a8bbe50e2666
2ae0dbad-1a41-45e4-ab28-9c08f2cb583c,species,Animalia,t0098021,"",Nephrotoma integra,Nephrotoma integra,相同Kingdom學名重複,https://vvtaxatree.tbn.org.tw/taxa/2ae0dbad-1a41-45e4-ab28-9c08f2cb583c
27698eeb-6556-4d0f-9037-fc6d4529c421,species,Animalia,t0098022,"",Nephrotoma omeiana,Nephrotoma omeiana,相同Kingdom學名重複,https://vvtaxatree.tbn.org.tw/taxa/27698eeb-6556-4d0f-9037-fc6d4529c421
66ad98ea-7615-48d2-a061-b6abd86c00cf,species,Animalia,t0098023,"",Nephrotoma takeuchii,Nephrotoma takeuchii,相同Kingdom學名重複,https://vvtaxatree.tbn.org.tw/taxa/66ad98ea-7615-48d2-a061-b6abd86c00cf
26cd7aeb-f629-49ae-b795-feb665953fd5,species,Animalia,t0098024,"",Nephus sauteri,Nephus sauteri,相同Kingdom學名重複,https://vvtaxatree.tbn.org.tw/taxa/26cd7aeb-f629-49ae-b795-feb665953fd5
0ee57261-ef79-4d41-946d-6e0680766593,species,Animalia,t0098077,"",Notiphila dorsopunctata,Notiphila dorsopunctata,相同Kingdom學名重複,https://vvtaxatree.tbn.org.tw/taxa/0ee57261-ef79-4d41-946d-6e0680766593
1904a8e1-6b1b-45f5-a6df-f3cc6e8fcb63,species,Animalia,t0098152,"",Onthophagus taurinus,Onthophagus taurinus,相同Kingdom學名重複,https://vvtaxatree.tbn.org.tw/taxa/1904a8e1-6b1b-45f5-a6df-f3cc6e8fcb63
d84c43ba-b0fc-4d81-b31e-15b8248530d7,species,Animalia,t0098153,"",Onthophagus koshunensis,Onthophagus koshunensis,相同Kingdom學名重複,https://vvtaxatree.tbn.org.tw/taxa/d84c43ba-b0fc-4d81-b31e-15b8248530d7
dafeb227-cb5f-4916-9553-bec83ebb4945,species,Animalia,t0098154,"",Onthophagus pseudoarmatus,Onthophagus pseudoarmatus,相同Kingdom學名重複,https://vvtaxatree.tbn.org.tw/taxa/dafeb227-cb5f-4916-9553-bec83ebb4945
ef1475d1-2eae-45e9-86f5-3e4aa3c531e7,species,Animalia,t0098155,"",Onthophagus roubali,Onthophagus roubali,相同Kingdom學名重複,https://vvtaxatree.tbn.org.tw/taxa/ef1475d1-2eae-45e9-86f5-3e4aa3c531e7
49a4733c-6bd5-413c-bf29-2d774f273833,species,Animalia,t0098156,"",Onthophagus tatsienluensis,Onthophagus tatsienluensis,相同Kingdom學名重複,https://vvtaxatree.tbn.org.tw/taxa/49a4733c-6bd5-413c-bf29-2d774f273833
18107f3c-6a84-43fd-969e-a966cfd77134,species,Animalia,t0098175,"",Orimarga formosicola,Orimarga formosicola,相同Kingdom學名重複,https://vvtaxatree.tbn.org.tw/taxa/18107f3c-6a84-43fd-969e-a966cfd77134
1dd9d9b2-4932-4ec9-ae95-b90d60bfeaf9,species,Animalia,t0098176,"",Orimarga fuscivenosa,Orimarga fuscivenosa,相同Kingdom學名重複,https://vvtaxatree.tbn.org.tw/taxa/1dd9d9b2-4932-4ec9-ae95-b90d60bfeaf9
eb314a3a-0bdb-435f-8d14-e53f60e7c19e,species,Animalia,t0098177,"",Orimarga griseipennis,Orimarga griseipennis,相同Kingdom學名重複,https://vvtaxatree.tbn.org.tw/taxa/eb314a3a-0bdb-435f-8d14-e53f60e7c19e
47c9f8bc-8115-459e-9b34-3cca452a91ac,species,Animalia,t0098178,"",Orimarga gymnoneura,Orimarga gymnoneura,相同Kingdom學名重複,https://vvtaxatree.tbn.org.tw/taxa/47c9f8bc-8115-459e-9b34-3cca452a91ac
13204b7e-8e13-4836-85bc-4eaa9352b045,species,Animalia,t0098179,"",Orimarga taiwanensis,Orimarga taiwanensis,相同Kingdom學名重複,https://vvtaxatree.tbn.org.tw/taxa/13204b7e-8e13-4836-85bc-4eaa9352b045
3792a695-707c-413d-8185-74c0dee71251,species,Animalia,t0098182,"",Ormosia anthracopoda,Ormosia anthracopoda,相同Kingdom學名重複,https://vvtaxatree.tbn.org.tw/taxa/3792a695-707c-413d-8185-74c0dee71251
ea44c369-c90b-469b-8ade-8afb270f9b7a,species,Animalia,t0098183,"",Ormosia arisanensis,Ormosia arisanensis,相同Kingdom學名重複,https://vvtaxatree.tbn.org.tw/taxa/ea44c369-c90b-469b-8ade-8afb270f9b7a
5dbccc70-911d-4047-8e82-4bdf867d3d4a,species,Animalia,t0098184,"",Ormosia diplotergata,Ormosia diplotergata,相同Kingdom學名重複,https://vvtaxatree.tbn.org.tw/taxa/5dbccc70-911d-4047-8e82-4bdf867d3d4a
70a6b725-7120-47d7-a76e-9b67d1cf47e0,species,Animalia,t0098185,"",Ormosia diversipennis,Ormosia diversipennis,相同Kingdom學名重複,https://vvtaxatree.tbn.org.tw/taxa/70a6b725-7120-47d7-a76e-9b67d1cf47e0
5d06e8cc-fc52-4939-97be-acf214433da8,species,Animalia,t0098186,"",Ormosia shoreana,Ormosia shoreana,相同Kingdom學名重複,https://vvtaxatree.tbn.org.tw/taxa/5d06e8cc-fc52-4939-97be-acf214433da8
a530db11-5c5d-4431-9381-367bfe5aef84,species,Animalia,t0098192,"",Orphinus aethiops,Orphinus aethiops,相同Kingdom學名重複,https://vvtaxatree.tbn.org.tw/taxa/a530db11-5c5d-4431-9381-367bfe5aef84
0e7a1f6f-b5ee-4da4-9e2b-b4a93ad536b9,species,Animalia,t0098241,"",Pachos dentatum,Pachos dentatum,相同Kingdom學名重複,https://vvtaxatree.tbn.org.tw/taxa/0e7a1f6f-b5ee-4da4-9e2b-b4a93ad536b9
f6e45a71-19c1-4074-9050-0ae91e73fb12,species,Animalia,t0098249,"",Paederus adiectus,Paederus adiectus,相同Kingdom學名重複,https://vvtaxatree.tbn.org.tw/taxa/f6e45a71-19c1-4074-9050-0ae91e73fb12
942f2527-3955-46d1-b90a-bad0cfec369b,species,Animalia,t0098250,"",Paederus aequilobatus,Paederus aequilobatus,相同Kingdom學名重複,https://vvtaxatree.tbn.org.tw/taxa/942f2527-3955-46d1-b90a-bad0cfec369b
70707798-6bee-42e0-a2dd-1a93292e8aad,species,Animalia,t0098251,"",Paederus alesi,Paederus alesi,相同Kingdom學名重複,https://vvtaxatree.tbn.org.tw/taxa/70707798-6bee-42e0-a2dd-1a93292e8aad
5a5f3a0f-cd7d-46c9-ae35-a80daca40ee5,species,Animalia,t0098252,"",Paederus anmamontis,Paederus anmamontis,相同Kingdom學名重複,https://vvtaxatree.tbn.org.tw/taxa/5a5f3a0f-cd7d-46c9-ae35-a80daca40ee5
dab9657f-ce79-47ee-9998-5610cb0a699e,species,Animalia,t0098253,"",Paederus bivirgatus,Paederus bivirgatus,相同Kingdom學名重複,https://vvtaxatree.tbn.org.tw/taxa/dab9657f-ce79-47ee-9998-5610cb0a699e
7e491f51-8b81-4f59-85ea-8031967d7c1b,species,Animalia,t0098254,"",Paederus discurrens,Paederus discurrens,相同Kingdom學名重複,https://vvtaxatree.tbn.org.tw/taxa/7e491f51-8b81-4f59-85ea-8031967d7c1b
ab8f6ee6-78d9-4c76-a605-f600a25d6960,species,Animalia,t0098255,"",Paederus excisissimus,Paederus excisissimus,相同Kingdom學名重複,https://vvtaxatree.tbn.org.tw/taxa/ab8f6ee6-78d9-4c76-a605-f600a25d6960
4a54ab99-aa1b-4e92-877c-585fb3ece78e,species,Animalia,t0098256,"",Paederus fulvocaudatus,Paederus fulvocaudatus,相同Kingdom學名重複,https://vvtaxatree.tbn.org.tw/taxa/4a54ab99-aa1b-4e92-877c-585fb3ece78e
7c0c6bfc-ba25-4fb9-8093-24bf8ac803c0,species,Animalia,t0098257,"",Paederus furcispinosus,Paederus furcispinosus,相同Kingdom學名重複,https://vvtaxatree.tbn.org.tw/taxa/7c0c6bfc-ba25-4fb9-8093-24bf8ac803c0
140897c7-8fc6-451f-a9c6-d0f22910a6b2,species,Animalia,t0098258,"",Paederus incisus,Paederus incisus,相同Kingdom學名重複,https://vvtaxatree.tbn.org.tw/taxa/140897c7-8fc6-451f-a9c6-d0f22910a6b2
fb8421f0-dbbc-4c98-a1e9-b51e508c272b,species,Animalia,t0098259,"",Paederus incurvatus,Paederus incurvatus,相同Kingdom學名重複,https://vvtaxatree.tbn.org.tw/taxa/fb8421f0-dbbc-4c98-a1e9-b51e508c272b
34bba834-06a5-4405-8efa-143aee997f99,species,Animalia,t0098260,"",Paederus nigricrus,Paederus nigricrus,相同Kingdom學名重複,https://vvtaxatree.tbn.org.tw/taxa/34bba834-06a5-4405-8efa-143aee997f99
33bb6293-5891-4240-9b61-f26b4b042840,species,Animalia,t0098261,"",Paederus semiflavus,Paederus semiflavus,相同Kingdom學名重複,https://vvtaxatree.tbn.org.tw/taxa/33bb6293-5891-4240-9b61-f26b4b042840
5c32ca31-6eb8-43f5-a175-7bdd8fb6968f,species,Animalia,t0098262,"",Paederus trihamatus,Paederus trihamatus,相同Kingdom學名重複,https://vvtaxatree.tbn.org.tw/taxa/5c32ca31-6eb8-43f5-a175-7bdd8fb6968f
42c2f31d-0310-4cc6-9802-65aea210a861,species,Animalia,t0098263,"",Paederus virgifer,Paederus virgifer,相同Kingdom學名重複,https://vvtaxatree.tbn.org.tw/taxa/42c2f31d-0310-4cc6-9802-65aea210a861
ceda870c-252e-47fc-8e17-b5e14d7cdd29,species,Animalia,t0098275,"",Pambolus caudalis,Pambolus caudalis,相同Kingdom學名重複,https://vvtaxatree.tbn.org.tw/taxa/ceda870c-252e-47fc-8e17-b5e14d7cdd29
ca39b78a-7639-4d9a-b65b-3c1e656e2ef0,species,Animalia,t0098276,"",Pambolus ruficeps,Pambolus ruficeps,相同Kingdom學名重複,https://vvtaxatree.tbn.org.tw/taxa/ca39b78a-7639-4d9a-b65b-3c1e656e2ef0
df07f567-3ce1-4410-8505-82f98343aa3f,species,Animalia,t0098370,"",Pedicia orophila,Pedicia orophila,相同Kingdom學名重複,https://vvtaxatree.tbn.org.tw/taxa/df07f567-3ce1-4410-8505-82f98343aa3f
b8e26845-20fa-45d5-9b86-14acef62314a,species,Animalia,t0098488,"",Physopelta parviceps,Physopelta parviceps,相同Kingdom學名重複,https://vvtaxatree.tbn.org.tw/taxa/b8e26845-20fa-45d5-9b86-14acef62314a
033dc49b-eb05-4374-99c1-c45623662cf1,species,Animalia,t0098489,"",Physopelta quadriguttata,Physopelta quadriguttata,相同Kingdom學名重複,https://vvtaxatree.tbn.org.tw/taxa/033dc49b-eb05-4374-99c1-c45623662cf1
fd2929dd-d567-4fd4-ab32-5898475d3736,species,Animalia,t0098503,"",Piophila contecta,Piophila contecta,相同Kingdom學名重複,https://vvtaxatree.tbn.org.tw/taxa/fd2929dd-d567-4fd4-ab32-5898475d3736
2b4025dd-9101-454a-a4f5-7a460ee3cf31,species,Animalia,t0098504,"",Pipunculus coatalis,Pipunculus coatalis,相同Kingdom學名重複,https://vvtaxatree.tbn.org.tw/taxa/2b4025dd-9101-454a-a4f5-7a460ee3cf31
7078e213-2483-4285-a662-e9c667f45db0,species,Animalia,t0098505,"",Pipunculus bicolor,Pipunculus bicolor,相同Kingdom學名重複,https://vvtaxatree.tbn.org.tw/taxa/7078e213-2483-4285-a662-e9c667f45db0
57b40dd0-a045-4c47-ba99-a7916ca0c0c7,species,Animalia,t0098506,"",Pipunculus holosericeus,Pipunculus holosericeus,相同Kingdom學名重複,https://vvtaxatree.tbn.org.tw/taxa/57b40dd0-a045-4c47-ba99-a7916ca0c0c7
f4cfbda3-e566-4d69-96f6-6201922d8f62,species,Animalia,t0098603,"",Prometopia quadrimaculata,Prometopia quadrimaculata,相同Kingdom學名重複,https://vvtaxatree.tbn.org.tw/taxa/f4cfbda3-e566-4d69-96f6-6201922d8f62
2a69c125-db8f-43cf-b8ad-2835af4254c1,species,Animalia,t0098692,"",Pylocheles mortensenii,Pylocheles mortensenii,相同Kingdom學名重複,https://vvtaxatree.tbn.org.tw/taxa/2a69c125-db8f-43cf-b8ad-2835af4254c1
9d4b1acb-418d-4e69-9a4d-4d01481f795a,species,Animalia,t0098807,"",Scolia desidiosa,Scolia desidiosa,相同Kingdom學名重複,https://vvtaxatree.tbn.org.tw/taxa/9d4b1acb-418d-4e69-9a4d-4d01481f795a
c36e36a7-f346-43ed-b436-21c425268b75,species,Animalia,t0098808,"",Scolia formosicola,Scolia formosicola,相同Kingdom學名重複,https://vvtaxatree.tbn.org.tw/taxa/c36e36a7-f346-43ed-b436-21c425268b75
97ac0216-55c0-47ba-82bf-53062ff4bf4e,species,Animalia,t0098809,"",Scolia minowai,Scolia minowai,相同Kingdom學名重複,https://vvtaxatree.tbn.org.tw/taxa/97ac0216-55c0-47ba-82bf-53062ff4bf4e
639833cb-fe2e-431d-9397-86403c8b3125,species,Animalia,t0098810,"",Scolia taiwana,Scolia taiwana,相同Kingdom學名重複,https://vvtaxatree.tbn.org.tw/taxa/639833cb-fe2e-431d-9397-86403c8b3125
8687ce26-1d69-420e-9767-eb91b8189058,species,Animalia,t0098811,"",Scolia wusheensis,Scolia wusheensis,相同Kingdom學名重複,https://vvtaxatree.tbn.org.tw/taxa/8687ce26-1d69-420e-9767-eb91b8189058
5aafb8f5-b928-4320-8c39-9c64b3f616f2,species,Animalia,t0098832,"",Scymnus hoffmanni,Scymnus hoffmanni,相同Kingdom學名重複,https://vvtaxatree.tbn.org.tw/taxa/5aafb8f5-b928-4320-8c39-9c64b3f616f2
ff27fe8e-aa87-4651-81e0-99f01b4d6498,species,Animalia,t0098833,"",Scymnus dorcatomoides,Scymnus dorcatomoides,相同Kingdom學名重複,https://vvtaxatree.tbn.org.tw/taxa/ff27fe8e-aa87-4651-81e0-99f01b4d6498
a049f444-c2d9-4c55-92db-ef7cc8f6d9a8,species,Animalia,t0098834,"",Scymnus ovimaculatus,Scymnus ovimaculatus,相同Kingdom學名重複,https://vvtaxatree.tbn.org.tw/taxa/a049f444-c2d9-4c55-92db-ef7cc8f6d9a8
49d830c2-f4ad-43ce-9aaa-6e8f07cb14be,species,Animalia,t0098835,"",Scymnus quadrillum,Scymnus quadrillum,相同Kingdom學名重複,https://vvtaxatree.tbn.org.tw/taxa/49d830c2-f4ad-43ce-9aaa-6e8f07cb14be
b6482727-e578-40f7-a326-c6b39ebdf02c,species,Animalia,t0098836,"",Scymnus nubilus,Scymnus nubilus,相同Kingdom學名重複,https://vvtaxatree.tbn.org.tw/taxa/b6482727-e578-40f7-a326-c6b39ebdf02c
a5123aa2-25b1-418a-9ac7-a6cf435ba381,species,Animalia,t0098873,"",Simulium tuenense,Simulium tuenense,相同Kingdom學名重複,https://vvtaxatree.tbn.org.tw/taxa/a5123aa2-25b1-418a-9ac7-a6cf435ba381
9727917a-dc02-4fb9-80fd-d9f5d3c9c86f,species,Animalia,t0098874,"",Simulium taulingense,Simulium taulingense,相同Kingdom學名重複,https://vvtaxatree.tbn.org.tw/taxa/9727917a-dc02-4fb9-80fd-d9f5d3c9c86f
83576d51-e7a6-4947-86da-f660770e5609,species,Animalia,t0098875,"",Simulium yushangense,Simulium yushangense,相同Kingdom學名重複,https://vvtaxatree.tbn.org.tw/taxa/83576d51-e7a6-4947-86da-f660770e5609
d924f0ec-9371-4fb0-bc13-e8506b2663d5,species,Animalia,t0098876,"",Simulium chungi,Simulium chungi,相同Kingdom學名重複,https://vvtaxatree.tbn.org.tw/taxa/d924f0ec-9371-4fb0-bc13-e8506b2663d5
5a06460a-e535-4f71-bb74-09b073642b69,species,Animalia,t0098877,"",Simulium puliense,Simulium puliense,相同Kingdom學名重複,https://vvtaxatree.tbn.org.tw/taxa/5a06460a-e535-4f71-bb74-09b073642b69
2c4b1585-9555-4ea3-9c0e-be9c3484a0a0,species,Animalia,t0098878,"",Simulium sakishimaense,Simulium sakishimaense,相同Kingdom學名重複,https://vvtaxatree.tbn.org.tw/taxa/2c4b1585-9555-4ea3-9c0e-be9c3484a0a0
db671722-54f3-4326-a18a-529ac16ee534,species,Animalia,t0098879,"",Simulium taiwanicum,Simulium taiwanicum,相同Kingdom學名重複,https://vvtaxatree.tbn.org.tw/taxa/db671722-54f3-4326-a18a-529ac16ee534
d67ba22b-c899-4c07-a322-a2644e387cd4,species,Animalia,t0098880,"",Simulium ufengense,Simulium ufengense,相同Kingdom學名重複,https://vvtaxatree.tbn.org.tw/taxa/d67ba22b-c899-4c07-a322-a2644e387cd4
ecbe5059-265c-4ca5-98c9-d555d01c7b59,species,Animalia,t0098881,"",Simulium yonakuniense,Simulium yonakuniense,相同Kingdom學名重複,https://vvtaxatree.tbn.org.tw/taxa/ecbe5059-265c-4ca5-98c9-d555d01c7b59
5629f0b8-7616-4453-93b9-940cd9088757,species,Animalia,t0098899,"",Sipunculus nudus,Sipunculus nudus,相同Kingdom學名重複,https://vvtaxatree.tbn.org.tw/taxa/5629f0b8-7616-4453-93b9-940cd9088757
5f4b3e0c-20c2-4a64-8ab2-74525af7dd88,species,Animalia,t0098985,"",Streblocera okadai,Streblocera okadai,相同Kingdom學名重複,https://vvtaxatree.tbn.org.tw/taxa/5f4b3e0c-20c2-4a64-8ab2-74525af7dd88
a117a953-297d-4198-8d3c-168b568386b4,species,Animalia,t0098986,"",Streblocera villosa,Streblocera villosa,相同Kingdom學名重複,https://vvtaxatree.tbn.org.tw/taxa/a117a953-297d-4198-8d3c-168b568386b4
a304198a-8b02-4cb9-9c29-a77136ef4c7a,species,Animalia,t0099076,"",Tarsolepis fulgurifera,Tarsolepis fulgurifera,相同Kingdom學名重複,https://vvtaxatree.tbn.org.tw/taxa/a304198a-8b02-4cb9-9c29-a77136ef4c7a
518d3233-4eab-47e9-b4b3-641e9fcdbafa,species,Animalia,t0099111,"",Thaumastoptera issikiana,Thaumastoptera issikiana,相同Kingdom學名重複,https://vvtaxatree.tbn.org.tw/taxa/518d3233-4eab-47e9-b4b3-641e9fcdbafa
7040c46e-2df7-4927-ae06-d852069483b9,species,Animalia,t0099123,"",Themus bicoloricornis,Themus bicoloricornis,相同Kingdom學名重複,https://vvtaxatree.tbn.org.tw/taxa/7040c46e-2df7-4927-ae06-d852069483b9
1f806eaf-72d3-4404-8bed-b43de06988b4,species,Animalia,t0099124,"",Themus uniformis,Themus uniformis,相同Kingdom學名重複,https://vvtaxatree.tbn.org.tw/taxa/1f806eaf-72d3-4404-8bed-b43de06988b4
2221c023-6b1a-4023-841f-a4167763ebb2,species,Animalia,t0099125,"",Themus formosanus,Themus formosanus,相同Kingdom學名重複,https://vvtaxatree.tbn.org.tw/taxa/2221c023-6b1a-4023-841f-a4167763ebb2
d1c85d4f-32a0-4ec1-91b3-068d1a652937,species,Animalia,t0099126,"",Themus pallidipes,Themus pallidipes,相同Kingdom學名重複,https://vvtaxatree.tbn.org.tw/taxa/d1c85d4f-32a0-4ec1-91b3-068d1a652937
1df68d9a-c4dd-44c7-9eb8-89fb56e9158e,species,Animalia,t0099127,"",Themus purpuratus,Themus purpuratus,相同Kingdom學名重複,https://vvtaxatree.tbn.org.tw/taxa/1df68d9a-c4dd-44c7-9eb8-89fb56e9158e
15a19579-a645-4ecd-bcb2-0d880a6c8197,species,Animalia,t0099128,"",Themus satoi,Themus satoi,相同Kingdom學名重複,https://vvtaxatree.tbn.org.tw/taxa/15a19579-a645-4ecd-bcb2-0d880a6c8197
168e6601-7ff7-4653-aecc-1889f314e4c2,species,Animalia,t0099129,"",Themus taiwanus,Themus taiwanus,相同Kingdom學名重複,https://vvtaxatree.tbn.org.tw/taxa/168e6601-7ff7-4653-aecc-1889f314e4c2
47aa5a6b-9748-47ee-8e81-fc69e367e58c,species,Animalia,t0099161,"",Tipula alboplagiata,Tipula alboplagiata,相同Kingdom學名重複,https://vvtaxatree.tbn.org.tw/taxa/47aa5a6b-9748-47ee-8e81-fc69e367e58c
7bbb79be-dcec-454a-a2f6-b0e14cc76dbf,species,Animalia,t0099162,"",Tipula obtusiloba,Tipula obtusiloba,相同Kingdom學名重複,https://vvtaxatree.tbn.org.tw/taxa/7bbb79be-dcec-454a-a2f6-b0e14cc76dbf
13e5107f-aef3-4536-ade0-4aaf4df96dff,species,Animalia,t0099163,"",Tipula yamata,Tipula yamata,相同Kingdom學名重複,https://vvtaxatree.tbn.org.tw/taxa/13e5107f-aef3-4536-ade0-4aaf4df96dff
1ccff270-81bc-42fa-86b2-56f1e44afb03,species,Animalia,t0099164,"",Tipula niitakensis,Tipula niitakensis,相同Kingdom學名重複,https://vvtaxatree.tbn.org.tw/taxa/1ccff270-81bc-42fa-86b2-56f1e44afb03
36543e26-0437-4049-aead-f2f81bae83e7,species,Animalia,t0099165,"",Tipula obnata,Tipula obnata,相同Kingdom學名重複,https://vvtaxatree.tbn.org.tw/taxa/36543e26-0437-4049-aead-f2f81bae83e7
f2d018ca-8c20-438c-b1fe-04161dec1078,species,Animalia,t0099166,"",Tipula tridentata,Tipula tridentata,相同Kingdom學名重複,https://vvtaxatree.tbn.org.tw/taxa/f2d018ca-8c20-438c-b1fe-04161dec1078
42e10993-0d3c-4d93-8ddc-c6e2d620bbdd,species,Animalia,t0099167,"",Tipula rantaicola,Tipula rantaicola,相同Kingdom學名重複,https://vvtaxatree.tbn.org.tw/taxa/42e10993-0d3c-4d93-8ddc-c6e2d620bbdd
51795810-24d9-425c-9173-5970fcdc0b00,species,Animalia,t0099168,"",Tipula sparsissima,Tipula sparsissima,相同Kingdom學名重複,https://vvtaxatree.tbn.org.tw/taxa/51795810-24d9-425c-9173-5970fcdc0b00
a01d3c56-2783-49b8-9d0f-23c0ef4ee2c3,species,Animalia,t0099169,"",Tipula strictiva,Tipula strictiva,相同Kingdom學名重複,https://vvtaxatree.tbn.org.tw/taxa/a01d3c56-2783-49b8-9d0f-23c0ef4ee2c3
c69e8574-0642-4f65-af70-b02195a1a278,species,Animalia,t0099170,"",Tipula lackschewitziana,Tipula lackschewitziana,相同Kingdom學名重複,https://vvtaxatree.tbn.org.tw/taxa/c69e8574-0642-4f65-af70-b02195a1a278
ba963ccc-9259-493c-9854-ccee6569aa17,species,Animalia,t0099171,"",Tipula haplotricha,Tipula haplotricha,相同Kingdom學名重複,https://vvtaxatree.tbn.org.tw/taxa/ba963ccc-9259-493c-9854-ccee6569aa17
13557a15-bc58-4615-a29d-84c3e8291b30,species,Animalia,t0099172,"",Tipula bicornigera,Tipula bicornigera,相同Kingdom學名重複,https://vvtaxatree.tbn.org.tw/taxa/13557a15-bc58-4615-a29d-84c3e8291b30
6eb3f686-4ee2-478f-a943-ab8d6839410b,species,Animalia,t0099173,"",Tipula bicorunta,Tipula bicorunta,相同Kingdom學名重複,https://vvtaxatree.tbn.org.tw/taxa/6eb3f686-4ee2-478f-a943-ab8d6839410b
8e9c2a23-dfa9-4f19-a2bb-2320da3b37c4,species,Animalia,t0099174,"",Tipula foliacea,Tipula foliacea,相同Kingdom學名重複,https://vvtaxatree.tbn.org.tw/taxa/8e9c2a23-dfa9-4f19-a2bb-2320da3b37c4
c339d14e-a89e-4058-807b-63bbec297343,species,Animalia,t0099175,"",Tipula nestor,Tipula nestor,相同Kingdom學名重複,https://vvtaxatree.tbn.org.tw/taxa/c339d14e-a89e-4058-807b-63bbec297343
3a3c30d1-a152-4c75-b035-d5c83324c7e5,species,Animalia,t0099176,"",Tipula nokonis,Tipula nokonis,相同Kingdom學名重複,https://vvtaxatree.tbn.org.tw/taxa/3a3c30d1-a152-4c75-b035-d5c83324c7e5
d90b9ac1-5d00-4d45-a2d1-03c170fc7943,species,Animalia,t0099177,"",Tipula paravapiculata,Tipula paravapiculata,相同Kingdom學名重複,https://vvtaxatree.tbn.org.tw/taxa/d90b9ac1-5d00-4d45-a2d1-03c170fc7943
5394e923-c108-4e6b-befe-169932e6ba00,species,Animalia,t0099178,"",Tipula subapterogyne,Tipula subapterogyne,相同Kingdom學名重複,https://vvtaxatree.tbn.org.tw/taxa/5394e923-c108-4e6b-befe-169932e6ba00
b1a77e2f-e5b5-47cd-b017-a5f4bba7c6d8,species,Animalia,t0099179,"",Tipula takahashiana,Tipula takahashiana,相同Kingdom學名重複,https://vvtaxatree.tbn.org.tw/taxa/b1a77e2f-e5b5-47cd-b017-a5f4bba7c6d8
1abc9b5f-39e1-487b-a259-ea9837d1b3a8,species,Animalia,t0099180,"",Tipula nova,Tipula nova,相同Kingdom學名重複,https://vvtaxatree.tbn.org.tw/taxa/1abc9b5f-39e1-487b-a259-ea9837d1b3a8
99ae2ec2-116d-41df-b2e9-e96636eba89e,species,Animalia,t0099223,"",Trentepholia atayal,Trentepholia atayal,相同Kingdom學名重複,https://vvtaxatree.tbn.org.tw/taxa/99ae2ec2-116d-41df-b2e9-e96636eba89e
ddbd4616-b2ce-424d-8ad5-7e74cd47d757,species,Animalia,t0099224,"",Trentepholia esakii,Trentepholia esakii,相同Kingdom學名重複,https://vvtaxatree.tbn.org.tw/taxa/ddbd4616-b2ce-424d-8ad5-7e74cd47d757
77cc86e7-9246-415d-b47d-f5efb98e5334,species,Animalia,t0099225,"",Trentepholia montina,Trentepholia montina,相同Kingdom學名重複,https://vvtaxatree.tbn.org.tw/taxa/77cc86e7-9246-415d-b47d-f5efb98e5334
f91bb2f0-b34b-41ed-842e-f42e39426c5a,species,Animalia,t0099226,"",Trentepholia platyleuca,Trentepholia platyleuca,相同Kingdom學名重複,https://vvtaxatree.tbn.org.tw/taxa/f91bb2f0-b34b-41ed-842e-f42e39426c5a
72d39ffd-281e-40b0-a8a0-b744519cfb8c,species,Animalia,t0099227,"",Trentepholia tarsalba,Trentepholia tarsalba,相同Kingdom學名重複,https://vvtaxatree.tbn.org.tw/taxa/72d39ffd-281e-40b0-a8a0-b744519cfb8c
eb419d5f-6617-4cd1-b191-ef5b66207974,species,Animalia,t0099228,"",Trentepholia fuscobasalis,Trentepholia fuscobasalis,相同Kingdom學名重複,https://vvtaxatree.tbn.org.tw/taxa/eb419d5f-6617-4cd1-b191-ef5b66207974
0d44bce2-8adb-40c3-aeb3-aab3ce882288,species,Animalia,t0099229,"",Trentepholia proba,Trentepholia proba,相同Kingdom學名重複,https://vvtaxatree.tbn.org.tw/taxa/0d44bce2-8adb-40c3-aeb3-aab3ce882288
cb450045-839d-4bb7-8ab0-8614419f4c89,species,Animalia,t0099230,"",Trentepholia pulchripennis,Trentepholia pulchripennis,相同Kingdom學名重複,https://vvtaxatree.tbn.org.tw/taxa/cb450045-839d-4bb7-8ab0-8614419f4c89
1a4747e7-456a-470f-a2cf-b21abc4dba6b,species,Animalia,t0099487,"",Adelges tsugae,Adelges tsugae,相同Kingdom學名重複,https://vvtaxatree.tbn.org.tw/taxa/1a4747e7-456a-470f-a2cf-b21abc4dba6b
e646ad66-43a2-4f3a-828b-ff9389f0b897,species,Animalia,t0099799,"",Adelges tsugae,Adelges tsugae,相同Kingdom學名重複,https://vvtaxatree.tbn.org.tw/taxa/e646ad66-43a2-4f3a-828b-ff9389f0b897
d5d83def-1239-451c-9c21-8d7c176cf781,species,Animalia,t0099822,"",Agathidium alesi,Agathidium alesi,相同Kingdom學名重複,https://vvtaxatree.tbn.org.tw/taxa/d5d83def-1239-451c-9c21-8d7c176cf781
b9535e0f-b6bf-4355-83b9-bedac81ecd4b,species,Animalia,t0099823,"",Agathidium alpestre,Agathidium alpestre,相同Kingdom學名重複,https://vvtaxatree.tbn.org.tw/taxa/b9535e0f-b6bf-4355-83b9-bedac81ecd4b
d95bd8d6-3dd6-43d4-8d62-b81ebb6e6470,species,Animalia,t0099824,"",Agathidium angustatum,Agathidium angustatum,相同Kingdom學名重複,https://vvtaxatree.tbn.org.tw/taxa/d95bd8d6-3dd6-43d4-8d62-b81ebb6e6470
72ee4048-d794-472e-8e94-3061cc4eaa29,species,Animalia,t0099825,"",Agathidium anmashanense,Agathidium anmashanense,相同Kingdom學名重複,https://vvtaxatree.tbn.org.tw/taxa/72ee4048-d794-472e-8e94-3061cc4eaa29
6e79805c-3d7e-4cb2-80e4-0968a69a661c,species,Animalia,t0099826,"",Agathidium asphaltinum,Agathidium asphaltinum,相同Kingdom學名重複,https://vvtaxatree.tbn.org.tw/taxa/6e79805c-3d7e-4cb2-80e4-0968a69a661c
7f017d0e-e705-4d07-95d9-d204494175e9,species,Animalia,t0099827,"",Agathidium chalconotum,Agathidium chalconotum,相同Kingdom學名重複,https://vvtaxatree.tbn.org.tw/taxa/7f017d0e-e705-4d07-95d9-d204494175e9
0bf4f905-69f2-46ca-abe1-b7d6428c5dca,species,Animalia,t0099828,"",Agathidium chiaicum,Agathidium chiaicum,相同Kingdom學名重複,https://vvtaxatree.tbn.org.tw/taxa/0bf4f905-69f2-46ca-abe1-b7d6428c5dca
42b88979-7bbd-4ef3-bb45-f8638f018062,species,Animalia,t0099829,"",Agathidium comptum,Agathidium comptum,相同Kingdom學名重複,https://vvtaxatree.tbn.org.tw/taxa/42b88979-7bbd-4ef3-bb45-f8638f018062
dfecdc3b-c661-4254-878d-ed03c16d3f4f,species,Animalia,t0099830,"",Agathidium delicatulum,Agathidium delicatulum,相同Kingdom學名重複,https://vvtaxatree.tbn.org.tw/taxa/dfecdc3b-c661-4254-878d-ed03c16d3f4f
1df999eb-7853-4126-9cde-94869b3d6651,species,Animalia,t0099831,"",Agathidium discretum,Agathidium discretum,相同Kingdom學名重複,https://vvtaxatree.tbn.org.tw/taxa/1df999eb-7853-4126-9cde-94869b3d6651
11f52d6c-7790-40a9-8a03-b6a2245a31c6,species,Animalia,t0099832,"",Agathidium distinguendum,Agathidium distinguendum,相同Kingdom學名重複,https://vvtaxatree.tbn.org.tw/taxa/11f52d6c-7790-40a9-8a03-b6a2245a31c6
c700da23-333d-46eb-a830-c1ab3785c34f,species,Animalia,t0099833,"",Agathidium egregium,Agathidium egregium,相同Kingdom學名重複,https://vvtaxatree.tbn.org.tw/taxa/c700da23-333d-46eb-a830-c1ab3785c34f
55b73537-0d92-4272-9a26-49d44dc75c33,species,Animalia,t0099834,"",Agathidium exoletum,Agathidium exoletum,相同Kingdom學名重複,https://vvtaxatree.tbn.org.tw/taxa/55b73537-0d92-4272-9a26-49d44dc75c33
53290239-c424-4874-b07c-ad32a1d37201,species,Animalia,t0099835,"",Agathidium familiare,Agathidium familiare,相同Kingdom學名重複,https://vvtaxatree.tbn.org.tw/taxa/53290239-c424-4874-b07c-ad32a1d37201
c2ee24d3-49ed-4525-9884-85ae163a8f91,species,Animalia,t0099836,"",Agathidium fenestratum,Agathidium fenestratum,相同Kingdom學名重複,https://vvtaxatree.tbn.org.tw/taxa/c2ee24d3-49ed-4525-9884-85ae163a8f91
8a1f265c-3905-4e8f-93f1-a96b2417dbee,species,Animalia,t0099837,"",Agathidium formosum,Agathidium formosum,相同Kingdom學名重複,https://vvtaxatree.tbn.org.tw/taxa/8a1f265c-3905-4e8f-93f1-a96b2417dbee
07e2c856-bc11-435c-b4f2-ef6106bb1b5d,species,Animalia,t0099838,"",Agathidium fuliginosum,Agathidium fuliginosum,相同Kingdom學名重複,https://vvtaxatree.tbn.org.tw/taxa/07e2c856-bc11-435c-b4f2-ef6106bb1b5d
3c7ffe0d-1c23-4a82-a071-499025094739,species,Animalia,t0099839,"",Agathidium furcatum,Agathidium furcatum,相同Kingdom學名重複,https://vvtaxatree.tbn.org.tw/taxa/3c7ffe0d-1c23-4a82-a071-499025094739
b55794cd-1148-46a8-9530-4bde428a65a5,species,Animalia,t0099840,"",Agathidium fuscum,Agathidium fuscum,相同Kingdom學名重複,https://vvtaxatree.tbn.org.tw/taxa/b55794cd-1148-46a8-9530-4bde428a65a5
22961beb-a430-4434-80e2-d48297b43487,species,Animalia,t0099841,"",Agathidium glabricolle,Agathidium glabricolle,相同Kingdom學名重複,https://vvtaxatree.tbn.org.tw/taxa/22961beb-a430-4434-80e2-d48297b43487
f4359489-66e6-4db8-8674-83d2e8aef179,species,Animalia,t0099842,"",Agathidium griseum,Agathidium griseum,相同Kingdom學名重複,https://vvtaxatree.tbn.org.tw/taxa/f4359489-66e6-4db8-8674-83d2e8aef179
1b288c68-9a35-4797-8427-2a91affaf518,species,Animalia,t0099843,"",Agathidium grossum,Agathidium grossum,相同Kingdom學名重複,https://vvtaxatree.tbn.org.tw/taxa/1b288c68-9a35-4797-8427-2a91affaf518
dfcbf3f6-964f-4ba7-8c44-e5e12f37615d,species,Animalia,t0099844,"",Agathidium honestum,Agathidium honestum,相同Kingdom學名重複,https://vvtaxatree.tbn.org.tw/taxa/dfcbf3f6-964f-4ba7-8c44-e5e12f37615d
7458f83f-f5b5-47f2-8ff6-f10deead711e,species,Animalia,t0099845,"",Agathidium intricatum,Agathidium intricatum,相同Kingdom學名重複,https://vvtaxatree.tbn.org.tw/taxa/7458f83f-f5b5-47f2-8ff6-f10deead711e
9aeb252e-f775-4e4c-ac5c-ebc3c7794cec,species,Animalia,t0099846,"",Agathidium inustum,Agathidium inustum,相同Kingdom學名重複,https://vvtaxatree.tbn.org.tw/taxa/9aeb252e-f775-4e4c-ac5c-ebc3c7794cec
1ed7fd8e-34a7-4a48-93c1-d122fc4357fd,species,Animalia,t0099847,"",Agathidium kaohsiungense,Agathidium kaohsiungense,相同Kingdom學名重複,https://vvtaxatree.tbn.org.tw/taxa/1ed7fd8e-34a7-4a48-93c1-d122fc4357fd
89ac1a5a-478c-4407-8709-5ff4a1d4679a,species,Animalia,t0099848,"",Agathidium lucidum,Agathidium lucidum,相同Kingdom學名重複,https://vvtaxatree.tbn.org.tw/taxa/89ac1a5a-478c-4407-8709-5ff4a1d4679a
ec784da7-d784-4a69-8393-c08f2f1a1d10,species,Animalia,t0099849,"",Agathidium lucifugum,Agathidium lucifugum,相同Kingdom學名重複,https://vvtaxatree.tbn.org.tw/taxa/ec784da7-d784-4a69-8393-c08f2f1a1d10
cda84cc3-1ef6-4bcd-97f6-067d97d36eac,species,Animalia,t0099850,"",Agathidium lunatum,Agathidium lunatum,相同Kingdom學名重複,https://vvtaxatree.tbn.org.tw/taxa/cda84cc3-1ef6-4bcd-97f6-067d97d36eac
4b44ea4d-d157-4c84-9eb2-786078805ae7,species,Animalia,t0099851,"",Agathidium meifengense,Agathidium meifengense,相同Kingdom學名重複,https://vvtaxatree.tbn.org.tw/taxa/4b44ea4d-d157-4c84-9eb2-786078805ae7
693cdab1-d2af-4fd5-b4b4-34dc8f1fd27e,species,Animalia,t0099852,"",Agathidium melanocephalum,Agathidium melanocephalum,相同Kingdom學名重複,https://vvtaxatree.tbn.org.tw/taxa/693cdab1-d2af-4fd5-b4b4-34dc8f1fd27e
1e12eed1-ea64-4b39-a08f-5b023b2ad9c2,species,Animalia,t0099853,"",Agathidium memnonium,Agathidium memnonium,相同Kingdom學名重複,https://vvtaxatree.tbn.org.tw/taxa/1e12eed1-ea64-4b39-a08f-5b023b2ad9c2
04433f2c-c121-47a2-88bb-623cb97253dd,species,Animalia,t0099854,"",Agathidium pictum,Agathidium pictum,相同Kingdom學名重複,https://vvtaxatree.tbn.org.tw/taxa/04433f2c-c121-47a2-88bb-623cb97253dd
53f785ad-4100-4847-bf18-fd0833aee94c,species,Animalia,t0099855,"",Agathidium splendidulum,Agathidium splendidulum,相同Kingdom學名重複,https://vvtaxatree.tbn.org.tw/taxa/53f785ad-4100-4847-bf18-fd0833aee94c
6271e4fe-b27b-436f-b593-6be71ab4fcca,species,Animalia,t0099856,"",Agathidium subalpinum,Agathidium subalpinum,相同Kingdom學名重複,https://vvtaxatree.tbn.org.tw/taxa/6271e4fe-b27b-436f-b593-6be71ab4fcca
212a1b77-52e9-4870-bd6f-035b1a702e81,species,Animalia,t0099857,"",Agathidium subnitidum,Agathidium subnitidum,相同Kingdom學名重複,https://vvtaxatree.tbn.org.tw/taxa/212a1b77-52e9-4870-bd6f-035b1a702e81
3990c1e5-9b94-42c1-b4ac-b6bc1c64db44,species,Animalia,t0099858,"",Agathidium subsinuatum,Agathidium subsinuatum,相同Kingdom學名重複,https://vvtaxatree.tbn.org.tw/taxa/3990c1e5-9b94-42c1-b4ac-b6bc1c64db44
c4081794-684d-4954-8d73-9986ef50f777,species,Animalia,t0099859,"",Agathidium taichungense,Agathidium taichungense,相同Kingdom學名重複,https://vvtaxatree.tbn.org.tw/taxa/c4081794-684d-4954-8d73-9986ef50f777
f111c17e-ef3b-4e62-bdb7-bf8049d988e1,species,Animalia,t0099860,"",Agathidium tardum,Agathidium tardum,相同Kingdom學名重複,https://vvtaxatree.tbn.org.tw/taxa/f111c17e-ef3b-4e62-bdb7-bf8049d988e1
d9c11c42-b89f-4d38-b781-8083e8e7eeca,species,Animalia,t0099861,"",Agathidium tenebroides,Agathidium tenebroides,相同Kingdom學名重複,https://vvtaxatree.tbn.org.tw/taxa/d9c11c42-b89f-4d38-b781-8083e8e7eeca
5fcf7457-fbec-4271-9742-3c7dd49a8cbc,species,Animalia,t0099862,"",Agathidium tessellatum,Agathidium tessellatum,相同Kingdom學名重複,https://vvtaxatree.tbn.org.tw/taxa/5fcf7457-fbec-4271-9742-3c7dd49a8cbc
5b3fcc7c-0d21-442c-a0c8-3f1be52534de,species,Animalia,t0099863,"",Agathidium umbratum,Agathidium umbratum,相同Kingdom學名重複,https://vvtaxatree.tbn.org.tw/taxa/5b3fcc7c-0d21-442c-a0c8-3f1be52534de
238819ce-c0ac-47cc-ad7a-98c43d2edfd5,species,Animalia,t0099864,"",Agathidium geniculatum,Agathidium geniculatum,相同Kingdom學名重複,https://vvtaxatree.tbn.org.tw/taxa/238819ce-c0ac-47cc-ad7a-98c43d2edfd5
65a07e35-effa-401b-9d1f-8b30a1f03cfc,species,Animalia,t0099865,"",Agathidium inquisitor,Agathidium inquisitor,相同Kingdom學名重複,https://vvtaxatree.tbn.org.tw/taxa/65a07e35-effa-401b-9d1f-8b30a1f03cfc
28ffe8ad-985a-4c25-8fa1-8e5e64468528,species,Animalia,t0099866,"",Agathidium yushanicum,Agathidium yushanicum,相同Kingdom學名重複,https://vvtaxatree.tbn.org.tw/taxa/28ffe8ad-985a-4c25-8fa1-8e5e64468528
4f7f38e1-4c7a-4eee-b514-b13f07482bec,species,Animalia,t0099867,"",Agathidium oblitum,Agathidium oblitum,相同Kingdom學名重複,https://vvtaxatree.tbn.org.tw/taxa/4f7f38e1-4c7a-4eee-b514-b13f07482bec
dc3aeea9-45bb-4725-9c9a-323efdd83642,species,Animalia,t0099868,"",Agathidium amictum,Agathidium amictum,相同Kingdom學名重複,https://vvtaxatree.tbn.org.tw/taxa/dc3aeea9-45bb-4725-9c9a-323efdd83642
b96fce34-a8cd-48f8-a756-e9b17cbeeda2,species,Animalia,t0099869,"",Agathidium fenchihuense,Agathidium fenchihuense,相同Kingdom學名重複,https://vvtaxatree.tbn.org.tw/taxa/b96fce34-a8cd-48f8-a756-e9b17cbeeda2
77d15bd9-6cf5-4100-b625-0da30c6bdb37,species,Animalia,t0099870,"",Agathidium klapperichi,Agathidium klapperichi,相同Kingdom學名重複,https://vvtaxatree.tbn.org.tw/taxa/77d15bd9-6cf5-4100-b625-0da30c6bdb37
bde8eeb4-3cad-40ee-90fa-81016ce5360f,species,Animalia,t0099871,"",Agathidium serratum,Agathidium serratum,相同Kingdom學名重複,https://vvtaxatree.tbn.org.tw/taxa/bde8eeb4-3cad-40ee-90fa-81016ce5360f
a8bd4bc7-ed55-4421-997d-b601dfbaf638,species,Animalia,t0099872,"",Agathidium taiwanense,Agathidium taiwanense,相同Kingdom學名重複,https://vvtaxatree.tbn.org.tw/taxa/a8bd4bc7-ed55-4421-997d-b601dfbaf638
bd7428b1-2e12-4071-ae9a-69ece4c8043e,species,Animalia,t0099873,"",Agathidium venustum,Agathidium venustum,相同Kingdom學名重複,https://vvtaxatree.tbn.org.tw/taxa/bd7428b1-2e12-4071-ae9a-69ece4c8043e
7d44fb04-dc2a-46a7-831c-0d9dd5c12c59,species,Animalia,t0099874,"",Agathidium kyotoense,Agathidium kyotoense,相同Kingdom學名重複,https://vvtaxatree.tbn.org.tw/taxa/7d44fb04-dc2a-46a7-831c-0d9dd5c12c59
045e9308-6cbb-485d-b9bf-9fa34cf62f53,species,Animalia,t0099875,"",Agathidium nigrocastaneum,Agathidium nigrocastaneum,相同Kingdom學名重複,https://vvtaxatree.tbn.org.tw/taxa/045e9308-6cbb-485d-b9bf-9fa34cf62f53
22ad6219-6841-428b-a34d-89786af835ed,species,Animalia,t0099876,"",Agathidium praeustum,Agathidium praeustum,相同Kingdom學名重複,https://vvtaxatree.tbn.org.tw/taxa/22ad6219-6841-428b-a34d-89786af835ed
87a3f7a4-5b6b-4486-901b-c7a2cae575e5,species,Animalia,t0099877,"",Agathidium rufomarginatum,Agathidium rufomarginatum,相同Kingdom學名重複,https://vvtaxatree.tbn.org.tw/taxa/87a3f7a4-5b6b-4486-901b-c7a2cae575e5
5a7b677c-26b2-44a6-ad46-9043493c9037,species,Animalia,t0099878,"",Agathidium tarokoense,Agathidium tarokoense,相同Kingdom學名重複,https://vvtaxatree.tbn.org.tw/taxa/5a7b677c-26b2-44a6-ad46-9043493c9037
d77c0105-f646-4410-ab2b-9da2d2dcd011,species,Animalia,t0099879,"",Agathidium vestitum,Agathidium vestitum,相同Kingdom學名重複,https://vvtaxatree.tbn.org.tw/taxa/d77c0105-f646-4410-ab2b-9da2d2dcd011
6b5f63bc-e66d-4a78-901b-01921ce8aa72,species,Animalia,t0099929,"",Amarygmus antecedens,Amarygmus antecedens,相同Kingdom學名重複,https://vvtaxatree.tbn.org.tw/taxa/6b5f63bc-e66d-4a78-901b-01921ce8aa72
ecc0159d-a91d-4645-82b1-0926a727d9cf,species,Animalia,t0099930,"",Amarygmus antecursor,Amarygmus antecursor,相同Kingdom學名重複,https://vvtaxatree.tbn.org.tw/taxa/ecc0159d-a91d-4645-82b1-0926a727d9cf
0b320002-ac76-4816-936c-db7a05159c7c,species,Animalia,t0099984,"",Ankylopteryx gracilis,Ankylopteryx gracilis,相同Kingdom學名重複,https://vvtaxatree.tbn.org.tw/taxa/0b320002-ac76-4816-936c-db7a05159c7c
80dd7764-77d0-4b70-8c96-3dca2d0885d4,species,Animalia,t0099991,"",Anopheles sinensis,Anopheles sinensis,相同Kingdom學名重複,https://vvtaxatree.tbn.org.tw/taxa/80dd7764-77d0-4b70-8c96-3dca2d0885d4
095798c9-aee9-4e1f-a345-4b9e290339f1,species,Animalia,t0099992,"",Anopheles minimus,Anopheles minimus,相同Kingdom學名重複,https://vvtaxatree.tbn.org.tw/taxa/095798c9-aee9-4e1f-a345-4b9e290339f1
723914e5-95d9-43eb-b741-2bcb8913f66d,species,Animalia,t0099993,"",Anopheles takasagoensis,Anopheles takasagoensis,相同Kingdom學名重複,https://vvtaxatree.tbn.org.tw/taxa/723914e5-95d9-43eb-b741-2bcb8913f66d
abd082e2-703d-4a77-9aa6-992965816fa2,species,Animalia,t0099994,"",Anopheles tessellatus,Anopheles tessellatus,相同Kingdom學名重複,https://vvtaxatree.tbn.org.tw/taxa/abd082e2-703d-4a77-9aa6-992965816fa2
2cc79dbf-91b8-448a-ac11-8080a77101cc,species,Animalia,t0100017,"",Anthaxia taiwanensis,Anthaxia taiwanensis,相同Kingdom學名重複,https://vvtaxatree.tbn.org.tw/taxa/2cc79dbf-91b8-448a-ac11-8080a77101cc
a0ac85c6-fd19-4440-bd04-a18a0d3662ab,species,Animalia,t0100018,"",Anthaxia akiyamai,Anthaxia akiyamai,相同Kingdom學名重複,https://vvtaxatree.tbn.org.tw/taxa/a0ac85c6-fd19-4440-bd04-a18a0d3662ab
ee5068ad-b353-4a15-bbe5-22c4a6dd1ccf,species,Animalia,t0100019,"",Anthaxia clio,Anthaxia clio,相同Kingdom學名重複,https://vvtaxatree.tbn.org.tw/taxa/ee5068ad-b353-4a15-bbe5-22c4a6dd1ccf
effbf7a1-5f30-4b85-b947-5eee4eefb935,species,Animalia,t0100020,"",Anthaxia erato,Anthaxia erato,相同Kingdom學名重複,https://vvtaxatree.tbn.org.tw/taxa/effbf7a1-5f30-4b85-b947-5eee4eefb935
790bf3cc-0085-4ae7-93cb-86b253054ab6,species,Animalia,t0100021,"",Anthaxia formosensis,Anthaxia formosensis,相同Kingdom學名重複,https://vvtaxatree.tbn.org.tw/taxa/790bf3cc-0085-4ae7-93cb-86b253054ab6
0ccf2976-3ee0-4ec4-940f-9900696ac7ea,species,Animalia,t0100022,"",Anthaxia kurosawai,Anthaxia kurosawai,相同Kingdom學名重複,https://vvtaxatree.tbn.org.tw/taxa/0ccf2976-3ee0-4ec4-940f-9900696ac7ea
fb74b82c-bd14-4635-b99c-69633a352b22,species,Animalia,t0100023,"",Anthaxia svatopluki,Anthaxia svatopluki,相同Kingdom學名重複,https://vvtaxatree.tbn.org.tw/taxa/fb74b82c-bd14-4635-b99c-69633a352b22
79a6f606-d5ba-459b-ae7d-413ab36969ba,species,Animalia,t0100024,"",Anthaxia toyamai,Anthaxia toyamai,相同Kingdom學名重複,https://vvtaxatree.tbn.org.tw/taxa/79a6f606-d5ba-459b-ae7d-413ab36969ba
51d85183-a802-4057-b446-760e0b64fc42,species,Animalia,t0100025,"",Anthaxia vicesimasexta,Anthaxia vicesimasexta,相同Kingdom學名重複,https://vvtaxatree.tbn.org.tw/taxa/51d85183-a802-4057-b446-760e0b64fc42
e5c8b866-1c85-47cc-ac68-931bb87e456b,species,Animalia,t0100027,"",Anthaxia svatopluki,Anthaxia svatopluki,相同Kingdom學名重複,https://vvtaxatree.tbn.org.tw/taxa/e5c8b866-1c85-47cc-ac68-931bb87e456b
961a220a-4c83-4aab-922b-8c87ebf00b98,species,Animalia,t0100043,"",Antocha bifida,Antocha bifida,相同Kingdom學名重複,https://vvtaxatree.tbn.org.tw/taxa/961a220a-4c83-4aab-922b-8c87ebf00b98
47f08409-1818-4346-931b-4d7846d73e4b,species,Animalia,t0100044,"",Antocha javaensis,Antocha javaensis,相同Kingdom學名重複,https://vvtaxatree.tbn.org.tw/taxa/47f08409-1818-4346-931b-4d7846d73e4b
63f4d7dc-c350-46d3-b61d-c5fd001a40df,species,Animalia,t0100045,"",Antocha styx,Antocha styx,相同Kingdom學名重複,https://vvtaxatree.tbn.org.tw/taxa/63f4d7dc-c350-46d3-b61d-c5fd001a40df
3c8f6250-5298-467d-a975-e7e4f400ecd3,species,Animalia,t0100048,"",Apamea herczigi,Apamea herczigi,相同Kingdom學名重複,https://vvtaxatree.tbn.org.tw/taxa/3c8f6250-5298-467d-a975-e7e4f400ecd3
95cea2cb-af5d-4180-b7d3-445d78f3d2b7,species,Animalia,t0100049,"",Apamea ikerfasciata,Apamea ikerfasciata,相同Kingdom學名重複,https://vvtaxatree.tbn.org.tw/taxa/95cea2cb-af5d-4180-b7d3-445d78f3d2b7
90fd6100-9ed4-47ae-937c-7f47b3c7ea2f,species,Animalia,t0100050,"",Apamea changi,Apamea changi,相同Kingdom學名重複,https://vvtaxatree.tbn.org.tw/taxa/90fd6100-9ed4-47ae-937c-7f47b3c7ea2f
80a5af83-3464-409e-85ca-5d1f98add109,species,Animalia,t0100059,"",Aphodius sublimbatus,Aphodius sublimbatus,相同Kingdom學名重複,https://vvtaxatree.tbn.org.tw/taxa/80a5af83-3464-409e-85ca-5d1f98add109
583bdfba-1805-4d32-bb5f-674c3ac0f3ef,species,Animalia,t0100060,"",Aphodius kotoensis,Aphodius kotoensis,相同Kingdom學名重複,https://vvtaxatree.tbn.org.tw/taxa/583bdfba-1805-4d32-bb5f-674c3ac0f3ef
5e6da547-5b3d-4311-8f16-a69b1bc6b696,species,Animalia,t0100061,"",Aphodius priscus,Aphodius priscus,相同Kingdom學名重複,https://vvtaxatree.tbn.org.tw/taxa/5e6da547-5b3d-4311-8f16-a69b1bc6b696
b64443ef-9125-4463-8f06-eae5501ca4b1,species,Animalia,t0100119,"",Asarkina eurytaeniata,Asarkina eurytaeniata,相同Kingdom學名重複,https://vvtaxatree.tbn.org.tw/taxa/b64443ef-9125-4463-8f06-eae5501ca4b1
a0811b3d-446b-4764-a30e-102978cd58ee,species,Animalia,t0100145,"",Atarba issikiana,Atarba issikiana,相同Kingdom學名重複,https://vvtaxatree.tbn.org.tw/taxa/a0811b3d-446b-4764-a30e-102978cd58ee
898f7e29-3243-4eb3-8b14-3898b38739a9,species,Animalia,t0100146,"",Atarba leptoxantha,Atarba leptoxantha,相同Kingdom學名重複,https://vvtaxatree.tbn.org.tw/taxa/898f7e29-3243-4eb3-8b14-3898b38739a9
ad77dfde-1137-4cd4-ba54-d4c9e74901d5,species,Animalia,t0100156,"",Atherigona machligera,Atherigona machligera,相同Kingdom學名重複,https://vvtaxatree.tbn.org.tw/taxa/ad77dfde-1137-4cd4-ba54-d4c9e74901d5
c0417361-9f25-4a27-84d9-ceb68bd725a3,species,Animalia,t0100157,"",Atherigona nigripes,Atherigona nigripes,相同Kingdom學名重複,https://vvtaxatree.tbn.org.tw/taxa/c0417361-9f25-4a27-84d9-ceb68bd725a3
0b344992-4f78-4805-847a-b8682b26bd56,species,Animalia,t0100158,"",Atherigona orientalis,Atherigona orientalis,相同Kingdom學名重複,https://vvtaxatree.tbn.org.tw/taxa/0b344992-4f78-4805-847a-b8682b26bd56
91d993ab-f470-4414-9840-33180e30f94f,species,Animalia,t0100159,"",Atherigona reversura,Atherigona reversura,相同Kingdom學名重複,https://vvtaxatree.tbn.org.tw/taxa/91d993ab-f470-4414-9840-33180e30f94f
fc246ea1-f3d6-4338-9cd1-11fa5a36c2ab,species,Animalia,t0100179,"",Aulacocheilus shinoharai,Aulacocheilus shinoharai,相同Kingdom學名重複,https://vvtaxatree.tbn.org.tw/taxa/fc246ea1-f3d6-4338-9cd1-11fa5a36c2ab
b7f8f039-a96d-4177-91a4-9530df36170a,species,Animalia,t0100192,"",Baccha amphithoe,Baccha amphithoe,相同Kingdom學名重複,https://vvtaxatree.tbn.org.tw/taxa/b7f8f039-a96d-4177-91a4-9530df36170a
667c8854-c563-4cc1-806c-02e9a08c0d8e,species,Animalia,t0100193,"",Baccha fallax,Baccha fallax,相同Kingdom學名重複,https://vvtaxatree.tbn.org.tw/taxa/667c8854-c563-4cc1-806c-02e9a08c0d8e
0bd47ed2-eb16-4ce2-aa10-da791ca30217,species,Animalia,t0100194,"",Baccha nubilipennis,Baccha nubilipennis,相同Kingdom學名重複,https://vvtaxatree.tbn.org.tw/taxa/0bd47ed2-eb16-4ce2-aa10-da791ca30217
0f9ddb53-e0bb-49bb-9298-bac9ea8bd1ed,species,Animalia,t0100195,"",Baccha sapphirina,Baccha sapphirina,相同Kingdom學名重複,https://vvtaxatree.tbn.org.tw/taxa/0f9ddb53-e0bb-49bb-9298-bac9ea8bd1ed
024f62e4-1e2b-4faa-b7ee-65b5d3723ccc,species,Animalia,t0100196,"",Baccha maculata,Baccha maculata,相同Kingdom學名重複,https://vvtaxatree.tbn.org.tw/taxa/024f62e4-1e2b-4faa-b7ee-65b5d3723ccc
1299cc9a-b313-433b-b332-9f393aedccde,species,Animalia,t0100206,"",Balanophyllia cornu,Balanophyllia cornu,相同Kingdom學名重複,https://vvtaxatree.tbn.org.tw/taxa/1299cc9a-b313-433b-b332-9f393aedccde
93a69df4-ec7d-45b9-a716-229a0aeb0493,species,Animalia,t0136268,"",Pyrrhocorax pyrrhocorax,Pyrrhocorax pyrrhocorax,相同Kingdom學名重複,https://vvtaxatree.tbn.org.tw/taxa/93a69df4-ec7d-45b9-a716-229a0aeb0493
b21fdadf-efe5-42d1-9904-6e0d1bb73529,species,Animalia,t0136331,"",Agapornis personatus,Agapornis personatus,相同Kingdom學名重複,https://vvtaxatree.tbn.org.tw/taxa/b21fdadf-efe5-42d1-9904-6e0d1bb73529
f1c6c1a2-eac6-4627-a11a-338ee1cdaeec,species,Animalia,t0136332,"",Alle alle,Alle alle,相同Kingdom學名重複,https://vvtaxatree.tbn.org.tw/taxa/f1c6c1a2-eac6-4627-a11a-338ee1cdaeec
2a3f786e-4b6e-42d2-9df3-25f9a0bd4de3,species,Animalia,t0136333,"",Amandava subflava,Amandava subflava,相同Kingdom學名重複,https://vvtaxatree.tbn.org.tw/taxa/2a3f786e-4b6e-42d2-9df3-25f9a0bd4de3
11b31675-5792-4aee-8c1e-31e77969ffd3,species,Animalia,t0136334,"",Callonetta leucophrys,Callonetta leucophrys,相同Kingdom學名重複,https://vvtaxatree.tbn.org.tw/taxa/11b31675-5792-4aee-8c1e-31e77969ffd3
0beac91e-d441-4e78-a1d0-98fd02638c4c,species,Animalia,t0136335,"",Carrhotus viduus,Carrhotus viduus,相同Kingdom學名重複,https://vvtaxatree.tbn.org.tw/taxa/0beac91e-d441-4e78-a1d0-98fd02638c4c
10989738-6f4a-4a4f-b0c6-99253f4c5976,species,Animalia,t0136336,"",Centrochelys sulcata,Centrochelys sulcata,相同Kingdom學名重複,https://vvtaxatree.tbn.org.tw/taxa/10989738-6f4a-4a4f-b0c6-99253f4c5976
6a23251c-04dc-4658-8388-33ae4d6b5cb1,species,Animalia,t0136337,"",Chloropsis cochinchinensis,Chloropsis cochinchinensis,相同Kingdom學名重複,https://vvtaxatree.tbn.org.tw/taxa/6a23251c-04dc-4658-8388-33ae4d6b5cb1
be063299-3adf-4126-bd5a-658f9b286631,species,Animalia,t0136338,"",Crithagra citrinipectus,Crithagra citrinipectus,相同Kingdom學名重複,https://vvtaxatree.tbn.org.tw/taxa/be063299-3adf-4126-bd5a-658f9b286631
4cd0e9c8-564f-4db1-914d-593a3743a271,species,Animalia,t0136339,"",Dacelo novaeguineae,Dacelo novaeguineae,相同Kingdom學名重複,https://vvtaxatree.tbn.org.tw/taxa/4cd0e9c8-564f-4db1-914d-593a3743a271
afa0bd13-a676-49d9-86ff-9c6d871a8116,species,Animalia,t0136340,"",Diopsittaca nobilis,Diopsittaca nobilis,相同Kingdom學名重複,https://vvtaxatree.tbn.org.tw/taxa/afa0bd13-a676-49d9-86ff-9c6d871a8116
e0f98ab3-286b-4277-b896-b1fae10b6854,species,Animalia,t0136341,"",Eclectus roratus,Eclectus roratus,相同Kingdom學名重複,https://vvtaxatree.tbn.org.tw/taxa/e0f98ab3-286b-4277-b896-b1fae10b6854
2c4b9c85-107d-4100-8ad2-023672dd4fba,species,Animalia,t0136342,"",Euplectes afer,Euplectes afer,相同Kingdom學名重複,https://vvtaxatree.tbn.org.tw/taxa/2c4b9c85-107d-4100-8ad2-023672dd4fba
b9d2d7da-ba49-4ab2-afd1-36e8529a49ec,species,Animalia,t0136343,"",Euplectes orix,Euplectes orix,相同Kingdom學名重複,https://vvtaxatree.tbn.org.tw/taxa/b9d2d7da-ba49-4ab2-afd1-36e8529a49ec
2d3cbfdb-0ae0-4864-a065-67f269f6d4db,species,Animalia,t0136344,"",Geokichla dohertyi,Geokichla dohertyi,相同Kingdom學名重複,https://vvtaxatree.tbn.org.tw/taxa/2d3cbfdb-0ae0-4864-a065-67f269f6d4db
e2c7fa5a-5273-4916-9706-3e56f956e7ac,species,Animalia,t0136345,"",Geopelia cuneata,Geopelia cuneata,相同Kingdom學名重複,https://vvtaxatree.tbn.org.tw/taxa/e2c7fa5a-5273-4916-9706-3e56f956e7ac
4101b206-5102-4e61-82ac-db98ffa09c60,species,Animalia,t0136346,"",Graptemys ouachitensis,Graptemys ouachitensis,相同Kingdom學名重複,https://vvtaxatree.tbn.org.tw/taxa/4101b206-5102-4e61-82ac-db98ffa09c60
50591f4a-34a2-4707-a1c2-97dc6fccd4f8,species,Animalia,t0136347,"",Lamprotornis caudatus,Lamprotornis caudatus,相同Kingdom學名重複,https://vvtaxatree.tbn.org.tw/taxa/50591f4a-34a2-4707-a1c2-97dc6fccd4f8
9842d56f-ef97-4ebe-b7f4-883accbc7a52,species,Animalia,t0136348,"",Machlolophus spilonotus,Machlolophus spilonotus,相同Kingdom學名重複,https://vvtaxatree.tbn.org.tw/taxa/9842d56f-ef97-4ebe-b7f4-883accbc7a52
9b925e7a-9c40-4bed-9676-eab118c32ea2,species,Animalia,t0136349,"",Meleagris gallopavo,Meleagris gallopavo,相同Kingdom學名重複,https://vvtaxatree.tbn.org.tw/taxa/9b925e7a-9c40-4bed-9676-eab118c32ea2
bfb1f653-a92b-4b21-a086-35f79adecb30,species,Animalia,t0136350,"",Mustela putorius,Mustela putorius,相同Kingdom學名重複,https://vvtaxatree.tbn.org.tw/taxa/bfb1f653-a92b-4b21-a086-35f79adecb30
dfed57bd-2065-4a33-a159-81a09ff9aed4,species,Animalia,t0136351,"",Myiopsitta monachus,Myiopsitta monachus,相同Kingdom學名重複,https://vvtaxatree.tbn.org.tw/taxa/dfed57bd-2065-4a33-a159-81a09ff9aed4
51f554a8-7286-424a-ae0e-7a06d04a17cf,species,Animalia,t0136352,"",Numida meleagris,Numida meleagris,相同Kingdom學名重複,https://vvtaxatree.tbn.org.tw/taxa/51f554a8-7286-424a-ae0e-7a06d04a17cf
ef06f0a2-2349-4474-b935-991989373d33,species,Animalia,t0136353,"",Parabuteo unicinctus,Parabuteo unicinctus,相同Kingdom學名重複,https://vvtaxatree.tbn.org.tw/taxa/ef06f0a2-2349-4474-b935-991989373d33
0e673340-694b-4717-ab06-1d351082aa4e,species,Animalia,t0136354,"",Paroaria gularis,Paroaria gularis,相同Kingdom學名重複,https://vvtaxatree.tbn.org.tw/taxa/0e673340-694b-4717-ab06-1d351082aa4e
61dc37fc-1453-4a9d-b007-2eec7d183c21,species,Animalia,t0136355,"",Petaurus breviceps,Petaurus breviceps,相同Kingdom學名重複,https://vvtaxatree.tbn.org.tw/taxa/61dc37fc-1453-4a9d-b007-2eec7d183c21
198a8ee1-0eea-46da-8bb7-ae6d034df9f1,species,Animalia,t0136356,"",Ploceus jacksoni,Ploceus jacksoni,相同Kingdom學名重複,https://vvtaxatree.tbn.org.tw/taxa/198a8ee1-0eea-46da-8bb7-ae6d034df9f1
44aed2d4-9f4e-4ec9-908c-5c6b8222ffdb,species,Animalia,t0136357,"",Podocnemis unifilis,Podocnemis unifilis,相同Kingdom學名重複,https://vvtaxatree.tbn.org.tw/taxa/44aed2d4-9f4e-4ec9-908c-5c6b8222ffdb
a9819923-cb84-4606-92f5-dac2d5c76f32,species,Animalia,t0136358,"",Poicephalus senegalus,Poicephalus senegalus,相同Kingdom學名重複,https://vvtaxatree.tbn.org.tw/taxa/a9819923-cb84-4606-92f5-dac2d5c76f32
61274558-206a-46c2-9d6b-cb3fc04c7243,species,Animalia,t0136359,"",Primolius auricollis,Primolius auricollis,相同Kingdom學名重複,https://vvtaxatree.tbn.org.tw/taxa/61274558-206a-46c2-9d6b-cb3fc04c7243
de7b1483-6715-4ce4-9240-b58ea546e8b5,species,Animalia,t0136360,"",Procyon lotor,Procyon lotor,相同Kingdom學名重複,https://vvtaxatree.tbn.org.tw/taxa/de7b1483-6715-4ce4-9240-b58ea546e8b5
5852ec68-324f-4cbc-9823-4c6585fac92a,species,Animalia,t0136361,"",Psittacara erythrogenys,Psittacara erythrogenys,相同Kingdom學名重複,https://vvtaxatree.tbn.org.tw/taxa/5852ec68-324f-4cbc-9823-4c6585fac92a
28e59f3c-43f0-48a5-9ac1-ee44bfc2b434,species,Animalia,t0136362,"",Psittacula eupatria,Psittacula eupatria,相同Kingdom學名重複,https://vvtaxatree.tbn.org.tw/taxa/28e59f3c-43f0-48a5-9ac1-ee44bfc2b434
ae7c4e5b-514b-431f-9981-9e1f88458f3d,species,Animalia,t0136363,"",Pyrrhura molinae,Pyrrhura molinae,相同Kingdom學名重複,https://vvtaxatree.tbn.org.tw/taxa/ae7c4e5b-514b-431f-9981-9e1f88458f3d
9ffd3919-7d67-4afb-a7b1-e0f6f5f04fa9,species,Animalia,t0136364,"",Stizoptera bichenovii,Stizoptera bichenovii,相同Kingdom學名重複,https://vvtaxatree.tbn.org.tw/taxa/9ffd3919-7d67-4afb-a7b1-e0f6f5f04fa9
0cf3d0fd-de37-46cd-8f10-86ce9e954921,species,Animalia,t0136365,"",Trichoglossus moluccanus,Trichoglossus moluccanus,相同Kingdom學名重複,https://vvtaxatree.tbn.org.tw/taxa/0cf3d0fd-de37-46cd-8f10-86ce9e954921
89ec16c3-83bd-4e10-9fb8-b5904351256a,species,Animalia,t0136366,"",Trichoglossus rubritorquis,Trichoglossus rubritorquis,相同Kingdom學名重複,https://vvtaxatree.tbn.org.tw/taxa/89ec16c3-83bd-4e10-9fb8-b5904351256a
d6684faa-15e9-4337-9e41-5fda8432787d,species,Animalia,t0136367,"",Trochalopteron formosum,Trochalopteron formosum,相同Kingdom學名重複,https://vvtaxatree.tbn.org.tw/taxa/d6684faa-15e9-4337-9e41-5fda8432787d
028220f6-3a20-43cc-bd56-4a037505947e,species,Animalia,t0136368,"",Tropidoclonion lineatum,Tropidoclonion lineatum,相同Kingdom學名重複,https://vvtaxatree.tbn.org.tw/taxa/028220f6-3a20-43cc-bd56-4a037505947e
63b88b62-2b69-4cc8-a023-1b6053cb0e7d,species,Animalia,t0136369,"",Vidua chalybeata,Vidua chalybeata,相同Kingdom學名重複,https://vvtaxatree.tbn.org.tw/taxa/63b88b62-2b69-4cc8-a023-1b6053cb0e7d
2a9a5826-224d-4c15-917f-75c746227b7d,species,Animalia,t0136370,"",Vidua obtusa,Vidua obtusa,相同Kingdom學名重複,https://vvtaxatree.tbn.org.tw/taxa/2a9a5826-224d-4c15-917f-75c746227b7d
de3ad359-1eaa-4cf6-a7dc-33979dd581d0,infraspecies,Animalia,t0136253,"",Charadrius dubius dubius curonicus,Charadrius dubius dubius curonicus,相同Kingdom學名重複,https://vvtaxatree.tbn.org.tw/taxa/de3ad359-1eaa-4cf6-a7dc-33979dd581d0
8ece7e92-3cd0-460b-96f7-aa1d539d05a7,infraspecies,Animalia,t0136260,"",Accipiter gentilis gentilis schvedowi,Accipiter gentilis gentilis schvedowi,相同Kingdom學名重複,https://vvtaxatree.tbn.org.tw/taxa/8ece7e92-3cd0-460b-96f7-aa1d539d05a7
57ec2a7c-cd34-44ad-b6d5-2bc4d5385c93,class,Animalia,t0002891,"",Chondrichthyes,Chondrichthyes,相同Kingdom學名加命名者重複,https://vvtaxatree.tbn.org.tw/taxa/57ec2a7c-cd34-44ad-b6d5-2bc4d5385c93
6f82946d-471a-45a0-89db-86eb98ed24a8,class,Animalia,t0002890,"",Cestoda,Cestoda,相同Kingdom學名加命名者重複,https://vvtaxatree.tbn.org.tw/taxa/6f82946d-471a-45a0-89db-86eb98ed24a8
8acc098c-8f02-4890-885b-256666018775,order,Animalia,t0001657,"",Scolecida,Scolecida,相同Kingdom學名加命名者重複,https://vvtaxatree.tbn.org.tw/taxa/8acc098c-8f02-4890-885b-256666018775
1f990f65-b360-43c9-ab2c-2e7ec9b1917d,genus,Animalia,t0012329,"",Cosella,Cosella,相同Kingdom學名加命名者重複,https://vvtaxatree.tbn.org.tw/taxa/1f990f65-b360-43c9-ab2c-2e7ec9b1917d
dd91addf-d615-4f32-996e-59c934fefcf4,genus,Animalia,t0012330,"",Cosella,Cosella,相同Kingdom學名加命名者重複,https://vvtaxatree.tbn.org.tw/taxa/dd91addf-d615-4f32-996e-59c934fefcf4
d0d240cb-b1d8-4fed-9eec-b34ba74525b0,genus,Animalia,"","",Genusa,Genusa,相同Kingdom學名加命名者重複,https://vvtaxatree.tbn.org.tw/taxa/d0d240cb-b1d8-4fed-9eec-b34ba74525b0
5939098f-8524-4041-8ed3-492450be463a,species,Animalia,t0032384,"",Pylocheles mortensenii,Pylocheles mortensenii,相同Kingdom學名加命名者重複,https://vvtaxatree.tbn.org.tw/taxa/5939098f-8524-4041-8ed3-492450be463a
fdc6ffb9-c3e6-408a-a7c0-680c21d0b03d,species,Animalia,t0082695,"",Pachos dentatum,Pachos dentatum,相同Kingdom學名加命名者重複,https://vvtaxatree.tbn.org.tw/taxa/fdc6ffb9-c3e6-408a-a7c0-680c21d0b03d
cd390af4-aa44-45d3-a18f-636823c1b53a,species,Animalia,t0079419,"",Corycaeus dahli,Corycaeus dahli,相同Kingdom學名加命名者重複,https://vvtaxatree.tbn.org.tw/taxa/cd390af4-aa44-45d3-a18f-636823c1b53a
7aa46e9c-a604-4247-ad97-0487e570cda8,species,Animalia,t0079424,"",Corycaeus japonica,Corycaeus japonica,相同Kingdom學名加命名者重複,https://vvtaxatree.tbn.org.tw/taxa/7aa46e9c-a604-4247-ad97-0487e570cda8
2dbc5abc-a1fb-4fc3-bb10-2e28a77038d7,species,Animalia,t0063791,"",Farrania orbus,Farrania orbus,相同Kingdom學名加命名者重複,https://vvtaxatree.tbn.org.tw/taxa/2dbc5abc-a1fb-4fc3-bb10-2e28a77038d7
fe1e6066-e2d1-4258-94e9-8b31b86b76ef,species,Animalia,t0077544,"",Caryophyllia ambrosia,Caryophyllia ambrosia,相同Kingdom學名加命名者重複,https://vvtaxatree.tbn.org.tw/taxa/fe1e6066-e2d1-4258-94e9-8b31b86b76ef
409b6235-952a-49cd-bc0d-87755308b571,species,Animalia,t0077554,"",Caryophyllia quadragenaria,Caryophyllia quadragenaria,相同Kingdom學名加命名者重複,https://vvtaxatree.tbn.org.tw/taxa/409b6235-952a-49cd-bc0d-87755308b571
cfdd4121-0c15-4a87-ac0d-27cc1056c4c6,species,Animalia,t0077555,"",Caryophyllia rugosa,Caryophyllia rugosa,相同Kingdom學名加命名者重複,https://vvtaxatree.tbn.org.tw/taxa/cfdd4121-0c15-4a87-ac0d-27cc1056c4c6
e29f9afe-6b77-4356-a930-309df720bd6d,species,Animalia,t0077556,"",Caryophyllia scobinosa,Caryophyllia scobinosa,相同Kingdom學名加命名者重複,https://vvtaxatree.tbn.org.tw/taxa/e29f9afe-6b77-4356-a930-309df720bd6d
149bd826-8f83-4bed-8c61-cbf0de072216,species,Animalia,t0048066,"",Trochocyathus rhombocolumna,Trochocyathus rhombocolumna,相同Kingdom學名加命名者重複,https://vvtaxatree.tbn.org.tw/taxa/149bd826-8f83-4bed-8c61-cbf0de072216
b7fdd220-9801-487b-a9e7-e61ad65a4a88,species,Animalia,t0076159,"",Balanophyllia cornu,Balanophyllia cornu,相同Kingdom學名加命名者重複,https://vvtaxatree.tbn.org.tw/taxa/b7fdd220-9801-487b-a9e7-e61ad65a4a88
0e93e804-ceb9-4bae-a27d-10bcf3d8e256,species,Animalia,t0063913,"",Flabellum lamellulosum,Flabellum lamellulosum,相同Kingdom學名加命名者重複,https://vvtaxatree.tbn.org.tw/taxa/0e93e804-ceb9-4bae-a27d-10bcf3d8e256
dd6a95a9-10e8-4382-a78a-81b47c604079,species,Animalia,t0063912,"",Flabellum japonicum,Flabellum japonicum,相同Kingdom學名加命名者重複,https://vvtaxatree.tbn.org.tw/taxa/dd6a95a9-10e8-4382-a78a-81b47c604079
e6418aaf-9273-4d3f-b83a-91e8aad37fb8,species,Animalia,t0032891,"",Sipunculus nudus,Sipunculus nudus,相同Kingdom學名加命名者重複,https://vvtaxatree.tbn.org.tw/taxa/e6418aaf-9273-4d3f-b83a-91e8aad37fb8
e59aa6c7-db54-452e-86c9-17c0fd5e7274,infraspecies,Animalia,t0085161,"",Accipiter gentilis gentilis schvedowi,Accipiter gentilis gentilis schvedowi,相同Kingdom學名加命名者重複,https://vvtaxatree.tbn.org.tw/taxa/e59aa6c7-db54-452e-86c9-17c0fd5e7274
7d616cdd-8a55-4742-a160-590b49b55c27,infraspecies,Animalia,t0085436,"",Charadrius dubius dubius curonicus,Charadrius dubius dubius curonicus,相同Kingdom學名加命名者重複,https://vvtaxatree.tbn.org.tw/taxa/7d616cdd-8a55-4742-a160-590b49b55c27
da83b213-5157-4b08-98a0-ba0bf11cb1c5,species,Animalia,t0065172,"",Harpalus capito,Harpalus capito,相同Kingdom學名加命名者重複,https://vvtaxatree.tbn.org.tw/taxa/da83b213-5157-4b08-98a0-ba0bf11cb1c5
08f8659f-fb7f-4e28-8444-40dd06e45d9a,species,Animalia,t0065175,"",Harpalus roninus,Harpalus roninus,相同Kingdom學名加命名者重複,https://vvtaxatree.tbn.org.tw/taxa/08f8659f-fb7f-4e28-8444-40dd06e45d9a
b8ec65dc-d417-43d9-8605-8ab1a14ce860,species,Animalia,t0077933,"",Chaetocnema malayana,Chaetocnema malayana,相同Kingdom學名加命名者重複,https://vvtaxatree.tbn.org.tw/taxa/b8ec65dc-d417-43d9-8605-8ab1a14ce860
af85aafc-ec20-4cd5-a1f6-af9cd77c3c0f,species,Animalia,t0030298,"",Chaetocnema nigrica,Chaetocnema nigrica,相同Kingdom學名加命名者重複,https://vvtaxatree.tbn.org.tw/taxa/af85aafc-ec20-4cd5-a1f6-af9cd77c3c0f
8f1afa5e-419e-4280-9df7-4114597c0797,species,Animalia,t0077932,"",Chaetocnema granulosa,Chaetocnema granulosa,相同Kingdom學名加命名者重複,https://vvtaxatree.tbn.org.tw/taxa/8f1afa5e-419e-4280-9df7-4114597c0797
c7ca295b-5efe-41e0-b97c-f41bd3b262ef,species,Animalia,t0077935,"",Chaetocnema wallacei,Chaetocnema wallacei,相同Kingdom學名加命名者重複,https://vvtaxatree.tbn.org.tw/taxa/c7ca295b-5efe-41e0-b97c-f41bd3b262ef
8fa5bcce-999b-4493-a893-41db6e914eae,species,Animalia,t0029377,"",Gonioctena scutellaris,Gonioctena scutellaris,相同Kingdom學名加命名者重複,https://vvtaxatree.tbn.org.tw/taxa/8fa5bcce-999b-4493-a893-41db6e914eae
9888250c-82fb-4e10-977f-2e3ac66c1308,species,Animalia,t0067017,"",Lema concinnipennis,Lema concinnipennis,相同Kingdom學名加命名者重複,https://vvtaxatree.tbn.org.tw/taxa/9888250c-82fb-4e10-977f-2e3ac66c1308
90393698-96b1-419a-8a32-75783e28889e,species,Animalia,t0067019,"",Lema coronata,Lema coronata,相同Kingdom學名加命名者重複,https://vvtaxatree.tbn.org.tw/taxa/90393698-96b1-419a-8a32-75783e28889e
8984d661-b785-4500-84ff-3189e01bf03c,species,Animalia,t0067025,"",Lema honorata,Lema honorata,相同Kingdom學名加命名者重複,https://vvtaxatree.tbn.org.tw/taxa/8984d661-b785-4500-84ff-3189e01bf03c
e0130a73-f2e3-440b-9264-b6cf4bade6be,species,Animalia,t0027355,"",Lema fortunei,Lema fortunei,相同Kingdom學名加命名者重複,https://vvtaxatree.tbn.org.tw/taxa/e0130a73-f2e3-440b-9264-b6cf4bade6be
db1dc50d-559d-4860-848d-e565fa8a47a7,species,Animalia,t0082773,"",Paederus fulvocaudatus,Paederus fulvocaudatus,相同Kingdom學名加命名者重複,https://vvtaxatree.tbn.org.tw/taxa/db1dc50d-559d-4860-848d-e565fa8a47a7
5d87cef3-7bf8-46e5-99ef-0debe87e74f2,species,Animalia,t0082784,"",Paederus virgifer,Paederus virgifer,相同Kingdom學名加命名者重複,https://vvtaxatree.tbn.org.tw/taxa/5d87cef3-7bf8-46e5-99ef-0debe87e74f2
de8b95bf-4818-480d-b15f-beae576e360e,species,Animalia,t0082777,"",Paederus incurvatus,Paederus incurvatus,相同Kingdom學名加命名者重複,https://vvtaxatree.tbn.org.tw/taxa/de8b95bf-4818-480d-b15f-beae576e360e
a080be0b-bff3-457a-b53f-fdbd9de107f7,species,Animalia,t0082764,"",Paederus adiectus,Paederus adiectus,相同Kingdom學名加命名者重複,https://vvtaxatree.tbn.org.tw/taxa/a080be0b-bff3-457a-b53f-fdbd9de107f7
daba8a6d-d326-4ac8-afd7-9f83fdead375,species,Animalia,t0082765,"",Paederus aequilobatus,Paederus aequilobatus,相同Kingdom學名加命名者重複,https://vvtaxatree.tbn.org.tw/taxa/daba8a6d-d326-4ac8-afd7-9f83fdead375
f8357705-a867-407f-8003-192269e0368d,species,Animalia,t0082774,"",Paederus furcispinosus,Paederus furcispinosus,相同Kingdom學名加命名者重複,https://vvtaxatree.tbn.org.tw/taxa/f8357705-a867-407f-8003-192269e0368d
4e6b6b1a-8fd9-4158-9740-329cf464d47e,species,Animalia,t0082772,"",Paederus excisissimus,Paederus excisissimus,相同Kingdom學名加命名者重複,https://vvtaxatree.tbn.org.tw/taxa/4e6b6b1a-8fd9-4158-9740-329cf464d47e
291c245b-69ab-4265-a484-10f0966191ab,species,Animalia,t0082783,"",Paederus trihamatus,Paederus trihamatus,相同Kingdom學名加命名者重複,https://vvtaxatree.tbn.org.tw/taxa/291c245b-69ab-4265-a484-10f0966191ab
bce82c5a-7efb-4582-9d57-92cf71678bb7,species,Animalia,t0082769,"",Paederus bivirgatus,Paederus bivirgatus,相同Kingdom學名加命名者重複,https://vvtaxatree.tbn.org.tw/taxa/bce82c5a-7efb-4582-9d57-92cf71678bb7
21266dd8-d581-4371-9ede-09c43fe4fd7f,species,Animalia,t0082768,"",Paederus anmamontis,Paederus anmamontis,相同Kingdom學名加命名者重複,https://vvtaxatree.tbn.org.tw/taxa/21266dd8-d581-4371-9ede-09c43fe4fd7f
357e7785-d078-4136-8de8-bff5ed65ca9e,species,Animalia,t0082780,"",Paederus semiflavus,Paederus semiflavus,相同Kingdom學名加命名者重複,https://vvtaxatree.tbn.org.tw/taxa/357e7785-d078-4136-8de8-bff5ed65ca9e
4fafb43d-183d-49e7-ad1e-2e125836f2ca,species,Animalia,t0082766,"",Paederus alesi,Paederus alesi,相同Kingdom學名加命名者重複,https://vvtaxatree.tbn.org.tw/taxa/4fafb43d-183d-49e7-ad1e-2e125836f2ca
23d70896-0077-465f-9283-b61df40478cc,species,Animalia,t0082771,"",Paederus discurrens,Paederus discurrens,相同Kingdom學名加命名者重複,https://vvtaxatree.tbn.org.tw/taxa/23d70896-0077-465f-9283-b61df40478cc
5c415ff3-79f6-40f9-b4e5-a9dedf24b00c,species,Animalia,t0082776,"",Paederus incisus,Paederus incisus,相同Kingdom學名加命名者重複,https://vvtaxatree.tbn.org.tw/taxa/5c415ff3-79f6-40f9-b4e5-a9dedf24b00c
7710663d-ccbd-4f98-bdf2-af3001f0ec55,species,Animalia,t0082778,"",Paederus nigricrus,Paederus nigricrus,相同Kingdom學名加命名者重複,https://vvtaxatree.tbn.org.tw/taxa/7710663d-ccbd-4f98-bdf2-af3001f0ec55
27d00833-ac01-46d9-90f6-b17187851163,species,Animalia,t0031115,"",Nephus sauteri,Nephus sauteri,相同Kingdom學名加命名者重複,https://vvtaxatree.tbn.org.tw/taxa/27d00833-ac01-46d9-90f6-b17187851163
ca801d75-2b6e-498d-9fa5-581d3426bfa4,species,Animalia,t0038678,"",Scymnus hoffmanni,Scymnus hoffmanni,相同Kingdom學名加命名者重複,https://vvtaxatree.tbn.org.tw/taxa/ca801d75-2b6e-498d-9fa5-581d3426bfa4
7f847c72-bea7-4f3d-b3bc-09d155543fa6,species,Animalia,t0032747,"",Scymnus dorcatomoides,Scymnus dorcatomoides,相同Kingdom學名加命名者重複,https://vvtaxatree.tbn.org.tw/taxa/7f847c72-bea7-4f3d-b3bc-09d155543fa6
a682af0b-bc61-4bfe-8222-ee451f588509,species,Animalia,t0038684,"",Scymnus ovimaculatus,Scymnus ovimaculatus,相同Kingdom學名加命名者重複,https://vvtaxatree.tbn.org.tw/taxa/a682af0b-bc61-4bfe-8222-ee451f588509
670e5f16-5f11-4671-9c8d-8eb0c99dde59,species,Animalia,t0032749,"",Scymnus nubilus,Scymnus nubilus,相同Kingdom學名加命名者重複,https://vvtaxatree.tbn.org.tw/taxa/670e5f16-5f11-4671-9c8d-8eb0c99dde59
f2a3efc5-48e2-4db4-afe1-032597881431,species,Animalia,t0071070,"",Amarygmus antecedens,Amarygmus antecedens,相同Kingdom學名加命名者重複,https://vvtaxatree.tbn.org.tw/taxa/f2a3efc5-48e2-4db4-afe1-032597881431
b0b36ef5-abaa-4f4d-a59b-ca00a761a499,species,Animalia,t0071071,"",Amarygmus antecursor,Amarygmus antecursor,相同Kingdom學名加命名者重複,https://vvtaxatree.tbn.org.tw/taxa/b0b36ef5-abaa-4f4d-a59b-ca00a761a499
169b2a55-657f-4c0a-9a6f-febb607ea536,species,Animalia,t0071952,"",Aphodius kotoensis,Aphodius kotoensis,相同Kingdom學名加命名者重複,https://vvtaxatree.tbn.org.tw/taxa/169b2a55-657f-4c0a-9a6f-febb607ea536
9d2563ae-71b1-498f-9ac8-dabc8ae931db,species,Animalia,t0082259,"",Onthophagus taurinus,Onthophagus taurinus,相同Kingdom學名加命名者重複,https://vvtaxatree.tbn.org.tw/taxa/9d2563ae-71b1-498f-9ac8-dabc8ae931db
96a4b75a-3899-42c7-9cd3-edde6a12285b,species,Animalia,t0082241,"",Onthophagus koshunensis,Onthophagus koshunensis,相同Kingdom學名加命名者重複,https://vvtaxatree.tbn.org.tw/taxa/96a4b75a-3899-42c7-9cd3-edde6a12285b
72632e5d-376e-4379-b995-be556350d016,species,Animalia,t0076724,"",Brachypeplus latus,Brachypeplus latus,相同Kingdom學名加命名者重複,https://vvtaxatree.tbn.org.tw/taxa/72632e5d-376e-4379-b995-be556350d016
aea333d0-417f-42ef-9cf2-58d0108b341b,species,Animalia,t0076723,"",Brachypeplus apicalis,Brachypeplus apicalis,相同Kingdom學名加命名者重複,https://vvtaxatree.tbn.org.tw/taxa/aea333d0-417f-42ef-9cf2-58d0108b341b
8e962bec-2281-4dfe-b9c1-6121b1af55c4,species,Animalia,t0077520,"",Carpophilus chalybaeus,Carpophilus chalybaeus,相同Kingdom學名加命名者重複,https://vvtaxatree.tbn.org.tw/taxa/8e962bec-2281-4dfe-b9c1-6121b1af55c4
d57f7fbe-ca78-4b7c-8afa-41ae901ece85,species,Animalia,t0077526,"",Carpophilus marginellus,Carpophilus marginellus,相同Kingdom學名加命名者重複,https://vvtaxatree.tbn.org.tw/taxa/d57f7fbe-ca78-4b7c-8afa-41ae901ece85
5629a2ce-3c93-4bd1-aa65-c86fb28d72ec,species,Animalia,t0077523,"",Carpophilus funereus,Carpophilus funereus,相同Kingdom學名加命名者重複,https://vvtaxatree.tbn.org.tw/taxa/5629a2ce-3c93-4bd1-aa65-c86fb28d72ec
d585b5b1-27f2-4611-b01c-138577c3ab53,species,Animalia,t0077530,"",Carpophilus triton,Carpophilus triton,相同Kingdom學名加命名者重複,https://vvtaxatree.tbn.org.tw/taxa/d585b5b1-27f2-4611-b01c-138577c3ab53
05503746-67cf-4906-ad7b-36bec6e3004d,species,Animalia,t0077529,"",Carpophilus shioedtei,Carpophilus shioedtei,相同Kingdom學名加命名者重複,https://vvtaxatree.tbn.org.tw/taxa/05503746-67cf-4906-ad7b-36bec6e3004d
ba0b4eeb-6baf-462d-ad96-98fa7912807a,species,Animalia,t0077531,"",Carpophilus truncatus,Carpophilus truncatus,相同Kingdom學名加命名者重複,https://vvtaxatree.tbn.org.tw/taxa/ba0b4eeb-6baf-462d-ad96-98fa7912807a
5249c3b1-df62-42b1-8068-9fa48cffeac3,species,Animalia,t0063002,"",Epuraea concolor,Epuraea concolor,相同Kingdom學名加命名者重複,https://vvtaxatree.tbn.org.tw/taxa/5249c3b1-df62-42b1-8068-9fa48cffeac3
1fb0f9ff-bbac-47fa-b9bf-387e602abe3e,species,Animalia,t0036773,"",Prometopia quadrimaculata,Prometopia quadrimaculata,相同Kingdom學名加命名者重複,https://vvtaxatree.tbn.org.tw/taxa/1fb0f9ff-bbac-47fa-b9bf-387e602abe3e
5f7ad92c-0daa-42be-888b-988273617972,species,Animalia,t0070479,"",Agathidium alesi,Agathidium alesi,相同Kingdom學名加命名者重複,https://vvtaxatree.tbn.org.tw/taxa/5f7ad92c-0daa-42be-888b-988273617972
cebaa762-5419-4b6d-9e68-c0b6350784af,species,Animalia,t0070489,"",Agathidium delicatulum,Agathidium delicatulum,相同Kingdom學名加命名者重複,https://vvtaxatree.tbn.org.tw/taxa/cebaa762-5419-4b6d-9e68-c0b6350784af
b2013005-2d2f-45d4-9fc2-2c9ce0555602,species,Animalia,t0070503,"",Agathidium griseum,Agathidium griseum,相同Kingdom學名加命名者重複,https://vvtaxatree.tbn.org.tw/taxa/b2013005-2d2f-45d4-9fc2-2c9ce0555602
4a57dc3f-231b-4d8c-91ff-b8de040019d1,species,Animalia,t0070504,"",Agathidium grossum,Agathidium grossum,相同Kingdom學名加命名者重複,https://vvtaxatree.tbn.org.tw/taxa/4a57dc3f-231b-4d8c-91ff-b8de040019d1
cd3cda6b-abef-41d5-bc25-4c9352b7dcb4,species,Animalia,t0070521,"",Agathidium pictum,Agathidium pictum,相同Kingdom學名加命名者重複,https://vvtaxatree.tbn.org.tw/taxa/cd3cda6b-abef-41d5-bc25-4c9352b7dcb4
a8261db0-c525-424a-a847-dc134bb4cbe8,species,Animalia,t0070528,"",Agathidium subnitidum,Agathidium subnitidum,相同Kingdom學名加命名者重複,https://vvtaxatree.tbn.org.tw/taxa/a8261db0-c525-424a-a847-dc134bb4cbe8
6095a9f1-262f-4270-a023-23f1e26f2fed,species,Animalia,t0070529,"",Agathidium subsinuatum,Agathidium subsinuatum,相同Kingdom學名加命名者重複,https://vvtaxatree.tbn.org.tw/taxa/6095a9f1-262f-4270-a023-23f1e26f2fed
697e360c-382f-4eb8-b304-312910fdb1c0,species,Animalia,t0070480,"",Agathidium alpestre,Agathidium alpestre,相同Kingdom學名加命名者重複,https://vvtaxatree.tbn.org.tw/taxa/697e360c-382f-4eb8-b304-312910fdb1c0
fc17d0ea-d62d-4c6f-b19c-07fd51903cc0,species,Animalia,t0070482,"",Agathidium angustatum,Agathidium angustatum,相同Kingdom學名加命名者重複,https://vvtaxatree.tbn.org.tw/taxa/fc17d0ea-d62d-4c6f-b19c-07fd51903cc0
4d27a40f-13c1-4fb2-9345-bee08a7696de,species,Animalia,t0070483,"",Agathidium anmashanense,Agathidium anmashanense,相同Kingdom學名加命名者重複,https://vvtaxatree.tbn.org.tw/taxa/4d27a40f-13c1-4fb2-9345-bee08a7696de
4c7375da-d684-46ba-aca5-119410b3de11,species,Animalia,t0070484,"",Agathidium asphaltinum,Agathidium asphaltinum,相同Kingdom學名加命名者重複,https://vvtaxatree.tbn.org.tw/taxa/4c7375da-d684-46ba-aca5-119410b3de11
d001193b-6111-42a5-95ac-1dcdd4b3d52f,species,Animalia,t0070485,"",Agathidium chalconotum,Agathidium chalconotum,相同Kingdom學名加命名者重複,https://vvtaxatree.tbn.org.tw/taxa/d001193b-6111-42a5-95ac-1dcdd4b3d52f
2ea651db-124f-4c25-a2be-948b884d88b9,species,Animalia,t0070486,"",Agathidium chiaicum,Agathidium chiaicum,相同Kingdom學名加命名者重複,https://vvtaxatree.tbn.org.tw/taxa/2ea651db-124f-4c25-a2be-948b884d88b9
8f4be6d2-6243-4b68-aab7-e2b14bbddeba,species,Animalia,t0070487,"",Agathidium comptum,Agathidium comptum,相同Kingdom學名加命名者重複,https://vvtaxatree.tbn.org.tw/taxa/8f4be6d2-6243-4b68-aab7-e2b14bbddeba
6dbe56ac-2d44-4ab0-b0b1-6315070249cc,species,Animalia,t0070490,"",Agathidium discretum,Agathidium discretum,相同Kingdom學名加命名者重複,https://vvtaxatree.tbn.org.tw/taxa/6dbe56ac-2d44-4ab0-b0b1-6315070249cc
54b9f71b-b65e-46c3-8251-aa971113b160,species,Animalia,t0070491,"",Agathidium distinguendum,Agathidium distinguendum,相同Kingdom學名加命名者重複,https://vvtaxatree.tbn.org.tw/taxa/54b9f71b-b65e-46c3-8251-aa971113b160
357789b7-8403-492c-bfba-c69286830630,species,Animalia,t0070492,"",Agathidium egregium,Agathidium egregium,相同Kingdom學名加命名者重複,https://vvtaxatree.tbn.org.tw/taxa/357789b7-8403-492c-bfba-c69286830630
d8d2eb10-3955-4426-92d8-19b94af65b6e,species,Animalia,t0070493,"",Agathidium exoletum,Agathidium exoletum,相同Kingdom學名加命名者重複,https://vvtaxatree.tbn.org.tw/taxa/d8d2eb10-3955-4426-92d8-19b94af65b6e
bf5a89ef-9370-473a-b629-3d70285e79cd,species,Animalia,t0070494,"",Agathidium familiare,Agathidium familiare,相同Kingdom學名加命名者重複,https://vvtaxatree.tbn.org.tw/taxa/bf5a89ef-9370-473a-b629-3d70285e79cd
37cba774-71ee-4180-b609-d15b4aa31233,species,Animalia,t0070496,"",Agathidium fenestratum,Agathidium fenestratum,相同Kingdom學名加命名者重複,https://vvtaxatree.tbn.org.tw/taxa/37cba774-71ee-4180-b609-d15b4aa31233
621366af-5465-4bb9-9692-019562bf6f1c,species,Animalia,t0070497,"",Agathidium formosum,Agathidium formosum,相同Kingdom學名加命名者重複,https://vvtaxatree.tbn.org.tw/taxa/621366af-5465-4bb9-9692-019562bf6f1c
14fc6271-d065-4457-af2a-b0155d2926e0,species,Animalia,t0070498,"",Agathidium fuliginosum,Agathidium fuliginosum,相同Kingdom學名加命名者重複,https://vvtaxatree.tbn.org.tw/taxa/14fc6271-d065-4457-af2a-b0155d2926e0
608a4d04-f075-4a3d-87db-41787231d891,species,Animalia,t0070499,"",Agathidium furcatum,Agathidium furcatum,相同Kingdom學名加命名者重複,https://vvtaxatree.tbn.org.tw/taxa/608a4d04-f075-4a3d-87db-41787231d891
52bc61be-29b0-4b4c-9b8f-a9263a9e7123,species,Animalia,t0070500,"",Agathidium fuscum,Agathidium fuscum,相同Kingdom學名加命名者重複,https://vvtaxatree.tbn.org.tw/taxa/52bc61be-29b0-4b4c-9b8f-a9263a9e7123
af062abc-7c51-4869-9d91-87252b13e98f,species,Animalia,t0070502,"",Agathidium glabricolle,Agathidium glabricolle,相同Kingdom學名加命名者重複,https://vvtaxatree.tbn.org.tw/taxa/af062abc-7c51-4869-9d91-87252b13e98f
514b8603-2cae-40c2-ad72-75f877782d99,species,Animalia,t0070505,"",Agathidium honestum,Agathidium honestum,相同Kingdom學名加命名者重複,https://vvtaxatree.tbn.org.tw/taxa/514b8603-2cae-40c2-ad72-75f877782d99
58f1572a-96f8-4794-8bee-ee91588f2cc8,species,Animalia,t0070507,"",Agathidium intricatum,Agathidium intricatum,相同Kingdom學名加命名者重複,https://vvtaxatree.tbn.org.tw/taxa/58f1572a-96f8-4794-8bee-ee91588f2cc8
72f95858-1a71-4147-98b5-9d280b01c500,species,Animalia,t0070508,"",Agathidium inustum,Agathidium inustum,相同Kingdom學名加命名者重複,https://vvtaxatree.tbn.org.tw/taxa/72f95858-1a71-4147-98b5-9d280b01c500
e38e2223-3c4f-4788-a584-ca5b280cc647,species,Animalia,t0070509,"",Agathidium kaohsiungense,Agathidium kaohsiungense,相同Kingdom學名加命名者重複,https://vvtaxatree.tbn.org.tw/taxa/e38e2223-3c4f-4788-a584-ca5b280cc647
1cf55a78-aa40-47ea-af9e-86969d27be37,species,Animalia,t0070512,"",Agathidium lucidum,Agathidium lucidum,相同Kingdom學名加命名者重複,https://vvtaxatree.tbn.org.tw/taxa/1cf55a78-aa40-47ea-af9e-86969d27be37
7e1d13a9-4de2-4fc9-adfe-e1b58a3a31b2,species,Animalia,t0070514,"",Agathidium lunatum,Agathidium lunatum,相同Kingdom學名加命名者重複,https://vvtaxatree.tbn.org.tw/taxa/7e1d13a9-4de2-4fc9-adfe-e1b58a3a31b2
8da5b369-78db-46d8-8952-a523406aaba6,species,Animalia,t0070515,"",Agathidium meifengense,Agathidium meifengense,相同Kingdom學名加命名者重複,https://vvtaxatree.tbn.org.tw/taxa/8da5b369-78db-46d8-8952-a523406aaba6
3ff0ac0f-d934-47f9-ae99-c4ac8ed49fe6,species,Animalia,t0070516,"",Agathidium melanocephalum,Agathidium melanocephalum,相同Kingdom學名加命名者重複,https://vvtaxatree.tbn.org.tw/taxa/3ff0ac0f-d934-47f9-ae99-c4ac8ed49fe6
39d5e706-d5c6-4111-90c7-66b898141322,species,Animalia,t0070517,"",Agathidium memnonium,Agathidium memnonium,相同Kingdom學名加命名者重複,https://vvtaxatree.tbn.org.tw/taxa/39d5e706-d5c6-4111-90c7-66b898141322
ec3ae016-05e4-4723-9ef3-cb0c9c0db8bf,species,Animalia,t0070526,"",Agathidium splendidulum,Agathidium splendidulum,相同Kingdom學名加命名者重複,https://vvtaxatree.tbn.org.tw/taxa/ec3ae016-05e4-4723-9ef3-cb0c9c0db8bf
5cdc20e4-6edd-4400-9a43-abe4fb4f9f0d,species,Animalia,t0070527,"",Agathidium subalpinum,Agathidium subalpinum,相同Kingdom學名加命名者重複,https://vvtaxatree.tbn.org.tw/taxa/5cdc20e4-6edd-4400-9a43-abe4fb4f9f0d
b1d3b7f2-03e7-400d-9952-3376164dd69f,species,Animalia,t0070530,"",Agathidium taichungense,Agathidium taichungense,相同Kingdom學名加命名者重複,https://vvtaxatree.tbn.org.tw/taxa/b1d3b7f2-03e7-400d-9952-3376164dd69f
562ca736-862d-4276-97db-43dc3451595c,species,Animalia,t0070532,"",Agathidium tardum,Agathidium tardum,相同Kingdom學名加命名者重複,https://vvtaxatree.tbn.org.tw/taxa/562ca736-862d-4276-97db-43dc3451595c
432a5bf0-68f3-42f0-83d2-b0baf70c8338,species,Animalia,t0070534,"",Agathidium tenebroides,Agathidium tenebroides,相同Kingdom學名加命名者重複,https://vvtaxatree.tbn.org.tw/taxa/432a5bf0-68f3-42f0-83d2-b0baf70c8338
3bd58d76-e0e8-411d-b7c9-e306b5dbd050,species,Animalia,t0070535,"",Agathidium tessellatum,Agathidium tessellatum,相同Kingdom學名加命名者重複,https://vvtaxatree.tbn.org.tw/taxa/3bd58d76-e0e8-411d-b7c9-e306b5dbd050
0863758c-c899-422a-a17b-c3ebd6a52356,species,Animalia,t0070536,"",Agathidium umbratum,Agathidium umbratum,相同Kingdom學名加命名者重複,https://vvtaxatree.tbn.org.tw/taxa/0863758c-c899-422a-a17b-c3ebd6a52356
d4a93683-a899-41dc-821d-7fa45ff8dd83,species,Animalia,t0070513,"",Agathidium lucifugum,Agathidium lucifugum,相同Kingdom學名加命名者重複,https://vvtaxatree.tbn.org.tw/taxa/d4a93683-a899-41dc-821d-7fa45ff8dd83
a34ea9d1-c6f9-49ab-9138-933e6b3e1df2,species,Animalia,t0070501,"",Agathidium geniculatum,Agathidium geniculatum,相同Kingdom學名加命名者重複,https://vvtaxatree.tbn.org.tw/taxa/a34ea9d1-c6f9-49ab-9138-933e6b3e1df2
4fb83940-c906-4d16-a464-f570099c9f5d,species,Animalia,t0070506,"",Agathidium inquisitor,Agathidium inquisitor,相同Kingdom學名加命名者重複,https://vvtaxatree.tbn.org.tw/taxa/4fb83940-c906-4d16-a464-f570099c9f5d
3529394e-6344-4c94-b5b0-9f1ab5f6433f,species,Animalia,t0070539,"",Agathidium yushanicum,Agathidium yushanicum,相同Kingdom學名加命名者重複,https://vvtaxatree.tbn.org.tw/taxa/3529394e-6344-4c94-b5b0-9f1ab5f6433f
c3dab100-d2e2-4c11-aa1b-00a751029f5d,species,Animalia,t0070520,"",Agathidium oblitum,Agathidium oblitum,相同Kingdom學名加命名者重複,https://vvtaxatree.tbn.org.tw/taxa/c3dab100-d2e2-4c11-aa1b-00a751029f5d
4305516b-04d9-44f8-8b3e-75a050c3e080,species,Animalia,t0070495,"",Agathidium fenchihuense,Agathidium fenchihuense,相同Kingdom學名加命名者重複,https://vvtaxatree.tbn.org.tw/taxa/4305516b-04d9-44f8-8b3e-75a050c3e080
41fee4da-e8af-453f-9f74-090261b5506b,species,Animalia,t0070481,"",Agathidium amictum,Agathidium amictum,相同Kingdom學名加命名者重複,https://vvtaxatree.tbn.org.tw/taxa/41fee4da-e8af-453f-9f74-090261b5506b
f76ee9ae-0cd1-4002-a299-3878d72c5aa3,species,Animalia,t0070510,"",Agathidium klapperichi,Agathidium klapperichi,相同Kingdom學名加命名者重複,https://vvtaxatree.tbn.org.tw/taxa/f76ee9ae-0cd1-4002-a299-3878d72c5aa3
a7d6003b-796e-4d2c-8cb9-f0ff0a4a0f48,species,Animalia,t0070531,"",Agathidium taiwanense,Agathidium taiwanense,相同Kingdom學名加命名者重複,https://vvtaxatree.tbn.org.tw/taxa/a7d6003b-796e-4d2c-8cb9-f0ff0a4a0f48
62b1599f-c24f-4946-a127-81585361e1c0,species,Animalia,t0070537,"",Agathidium venustum,Agathidium venustum,相同Kingdom學名加命名者重複,https://vvtaxatree.tbn.org.tw/taxa/62b1599f-c24f-4946-a127-81585361e1c0
5c1b3963-1b70-465a-a2a7-bfb0a435bff6,species,Animalia,t0070525,"",Agathidium serratum,Agathidium serratum,相同Kingdom學名加命名者重複,https://vvtaxatree.tbn.org.tw/taxa/5c1b3963-1b70-465a-a2a7-bfb0a435bff6
029c134d-acbf-4497-9ab1-95914c69ae71,species,Animalia,t0070519,"",Agathidium nigrocastaneum,Agathidium nigrocastaneum,相同Kingdom學名加命名者重複,https://vvtaxatree.tbn.org.tw/taxa/029c134d-acbf-4497-9ab1-95914c69ae71
35c1de93-a45f-453d-809a-4cfa7211c48e,species,Animalia,t0070522,"",Agathidium praeustum,Agathidium praeustum,相同Kingdom學名加命名者重複,https://vvtaxatree.tbn.org.tw/taxa/35c1de93-a45f-453d-809a-4cfa7211c48e
b5ff3c6d-3e07-4601-8686-fa2b47fd93a3,species,Animalia,t0070524,"",Agathidium rufomarginatum,Agathidium rufomarginatum,相同Kingdom學名加命名者重複,https://vvtaxatree.tbn.org.tw/taxa/b5ff3c6d-3e07-4601-8686-fa2b47fd93a3
c5f3f353-b914-48bb-8921-92f85e9696fb,species,Animalia,t0070533,"",Agathidium tarokoense,Agathidium tarokoense,相同Kingdom學名加命名者重複,https://vvtaxatree.tbn.org.tw/taxa/c5f3f353-b914-48bb-8921-92f85e9696fb
815cb908-a2a5-4ba3-82a2-f6f8f4290992,species,Animalia,t0070538,"",Agathidium vestitum,Agathidium vestitum,相同Kingdom學名加命名者重複,https://vvtaxatree.tbn.org.tw/taxa/815cb908-a2a5-4ba3-82a2-f6f8f4290992
e9f5aa09-2690-4fdb-a784-b906ab81ae48,species,Animalia,t0070511,"",Agathidium kyotoense,Agathidium kyotoense,相同Kingdom學名加命名者重複,https://vvtaxatree.tbn.org.tw/taxa/e9f5aa09-2690-4fdb-a784-b906ab81ae48
bb1d03cd-46f4-4517-ba49-171f5a50d02e,species,Animalia,t0071729,"",Anthaxia akiyamai,Anthaxia akiyamai,相同Kingdom學名加命名者重複,https://vvtaxatree.tbn.org.tw/taxa/bb1d03cd-46f4-4517-ba49-171f5a50d02e
41ce9887-d14f-473f-9b84-07f460d9448a,species,Animalia,t0071731,"",Anthaxia clio,Anthaxia clio,相同Kingdom學名加命名者重複,https://vvtaxatree.tbn.org.tw/taxa/41ce9887-d14f-473f-9b84-07f460d9448a
4166732c-5378-49a7-8665-4a8a704284c7,species,Animalia,t0071732,"",Anthaxia erato,Anthaxia erato,相同Kingdom學名加命名者重複,https://vvtaxatree.tbn.org.tw/taxa/4166732c-5378-49a7-8665-4a8a704284c7
60915293-c07d-4c8a-9459-79da92ed3aa9,species,Animalia,t0071733,"",Anthaxia formosensis,Anthaxia formosensis,相同Kingdom學名加命名者重複,https://vvtaxatree.tbn.org.tw/taxa/60915293-c07d-4c8a-9459-79da92ed3aa9
b77769d6-1102-42fa-a772-49670bb07aec,species,Animalia,t0071735,"",Anthaxia kurosawai,Anthaxia kurosawai,相同Kingdom學名加命名者重複,https://vvtaxatree.tbn.org.tw/taxa/b77769d6-1102-42fa-a772-49670bb07aec
ba0786b9-e796-4a2a-a3f9-8401b033eb5e,species,Animalia,t0071738,"",Anthaxia taiwanensis,Anthaxia taiwanensis,相同Kingdom學名加命名者重複,https://vvtaxatree.tbn.org.tw/taxa/ba0786b9-e796-4a2a-a3f9-8401b033eb5e
0d6a3454-78fb-493f-a69f-e0e22a7e12b8,species,Animalia,t0071739,"",Anthaxia toyamai,Anthaxia toyamai,相同Kingdom學名加命名者重複,https://vvtaxatree.tbn.org.tw/taxa/0d6a3454-78fb-493f-a69f-e0e22a7e12b8
c4362ec5-eb96-4b10-bd24-0c358a611760,species,Animalia,t0069229,"",Micrencaustes taiwana,Micrencaustes taiwana,相同Kingdom學名加命名者重複,https://vvtaxatree.tbn.org.tw/taxa/c4362ec5-eb96-4b10-bd24-0c358a611760
d38d2d67-9291-4c94-8960-93f428eae086,species,Animalia,t0061399,"",Dermestes nidum,Dermestes nidum,相同Kingdom學名加命名者重複,https://vvtaxatree.tbn.org.tw/taxa/d38d2d67-9291-4c94-8960-93f428eae086
39496461-1ce2-4e4b-a7c5-03623dc0a3fc,species,Animalia,t0082468,"",Orphinus aethiops,Orphinus aethiops,相同Kingdom學名加命名者重複,https://vvtaxatree.tbn.org.tw/taxa/39496461-1ce2-4e4b-a7c5-03623dc0a3fc
38659157-652c-444d-a31f-6bff8312511e,species,Animalia,t0068421,"",Malthinus fenchihuensis,Malthinus fenchihuensis,相同Kingdom學名加命名者重複,https://vvtaxatree.tbn.org.tw/taxa/38659157-652c-444d-a31f-6bff8312511e
6d118df0-9db0-494c-a3b7-9dc7b351324a,species,Animalia,t0068422,"",Malthinus notsui,Malthinus notsui,相同Kingdom學名加命名者重複,https://vvtaxatree.tbn.org.tw/taxa/6d118df0-9db0-494c-a3b7-9dc7b351324a
b7856203-f364-47fd-85bb-81be9447fdf3,species,Animalia,t0068423,"",Malthinus ohbai,Malthinus ohbai,相同Kingdom學名加命名者重複,https://vvtaxatree.tbn.org.tw/taxa/b7856203-f364-47fd-85bb-81be9447fdf3
5919d540-550b-4733-83a5-e36d549a44f5,species,Animalia,t0068428,"",Malthinus taiwanoniger,Malthinus taiwanoniger,相同Kingdom學名加命名者重複,https://vvtaxatree.tbn.org.tw/taxa/5919d540-550b-4733-83a5-e36d549a44f5
864c574b-c533-4898-8001-2ff5f1140d06,species,Animalia,t0027749,"",Malthinus shimomurai,Malthinus shimomurai,相同Kingdom學名加命名者重複,https://vvtaxatree.tbn.org.tw/taxa/864c574b-c533-4898-8001-2ff5f1140d06
fdcf55b7-760f-4755-bf39-e224da3425df,species,Animalia,t0068429,"",Malthinus taiwanus,Malthinus taiwanus,相同Kingdom學名加命名者重複,https://vvtaxatree.tbn.org.tw/taxa/fdcf55b7-760f-4755-bf39-e224da3425df
2cb2ccee-947b-4d28-bd2d-63ee800b948e,species,Animalia,t0068430,"",Malthinus vixlimbatus,Malthinus vixlimbatus,相同Kingdom學名加命名者重複,https://vvtaxatree.tbn.org.tw/taxa/2cb2ccee-947b-4d28-bd2d-63ee800b948e
b9bed11e-bcdc-4fd7-b970-af343a5c5e09,species,Animalia,t0068431,"",Malthinus yangmingensis,Malthinus yangmingensis,相同Kingdom學名加命名者重複,https://vvtaxatree.tbn.org.tw/taxa/b9bed11e-bcdc-4fd7-b970-af343a5c5e09
7863162c-df27-43fd-b51b-85c2626cfb4a,species,Animalia,t0068424,"",Malthinus palingensis,Malthinus palingensis,相同Kingdom學名加命名者重複,https://vvtaxatree.tbn.org.tw/taxa/7863162c-df27-43fd-b51b-85c2626cfb4a
db942f80-8cca-4e09-b4fd-b7770b011adf,species,Animalia,t0068427,"",Malthinus ssulingensis,Malthinus ssulingensis,相同Kingdom學名加命名者重複,https://vvtaxatree.tbn.org.tw/taxa/db942f80-8cca-4e09-b4fd-b7770b011adf
e73befe6-d504-4266-8574-cf5fa05dc71b,species,Animalia,t0068432,"",Malthodes brancuccii,Malthodes brancuccii,相同Kingdom學名加命名者重複,https://vvtaxatree.tbn.org.tw/taxa/e73befe6-d504-4266-8574-cf5fa05dc71b
607a2cca-95b3-457d-bc95-ec327fd212b3,species,Animalia,t0068433,"",Malthodes fenchihuensis,Malthodes fenchihuensis,相同Kingdom學名加命名者重複,https://vvtaxatree.tbn.org.tw/taxa/607a2cca-95b3-457d-bc95-ec327fd212b3
3cc8f4a5-7bc3-4e0a-bd7e-32ee6821d8c1,species,Animalia,t0068434,"",Malthodes makiharai,Malthodes makiharai,相同Kingdom學名加命名者重複,https://vvtaxatree.tbn.org.tw/taxa/3cc8f4a5-7bc3-4e0a-bd7e-32ee6821d8c1
1a9ce21b-b693-4448-9f1c-6095615b7279,species,Animalia,t0068435,"",Malthodes niitakaensis,Malthodes niitakaensis,相同Kingdom學名加命名者重複,https://vvtaxatree.tbn.org.tw/taxa/1a9ce21b-b693-4448-9f1c-6095615b7279
0913acda-580a-4ae2-a2f3-308e4d045ae1,species,Animalia,t0068436,"",Malthodes taiwanus,Malthodes taiwanus,相同Kingdom學名加命名者重複,https://vvtaxatree.tbn.org.tw/taxa/0913acda-580a-4ae2-a2f3-308e4d045ae1
df30dfd8-d9ce-46a0-8cf6-0e980b4a12b3,species,Animalia,t0047261,"",Themus bicoloricornis,Themus bicoloricornis,相同Kingdom學名加命名者重複,https://vvtaxatree.tbn.org.tw/taxa/df30dfd8-d9ce-46a0-8cf6-0e980b4a12b3
27749c6e-d95e-4bc3-91da-2b5e3fd7d426,species,Animalia,t0033366,"",Themus uniformis,Themus uniformis,相同Kingdom學名加命名者重複,https://vvtaxatree.tbn.org.tw/taxa/27749c6e-d95e-4bc3-91da-2b5e3fd7d426
7a537d62-722a-4aee-b6c6-43e597b49c78,species,Animalia,t0047263,"",Themus formosanus,Themus formosanus,相同Kingdom學名加命名者重複,https://vvtaxatree.tbn.org.tw/taxa/7a537d62-722a-4aee-b6c6-43e597b49c78
dacbfa21-b6fc-46bc-ab05-fc6601fcef4d,species,Animalia,t0047267,"",Themus purpuratus,Themus purpuratus,相同Kingdom學名加命名者重複,https://vvtaxatree.tbn.org.tw/taxa/dacbfa21-b6fc-46bc-ab05-fc6601fcef4d
8425b613-ec47-4a1a-ba12-24301ba884ed,species,Animalia,t0047271,"",Themus taiwanus,Themus taiwanus,相同Kingdom學名加命名者重複,https://vvtaxatree.tbn.org.tw/taxa/8425b613-ec47-4a1a-ba12-24301ba884ed
9c9a5583-4e4f-49c7-ae3b-461d3abc4a3e,species,Animalia,t0047266,"",Themus pallidipes,Themus pallidipes,相同Kingdom學名加命名者重複,https://vvtaxatree.tbn.org.tw/taxa/9c9a5583-4e4f-49c7-ae3b-461d3abc4a3e
4861b686-c57d-4600-b4c4-d0021b488d87,species,Animalia,t0047268,"",Themus satoi,Themus satoi,相同Kingdom學名加命名者重複,https://vvtaxatree.tbn.org.tw/taxa/4861b686-c57d-4600-b4c4-d0021b488d87
0d95b2d6-4a3a-4249-bf95-d34ee5412149,species,Animalia,t0068167,"",Lyponia palpalis,Lyponia palpalis,相同Kingdom學名加命名者重複,https://vvtaxatree.tbn.org.tw/taxa/0d95b2d6-4a3a-4249-bf95-d34ee5412149
447cb8f3-c3b5-49b1-8555-a751aea3ee91,species,Animalia,t0067681,"",Lissodema uenoi,Lissodema uenoi,相同Kingdom學名加命名者重複,https://vvtaxatree.tbn.org.tw/taxa/447cb8f3-c3b5-49b1-8555-a751aea3ee91
26b955e3-3915-4079-99e8-ec5cf866c47b,species,Animalia,t0049737,"",Apamea ikerfasciata,Apamea ikerfasciata,相同Kingdom學名加命名者重複,https://vvtaxatree.tbn.org.tw/taxa/26b955e3-3915-4079-99e8-ec5cf866c47b
e89850b1-24c5-4f43-9080-1ae47acda8e1,species,Animalia,t0049736,"",Apamea herczigi,Apamea herczigi,相同Kingdom學名加命名者重複,https://vvtaxatree.tbn.org.tw/taxa/e89850b1-24c5-4f43-9080-1ae47acda8e1
3b933da0-5d2d-43ea-8924-5137b34bc5d4,species,Animalia,t0049734,"",Apamea changi,Apamea changi,相同Kingdom學名加命名者重複,https://vvtaxatree.tbn.org.tw/taxa/3b933da0-5d2d-43ea-8924-5137b34bc5d4
99071660-df59-46b6-94a7-e4a86dec792c,species,Animalia,t0051974,"",Mythimna hirashimai,Mythimna hirashimai,相同Kingdom學名加命名者重複,https://vvtaxatree.tbn.org.tw/taxa/99071660-df59-46b6-94a7-e4a86dec792c
3544c7cf-21b2-4452-ada3-b96593df95f8,species,Animalia,t0051975,"",Mythimna lucida,Mythimna lucida,相同Kingdom學名加命名者重複,https://vvtaxatree.tbn.org.tw/taxa/3544c7cf-21b2-4452-ada3-b96593df95f8
1796ae56-30fc-4464-96c8-3aa3001352a7,species,Animalia,t0051979,"",Mythimna rushanensis,Mythimna rushanensis,相同Kingdom學名加命名者重複,https://vvtaxatree.tbn.org.tw/taxa/1796ae56-30fc-4464-96c8-3aa3001352a7
fbef2e30-98a9-4091-b14d-e4fa38db3693,species,Animalia,t0033270,"",Tarsolepis fulgurifera,Tarsolepis fulgurifera,相同Kingdom學名加命名者重複,https://vvtaxatree.tbn.org.tw/taxa/fbef2e30-98a9-4091-b14d-e4fa38db3693
f70324b5-8881-4e34-a56d-b106c3de5cba,species,Animalia,t0065736,"",Homoeocerus striicornis,Homoeocerus striicornis,相同Kingdom學名加命名者重複,https://vvtaxatree.tbn.org.tw/taxa/f70324b5-8881-4e34-a56d-b106c3de5cba
01f63971-88ad-4b26-899e-cbde4c468c55,species,Animalia,t0065994,"",Hygia pedestris,Hygia pedestris,相同Kingdom學名加命名者重複,https://vvtaxatree.tbn.org.tw/taxa/01f63971-88ad-4b26-899e-cbde4c468c55
81a0814d-f1d6-43a6-873a-7fb1615e8741,species,Animalia,t0076862,"",Bryocoris gracilis,Bryocoris gracilis,相同Kingdom學名加命名者重複,https://vvtaxatree.tbn.org.tw/taxa/81a0814d-f1d6-43a6-873a-7fb1615e8741
f24b12f6-43ed-423d-a5ef-fc6934573c63,species,Animalia,t0049212,"",Zoraida nitobii,Zoraida nitobii,相同Kingdom學名加命名者重複,https://vvtaxatree.tbn.org.tw/taxa/f24b12f6-43ed-423d-a5ef-fc6934573c63
2061cc50-62b1-4bff-8d51-cfd73351cf42,species,Animalia,t0064866,"",Greenidea viticola,Greenidea viticola,相同Kingdom學名加命名者重複,https://vvtaxatree.tbn.org.tw/taxa/2061cc50-62b1-4bff-8d51-cfd73351cf42
aff5297a-0cb6-4d7e-9406-0838572a389b,species,Animalia,t0064862,"",Greenidea mushana,Greenidea mushana,相同Kingdom學名加命名者重複,https://vvtaxatree.tbn.org.tw/taxa/aff5297a-0cb6-4d7e-9406-0838572a389b
b34456ca-cf54-49e3-8435-ac0adffa4b8c,species,Animalia,t0064863,"",Greenidea myricae,Greenidea myricae,相同Kingdom學名加命名者重複,https://vvtaxatree.tbn.org.tw/taxa/b34456ca-cf54-49e3-8435-ac0adffa4b8c
2799673c-3190-45e1-b103-ca124fd6a603,species,Animalia,t0062191,"",Dysdercus fuscomaculatus,Dysdercus fuscomaculatus,相同Kingdom學名加命名者重複,https://vvtaxatree.tbn.org.tw/taxa/2799673c-3190-45e1-b103-ca124fd6a603
01171794-d312-4018-b532-67447f7b908c,species,Animalia,t0047984,"",Trioza neolitsae,Trioza neolitsae,相同Kingdom學名加命名者重複,https://vvtaxatree.tbn.org.tw/taxa/01171794-d312-4018-b532-67447f7b908c
d3e409cf-a6d7-4ced-b7d3-7a790542fbb9,species,Animalia,t0084344,"",Physopelta parviceps,Physopelta parviceps,相同Kingdom學名加命名者重複,https://vvtaxatree.tbn.org.tw/taxa/d3e409cf-a6d7-4ced-b7d3-7a790542fbb9
eb7ef1c1-eca6-4ea2-9d86-744b63143d11,species,Animalia,t0084345,"",Physopelta quadriguttata,Physopelta quadriguttata,相同Kingdom學名加命名者重複,https://vvtaxatree.tbn.org.tw/taxa/eb7ef1c1-eca6-4ea2-9d86-744b63143d11
d7d9e03a-e4d1-45ca-8db6-106114b03602,species,Animalia,t0077711,"",Centistes choui,Centistes choui,相同Kingdom學名加命名者重複,https://vvtaxatree.tbn.org.tw/taxa/d7d9e03a-e4d1-45ca-8db6-106114b03602
494ecf8b-bc6e-4dee-a2dd-bcc1fe195f5d,species,Animalia,t0078961,"",Colastes pilosiventris,Colastes pilosiventris,相同Kingdom學名加命名者重複,https://vvtaxatree.tbn.org.tw/taxa/494ecf8b-bc6e-4dee-a2dd-bcc1fe195f5d
6f3762a1-4286-4371-8eb4-7812d8581a8b,species,Animalia,t0078957,"",Colastes alboapicalis,Colastes alboapicalis,相同Kingdom學名加命名者重複,https://vvtaxatree.tbn.org.tw/taxa/6f3762a1-4286-4371-8eb4-7812d8581a8b
808f1e6b-04ae-4875-b016-90d69d40cf6d,species,Animalia,t0078959,"",Colastes longitergum,Colastes longitergum,相同Kingdom學名加命名者重複,https://vvtaxatree.tbn.org.tw/taxa/808f1e6b-04ae-4875-b016-90d69d40cf6d
b7542a7b-0108-418a-bf61-8db5217b7e0a,species,Animalia,t0065754,"",Homolobus undulatus,Homolobus undulatus,相同Kingdom學名加命名者重複,https://vvtaxatree.tbn.org.tw/taxa/b7542a7b-0108-418a-bf61-8db5217b7e0a
bad09da8-8b82-4167-bbe0-810299d54448,species,Animalia,t0082870,"",Pambolus caudalis,Pambolus caudalis,相同Kingdom學名加命名者重複,https://vvtaxatree.tbn.org.tw/taxa/bad09da8-8b82-4167-bbe0-810299d54448
9aa52e24-682c-42a8-8f1f-27fdff9758fb,species,Animalia,t0082871,"",Pambolus ruficeps,Pambolus ruficeps,相同Kingdom學名加命名者重複,https://vvtaxatree.tbn.org.tw/taxa/9aa52e24-682c-42a8-8f1f-27fdff9758fb
f327d769-a228-4e1a-9434-35414cd681b0,species,Animalia,t0039972,"",Streblocera okadai,Streblocera okadai,相同Kingdom學名加命名者重複,https://vvtaxatree.tbn.org.tw/taxa/f327d769-a228-4e1a-9434-35414cd681b0
5c952724-18b2-47a8-8147-4724ea25b9df,species,Animalia,t0039983,"",Streblocera villosa,Streblocera villosa,相同Kingdom學名加命名者重複,https://vvtaxatree.tbn.org.tw/taxa/5c952724-18b2-47a8-8147-4724ea25b9df
67882dfc-8f93-47b1-8989-8e50f31ff02b,species,Animalia,t0047742,"",Triaspis imitatus,Triaspis imitatus,相同Kingdom學名加命名者重複,https://vvtaxatree.tbn.org.tw/taxa/67882dfc-8f93-47b1-8989-8e50f31ff02b
b2770a12-b492-4baa-b0c5-29717e094f70,species,Animalia,t0069186,"",Metopius baibarensis,Metopius baibarensis,相同Kingdom學名加命名者重複,https://vvtaxatree.tbn.org.tw/taxa/b2770a12-b492-4baa-b0c5-29717e094f70
532e92e1-83a1-4095-bb41-5e8c624af810,species,Animalia,t0062292,"",Ectemnius alishanus,Ectemnius alishanus,相同Kingdom學名加命名者重複,https://vvtaxatree.tbn.org.tw/taxa/532e92e1-83a1-4095-bb41-5e8c624af810
ee6607ef-1975-4488-a91d-799ec7aadd34,species,Animalia,t0077312,"",Campsomeris ilanensis,Campsomeris ilanensis,相同Kingdom學名加命名者重複,https://vvtaxatree.tbn.org.tw/taxa/ee6607ef-1975-4488-a91d-799ec7aadd34
02740eb3-9a47-4445-bf92-a54ebbdd0fdf,species,Animalia,t0077310,"",Campsomeris binghami,Campsomeris binghami,相同Kingdom學名加命名者重複,https://vvtaxatree.tbn.org.tw/taxa/02740eb3-9a47-4445-bf92-a54ebbdd0fdf
d03cce0d-31ce-46ab-b203-04570cabd9e4,species,Animalia,t0077311,"",Campsomeris formosensis,Campsomeris formosensis,相同Kingdom學名加命名者重複,https://vvtaxatree.tbn.org.tw/taxa/d03cce0d-31ce-46ab-b203-04570cabd9e4
7d11aa7b-cd29-4795-9853-cddea111db70,species,Animalia,t0077320,"",Campsomeris taiwana,Campsomeris taiwana,相同Kingdom學名加命名者重複,https://vvtaxatree.tbn.org.tw/taxa/7d11aa7b-cd29-4795-9853-cddea111db70
b1ce3582-816d-4278-9590-dfc4d42f7c6f,species,Animalia,t0077321,"",Campsomeris uchidai,Campsomeris uchidai,相同Kingdom學名加命名者重複,https://vvtaxatree.tbn.org.tw/taxa/b1ce3582-816d-4278-9590-dfc4d42f7c6f
3ba97cf3-f943-4a30-a4e4-d3bab66739f8,species,Animalia,t0038576,"",Scolia desidiosa,Scolia desidiosa,相同Kingdom學名加命名者重複,https://vvtaxatree.tbn.org.tw/taxa/3ba97cf3-f943-4a30-a4e4-d3bab66739f8
a416468f-dca4-4d69-a29c-84b59a73d3e1,species,Animalia,t0038577,"",Scolia formosicola,Scolia formosicola,相同Kingdom學名加命名者重複,https://vvtaxatree.tbn.org.tw/taxa/a416468f-dca4-4d69-a29c-84b59a73d3e1
d1a3f9d2-e6ad-4045-bd79-dcfc9d2b89b6,species,Animalia,t0038581,"",Scolia minowai,Scolia minowai,相同Kingdom學名加命名者重複,https://vvtaxatree.tbn.org.tw/taxa/d1a3f9d2-e6ad-4045-bd79-dcfc9d2b89b6
bc299500-c428-42ea-8274-22bd44636056,species,Animalia,t0038587,"",Scolia taiwana,Scolia taiwana,相同Kingdom學名加命名者重複,https://vvtaxatree.tbn.org.tw/taxa/bc299500-c428-42ea-8274-22bd44636056
fdf6c297-08c9-4a56-b5ed-cda5d2a55f55,species,Animalia,t0038591,"",Scolia wusheensis,Scolia wusheensis,相同Kingdom學名加命名者重複,https://vvtaxatree.tbn.org.tw/taxa/fdf6c297-08c9-4a56-b5ed-cda5d2a55f55
dbed2030-0d6f-4067-8b29-b856731c1e48,species,Animalia,t0077417,"",Carcelia caudata,Carcelia caudata,相同Kingdom學名加命名者重複,https://vvtaxatree.tbn.org.tw/taxa/dbed2030-0d6f-4067-8b29-b856731c1e48
e4a91511-f7bb-4f4a-953f-5642c949bbc3,species,Animalia,t0077419,"",Carcelia frontalis,Carcelia frontalis,相同Kingdom學名加命名者重複,https://vvtaxatree.tbn.org.tw/taxa/e4a91511-f7bb-4f4a-953f-5642c949bbc3
452373e8-6210-4865-9fe2-7c885acc98a9,species,Animalia,t0077424,"",Carcelia rasoides,Carcelia rasoides,相同Kingdom學名加命名者重複,https://vvtaxatree.tbn.org.tw/taxa/452373e8-6210-4865-9fe2-7c885acc98a9
06af6ad1-7941-4b81-878f-bfa31614535a,species,Animalia,t0077426,"",Carcelia rutilloides,Carcelia rutilloides,相同Kingdom學名加命名者重複,https://vvtaxatree.tbn.org.tw/taxa/06af6ad1-7941-4b81-878f-bfa31614535a
2f98f925-835e-4936-9b30-101e36859e52,species,Animalia,t0077428,"",Carcelia setosella,Carcelia setosella,相同Kingdom學名加命名者重複,https://vvtaxatree.tbn.org.tw/taxa/2f98f925-835e-4936-9b30-101e36859e52
5b751e89-82ba-4016-baa6-ac2052f19c4e,species,Animalia,t0077429,"",Carcelia sexta,Carcelia sexta,相同Kingdom學名加命名者重複,https://vvtaxatree.tbn.org.tw/taxa/5b751e89-82ba-4016-baa6-ac2052f19c4e
f98c21ff-b472-4276-8536-dde479d11755,species,Animalia,t0077416,"",Carcelia aberrans,Carcelia aberrans,相同Kingdom學名加命名者重複,https://vvtaxatree.tbn.org.tw/taxa/f98c21ff-b472-4276-8536-dde479d11755
439b1181-989c-4d9b-96aa-27e4146a0064,species,Animalia,t0077421,"",Carcelia hirsuta,Carcelia hirsuta,相同Kingdom學名加命名者重複,https://vvtaxatree.tbn.org.tw/taxa/439b1181-989c-4d9b-96aa-27e4146a0064
510d85b9-1dfa-4474-b198-cbf23601a9e9,species,Animalia,t0077422,"",Carcelia pilosella,Carcelia pilosella,相同Kingdom學名加命名者重複,https://vvtaxatree.tbn.org.tw/taxa/510d85b9-1dfa-4474-b198-cbf23601a9e9
d0f9439e-1301-4e7d-bd0c-35b3a60b8f8f,species,Animalia,t0077427,"",Carcelia septima,Carcelia septima,相同Kingdom學名加命名者重複,https://vvtaxatree.tbn.org.tw/taxa/d0f9439e-1301-4e7d-bd0c-35b3a60b8f8f
d1a25aeb-007c-424f-a916-4a45747e4d87,species,Animalia,t0057679,"",Anopheles sinensis,Anopheles sinensis,相同Kingdom學名加命名者重複,https://vvtaxatree.tbn.org.tw/taxa/d1a25aeb-007c-424f-a916-4a45747e4d87
e8031119-7b60-40a0-845d-170f9983686d,species,Animalia,t0057678,"",Anopheles minimus,Anopheles minimus,相同Kingdom學名加命名者重複,https://vvtaxatree.tbn.org.tw/taxa/e8031119-7b60-40a0-845d-170f9983686d
f1ffd9ed-042f-43fa-bcbc-9a2e6f2bdf7a,species,Animalia,t0057680,"",Anopheles takasagoensis,Anopheles takasagoensis,相同Kingdom學名加命名者重複,https://vvtaxatree.tbn.org.tw/taxa/f1ffd9ed-042f-43fa-bcbc-9a2e6f2bdf7a
cef0c76a-bf10-4b48-b550-063b70398ae7,species,Animalia,t0057681,"",Anopheles tessellatus,Anopheles tessellatus,相同Kingdom學名加命名者重複,https://vvtaxatree.tbn.org.tw/taxa/cef0c76a-bf10-4b48-b550-063b70398ae7
65154203-fb66-444d-bf8d-7973dfb8e53d,species,Animalia,t0079774,"",Culex alis,Culex alis,相同Kingdom學名加命名者重複,https://vvtaxatree.tbn.org.tw/taxa/65154203-fb66-444d-bf8d-7973dfb8e53d
35628fa0-d73f-4e35-a2f6-2838c2503cc3,species,Animalia,t0079780,"",Culex fuscocephala,Culex fuscocephala,相同Kingdom學名加命名者重複,https://vvtaxatree.tbn.org.tw/taxa/35628fa0-d73f-4e35-a2f6-2838c2503cc3
28715a8a-ddb0-4530-9781-80d0ecb81e48,species,Animalia,t0079781,"",Culex gelidus,Culex gelidus,相同Kingdom學名加命名者重複,https://vvtaxatree.tbn.org.tw/taxa/28715a8a-ddb0-4530-9781-80d0ecb81e48
f2bbcc3a-f417-49f7-aa32-23753657f03c,species,Animalia,t0079785,"",Culex infula,Culex infula,相同Kingdom學名加命名者重複,https://vvtaxatree.tbn.org.tw/taxa/f2bbcc3a-f417-49f7-aa32-23753657f03c
118ac47b-9c11-4655-9dc6-b71102c6baa3,species,Animalia,t0079801,"",Culex sinensis,Culex sinensis,相同Kingdom學名加命名者重複,https://vvtaxatree.tbn.org.tw/taxa/118ac47b-9c11-4655-9dc6-b71102c6baa3
6c9a59d9-9004-4c0f-90bb-5fe072208a7f,species,Animalia,t0079802,"",Culex sitiens,Culex sitiens,相同Kingdom學名加命名者重複,https://vvtaxatree.tbn.org.tw/taxa/6c9a59d9-9004-4c0f-90bb-5fe072208a7f
65c5560b-df5c-47ad-8a2c-c76022adca0d,species,Animalia,t0079805,"",Culex vagans,Culex vagans,相同Kingdom學名加命名者重複,https://vvtaxatree.tbn.org.tw/taxa/65c5560b-df5c-47ad-8a2c-c76022adca0d
5ffc4fdb-c374-4ca6-a459-2063612953d0,species,Animalia,t0079806,"",Culex vishnui,Culex vishnui,相同Kingdom學名加命名者重複,https://vvtaxatree.tbn.org.tw/taxa/5ffc4fdb-c374-4ca6-a459-2063612953d0
74df90ad-c228-43fb-b8a8-56b06dfa76f7,species,Animalia,t0079775,"",Culex annulus,Culex annulus,相同Kingdom學名加命名者重複,https://vvtaxatree.tbn.org.tw/taxa/74df90ad-c228-43fb-b8a8-56b06dfa76f7
3d945bd2-0e98-4a50-92ee-39feba7bffc6,species,Animalia,t0079807,"",Culex whitei,Culex whitei,相同Kingdom學名加命名者重複,https://vvtaxatree.tbn.org.tw/taxa/3d945bd2-0e98-4a50-92ee-39feba7bffc6
952eec14-d1bb-4ff2-a4d2-bf167a4450f0,species,Animalia,t0079796,"",Culex pallidothorax,Culex pallidothorax,相同Kingdom學名加命名者重複,https://vvtaxatree.tbn.org.tw/taxa/952eec14-d1bb-4ff2-a4d2-bf167a4450f0
50cd47da-4468-4168-a5c5-1f021ca7136b,species,Animalia,t0048409,"",Uranotaenia novobscura,Uranotaenia novobscura,相同Kingdom學名加命名者重複,https://vvtaxatree.tbn.org.tw/taxa/50cd47da-4468-4168-a5c5-1f021ca7136b
d678e966-0778-4a2a-b470-c1a89e415a9c,species,Animalia,t0048403,"",Uranotaenia annandalei,Uranotaenia annandalei,相同Kingdom學名加命名者重複,https://vvtaxatree.tbn.org.tw/taxa/d678e966-0778-4a2a-b470-c1a89e415a9c
a6f24a7e-54d9-4d13-a6dc-55a63e296fa3,species,Animalia,t0048404,"",Uranotaenia hebes,Uranotaenia hebes,相同Kingdom學名加命名者重複,https://vvtaxatree.tbn.org.tw/taxa/a6f24a7e-54d9-4d13-a6dc-55a63e296fa3
9bc856d2-f2f2-4eae-861a-e5510cb57271,species,Animalia,t0072296,"",Asarkina eurytaeniata,Asarkina eurytaeniata,相同Kingdom學名加命名者重複,https://vvtaxatree.tbn.org.tw/taxa/9bc856d2-f2f2-4eae-861a-e5510cb57271
72f87e39-c5d5-4064-9acf-2922316b5cff,species,Animalia,t0076088,"",Baccha amphithoe,Baccha amphithoe,相同Kingdom學名加命名者重複,https://vvtaxatree.tbn.org.tw/taxa/72f87e39-c5d5-4064-9acf-2922316b5cff
3fde2598-9d55-447e-8aef-637538bfd4d5,species,Animalia,t0076090,"",Baccha fallax,Baccha fallax,相同Kingdom學名加命名者重複,https://vvtaxatree.tbn.org.tw/taxa/3fde2598-9d55-447e-8aef-637538bfd4d5
a6980874-9d61-4309-be21-a49bcf4ad479,species,Animalia,t0076093,"",Baccha nubilipennis,Baccha nubilipennis,相同Kingdom學名加命名者重複,https://vvtaxatree.tbn.org.tw/taxa/a6980874-9d61-4309-be21-a49bcf4ad479
542ef0d2-18cf-413e-996b-1c4c83020fa8,species,Animalia,t0076094,"",Baccha sapphirina,Baccha sapphirina,相同Kingdom學名加命名者重複,https://vvtaxatree.tbn.org.tw/taxa/542ef0d2-18cf-413e-996b-1c4c83020fa8
489b0309-d4e4-4a7b-a2b2-65e9a3f0eabd,species,Animalia,t0076091,"",Baccha maculata,Baccha maculata,相同Kingdom學名加命名者重複,https://vvtaxatree.tbn.org.tw/taxa/489b0309-d4e4-4a7b-a2b2-65e9a3f0eabd
b53cc81b-05b9-4e69-8c8d-6a280e1752fd,species,Animalia,t0069269,"",Microdon stilboides,Microdon stilboides,相同Kingdom學名加命名者重複,https://vvtaxatree.tbn.org.tw/taxa/b53cc81b-05b9-4e69-8c8d-6a280e1752fd
c32e6f54-2876-4887-83fe-6180cfb4f136,species,Animalia,t0081807,"",Notiphila dorsopunctata,Notiphila dorsopunctata,相同Kingdom學名加命名者重複,https://vvtaxatree.tbn.org.tw/taxa/c32e6f54-2876-4887-83fe-6180cfb4f136
134befbe-1614-4452-8f4f-1fe75173adea,species,Animalia,t0079841,"",Culicoides liui,Culicoides liui,相同Kingdom學名加命名者重複,https://vvtaxatree.tbn.org.tw/taxa/134befbe-1614-4452-8f4f-1fe75173adea
1fc08a46-f617-41d3-b031-9d5b78a19968,species,Animalia,t0079819,"",Culicoides clavipalpis,Culicoides clavipalpis,相同Kingdom學名加命名者重複,https://vvtaxatree.tbn.org.tw/taxa/1fc08a46-f617-41d3-b031-9d5b78a19968
75c92f81-f2eb-4f01-8e23-fc0aa02030c2,species,Animalia,t0079836,"",Culicoides kepongensis,Culicoides kepongensis,相同Kingdom學名加命名者重複,https://vvtaxatree.tbn.org.tw/taxa/75c92f81-f2eb-4f01-8e23-fc0aa02030c2
3c816aed-19b6-4e5a-9c89-5eb5d3b2b61c,species,Animalia,t0046248,"",Culicoides okinawensis,Culicoides okinawensis,相同Kingdom學名加命名者重複,https://vvtaxatree.tbn.org.tw/taxa/3c816aed-19b6-4e5a-9c89-5eb5d3b2b61c
b3af418e-8b4a-4aca-938f-6850ba476d50,species,Animalia,t0079813,"",Culicoides barreti,Culicoides barreti,相同Kingdom學名加命名者重複,https://vvtaxatree.tbn.org.tw/taxa/b3af418e-8b4a-4aca-938f-6850ba476d50
39b4576e-5ff7-4236-9540-25ed224d2a91,species,Animalia,t0079825,"",Culicoides flaviscutatus,Culicoides flaviscutatus,相同Kingdom學名加命名者重複,https://vvtaxatree.tbn.org.tw/taxa/39b4576e-5ff7-4236-9540-25ed224d2a91
3bc47809-da9a-4e13-a86f-68a5a0504d9d,species,Animalia,t0079826,"",Culicoides fordae,Culicoides fordae,相同Kingdom學名加命名者重複,https://vvtaxatree.tbn.org.tw/taxa/3bc47809-da9a-4e13-a86f-68a5a0504d9d
df2d44f0-2732-49e0-87d5-b7e6a4591698,species,Animalia,t0079854,"",Culicoides paraflavescens,Culicoides paraflavescens,相同Kingdom學名加命名者重複,https://vvtaxatree.tbn.org.tw/taxa/df2d44f0-2732-49e0-87d5-b7e6a4591698
df661c06-7707-4d66-9aed-5bdd1a0b6fd9,species,Animalia,t0079857,"",Culicoides ragulithecus,Culicoides ragulithecus,相同Kingdom學名加命名者重複,https://vvtaxatree.tbn.org.tw/taxa/df661c06-7707-4d66-9aed-5bdd1a0b6fd9
a78f0cd5-fd69-47f2-b1e2-46fe105c09f5,species,Animalia,t0079859,"",Culicoides subpalpifer,Culicoides subpalpifer,相同Kingdom學名加命名者重複,https://vvtaxatree.tbn.org.tw/taxa/a78f0cd5-fd69-47f2-b1e2-46fe105c09f5
5b440219-ca9d-465b-91a2-e1c8ce3a9957,species,Animalia,t0079864,"",Culicoides tenuipalpis,Culicoides tenuipalpis,相同Kingdom學名加命名者重複,https://vvtaxatree.tbn.org.tw/taxa/5b440219-ca9d-465b-91a2-e1c8ce3a9957
dc9dcf61-1df4-49bf-b974-cab1f5471408,species,Animalia,t0063983,"",Forcipomyia tokunagai,Forcipomyia tokunagai,相同Kingdom學名加命名者重複,https://vvtaxatree.tbn.org.tw/taxa/dc9dcf61-1df4-49bf-b974-cab1f5471408
b75c4321-5fce-4378-bea6-0ddb6a5fd6e6,species,Animalia,t0062101,"",Drosophila repleta,Drosophila repleta,相同Kingdom學名加命名者重複,https://vvtaxatree.tbn.org.tw/taxa/b75c4321-5fce-4378-bea6-0ddb6a5fd6e6
8760a1ed-1716-4bac-94c6-cc6aeec72c33,species,Animalia,t0062051,"",Drosophila ananassae,Drosophila ananassae,相同Kingdom學名加命名者重複,https://vvtaxatree.tbn.org.tw/taxa/8760a1ed-1716-4bac-94c6-cc6aeec72c33
331b4ffe-210d-40ce-899e-bba639f948a7,species,Animalia,t0062093,"",Drosophila parabipectinata,Drosophila parabipectinata,相同Kingdom學名加命名者重複,https://vvtaxatree.tbn.org.tw/taxa/331b4ffe-210d-40ce-899e-bba639f948a7
1fffc854-7a73-4501-960b-6da25b42c8b6,species,Animalia,t0062098,"",Drosophila quadraria,Drosophila quadraria,相同Kingdom學名加命名者重複,https://vvtaxatree.tbn.org.tw/taxa/1fffc854-7a73-4501-960b-6da25b42c8b6
7d75233b-d06f-4d97-852a-7794c806b3ee,species,Animalia,t0062115,"",Drosophila trilutea,Drosophila trilutea,相同Kingdom學名加命名者重複,https://vvtaxatree.tbn.org.tw/taxa/7d75233b-d06f-4d97-852a-7794c806b3ee
2251144e-b4c8-429a-872f-e5d9bdb4b367,species,Animalia,t0066120,"",Hypselothyrea formosana,Hypselothyrea formosana,相同Kingdom學名加命名者重複,https://vvtaxatree.tbn.org.tw/taxa/2251144e-b4c8-429a-872f-e5d9bdb4b367
3dd2c78d-9935-4439-9d54-4d43de1c9255,species,Animalia,t0067066,"",Lencophenga ornata,Lencophenga ornata,相同Kingdom學名加命名者重複,https://vvtaxatree.tbn.org.tw/taxa/3dd2c78d-9935-4439-9d54-4d43de1c9255
93f1c209-4ed5-4e85-a558-bfa9cccc90cf,species,Animalia,t0062418,"",Elachiptera umbrosa,Elachiptera umbrosa,相同Kingdom學名加命名者重複,https://vvtaxatree.tbn.org.tw/taxa/93f1c209-4ed5-4e85-a558-bfa9cccc90cf
6d5f2bd3-09e3-4c5e-8871-b0970fdbac3c,species,Animalia,t0057819,"",Atherigona machligera,Atherigona machligera,相同Kingdom學名加命名者重複,https://vvtaxatree.tbn.org.tw/taxa/6d5f2bd3-09e3-4c5e-8871-b0970fdbac3c
80a117bd-f7d1-45d0-a7d5-19bad3180e74,species,Animalia,t0057821,"",Atherigona orientalis,Atherigona orientalis,相同Kingdom學名加命名者重複,https://vvtaxatree.tbn.org.tw/taxa/80a117bd-f7d1-45d0-a7d5-19bad3180e74
535dda47-2bc7-41db-84b2-34eb97be1af5,species,Animalia,t0057820,"",Atherigona nigripes,Atherigona nigripes,相同Kingdom學名加命名者重複,https://vvtaxatree.tbn.org.tw/taxa/535dda47-2bc7-41db-84b2-34eb97be1af5
121f767b-7281-4c1c-8bba-b89b2e1cfc98,species,Animalia,t0057824,"",Atherigona reversura,Atherigona reversura,相同Kingdom學名加命名者重複,https://vvtaxatree.tbn.org.tw/taxa/121f767b-7281-4c1c-8bba-b89b2e1cfc98
1b039fdd-f834-47b7-9b5f-4ccdeb50f07e,species,Animalia,t0080711,"",Musca conducens,Musca conducens,相同Kingdom學名加命名者重複,https://vvtaxatree.tbn.org.tw/taxa/1b039fdd-f834-47b7-9b5f-4ccdeb50f07e
a25cf3cd-d02e-4350-886a-f8b378b24f51,species,Animalia,t0080719,"",Musca sorbens,Musca sorbens,相同Kingdom學名加命名者重複,https://vvtaxatree.tbn.org.tw/taxa/a25cf3cd-d02e-4350-886a-f8b378b24f51
3a1e5124-1a15-41c1-97b8-a7cd87d966d2,species,Animalia,t0080720,"",Musca ventrosa,Musca ventrosa,相同Kingdom學名加命名者重複,https://vvtaxatree.tbn.org.tw/taxa/3a1e5124-1a15-41c1-97b8-a7cd87d966d2
7f73ff37-9415-4d63-98cd-1df800d26938,species,Animalia,t0080715,"",Musca domestica,Musca domestica,相同Kingdom學名加命名者重複,https://vvtaxatree.tbn.org.tw/taxa/7f73ff37-9415-4d63-98cd-1df800d26938
abc5f631-283d-42f9-8d8b-8b39f0202cdd,species,Animalia,t0080714,"",Musca crassirostris,Musca crassirostris,相同Kingdom學名加命名者重複,https://vvtaxatree.tbn.org.tw/taxa/abc5f631-283d-42f9-8d8b-8b39f0202cdd
ab9c42ac-b04c-4661-bc9e-677af935eb28,species,Animalia,t0080718,"",Musca inferior,Musca inferior,相同Kingdom學名加命名者重複,https://vvtaxatree.tbn.org.tw/taxa/ab9c42ac-b04c-4661-bc9e-677af935eb28
dbabca84-fc7a-4b42-b605-62ebbc2848e2,species,Animalia,t0071802,"",Antocha bifida,Antocha bifida,相同Kingdom學名加命名者重複,https://vvtaxatree.tbn.org.tw/taxa/dbabca84-fc7a-4b42-b605-62ebbc2848e2
7d986b86-4fe3-45de-9d2f-36334a50ad60,species,Animalia,t0071803,"",Antocha javaensis,Antocha javaensis,相同Kingdom學名加命名者重複,https://vvtaxatree.tbn.org.tw/taxa/7d986b86-4fe3-45de-9d2f-36334a50ad60
8aecbb92-5c63-4d06-836e-aed4ff8d2427,species,Animalia,t0071804,"",Antocha styx,Antocha styx,相同Kingdom學名加命名者重複,https://vvtaxatree.tbn.org.tw/taxa/8aecbb92-5c63-4d06-836e-aed4ff8d2427
b6e8c45a-9454-4fb6-9910-9fc8c20ae742,species,Animalia,t0063093,"",Erioptera ensifera,Erioptera ensifera,相同Kingdom學名加命名者重複,https://vvtaxatree.tbn.org.tw/taxa/b6e8c45a-9454-4fb6-9910-9fc8c20ae742
732d7cbf-7e6f-4d61-a44f-fa482f670bd7,species,Animalia,t0063095,"",Erioptera luliana,Erioptera luliana,相同Kingdom學名加命名者重複,https://vvtaxatree.tbn.org.tw/taxa/732d7cbf-7e6f-4d61-a44f-fa482f670bd7
b0561d86-365f-4530-ad5e-0014dff14ff4,species,Animalia,t0063098,"",Erioptera tenuisentis,Erioptera tenuisentis,相同Kingdom學名加命名者重複,https://vvtaxatree.tbn.org.tw/taxa/b0561d86-365f-4530-ad5e-0014dff14ff4
d016d2d9-4468-44f4-9ecd-5c5375ca18e3,species,Animalia,t0063097,"",Erioptera subsessillis,Erioptera subsessillis,相同Kingdom學名加命名者重複,https://vvtaxatree.tbn.org.tw/taxa/d016d2d9-4468-44f4-9ecd-5c5375ca18e3
026ee7e7-f00a-4088-b3c3-24e8e1aa0a1c,species,Animalia,t0064677,"",Gnophomyia curticellula,Gnophomyia curticellula,相同Kingdom學名加命名者重複,https://vvtaxatree.tbn.org.tw/taxa/026ee7e7-f00a-4088-b3c3-24e8e1aa0a1c
382a8559-d385-4755-83b3-b49cdb1ecf64,species,Animalia,t0064687,"",Gnophomyia pruinosa,Gnophomyia pruinosa,相同Kingdom學名加命名者重複,https://vvtaxatree.tbn.org.tw/taxa/382a8559-d385-4755-83b3-b49cdb1ecf64
b386317b-4c39-403e-85c7-cc75bcee46eb,species,Animalia,t0064679,"",Gnophomyia gressitti,Gnophomyia gressitti,相同Kingdom學名加命名者重複,https://vvtaxatree.tbn.org.tw/taxa/b386317b-4c39-403e-85c7-cc75bcee46eb
543ee41c-84e3-4269-94ef-765927884913,species,Animalia,t0064683,"",Gnophomyia neonebulosa,Gnophomyia neonebulosa,相同Kingdom學名加命名者重複,https://vvtaxatree.tbn.org.tw/taxa/543ee41c-84e3-4269-94ef-765927884913
567452e5-5d5f-439b-b78f-e19ead4b8196,species,Animalia,t0064686,"",Gnophomyia praedita,Gnophomyia praedita,相同Kingdom學名加命名者重複,https://vvtaxatree.tbn.org.tw/taxa/567452e5-5d5f-439b-b78f-e19ead4b8196
fb3d2868-cf00-419a-955d-69de47da5d97,species,Animalia,t0064689,"",Gnophomyia sauteri,Gnophomyia sauteri,相同Kingdom學名加命名者重複,https://vvtaxatree.tbn.org.tw/taxa/fb3d2868-cf00-419a-955d-69de47da5d97
1fa84f46-350a-4895-aeec-0cd2092f5b1f,species,Animalia,t0064692,"",Gnophomyia sinuosa,Gnophomyia sinuosa,相同Kingdom學名加命名者重複,https://vvtaxatree.tbn.org.tw/taxa/1fa84f46-350a-4895-aeec-0cd2092f5b1f
ac25b58c-306b-4310-be11-4c674a1de72d,species,Animalia,t0064675,"",Gnophomyia clitelata,Gnophomyia clitelata,相同Kingdom學名加命名者重複,https://vvtaxatree.tbn.org.tw/taxa/ac25b58c-306b-4310-be11-4c674a1de72d
6b9bbf5c-c4f9-4e9e-abf4-2c7afd045edd,species,Animalia,t0064690,"",Gnophomyia scutellumalbum,Gnophomyia scutellumalbum,相同Kingdom學名加命名者重複,https://vvtaxatree.tbn.org.tw/taxa/6b9bbf5c-c4f9-4e9e-abf4-2c7afd045edd
3c7f7251-ed81-4869-978c-c62ac5aa1dcd,species,Animalia,t0064688,"",Gnophomyia ptilostenoides,Gnophomyia ptilostenoides,相同Kingdom學名加命名者重複,https://vvtaxatree.tbn.org.tw/taxa/3c7f7251-ed81-4869-978c-c62ac5aa1dcd
aee6d1d9-150b-4767-8263-5879f9d21ab7,species,Animalia,t0065285,"",Helius perelegans,Helius perelegans,相同Kingdom學名加命名者重複,https://vvtaxatree.tbn.org.tw/taxa/aee6d1d9-150b-4767-8263-5879f9d21ab7
92ae7979-5ec5-41ec-8780-c67673b14852,species,Animalia,t0065278,"",Helius attenuatus,Helius attenuatus,相同Kingdom學名加命名者重複,https://vvtaxatree.tbn.org.tw/taxa/92ae7979-5ec5-41ec-8780-c67673b14852
caacce36-6b99-4519-85d8-c168daeb971e,species,Animalia,t0065280,"",Helius chikuriensis,Helius chikuriensis,相同Kingdom學名加命名者重複,https://vvtaxatree.tbn.org.tw/taxa/caacce36-6b99-4519-85d8-c168daeb971e
5b1340d4-4b72-462c-8274-342172052d69,species,Animalia,t0065282,"",Helius liliputanus,Helius liliputanus,相同Kingdom學名加命名者重複,https://vvtaxatree.tbn.org.tw/taxa/5b1340d4-4b72-462c-8274-342172052d69
f3d47406-648b-45ab-a544-f401aa496ee7,species,Animalia,t0065283,"",Helius minusculus,Helius minusculus,相同Kingdom學名加命名者重複,https://vvtaxatree.tbn.org.tw/taxa/f3d47406-648b-45ab-a544-f401aa496ee7
e80a7b50-f4f4-4424-822a-11d6913de059,species,Animalia,t0065286,"",Helius rufithorax,Helius rufithorax,相同Kingdom學名加命名者重複,https://vvtaxatree.tbn.org.tw/taxa/e80a7b50-f4f4-4424-822a-11d6913de059
7580560d-cc82-49c4-9cd8-39f176020eba,species,Animalia,t0065287,"",Helius subfasciatus,Helius subfasciatus,相同Kingdom學名加命名者重複,https://vvtaxatree.tbn.org.tw/taxa/7580560d-cc82-49c4-9cd8-39f176020eba
071d55f7-aa61-4a4c-a3a7-6c24b3832e91,species,Animalia,t0065288,"",Helius tenuistylus,Helius tenuistylus,相同Kingdom學名加命名者重複,https://vvtaxatree.tbn.org.tw/taxa/071d55f7-aa61-4a4c-a3a7-6c24b3832e91
2c73d68e-6e62-4099-bbb6-91fb865fb5dd,species,Animalia,t0067429,"",Limnophila excelsa,Limnophila excelsa,相同Kingdom學名加命名者重複,https://vvtaxatree.tbn.org.tw/taxa/2c73d68e-6e62-4099-bbb6-91fb865fb5dd
36ec7cee-ff65-463b-af41-6d73e4ce0dd6,species,Animalia,t0067431,"",Limnophila ferocia,Limnophila ferocia,相同Kingdom學名加命名者重複,https://vvtaxatree.tbn.org.tw/taxa/36ec7cee-ff65-463b-af41-6d73e4ce0dd6
3f8e6ff3-b6a7-4d99-a4cd-e8fca81a0d0a,species,Animalia,t0067438,"",Limnophila platystyla,Limnophila platystyla,相同Kingdom學名加命名者重複,https://vvtaxatree.tbn.org.tw/taxa/3f8e6ff3-b6a7-4d99-a4cd-e8fca81a0d0a
5e2d93c4-f1dd-4317-a11f-6f1b47cbd5f3,species,Animalia,t0067439,"",Limnophila rantaizana,Limnophila rantaizana,相同Kingdom學名加命名者重複,https://vvtaxatree.tbn.org.tw/taxa/5e2d93c4-f1dd-4317-a11f-6f1b47cbd5f3
3ea50080-70ec-4798-a6c9-f44cfd710312,species,Animalia,t0067434,"",Limnophila inaequalis,Limnophila inaequalis,相同Kingdom學名加命名者重複,https://vvtaxatree.tbn.org.tw/taxa/3ea50080-70ec-4798-a6c9-f44cfd710312
5ee67b19-6a0e-4a89-87dc-8b1a1653e072,species,Animalia,t0067435,"",Limnophila nesonemoralis,Limnophila nesonemoralis,相同Kingdom學名加命名者重複,https://vvtaxatree.tbn.org.tw/taxa/5ee67b19-6a0e-4a89-87dc-8b1a1653e072
a797b0eb-f4b9-4344-81fd-eccd58390bed,species,Animalia,t0067428,"",Limnophila dorsolineata,Limnophila dorsolineata,相同Kingdom學名加命名者重複,https://vvtaxatree.tbn.org.tw/taxa/a797b0eb-f4b9-4344-81fd-eccd58390bed
c2f44dca-5d0b-44eb-849b-3e47403ea3b3,species,Animalia,t0067432,"",Limnophila formosa,Limnophila formosa,相同Kingdom學名加命名者重複,https://vvtaxatree.tbn.org.tw/taxa/c2f44dca-5d0b-44eb-849b-3e47403ea3b3
db14c173-6383-4f80-9259-6f24e7f97636,species,Animalia,t0067441,"",Limnophila taiwanensis,Limnophila taiwanensis,相同Kingdom學名加命名者重複,https://vvtaxatree.tbn.org.tw/taxa/db14c173-6383-4f80-9259-6f24e7f97636
fa211335-ee95-4f39-aada-c88985868c72,species,Animalia,t0067433,"",Limnophila harukonis,Limnophila harukonis,相同Kingdom學名加命名者重複,https://vvtaxatree.tbn.org.tw/taxa/fa211335-ee95-4f39-aada-c88985868c72
4f533a56-5d11-45d9-a644-95fb094fe905,species,Animalia,t0067437,"",Limnophila oritropha,Limnophila oritropha,相同Kingdom學名加命名者重複,https://vvtaxatree.tbn.org.tw/taxa/4f533a56-5d11-45d9-a644-95fb094fe905
d7465076-fa0f-4a3c-bf50-7c7fa6b41fe9,species,Animalia,t0067440,"",Limnophila serridentata,Limnophila serridentata,相同Kingdom學名加命名者重複,https://vvtaxatree.tbn.org.tw/taxa/d7465076-fa0f-4a3c-bf50-7c7fa6b41fe9
02b29b1c-d000-4ac7-afbf-7605f63c2597,species,Animalia,t0067472,"",Limonia ebriola,Limonia ebriola,相同Kingdom學名加命名者重複,https://vvtaxatree.tbn.org.tw/taxa/02b29b1c-d000-4ac7-afbf-7605f63c2597
3059f17a-730c-4753-84a5-2f8ccb4a874f,species,Animalia,t0067483,"",Limonia inscita,Limonia inscita,相同Kingdom學名加命名者重複,https://vvtaxatree.tbn.org.tw/taxa/3059f17a-730c-4753-84a5-2f8ccb4a874f
4ed002b1-4ac7-4eef-89db-ea92d4fdf560,species,Animalia,t0067485,"",Limonia koxinga,Limonia koxinga,相同Kingdom學名加命名者重複,https://vvtaxatree.tbn.org.tw/taxa/4ed002b1-4ac7-4eef-89db-ea92d4fdf560
51b0a5ce-d0ec-44cb-990c-56c961908bf2,species,Animalia,t0067492,"",Limonia montium,Limonia montium,相同Kingdom學名加命名者重複,https://vvtaxatree.tbn.org.tw/taxa/51b0a5ce-d0ec-44cb-990c-56c961908bf2
0ad212ef-6a32-49e6-a58a-69451fc7adb8,species,Animalia,t0067513,"",Limonia subpunctulata,Limonia subpunctulata,相同Kingdom學名加命名者重複,https://vvtaxatree.tbn.org.tw/taxa/0ad212ef-6a32-49e6-a58a-69451fc7adb8
c54d0f01-a686-40e2-9744-dbe438bc17b9,species,Animalia,t0067515,"",Limonia tattakae,Limonia tattakae,相同Kingdom學名加命名者重複,https://vvtaxatree.tbn.org.tw/taxa/c54d0f01-a686-40e2-9744-dbe438bc17b9
df7c96e3-6084-4cb4-bf56-d0870c2d5255,species,Animalia,t0067516,"",Limonia tenuicula,Limonia tenuicula,相同Kingdom學名加命名者重複,https://vvtaxatree.tbn.org.tw/taxa/df7c96e3-6084-4cb4-bf56-d0870c2d5255
7a054916-2c20-4e27-8dce-97434aa410a5,species,Animalia,t0067514,"",Limonia taivanella,Limonia taivanella,相同Kingdom學名加命名者重複,https://vvtaxatree.tbn.org.tw/taxa/7a054916-2c20-4e27-8dce-97434aa410a5
30cc21b9-3265-41c3-ac6e-f313495d06c2,species,Animalia,t0067455,"",Limonia alpestris,Limonia alpestris,相同Kingdom學名加命名者重複,https://vvtaxatree.tbn.org.tw/taxa/30cc21b9-3265-41c3-ac6e-f313495d06c2
813a96c2-7af8-4259-9b2e-928f4765773a,species,Animalia,t0067458,"",Limonia apicifasciata,Limonia apicifasciata,相同Kingdom學名加命名者重複,https://vvtaxatree.tbn.org.tw/taxa/813a96c2-7af8-4259-9b2e-928f4765773a
5c7acd29-b263-41f0-8d56-0fe821c19c87,species,Animalia,t0067500,"",Limonia pictorum,Limonia pictorum,相同Kingdom學名加命名者重複,https://vvtaxatree.tbn.org.tw/taxa/5c7acd29-b263-41f0-8d56-0fe821c19c87
51fa720e-62d2-4864-bcb5-87c528d19cd6,species,Animalia,t0067520,"",Limonia unifilosa,Limonia unifilosa,相同Kingdom學名加命名者重複,https://vvtaxatree.tbn.org.tw/taxa/51fa720e-62d2-4864-bcb5-87c528d19cd6
aaa5d7b3-6f53-4fe8-9bf5-0d2b5d7a78e0,species,Animalia,t0067466,"",Limonia clitelligera,Limonia clitelligera,相同Kingdom學名加命名者重複,https://vvtaxatree.tbn.org.tw/taxa/aaa5d7b3-6f53-4fe8-9bf5-0d2b5d7a78e0
d8e9d4a6-930c-41c8-ad0e-0b84f39b6ce3,species,Animalia,t0067479,"",Limonia hassenana,Limonia hassenana,相同Kingdom學名加命名者重複,https://vvtaxatree.tbn.org.tw/taxa/d8e9d4a6-930c-41c8-ad0e-0b84f39b6ce3
430f87a6-63a4-4fa3-925d-11396afbaa8f,species,Animalia,t0067480,"",Limonia imbellis,Limonia imbellis,相同Kingdom學名加命名者重複,https://vvtaxatree.tbn.org.tw/taxa/430f87a6-63a4-4fa3-925d-11396afbaa8f
d6e43e40-d739-4968-93c7-6a4477f645a6,species,Animalia,t0067481,"",Limonia immetata,Limonia immetata,相同Kingdom學名加命名者重複,https://vvtaxatree.tbn.org.tw/taxa/d6e43e40-d739-4968-93c7-6a4477f645a6
9e9b1ec9-15c4-472f-967b-5da57b3d9b46,species,Animalia,t0067499,"",Limonia perparvuloides,Limonia perparvuloides,相同Kingdom學名加命名者重複,https://vvtaxatree.tbn.org.tw/taxa/9e9b1ec9-15c4-472f-967b-5da57b3d9b46
d197f492-478e-46bb-8e1a-9fd54f38dcad,species,Animalia,t0067467,"",Limonia comissabunda,Limonia comissabunda,相同Kingdom學名加命名者重複,https://vvtaxatree.tbn.org.tw/taxa/d197f492-478e-46bb-8e1a-9fd54f38dcad
860aeb57-5c73-4edc-8bd6-a2b9433569b6,species,Animalia,t0067478,"",Limonia griseola,Limonia griseola,相同Kingdom學名加命名者重複,https://vvtaxatree.tbn.org.tw/taxa/860aeb57-5c73-4edc-8bd6-a2b9433569b6
23e1e62f-5362-4a03-8c40-7c575cda7aa0,species,Animalia,t0067475,"",Limonia fraudulenta,Limonia fraudulenta,相同Kingdom學名加命名者重複,https://vvtaxatree.tbn.org.tw/taxa/23e1e62f-5362-4a03-8c40-7c575cda7aa0
20dc9422-5106-430d-8a34-dcacc5011cbb,species,Animalia,t0067482,"",Limonia inelegans,Limonia inelegans,相同Kingdom學名加命名者重複,https://vvtaxatree.tbn.org.tw/taxa/20dc9422-5106-430d-8a34-dcacc5011cbb
9bbd832d-4ee5-4e4a-9301-5a8662f4de73,species,Animalia,t0067489,"",Limonia melas,Limonia melas,相同Kingdom學名加命名者重複,https://vvtaxatree.tbn.org.tw/taxa/9bbd832d-4ee5-4e4a-9301-5a8662f4de73
b88099c2-ae1f-40ef-9a36-7e36679debb4,species,Animalia,t0067504,"",Limonia rantaiensis,Limonia rantaiensis,相同Kingdom學名加命名者重複,https://vvtaxatree.tbn.org.tw/taxa/b88099c2-ae1f-40ef-9a36-7e36679debb4
19b6c632-6c17-4c91-955f-6e5b0b253ebc,species,Animalia,t0067511,"",Limonia subhostillis,Limonia subhostillis,相同Kingdom學名加命名者重複,https://vvtaxatree.tbn.org.tw/taxa/19b6c632-6c17-4c91-955f-6e5b0b253ebc
2f0bad08-f7b7-4ba9-825e-5f2521c5449a,species,Animalia,t0067464,"",Limonia aurita,Limonia aurita,相同Kingdom學名加命名者重複,https://vvtaxatree.tbn.org.tw/taxa/2f0bad08-f7b7-4ba9-825e-5f2521c5449a
defe6ff3-0577-4855-88a1-0b5f7d8de7c6,species,Animalia,t0067460,"",Limonia argyrata,Limonia argyrata,相同Kingdom學名加命名者重複,https://vvtaxatree.tbn.org.tw/taxa/defe6ff3-0577-4855-88a1-0b5f7d8de7c6
7f1b2136-5d1d-4106-b296-db4c26b4f5c2,species,Animalia,t0067461,"",Limonia atayal,Limonia atayal,相同Kingdom學名加命名者重複,https://vvtaxatree.tbn.org.tw/taxa/7f1b2136-5d1d-4106-b296-db4c26b4f5c2
4c3618b6-7afe-4f49-a36e-bd9fec03c334,species,Animalia,t0067506,"",Limonia remissa,Limonia remissa,相同Kingdom學名加命名者重複,https://vvtaxatree.tbn.org.tw/taxa/4c3618b6-7afe-4f49-a36e-bd9fec03c334
c70294de-b080-433f-a0a3-98f7f5b85c8d,species,Animalia,t0067471,"",Limonia dimelania,Limonia dimelania,相同Kingdom學名加命名者重複,https://vvtaxatree.tbn.org.tw/taxa/c70294de-b080-433f-a0a3-98f7f5b85c8d
36f83760-524d-49db-bb4b-31d8f986ad34,species,Animalia,t0067490,"",Limonia monocycla,Limonia monocycla,相同Kingdom學名加命名者重複,https://vvtaxatree.tbn.org.tw/taxa/36f83760-524d-49db-bb4b-31d8f986ad34
93ce5bac-09c9-4a66-8a68-edc6be29dd5d,species,Animalia,t0067521,"",Limonia unisetosa,Limonia unisetosa,相同Kingdom學名加命名者重複,https://vvtaxatree.tbn.org.tw/taxa/93ce5bac-09c9-4a66-8a68-edc6be29dd5d
50bcdbce-d940-4cb2-a10c-fe3c1c45d12f,species,Animalia,t0080365,"",Molophilus alcocostalis,Molophilus alcocostalis,相同Kingdom學名加命名者重複,https://vvtaxatree.tbn.org.tw/taxa/50bcdbce-d940-4cb2-a10c-fe3c1c45d12f
9e3a5f02-94a0-453a-b767-725bcd6443cd,species,Animalia,t0080367,"",Molophilus aricola,Molophilus aricola,相同Kingdom學名加命名者重複,https://vvtaxatree.tbn.org.tw/taxa/9e3a5f02-94a0-453a-b767-725bcd6443cd
bb605327-e4c0-4825-856e-c0911f42fba0,species,Animalia,t0080368,"",Molophilus arisanus,Molophilus arisanus,相同Kingdom學名加命名者重複,https://vvtaxatree.tbn.org.tw/taxa/bb605327-e4c0-4825-856e-c0911f42fba0
e2d5073b-8faa-45b2-a995-a0e0e56b71da,species,Animalia,t0080370,"",Molophilus editus,Molophilus editus,相同Kingdom學名加命名者重複,https://vvtaxatree.tbn.org.tw/taxa/e2d5073b-8faa-45b2-a995-a0e0e56b71da
5505a193-065e-4c16-86d1-9c71bccb5ee8,species,Animalia,t0080371,"",Molophilus ephippiger,Molophilus ephippiger,相同Kingdom學名加命名者重複,https://vvtaxatree.tbn.org.tw/taxa/5505a193-065e-4c16-86d1-9c71bccb5ee8
f3f6101e-bbec-4e2a-a1b2-6f64010e84f3,species,Animalia,t0080372,"",Molophilus hoplostylus,Molophilus hoplostylus,相同Kingdom學名加命名者重複,https://vvtaxatree.tbn.org.tw/taxa/f3f6101e-bbec-4e2a-a1b2-6f64010e84f3
d10fc39a-f20c-43ba-a152-dae44f2976c7,species,Animalia,t0080373,"",Molophilus issikii,Molophilus issikii,相同Kingdom學名加命名者重複,https://vvtaxatree.tbn.org.tw/taxa/d10fc39a-f20c-43ba-a152-dae44f2976c7
fc595b63-54da-40dd-9ea2-f9ea7ef9bffc,species,Animalia,t0080374,"",Molophilus nifritus,Molophilus nifritus,相同Kingdom學名加命名者重複,https://vvtaxatree.tbn.org.tw/taxa/fc595b63-54da-40dd-9ea2-f9ea7ef9bffc
4d763cdf-e3cd-4d6e-8892-d6eee38b5c39,species,Animalia,t0080375,"",Molophilus nigripes,Molophilus nigripes,相同Kingdom學名加命名者重複,https://vvtaxatree.tbn.org.tw/taxa/4d763cdf-e3cd-4d6e-8892-d6eee38b5c39
308d7b7b-d867-4381-a504-4e0b226374b0,species,Animalia,t0080376,"",Molophilus nigritarsis,Molophilus nigritarsis,相同Kingdom學名加命名者重複,https://vvtaxatree.tbn.org.tw/taxa/308d7b7b-d867-4381-a504-4e0b226374b0
53c18794-4a90-47f3-a622-0c024c86032e,species,Animalia,t0080377,"",Molophilus nokonis,Molophilus nokonis,相同Kingdom學名加命名者重複,https://vvtaxatree.tbn.org.tw/taxa/53c18794-4a90-47f3-a622-0c024c86032e
9ced0298-db46-4b9a-8c7a-d72bb7f14c56,species,Animalia,t0080378,"",Molophilus pallidibasis,Molophilus pallidibasis,相同Kingdom學名加命名者重複,https://vvtaxatree.tbn.org.tw/taxa/9ced0298-db46-4b9a-8c7a-d72bb7f14c56
e827a235-6310-45de-9244-1b65f3a37d73,species,Animalia,t0080379,"",Molophilus spinosissimus,Molophilus spinosissimus,相同Kingdom學名加命名者重複,https://vvtaxatree.tbn.org.tw/taxa/e827a235-6310-45de-9244-1b65f3a37d73
f33b46e6-244b-4918-a8b5-b934a351aafa,species,Animalia,t0080366,"",Molophilus alticola,Molophilus alticola,相同Kingdom學名加命名者重複,https://vvtaxatree.tbn.org.tw/taxa/f33b46e6-244b-4918-a8b5-b934a351aafa
4e8248ce-d48a-44cb-a4e3-78d7a9af1281,species,Animalia,t0082425,"",Orimarga formosicola,Orimarga formosicola,相同Kingdom學名加命名者重複,https://vvtaxatree.tbn.org.tw/taxa/4e8248ce-d48a-44cb-a4e3-78d7a9af1281
7f89481f-ce9b-4f80-9aac-b2d0c47bb2fe,species,Animalia,t0082426,"",Orimarga fuscivenosa,Orimarga fuscivenosa,相同Kingdom學名加命名者重複,https://vvtaxatree.tbn.org.tw/taxa/7f89481f-ce9b-4f80-9aac-b2d0c47bb2fe
ec4ca255-639d-4f08-9493-561b7bf4930e,species,Animalia,t0082427,"",Orimarga griseipennis,Orimarga griseipennis,相同Kingdom學名加命名者重複,https://vvtaxatree.tbn.org.tw/taxa/ec4ca255-639d-4f08-9493-561b7bf4930e
54bd0dad-b6ab-4e0b-ba5f-3d6c40889f73,species,Animalia,t0082428,"",Orimarga gymnoneura,Orimarga gymnoneura,相同Kingdom學名加命名者重複,https://vvtaxatree.tbn.org.tw/taxa/54bd0dad-b6ab-4e0b-ba5f-3d6c40889f73
12aff648-8a2a-4944-a400-9dad43827a4b,species,Animalia,t0082429,"",Orimarga taiwanensis,Orimarga taiwanensis,相同Kingdom學名加命名者重複,https://vvtaxatree.tbn.org.tw/taxa/12aff648-8a2a-4944-a400-9dad43827a4b
1c7a5a98-46a3-4dcb-9adb-a4296ef09b1e,species,Animalia,t0082438,"",Ormosia anthracopoda,Ormosia anthracopoda,相同Kingdom學名加命名者重複,https://vvtaxatree.tbn.org.tw/taxa/1c7a5a98-46a3-4dcb-9adb-a4296ef09b1e
c35296a6-f44b-48f7-96b5-630bb9980cd5,species,Animalia,t0082439,"",Ormosia arisanensis,Ormosia arisanensis,相同Kingdom學名加命名者重複,https://vvtaxatree.tbn.org.tw/taxa/c35296a6-f44b-48f7-96b5-630bb9980cd5
f3ceb1ef-656c-4f25-90f1-bf8167a3ba76,species,Animalia,t0082440,"",Ormosia diplotergata,Ormosia diplotergata,相同Kingdom學名加命名者重複,https://vvtaxatree.tbn.org.tw/taxa/f3ceb1ef-656c-4f25-90f1-bf8167a3ba76
e4024a88-e30a-4268-82b0-436b29de6aee,species,Animalia,t0082441,"",Ormosia diversipennis,Ormosia diversipennis,相同Kingdom學名加命名者重複,https://vvtaxatree.tbn.org.tw/taxa/e4024a88-e30a-4268-82b0-436b29de6aee
d681265c-874a-453e-b58c-a9a205276330,species,Animalia,t0082443,"",Ormosia shoreana,Ormosia shoreana,相同Kingdom學名加命名者重複,https://vvtaxatree.tbn.org.tw/taxa/d681265c-874a-453e-b58c-a9a205276330
ef8adcfd-45d5-4f3f-97f7-8b26a2e18fc4,species,Animalia,t0072484,"",Atarba issikiana,Atarba issikiana,相同Kingdom學名加命名者重複,https://vvtaxatree.tbn.org.tw/taxa/ef8adcfd-45d5-4f3f-97f7-8b26a2e18fc4
40715944-7d04-4ef2-89dc-3037de56b745,species,Animalia,t0072485,"",Atarba leptoxantha,Atarba leptoxantha,相同Kingdom學名加命名者重複,https://vvtaxatree.tbn.org.tw/taxa/40715944-7d04-4ef2-89dc-3037de56b745
ee6bea6a-fe5a-45dd-b596-72402e346b80,species,Animalia,t0061894,"",Dolichopeza issikiella,Dolichopeza issikiella,相同Kingdom學名加命名者重複,https://vvtaxatree.tbn.org.tw/taxa/ee6bea6a-fe5a-45dd-b596-72402e346b80
9382b20d-ba33-420f-9331-b7a11eb686c7,species,Animalia,t0061902,"",Dolichopeza taiwanicola,Dolichopeza taiwanicola,相同Kingdom學名加命名者重複,https://vvtaxatree.tbn.org.tw/taxa/9382b20d-ba33-420f-9331-b7a11eb686c7
84259936-53f9-4001-adb1-2cd4e879fe7a,species,Animalia,t0061895,"",Dolichopeza lugubrivestis,Dolichopeza lugubrivestis,相同Kingdom學名加命名者重複,https://vvtaxatree.tbn.org.tw/taxa/84259936-53f9-4001-adb1-2cd4e879fe7a
742990fc-aec4-4607-b1bc-a5d7819473ac,species,Animalia,t0061896,"",Dolichopeza profundemarginata,Dolichopeza profundemarginata,相同Kingdom學名加命名者重複,https://vvtaxatree.tbn.org.tw/taxa/742990fc-aec4-4607-b1bc-a5d7819473ac
f9b33c49-7e21-4996-9d84-5ff44f92b914,species,Animalia,t0061900,"",Dolichopeza subalbitibia,Dolichopeza subalbitibia,相同Kingdom學名加命名者重複,https://vvtaxatree.tbn.org.tw/taxa/f9b33c49-7e21-4996-9d84-5ff44f92b914
e2ee82f9-43cd-4246-9272-390035f332b6,species,Animalia,t0061904,"",Dolichopeza tuberculifera,Dolichopeza tuberculifera,相同Kingdom學名加命名者重複,https://vvtaxatree.tbn.org.tw/taxa/e2ee82f9-43cd-4246-9272-390035f332b6
ceadac52-9d05-4b4c-afc6-639e4f5aa45e,species,Animalia,t0062901,"",Epiphragma divisum,Epiphragma divisum,相同Kingdom學名加命名者重複,https://vvtaxatree.tbn.org.tw/taxa/ceadac52-9d05-4b4c-afc6-639e4f5aa45e
d6d171b2-db49-4586-93ff-09278a8b646d,species,Animalia,t0062903,"",Epiphragma nymphicum,Epiphragma nymphicum,相同Kingdom學名加命名者重複,https://vvtaxatree.tbn.org.tw/taxa/d6d171b2-db49-4586-93ff-09278a8b646d
6d9b654a-b7be-40d9-98c4-c94ef9907691,species,Animalia,t0081467,"",Nephrotoma atrolatera,Nephrotoma atrolatera,相同Kingdom學名加命名者重複,https://vvtaxatree.tbn.org.tw/taxa/6d9b654a-b7be-40d9-98c4-c94ef9907691
cbc8277e-3fe0-41fb-8888-0c55ef11884d,species,Animalia,t0081469,"",Nephrotoma caudifera,Nephrotoma caudifera,相同Kingdom學名加命名者重複,https://vvtaxatree.tbn.org.tw/taxa/cbc8277e-3fe0-41fb-8888-0c55ef11884d
e29eb3d2-dc64-4f15-8401-3cfacbc4fe86,species,Animalia,t0081471,"",Nephrotoma definita,Nephrotoma definita,相同Kingdom學名加命名者重複,https://vvtaxatree.tbn.org.tw/taxa/e29eb3d2-dc64-4f15-8401-3cfacbc4fe86
4a281412-57ac-42f0-b66e-479327fdaf65,species,Animalia,t0081474,"",Nephrotoma integra,Nephrotoma integra,相同Kingdom學名加命名者重複,https://vvtaxatree.tbn.org.tw/taxa/4a281412-57ac-42f0-b66e-479327fdaf65
2cc878ee-9dc6-47ae-982a-5523153f4802,species,Animalia,t0081477,"",Nephrotoma omeiana,Nephrotoma omeiana,相同Kingdom學名加命名者重複,https://vvtaxatree.tbn.org.tw/taxa/2cc878ee-9dc6-47ae-982a-5523153f4802
c38ffa77-3908-4f99-ace9-4fee98b7015d,species,Animalia,t0081480,"",Nephrotoma takeuchii,Nephrotoma takeuchii,相同Kingdom學名加命名者重複,https://vvtaxatree.tbn.org.tw/taxa/c38ffa77-3908-4f99-ace9-4fee98b7015d
22d7cfb4-6304-4f52-a334-d3b2334f4dc5,species,Animalia,t0047234,"",Thaumastoptera issikiana,Thaumastoptera issikiana,相同Kingdom學名加命名者重複,https://vvtaxatree.tbn.org.tw/taxa/22d7cfb4-6304-4f52-a334-d3b2334f4dc5
fd811bc4-943c-48f9-992b-15c5d7644bd5,species,Animalia,t0047457,"",Tipula alboplagiata,Tipula alboplagiata,相同Kingdom學名加命名者重複,https://vvtaxatree.tbn.org.tw/taxa/fd811bc4-943c-48f9-992b-15c5d7644bd5
d8cdb5cb-bfb0-4aa0-8f45-c6c0fed63df5,species,Animalia,t0047482,"",Tipula obtusiloba,Tipula obtusiloba,相同Kingdom學名加命名者重複,https://vvtaxatree.tbn.org.tw/taxa/d8cdb5cb-bfb0-4aa0-8f45-c6c0fed63df5
10b96d18-a278-4b39-9820-91a0dff3b562,species,Animalia,t0047496,"",Tipula yamata,Tipula yamata,相同Kingdom學名加命名者重複,https://vvtaxatree.tbn.org.tw/taxa/10b96d18-a278-4b39-9820-91a0dff3b562
b09752b2-acf9-44f7-bdb9-943bb4e7f9dc,species,Animalia,t0047478,"",Tipula niitakensis,Tipula niitakensis,相同Kingdom學名加命名者重複,https://vvtaxatree.tbn.org.tw/taxa/b09752b2-acf9-44f7-bdb9-943bb4e7f9dc
07ea1ae7-8650-4706-b137-510f34121949,species,Animalia,t0047481,"",Tipula obnata,Tipula obnata,相同Kingdom學名加命名者重複,https://vvtaxatree.tbn.org.tw/taxa/07ea1ae7-8650-4706-b137-510f34121949
e27b722d-a6fd-4207-a8d6-936dca4aef13,species,Animalia,t0047495,"",Tipula tridentata,Tipula tridentata,相同Kingdom學名加命名者重複,https://vvtaxatree.tbn.org.tw/taxa/e27b722d-a6fd-4207-a8d6-936dca4aef13
38d0baef-2a36-4fd2-98db-5e5ee1da9e91,species,Animalia,t0047487,"",Tipula rantaicola,Tipula rantaicola,相同Kingdom學名加命名者重複,https://vvtaxatree.tbn.org.tw/taxa/38d0baef-2a36-4fd2-98db-5e5ee1da9e91
044fa08e-8a79-4106-a8e8-27303f5e650c,species,Animalia,t0047489,"",Tipula sparsissima,Tipula sparsissima,相同Kingdom學名加命名者重複,https://vvtaxatree.tbn.org.tw/taxa/044fa08e-8a79-4106-a8e8-27303f5e650c
c1699cda-7131-48f1-83b2-c044b4ec8210,species,Animalia,t0047491,"",Tipula strictiva,Tipula strictiva,相同Kingdom學名加命名者重複,https://vvtaxatree.tbn.org.tw/taxa/c1699cda-7131-48f1-83b2-c044b4ec8210
aa07089e-8d51-4ac3-a14a-51050a6c0c88,species,Animalia,t0047473,"",Tipula lackschewitziana,Tipula lackschewitziana,相同Kingdom學名加命名者重複,https://vvtaxatree.tbn.org.tw/taxa/aa07089e-8d51-4ac3-a14a-51050a6c0c88
b964d1fc-3f26-4619-9d60-30aba73c45b7,species,Animalia,t0047470,"",Tipula haplotricha,Tipula haplotricha,相同Kingdom學名加命名者重複,https://vvtaxatree.tbn.org.tw/taxa/b964d1fc-3f26-4619-9d60-30aba73c45b7
bf109c63-cd6e-4771-92bf-82e7a01af54f,species,Animalia,t0047460,"",Tipula bicornigera,Tipula bicornigera,相同Kingdom學名加命名者重複,https://vvtaxatree.tbn.org.tw/taxa/bf109c63-cd6e-4771-92bf-82e7a01af54f
bc28da44-1bfe-46b6-b795-fade8c3169ad,species,Animalia,t0047461,"",Tipula bicorunta,Tipula bicorunta,相同Kingdom學名加命名者重複,https://vvtaxatree.tbn.org.tw/taxa/bc28da44-1bfe-46b6-b795-fade8c3169ad
5375d034-ac32-4188-b8c0-608c63a6544d,species,Animalia,t0047467,"",Tipula foliacea,Tipula foliacea,相同Kingdom學名加命名者重複,https://vvtaxatree.tbn.org.tw/taxa/5375d034-ac32-4188-b8c0-608c63a6544d
605d45f0-c335-4262-95e0-3f2baf46ab35,species,Animalia,t0047476,"",Tipula nestor,Tipula nestor,相同Kingdom學名加命名者重複,https://vvtaxatree.tbn.org.tw/taxa/605d45f0-c335-4262-95e0-3f2baf46ab35
4957809f-b1e2-459b-8792-21e56abbd47f,species,Animalia,t0047479,"",Tipula nokonis,Tipula nokonis,相同Kingdom學名加命名者重複,https://vvtaxatree.tbn.org.tw/taxa/4957809f-b1e2-459b-8792-21e56abbd47f
5716ed72-c9bd-41fd-9b76-91f5aed84717,species,Animalia,t0047483,"",Tipula paravapiculata,Tipula paravapiculata,相同Kingdom學名加命名者重複,https://vvtaxatree.tbn.org.tw/taxa/5716ed72-c9bd-41fd-9b76-91f5aed84717
ab838d8d-bb7e-4e03-86ea-257cf9968032,species,Animalia,t0047492,"",Tipula subapterogyne,Tipula subapterogyne,相同Kingdom學名加命名者重複,https://vvtaxatree.tbn.org.tw/taxa/ab838d8d-bb7e-4e03-86ea-257cf9968032
7d2a5e61-10b3-4550-9a8e-e6028b2d2bec,species,Animalia,t0047494,"",Tipula takahashiana,Tipula takahashiana,相同Kingdom學名加命名者重複,https://vvtaxatree.tbn.org.tw/taxa/7d2a5e61-10b3-4550-9a8e-e6028b2d2bec
00094e04-1f56-4996-87ac-044a2ce33327,species,Animalia,t0047480,"",Tipula nova,Tipula nova,相同Kingdom學名加命名者重複,https://vvtaxatree.tbn.org.tw/taxa/00094e04-1f56-4996-87ac-044a2ce33327
586a9af8-d977-4a6d-a74c-f7406b2ce65c,species,Animalia,t0047700,"",Trentepholia atayal,Trentepholia atayal,相同Kingdom學名加命名者重複,https://vvtaxatree.tbn.org.tw/taxa/586a9af8-d977-4a6d-a74c-f7406b2ce65c
d7552884-cfc8-4678-a4dd-751a20e300ae,species,Animalia,t0047701,"",Trentepholia esakii,Trentepholia esakii,相同Kingdom學名加命名者重複,https://vvtaxatree.tbn.org.tw/taxa/d7552884-cfc8-4678-a4dd-751a20e300ae
e4e65ab8-72a5-46a5-af4b-94a16fdd0646,species,Animalia,t0047703,"",Trentepholia montina,Trentepholia montina,相同Kingdom學名加命名者重複,https://vvtaxatree.tbn.org.tw/taxa/e4e65ab8-72a5-46a5-af4b-94a16fdd0646
5b3ee620-bc9f-4162-a08e-14f5d429c328,species,Animalia,t0047705,"",Trentepholia platyleuca,Trentepholia platyleuca,相同Kingdom學名加命名者重複,https://vvtaxatree.tbn.org.tw/taxa/5b3ee620-bc9f-4162-a08e-14f5d429c328
f9d0a4cc-6bbd-40f8-83ef-34d7b7b48e8a,species,Animalia,t0047708,"",Trentepholia tarsalba,Trentepholia tarsalba,相同Kingdom學名加命名者重複,https://vvtaxatree.tbn.org.tw/taxa/f9d0a4cc-6bbd-40f8-83ef-34d7b7b48e8a
3d111c8d-3642-474d-91d0-42e0495cccda,species,Animalia,t0047702,"",Trentepholia fuscobasalis,Trentepholia fuscobasalis,相同Kingdom學名加命名者重複,https://vvtaxatree.tbn.org.tw/taxa/3d111c8d-3642-474d-91d0-42e0495cccda
995cf61b-0534-4554-8c9e-ac7819ee6230,species,Animalia,t0047706,"",Trentepholia proba,Trentepholia proba,相同Kingdom學名加命名者重複,https://vvtaxatree.tbn.org.tw/taxa/995cf61b-0534-4554-8c9e-ac7819ee6230
6aabdaae-b661-4521-b294-43838d59e555,species,Animalia,t0047707,"",Trentepholia pulchripennis,Trentepholia pulchripennis,相同Kingdom學名加命名者重複,https://vvtaxatree.tbn.org.tw/taxa/6aabdaae-b661-4521-b294-43838d59e555
4dee6a98-e375-43d5-8b89-a03d0fafb026,species,Animalia,t0048345,"",Ula flavidibasis,Ula flavidibasis,相同Kingdom學名加命名者重複,https://vvtaxatree.tbn.org.tw/taxa/4dee6a98-e375-43d5-8b89-a03d0fafb026
a15e3286-3b3e-4cc2-a1d6-768334ebe6cb,species,Animalia,t0048346,"",Ula fuscistigma,Ula fuscistigma,相同Kingdom學名加命名者重複,https://vvtaxatree.tbn.org.tw/taxa/a15e3286-3b3e-4cc2-a1d6-768334ebe6cb
fcc58868-f399-4079-9612-750cb47e7549,species,Animalia,t0048347,"",Ula superelegans,Ula superelegans,相同Kingdom學名加命名者重複,https://vvtaxatree.tbn.org.tw/taxa/fcc58868-f399-4079-9612-750cb47e7549
d0042c2f-7725-43d6-8a91-7cd850a10179,species,Animalia,t0084496,"",Pipunculus coatalis,Pipunculus coatalis,相同Kingdom學名加命名者重複,https://vvtaxatree.tbn.org.tw/taxa/d0042c2f-7725-43d6-8a91-7cd850a10179
ece5bea1-9900-4bd7-a9c8-020cb3d9d2e7,species,Animalia,t0084495,"",Pipunculus bicolor,Pipunculus bicolor,相同Kingdom學名加命名者重複,https://vvtaxatree.tbn.org.tw/taxa/ece5bea1-9900-4bd7-a9c8-020cb3d9d2e7
d8143ceb-e3df-4041-9da5-590ef03fb196,species,Animalia,t0084501,"",Pipunculus holosericeus,Pipunculus holosericeus,相同Kingdom學名加命名者重複,https://vvtaxatree.tbn.org.tw/taxa/d8143ceb-e3df-4041-9da5-590ef03fb196
547f59aa-26b9-4765-85e1-582ba0cc74bc,species,Animalia,t0079111,"",Conops nubeculosus,Conops nubeculosus,相同Kingdom學名加命名者重複,https://vvtaxatree.tbn.org.tw/taxa/547f59aa-26b9-4765-85e1-582ba0cc74bc
2bbf72b0-8047-4102-8351-a9560d8a8a4d,species,Animalia,t0061563,"",Dicranota delectata,Dicranota delectata,相同Kingdom學名加命名者重複,https://vvtaxatree.tbn.org.tw/taxa/2bbf72b0-8047-4102-8351-a9560d8a8a4d
d9409858-79cb-4f83-beca-f18d26a21596,species,Animalia,t0061564,"",Dicranota fumicostata,Dicranota fumicostata,相同Kingdom學名加命名者重複,https://vvtaxatree.tbn.org.tw/taxa/d9409858-79cb-4f83-beca-f18d26a21596
ba8b054b-1a68-4e37-8272-b729209f8507,species,Animalia,t0061566,"",Dicranota plana,Dicranota plana,相同Kingdom學名加命名者重複,https://vvtaxatree.tbn.org.tw/taxa/ba8b054b-1a68-4e37-8272-b729209f8507
ce7499cf-33ad-47e8-8440-24f2bcbc7e22,species,Animalia,t0083640,"",Pedicia orophila,Pedicia orophila,相同Kingdom學名加命名者重複,https://vvtaxatree.tbn.org.tw/taxa/ce7499cf-33ad-47e8-8440-24f2bcbc7e22
a05e481a-022c-49e8-90fc-40848c0062f2,species,Animalia,t0084489,"",Piophila contecta,Piophila contecta,相同Kingdom學名加命名者重複,https://vvtaxatree.tbn.org.tw/taxa/a05e481a-022c-49e8-90fc-40848c0062f2
04f01575-8083-4438-824e-e2fecd1e05ad,species,Animalia,t0048860,"",Xenokeroplatus gozmanyi,Xenokeroplatus gozmanyi,相同Kingdom學名加命名者重複,https://vvtaxatree.tbn.org.tw/taxa/04f01575-8083-4438-824e-e2fecd1e05ad
c83c1b6a-a7cb-4bea-a91b-18300fbaf6bc,species,Animalia,t0039006,"",Simulium tuenense,Simulium tuenense,相同Kingdom學名加命名者重複,https://vvtaxatree.tbn.org.tw/taxa/c83c1b6a-a7cb-4bea-a91b-18300fbaf6bc
54d06c12-0db5-4899-a737-29245a94a26d,species,Animalia,t0039005,"",Simulium taulingense,Simulium taulingense,相同Kingdom學名加命名者重複,https://vvtaxatree.tbn.org.tw/taxa/54d06c12-0db5-4899-a737-29245a94a26d
e0614b66-57ba-44ee-b255-97334712c483,species,Animalia,t0039009,"",Simulium yushangense,Simulium yushangense,相同Kingdom學名加命名者重複,https://vvtaxatree.tbn.org.tw/taxa/e0614b66-57ba-44ee-b255-97334712c483
8650cb80-4f3d-4380-8edd-35d6e0bdf531,species,Animalia,t0038994,"",Simulium puliense,Simulium puliense,相同Kingdom學名加命名者重複,https://vvtaxatree.tbn.org.tw/taxa/8650cb80-4f3d-4380-8edd-35d6e0bdf531
c5bfab20-3554-46f6-841c-8ec1fb0e4aca,species,Animalia,t0038997,"",Simulium sakishimaense,Simulium sakishimaense,相同Kingdom學名加命名者重複,https://vvtaxatree.tbn.org.tw/taxa/c5bfab20-3554-46f6-841c-8ec1fb0e4aca
e06ed634-6ce6-4668-a26d-610f42f9cafa,species,Animalia,t0039004,"",Simulium taiwanicum,Simulium taiwanicum,相同Kingdom學名加命名者重複,https://vvtaxatree.tbn.org.tw/taxa/e06ed634-6ce6-4668-a26d-610f42f9cafa
d59d88ae-d8b3-46d8-872b-b52709ea523c,species,Animalia,t0039007,"",Simulium ufengense,Simulium ufengense,相同Kingdom學名加命名者重複,https://vvtaxatree.tbn.org.tw/taxa/d59d88ae-d8b3-46d8-872b-b52709ea523c
2508f806-d425-4127-af9e-c7f03b0d785a,species,Animalia,t0038987,"",Simulium chungi,Simulium chungi,相同Kingdom學名加命名者重複,https://vvtaxatree.tbn.org.tw/taxa/2508f806-d425-4127-af9e-c7f03b0d785a
e846d645-b68f-4a14-ac8d-e1a0575fb63d,species,Animalia,t0039008,"",Simulium yonakuniense,Simulium yonakuniense,相同Kingdom學名加命名者重複,https://vvtaxatree.tbn.org.tw/taxa/e846d645-b68f-4a14-ac8d-e1a0575fb63d
31ed21da-57fb-4928-a39c-8789f8a26f34,species,Animalia,t0071561,"",Ankylopteryx gracilis,Ankylopteryx gracilis,相同Kingdom學名加命名者重複,https://vvtaxatree.tbn.org.tw/taxa/31ed21da-57fb-4928-a39c-8789f8a26f34
cba2a8fd-a149-4b87-8c53-c46cef7b333f,species,Animalia,t0080398,"",Mongoloraphidia caelebs,Mongoloraphidia caelebs,相同Kingdom學名加命名者重複,https://vvtaxatree.tbn.org.tw/taxa/cba2a8fd-a149-4b87-8c53-c46cef7b333f
1ecd8617-fe01-49de-bf41-d9ea3a8cba88,species,Animalia,t0080401,"",Mongoloraphidia taiwanica,Mongoloraphidia taiwanica,相同Kingdom學名加命名者重複,https://vvtaxatree.tbn.org.tw/taxa/1ecd8617-fe01-49de-bf41-d9ea3a8cba88
5623551a-59fa-4b45-a01e-fa53657b7716,infraspecies,Plantae,"","",Zeuxine strateumatica rupicola,Zeuxine strateumatica var. rupicola,相同Kingdom學名加命名者重複,https://vvtaxatree.tbn.org.tw/taxa/5623551a-59fa-4b45-a01e-fa53657b7716
9711a88c-f488-4997-9572-cc49e81de6e6,infraspecies,Plantae,"","",Zeuxine strateumatica rupicola,Zeuxine strateumatica f. rupicola,相同Kingdom學名加命名者重複,https://vvtaxatree.tbn.org.tw/taxa/9711a88c-f488-4997-9572-cc49e81de6e6
534293e3-4d9b-42fb-93e5-8a09a36c62d6,species,Animalia,"","",Podocnemis unifilis,Podocnemis unifilis,相同Kingdom學名加命名者重複,https://vvtaxatree.tbn.org.tw/taxa/534293e3-4d9b-42fb-93e5-8a09a36c62d6
d73eaac7-4689-49d2-936f-423d5ef4d036,species,Animalia,t0071740,"",Anthaxia vicesimasexta,Anthaxia vicesimasexta,相同Kingdom學名加命名者重複,https://vvtaxatree.tbn.org.tw/taxa/d73eaac7-4689-49d2-936f-423d5ef4d036
3468db96-a307-4acc-9d70-2f327d15e4a3,species,Animalia,t0030620,"",Coelostoma sulcatum,Coelostoma sulcatum,相同Kingdom學名加命名者重複,https://vvtaxatree.tbn.org.tw/taxa/3468db96-a307-4acc-9d70-2f327d15e4a3
d2a0d321-6b55-4986-85d3-57362a289270,species,Animalia,t0068928,"",Menimus formosanus,Menimus formosanus,相同Kingdom學名加命名者重複,https://vvtaxatree.tbn.org.tw/taxa/d2a0d321-6b55-4986-85d3-57362a289270
47011ba1-a5ba-4aa0-937e-caf42b93cc20,species,Animalia,"","",Euplectes afer,Euplectes afer,相同Kingdom學名加命名者重複,https://vvtaxatree.tbn.org.tw/taxa/47011ba1-a5ba-4aa0-937e-caf42b93cc20
97a584e6-1689-45ee-a654-5dc2624f3143,genus,Animalia,"","",Stizoptera,Stizoptera,相同Kingdom學名加命名者重複,https://vvtaxatree.tbn.org.tw/taxa/97a584e6-1689-45ee-a654-5dc2624f3143
4cc3107e-19c0-4bd0-97ae-062cf25b1d33,species,Animalia,t0096500,"",Mythimna wulinensis,Mythimna wulinensis,相同Kingdom學名加命名者重複,https://vvtaxatree.tbn.org.tw/taxa/4cc3107e-19c0-4bd0-97ae-062cf25b1d33
3b467574-1b6f-40c1-a951-d221f3d1bfff,superclass,Animalia,t0000204,"",Chondrichthyes,Chondrichthyes,相同Kingdom學名加命名者重複,https://vvtaxatree.tbn.org.tw/taxa/3b467574-1b6f-40c1-a951-d221f3d1bfff
7ace2c07-874c-4b63-8ac5-8e6f1ab30334,infraclass,Animalia,t0000707,"",Cestoda,Cestoda,相同Kingdom學名加命名者重複,https://vvtaxatree.tbn.org.tw/taxa/7ace2c07-874c-4b63-8ac5-8e6f1ab30334
8ffe0798-3ea1-4640-9a21-0937d091abe6,infraclass,Animalia,t0134737,"",Scolecida,Scolecida,相同Kingdom學名加命名者重複,https://vvtaxatree.tbn.org.tw/taxa/8ffe0798-3ea1-4640-9a21-0937d091abe6
9551f6be-69e9-4b23-86c8-ded5f5b8d429,genus,Animalia,t0136306,"",Genusa,Genusa,相同Kingdom學名加命名者重複,https://vvtaxatree.tbn.org.tw/taxa/9551f6be-69e9-4b23-86c8-ded5f5b8d429
1002a108-0287-411e-a0af-ce54083a1a72,genus,Animalia,t0136327,"",Stizoptera,Stizoptera,相同Kingdom學名加命名者重複,https://vvtaxatree.tbn.org.tw/taxa/1002a108-0287-411e-a0af-ce54083a1a72
2552af61-77f4-436b-a8ef-267ba9e77876,species,Animalia,t0077550,"",Caryophyllia hawaiiensis,Caryophyllia hawaiiensis,相同Kingdom學名加命名者重複,https://vvtaxatree.tbn.org.tw/taxa/2552af61-77f4-436b-a8ef-267ba9e77876
7e04f9c7-44bd-424f-9fe7-9de332140009,species,Animalia,t0096030,"",Lema concinnipennis,Lema concinnipennis,相同Kingdom學名加命名者重複,https://vvtaxatree.tbn.org.tw/taxa/7e04f9c7-44bd-424f-9fe7-9de332140009
805daa53-6413-4d9b-9062-ecb463424303,species,Animalia,t0096031,"",Lema coronata,Lema coronata,相同Kingdom學名加命名者重複,https://vvtaxatree.tbn.org.tw/taxa/805daa53-6413-4d9b-9062-ecb463424303
6c7d4510-0be8-4fe9-8bad-a5e5a6171746,species,Animalia,t0096032,"",Lema fortunei,Lema fortunei,相同Kingdom學名加命名者重複,https://vvtaxatree.tbn.org.tw/taxa/6c7d4510-0be8-4fe9-8bad-a5e5a6171746
49391cbc-5766-4ff3-9d81-8e30dccb637a,species,Animalia,t0096033,"",Lema honorata,Lema honorata,相同Kingdom學名加命名者重複,https://vvtaxatree.tbn.org.tw/taxa/49391cbc-5766-4ff3-9d81-8e30dccb637a
ee575cdd-e3c2-4ff7-be71-91d986856922,species,Animalia,t0096038,"",Lencophenga ornata,Lencophenga ornata,相同Kingdom學名加命名者重複,https://vvtaxatree.tbn.org.tw/taxa/ee575cdd-e3c2-4ff7-be71-91d986856922
44bcda4e-a519-48a3-bece-b8963ccabb3d,species,Animalia,t0096093,"",Limnophila excelsa,Limnophila excelsa,相同Kingdom學名加命名者重複,https://vvtaxatree.tbn.org.tw/taxa/44bcda4e-a519-48a3-bece-b8963ccabb3d
358312dd-dc87-4cb9-baeb-96bfc62ea9f7,species,Animalia,t0096094,"",Limnophila ferocia,Limnophila ferocia,相同Kingdom學名加命名者重複,https://vvtaxatree.tbn.org.tw/taxa/358312dd-dc87-4cb9-baeb-96bfc62ea9f7
94c5a6c7-9469-4501-aa06-2bedd33a65f7,species,Animalia,t0096095,"",Limnophila platystyla,Limnophila platystyla,相同Kingdom學名加命名者重複,https://vvtaxatree.tbn.org.tw/taxa/94c5a6c7-9469-4501-aa06-2bedd33a65f7
a40fb197-ea5c-4f94-a860-3d1c2ea80936,species,Animalia,t0096096,"",Limnophila rantaizana,Limnophila rantaizana,相同Kingdom學名加命名者重複,https://vvtaxatree.tbn.org.tw/taxa/a40fb197-ea5c-4f94-a860-3d1c2ea80936
ea5d9ffc-60f0-4e22-9b0b-b6b1953598f7,species,Animalia,t0096097,"",Limnophila inaequalis,Limnophila inaequalis,相同Kingdom學名加命名者重複,https://vvtaxatree.tbn.org.tw/taxa/ea5d9ffc-60f0-4e22-9b0b-b6b1953598f7
906b1541-5696-498d-af35-778a74108226,species,Animalia,t0096098,"",Limnophila nesonemoralis,Limnophila nesonemoralis,相同Kingdom學名加命名者重複,https://vvtaxatree.tbn.org.tw/taxa/906b1541-5696-498d-af35-778a74108226
657dd391-0857-4e3f-a52e-a8e53525c6d6,species,Animalia,t0096099,"",Limnophila dorsolineata,Limnophila dorsolineata,相同Kingdom學名加命名者重複,https://vvtaxatree.tbn.org.tw/taxa/657dd391-0857-4e3f-a52e-a8e53525c6d6
d4374c37-e691-4d18-96e2-f05bb0a2b4ac,species,Animalia,t0096100,"",Limnophila formosa,Limnophila formosa,相同Kingdom學名加命名者重複,https://vvtaxatree.tbn.org.tw/taxa/d4374c37-e691-4d18-96e2-f05bb0a2b4ac
b4019df6-8ec8-4b9e-a7b2-cafe71cd0b3e,species,Animalia,t0096101,"",Limnophila taiwanensis,Limnophila taiwanensis,相同Kingdom學名加命名者重複,https://vvtaxatree.tbn.org.tw/taxa/b4019df6-8ec8-4b9e-a7b2-cafe71cd0b3e
d52993a5-45c4-40c9-9efa-36a9083bc71b,species,Animalia,t0096102,"",Limnophila harukonis,Limnophila harukonis,相同Kingdom學名加命名者重複,https://vvtaxatree.tbn.org.tw/taxa/d52993a5-45c4-40c9-9efa-36a9083bc71b
d8fa7902-69ea-491b-9818-5ae3c3d24a64,species,Animalia,t0096103,"",Limnophila oritropha,Limnophila oritropha,相同Kingdom學名加命名者重複,https://vvtaxatree.tbn.org.tw/taxa/d8fa7902-69ea-491b-9818-5ae3c3d24a64
563aaa80-39ff-4c68-9be3-acf86a6f6696,species,Animalia,t0096104,"",Limnophila serridentata,Limnophila serridentata,相同Kingdom學名加命名者重複,https://vvtaxatree.tbn.org.tw/taxa/563aaa80-39ff-4c68-9be3-acf86a6f6696
e245bb98-b8c4-4811-8b27-bc016548b4dd,species,Animalia,t0096105,"",Limonia ebriola,Limonia ebriola,相同Kingdom學名加命名者重複,https://vvtaxatree.tbn.org.tw/taxa/e245bb98-b8c4-4811-8b27-bc016548b4dd
0d8a6a06-232b-4855-b0b2-8cf134f4101c,species,Animalia,t0096106,"",Limonia inscita,Limonia inscita,相同Kingdom學名加命名者重複,https://vvtaxatree.tbn.org.tw/taxa/0d8a6a06-232b-4855-b0b2-8cf134f4101c
edfe390c-b1ed-4e31-a3cb-24980df0f920,species,Animalia,t0096107,"",Limonia koxinga,Limonia koxinga,相同Kingdom學名加命名者重複,https://vvtaxatree.tbn.org.tw/taxa/edfe390c-b1ed-4e31-a3cb-24980df0f920
7bfeb2a8-caef-4aba-8080-9d6f6e50df6a,species,Animalia,t0096108,"",Limonia montium,Limonia montium,相同Kingdom學名加命名者重複,https://vvtaxatree.tbn.org.tw/taxa/7bfeb2a8-caef-4aba-8080-9d6f6e50df6a
5ce92d52-b357-41da-bbd1-d290c76ca2de,species,Animalia,t0096109,"",Limonia subpunctulata,Limonia subpunctulata,相同Kingdom學名加命名者重複,https://vvtaxatree.tbn.org.tw/taxa/5ce92d52-b357-41da-bbd1-d290c76ca2de
c2c4e805-3a25-45bf-8f93-6b6555bef6d7,species,Animalia,t0096110,"",Limonia tattakae,Limonia tattakae,相同Kingdom學名加命名者重複,https://vvtaxatree.tbn.org.tw/taxa/c2c4e805-3a25-45bf-8f93-6b6555bef6d7
5d51bb2e-c9ef-4a35-be6d-833b1c61ebdf,species,Animalia,t0096111,"",Limonia tenuicula,Limonia tenuicula,相同Kingdom學名加命名者重複,https://vvtaxatree.tbn.org.tw/taxa/5d51bb2e-c9ef-4a35-be6d-833b1c61ebdf
fb66711f-c1f9-4459-af85-285c86e14c89,species,Animalia,t0096112,"",Limonia taivanella,Limonia taivanella,相同Kingdom學名加命名者重複,https://vvtaxatree.tbn.org.tw/taxa/fb66711f-c1f9-4459-af85-285c86e14c89
9b94217b-43ee-45d7-92fc-2846b891ec8a,species,Animalia,t0096113,"",Limonia alpestris,Limonia alpestris,相同Kingdom學名加命名者重複,https://vvtaxatree.tbn.org.tw/taxa/9b94217b-43ee-45d7-92fc-2846b891ec8a
e716497e-a253-4e6c-be2a-0e548af13834,species,Animalia,t0096114,"",Limonia apicifasciata,Limonia apicifasciata,相同Kingdom學名加命名者重複,https://vvtaxatree.tbn.org.tw/taxa/e716497e-a253-4e6c-be2a-0e548af13834
a64d3849-5d8e-4f7e-b54e-6d78fca8be29,species,Animalia,t0096115,"",Limonia pictorum,Limonia pictorum,相同Kingdom學名加命名者重複,https://vvtaxatree.tbn.org.tw/taxa/a64d3849-5d8e-4f7e-b54e-6d78fca8be29
220e0e24-3c99-4a4f-8ae8-40f34b6767a3,species,Animalia,t0096116,"",Limonia unifilosa,Limonia unifilosa,相同Kingdom學名加命名者重複,https://vvtaxatree.tbn.org.tw/taxa/220e0e24-3c99-4a4f-8ae8-40f34b6767a3
4dd3ee50-4eef-4dc5-bf02-3a5b4f2ede74,species,Animalia,t0096117,"",Limonia clitelligera,Limonia clitelligera,相同Kingdom學名加命名者重複,https://vvtaxatree.tbn.org.tw/taxa/4dd3ee50-4eef-4dc5-bf02-3a5b4f2ede74
071dd78a-40c1-4635-978d-194aeef363c5,species,Animalia,t0096118,"",Limonia hassenana,Limonia hassenana,相同Kingdom學名加命名者重複,https://vvtaxatree.tbn.org.tw/taxa/071dd78a-40c1-4635-978d-194aeef363c5
cc2b18e0-384a-4053-9fb9-248d62d7a010,species,Animalia,t0096119,"",Limonia imbellis,Limonia imbellis,相同Kingdom學名加命名者重複,https://vvtaxatree.tbn.org.tw/taxa/cc2b18e0-384a-4053-9fb9-248d62d7a010
1f69e8b7-0657-47ff-83bf-f87cc9a7d435,species,Animalia,t0096120,"",Limonia immetata,Limonia immetata,相同Kingdom學名加命名者重複,https://vvtaxatree.tbn.org.tw/taxa/1f69e8b7-0657-47ff-83bf-f87cc9a7d435
170cc1d5-ca8e-4957-bf01-471fd1c9550a,species,Animalia,t0096121,"",Limonia perparvuloides,Limonia perparvuloides,相同Kingdom學名加命名者重複,https://vvtaxatree.tbn.org.tw/taxa/170cc1d5-ca8e-4957-bf01-471fd1c9550a
06c6f35a-f875-402f-9871-3b2c7f20b61d,species,Animalia,t0096122,"",Limonia comissabunda,Limonia comissabunda,相同Kingdom學名加命名者重複,https://vvtaxatree.tbn.org.tw/taxa/06c6f35a-f875-402f-9871-3b2c7f20b61d
d1467643-4c8f-46b6-8430-f12fba148ae5,species,Animalia,t0096123,"",Limonia griseola,Limonia griseola,相同Kingdom學名加命名者重複,https://vvtaxatree.tbn.org.tw/taxa/d1467643-4c8f-46b6-8430-f12fba148ae5
263f5e93-9dd7-4bcc-b420-2329af8c330f,species,Animalia,t0096124,"",Limonia fraudulenta,Limonia fraudulenta,相同Kingdom學名加命名者重複,https://vvtaxatree.tbn.org.tw/taxa/263f5e93-9dd7-4bcc-b420-2329af8c330f
28cfe165-3d51-47fb-9355-348da873a784,species,Animalia,t0096125,"",Limonia inelegans,Limonia inelegans,相同Kingdom學名加命名者重複,https://vvtaxatree.tbn.org.tw/taxa/28cfe165-3d51-47fb-9355-348da873a784
1bef0efb-c78e-4239-b636-5ff7680ab636,species,Animalia,t0096126,"",Limonia melas,Limonia melas,相同Kingdom學名加命名者重複,https://vvtaxatree.tbn.org.tw/taxa/1bef0efb-c78e-4239-b636-5ff7680ab636
102768f2-bb4d-467f-9dbe-0d8474e84ba4,species,Animalia,t0096127,"",Limonia rantaiensis,Limonia rantaiensis,相同Kingdom學名加命名者重複,https://vvtaxatree.tbn.org.tw/taxa/102768f2-bb4d-467f-9dbe-0d8474e84ba4
839b664e-9c6f-4278-9500-16dfd0838f3a,species,Animalia,t0096128,"",Limonia subhostillis,Limonia subhostillis,相同Kingdom學名加命名者重複,https://vvtaxatree.tbn.org.tw/taxa/839b664e-9c6f-4278-9500-16dfd0838f3a
6ddc79f2-7805-489e-9fb9-869a000c8312,species,Animalia,t0096129,"",Limonia aurita,Limonia aurita,相同Kingdom學名加命名者重複,https://vvtaxatree.tbn.org.tw/taxa/6ddc79f2-7805-489e-9fb9-869a000c8312
a0586efb-1c98-4882-aebd-4120f272a6d4,species,Animalia,t0096130,"",Limonia argyrata,Limonia argyrata,相同Kingdom學名加命名者重複,https://vvtaxatree.tbn.org.tw/taxa/a0586efb-1c98-4882-aebd-4120f272a6d4
6b727440-4a10-4366-9a70-35d31b16af34,species,Animalia,t0096131,"",Limonia atayal,Limonia atayal,相同Kingdom學名加命名者重複,https://vvtaxatree.tbn.org.tw/taxa/6b727440-4a10-4366-9a70-35d31b16af34
97fa7341-963c-4418-a52c-38163a2c1548,species,Animalia,t0096132,"",Limonia remissa,Limonia remissa,相同Kingdom學名加命名者重複,https://vvtaxatree.tbn.org.tw/taxa/97fa7341-963c-4418-a52c-38163a2c1548
4d68c29c-3f0f-4bc7-8e77-6f93587b11a1,species,Animalia,t0096133,"",Limonia dimelania,Limonia dimelania,相同Kingdom學名加命名者重複,https://vvtaxatree.tbn.org.tw/taxa/4d68c29c-3f0f-4bc7-8e77-6f93587b11a1
726dc360-7b58-44c6-80ad-45f7c3418189,species,Animalia,t0096134,"",Limonia monocycla,Limonia monocycla,相同Kingdom學名加命名者重複,https://vvtaxatree.tbn.org.tw/taxa/726dc360-7b58-44c6-80ad-45f7c3418189
66520830-9fc3-4a54-9515-759f1d479862,species,Animalia,t0096135,"",Limonia unisetosa,Limonia unisetosa,相同Kingdom學名加命名者重複,https://vvtaxatree.tbn.org.tw/taxa/66520830-9fc3-4a54-9515-759f1d479862
dbfb93d5-6b5c-4438-aa3b-ed204a459486,species,Animalia,t0096152,"",Lissodema uenoi,Lissodema uenoi,相同Kingdom學名加命名者重複,https://vvtaxatree.tbn.org.tw/taxa/dbfb93d5-6b5c-4438-aa3b-ed204a459486
36d8f558-8c5b-4f59-af96-97b05868844c,species,Animalia,t0096247,"",Lyponia palpalis,Lyponia palpalis,相同Kingdom學名加命名者重複,https://vvtaxatree.tbn.org.tw/taxa/36d8f558-8c5b-4f59-af96-97b05868844c
2b6204d2-4cee-46c9-8c85-4fb7609ce4f7,species,Animalia,t0096272,"",Malthinus fenchihuensis,Malthinus fenchihuensis,相同Kingdom學名加命名者重複,https://vvtaxatree.tbn.org.tw/taxa/2b6204d2-4cee-46c9-8c85-4fb7609ce4f7
38e9764a-a411-44c5-8e3e-b1f6c3768cdf,species,Animalia,t0096273,"",Malthinus notsui,Malthinus notsui,相同Kingdom學名加命名者重複,https://vvtaxatree.tbn.org.tw/taxa/38e9764a-a411-44c5-8e3e-b1f6c3768cdf
8acd27ba-8edf-4a36-8ce5-ffe3b6b60846,species,Animalia,t0096274,"",Malthinus ohbai,Malthinus ohbai,相同Kingdom學名加命名者重複,https://vvtaxatree.tbn.org.tw/taxa/8acd27ba-8edf-4a36-8ce5-ffe3b6b60846
f5137333-6312-48d0-be20-f740721c41fc,species,Animalia,t0096275,"",Malthinus palingensis,Malthinus palingensis,相同Kingdom學名加命名者重複,https://vvtaxatree.tbn.org.tw/taxa/f5137333-6312-48d0-be20-f740721c41fc
570bdad1-7986-4a78-bbf4-8dde11e4dc74,species,Animalia,t0096276,"",Malthinus shimomurai,Malthinus shimomurai,相同Kingdom學名加命名者重複,https://vvtaxatree.tbn.org.tw/taxa/570bdad1-7986-4a78-bbf4-8dde11e4dc74
289e7037-2628-48f9-be16-6d13ad6f3fe0,species,Animalia,t0096277,"",Malthinus ssulingensis,Malthinus ssulingensis,相同Kingdom學名加命名者重複,https://vvtaxatree.tbn.org.tw/taxa/289e7037-2628-48f9-be16-6d13ad6f3fe0
1e2d6fc4-3ced-4d50-bc5e-4bbab256f005,species,Animalia,t0096278,"",Malthinus taiwanoniger,Malthinus taiwanoniger,相同Kingdom學名加命名者重複,https://vvtaxatree.tbn.org.tw/taxa/1e2d6fc4-3ced-4d50-bc5e-4bbab256f005
181a8d6f-f658-430f-b944-7e76c3caddd9,species,Animalia,t0096279,"",Malthinus taiwanus,Malthinus taiwanus,相同Kingdom學名加命名者重複,https://vvtaxatree.tbn.org.tw/taxa/181a8d6f-f658-430f-b944-7e76c3caddd9
3c3e7aba-5c02-43b1-b5cf-cf8b8de7db0a,species,Animalia,t0096280,"",Malthinus vixlimbatus,Malthinus vixlimbatus,相同Kingdom學名加命名者重複,https://vvtaxatree.tbn.org.tw/taxa/3c3e7aba-5c02-43b1-b5cf-cf8b8de7db0a
296b2148-c924-4147-bff3-f2b497a8109c,species,Animalia,t0096281,"",Malthinus yangmingensis,Malthinus yangmingensis,相同Kingdom學名加命名者重複,https://vvtaxatree.tbn.org.tw/taxa/296b2148-c924-4147-bff3-f2b497a8109c
857513dd-6691-4868-a610-c6f7d5c70179,species,Animalia,t0096282,"",Malthodes brancuccii,Malthodes brancuccii,相同Kingdom學名加命名者重複,https://vvtaxatree.tbn.org.tw/taxa/857513dd-6691-4868-a610-c6f7d5c70179
cda738d0-5296-44c3-bb7a-bed4b55c42b7,species,Animalia,t0096283,"",Malthodes fenchihuensis,Malthodes fenchihuensis,相同Kingdom學名加命名者重複,https://vvtaxatree.tbn.org.tw/taxa/cda738d0-5296-44c3-bb7a-bed4b55c42b7
3bc8b88a-1df2-4b81-b697-6ac24d244ee1,species,Animalia,t0096284,"",Malthodes makiharai,Malthodes makiharai,相同Kingdom學名加命名者重複,https://vvtaxatree.tbn.org.tw/taxa/3bc8b88a-1df2-4b81-b697-6ac24d244ee1
265e326f-94a1-4728-aec2-9528e2f10352,species,Animalia,t0096285,"",Malthodes niitakaensis,Malthodes niitakaensis,相同Kingdom學名加命名者重複,https://vvtaxatree.tbn.org.tw/taxa/265e326f-94a1-4728-aec2-9528e2f10352
be2d146b-834e-420c-b068-9edec116f711,species,Animalia,t0096286,"",Malthodes taiwanus,Malthodes taiwanus,相同Kingdom學名加命名者重複,https://vvtaxatree.tbn.org.tw/taxa/be2d146b-834e-420c-b068-9edec116f711
114b9087-36ef-4369-b3c7-526e3f07f443,species,Animalia,t0096350,"",Menimus formosanus,Menimus formosanus,相同Kingdom學名加命名者重複,https://vvtaxatree.tbn.org.tw/taxa/114b9087-36ef-4369-b3c7-526e3f07f443
96ad7c46-2c8d-4e73-9165-9ed4503ac184,species,Animalia,t0096370,"",Metopius baibarensis,Metopius baibarensis,相同Kingdom學名加命名者重複,https://vvtaxatree.tbn.org.tw/taxa/96ad7c46-2c8d-4e73-9165-9ed4503ac184
c25180bc-e69c-43e3-8831-74bf4e02fb66,species,Animalia,t0096380,"",Micrencaustes taiwana,Micrencaustes taiwana,相同Kingdom學名加命名者重複,https://vvtaxatree.tbn.org.tw/taxa/c25180bc-e69c-43e3-8831-74bf4e02fb66
2dae1912-e575-4ea6-beb3-499be48749af,species,Animalia,t0096385,"",Microdon stilboides,Microdon stilboides,相同Kingdom學名加命名者重複,https://vvtaxatree.tbn.org.tw/taxa/2dae1912-e575-4ea6-beb3-499be48749af
44d129f2-0c34-452e-ab8e-711acb0e8572,species,Animalia,t0096428,"",Molophilus alcocostalis,Molophilus alcocostalis,相同Kingdom學名加命名者重複,https://vvtaxatree.tbn.org.tw/taxa/44d129f2-0c34-452e-ab8e-711acb0e8572
93d14279-6dd7-4a07-abe0-fed2fb3e96a0,species,Animalia,t0096429,"",Molophilus aricola,Molophilus aricola,相同Kingdom學名加命名者重複,https://vvtaxatree.tbn.org.tw/taxa/93d14279-6dd7-4a07-abe0-fed2fb3e96a0
2b965056-1533-4ca0-8c3b-39e14a09b2c7,species,Animalia,t0096430,"",Molophilus arisanus,Molophilus arisanus,相同Kingdom學名加命名者重複,https://vvtaxatree.tbn.org.tw/taxa/2b965056-1533-4ca0-8c3b-39e14a09b2c7
1b348f34-4eb1-4d5a-806b-19fe686ee636,species,Animalia,t0096431,"",Molophilus editus,Molophilus editus,相同Kingdom學名加命名者重複,https://vvtaxatree.tbn.org.tw/taxa/1b348f34-4eb1-4d5a-806b-19fe686ee636
e53192d4-484e-42d5-8326-14603a36c1fd,species,Animalia,t0096432,"",Molophilus ephippiger,Molophilus ephippiger,相同Kingdom學名加命名者重複,https://vvtaxatree.tbn.org.tw/taxa/e53192d4-484e-42d5-8326-14603a36c1fd
cf9d7b66-b5bf-4aef-8020-7e1d3ac3c561,species,Animalia,t0096433,"",Molophilus hoplostylus,Molophilus hoplostylus,相同Kingdom學名加命名者重複,https://vvtaxatree.tbn.org.tw/taxa/cf9d7b66-b5bf-4aef-8020-7e1d3ac3c561
b3679253-5e63-44b1-8062-277b4fe8c822,species,Animalia,t0096434,"",Molophilus issikii,Molophilus issikii,相同Kingdom學名加命名者重複,https://vvtaxatree.tbn.org.tw/taxa/b3679253-5e63-44b1-8062-277b4fe8c822
b08a085a-801f-487c-a1a5-e188ec0abf32,species,Animalia,t0096435,"",Molophilus nifritus,Molophilus nifritus,相同Kingdom學名加命名者重複,https://vvtaxatree.tbn.org.tw/taxa/b08a085a-801f-487c-a1a5-e188ec0abf32
6d80f98b-3e65-48c0-9dbb-f7112e0dcf94,species,Animalia,t0096436,"",Molophilus nigripes,Molophilus nigripes,相同Kingdom學名加命名者重複,https://vvtaxatree.tbn.org.tw/taxa/6d80f98b-3e65-48c0-9dbb-f7112e0dcf94
9bba6f3b-f3ec-448f-a0c9-671612af1c0b,species,Animalia,t0096437,"",Molophilus nigritarsis,Molophilus nigritarsis,相同Kingdom學名加命名者重複,https://vvtaxatree.tbn.org.tw/taxa/9bba6f3b-f3ec-448f-a0c9-671612af1c0b
7d4f6889-872e-4f81-b0ec-f1b57be48f87,species,Animalia,t0096438,"",Molophilus nokonis,Molophilus nokonis,相同Kingdom學名加命名者重複,https://vvtaxatree.tbn.org.tw/taxa/7d4f6889-872e-4f81-b0ec-f1b57be48f87
a6418b65-0139-48be-9412-7126832c1bd9,species,Animalia,t0096439,"",Molophilus pallidibasis,Molophilus pallidibasis,相同Kingdom學名加命名者重複,https://vvtaxatree.tbn.org.tw/taxa/a6418b65-0139-48be-9412-7126832c1bd9
7d42e4d7-d058-4a1c-90bb-e303deef7b81,species,Animalia,t0096440,"",Molophilus spinosissimus,Molophilus spinosissimus,相同Kingdom學名加命名者重複,https://vvtaxatree.tbn.org.tw/taxa/7d42e4d7-d058-4a1c-90bb-e303deef7b81
bd6d88af-0ca0-4e1c-a2a7-c04e9415425c,species,Animalia,t0096441,"",Molophilus alticola,Molophilus alticola,相同Kingdom學名加命名者重複,https://vvtaxatree.tbn.org.tw/taxa/bd6d88af-0ca0-4e1c-a2a7-c04e9415425c
3a9b7af0-b752-40d8-a925-e027148d4f87,species,Animalia,t0096445,"",Mongoloraphidia caelebs,Mongoloraphidia caelebs,相同Kingdom學名加命名者重複,https://vvtaxatree.tbn.org.tw/taxa/3a9b7af0-b752-40d8-a925-e027148d4f87
bb75d11c-6ecf-4edc-a90d-faab67e9138c,species,Animalia,t0096446,"",Mongoloraphidia taiwanica,Mongoloraphidia taiwanica,相同Kingdom學名加命名者重複,https://vvtaxatree.tbn.org.tw/taxa/bb75d11c-6ecf-4edc-a90d-faab67e9138c
6c88f6c9-88dd-42b4-a36d-353602d857ec,species,Animalia,t0096462,"",Musca conducens,Musca conducens,相同Kingdom學名加命名者重複,https://vvtaxatree.tbn.org.tw/taxa/6c88f6c9-88dd-42b4-a36d-353602d857ec
779b421b-c0fd-4634-ac00-af8ded4b0906,species,Animalia,t0096463,"",Musca sorbens,Musca sorbens,相同Kingdom學名加命名者重複,https://vvtaxatree.tbn.org.tw/taxa/779b421b-c0fd-4634-ac00-af8ded4b0906
803a9ab9-0af1-4a8e-b891-da08dce47231,species,Animalia,t0096464,"",Musca ventrosa,Musca ventrosa,相同Kingdom學名加命名者重複,https://vvtaxatree.tbn.org.tw/taxa/803a9ab9-0af1-4a8e-b891-da08dce47231
31f24f61-cdd7-4874-9710-051f784d6662,species,Animalia,t0096465,"",Musca domestica,Musca domestica,相同Kingdom學名加命名者重複,https://vvtaxatree.tbn.org.tw/taxa/31f24f61-cdd7-4874-9710-051f784d6662
623022f8-8200-4304-a5fe-294a073793ff,species,Animalia,t0096466,"",Musca crassirostris,Musca crassirostris,相同Kingdom學名加命名者重複,https://vvtaxatree.tbn.org.tw/taxa/623022f8-8200-4304-a5fe-294a073793ff
1f79f87a-045b-413b-bfb0-e5dcee3a4d79,species,Animalia,t0096467,"",Musca inferior,Musca inferior,相同Kingdom學名加命名者重複,https://vvtaxatree.tbn.org.tw/taxa/1f79f87a-045b-413b-bfb0-e5dcee3a4d79
2876a67c-50d1-4836-8bff-c2cdc7be4ead,species,Animalia,t0096494,"",Mythimna hirashimai,Mythimna hirashimai,相同Kingdom學名加命名者重複,https://vvtaxatree.tbn.org.tw/taxa/2876a67c-50d1-4836-8bff-c2cdc7be4ead
dc1d72f1-71a8-4311-b8b7-9d3436e85f89,species,Animalia,t0096495,"",Mythimna lucida,Mythimna lucida,相同Kingdom學名加命名者重複,https://vvtaxatree.tbn.org.tw/taxa/dc1d72f1-71a8-4311-b8b7-9d3436e85f89
659d0d7b-98a0-4c4d-b4aa-1c2cfd0afc42,species,Animalia,t0096496,"",Mythimna rushanensis,Mythimna rushanensis,相同Kingdom學名加命名者重複,https://vvtaxatree.tbn.org.tw/taxa/659d0d7b-98a0-4c4d-b4aa-1c2cfd0afc42
6e8b6262-5aac-4f05-95bc-720582540dfc,species,Animalia,t0096497,"",Mythimna wulinensis,Mythimna wulinensis,相同Kingdom學名加命名者重複,https://vvtaxatree.tbn.org.tw/taxa/6e8b6262-5aac-4f05-95bc-720582540dfc
305b3f36-eeb6-4f38-a32c-e4846552878b,species,Animalia,t0096538,"",Triaspis imitatus,Triaspis imitatus,相同Kingdom學名加命名者重複,https://vvtaxatree.tbn.org.tw/taxa/305b3f36-eeb6-4f38-a32c-e4846552878b
3e1add96-13db-4181-957b-24c71702d60a,species,Animalia,t0096562,"",Trioza neolitsae,Trioza neolitsae,相同Kingdom學名加命名者重複,https://vvtaxatree.tbn.org.tw/taxa/3e1add96-13db-4181-957b-24c71702d60a
8e289fd7-d3da-4b0c-97e1-d8c5c436f7a3,species,Animalia,t0096571,"",Trochocyathus rhombocolumna,Trochocyathus rhombocolumna,相同Kingdom學名加命名者重複,https://vvtaxatree.tbn.org.tw/taxa/8e289fd7-d3da-4b0c-97e1-d8c5c436f7a3
7213654a-5eda-40fc-91c9-f5151e350a5d,species,Animalia,t0096613,"",Ula flavidibasis,Ula flavidibasis,相同Kingdom學名加命名者重複,https://vvtaxatree.tbn.org.tw/taxa/7213654a-5eda-40fc-91c9-f5151e350a5d
3e148e87-20df-4d04-bf12-3cb08212b53a,species,Animalia,t0096614,"",Ula fuscistigma,Ula fuscistigma,相同Kingdom學名加命名者重複,https://vvtaxatree.tbn.org.tw/taxa/3e148e87-20df-4d04-bf12-3cb08212b53a
03970013-1866-49d2-9c9e-4d3d4e76f29f,species,Animalia,t0096615,"",Ula superelegans,Ula superelegans,相同Kingdom學名加命名者重複,https://vvtaxatree.tbn.org.tw/taxa/03970013-1866-49d2-9c9e-4d3d4e76f29f
e697a88f-b28a-49ec-aed4-04be9ea756d5,species,Animalia,t0096621,"",Uranotaenia novobscura,Uranotaenia novobscura,相同Kingdom學名加命名者重複,https://vvtaxatree.tbn.org.tw/taxa/e697a88f-b28a-49ec-aed4-04be9ea756d5
aaad8fdc-1a2b-4007-af22-7a6178d2e07f,species,Animalia,t0096622,"",Uranotaenia annandalei,Uranotaenia annandalei,相同Kingdom學名加命名者重複,https://vvtaxatree.tbn.org.tw/taxa/aaad8fdc-1a2b-4007-af22-7a6178d2e07f
cb3b2d4e-35bc-4b4d-9845-61c4015e509b,species,Animalia,t0096623,"",Uranotaenia hebes,Uranotaenia hebes,相同Kingdom學名加命名者重複,https://vvtaxatree.tbn.org.tw/taxa/cb3b2d4e-35bc-4b4d-9845-61c4015e509b
0e1703fb-d7de-4c3f-abc5-6690c29b88c3,species,Animalia,t0096679,"",Xenokeroplatus gozmanyi,Xenokeroplatus gozmanyi,相同Kingdom學名加命名者重複,https://vvtaxatree.tbn.org.tw/taxa/0e1703fb-d7de-4c3f-abc5-6690c29b88c3
64a1d72f-df57-40ff-a5e7-6fd8db94ea09,species,Animalia,t0096734,"",Zoraida nitobii,Zoraida nitobii,相同Kingdom學名加命名者重複,https://vvtaxatree.tbn.org.tw/taxa/64a1d72f-df57-40ff-a5e7-6fd8db94ea09
23eb5d71-27af-41ba-95e2-c738577f9014,species,Animalia,t0096765,"",Dolichopeza issikiella,Dolichopeza issikiella,相同Kingdom學名加命名者重複,https://vvtaxatree.tbn.org.tw/taxa/23eb5d71-27af-41ba-95e2-c738577f9014
28a4f60e-3df5-410d-b227-92dcbb2a879c,species,Animalia,t0096766,"",Dolichopeza taiwanicola,Dolichopeza taiwanicola,相同Kingdom學名加命名者重複,https://vvtaxatree.tbn.org.tw/taxa/28a4f60e-3df5-410d-b227-92dcbb2a879c
28b51ef1-b349-41d0-b1eb-e89aba18c0fe,species,Animalia,t0096767,"",Dolichopeza lugubrivestis,Dolichopeza lugubrivestis,相同Kingdom學名加命名者重複,https://vvtaxatree.tbn.org.tw/taxa/28b51ef1-b349-41d0-b1eb-e89aba18c0fe
9bb99ea8-3973-46ce-b33c-9d5640f2fa68,species,Animalia,t0096768,"",Dolichopeza profundemarginata,Dolichopeza profundemarginata,相同Kingdom學名加命名者重複,https://vvtaxatree.tbn.org.tw/taxa/9bb99ea8-3973-46ce-b33c-9d5640f2fa68
dc7549e9-32c8-453c-ab69-52b032477c03,species,Animalia,t0096769,"",Dolichopeza subalbitibia,Dolichopeza subalbitibia,相同Kingdom學名加命名者重複,https://vvtaxatree.tbn.org.tw/taxa/dc7549e9-32c8-453c-ab69-52b032477c03
9c4929ef-589c-4c38-82bd-5bfbc7da3f8e,species,Animalia,t0096770,"",Dolichopeza tuberculifera,Dolichopeza tuberculifera,相同Kingdom學名加命名者重複,https://vvtaxatree.tbn.org.tw/taxa/9c4929ef-589c-4c38-82bd-5bfbc7da3f8e
cf3d089f-61bd-47a1-833c-ee82f087a7bc,species,Animalia,t0096791,"",Drosophila repleta,Drosophila repleta,相同Kingdom學名加命名者重複,https://vvtaxatree.tbn.org.tw/taxa/cf3d089f-61bd-47a1-833c-ee82f087a7bc
911aeed1-2b46-4294-a224-4b9c9639eece,species,Animalia,t0096792,"",Drosophila ananassae,Drosophila ananassae,相同Kingdom學名加命名者重複,https://vvtaxatree.tbn.org.tw/taxa/911aeed1-2b46-4294-a224-4b9c9639eece
227cb897-3120-4f0d-9ec6-f0026d42c4de,species,Animalia,t0096796,"",Drosophila parabipectinata,Drosophila parabipectinata,相同Kingdom學名加命名者重複,https://vvtaxatree.tbn.org.tw/taxa/227cb897-3120-4f0d-9ec6-f0026d42c4de
f52b9380-df15-409a-a661-19569764335d,species,Animalia,t0096797,"",Drosophila quadraria,Drosophila quadraria,相同Kingdom學名加命名者重複,https://vvtaxatree.tbn.org.tw/taxa/f52b9380-df15-409a-a661-19569764335d
49d2628e-a222-47e2-9ca5-1c94e97c0bde,species,Animalia,t0096798,"",Drosophila trilutea,Drosophila trilutea,相同Kingdom學名加命名者重複,https://vvtaxatree.tbn.org.tw/taxa/49d2628e-a222-47e2-9ca5-1c94e97c0bde
ab7fc4dc-2e05-43f9-ab7b-ed5b95236389,species,Animalia,t0096805,"",Dysdercus fuscomaculatus,Dysdercus fuscomaculatus,相同Kingdom學名加命名者重複,https://vvtaxatree.tbn.org.tw/taxa/ab7fc4dc-2e05-43f9-ab7b-ed5b95236389
9224999f-9814-4057-8242-3e8b957ae1e4,species,Animalia,t0096819,"",Ectemnius alishanus,Ectemnius alishanus,相同Kingdom學名加命名者重複,https://vvtaxatree.tbn.org.tw/taxa/9224999f-9814-4057-8242-3e8b957ae1e4
2a3430d4-80c8-4d76-9345-f00812a47317,species,Animalia,t0096834,"",Elachiptera umbrosa,Elachiptera umbrosa,相同Kingdom學名加命名者重複,https://vvtaxatree.tbn.org.tw/taxa/2a3430d4-80c8-4d76-9345-f00812a47317
61d71cad-ac4c-4021-a446-7dd0b127cdf1,species,Animalia,t0096899,"",Epiphragma divisum,Epiphragma divisum,相同Kingdom學名加命名者重複,https://vvtaxatree.tbn.org.tw/taxa/61d71cad-ac4c-4021-a446-7dd0b127cdf1
dfb7ad56-f81b-4bbc-a533-9785bd335427,species,Animalia,t0096900,"",Epiphragma nymphicum,Epiphragma nymphicum,相同Kingdom學名加命名者重複,https://vvtaxatree.tbn.org.tw/taxa/dfb7ad56-f81b-4bbc-a533-9785bd335427
515b02b8-efcf-408d-8693-6e7f7f44ff0a,species,Animalia,t0096917,"",Epuraea concolor,Epuraea concolor,相同Kingdom學名加命名者重複,https://vvtaxatree.tbn.org.tw/taxa/515b02b8-efcf-408d-8693-6e7f7f44ff0a
0edb9f90-9bd2-4b30-ab61-36b3a1e51a6a,species,Animalia,t0096927,"",Erioptera ensifera,Erioptera ensifera,相同Kingdom學名加命名者重複,https://vvtaxatree.tbn.org.tw/taxa/0edb9f90-9bd2-4b30-ab61-36b3a1e51a6a
03d970ca-4a14-465e-a5a1-8da6a833438f,species,Animalia,t0096928,"",Erioptera luliana,Erioptera luliana,相同Kingdom學名加命名者重複,https://vvtaxatree.tbn.org.tw/taxa/03d970ca-4a14-465e-a5a1-8da6a833438f
19e09d20-e6d8-4d65-814f-9c22940c0fc3,species,Animalia,t0096929,"",Erioptera tenuisentis,Erioptera tenuisentis,相同Kingdom學名加命名者重複,https://vvtaxatree.tbn.org.tw/taxa/19e09d20-e6d8-4d65-814f-9c22940c0fc3
90f36d6b-bb1a-413b-aa5c-e4505c6d6181,species,Animalia,t0096930,"",Erioptera subsessillis,Erioptera subsessillis,相同Kingdom學名加命名者重複,https://vvtaxatree.tbn.org.tw/taxa/90f36d6b-bb1a-413b-aa5c-e4505c6d6181
51a87883-410d-409e-bcb9-7ac92c27bbfc,species,Animalia,t0097044,"",Farrania orbus,Farrania orbus,相同Kingdom學名加命名者重複,https://vvtaxatree.tbn.org.tw/taxa/51a87883-410d-409e-bcb9-7ac92c27bbfc
cffe2a57-c58a-4f43-9331-f83209a2d0d0,species,Animalia,t0097052,"",Flabellum lamellulosum,Flabellum lamellulosum,相同Kingdom學名加命名者重複,https://vvtaxatree.tbn.org.tw/taxa/cffe2a57-c58a-4f43-9331-f83209a2d0d0
182bc260-2818-4749-a44e-747c9a8a3cef,species,Animalia,t0097053,"",Flabellum japonicum,Flabellum japonicum,相同Kingdom學名加命名者重複,https://vvtaxatree.tbn.org.tw/taxa/182bc260-2818-4749-a44e-747c9a8a3cef
321b49a2-459e-4590-a612-144535ebb099,species,Animalia,t0097056,"",Forcipomyia tokunagai,Forcipomyia tokunagai,相同Kingdom學名加命名者重複,https://vvtaxatree.tbn.org.tw/taxa/321b49a2-459e-4590-a612-144535ebb099
4aa8fad0-d783-454c-b69f-1032b92111d8,species,Animalia,t0097134,"",Gnophomyia curticellula,Gnophomyia curticellula,相同Kingdom學名加命名者重複,https://vvtaxatree.tbn.org.tw/taxa/4aa8fad0-d783-454c-b69f-1032b92111d8
fbbd97d1-f20e-4395-ac1b-1bc8d0bce209,species,Animalia,t0097135,"",Gnophomyia pruinosa,Gnophomyia pruinosa,相同Kingdom學名加命名者重複,https://vvtaxatree.tbn.org.tw/taxa/fbbd97d1-f20e-4395-ac1b-1bc8d0bce209
8bebe6c2-e2a6-4816-af53-a02ce5c47c26,species,Animalia,t0097136,"",Gnophomyia gressitti,Gnophomyia gressitti,相同Kingdom學名加命名者重複,https://vvtaxatree.tbn.org.tw/taxa/8bebe6c2-e2a6-4816-af53-a02ce5c47c26
4f49544e-3711-4051-9b01-879178c0a276,species,Animalia,t0097137,"",Gnophomyia neonebulosa,Gnophomyia neonebulosa,相同Kingdom學名加命名者重複,https://vvtaxatree.tbn.org.tw/taxa/4f49544e-3711-4051-9b01-879178c0a276
0838afd3-84b8-48b6-88f2-80b976fa7641,species,Animalia,t0097138,"",Gnophomyia praedita,Gnophomyia praedita,相同Kingdom學名加命名者重複,https://vvtaxatree.tbn.org.tw/taxa/0838afd3-84b8-48b6-88f2-80b976fa7641
5b0362d2-7756-4804-a5da-8d9c039e58d1,species,Animalia,t0097139,"",Gnophomyia sauteri,Gnophomyia sauteri,相同Kingdom學名加命名者重複,https://vvtaxatree.tbn.org.tw/taxa/5b0362d2-7756-4804-a5da-8d9c039e58d1
ae757274-9590-40df-9ebb-b52706511c5f,species,Animalia,t0097140,"",Gnophomyia sinuosa,Gnophomyia sinuosa,相同Kingdom學名加命名者重複,https://vvtaxatree.tbn.org.tw/taxa/ae757274-9590-40df-9ebb-b52706511c5f
6e8838e9-aa79-4255-a177-1aa1d7325e2d,species,Animalia,t0097141,"",Gnophomyia clitelata,Gnophomyia clitelata,相同Kingdom學名加命名者重複,https://vvtaxatree.tbn.org.tw/taxa/6e8838e9-aa79-4255-a177-1aa1d7325e2d
4681cfdb-cf4d-46f0-aa80-24621bd1f8ef,species,Animalia,t0097142,"",Gnophomyia scutellumalbum,Gnophomyia scutellumalbum,相同Kingdom學名加命名者重複,https://vvtaxatree.tbn.org.tw/taxa/4681cfdb-cf4d-46f0-aa80-24621bd1f8ef
1b057476-172e-4cad-b69c-2ea35e43a14e,species,Animalia,t0097143,"",Gnophomyia ptilostenoides,Gnophomyia ptilostenoides,相同Kingdom學名加命名者重複,https://vvtaxatree.tbn.org.tw/taxa/1b057476-172e-4cad-b69c-2ea35e43a14e
2af44ab5-058d-4922-8f5f-328af4709e6e,species,Animalia,t0097162,"",Gonioctena scutellaris,Gonioctena scutellaris,相同Kingdom學名加命名者重複,https://vvtaxatree.tbn.org.tw/taxa/2af44ab5-058d-4922-8f5f-328af4709e6e
5d4694bd-3ad0-42eb-969b-81d53257720f,species,Animalia,t0097163,"",Gonioctena nigroplagiata,Gonioctena nigroplagiata,相同Kingdom學名加命名者重複,https://vvtaxatree.tbn.org.tw/taxa/5d4694bd-3ad0-42eb-969b-81d53257720f
457a22a2-b988-43c5-9401-c3b430095aea,species,Animalia,t0097165,"",Gonioctena nigroplagiata,Gonioctena nigroplagiata,相同Kingdom學名加命名者重複,https://vvtaxatree.tbn.org.tw/taxa/457a22a2-b988-43c5-9401-c3b430095aea
3bde6e24-8b59-4d57-bed6-71f232904991,species,Animalia,t0097182,"",Greenidea viticola,Greenidea viticola,相同Kingdom學名加命名者重複,https://vvtaxatree.tbn.org.tw/taxa/3bde6e24-8b59-4d57-bed6-71f232904991
719bb01c-78e1-4687-b48c-e2f0b7833465,species,Animalia,t0097183,"",Greenidea mushana,Greenidea mushana,相同Kingdom學名加命名者重複,https://vvtaxatree.tbn.org.tw/taxa/719bb01c-78e1-4687-b48c-e2f0b7833465
61805d3f-c678-48ba-b94c-1749d684372e,species,Animalia,t0097184,"",Greenidea myricae,Greenidea myricae,相同Kingdom學名加命名者重複,https://vvtaxatree.tbn.org.tw/taxa/61805d3f-c678-48ba-b94c-1749d684372e
1d30904c-763d-4d8f-a248-8e6edabdef3e,species,Animalia,t0097212,"",Harpalus capito,Harpalus capito,相同Kingdom學名加命名者重複,https://vvtaxatree.tbn.org.tw/taxa/1d30904c-763d-4d8f-a248-8e6edabdef3e
d628033e-8b91-4e5c-b3d9-21b56ce814f1,species,Animalia,t0097213,"",Harpalus roninus,Harpalus roninus,相同Kingdom學名加命名者重複,https://vvtaxatree.tbn.org.tw/taxa/d628033e-8b91-4e5c-b3d9-21b56ce814f1
c4b29d1f-7805-409b-9eaa-857d1e912e23,species,Animalia,t0097228,"",Helius perelegans,Helius perelegans,相同Kingdom學名加命名者重複,https://vvtaxatree.tbn.org.tw/taxa/c4b29d1f-7805-409b-9eaa-857d1e912e23
c1350cf5-16e3-4403-91ba-84bda99a181c,species,Animalia,t0097229,"",Helius attenuatus,Helius attenuatus,相同Kingdom學名加命名者重複,https://vvtaxatree.tbn.org.tw/taxa/c1350cf5-16e3-4403-91ba-84bda99a181c
1cdc2cf1-d09c-492b-bbc7-76339acdbf82,species,Animalia,t0097230,"",Helius chikuriensis,Helius chikuriensis,相同Kingdom學名加命名者重複,https://vvtaxatree.tbn.org.tw/taxa/1cdc2cf1-d09c-492b-bbc7-76339acdbf82
307e816c-5ae3-46a2-b1e8-6459df9d940c,species,Animalia,t0097231,"",Helius liliputanus,Helius liliputanus,相同Kingdom學名加命名者重複,https://vvtaxatree.tbn.org.tw/taxa/307e816c-5ae3-46a2-b1e8-6459df9d940c
a0ce9da8-f681-417f-bc03-32a34f71abfa,species,Animalia,t0097232,"",Helius minusculus,Helius minusculus,相同Kingdom學名加命名者重複,https://vvtaxatree.tbn.org.tw/taxa/a0ce9da8-f681-417f-bc03-32a34f71abfa
bdb9d2b5-f576-46e5-bf3d-3ed652ae819f,species,Animalia,t0097233,"",Helius rufithorax,Helius rufithorax,相同Kingdom學名加命名者重複,https://vvtaxatree.tbn.org.tw/taxa/bdb9d2b5-f576-46e5-bf3d-3ed652ae819f
8ee1cd82-9718-4712-8ecb-5c44caf921b6,species,Animalia,t0097234,"",Helius subfasciatus,Helius subfasciatus,相同Kingdom學名加命名者重複,https://vvtaxatree.tbn.org.tw/taxa/8ee1cd82-9718-4712-8ecb-5c44caf921b6
bcbe610e-88cd-4bb6-8237-ccd41e4cebd4,species,Animalia,t0097235,"",Helius tenuistylus,Helius tenuistylus,相同Kingdom學名加命名者重複,https://vvtaxatree.tbn.org.tw/taxa/bcbe610e-88cd-4bb6-8237-ccd41e4cebd4
1139c681-a454-45ff-bd2f-35f4773cc8eb,species,Animalia,t0097287,"",Homoeocerus striicornis,Homoeocerus striicornis,相同Kingdom學名加命名者重複,https://vvtaxatree.tbn.org.tw/taxa/1139c681-a454-45ff-bd2f-35f4773cc8eb
afe42093-4969-4673-ac69-67f82303fe3a,species,Animalia,t0097288,"",Homolobus undulatus,Homolobus undulatus,相同Kingdom學名加命名者重複,https://vvtaxatree.tbn.org.tw/taxa/afe42093-4969-4673-ac69-67f82303fe3a
c08599aa-4501-4775-ad4d-c5e91fff5f95,species,Animalia,t0097324,"",Hygia pedestris,Hygia pedestris,相同Kingdom學名加命名者重複,https://vvtaxatree.tbn.org.tw/taxa/c08599aa-4501-4775-ad4d-c5e91fff5f95
fcdd3f1d-30ea-4c90-8eef-20619b009bd2,species,Animalia,t0097350,"",Hypselothyrea formosana,Hypselothyrea formosana,相同Kingdom學名加命名者重複,https://vvtaxatree.tbn.org.tw/taxa/fcdd3f1d-30ea-4c90-8eef-20619b009bd2
ef56ce89-c9a7-4947-8855-c21a7e1649ce,species,Animalia,t0097397,"",Brachypeplus latus,Brachypeplus latus,相同Kingdom學名加命名者重複,https://vvtaxatree.tbn.org.tw/taxa/ef56ce89-c9a7-4947-8855-c21a7e1649ce
75eabfbc-0170-4afb-b982-12befff9d37e,species,Animalia,t0097398,"",Brachypeplus apicalis,Brachypeplus apicalis,相同Kingdom學名加命名者重複,https://vvtaxatree.tbn.org.tw/taxa/75eabfbc-0170-4afb-b982-12befff9d37e
2f1fb575-b9d3-4f74-bfcf-58d2b221f579,species,Animalia,t0097406,"",Bryocoris gracilis,Bryocoris gracilis,相同Kingdom學名加命名者重複,https://vvtaxatree.tbn.org.tw/taxa/2f1fb575-b9d3-4f74-bfcf-58d2b221f579
d0ad9ae4-533c-4300-a230-808bc317699c,species,Animalia,t0097479,"",Campsomeris ilanensis,Campsomeris ilanensis,相同Kingdom學名加命名者重複,https://vvtaxatree.tbn.org.tw/taxa/d0ad9ae4-533c-4300-a230-808bc317699c
f2357e9a-6be0-4b17-af14-707c4de30a22,species,Animalia,t0097480,"",Campsomeris binghami,Campsomeris binghami,相同Kingdom學名加命名者重複,https://vvtaxatree.tbn.org.tw/taxa/f2357e9a-6be0-4b17-af14-707c4de30a22
f16454f1-f3c2-406a-9ddd-d4081f7da48c,species,Animalia,t0097481,"",Campsomeris formosensis,Campsomeris formosensis,相同Kingdom學名加命名者重複,https://vvtaxatree.tbn.org.tw/taxa/f16454f1-f3c2-406a-9ddd-d4081f7da48c
69489f77-8475-44b3-8e72-75311dca1dab,species,Animalia,t0097482,"",Campsomeris taiwana,Campsomeris taiwana,相同Kingdom學名加命名者重複,https://vvtaxatree.tbn.org.tw/taxa/69489f77-8475-44b3-8e72-75311dca1dab
af26da7a-cdac-4c6b-b918-1dd87327533f,species,Animalia,t0097483,"",Campsomeris uchidai,Campsomeris uchidai,相同Kingdom學名加命名者重複,https://vvtaxatree.tbn.org.tw/taxa/af26da7a-cdac-4c6b-b918-1dd87327533f
7d4d63df-d2e8-4f27-bca5-39e75f2de2b8,species,Animalia,t0097503,"",Carcelia caudata,Carcelia caudata,相同Kingdom學名加命名者重複,https://vvtaxatree.tbn.org.tw/taxa/7d4d63df-d2e8-4f27-bca5-39e75f2de2b8
3e73f2de-8d42-4907-aefc-90a76b959b61,species,Animalia,t0097504,"",Carcelia frontalis,Carcelia frontalis,相同Kingdom學名加命名者重複,https://vvtaxatree.tbn.org.tw/taxa/3e73f2de-8d42-4907-aefc-90a76b959b61
6bc76bd1-0983-4775-9f34-d0470e224af0,species,Animalia,t0097505,"",Carcelia rasoides,Carcelia rasoides,相同Kingdom學名加命名者重複,https://vvtaxatree.tbn.org.tw/taxa/6bc76bd1-0983-4775-9f34-d0470e224af0
c490e4a9-8290-4a76-afce-adf581047275,species,Animalia,t0097506,"",Carcelia rutilloides,Carcelia rutilloides,相同Kingdom學名加命名者重複,https://vvtaxatree.tbn.org.tw/taxa/c490e4a9-8290-4a76-afce-adf581047275
5d2d5b91-2a46-4b72-9afe-1f9c081a245f,species,Animalia,t0097507,"",Carcelia setosella,Carcelia setosella,相同Kingdom學名加命名者重複,https://vvtaxatree.tbn.org.tw/taxa/5d2d5b91-2a46-4b72-9afe-1f9c081a245f
eea1862d-07d2-4cee-89e4-f90ea5e7c580,species,Animalia,t0097508,"",Carcelia sexta,Carcelia sexta,相同Kingdom學名加命名者重複,https://vvtaxatree.tbn.org.tw/taxa/eea1862d-07d2-4cee-89e4-f90ea5e7c580
30f0b74d-96d0-46df-9fcf-81f4af08b4af,species,Animalia,t0097509,"",Carcelia aberrans,Carcelia aberrans,相同Kingdom學名加命名者重複,https://vvtaxatree.tbn.org.tw/taxa/30f0b74d-96d0-46df-9fcf-81f4af08b4af
57388604-75ad-4ddc-a549-975c48d6db9a,species,Animalia,t0097510,"",Carcelia hirsuta,Carcelia hirsuta,相同Kingdom學名加命名者重複,https://vvtaxatree.tbn.org.tw/taxa/57388604-75ad-4ddc-a549-975c48d6db9a
07b34f4b-59ee-4be8-86b7-5e24a7bb9107,species,Animalia,t0097511,"",Carcelia pilosella,Carcelia pilosella,相同Kingdom學名加命名者重複,https://vvtaxatree.tbn.org.tw/taxa/07b34f4b-59ee-4be8-86b7-5e24a7bb9107
e88e73b3-1bf7-4006-9ea0-12df87c43daf,species,Animalia,t0097512,"",Carcelia septima,Carcelia septima,相同Kingdom學名加命名者重複,https://vvtaxatree.tbn.org.tw/taxa/e88e73b3-1bf7-4006-9ea0-12df87c43daf
caa37f7e-fbe7-4872-8a55-dd9e6b9f47c2,species,Animalia,t0097523,"",Carpophilus chalybaeus,Carpophilus chalybaeus,相同Kingdom學名加命名者重複,https://vvtaxatree.tbn.org.tw/taxa/caa37f7e-fbe7-4872-8a55-dd9e6b9f47c2
3de3735f-39ff-48e0-a0a3-93a5c8965aa6,species,Animalia,t0097524,"",Carpophilus marginellus,Carpophilus marginellus,相同Kingdom學名加命名者重複,https://vvtaxatree.tbn.org.tw/taxa/3de3735f-39ff-48e0-a0a3-93a5c8965aa6
b5d5405d-8018-4778-81c1-51422f5ddbff,species,Animalia,t0097525,"",Carpophilus funereus,Carpophilus funereus,相同Kingdom學名加命名者重複,https://vvtaxatree.tbn.org.tw/taxa/b5d5405d-8018-4778-81c1-51422f5ddbff
532a0b66-58e8-4c13-9607-9988a225a508,species,Animalia,t0097526,"",Carpophilus triton,Carpophilus triton,相同Kingdom學名加命名者重複,https://vvtaxatree.tbn.org.tw/taxa/532a0b66-58e8-4c13-9607-9988a225a508
6a25bf37-fd96-406e-acb5-6a80f55eb975,species,Animalia,t0097527,"",Carpophilus shioedtei,Carpophilus shioedtei,相同Kingdom學名加命名者重複,https://vvtaxatree.tbn.org.tw/taxa/6a25bf37-fd96-406e-acb5-6a80f55eb975
3438a73f-4805-4440-86fe-32ae641f44f7,species,Animalia,t0097528,"",Carpophilus truncatus,Carpophilus truncatus,相同Kingdom學名加命名者重複,https://vvtaxatree.tbn.org.tw/taxa/3438a73f-4805-4440-86fe-32ae641f44f7
c6b7bdd1-5fd0-4300-9a47-1ff98ad37a7a,species,Animalia,t0097530,"",Caryophyllia ambrosia,Caryophyllia ambrosia,相同Kingdom學名加命名者重複,https://vvtaxatree.tbn.org.tw/taxa/c6b7bdd1-5fd0-4300-9a47-1ff98ad37a7a
fcbf026a-1636-41e6-b821-53ab94effd7c,species,Animalia,t0097531,"",Caryophyllia hawaiiensis,Caryophyllia hawaiiensis,相同Kingdom學名加命名者重複,https://vvtaxatree.tbn.org.tw/taxa/fcbf026a-1636-41e6-b821-53ab94effd7c
27911e36-a995-4206-ae62-186ad9a08c7f,species,Animalia,t0097532,"",Caryophyllia quadragenaria,Caryophyllia quadragenaria,相同Kingdom學名加命名者重複,https://vvtaxatree.tbn.org.tw/taxa/27911e36-a995-4206-ae62-186ad9a08c7f
be735e66-be83-4291-b74d-ddc4207a6f9b,species,Animalia,t0097533,"",Caryophyllia rugosa,Caryophyllia rugosa,相同Kingdom學名加命名者重複,https://vvtaxatree.tbn.org.tw/taxa/be735e66-be83-4291-b74d-ddc4207a6f9b
6e9aa511-f881-40a9-9a2c-ef3f2ce2ecb9,species,Animalia,t0097534,"",Caryophyllia scobinosa,Caryophyllia scobinosa,相同Kingdom學名加命名者重複,https://vvtaxatree.tbn.org.tw/taxa/6e9aa511-f881-40a9-9a2c-ef3f2ce2ecb9
3977825b-1930-4f41-8cd8-6b623107adad,species,Animalia,t0097576,"",Centistes choui,Centistes choui,相同Kingdom學名加命名者重複,https://vvtaxatree.tbn.org.tw/taxa/3977825b-1930-4f41-8cd8-6b623107adad
991972b2-a080-45d7-a424-dcd44cbc8271,species,Animalia,t0097616,"",Chaetocnema granulosa,Chaetocnema granulosa,相同Kingdom學名加命名者重複,https://vvtaxatree.tbn.org.tw/taxa/991972b2-a080-45d7-a424-dcd44cbc8271
62406d7c-b45c-4ea7-b11c-93fc14b86816,species,Animalia,t0097617,"",Chaetocnema nigrica,Chaetocnema nigrica,相同Kingdom學名加命名者重複,https://vvtaxatree.tbn.org.tw/taxa/62406d7c-b45c-4ea7-b11c-93fc14b86816
64c60275-1169-4121-803d-ed4fb32914eb,species,Animalia,t0097618,"",Chaetocnema wallacei,Chaetocnema wallacei,相同Kingdom學名加命名者重複,https://vvtaxatree.tbn.org.tw/taxa/64c60275-1169-4121-803d-ed4fb32914eb
3c146b24-1a87-49f9-8b92-8c9373843dc4,species,Animalia,t0097619,"",Chaetocnema malayana,Chaetocnema malayana,相同Kingdom學名加命名者重複,https://vvtaxatree.tbn.org.tw/taxa/3c146b24-1a87-49f9-8b92-8c9373843dc4
61266680-ede1-4da7-8ee5-f400b7af9021,species,Animalia,t0097749,"",Coelostoma sulcatum,Coelostoma sulcatum,相同Kingdom學名加命名者重複,https://vvtaxatree.tbn.org.tw/taxa/61266680-ede1-4da7-8ee5-f400b7af9021
bc554a05-438b-4ae0-bfe4-36d4f1e77eb8,species,Animalia,t0097753,"",Colastes pilosiventris,Colastes pilosiventris,相同Kingdom學名加命名者重複,https://vvtaxatree.tbn.org.tw/taxa/bc554a05-438b-4ae0-bfe4-36d4f1e77eb8
b8efffe8-098a-49f7-a369-9a64d6002a34,species,Animalia,t0097754,"",Colastes alboapicalis,Colastes alboapicalis,相同Kingdom學名加命名者重複,https://vvtaxatree.tbn.org.tw/taxa/b8efffe8-098a-49f7-a369-9a64d6002a34
c0ccefde-7899-43cd-820d-40db1cc9df43,species,Animalia,t0097755,"",Colastes longitergum,Colastes longitergum,相同Kingdom學名加命名者重複,https://vvtaxatree.tbn.org.tw/taxa/c0ccefde-7899-43cd-820d-40db1cc9df43
f13e1e96-5fb7-426f-9931-1c66d2d1a46a,species,Animalia,t0097773,"",Conops nubeculosus,Conops nubeculosus,相同Kingdom學名加命名者重複,https://vvtaxatree.tbn.org.tw/taxa/f13e1e96-5fb7-426f-9931-1c66d2d1a46a
3a203f60-ceb1-4253-9511-584811aa9427,species,Animalia,t0097799,"",Corycaeus dahli,Corycaeus dahli,相同Kingdom學名加命名者重複,https://vvtaxatree.tbn.org.tw/taxa/3a203f60-ceb1-4253-9511-584811aa9427
e7aba423-45dc-44ef-bb93-78b1323f245d,species,Animalia,t0097800,"",Corycaeus japonica,Corycaeus japonica,相同Kingdom學名加命名者重複,https://vvtaxatree.tbn.org.tw/taxa/e7aba423-45dc-44ef-bb93-78b1323f245d
1d8ffe2c-3fbb-49d7-9d56-1557ce507fe0,species,Animalia,t0097843,"",Culex alis,Culex alis,相同Kingdom學名加命名者重複,https://vvtaxatree.tbn.org.tw/taxa/1d8ffe2c-3fbb-49d7-9d56-1557ce507fe0
198c18e0-b966-4d60-a594-f7b86926ff66,species,Animalia,t0097844,"",Culex annulus,Culex annulus,相同Kingdom學名加命名者重複,https://vvtaxatree.tbn.org.tw/taxa/198c18e0-b966-4d60-a594-f7b86926ff66
301a602a-920b-41e2-bea6-630f80fc02b3,species,Animalia,t0097845,"",Culex fuscocephala,Culex fuscocephala,相同Kingdom學名加命名者重複,https://vvtaxatree.tbn.org.tw/taxa/301a602a-920b-41e2-bea6-630f80fc02b3
137c8986-bac0-44a7-9cee-41d5b7ddd568,species,Animalia,t0097846,"",Culex gelidus,Culex gelidus,相同Kingdom學名加命名者重複,https://vvtaxatree.tbn.org.tw/taxa/137c8986-bac0-44a7-9cee-41d5b7ddd568
37e8e47f-2e31-430e-9c1b-b80125893112,species,Animalia,t0097847,"",Culex infula,Culex infula,相同Kingdom學名加命名者重複,https://vvtaxatree.tbn.org.tw/taxa/37e8e47f-2e31-430e-9c1b-b80125893112
f41350a2-e0e9-418a-9814-0891bd320b30,species,Animalia,t0097848,"",Culex sinensis,Culex sinensis,相同Kingdom學名加命名者重複,https://vvtaxatree.tbn.org.tw/taxa/f41350a2-e0e9-418a-9814-0891bd320b30
abd81c4c-b5a3-40ed-94b3-f0b4805a6064,species,Animalia,t0097849,"",Culex sitiens,Culex sitiens,相同Kingdom學名加命名者重複,https://vvtaxatree.tbn.org.tw/taxa/abd81c4c-b5a3-40ed-94b3-f0b4805a6064
8ceb4625-273a-474e-a0b3-e5e1b78249d3,species,Animalia,t0097850,"",Culex vagans,Culex vagans,相同Kingdom學名加命名者重複,https://vvtaxatree.tbn.org.tw/taxa/8ceb4625-273a-474e-a0b3-e5e1b78249d3
69b9864e-4041-446d-a5ee-6193b75efc7b,species,Animalia,t0097851,"",Culex vishnui,Culex vishnui,相同Kingdom學名加命名者重複,https://vvtaxatree.tbn.org.tw/taxa/69b9864e-4041-446d-a5ee-6193b75efc7b
2a5b2837-8ce1-4244-9bb1-09719e218397,species,Animalia,t0097852,"",Culex whitei,Culex whitei,相同Kingdom學名加命名者重複,https://vvtaxatree.tbn.org.tw/taxa/2a5b2837-8ce1-4244-9bb1-09719e218397
bf0037d9-4cea-4db0-9d39-4b05992d4b9c,species,Animalia,t0097853,"",Culex pallidothorax,Culex pallidothorax,相同Kingdom學名加命名者重複,https://vvtaxatree.tbn.org.tw/taxa/bf0037d9-4cea-4db0-9d39-4b05992d4b9c
547fb28b-4479-4e2f-a27e-0662d6771bb9,species,Animalia,t0097860,"",Culicoides liui,Culicoides liui,相同Kingdom學名加命名者重複,https://vvtaxatree.tbn.org.tw/taxa/547fb28b-4479-4e2f-a27e-0662d6771bb9
0be75f24-d71d-464e-8dcf-9728171be444,species,Animalia,t0097862,"",Culicoides clavipalpis,Culicoides clavipalpis,相同Kingdom學名加命名者重複,https://vvtaxatree.tbn.org.tw/taxa/0be75f24-d71d-464e-8dcf-9728171be444
85ea95a3-7766-4060-ab7d-c9c04bd1da55,species,Animalia,t0097863,"",Culicoides kepongensis,Culicoides kepongensis,相同Kingdom學名加命名者重複,https://vvtaxatree.tbn.org.tw/taxa/85ea95a3-7766-4060-ab7d-c9c04bd1da55
d0177069-29f9-4813-8390-a44fb9539e5e,species,Animalia,t0097864,"",Culicoides okinawensis,Culicoides okinawensis,相同Kingdom學名加命名者重複,https://vvtaxatree.tbn.org.tw/taxa/d0177069-29f9-4813-8390-a44fb9539e5e
bb6831da-1670-4a06-ae33-da0558b66283,species,Animalia,t0097865,"",Culicoides barreti,Culicoides barreti,相同Kingdom學名加命名者重複,https://vvtaxatree.tbn.org.tw/taxa/bb6831da-1670-4a06-ae33-da0558b66283
f786d946-fd91-4d4b-810e-23d219c991cd,species,Animalia,t0097866,"",Culicoides flaviscutatus,Culicoides flaviscutatus,相同Kingdom學名加命名者重複,https://vvtaxatree.tbn.org.tw/taxa/f786d946-fd91-4d4b-810e-23d219c991cd
adee7615-5af5-46ec-83e5-c2d89781bd12,species,Animalia,t0097867,"",Culicoides fordae,Culicoides fordae,相同Kingdom學名加命名者重複,https://vvtaxatree.tbn.org.tw/taxa/adee7615-5af5-46ec-83e5-c2d89781bd12
bb6b6d47-553e-4d30-9fe2-02100751a377,species,Animalia,t0097868,"",Culicoides paraflavescens,Culicoides paraflavescens,相同Kingdom學名加命名者重複,https://vvtaxatree.tbn.org.tw/taxa/bb6b6d47-553e-4d30-9fe2-02100751a377
d281b3d9-ccaf-4cd2-b0ab-ebddbd7411bb,species,Animalia,t0097869,"",Culicoides ragulithecus,Culicoides ragulithecus,相同Kingdom學名加命名者重複,https://vvtaxatree.tbn.org.tw/taxa/d281b3d9-ccaf-4cd2-b0ab-ebddbd7411bb
f58b179c-399e-4e6f-864e-3c1e82074994,species,Animalia,t0097870,"",Culicoides subpalpifer,Culicoides subpalpifer,相同Kingdom學名加命名者重複,https://vvtaxatree.tbn.org.tw/taxa/f58b179c-399e-4e6f-864e-3c1e82074994
e55003e3-0a54-419c-a3f6-1fdfaba4cb7f,species,Animalia,t0097871,"",Culicoides tenuipalpis,Culicoides tenuipalpis,相同Kingdom學名加命名者重複,https://vvtaxatree.tbn.org.tw/taxa/e55003e3-0a54-419c-a3f6-1fdfaba4cb7f
fbde9343-2890-4b4a-bd40-71bbf067c0b4,species,Animalia,t0097948,"",Dermestes nidum,Dermestes nidum,相同Kingdom學名加命名者重複,https://vvtaxatree.tbn.org.tw/taxa/fbde9343-2890-4b4a-bd40-71bbf067c0b4
af4f5705-aa70-494c-85e5-a2db36ce5d41,species,Animalia,t0097980,"",Dicranota delectata,Dicranota delectata,相同Kingdom學名加命名者重複,https://vvtaxatree.tbn.org.tw/taxa/af4f5705-aa70-494c-85e5-a2db36ce5d41
6bbcdb46-9ddd-4ad1-be6d-ab0105b08191,species,Animalia,t0097981,"",Dicranota fumicostata,Dicranota fumicostata,相同Kingdom學名加命名者重複,https://vvtaxatree.tbn.org.tw/taxa/6bbcdb46-9ddd-4ad1-be6d-ab0105b08191
fc1d4907-34b4-41ea-bc5d-fa80ea13274f,species,Animalia,t0097982,"",Dicranota plana,Dicranota plana,相同Kingdom學名加命名者重複,https://vvtaxatree.tbn.org.tw/taxa/fc1d4907-34b4-41ea-bc5d-fa80ea13274f
60ce6e06-0871-49cc-88c3-d3f19ced3ebe,species,Animalia,t0098018,"",Nephrotoma atrolatera,Nephrotoma atrolatera,相同Kingdom學名加命名者重複,https://vvtaxatree.tbn.org.tw/taxa/60ce6e06-0871-49cc-88c3-d3f19ced3ebe
ac5a9d35-255e-4bcc-ae40-b9e6afc2506c,species,Animalia,t0098019,"",Nephrotoma caudifera,Nephrotoma caudifera,相同Kingdom學名加命名者重複,https://vvtaxatree.tbn.org.tw/taxa/ac5a9d35-255e-4bcc-ae40-b9e6afc2506c
42ef3589-fdd7-4599-808b-a8bbe50e2666,species,Animalia,t0098020,"",Nephrotoma definita,Nephrotoma definita,相同Kingdom學名加命名者重複,https://vvtaxatree.tbn.org.tw/taxa/42ef3589-fdd7-4599-808b-a8bbe50e2666
2ae0dbad-1a41-45e4-ab28-9c08f2cb583c,species,Animalia,t0098021,"",Nephrotoma integra,Nephrotoma integra,相同Kingdom學名加命名者重複,https://vvtaxatree.tbn.org.tw/taxa/2ae0dbad-1a41-45e4-ab28-9c08f2cb583c
27698eeb-6556-4d0f-9037-fc6d4529c421,species,Animalia,t0098022,"",Nephrotoma omeiana,Nephrotoma omeiana,相同Kingdom學名加命名者重複,https://vvtaxatree.tbn.org.tw/taxa/27698eeb-6556-4d0f-9037-fc6d4529c421
66ad98ea-7615-48d2-a061-b6abd86c00cf,species,Animalia,t0098023,"",Nephrotoma takeuchii,Nephrotoma takeuchii,相同Kingdom學名加命名者重複,https://vvtaxatree.tbn.org.tw/taxa/66ad98ea-7615-48d2-a061-b6abd86c00cf
26cd7aeb-f629-49ae-b795-feb665953fd5,species,Animalia,t0098024,"",Nephus sauteri,Nephus sauteri,相同Kingdom學名加命名者重複,https://vvtaxatree.tbn.org.tw/taxa/26cd7aeb-f629-49ae-b795-feb665953fd5
0ee57261-ef79-4d41-946d-6e0680766593,species,Animalia,t0098077,"",Notiphila dorsopunctata,Notiphila dorsopunctata,相同Kingdom學名加命名者重複,https://vvtaxatree.tbn.org.tw/taxa/0ee57261-ef79-4d41-946d-6e0680766593
1904a8e1-6b1b-45f5-a6df-f3cc6e8fcb63,species,Animalia,t0098152,"",Onthophagus taurinus,Onthophagus taurinus,相同Kingdom學名加命名者重複,https://vvtaxatree.tbn.org.tw/taxa/1904a8e1-6b1b-45f5-a6df-f3cc6e8fcb63
d84c43ba-b0fc-4d81-b31e-15b8248530d7,species,Animalia,t0098153,"",Onthophagus koshunensis,Onthophagus koshunensis,相同Kingdom學名加命名者重複,https://vvtaxatree.tbn.org.tw/taxa/d84c43ba-b0fc-4d81-b31e-15b8248530d7
18107f3c-6a84-43fd-969e-a966cfd77134,species,Animalia,t0098175,"",Orimarga formosicola,Orimarga formosicola,相同Kingdom學名加命名者重複,https://vvtaxatree.tbn.org.tw/taxa/18107f3c-6a84-43fd-969e-a966cfd77134
1dd9d9b2-4932-4ec9-ae95-b90d60bfeaf9,species,Animalia,t0098176,"",Orimarga fuscivenosa,Orimarga fuscivenosa,相同Kingdom學名加命名者重複,https://vvtaxatree.tbn.org.tw/taxa/1dd9d9b2-4932-4ec9-ae95-b90d60bfeaf9
eb314a3a-0bdb-435f-8d14-e53f60e7c19e,species,Animalia,t0098177,"",Orimarga griseipennis,Orimarga griseipennis,相同Kingdom學名加命名者重複,https://vvtaxatree.tbn.org.tw/taxa/eb314a3a-0bdb-435f-8d14-e53f60e7c19e
47c9f8bc-8115-459e-9b34-3cca452a91ac,species,Animalia,t0098178,"",Orimarga gymnoneura,Orimarga gymnoneura,相同Kingdom學名加命名者重複,https://vvtaxatree.tbn.org.tw/taxa/47c9f8bc-8115-459e-9b34-3cca452a91ac
13204b7e-8e13-4836-85bc-4eaa9352b045,species,Animalia,t0098179,"",Orimarga taiwanensis,Orimarga taiwanensis,相同Kingdom學名加命名者重複,https://vvtaxatree.tbn.org.tw/taxa/13204b7e-8e13-4836-85bc-4eaa9352b045
3792a695-707c-413d-8185-74c0dee71251,species,Animalia,t0098182,"",Ormosia anthracopoda,Ormosia anthracopoda,相同Kingdom學名加命名者重複,https://vvtaxatree.tbn.org.tw/taxa/3792a695-707c-413d-8185-74c0dee71251
ea44c369-c90b-469b-8ade-8afb270f9b7a,species,Animalia,t0098183,"",Ormosia arisanensis,Ormosia arisanensis,相同Kingdom學名加命名者重複,https://vvtaxatree.tbn.org.tw/taxa/ea44c369-c90b-469b-8ade-8afb270f9b7a
5dbccc70-911d-4047-8e82-4bdf867d3d4a,species,Animalia,t0098184,"",Ormosia diplotergata,Ormosia diplotergata,相同Kingdom學名加命名者重複,https://vvtaxatree.tbn.org.tw/taxa/5dbccc70-911d-4047-8e82-4bdf867d3d4a
70a6b725-7120-47d7-a76e-9b67d1cf47e0,species,Animalia,t0098185,"",Ormosia diversipennis,Ormosia diversipennis,相同Kingdom學名加命名者重複,https://vvtaxatree.tbn.org.tw/taxa/70a6b725-7120-47d7-a76e-9b67d1cf47e0
5d06e8cc-fc52-4939-97be-acf214433da8,species,Animalia,t0098186,"",Ormosia shoreana,Ormosia shoreana,相同Kingdom學名加命名者重複,https://vvtaxatree.tbn.org.tw/taxa/5d06e8cc-fc52-4939-97be-acf214433da8
a530db11-5c5d-4431-9381-367bfe5aef84,species,Animalia,t0098192,"",Orphinus aethiops,Orphinus aethiops,相同Kingdom學名加命名者重複,https://vvtaxatree.tbn.org.tw/taxa/a530db11-5c5d-4431-9381-367bfe5aef84
0e7a1f6f-b5ee-4da4-9e2b-b4a93ad536b9,species,Animalia,t0098241,"",Pachos dentatum,Pachos dentatum,相同Kingdom學名加命名者重複,https://vvtaxatree.tbn.org.tw/taxa/0e7a1f6f-b5ee-4da4-9e2b-b4a93ad536b9
f6e45a71-19c1-4074-9050-0ae91e73fb12,species,Animalia,t0098249,"",Paederus adiectus,Paederus adiectus,相同Kingdom學名加命名者重複,https://vvtaxatree.tbn.org.tw/taxa/f6e45a71-19c1-4074-9050-0ae91e73fb12
942f2527-3955-46d1-b90a-bad0cfec369b,species,Animalia,t0098250,"",Paederus aequilobatus,Paederus aequilobatus,相同Kingdom學名加命名者重複,https://vvtaxatree.tbn.org.tw/taxa/942f2527-3955-46d1-b90a-bad0cfec369b
70707798-6bee-42e0-a2dd-1a93292e8aad,species,Animalia,t0098251,"",Paederus alesi,Paederus alesi,相同Kingdom學名加命名者重複,https://vvtaxatree.tbn.org.tw/taxa/70707798-6bee-42e0-a2dd-1a93292e8aad
5a5f3a0f-cd7d-46c9-ae35-a80daca40ee5,species,Animalia,t0098252,"",Paederus anmamontis,Paederus anmamontis,相同Kingdom學名加命名者重複,https://vvtaxatree.tbn.org.tw/taxa/5a5f3a0f-cd7d-46c9-ae35-a80daca40ee5
dab9657f-ce79-47ee-9998-5610cb0a699e,species,Animalia,t0098253,"",Paederus bivirgatus,Paederus bivirgatus,相同Kingdom學名加命名者重複,https://vvtaxatree.tbn.org.tw/taxa/dab9657f-ce79-47ee-9998-5610cb0a699e
7e491f51-8b81-4f59-85ea-8031967d7c1b,species,Animalia,t0098254,"",Paederus discurrens,Paederus discurrens,相同Kingdom學名加命名者重複,https://vvtaxatree.tbn.org.tw/taxa/7e491f51-8b81-4f59-85ea-8031967d7c1b
ab8f6ee6-78d9-4c76-a605-f600a25d6960,species,Animalia,t0098255,"",Paederus excisissimus,Paederus excisissimus,相同Kingdom學名加命名者重複,https://vvtaxatree.tbn.org.tw/taxa/ab8f6ee6-78d9-4c76-a605-f600a25d6960
4a54ab99-aa1b-4e92-877c-585fb3ece78e,species,Animalia,t0098256,"",Paederus fulvocaudatus,Paederus fulvocaudatus,相同Kingdom學名加命名者重複,https://vvtaxatree.tbn.org.tw/taxa/4a54ab99-aa1b-4e92-877c-585fb3ece78e
7c0c6bfc-ba25-4fb9-8093-24bf8ac803c0,species,Animalia,t0098257,"",Paederus furcispinosus,Paederus furcispinosus,相同Kingdom學名加命名者重複,https://vvtaxatree.tbn.org.tw/taxa/7c0c6bfc-ba25-4fb9-8093-24bf8ac803c0
140897c7-8fc6-451f-a9c6-d0f22910a6b2,species,Animalia,t0098258,"",Paederus incisus,Paederus incisus,相同Kingdom學名加命名者重複,https://vvtaxatree.tbn.org.tw/taxa/140897c7-8fc6-451f-a9c6-d0f22910a6b2
fb8421f0-dbbc-4c98-a1e9-b51e508c272b,species,Animalia,t0098259,"",Paederus incurvatus,Paederus incurvatus,相同Kingdom學名加命名者重複,https://vvtaxatree.tbn.org.tw/taxa/fb8421f0-dbbc-4c98-a1e9-b51e508c272b
34bba834-06a5-4405-8efa-143aee997f99,species,Animalia,t0098260,"",Paederus nigricrus,Paederus nigricrus,相同Kingdom學名加命名者重複,https://vvtaxatree.tbn.org.tw/taxa/34bba834-06a5-4405-8efa-143aee997f99
33bb6293-5891-4240-9b61-f26b4b042840,species,Animalia,t0098261,"",Paederus semiflavus,Paederus semiflavus,相同Kingdom學名加命名者重複,https://vvtaxatree.tbn.org.tw/taxa/33bb6293-5891-4240-9b61-f26b4b042840
5c32ca31-6eb8-43f5-a175-7bdd8fb6968f,species,Animalia,t0098262,"",Paederus trihamatus,Paederus trihamatus,相同Kingdom學名加命名者重複,https://vvtaxatree.tbn.org.tw/taxa/5c32ca31-6eb8-43f5-a175-7bdd8fb6968f
42c2f31d-0310-4cc6-9802-65aea210a861,species,Animalia,t0098263,"",Paederus virgifer,Paederus virgifer,相同Kingdom學名加命名者重複,https://vvtaxatree.tbn.org.tw/taxa/42c2f31d-0310-4cc6-9802-65aea210a861
ceda870c-252e-47fc-8e17-b5e14d7cdd29,species,Animalia,t0098275,"",Pambolus caudalis,Pambolus caudalis,相同Kingdom學名加命名者重複,https://vvtaxatree.tbn.org.tw/taxa/ceda870c-252e-47fc-8e17-b5e14d7cdd29
ca39b78a-7639-4d9a-b65b-3c1e656e2ef0,species,Animalia,t0098276,"",Pambolus ruficeps,Pambolus ruficeps,相同Kingdom學名加命名者重複,https://vvtaxatree.tbn.org.tw/taxa/ca39b78a-7639-4d9a-b65b-3c1e656e2ef0
df07f567-3ce1-4410-8505-82f98343aa3f,species,Animalia,t0098370,"",Pedicia orophila,Pedicia orophila,相同Kingdom學名加命名者重複,https://vvtaxatree.tbn.org.tw/taxa/df07f567-3ce1-4410-8505-82f98343aa3f
b8e26845-20fa-45d5-9b86-14acef62314a,species,Animalia,t0098488,"",Physopelta parviceps,Physopelta parviceps,相同Kingdom學名加命名者重複,https://vvtaxatree.tbn.org.tw/taxa/b8e26845-20fa-45d5-9b86-14acef62314a
033dc49b-eb05-4374-99c1-c45623662cf1,species,Animalia,t0098489,"",Physopelta quadriguttata,Physopelta quadriguttata,相同Kingdom學名加命名者重複,https://vvtaxatree.tbn.org.tw/taxa/033dc49b-eb05-4374-99c1-c45623662cf1
fd2929dd-d567-4fd4-ab32-5898475d3736,species,Animalia,t0098503,"",Piophila contecta,Piophila contecta,相同Kingdom學名加命名者重複,https://vvtaxatree.tbn.org.tw/taxa/fd2929dd-d567-4fd4-ab32-5898475d3736
2b4025dd-9101-454a-a4f5-7a460ee3cf31,species,Animalia,t0098504,"",Pipunculus coatalis,Pipunculus coatalis,相同Kingdom學名加命名者重複,https://vvtaxatree.tbn.org.tw/taxa/2b4025dd-9101-454a-a4f5-7a460ee3cf31
7078e213-2483-4285-a662-e9c667f45db0,species,Animalia,t0098505,"",Pipunculus bicolor,Pipunculus bicolor,相同Kingdom學名加命名者重複,https://vvtaxatree.tbn.org.tw/taxa/7078e213-2483-4285-a662-e9c667f45db0
57b40dd0-a045-4c47-ba99-a7916ca0c0c7,species,Animalia,t0098506,"",Pipunculus holosericeus,Pipunculus holosericeus,相同Kingdom學名加命名者重複,https://vvtaxatree.tbn.org.tw/taxa/57b40dd0-a045-4c47-ba99-a7916ca0c0c7
f4cfbda3-e566-4d69-96f6-6201922d8f62,species,Animalia,t0098603,"",Prometopia quadrimaculata,Prometopia quadrimaculata,相同Kingdom學名加命名者重複,https://vvtaxatree.tbn.org.tw/taxa/f4cfbda3-e566-4d69-96f6-6201922d8f62
2a69c125-db8f-43cf-b8ad-2835af4254c1,species,Animalia,t0098692,"",Pylocheles mortensenii,Pylocheles mortensenii,相同Kingdom學名加命名者重複,https://vvtaxatree.tbn.org.tw/taxa/2a69c125-db8f-43cf-b8ad-2835af4254c1
9d4b1acb-418d-4e69-9a4d-4d01481f795a,species,Animalia,t0098807,"",Scolia desidiosa,Scolia desidiosa,相同Kingdom學名加命名者重複,https://vvtaxatree.tbn.org.tw/taxa/9d4b1acb-418d-4e69-9a4d-4d01481f795a
c36e36a7-f346-43ed-b436-21c425268b75,species,Animalia,t0098808,"",Scolia formosicola,Scolia formosicola,相同Kingdom學名加命名者重複,https://vvtaxatree.tbn.org.tw/taxa/c36e36a7-f346-43ed-b436-21c425268b75
97ac0216-55c0-47ba-82bf-53062ff4bf4e,species,Animalia,t0098809,"",Scolia minowai,Scolia minowai,相同Kingdom學名加命名者重複,https://vvtaxatree.tbn.org.tw/taxa/97ac0216-55c0-47ba-82bf-53062ff4bf4e
639833cb-fe2e-431d-9397-86403c8b3125,species,Animalia,t0098810,"",Scolia taiwana,Scolia taiwana,相同Kingdom學名加命名者重複,https://vvtaxatree.tbn.org.tw/taxa/639833cb-fe2e-431d-9397-86403c8b3125
8687ce26-1d69-420e-9767-eb91b8189058,species,Animalia,t0098811,"",Scolia wusheensis,Scolia wusheensis,相同Kingdom學名加命名者重複,https://vvtaxatree.tbn.org.tw/taxa/8687ce26-1d69-420e-9767-eb91b8189058
5aafb8f5-b928-4320-8c39-9c64b3f616f2,species,Animalia,t0098832,"",Scymnus hoffmanni,Scymnus hoffmanni,相同Kingdom學名加命名者重複,https://vvtaxatree.tbn.org.tw/taxa/5aafb8f5-b928-4320-8c39-9c64b3f616f2
ff27fe8e-aa87-4651-81e0-99f01b4d6498,species,Animalia,t0098833,"",Scymnus dorcatomoides,Scymnus dorcatomoides,相同Kingdom學名加命名者重複,https://vvtaxatree.tbn.org.tw/taxa/ff27fe8e-aa87-4651-81e0-99f01b4d6498
a049f444-c2d9-4c55-92db-ef7cc8f6d9a8,species,Animalia,t0098834,"",Scymnus ovimaculatus,Scymnus ovimaculatus,相同Kingdom學名加命名者重複,https://vvtaxatree.tbn.org.tw/taxa/a049f444-c2d9-4c55-92db-ef7cc8f6d9a8
b6482727-e578-40f7-a326-c6b39ebdf02c,species,Animalia,t0098836,"",Scymnus nubilus,Scymnus nubilus,相同Kingdom學名加命名者重複,https://vvtaxatree.tbn.org.tw/taxa/b6482727-e578-40f7-a326-c6b39ebdf02c
a5123aa2-25b1-418a-9ac7-a6cf435ba381,species,Animalia,t0098873,"",Simulium tuenense,Simulium tuenense,相同Kingdom學名加命名者重複,https://vvtaxatree.tbn.org.tw/taxa/a5123aa2-25b1-418a-9ac7-a6cf435ba381
9727917a-dc02-4fb9-80fd-d9f5d3c9c86f,species,Animalia,t0098874,"",Simulium taulingense,Simulium taulingense,相同Kingdom學名加命名者重複,https://vvtaxatree.tbn.org.tw/taxa/9727917a-dc02-4fb9-80fd-d9f5d3c9c86f
83576d51-e7a6-4947-86da-f660770e5609,species,Animalia,t0098875,"",Simulium yushangense,Simulium yushangense,相同Kingdom學名加命名者重複,https://vvtaxatree.tbn.org.tw/taxa/83576d51-e7a6-4947-86da-f660770e5609
d924f0ec-9371-4fb0-bc13-e8506b2663d5,species,Animalia,t0098876,"",Simulium chungi,Simulium chungi,相同Kingdom學名加命名者重複,https://vvtaxatree.tbn.org.tw/taxa/d924f0ec-9371-4fb0-bc13-e8506b2663d5
5a06460a-e535-4f71-bb74-09b073642b69,species,Animalia,t0098877,"",Simulium puliense,Simulium puliense,相同Kingdom學名加命名者重複,https://vvtaxatree.tbn.org.tw/taxa/5a06460a-e535-4f71-bb74-09b073642b69
2c4b1585-9555-4ea3-9c0e-be9c3484a0a0,species,Animalia,t0098878,"",Simulium sakishimaense,Simulium sakishimaense,相同Kingdom學名加命名者重複,https://vvtaxatree.tbn.org.tw/taxa/2c4b1585-9555-4ea3-9c0e-be9c3484a0a0
db671722-54f3-4326-a18a-529ac16ee534,species,Animalia,t0098879,"",Simulium taiwanicum,Simulium taiwanicum,相同Kingdom學名加命名者重複,https://vvtaxatree.tbn.org.tw/taxa/db671722-54f3-4326-a18a-529ac16ee534
d67ba22b-c899-4c07-a322-a2644e387cd4,species,Animalia,t0098880,"",Simulium ufengense,Simulium ufengense,相同Kingdom學名加命名者重複,https://vvtaxatree.tbn.org.tw/taxa/d67ba22b-c899-4c07-a322-a2644e387cd4
ecbe5059-265c-4ca5-98c9-d555d01c7b59,species,Animalia,t0098881,"",Simulium yonakuniense,Simulium yonakuniense,相同Kingdom學名加命名者重複,https://vvtaxatree.tbn.org.tw/taxa/ecbe5059-265c-4ca5-98c9-d555d01c7b59
5629f0b8-7616-4453-93b9-940cd9088757,species,Animalia,t0098899,"",Sipunculus nudus,Sipunculus nudus,相同Kingdom學名加命名者重複,https://vvtaxatree.tbn.org.tw/taxa/5629f0b8-7616-4453-93b9-940cd9088757
5f4b3e0c-20c2-4a64-8ab2-74525af7dd88,species,Animalia,t0098985,"",Streblocera okadai,Streblocera okadai,相同Kingdom學名加命名者重複,https://vvtaxatree.tbn.org.tw/taxa/5f4b3e0c-20c2-4a64-8ab2-74525af7dd88
a117a953-297d-4198-8d3c-168b568386b4,species,Animalia,t0098986,"",Streblocera villosa,Streblocera villosa,相同Kingdom學名加命名者重複,https://vvtaxatree.tbn.org.tw/taxa/a117a953-297d-4198-8d3c-168b568386b4
a304198a-8b02-4cb9-9c29-a77136ef4c7a,species,Animalia,t0099076,"",Tarsolepis fulgurifera,Tarsolepis fulgurifera,相同Kingdom學名加命名者重複,https://vvtaxatree.tbn.org.tw/taxa/a304198a-8b02-4cb9-9c29-a77136ef4c7a
518d3233-4eab-47e9-b4b3-641e9fcdbafa,species,Animalia,t0099111,"",Thaumastoptera issikiana,Thaumastoptera issikiana,相同Kingdom學名加命名者重複,https://vvtaxatree.tbn.org.tw/taxa/518d3233-4eab-47e9-b4b3-641e9fcdbafa
7040c46e-2df7-4927-ae06-d852069483b9,species,Animalia,t0099123,"",Themus bicoloricornis,Themus bicoloricornis,相同Kingdom學名加命名者重複,https://vvtaxatree.tbn.org.tw/taxa/7040c46e-2df7-4927-ae06-d852069483b9
1f806eaf-72d3-4404-8bed-b43de06988b4,species,Animalia,t0099124,"",Themus uniformis,Themus uniformis,相同Kingdom學名加命名者重複,https://vvtaxatree.tbn.org.tw/taxa/1f806eaf-72d3-4404-8bed-b43de06988b4
2221c023-6b1a-4023-841f-a4167763ebb2,species,Animalia,t0099125,"",Themus formosanus,Themus formosanus,相同Kingdom學名加命名者重複,https://vvtaxatree.tbn.org.tw/taxa/2221c023-6b1a-4023-841f-a4167763ebb2
d1c85d4f-32a0-4ec1-91b3-068d1a652937,species,Animalia,t0099126,"",Themus pallidipes,Themus pallidipes,相同Kingdom學名加命名者重複,https://vvtaxatree.tbn.org.tw/taxa/d1c85d4f-32a0-4ec1-91b3-068d1a652937
1df68d9a-c4dd-44c7-9eb8-89fb56e9158e,species,Animalia,t0099127,"",Themus purpuratus,Themus purpuratus,相同Kingdom學名加命名者重複,https://vvtaxatree.tbn.org.tw/taxa/1df68d9a-c4dd-44c7-9eb8-89fb56e9158e
15a19579-a645-4ecd-bcb2-0d880a6c8197,species,Animalia,t0099128,"",Themus satoi,Themus satoi,相同Kingdom學名加命名者重複,https://vvtaxatree.tbn.org.tw/taxa/15a19579-a645-4ecd-bcb2-0d880a6c8197
168e6601-7ff7-4653-aecc-1889f314e4c2,species,Animalia,t0099129,"",Themus taiwanus,Themus taiwanus,相同Kingdom學名加命名者重複,https://vvtaxatree.tbn.org.tw/taxa/168e6601-7ff7-4653-aecc-1889f314e4c2
47aa5a6b-9748-47ee-8e81-fc69e367e58c,species,Animalia,t0099161,"",Tipula alboplagiata,Tipula alboplagiata,相同Kingdom學名加命名者重複,https://vvtaxatree.tbn.org.tw/taxa/47aa5a6b-9748-47ee-8e81-fc69e367e58c
7bbb79be-dcec-454a-a2f6-b0e14cc76dbf,species,Animalia,t0099162,"",Tipula obtusiloba,Tipula obtusiloba,相同Kingdom學名加命名者重複,https://vvtaxatree.tbn.org.tw/taxa/7bbb79be-dcec-454a-a2f6-b0e14cc76dbf
13e5107f-aef3-4536-ade0-4aaf4df96dff,species,Animalia,t0099163,"",Tipula yamata,Tipula yamata,相同Kingdom學名加命名者重複,https://vvtaxatree.tbn.org.tw/taxa/13e5107f-aef3-4536-ade0-4aaf4df96dff
1ccff270-81bc-42fa-86b2-56f1e44afb03,species,Animalia,t0099164,"",Tipula niitakensis,Tipula niitakensis,相同Kingdom學名加命名者重複,https://vvtaxatree.tbn.org.tw/taxa/1ccff270-81bc-42fa-86b2-56f1e44afb03
36543e26-0437-4049-aead-f2f81bae83e7,species,Animalia,t0099165,"",Tipula obnata,Tipula obnata,相同Kingdom學名加命名者重複,https://vvtaxatree.tbn.org.tw/taxa/36543e26-0437-4049-aead-f2f81bae83e7
f2d018ca-8c20-438c-b1fe-04161dec1078,species,Animalia,t0099166,"",Tipula tridentata,Tipula tridentata,相同Kingdom學名加命名者重複,https://vvtaxatree.tbn.org.tw/taxa/f2d018ca-8c20-438c-b1fe-04161dec1078
42e10993-0d3c-4d93-8ddc-c6e2d620bbdd,species,Animalia,t0099167,"",Tipula rantaicola,Tipula rantaicola,相同Kingdom學名加命名者重複,https://vvtaxatree.tbn.org.tw/taxa/42e10993-0d3c-4d93-8ddc-c6e2d620bbdd
51795810-24d9-425c-9173-5970fcdc0b00,species,Animalia,t0099168,"",Tipula sparsissima,Tipula sparsissima,相同Kingdom學名加命名者重複,https://vvtaxatree.tbn.org.tw/taxa/51795810-24d9-425c-9173-5970fcdc0b00
a01d3c56-2783-49b8-9d0f-23c0ef4ee2c3,species,Animalia,t0099169,"",Tipula strictiva,Tipula strictiva,相同Kingdom學名加命名者重複,https://vvtaxatree.tbn.org.tw/taxa/a01d3c56-2783-49b8-9d0f-23c0ef4ee2c3
c69e8574-0642-4f65-af70-b02195a1a278,species,Animalia,t0099170,"",Tipula lackschewitziana,Tipula lackschewitziana,相同Kingdom學名加命名者重複,https://vvtaxatree.tbn.org.tw/taxa/c69e8574-0642-4f65-af70-b02195a1a278
ba963ccc-9259-493c-9854-ccee6569aa17,species,Animalia,t0099171,"",Tipula haplotricha,Tipula haplotricha,相同Kingdom學名加命名者重複,https://vvtaxatree.tbn.org.tw/taxa/ba963ccc-9259-493c-9854-ccee6569aa17
13557a15-bc58-4615-a29d-84c3e8291b30,species,Animalia,t0099172,"",Tipula bicornigera,Tipula bicornigera,相同Kingdom學名加命名者重複,https://vvtaxatree.tbn.org.tw/taxa/13557a15-bc58-4615-a29d-84c3e8291b30
6eb3f686-4ee2-478f-a943-ab8d6839410b,species,Animalia,t0099173,"",Tipula bicorunta,Tipula bicorunta,相同Kingdom學名加命名者重複,https://vvtaxatree.tbn.org.tw/taxa/6eb3f686-4ee2-478f-a943-ab8d6839410b
8e9c2a23-dfa9-4f19-a2bb-2320da3b37c4,species,Animalia,t0099174,"",Tipula foliacea,Tipula foliacea,相同Kingdom學名加命名者重複,https://vvtaxatree.tbn.org.tw/taxa/8e9c2a23-dfa9-4f19-a2bb-2320da3b37c4
c339d14e-a89e-4058-807b-63bbec297343,species,Animalia,t0099175,"",Tipula nestor,Tipula nestor,相同Kingdom學名加命名者重複,https://vvtaxatree.tbn.org.tw/taxa/c339d14e-a89e-4058-807b-63bbec297343
3a3c30d1-a152-4c75-b035-d5c83324c7e5,species,Animalia,t0099176,"",Tipula nokonis,Tipula nokonis,相同Kingdom學名加命名者重複,https://vvtaxatree.tbn.org.tw/taxa/3a3c30d1-a152-4c75-b035-d5c83324c7e5
d90b9ac1-5d00-4d45-a2d1-03c170fc7943,species,Animalia,t0099177,"",Tipula paravapiculata,Tipula paravapiculata,相同Kingdom學名加命名者重複,https://vvtaxatree.tbn.org.tw/taxa/d90b9ac1-5d00-4d45-a2d1-03c170fc7943
5394e923-c108-4e6b-befe-169932e6ba00,species,Animalia,t0099178,"",Tipula subapterogyne,Tipula subapterogyne,相同Kingdom學名加命名者重複,https://vvtaxatree.tbn.org.tw/taxa/5394e923-c108-4e6b-befe-169932e6ba00
b1a77e2f-e5b5-47cd-b017-a5f4bba7c6d8,species,Animalia,t0099179,"",Tipula takahashiana,Tipula takahashiana,相同Kingdom學名加命名者重複,https://vvtaxatree.tbn.org.tw/taxa/b1a77e2f-e5b5-47cd-b017-a5f4bba7c6d8
1abc9b5f-39e1-487b-a259-ea9837d1b3a8,species,Animalia,t0099180,"",Tipula nova,Tipula nova,相同Kingdom學名加命名者重複,https://vvtaxatree.tbn.org.tw/taxa/1abc9b5f-39e1-487b-a259-ea9837d1b3a8
99ae2ec2-116d-41df-b2e9-e96636eba89e,species,Animalia,t0099223,"",Trentepholia atayal,Trentepholia atayal,相同Kingdom學名加命名者重複,https://vvtaxatree.tbn.org.tw/taxa/99ae2ec2-116d-41df-b2e9-e96636eba89e
ddbd4616-b2ce-424d-8ad5-7e74cd47d757,species,Animalia,t0099224,"",Trentepholia esakii,Trentepholia esakii,相同Kingdom學名加命名者重複,https://vvtaxatree.tbn.org.tw/taxa/ddbd4616-b2ce-424d-8ad5-7e74cd47d757
77cc86e7-9246-415d-b47d-f5efb98e5334,species,Animalia,t0099225,"",Trentepholia montina,Trentepholia montina,相同Kingdom學名加命名者重複,https://vvtaxatree.tbn.org.tw/taxa/77cc86e7-9246-415d-b47d-f5efb98e5334
f91bb2f0-b34b-41ed-842e-f42e39426c5a,species,Animalia,t0099226,"",Trentepholia platyleuca,Trentepholia platyleuca,相同Kingdom學名加命名者重複,https://vvtaxatree.tbn.org.tw/taxa/f91bb2f0-b34b-41ed-842e-f42e39426c5a
72d39ffd-281e-40b0-a8a0-b744519cfb8c,species,Animalia,t0099227,"",Trentepholia tarsalba,Trentepholia tarsalba,相同Kingdom學名加命名者重複,https://vvtaxatree.tbn.org.tw/taxa/72d39ffd-281e-40b0-a8a0-b744519cfb8c
eb419d5f-6617-4cd1-b191-ef5b66207974,species,Animalia,t0099228,"",Trentepholia fuscobasalis,Trentepholia fuscobasalis,相同Kingdom學名加命名者重複,https://vvtaxatree.tbn.org.tw/taxa/eb419d5f-6617-4cd1-b191-ef5b66207974
0d44bce2-8adb-40c3-aeb3-aab3ce882288,species,Animalia,t0099229,"",Trentepholia proba,Trentepholia proba,相同Kingdom學名加命名者重複,https://vvtaxatree.tbn.org.tw/taxa/0d44bce2-8adb-40c3-aeb3-aab3ce882288
cb450045-839d-4bb7-8ab0-8614419f4c89,species,Animalia,t0099230,"",Trentepholia pulchripennis,Trentepholia pulchripennis,相同Kingdom學名加命名者重複,https://vvtaxatree.tbn.org.tw/taxa/cb450045-839d-4bb7-8ab0-8614419f4c89
1a4747e7-456a-470f-a2cf-b21abc4dba6b,species,Animalia,t0099487,"",Adelges tsugae,Adelges tsugae,相同Kingdom學名加命名者重複,https://vvtaxatree.tbn.org.tw/taxa/1a4747e7-456a-470f-a2cf-b21abc4dba6b
e646ad66-43a2-4f3a-828b-ff9389f0b897,species,Animalia,t0099799,"",Adelges tsugae,Adelges tsugae,相同Kingdom學名加命名者重複,https://vvtaxatree.tbn.org.tw/taxa/e646ad66-43a2-4f3a-828b-ff9389f0b897
d5d83def-1239-451c-9c21-8d7c176cf781,species,Animalia,t0099822,"",Agathidium alesi,Agathidium alesi,相同Kingdom學名加命名者重複,https://vvtaxatree.tbn.org.tw/taxa/d5d83def-1239-451c-9c21-8d7c176cf781
b9535e0f-b6bf-4355-83b9-bedac81ecd4b,species,Animalia,t0099823,"",Agathidium alpestre,Agathidium alpestre,相同Kingdom學名加命名者重複,https://vvtaxatree.tbn.org.tw/taxa/b9535e0f-b6bf-4355-83b9-bedac81ecd4b
d95bd8d6-3dd6-43d4-8d62-b81ebb6e6470,species,Animalia,t0099824,"",Agathidium angustatum,Agathidium angustatum,相同Kingdom學名加命名者重複,https://vvtaxatree.tbn.org.tw/taxa/d95bd8d6-3dd6-43d4-8d62-b81ebb6e6470
72ee4048-d794-472e-8e94-3061cc4eaa29,species,Animalia,t0099825,"",Agathidium anmashanense,Agathidium anmashanense,相同Kingdom學名加命名者重複,https://vvtaxatree.tbn.org.tw/taxa/72ee4048-d794-472e-8e94-3061cc4eaa29
6e79805c-3d7e-4cb2-80e4-0968a69a661c,species,Animalia,t0099826,"",Agathidium asphaltinum,Agathidium asphaltinum,相同Kingdom學名加命名者重複,https://vvtaxatree.tbn.org.tw/taxa/6e79805c-3d7e-4cb2-80e4-0968a69a661c
7f017d0e-e705-4d07-95d9-d204494175e9,species,Animalia,t0099827,"",Agathidium chalconotum,Agathidium chalconotum,相同Kingdom學名加命名者重複,https://vvtaxatree.tbn.org.tw/taxa/7f017d0e-e705-4d07-95d9-d204494175e9
0bf4f905-69f2-46ca-abe1-b7d6428c5dca,species,Animalia,t0099828,"",Agathidium chiaicum,Agathidium chiaicum,相同Kingdom學名加命名者重複,https://vvtaxatree.tbn.org.tw/taxa/0bf4f905-69f2-46ca-abe1-b7d6428c5dca
42b88979-7bbd-4ef3-bb45-f8638f018062,species,Animalia,t0099829,"",Agathidium comptum,Agathidium comptum,相同Kingdom學名加命名者重複,https://vvtaxatree.tbn.org.tw/taxa/42b88979-7bbd-4ef3-bb45-f8638f018062
dfecdc3b-c661-4254-878d-ed03c16d3f4f,species,Animalia,t0099830,"",Agathidium delicatulum,Agathidium delicatulum,相同Kingdom學名加命名者重複,https://vvtaxatree.tbn.org.tw/taxa/dfecdc3b-c661-4254-878d-ed03c16d3f4f
1df999eb-7853-4126-9cde-94869b3d6651,species,Animalia,t0099831,"",Agathidium discretum,Agathidium discretum,相同Kingdom學名加命名者重複,https://vvtaxatree.tbn.org.tw/taxa/1df999eb-7853-4126-9cde-94869b3d6651
11f52d6c-7790-40a9-8a03-b6a2245a31c6,species,Animalia,t0099832,"",Agathidium distinguendum,Agathidium distinguendum,相同Kingdom學名加命名者重複,https://vvtaxatree.tbn.org.tw/taxa/11f52d6c-7790-40a9-8a03-b6a2245a31c6
c700da23-333d-46eb-a830-c1ab3785c34f,species,Animalia,t0099833,"",Agathidium egregium,Agathidium egregium,相同Kingdom學名加命名者重複,https://vvtaxatree.tbn.org.tw/taxa/c700da23-333d-46eb-a830-c1ab3785c34f
55b73537-0d92-4272-9a26-49d44dc75c33,species,Animalia,t0099834,"",Agathidium exoletum,Agathidium exoletum,相同Kingdom學名加命名者重複,https://vvtaxatree.tbn.org.tw/taxa/55b73537-0d92-4272-9a26-49d44dc75c33
53290239-c424-4874-b07c-ad32a1d37201,species,Animalia,t0099835,"",Agathidium familiare,Agathidium familiare,相同Kingdom學名加命名者重複,https://vvtaxatree.tbn.org.tw/taxa/53290239-c424-4874-b07c-ad32a1d37201
c2ee24d3-49ed-4525-9884-85ae163a8f91,species,Animalia,t0099836,"",Agathidium fenestratum,Agathidium fenestratum,相同Kingdom學名加命名者重複,https://vvtaxatree.tbn.org.tw/taxa/c2ee24d3-49ed-4525-9884-85ae163a8f91
8a1f265c-3905-4e8f-93f1-a96b2417dbee,species,Animalia,t0099837,"",Agathidium formosum,Agathidium formosum,相同Kingdom學名加命名者重複,https://vvtaxatree.tbn.org.tw/taxa/8a1f265c-3905-4e8f-93f1-a96b2417dbee
07e2c856-bc11-435c-b4f2-ef6106bb1b5d,species,Animalia,t0099838,"",Agathidium fuliginosum,Agathidium fuliginosum,相同Kingdom學名加命名者重複,https://vvtaxatree.tbn.org.tw/taxa/07e2c856-bc11-435c-b4f2-ef6106bb1b5d
3c7ffe0d-1c23-4a82-a071-499025094739,species,Animalia,t0099839,"",Agathidium furcatum,Agathidium furcatum,相同Kingdom學名加命名者重複,https://vvtaxatree.tbn.org.tw/taxa/3c7ffe0d-1c23-4a82-a071-499025094739
b55794cd-1148-46a8-9530-4bde428a65a5,species,Animalia,t0099840,"",Agathidium fuscum,Agathidium fuscum,相同Kingdom學名加命名者重複,https://vvtaxatree.tbn.org.tw/taxa/b55794cd-1148-46a8-9530-4bde428a65a5
22961beb-a430-4434-80e2-d48297b43487,species,Animalia,t0099841,"",Agathidium glabricolle,Agathidium glabricolle,相同Kingdom學名加命名者重複,https://vvtaxatree.tbn.org.tw/taxa/22961beb-a430-4434-80e2-d48297b43487
f4359489-66e6-4db8-8674-83d2e8aef179,species,Animalia,t0099842,"",Agathidium griseum,Agathidium griseum,相同Kingdom學名加命名者重複,https://vvtaxatree.tbn.org.tw/taxa/f4359489-66e6-4db8-8674-83d2e8aef179
1b288c68-9a35-4797-8427-2a91affaf518,species,Animalia,t0099843,"",Agathidium grossum,Agathidium grossum,相同Kingdom學名加命名者重複,https://vvtaxatree.tbn.org.tw/taxa/1b288c68-9a35-4797-8427-2a91affaf518
dfcbf3f6-964f-4ba7-8c44-e5e12f37615d,species,Animalia,t0099844,"",Agathidium honestum,Agathidium honestum,相同Kingdom學名加命名者重複,https://vvtaxatree.tbn.org.tw/taxa/dfcbf3f6-964f-4ba7-8c44-e5e12f37615d
7458f83f-f5b5-47f2-8ff6-f10deead711e,species,Animalia,t0099845,"",Agathidium intricatum,Agathidium intricatum,相同Kingdom學名加命名者重複,https://vvtaxatree.tbn.org.tw/taxa/7458f83f-f5b5-47f2-8ff6-f10deead711e
9aeb252e-f775-4e4c-ac5c-ebc3c7794cec,species,Animalia,t0099846,"",Agathidium inustum,Agathidium inustum,相同Kingdom學名加命名者重複,https://vvtaxatree.tbn.org.tw/taxa/9aeb252e-f775-4e4c-ac5c-ebc3c7794cec
1ed7fd8e-34a7-4a48-93c1-d122fc4357fd,species,Animalia,t0099847,"",Agathidium kaohsiungense,Agathidium kaohsiungense,相同Kingdom學名加命名者重複,https://vvtaxatree.tbn.org.tw/taxa/1ed7fd8e-34a7-4a48-93c1-d122fc4357fd
89ac1a5a-478c-4407-8709-5ff4a1d4679a,species,Animalia,t0099848,"",Agathidium lucidum,Agathidium lucidum,相同Kingdom學名加命名者重複,https://vvtaxatree.tbn.org.tw/taxa/89ac1a5a-478c-4407-8709-5ff4a1d4679a
ec784da7-d784-4a69-8393-c08f2f1a1d10,species,Animalia,t0099849,"",Agathidium lucifugum,Agathidium lucifugum,相同Kingdom學名加命名者重複,https://vvtaxatree.tbn.org.tw/taxa/ec784da7-d784-4a69-8393-c08f2f1a1d10
cda84cc3-1ef6-4bcd-97f6-067d97d36eac,species,Animalia,t0099850,"",Agathidium lunatum,Agathidium lunatum,相同Kingdom學名加命名者重複,https://vvtaxatree.tbn.org.tw/taxa/cda84cc3-1ef6-4bcd-97f6-067d97d36eac
4b44ea4d-d157-4c84-9eb2-786078805ae7,species,Animalia,t0099851,"",Agathidium meifengense,Agathidium meifengense,相同Kingdom學名加命名者重複,https://vvtaxatree.tbn.org.tw/taxa/4b44ea4d-d157-4c84-9eb2-786078805ae7
693cdab1-d2af-4fd5-b4b4-34dc8f1fd27e,species,Animalia,t0099852,"",Agathidium melanocephalum,Agathidium melanocephalum,相同Kingdom學名加命名者重複,https://vvtaxatree.tbn.org.tw/taxa/693cdab1-d2af-4fd5-b4b4-34dc8f1fd27e
1e12eed1-ea64-4b39-a08f-5b023b2ad9c2,species,Animalia,t0099853,"",Agathidium memnonium,Agathidium memnonium,相同Kingdom學名加命名者重複,https://vvtaxatree.tbn.org.tw/taxa/1e12eed1-ea64-4b39-a08f-5b023b2ad9c2
04433f2c-c121-47a2-88bb-623cb97253dd,species,Animalia,t0099854,"",Agathidium pictum,Agathidium pictum,相同Kingdom學名加命名者重複,https://vvtaxatree.tbn.org.tw/taxa/04433f2c-c121-47a2-88bb-623cb97253dd
53f785ad-4100-4847-bf18-fd0833aee94c,species,Animalia,t0099855,"",Agathidium splendidulum,Agathidium splendidulum,相同Kingdom學名加命名者重複,https://vvtaxatree.tbn.org.tw/taxa/53f785ad-4100-4847-bf18-fd0833aee94c
6271e4fe-b27b-436f-b593-6be71ab4fcca,species,Animalia,t0099856,"",Agathidium subalpinum,Agathidium subalpinum,相同Kingdom學名加命名者重複,https://vvtaxatree.tbn.org.tw/taxa/6271e4fe-b27b-436f-b593-6be71ab4fcca
212a1b77-52e9-4870-bd6f-035b1a702e81,species,Animalia,t0099857,"",Agathidium subnitidum,Agathidium subnitidum,相同Kingdom學名加命名者重複,https://vvtaxatree.tbn.org.tw/taxa/212a1b77-52e9-4870-bd6f-035b1a702e81
3990c1e5-9b94-42c1-b4ac-b6bc1c64db44,species,Animalia,t0099858,"",Agathidium subsinuatum,Agathidium subsinuatum,相同Kingdom學名加命名者重複,https://vvtaxatree.tbn.org.tw/taxa/3990c1e5-9b94-42c1-b4ac-b6bc1c64db44
c4081794-684d-4954-8d73-9986ef50f777,species,Animalia,t0099859,"",Agathidium taichungense,Agathidium taichungense,相同Kingdom學名加命名者重複,https://vvtaxatree.tbn.org.tw/taxa/c4081794-684d-4954-8d73-9986ef50f777
f111c17e-ef3b-4e62-bdb7-bf8049d988e1,species,Animalia,t0099860,"",Agathidium tardum,Agathidium tardum,相同Kingdom學名加命名者重複,https://vvtaxatree.tbn.org.tw/taxa/f111c17e-ef3b-4e62-bdb7-bf8049d988e1
d9c11c42-b89f-4d38-b781-8083e8e7eeca,species,Animalia,t0099861,"",Agathidium tenebroides,Agathidium tenebroides,相同Kingdom學名加命名者重複,https://vvtaxatree.tbn.org.tw/taxa/d9c11c42-b89f-4d38-b781-8083e8e7eeca
5fcf7457-fbec-4271-9742-3c7dd49a8cbc,species,Animalia,t0099862,"",Agathidium tessellatum,Agathidium tessellatum,相同Kingdom學名加命名者重複,https://vvtaxatree.tbn.org.tw/taxa/5fcf7457-fbec-4271-9742-3c7dd49a8cbc
5b3fcc7c-0d21-442c-a0c8-3f1be52534de,species,Animalia,t0099863,"",Agathidium umbratum,Agathidium umbratum,相同Kingdom學名加命名者重複,https://vvtaxatree.tbn.org.tw/taxa/5b3fcc7c-0d21-442c-a0c8-3f1be52534de
238819ce-c0ac-47cc-ad7a-98c43d2edfd5,species,Animalia,t0099864,"",Agathidium geniculatum,Agathidium geniculatum,相同Kingdom學名加命名者重複,https://vvtaxatree.tbn.org.tw/taxa/238819ce-c0ac-47cc-ad7a-98c43d2edfd5
65a07e35-effa-401b-9d1f-8b30a1f03cfc,species,Animalia,t0099865,"",Agathidium inquisitor,Agathidium inquisitor,相同Kingdom學名加命名者重複,https://vvtaxatree.tbn.org.tw/taxa/65a07e35-effa-401b-9d1f-8b30a1f03cfc
28ffe8ad-985a-4c25-8fa1-8e5e64468528,species,Animalia,t0099866,"",Agathidium yushanicum,Agathidium yushanicum,相同Kingdom學名加命名者重複,https://vvtaxatree.tbn.org.tw/taxa/28ffe8ad-985a-4c25-8fa1-8e5e64468528
4f7f38e1-4c7a-4eee-b514-b13f07482bec,species,Animalia,t0099867,"",Agathidium oblitum,Agathidium oblitum,相同Kingdom學名加命名者重複,https://vvtaxatree.tbn.org.tw/taxa/4f7f38e1-4c7a-4eee-b514-b13f07482bec
dc3aeea9-45bb-4725-9c9a-323efdd83642,species,Animalia,t0099868,"",Agathidium amictum,Agathidium amictum,相同Kingdom學名加命名者重複,https://vvtaxatree.tbn.org.tw/taxa/dc3aeea9-45bb-4725-9c9a-323efdd83642
b96fce34-a8cd-48f8-a756-e9b17cbeeda2,species,Animalia,t0099869,"",Agathidium fenchihuense,Agathidium fenchihuense,相同Kingdom學名加命名者重複,https://vvtaxatree.tbn.org.tw/taxa/b96fce34-a8cd-48f8-a756-e9b17cbeeda2
77d15bd9-6cf5-4100-b625-0da30c6bdb37,species,Animalia,t0099870,"",Agathidium klapperichi,Agathidium klapperichi,相同Kingdom學名加命名者重複,https://vvtaxatree.tbn.org.tw/taxa/77d15bd9-6cf5-4100-b625-0da30c6bdb37
bde8eeb4-3cad-40ee-90fa-81016ce5360f,species,Animalia,t0099871,"",Agathidium serratum,Agathidium serratum,相同Kingdom學名加命名者重複,https://vvtaxatree.tbn.org.tw/taxa/bde8eeb4-3cad-40ee-90fa-81016ce5360f
a8bd4bc7-ed55-4421-997d-b601dfbaf638,species,Animalia,t0099872,"",Agathidium taiwanense,Agathidium taiwanense,相同Kingdom學名加命名者重複,https://vvtaxatree.tbn.org.tw/taxa/a8bd4bc7-ed55-4421-997d-b601dfbaf638
bd7428b1-2e12-4071-ae9a-69ece4c8043e,species,Animalia,t0099873,"",Agathidium venustum,Agathidium venustum,相同Kingdom學名加命名者重複,https://vvtaxatree.tbn.org.tw/taxa/bd7428b1-2e12-4071-ae9a-69ece4c8043e
7d44fb04-dc2a-46a7-831c-0d9dd5c12c59,species,Animalia,t0099874,"",Agathidium kyotoense,Agathidium kyotoense,相同Kingdom學名加命名者重複,https://vvtaxatree.tbn.org.tw/taxa/7d44fb04-dc2a-46a7-831c-0d9dd5c12c59
045e9308-6cbb-485d-b9bf-9fa34cf62f53,species,Animalia,t0099875,"",Agathidium nigrocastaneum,Agathidium nigrocastaneum,相同Kingdom學名加命名者重複,https://vvtaxatree.tbn.org.tw/taxa/045e9308-6cbb-485d-b9bf-9fa34cf62f53
22ad6219-6841-428b-a34d-89786af835ed,species,Animalia,t0099876,"",Agathidium praeustum,Agathidium praeustum,相同Kingdom學名加命名者重複,https://vvtaxatree.tbn.org.tw/taxa/22ad6219-6841-428b-a34d-89786af835ed
87a3f7a4-5b6b-4486-901b-c7a2cae575e5,species,Animalia,t0099877,"",Agathidium rufomarginatum,Agathidium rufomarginatum,相同Kingdom學名加命名者重複,https://vvtaxatree.tbn.org.tw/taxa/87a3f7a4-5b6b-4486-901b-c7a2cae575e5
5a7b677c-26b2-44a6-ad46-9043493c9037,species,Animalia,t0099878,"",Agathidium tarokoense,Agathidium tarokoense,相同Kingdom學名加命名者重複,https://vvtaxatree.tbn.org.tw/taxa/5a7b677c-26b2-44a6-ad46-9043493c9037
d77c0105-f646-4410-ab2b-9da2d2dcd011,species,Animalia,t0099879,"",Agathidium vestitum,Agathidium vestitum,相同Kingdom學名加命名者重複,https://vvtaxatree.tbn.org.tw/taxa/d77c0105-f646-4410-ab2b-9da2d2dcd011
6b5f63bc-e66d-4a78-901b-01921ce8aa72,species,Animalia,t0099929,"",Amarygmus antecedens,Amarygmus antecedens,相同Kingdom學名加命名者重複,https://vvtaxatree.tbn.org.tw/taxa/6b5f63bc-e66d-4a78-901b-01921ce8aa72
ecc0159d-a91d-4645-82b1-0926a727d9cf,species,Animalia,t0099930,"",Amarygmus antecursor,Amarygmus antecursor,相同Kingdom學名加命名者重複,https://vvtaxatree.tbn.org.tw/taxa/ecc0159d-a91d-4645-82b1-0926a727d9cf
0b320002-ac76-4816-936c-db7a05159c7c,species,Animalia,t0099984,"",Ankylopteryx gracilis,Ankylopteryx gracilis,相同Kingdom學名加命名者重複,https://vvtaxatree.tbn.org.tw/taxa/0b320002-ac76-4816-936c-db7a05159c7c
80dd7764-77d0-4b70-8c96-3dca2d0885d4,species,Animalia,t0099991,"",Anopheles sinensis,Anopheles sinensis,相同Kingdom學名加命名者重複,https://vvtaxatree.tbn.org.tw/taxa/80dd7764-77d0-4b70-8c96-3dca2d0885d4
095798c9-aee9-4e1f-a345-4b9e290339f1,species,Animalia,t0099992,"",Anopheles minimus,Anopheles minimus,相同Kingdom學名加命名者重複,https://vvtaxatree.tbn.org.tw/taxa/095798c9-aee9-4e1f-a345-4b9e290339f1
723914e5-95d9-43eb-b741-2bcb8913f66d,species,Animalia,t0099993,"",Anopheles takasagoensis,Anopheles takasagoensis,相同Kingdom學名加命名者重複,https://vvtaxatree.tbn.org.tw/taxa/723914e5-95d9-43eb-b741-2bcb8913f66d
abd082e2-703d-4a77-9aa6-992965816fa2,species,Animalia,t0099994,"",Anopheles tessellatus,Anopheles tessellatus,相同Kingdom學名加命名者重複,https://vvtaxatree.tbn.org.tw/taxa/abd082e2-703d-4a77-9aa6-992965816fa2
2cc79dbf-91b8-448a-ac11-8080a77101cc,species,Animalia,t0100017,"",Anthaxia taiwanensis,Anthaxia taiwanensis,相同Kingdom學名加命名者重複,https://vvtaxatree.tbn.org.tw/taxa/2cc79dbf-91b8-448a-ac11-8080a77101cc
a0ac85c6-fd19-4440-bd04-a18a0d3662ab,species,Animalia,t0100018,"",Anthaxia akiyamai,Anthaxia akiyamai,相同Kingdom學名加命名者重複,https://vvtaxatree.tbn.org.tw/taxa/a0ac85c6-fd19-4440-bd04-a18a0d3662ab
ee5068ad-b353-4a15-bbe5-22c4a6dd1ccf,species,Animalia,t0100019,"",Anthaxia clio,Anthaxia clio,相同Kingdom學名加命名者重複,https://vvtaxatree.tbn.org.tw/taxa/ee5068ad-b353-4a15-bbe5-22c4a6dd1ccf
effbf7a1-5f30-4b85-b947-5eee4eefb935,species,Animalia,t0100020,"",Anthaxia erato,Anthaxia erato,相同Kingdom學名加命名者重複,https://vvtaxatree.tbn.org.tw/taxa/effbf7a1-5f30-4b85-b947-5eee4eefb935
790bf3cc-0085-4ae7-93cb-86b253054ab6,species,Animalia,t0100021,"",Anthaxia formosensis,Anthaxia formosensis,相同Kingdom學名加命名者重複,https://vvtaxatree.tbn.org.tw/taxa/790bf3cc-0085-4ae7-93cb-86b253054ab6
0ccf2976-3ee0-4ec4-940f-9900696ac7ea,species,Animalia,t0100022,"",Anthaxia kurosawai,Anthaxia kurosawai,相同Kingdom學名加命名者重複,https://vvtaxatree.tbn.org.tw/taxa/0ccf2976-3ee0-4ec4-940f-9900696ac7ea
fb74b82c-bd14-4635-b99c-69633a352b22,species,Animalia,t0100023,"",Anthaxia svatopluki,Anthaxia svatopluki,相同Kingdom學名加命名者重複,https://vvtaxatree.tbn.org.tw/taxa/fb74b82c-bd14-4635-b99c-69633a352b22
79a6f606-d5ba-459b-ae7d-413ab36969ba,species,Animalia,t0100024,"",Anthaxia toyamai,Anthaxia toyamai,相同Kingdom學名加命名者重複,https://vvtaxatree.tbn.org.tw/taxa/79a6f606-d5ba-459b-ae7d-413ab36969ba
51d85183-a802-4057-b446-760e0b64fc42,species,Animalia,t0100025,"",Anthaxia vicesimasexta,Anthaxia vicesimasexta,相同Kingdom學名加命名者重複,https://vvtaxatree.tbn.org.tw/taxa/51d85183-a802-4057-b446-760e0b64fc42
e5c8b866-1c85-47cc-ac68-931bb87e456b,species,Animalia,t0100027,"",Anthaxia svatopluki,Anthaxia svatopluki,相同Kingdom學名加命名者重複,https://vvtaxatree.tbn.org.tw/taxa/e5c8b866-1c85-47cc-ac68-931bb87e456b
961a220a-4c83-4aab-922b-8c87ebf00b98,species,Animalia,t0100043,"",Antocha bifida,Antocha bifida,相同Kingdom學名加命名者重複,https://vvtaxatree.tbn.org.tw/taxa/961a220a-4c83-4aab-922b-8c87ebf00b98
47f08409-1818-4346-931b-4d7846d73e4b,species,Animalia,t0100044,"",Antocha javaensis,Antocha javaensis,相同Kingdom學名加命名者重複,https://vvtaxatree.tbn.org.tw/taxa/47f08409-1818-4346-931b-4d7846d73e4b
63f4d7dc-c350-46d3-b61d-c5fd001a40df,species,Animalia,t0100045,"",Antocha styx,Antocha styx,相同Kingdom學名加命名者重複,https://vvtaxatree.tbn.org.tw/taxa/63f4d7dc-c350-46d3-b61d-c5fd001a40df
3c8f6250-5298-467d-a975-e7e4f400ecd3,species,Animalia,t0100048,"",Apamea herczigi,Apamea herczigi,相同Kingdom學名加命名者重複,https://vvtaxatree.tbn.org.tw/taxa/3c8f6250-5298-467d-a975-e7e4f400ecd3
95cea2cb-af5d-4180-b7d3-445d78f3d2b7,species,Animalia,t0100049,"",Apamea ikerfasciata,Apamea ikerfasciata,相同Kingdom學名加命名者重複,https://vvtaxatree.tbn.org.tw/taxa/95cea2cb-af5d-4180-b7d3-445d78f3d2b7
90fd6100-9ed4-47ae-937c-7f47b3c7ea2f,species,Animalia,t0100050,"",Apamea changi,Apamea changi,相同Kingdom學名加命名者重複,https://vvtaxatree.tbn.org.tw/taxa/90fd6100-9ed4-47ae-937c-7f47b3c7ea2f
583bdfba-1805-4d32-bb5f-674c3ac0f3ef,species,Animalia,t0100060,"",Aphodius kotoensis,Aphodius kotoensis,相同Kingdom學名加命名者重複,https://vvtaxatree.tbn.org.tw/taxa/583bdfba-1805-4d32-bb5f-674c3ac0f3ef
b64443ef-9125-4463-8f06-eae5501ca4b1,species,Animalia,t0100119,"",Asarkina eurytaeniata,Asarkina eurytaeniata,相同Kingdom學名加命名者重複,https://vvtaxatree.tbn.org.tw/taxa/b64443ef-9125-4463-8f06-eae5501ca4b1
a0811b3d-446b-4764-a30e-102978cd58ee,species,Animalia,t0100145,"",Atarba issikiana,Atarba issikiana,相同Kingdom學名加命名者重複,https://vvtaxatree.tbn.org.tw/taxa/a0811b3d-446b-4764-a30e-102978cd58ee
898f7e29-3243-4eb3-8b14-3898b38739a9,species,Animalia,t0100146,"",Atarba leptoxantha,Atarba leptoxantha,相同Kingdom學名加命名者重複,https://vvtaxatree.tbn.org.tw/taxa/898f7e29-3243-4eb3-8b14-3898b38739a9
ad77dfde-1137-4cd4-ba54-d4c9e74901d5,species,Animalia,t0100156,"",Atherigona machligera,Atherigona machligera,相同Kingdom學名加命名者重複,https://vvtaxatree.tbn.org.tw/taxa/ad77dfde-1137-4cd4-ba54-d4c9e74901d5
c0417361-9f25-4a27-84d9-ceb68bd725a3,species,Animalia,t0100157,"",Atherigona nigripes,Atherigona nigripes,相同Kingdom學名加命名者重複,https://vvtaxatree.tbn.org.tw/taxa/c0417361-9f25-4a27-84d9-ceb68bd725a3
0b344992-4f78-4805-847a-b8682b26bd56,species,Animalia,t0100158,"",Atherigona orientalis,Atherigona orientalis,相同Kingdom學名加命名者重複,https://vvtaxatree.tbn.org.tw/taxa/0b344992-4f78-4805-847a-b8682b26bd56
91d993ab-f470-4414-9840-33180e30f94f,species,Animalia,t0100159,"",Atherigona reversura,Atherigona reversura,相同Kingdom學名加命名者重複,https://vvtaxatree.tbn.org.tw/taxa/91d993ab-f470-4414-9840-33180e30f94f
b7f8f039-a96d-4177-91a4-9530df36170a,species,Animalia,t0100192,"",Baccha amphithoe,Baccha amphithoe,相同Kingdom學名加命名者重複,https://vvtaxatree.tbn.org.tw/taxa/b7f8f039-a96d-4177-91a4-9530df36170a
667c8854-c563-4cc1-806c-02e9a08c0d8e,species,Animalia,t0100193,"",Baccha fallax,Baccha fallax,相同Kingdom學名加命名者重複,https://vvtaxatree.tbn.org.tw/taxa/667c8854-c563-4cc1-806c-02e9a08c0d8e
0bd47ed2-eb16-4ce2-aa10-da791ca30217,species,Animalia,t0100194,"",Baccha nubilipennis,Baccha nubilipennis,相同Kingdom學名加命名者重複,https://vvtaxatree.tbn.org.tw/taxa/0bd47ed2-eb16-4ce2-aa10-da791ca30217
0f9ddb53-e0bb-49bb-9298-bac9ea8bd1ed,species,Animalia,t0100195,"",Baccha sapphirina,Baccha sapphirina,相同Kingdom學名加命名者重複,https://vvtaxatree.tbn.org.tw/taxa/0f9ddb53-e0bb-49bb-9298-bac9ea8bd1ed
024f62e4-1e2b-4faa-b7ee-65b5d3723ccc,species,Animalia,t0100196,"",Baccha maculata,Baccha maculata,相同Kingdom學名加命名者重複,https://vvtaxatree.tbn.org.tw/taxa/024f62e4-1e2b-4faa-b7ee-65b5d3723ccc
1299cc9a-b313-433b-b332-9f393aedccde,species,Animalia,t0100206,"",Balanophyllia cornu,Balanophyllia cornu,相同Kingdom學名加命名者重複,https://vvtaxatree.tbn.org.tw/taxa/1299cc9a-b313-433b-b332-9f393aedccde
2c4b9c85-107d-4100-8ad2-023672dd4fba,species,Animalia,t0136342,"",Euplectes afer,Euplectes afer,相同Kingdom學名加命名者重複,https://vvtaxatree.tbn.org.tw/taxa/2c4b9c85-107d-4100-8ad2-023672dd4fba
44aed2d4-9f4e-4ec9-908c-5c6b8222ffdb,species,Animalia,t0136357,"",Podocnemis unifilis,Podocnemis unifilis,相同Kingdom學名加命名者重複,https://vvtaxatree.tbn.org.tw/taxa/44aed2d4-9f4e-4ec9-908c-5c6b8222ffdb
de3ad359-1eaa-4cf6-a7dc-33979dd581d0,infraspecies,Animalia,t0136253,"",Charadrius dubius dubius curonicus,Charadrius dubius dubius curonicus,相同Kingdom學名加命名者重複,https://vvtaxatree.tbn.org.tw/taxa/de3ad359-1eaa-4cf6-a7dc-33979dd581d0
8ece7e92-3cd0-460b-96f7-aa1d539d05a7,infraspecies,Animalia,t0136260,"",Accipiter gentilis gentilis schvedowi,Accipiter gentilis gentilis schvedowi,相同Kingdom學名加命名者重複,https://vvtaxatree.tbn.org.tw/taxa/8ece7e92-3cd0-460b-96f7-aa1d539d05a7
1f990f65-b360-43c9-ab2c-2e7ec9b1917d,genus,Animalia,t0012329,"",Cosella,Cosella,相同Kingdom學名加命名者階層重複,https://vvtaxatree.tbn.org.tw/taxa/1f990f65-b360-43c9-ab2c-2e7ec9b1917d
dd91addf-d615-4f32-996e-59c934fefcf4,genus,Animalia,t0012330,"",Cosella,Cosella,相同Kingdom學名加命名者階層重複,https://vvtaxatree.tbn.org.tw/taxa/dd91addf-d615-4f32-996e-59c934fefcf4
d0d240cb-b1d8-4fed-9eec-b34ba74525b0,genus,Animalia,"","",Genusa,Genusa,相同Kingdom學名加命名者階層重複,https://vvtaxatree.tbn.org.tw/taxa/d0d240cb-b1d8-4fed-9eec-b34ba74525b0
5939098f-8524-4041-8ed3-492450be463a,species,Animalia,t0032384,"",Pylocheles mortensenii,Pylocheles mortensenii,相同Kingdom學名加命名者階層重複,https://vvtaxatree.tbn.org.tw/taxa/5939098f-8524-4041-8ed3-492450be463a
fdc6ffb9-c3e6-408a-a7c0-680c21d0b03d,species,Animalia,t0082695,"",Pachos dentatum,Pachos dentatum,相同Kingdom學名加命名者階層重複,https://vvtaxatree.tbn.org.tw/taxa/fdc6ffb9-c3e6-408a-a7c0-680c21d0b03d
cd390af4-aa44-45d3-a18f-636823c1b53a,species,Animalia,t0079419,"",Corycaeus dahli,Corycaeus dahli,相同Kingdom學名加命名者階層重複,https://vvtaxatree.tbn.org.tw/taxa/cd390af4-aa44-45d3-a18f-636823c1b53a
7aa46e9c-a604-4247-ad97-0487e570cda8,species,Animalia,t0079424,"",Corycaeus japonica,Corycaeus japonica,相同Kingdom學名加命名者階層重複,https://vvtaxatree.tbn.org.tw/taxa/7aa46e9c-a604-4247-ad97-0487e570cda8
2dbc5abc-a1fb-4fc3-bb10-2e28a77038d7,species,Animalia,t0063791,"",Farrania orbus,Farrania orbus,相同Kingdom學名加命名者階層重複,https://vvtaxatree.tbn.org.tw/taxa/2dbc5abc-a1fb-4fc3-bb10-2e28a77038d7
fe1e6066-e2d1-4258-94e9-8b31b86b76ef,species,Animalia,t0077544,"",Caryophyllia ambrosia,Caryophyllia ambrosia,相同Kingdom學名加命名者階層重複,https://vvtaxatree.tbn.org.tw/taxa/fe1e6066-e2d1-4258-94e9-8b31b86b76ef
409b6235-952a-49cd-bc0d-87755308b571,species,Animalia,t0077554,"",Caryophyllia quadragenaria,Caryophyllia quadragenaria,相同Kingdom學名加命名者階層重複,https://vvtaxatree.tbn.org.tw/taxa/409b6235-952a-49cd-bc0d-87755308b571
cfdd4121-0c15-4a87-ac0d-27cc1056c4c6,species,Animalia,t0077555,"",Caryophyllia rugosa,Caryophyllia rugosa,相同Kingdom學名加命名者階層重複,https://vvtaxatree.tbn.org.tw/taxa/cfdd4121-0c15-4a87-ac0d-27cc1056c4c6
e29f9afe-6b77-4356-a930-309df720bd6d,species,Animalia,t0077556,"",Caryophyllia scobinosa,Caryophyllia scobinosa,相同Kingdom學名加命名者階層重複,https://vvtaxatree.tbn.org.tw/taxa/e29f9afe-6b77-4356-a930-309df720bd6d
149bd826-8f83-4bed-8c61-cbf0de072216,species,Animalia,t0048066,"",Trochocyathus rhombocolumna,Trochocyathus rhombocolumna,相同Kingdom學名加命名者階層重複,https://vvtaxatree.tbn.org.tw/taxa/149bd826-8f83-4bed-8c61-cbf0de072216
b7fdd220-9801-487b-a9e7-e61ad65a4a88,species,Animalia,t0076159,"",Balanophyllia cornu,Balanophyllia cornu,相同Kingdom學名加命名者階層重複,https://vvtaxatree.tbn.org.tw/taxa/b7fdd220-9801-487b-a9e7-e61ad65a4a88
0e93e804-ceb9-4bae-a27d-10bcf3d8e256,species,Animalia,t0063913,"",Flabellum lamellulosum,Flabellum lamellulosum,相同Kingdom學名加命名者階層重複,https://vvtaxatree.tbn.org.tw/taxa/0e93e804-ceb9-4bae-a27d-10bcf3d8e256
dd6a95a9-10e8-4382-a78a-81b47c604079,species,Animalia,t0063912,"",Flabellum japonicum,Flabellum japonicum,相同Kingdom學名加命名者階層重複,https://vvtaxatree.tbn.org.tw/taxa/dd6a95a9-10e8-4382-a78a-81b47c604079
e6418aaf-9273-4d3f-b83a-91e8aad37fb8,species,Animalia,t0032891,"",Sipunculus nudus,Sipunculus nudus,相同Kingdom學名加命名者階層重複,https://vvtaxatree.tbn.org.tw/taxa/e6418aaf-9273-4d3f-b83a-91e8aad37fb8
e59aa6c7-db54-452e-86c9-17c0fd5e7274,infraspecies,Animalia,t0085161,"",Accipiter gentilis gentilis schvedowi,Accipiter gentilis gentilis schvedowi,相同Kingdom學名加命名者階層重複,https://vvtaxatree.tbn.org.tw/taxa/e59aa6c7-db54-452e-86c9-17c0fd5e7274
7d616cdd-8a55-4742-a160-590b49b55c27,infraspecies,Animalia,t0085436,"",Charadrius dubius dubius curonicus,Charadrius dubius dubius curonicus,相同Kingdom學名加命名者階層重複,https://vvtaxatree.tbn.org.tw/taxa/7d616cdd-8a55-4742-a160-590b49b55c27
da83b213-5157-4b08-98a0-ba0bf11cb1c5,species,Animalia,t0065172,"",Harpalus capito,Harpalus capito,相同Kingdom學名加命名者階層重複,https://vvtaxatree.tbn.org.tw/taxa/da83b213-5157-4b08-98a0-ba0bf11cb1c5
08f8659f-fb7f-4e28-8444-40dd06e45d9a,species,Animalia,t0065175,"",Harpalus roninus,Harpalus roninus,相同Kingdom學名加命名者階層重複,https://vvtaxatree.tbn.org.tw/taxa/08f8659f-fb7f-4e28-8444-40dd06e45d9a
b8ec65dc-d417-43d9-8605-8ab1a14ce860,species,Animalia,t0077933,"",Chaetocnema malayana,Chaetocnema malayana,相同Kingdom學名加命名者階層重複,https://vvtaxatree.tbn.org.tw/taxa/b8ec65dc-d417-43d9-8605-8ab1a14ce860
af85aafc-ec20-4cd5-a1f6-af9cd77c3c0f,species,Animalia,t0030298,"",Chaetocnema nigrica,Chaetocnema nigrica,相同Kingdom學名加命名者階層重複,https://vvtaxatree.tbn.org.tw/taxa/af85aafc-ec20-4cd5-a1f6-af9cd77c3c0f
8f1afa5e-419e-4280-9df7-4114597c0797,species,Animalia,t0077932,"",Chaetocnema granulosa,Chaetocnema granulosa,相同Kingdom學名加命名者階層重複,https://vvtaxatree.tbn.org.tw/taxa/8f1afa5e-419e-4280-9df7-4114597c0797
c7ca295b-5efe-41e0-b97c-f41bd3b262ef,species,Animalia,t0077935,"",Chaetocnema wallacei,Chaetocnema wallacei,相同Kingdom學名加命名者階層重複,https://vvtaxatree.tbn.org.tw/taxa/c7ca295b-5efe-41e0-b97c-f41bd3b262ef
8fa5bcce-999b-4493-a893-41db6e914eae,species,Animalia,t0029377,"",Gonioctena scutellaris,Gonioctena scutellaris,相同Kingdom學名加命名者階層重複,https://vvtaxatree.tbn.org.tw/taxa/8fa5bcce-999b-4493-a893-41db6e914eae
9888250c-82fb-4e10-977f-2e3ac66c1308,species,Animalia,t0067017,"",Lema concinnipennis,Lema concinnipennis,相同Kingdom學名加命名者階層重複,https://vvtaxatree.tbn.org.tw/taxa/9888250c-82fb-4e10-977f-2e3ac66c1308
90393698-96b1-419a-8a32-75783e28889e,species,Animalia,t0067019,"",Lema coronata,Lema coronata,相同Kingdom學名加命名者階層重複,https://vvtaxatree.tbn.org.tw/taxa/90393698-96b1-419a-8a32-75783e28889e
8984d661-b785-4500-84ff-3189e01bf03c,species,Animalia,t0067025,"",Lema honorata,Lema honorata,相同Kingdom學名加命名者階層重複,https://vvtaxatree.tbn.org.tw/taxa/8984d661-b785-4500-84ff-3189e01bf03c
e0130a73-f2e3-440b-9264-b6cf4bade6be,species,Animalia,t0027355,"",Lema fortunei,Lema fortunei,相同Kingdom學名加命名者階層重複,https://vvtaxatree.tbn.org.tw/taxa/e0130a73-f2e3-440b-9264-b6cf4bade6be
db1dc50d-559d-4860-848d-e565fa8a47a7,species,Animalia,t0082773,"",Paederus fulvocaudatus,Paederus fulvocaudatus,相同Kingdom學名加命名者階層重複,https://vvtaxatree.tbn.org.tw/taxa/db1dc50d-559d-4860-848d-e565fa8a47a7
5d87cef3-7bf8-46e5-99ef-0debe87e74f2,species,Animalia,t0082784,"",Paederus virgifer,Paederus virgifer,相同Kingdom學名加命名者階層重複,https://vvtaxatree.tbn.org.tw/taxa/5d87cef3-7bf8-46e5-99ef-0debe87e74f2
de8b95bf-4818-480d-b15f-beae576e360e,species,Animalia,t0082777,"",Paederus incurvatus,Paederus incurvatus,相同Kingdom學名加命名者階層重複,https://vvtaxatree.tbn.org.tw/taxa/de8b95bf-4818-480d-b15f-beae576e360e
a080be0b-bff3-457a-b53f-fdbd9de107f7,species,Animalia,t0082764,"",Paederus adiectus,Paederus adiectus,相同Kingdom學名加命名者階層重複,https://vvtaxatree.tbn.org.tw/taxa/a080be0b-bff3-457a-b53f-fdbd9de107f7
daba8a6d-d326-4ac8-afd7-9f83fdead375,species,Animalia,t0082765,"",Paederus aequilobatus,Paederus aequilobatus,相同Kingdom學名加命名者階層重複,https://vvtaxatree.tbn.org.tw/taxa/daba8a6d-d326-4ac8-afd7-9f83fdead375
f8357705-a867-407f-8003-192269e0368d,species,Animalia,t0082774,"",Paederus furcispinosus,Paederus furcispinosus,相同Kingdom學名加命名者階層重複,https://vvtaxatree.tbn.org.tw/taxa/f8357705-a867-407f-8003-192269e0368d
4e6b6b1a-8fd9-4158-9740-329cf464d47e,species,Animalia,t0082772,"",Paederus excisissimus,Paederus excisissimus,相同Kingdom學名加命名者階層重複,https://vvtaxatree.tbn.org.tw/taxa/4e6b6b1a-8fd9-4158-9740-329cf464d47e
291c245b-69ab-4265-a484-10f0966191ab,species,Animalia,t0082783,"",Paederus trihamatus,Paederus trihamatus,相同Kingdom學名加命名者階層重複,https://vvtaxatree.tbn.org.tw/taxa/291c245b-69ab-4265-a484-10f0966191ab
bce82c5a-7efb-4582-9d57-92cf71678bb7,species,Animalia,t0082769,"",Paederus bivirgatus,Paederus bivirgatus,相同Kingdom學名加命名者階層重複,https://vvtaxatree.tbn.org.tw/taxa/bce82c5a-7efb-4582-9d57-92cf71678bb7
21266dd8-d581-4371-9ede-09c43fe4fd7f,species,Animalia,t0082768,"",Paederus anmamontis,Paederus anmamontis,相同Kingdom學名加命名者階層重複,https://vvtaxatree.tbn.org.tw/taxa/21266dd8-d581-4371-9ede-09c43fe4fd7f
357e7785-d078-4136-8de8-bff5ed65ca9e,species,Animalia,t0082780,"",Paederus semiflavus,Paederus semiflavus,相同Kingdom學名加命名者階層重複,https://vvtaxatree.tbn.org.tw/taxa/357e7785-d078-4136-8de8-bff5ed65ca9e
4fafb43d-183d-49e7-ad1e-2e125836f2ca,species,Animalia,t0082766,"",Paederus alesi,Paederus alesi,相同Kingdom學名加命名者階層重複,https://vvtaxatree.tbn.org.tw/taxa/4fafb43d-183d-49e7-ad1e-2e125836f2ca
23d70896-0077-465f-9283-b61df40478cc,species,Animalia,t0082771,"",Paederus discurrens,Paederus discurrens,相同Kingdom學名加命名者階層重複,https://vvtaxatree.tbn.org.tw/taxa/23d70896-0077-465f-9283-b61df40478cc
5c415ff3-79f6-40f9-b4e5-a9dedf24b00c,species,Animalia,t0082776,"",Paederus incisus,Paederus incisus,相同Kingdom學名加命名者階層重複,https://vvtaxatree.tbn.org.tw/taxa/5c415ff3-79f6-40f9-b4e5-a9dedf24b00c
7710663d-ccbd-4f98-bdf2-af3001f0ec55,species,Animalia,t0082778,"",Paederus nigricrus,Paederus nigricrus,相同Kingdom學名加命名者階層重複,https://vvtaxatree.tbn.org.tw/taxa/7710663d-ccbd-4f98-bdf2-af3001f0ec55
27d00833-ac01-46d9-90f6-b17187851163,species,Animalia,t0031115,"",Nephus sauteri,Nephus sauteri,相同Kingdom學名加命名者階層重複,https://vvtaxatree.tbn.org.tw/taxa/27d00833-ac01-46d9-90f6-b17187851163
ca801d75-2b6e-498d-9fa5-581d3426bfa4,species,Animalia,t0038678,"",Scymnus hoffmanni,Scymnus hoffmanni,相同Kingdom學名加命名者階層重複,https://vvtaxatree.tbn.org.tw/taxa/ca801d75-2b6e-498d-9fa5-581d3426bfa4
7f847c72-bea7-4f3d-b3bc-09d155543fa6,species,Animalia,t0032747,"",Scymnus dorcatomoides,Scymnus dorcatomoides,相同Kingdom學名加命名者階層重複,https://vvtaxatree.tbn.org.tw/taxa/7f847c72-bea7-4f3d-b3bc-09d155543fa6
a682af0b-bc61-4bfe-8222-ee451f588509,species,Animalia,t0038684,"",Scymnus ovimaculatus,Scymnus ovimaculatus,相同Kingdom學名加命名者階層重複,https://vvtaxatree.tbn.org.tw/taxa/a682af0b-bc61-4bfe-8222-ee451f588509
670e5f16-5f11-4671-9c8d-8eb0c99dde59,species,Animalia,t0032749,"",Scymnus nubilus,Scymnus nubilus,相同Kingdom學名加命名者階層重複,https://vvtaxatree.tbn.org.tw/taxa/670e5f16-5f11-4671-9c8d-8eb0c99dde59
f2a3efc5-48e2-4db4-afe1-032597881431,species,Animalia,t0071070,"",Amarygmus antecedens,Amarygmus antecedens,相同Kingdom學名加命名者階層重複,https://vvtaxatree.tbn.org.tw/taxa/f2a3efc5-48e2-4db4-afe1-032597881431
b0b36ef5-abaa-4f4d-a59b-ca00a761a499,species,Animalia,t0071071,"",Amarygmus antecursor,Amarygmus antecursor,相同Kingdom學名加命名者階層重複,https://vvtaxatree.tbn.org.tw/taxa/b0b36ef5-abaa-4f4d-a59b-ca00a761a499
169b2a55-657f-4c0a-9a6f-febb607ea536,species,Animalia,t0071952,"",Aphodius kotoensis,Aphodius kotoensis,相同Kingdom學名加命名者階層重複,https://vvtaxatree.tbn.org.tw/taxa/169b2a55-657f-4c0a-9a6f-febb607ea536
9d2563ae-71b1-498f-9ac8-dabc8ae931db,species,Animalia,t0082259,"",Onthophagus taurinus,Onthophagus taurinus,相同Kingdom學名加命名者階層重複,https://vvtaxatree.tbn.org.tw/taxa/9d2563ae-71b1-498f-9ac8-dabc8ae931db
96a4b75a-3899-42c7-9cd3-edde6a12285b,species,Animalia,t0082241,"",Onthophagus koshunensis,Onthophagus koshunensis,相同Kingdom學名加命名者階層重複,https://vvtaxatree.tbn.org.tw/taxa/96a4b75a-3899-42c7-9cd3-edde6a12285b
72632e5d-376e-4379-b995-be556350d016,species,Animalia,t0076724,"",Brachypeplus latus,Brachypeplus latus,相同Kingdom學名加命名者階層重複,https://vvtaxatree.tbn.org.tw/taxa/72632e5d-376e-4379-b995-be556350d016
aea333d0-417f-42ef-9cf2-58d0108b341b,species,Animalia,t0076723,"",Brachypeplus apicalis,Brachypeplus apicalis,相同Kingdom學名加命名者階層重複,https://vvtaxatree.tbn.org.tw/taxa/aea333d0-417f-42ef-9cf2-58d0108b341b
8e962bec-2281-4dfe-b9c1-6121b1af55c4,species,Animalia,t0077520,"",Carpophilus chalybaeus,Carpophilus chalybaeus,相同Kingdom學名加命名者階層重複,https://vvtaxatree.tbn.org.tw/taxa/8e962bec-2281-4dfe-b9c1-6121b1af55c4
d57f7fbe-ca78-4b7c-8afa-41ae901ece85,species,Animalia,t0077526,"",Carpophilus marginellus,Carpophilus marginellus,相同Kingdom學名加命名者階層重複,https://vvtaxatree.tbn.org.tw/taxa/d57f7fbe-ca78-4b7c-8afa-41ae901ece85
5629a2ce-3c93-4bd1-aa65-c86fb28d72ec,species,Animalia,t0077523,"",Carpophilus funereus,Carpophilus funereus,相同Kingdom學名加命名者階層重複,https://vvtaxatree.tbn.org.tw/taxa/5629a2ce-3c93-4bd1-aa65-c86fb28d72ec
d585b5b1-27f2-4611-b01c-138577c3ab53,species,Animalia,t0077530,"",Carpophilus triton,Carpophilus triton,相同Kingdom學名加命名者階層重複,https://vvtaxatree.tbn.org.tw/taxa/d585b5b1-27f2-4611-b01c-138577c3ab53
05503746-67cf-4906-ad7b-36bec6e3004d,species,Animalia,t0077529,"",Carpophilus shioedtei,Carpophilus shioedtei,相同Kingdom學名加命名者階層重複,https://vvtaxatree.tbn.org.tw/taxa/05503746-67cf-4906-ad7b-36bec6e3004d
ba0b4eeb-6baf-462d-ad96-98fa7912807a,species,Animalia,t0077531,"",Carpophilus truncatus,Carpophilus truncatus,相同Kingdom學名加命名者階層重複,https://vvtaxatree.tbn.org.tw/taxa/ba0b4eeb-6baf-462d-ad96-98fa7912807a
5249c3b1-df62-42b1-8068-9fa48cffeac3,species,Animalia,t0063002,"",Epuraea concolor,Epuraea concolor,相同Kingdom學名加命名者階層重複,https://vvtaxatree.tbn.org.tw/taxa/5249c3b1-df62-42b1-8068-9fa48cffeac3
1fb0f9ff-bbac-47fa-b9bf-387e602abe3e,species,Animalia,t0036773,"",Prometopia quadrimaculata,Prometopia quadrimaculata,相同Kingdom學名加命名者階層重複,https://vvtaxatree.tbn.org.tw/taxa/1fb0f9ff-bbac-47fa-b9bf-387e602abe3e
5f7ad92c-0daa-42be-888b-988273617972,species,Animalia,t0070479,"",Agathidium alesi,Agathidium alesi,相同Kingdom學名加命名者階層重複,https://vvtaxatree.tbn.org.tw/taxa/5f7ad92c-0daa-42be-888b-988273617972
cebaa762-5419-4b6d-9e68-c0b6350784af,species,Animalia,t0070489,"",Agathidium delicatulum,Agathidium delicatulum,相同Kingdom學名加命名者階層重複,https://vvtaxatree.tbn.org.tw/taxa/cebaa762-5419-4b6d-9e68-c0b6350784af
b2013005-2d2f-45d4-9fc2-2c9ce0555602,species,Animalia,t0070503,"",Agathidium griseum,Agathidium griseum,相同Kingdom學名加命名者階層重複,https://vvtaxatree.tbn.org.tw/taxa/b2013005-2d2f-45d4-9fc2-2c9ce0555602
4a57dc3f-231b-4d8c-91ff-b8de040019d1,species,Animalia,t0070504,"",Agathidium grossum,Agathidium grossum,相同Kingdom學名加命名者階層重複,https://vvtaxatree.tbn.org.tw/taxa/4a57dc3f-231b-4d8c-91ff-b8de040019d1
cd3cda6b-abef-41d5-bc25-4c9352b7dcb4,species,Animalia,t0070521,"",Agathidium pictum,Agathidium pictum,相同Kingdom學名加命名者階層重複,https://vvtaxatree.tbn.org.tw/taxa/cd3cda6b-abef-41d5-bc25-4c9352b7dcb4
a8261db0-c525-424a-a847-dc134bb4cbe8,species,Animalia,t0070528,"",Agathidium subnitidum,Agathidium subnitidum,相同Kingdom學名加命名者階層重複,https://vvtaxatree.tbn.org.tw/taxa/a8261db0-c525-424a-a847-dc134bb4cbe8
6095a9f1-262f-4270-a023-23f1e26f2fed,species,Animalia,t0070529,"",Agathidium subsinuatum,Agathidium subsinuatum,相同Kingdom學名加命名者階層重複,https://vvtaxatree.tbn.org.tw/taxa/6095a9f1-262f-4270-a023-23f1e26f2fed
697e360c-382f-4eb8-b304-312910fdb1c0,species,Animalia,t0070480,"",Agathidium alpestre,Agathidium alpestre,相同Kingdom學名加命名者階層重複,https://vvtaxatree.tbn.org.tw/taxa/697e360c-382f-4eb8-b304-312910fdb1c0
fc17d0ea-d62d-4c6f-b19c-07fd51903cc0,species,Animalia,t0070482,"",Agathidium angustatum,Agathidium angustatum,相同Kingdom學名加命名者階層重複,https://vvtaxatree.tbn.org.tw/taxa/fc17d0ea-d62d-4c6f-b19c-07fd51903cc0
4d27a40f-13c1-4fb2-9345-bee08a7696de,species,Animalia,t0070483,"",Agathidium anmashanense,Agathidium anmashanense,相同Kingdom學名加命名者階層重複,https://vvtaxatree.tbn.org.tw/taxa/4d27a40f-13c1-4fb2-9345-bee08a7696de
4c7375da-d684-46ba-aca5-119410b3de11,species,Animalia,t0070484,"",Agathidium asphaltinum,Agathidium asphaltinum,相同Kingdom學名加命名者階層重複,https://vvtaxatree.tbn.org.tw/taxa/4c7375da-d684-46ba-aca5-119410b3de11
d001193b-6111-42a5-95ac-1dcdd4b3d52f,species,Animalia,t0070485,"",Agathidium chalconotum,Agathidium chalconotum,相同Kingdom學名加命名者階層重複,https://vvtaxatree.tbn.org.tw/taxa/d001193b-6111-42a5-95ac-1dcdd4b3d52f
2ea651db-124f-4c25-a2be-948b884d88b9,species,Animalia,t0070486,"",Agathidium chiaicum,Agathidium chiaicum,相同Kingdom學名加命名者階層重複,https://vvtaxatree.tbn.org.tw/taxa/2ea651db-124f-4c25-a2be-948b884d88b9
8f4be6d2-6243-4b68-aab7-e2b14bbddeba,species,Animalia,t0070487,"",Agathidium comptum,Agathidium comptum,相同Kingdom學名加命名者階層重複,https://vvtaxatree.tbn.org.tw/taxa/8f4be6d2-6243-4b68-aab7-e2b14bbddeba
6dbe56ac-2d44-4ab0-b0b1-6315070249cc,species,Animalia,t0070490,"",Agathidium discretum,Agathidium discretum,相同Kingdom學名加命名者階層重複,https://vvtaxatree.tbn.org.tw/taxa/6dbe56ac-2d44-4ab0-b0b1-6315070249cc
54b9f71b-b65e-46c3-8251-aa971113b160,species,Animalia,t0070491,"",Agathidium distinguendum,Agathidium distinguendum,相同Kingdom學名加命名者階層重複,https://vvtaxatree.tbn.org.tw/taxa/54b9f71b-b65e-46c3-8251-aa971113b160
357789b7-8403-492c-bfba-c69286830630,species,Animalia,t0070492,"",Agathidium egregium,Agathidium egregium,相同Kingdom學名加命名者階層重複,https://vvtaxatree.tbn.org.tw/taxa/357789b7-8403-492c-bfba-c69286830630
d8d2eb10-3955-4426-92d8-19b94af65b6e,species,Animalia,t0070493,"",Agathidium exoletum,Agathidium exoletum,相同Kingdom學名加命名者階層重複,https://vvtaxatree.tbn.org.tw/taxa/d8d2eb10-3955-4426-92d8-19b94af65b6e
bf5a89ef-9370-473a-b629-3d70285e79cd,species,Animalia,t0070494,"",Agathidium familiare,Agathidium familiare,相同Kingdom學名加命名者階層重複,https://vvtaxatree.tbn.org.tw/taxa/bf5a89ef-9370-473a-b629-3d70285e79cd
37cba774-71ee-4180-b609-d15b4aa31233,species,Animalia,t0070496,"",Agathidium fenestratum,Agathidium fenestratum,相同Kingdom學名加命名者階層重複,https://vvtaxatree.tbn.org.tw/taxa/37cba774-71ee-4180-b609-d15b4aa31233
621366af-5465-4bb9-9692-019562bf6f1c,species,Animalia,t0070497,"",Agathidium formosum,Agathidium formosum,相同Kingdom學名加命名者階層重複,https://vvtaxatree.tbn.org.tw/taxa/621366af-5465-4bb9-9692-019562bf6f1c
14fc6271-d065-4457-af2a-b0155d2926e0,species,Animalia,t0070498,"",Agathidium fuliginosum,Agathidium fuliginosum,相同Kingdom學名加命名者階層重複,https://vvtaxatree.tbn.org.tw/taxa/14fc6271-d065-4457-af2a-b0155d2926e0
608a4d04-f075-4a3d-87db-41787231d891,species,Animalia,t0070499,"",Agathidium furcatum,Agathidium furcatum,相同Kingdom學名加命名者階層重複,https://vvtaxatree.tbn.org.tw/taxa/608a4d04-f075-4a3d-87db-41787231d891
52bc61be-29b0-4b4c-9b8f-a9263a9e7123,species,Animalia,t0070500,"",Agathidium fuscum,Agathidium fuscum,相同Kingdom學名加命名者階層重複,https://vvtaxatree.tbn.org.tw/taxa/52bc61be-29b0-4b4c-9b8f-a9263a9e7123
af062abc-7c51-4869-9d91-87252b13e98f,species,Animalia,t0070502,"",Agathidium glabricolle,Agathidium glabricolle,相同Kingdom學名加命名者階層重複,https://vvtaxatree.tbn.org.tw/taxa/af062abc-7c51-4869-9d91-87252b13e98f
514b8603-2cae-40c2-ad72-75f877782d99,species,Animalia,t0070505,"",Agathidium honestum,Agathidium honestum,相同Kingdom學名加命名者階層重複,https://vvtaxatree.tbn.org.tw/taxa/514b8603-2cae-40c2-ad72-75f877782d99
58f1572a-96f8-4794-8bee-ee91588f2cc8,species,Animalia,t0070507,"",Agathidium intricatum,Agathidium intricatum,相同Kingdom學名加命名者階層重複,https://vvtaxatree.tbn.org.tw/taxa/58f1572a-96f8-4794-8bee-ee91588f2cc8
72f95858-1a71-4147-98b5-9d280b01c500,species,Animalia,t0070508,"",Agathidium inustum,Agathidium inustum,相同Kingdom學名加命名者階層重複,https://vvtaxatree.tbn.org.tw/taxa/72f95858-1a71-4147-98b5-9d280b01c500
e38e2223-3c4f-4788-a584-ca5b280cc647,species,Animalia,t0070509,"",Agathidium kaohsiungense,Agathidium kaohsiungense,相同Kingdom學名加命名者階層重複,https://vvtaxatree.tbn.org.tw/taxa/e38e2223-3c4f-4788-a584-ca5b280cc647
1cf55a78-aa40-47ea-af9e-86969d27be37,species,Animalia,t0070512,"",Agathidium lucidum,Agathidium lucidum,相同Kingdom學名加命名者階層重複,https://vvtaxatree.tbn.org.tw/taxa/1cf55a78-aa40-47ea-af9e-86969d27be37
7e1d13a9-4de2-4fc9-adfe-e1b58a3a31b2,species,Animalia,t0070514,"",Agathidium lunatum,Agathidium lunatum,相同Kingdom學名加命名者階層重複,https://vvtaxatree.tbn.org.tw/taxa/7e1d13a9-4de2-4fc9-adfe-e1b58a3a31b2
8da5b369-78db-46d8-8952-a523406aaba6,species,Animalia,t0070515,"",Agathidium meifengense,Agathidium meifengense,相同Kingdom學名加命名者階層重複,https://vvtaxatree.tbn.org.tw/taxa/8da5b369-78db-46d8-8952-a523406aaba6
3ff0ac0f-d934-47f9-ae99-c4ac8ed49fe6,species,Animalia,t0070516,"",Agathidium melanocephalum,Agathidium melanocephalum,相同Kingdom學名加命名者階層重複,https://vvtaxatree.tbn.org.tw/taxa/3ff0ac0f-d934-47f9-ae99-c4ac8ed49fe6
39d5e706-d5c6-4111-90c7-66b898141322,species,Animalia,t0070517,"",Agathidium memnonium,Agathidium memnonium,相同Kingdom學名加命名者階層重複,https://vvtaxatree.tbn.org.tw/taxa/39d5e706-d5c6-4111-90c7-66b898141322
ec3ae016-05e4-4723-9ef3-cb0c9c0db8bf,species,Animalia,t0070526,"",Agathidium splendidulum,Agathidium splendidulum,相同Kingdom學名加命名者階層重複,https://vvtaxatree.tbn.org.tw/taxa/ec3ae016-05e4-4723-9ef3-cb0c9c0db8bf
5cdc20e4-6edd-4400-9a43-abe4fb4f9f0d,species,Animalia,t0070527,"",Agathidium subalpinum,Agathidium subalpinum,相同Kingdom學名加命名者階層重複,https://vvtaxatree.tbn.org.tw/taxa/5cdc20e4-6edd-4400-9a43-abe4fb4f9f0d
b1d3b7f2-03e7-400d-9952-3376164dd69f,species,Animalia,t0070530,"",Agathidium taichungense,Agathidium taichungense,相同Kingdom學名加命名者階層重複,https://vvtaxatree.tbn.org.tw/taxa/b1d3b7f2-03e7-400d-9952-3376164dd69f
562ca736-862d-4276-97db-43dc3451595c,species,Animalia,t0070532,"",Agathidium tardum,Agathidium tardum,相同Kingdom學名加命名者階層重複,https://vvtaxatree.tbn.org.tw/taxa/562ca736-862d-4276-97db-43dc3451595c
432a5bf0-68f3-42f0-83d2-b0baf70c8338,species,Animalia,t0070534,"",Agathidium tenebroides,Agathidium tenebroides,相同Kingdom學名加命名者階層重複,https://vvtaxatree.tbn.org.tw/taxa/432a5bf0-68f3-42f0-83d2-b0baf70c8338
3bd58d76-e0e8-411d-b7c9-e306b5dbd050,species,Animalia,t0070535,"",Agathidium tessellatum,Agathidium tessellatum,相同Kingdom學名加命名者階層重複,https://vvtaxatree.tbn.org.tw/taxa/3bd58d76-e0e8-411d-b7c9-e306b5dbd050
0863758c-c899-422a-a17b-c3ebd6a52356,species,Animalia,t0070536,"",Agathidium umbratum,Agathidium umbratum,相同Kingdom學名加命名者階層重複,https://vvtaxatree.tbn.org.tw/taxa/0863758c-c899-422a-a17b-c3ebd6a52356
d4a93683-a899-41dc-821d-7fa45ff8dd83,species,Animalia,t0070513,"",Agathidium lucifugum,Agathidium lucifugum,相同Kingdom學名加命名者階層重複,https://vvtaxatree.tbn.org.tw/taxa/d4a93683-a899-41dc-821d-7fa45ff8dd83
a34ea9d1-c6f9-49ab-9138-933e6b3e1df2,species,Animalia,t0070501,"",Agathidium geniculatum,Agathidium geniculatum,相同Kingdom學名加命名者階層重複,https://vvtaxatree.tbn.org.tw/taxa/a34ea9d1-c6f9-49ab-9138-933e6b3e1df2
4fb83940-c906-4d16-a464-f570099c9f5d,species,Animalia,t0070506,"",Agathidium inquisitor,Agathidium inquisitor,相同Kingdom學名加命名者階層重複,https://vvtaxatree.tbn.org.tw/taxa/4fb83940-c906-4d16-a464-f570099c9f5d
3529394e-6344-4c94-b5b0-9f1ab5f6433f,species,Animalia,t0070539,"",Agathidium yushanicum,Agathidium yushanicum,相同Kingdom學名加命名者階層重複,https://vvtaxatree.tbn.org.tw/taxa/3529394e-6344-4c94-b5b0-9f1ab5f6433f
c3dab100-d2e2-4c11-aa1b-00a751029f5d,species,Animalia,t0070520,"",Agathidium oblitum,Agathidium oblitum,相同Kingdom學名加命名者階層重複,https://vvtaxatree.tbn.org.tw/taxa/c3dab100-d2e2-4c11-aa1b-00a751029f5d
4305516b-04d9-44f8-8b3e-75a050c3e080,species,Animalia,t0070495,"",Agathidium fenchihuense,Agathidium fenchihuense,相同Kingdom學名加命名者階層重複,https://vvtaxatree.tbn.org.tw/taxa/4305516b-04d9-44f8-8b3e-75a050c3e080
41fee4da-e8af-453f-9f74-090261b5506b,species,Animalia,t0070481,"",Agathidium amictum,Agathidium amictum,相同Kingdom學名加命名者階層重複,https://vvtaxatree.tbn.org.tw/taxa/41fee4da-e8af-453f-9f74-090261b5506b
f76ee9ae-0cd1-4002-a299-3878d72c5aa3,species,Animalia,t0070510,"",Agathidium klapperichi,Agathidium klapperichi,相同Kingdom學名加命名者階層重複,https://vvtaxatree.tbn.org.tw/taxa/f76ee9ae-0cd1-4002-a299-3878d72c5aa3
a7d6003b-796e-4d2c-8cb9-f0ff0a4a0f48,species,Animalia,t0070531,"",Agathidium taiwanense,Agathidium taiwanense,相同Kingdom學名加命名者階層重複,https://vvtaxatree.tbn.org.tw/taxa/a7d6003b-796e-4d2c-8cb9-f0ff0a4a0f48
62b1599f-c24f-4946-a127-81585361e1c0,species,Animalia,t0070537,"",Agathidium venustum,Agathidium venustum,相同Kingdom學名加命名者階層重複,https://vvtaxatree.tbn.org.tw/taxa/62b1599f-c24f-4946-a127-81585361e1c0
5c1b3963-1b70-465a-a2a7-bfb0a435bff6,species,Animalia,t0070525,"",Agathidium serratum,Agathidium serratum,相同Kingdom學名加命名者階層重複,https://vvtaxatree.tbn.org.tw/taxa/5c1b3963-1b70-465a-a2a7-bfb0a435bff6
029c134d-acbf-4497-9ab1-95914c69ae71,species,Animalia,t0070519,"",Agathidium nigrocastaneum,Agathidium nigrocastaneum,相同Kingdom學名加命名者階層重複,https://vvtaxatree.tbn.org.tw/taxa/029c134d-acbf-4497-9ab1-95914c69ae71
35c1de93-a45f-453d-809a-4cfa7211c48e,species,Animalia,t0070522,"",Agathidium praeustum,Agathidium praeustum,相同Kingdom學名加命名者階層重複,https://vvtaxatree.tbn.org.tw/taxa/35c1de93-a45f-453d-809a-4cfa7211c48e
b5ff3c6d-3e07-4601-8686-fa2b47fd93a3,species,Animalia,t0070524,"",Agathidium rufomarginatum,Agathidium rufomarginatum,相同Kingdom學名加命名者階層重複,https://vvtaxatree.tbn.org.tw/taxa/b5ff3c6d-3e07-4601-8686-fa2b47fd93a3
c5f3f353-b914-48bb-8921-92f85e9696fb,species,Animalia,t0070533,"",Agathidium tarokoense,Agathidium tarokoense,相同Kingdom學名加命名者階層重複,https://vvtaxatree.tbn.org.tw/taxa/c5f3f353-b914-48bb-8921-92f85e9696fb
815cb908-a2a5-4ba3-82a2-f6f8f4290992,species,Animalia,t0070538,"",Agathidium vestitum,Agathidium vestitum,相同Kingdom學名加命名者階層重複,https://vvtaxatree.tbn.org.tw/taxa/815cb908-a2a5-4ba3-82a2-f6f8f4290992
e9f5aa09-2690-4fdb-a784-b906ab81ae48,species,Animalia,t0070511,"",Agathidium kyotoense,Agathidium kyotoense,相同Kingdom學名加命名者階層重複,https://vvtaxatree.tbn.org.tw/taxa/e9f5aa09-2690-4fdb-a784-b906ab81ae48
bb1d03cd-46f4-4517-ba49-171f5a50d02e,species,Animalia,t0071729,"",Anthaxia akiyamai,Anthaxia akiyamai,相同Kingdom學名加命名者階層重複,https://vvtaxatree.tbn.org.tw/taxa/bb1d03cd-46f4-4517-ba49-171f5a50d02e
41ce9887-d14f-473f-9b84-07f460d9448a,species,Animalia,t0071731,"",Anthaxia clio,Anthaxia clio,相同Kingdom學名加命名者階層重複,https://vvtaxatree.tbn.org.tw/taxa/41ce9887-d14f-473f-9b84-07f460d9448a
4166732c-5378-49a7-8665-4a8a704284c7,species,Animalia,t0071732,"",Anthaxia erato,Anthaxia erato,相同Kingdom學名加命名者階層重複,https://vvtaxatree.tbn.org.tw/taxa/4166732c-5378-49a7-8665-4a8a704284c7
60915293-c07d-4c8a-9459-79da92ed3aa9,species,Animalia,t0071733,"",Anthaxia formosensis,Anthaxia formosensis,相同Kingdom學名加命名者階層重複,https://vvtaxatree.tbn.org.tw/taxa/60915293-c07d-4c8a-9459-79da92ed3aa9
b77769d6-1102-42fa-a772-49670bb07aec,species,Animalia,t0071735,"",Anthaxia kurosawai,Anthaxia kurosawai,相同Kingdom學名加命名者階層重複,https://vvtaxatree.tbn.org.tw/taxa/b77769d6-1102-42fa-a772-49670bb07aec
ba0786b9-e796-4a2a-a3f9-8401b033eb5e,species,Animalia,t0071738,"",Anthaxia taiwanensis,Anthaxia taiwanensis,相同Kingdom學名加命名者階層重複,https://vvtaxatree.tbn.org.tw/taxa/ba0786b9-e796-4a2a-a3f9-8401b033eb5e
0d6a3454-78fb-493f-a69f-e0e22a7e12b8,species,Animalia,t0071739,"",Anthaxia toyamai,Anthaxia toyamai,相同Kingdom學名加命名者階層重複,https://vvtaxatree.tbn.org.tw/taxa/0d6a3454-78fb-493f-a69f-e0e22a7e12b8
c4362ec5-eb96-4b10-bd24-0c358a611760,species,Animalia,t0069229,"",Micrencaustes taiwana,Micrencaustes taiwana,相同Kingdom學名加命名者階層重複,https://vvtaxatree.tbn.org.tw/taxa/c4362ec5-eb96-4b10-bd24-0c358a611760
d38d2d67-9291-4c94-8960-93f428eae086,species,Animalia,t0061399,"",Dermestes nidum,Dermestes nidum,相同Kingdom學名加命名者階層重複,https://vvtaxatree.tbn.org.tw/taxa/d38d2d67-9291-4c94-8960-93f428eae086
39496461-1ce2-4e4b-a7c5-03623dc0a3fc,species,Animalia,t0082468,"",Orphinus aethiops,Orphinus aethiops,相同Kingdom學名加命名者階層重複,https://vvtaxatree.tbn.org.tw/taxa/39496461-1ce2-4e4b-a7c5-03623dc0a3fc
38659157-652c-444d-a31f-6bff8312511e,species,Animalia,t0068421,"",Malthinus fenchihuensis,Malthinus fenchihuensis,相同Kingdom學名加命名者階層重複,https://vvtaxatree.tbn.org.tw/taxa/38659157-652c-444d-a31f-6bff8312511e
6d118df0-9db0-494c-a3b7-9dc7b351324a,species,Animalia,t0068422,"",Malthinus notsui,Malthinus notsui,相同Kingdom學名加命名者階層重複,https://vvtaxatree.tbn.org.tw/taxa/6d118df0-9db0-494c-a3b7-9dc7b351324a
b7856203-f364-47fd-85bb-81be9447fdf3,species,Animalia,t0068423,"",Malthinus ohbai,Malthinus ohbai,相同Kingdom學名加命名者階層重複,https://vvtaxatree.tbn.org.tw/taxa/b7856203-f364-47fd-85bb-81be9447fdf3
5919d540-550b-4733-83a5-e36d549a44f5,species,Animalia,t0068428,"",Malthinus taiwanoniger,Malthinus taiwanoniger,相同Kingdom學名加命名者階層重複,https://vvtaxatree.tbn.org.tw/taxa/5919d540-550b-4733-83a5-e36d549a44f5
864c574b-c533-4898-8001-2ff5f1140d06,species,Animalia,t0027749,"",Malthinus shimomurai,Malthinus shimomurai,相同Kingdom學名加命名者階層重複,https://vvtaxatree.tbn.org.tw/taxa/864c574b-c533-4898-8001-2ff5f1140d06
fdcf55b7-760f-4755-bf39-e224da3425df,species,Animalia,t0068429,"",Malthinus taiwanus,Malthinus taiwanus,相同Kingdom學名加命名者階層重複,https://vvtaxatree.tbn.org.tw/taxa/fdcf55b7-760f-4755-bf39-e224da3425df
2cb2ccee-947b-4d28-bd2d-63ee800b948e,species,Animalia,t0068430,"",Malthinus vixlimbatus,Malthinus vixlimbatus,相同Kingdom學名加命名者階層重複,https://vvtaxatree.tbn.org.tw/taxa/2cb2ccee-947b-4d28-bd2d-63ee800b948e
b9bed11e-bcdc-4fd7-b970-af343a5c5e09,species,Animalia,t0068431,"",Malthinus yangmingensis,Malthinus yangmingensis,相同Kingdom學名加命名者階層重複,https://vvtaxatree.tbn.org.tw/taxa/b9bed11e-bcdc-4fd7-b970-af343a5c5e09
7863162c-df27-43fd-b51b-85c2626cfb4a,species,Animalia,t0068424,"",Malthinus palingensis,Malthinus palingensis,相同Kingdom學名加命名者階層重複,https://vvtaxatree.tbn.org.tw/taxa/7863162c-df27-43fd-b51b-85c2626cfb4a
db942f80-8cca-4e09-b4fd-b7770b011adf,species,Animalia,t0068427,"",Malthinus ssulingensis,Malthinus ssulingensis,相同Kingdom學名加命名者階層重複,https://vvtaxatree.tbn.org.tw/taxa/db942f80-8cca-4e09-b4fd-b7770b011adf
e73befe6-d504-4266-8574-cf5fa05dc71b,species,Animalia,t0068432,"",Malthodes brancuccii,Malthodes brancuccii,相同Kingdom學名加命名者階層重複,https://vvtaxatree.tbn.org.tw/taxa/e73befe6-d504-4266-8574-cf5fa05dc71b
607a2cca-95b3-457d-bc95-ec327fd212b3,species,Animalia,t0068433,"",Malthodes fenchihuensis,Malthodes fenchihuensis,相同Kingdom學名加命名者階層重複,https://vvtaxatree.tbn.org.tw/taxa/607a2cca-95b3-457d-bc95-ec327fd212b3
3cc8f4a5-7bc3-4e0a-bd7e-32ee6821d8c1,species,Animalia,t0068434,"",Malthodes makiharai,Malthodes makiharai,相同Kingdom學名加命名者階層重複,https://vvtaxatree.tbn.org.tw/taxa/3cc8f4a5-7bc3-4e0a-bd7e-32ee6821d8c1
1a9ce21b-b693-4448-9f1c-6095615b7279,species,Animalia,t0068435,"",Malthodes niitakaensis,Malthodes niitakaensis,相同Kingdom學名加命名者階層重複,https://vvtaxatree.tbn.org.tw/taxa/1a9ce21b-b693-4448-9f1c-6095615b7279
0913acda-580a-4ae2-a2f3-308e4d045ae1,species,Animalia,t0068436,"",Malthodes taiwanus,Malthodes taiwanus,相同Kingdom學名加命名者階層重複,https://vvtaxatree.tbn.org.tw/taxa/0913acda-580a-4ae2-a2f3-308e4d045ae1
df30dfd8-d9ce-46a0-8cf6-0e980b4a12b3,species,Animalia,t0047261,"",Themus bicoloricornis,Themus bicoloricornis,相同Kingdom學名加命名者階層重複,https://vvtaxatree.tbn.org.tw/taxa/df30dfd8-d9ce-46a0-8cf6-0e980b4a12b3
27749c6e-d95e-4bc3-91da-2b5e3fd7d426,species,Animalia,t0033366,"",Themus uniformis,Themus uniformis,相同Kingdom學名加命名者階層重複,https://vvtaxatree.tbn.org.tw/taxa/27749c6e-d95e-4bc3-91da-2b5e3fd7d426
7a537d62-722a-4aee-b6c6-43e597b49c78,species,Animalia,t0047263,"",Themus formosanus,Themus formosanus,相同Kingdom學名加命名者階層重複,https://vvtaxatree.tbn.org.tw/taxa/7a537d62-722a-4aee-b6c6-43e597b49c78
dacbfa21-b6fc-46bc-ab05-fc6601fcef4d,species,Animalia,t0047267,"",Themus purpuratus,Themus purpuratus,相同Kingdom學名加命名者階層重複,https://vvtaxatree.tbn.org.tw/taxa/dacbfa21-b6fc-46bc-ab05-fc6601fcef4d
8425b613-ec47-4a1a-ba12-24301ba884ed,species,Animalia,t0047271,"",Themus taiwanus,Themus taiwanus,相同Kingdom學名加命名者階層重複,https://vvtaxatree.tbn.org.tw/taxa/8425b613-ec47-4a1a-ba12-24301ba884ed
9c9a5583-4e4f-49c7-ae3b-461d3abc4a3e,species,Animalia,t0047266,"",Themus pallidipes,Themus pallidipes,相同Kingdom學名加命名者階層重複,https://vvtaxatree.tbn.org.tw/taxa/9c9a5583-4e4f-49c7-ae3b-461d3abc4a3e
4861b686-c57d-4600-b4c4-d0021b488d87,species,Animalia,t0047268,"",Themus satoi,Themus satoi,相同Kingdom學名加命名者階層重複,https://vvtaxatree.tbn.org.tw/taxa/4861b686-c57d-4600-b4c4-d0021b488d87
0d95b2d6-4a3a-4249-bf95-d34ee5412149,species,Animalia,t0068167,"",Lyponia palpalis,Lyponia palpalis,相同Kingdom學名加命名者階層重複,https://vvtaxatree.tbn.org.tw/taxa/0d95b2d6-4a3a-4249-bf95-d34ee5412149
447cb8f3-c3b5-49b1-8555-a751aea3ee91,species,Animalia,t0067681,"",Lissodema uenoi,Lissodema uenoi,相同Kingdom學名加命名者階層重複,https://vvtaxatree.tbn.org.tw/taxa/447cb8f3-c3b5-49b1-8555-a751aea3ee91
26b955e3-3915-4079-99e8-ec5cf866c47b,species,Animalia,t0049737,"",Apamea ikerfasciata,Apamea ikerfasciata,相同Kingdom學名加命名者階層重複,https://vvtaxatree.tbn.org.tw/taxa/26b955e3-3915-4079-99e8-ec5cf866c47b
e89850b1-24c5-4f43-9080-1ae47acda8e1,species,Animalia,t0049736,"",Apamea herczigi,Apamea herczigi,相同Kingdom學名加命名者階層重複,https://vvtaxatree.tbn.org.tw/taxa/e89850b1-24c5-4f43-9080-1ae47acda8e1
3b933da0-5d2d-43ea-8924-5137b34bc5d4,species,Animalia,t0049734,"",Apamea changi,Apamea changi,相同Kingdom學名加命名者階層重複,https://vvtaxatree.tbn.org.tw/taxa/3b933da0-5d2d-43ea-8924-5137b34bc5d4
99071660-df59-46b6-94a7-e4a86dec792c,species,Animalia,t0051974,"",Mythimna hirashimai,Mythimna hirashimai,相同Kingdom學名加命名者階層重複,https://vvtaxatree.tbn.org.tw/taxa/99071660-df59-46b6-94a7-e4a86dec792c
3544c7cf-21b2-4452-ada3-b96593df95f8,species,Animalia,t0051975,"",Mythimna lucida,Mythimna lucida,相同Kingdom學名加命名者階層重複,https://vvtaxatree.tbn.org.tw/taxa/3544c7cf-21b2-4452-ada3-b96593df95f8
1796ae56-30fc-4464-96c8-3aa3001352a7,species,Animalia,t0051979,"",Mythimna rushanensis,Mythimna rushanensis,相同Kingdom學名加命名者階層重複,https://vvtaxatree.tbn.org.tw/taxa/1796ae56-30fc-4464-96c8-3aa3001352a7
fbef2e30-98a9-4091-b14d-e4fa38db3693,species,Animalia,t0033270,"",Tarsolepis fulgurifera,Tarsolepis fulgurifera,相同Kingdom學名加命名者階層重複,https://vvtaxatree.tbn.org.tw/taxa/fbef2e30-98a9-4091-b14d-e4fa38db3693
f70324b5-8881-4e34-a56d-b106c3de5cba,species,Animalia,t0065736,"",Homoeocerus striicornis,Homoeocerus striicornis,相同Kingdom學名加命名者階層重複,https://vvtaxatree.tbn.org.tw/taxa/f70324b5-8881-4e34-a56d-b106c3de5cba
01f63971-88ad-4b26-899e-cbde4c468c55,species,Animalia,t0065994,"",Hygia pedestris,Hygia pedestris,相同Kingdom學名加命名者階層重複,https://vvtaxatree.tbn.org.tw/taxa/01f63971-88ad-4b26-899e-cbde4c468c55
81a0814d-f1d6-43a6-873a-7fb1615e8741,species,Animalia,t0076862,"",Bryocoris gracilis,Bryocoris gracilis,相同Kingdom學名加命名者階層重複,https://vvtaxatree.tbn.org.tw/taxa/81a0814d-f1d6-43a6-873a-7fb1615e8741
f24b12f6-43ed-423d-a5ef-fc6934573c63,species,Animalia,t0049212,"",Zoraida nitobii,Zoraida nitobii,相同Kingdom學名加命名者階層重複,https://vvtaxatree.tbn.org.tw/taxa/f24b12f6-43ed-423d-a5ef-fc6934573c63
2061cc50-62b1-4bff-8d51-cfd73351cf42,species,Animalia,t0064866,"",Greenidea viticola,Greenidea viticola,相同Kingdom學名加命名者階層重複,https://vvtaxatree.tbn.org.tw/taxa/2061cc50-62b1-4bff-8d51-cfd73351cf42
aff5297a-0cb6-4d7e-9406-0838572a389b,species,Animalia,t0064862,"",Greenidea mushana,Greenidea mushana,相同Kingdom學名加命名者階層重複,https://vvtaxatree.tbn.org.tw/taxa/aff5297a-0cb6-4d7e-9406-0838572a389b
b34456ca-cf54-49e3-8435-ac0adffa4b8c,species,Animalia,t0064863,"",Greenidea myricae,Greenidea myricae,相同Kingdom學名加命名者階層重複,https://vvtaxatree.tbn.org.tw/taxa/b34456ca-cf54-49e3-8435-ac0adffa4b8c
2799673c-3190-45e1-b103-ca124fd6a603,species,Animalia,t0062191,"",Dysdercus fuscomaculatus,Dysdercus fuscomaculatus,相同Kingdom學名加命名者階層重複,https://vvtaxatree.tbn.org.tw/taxa/2799673c-3190-45e1-b103-ca124fd6a603
01171794-d312-4018-b532-67447f7b908c,species,Animalia,t0047984,"",Trioza neolitsae,Trioza neolitsae,相同Kingdom學名加命名者階層重複,https://vvtaxatree.tbn.org.tw/taxa/01171794-d312-4018-b532-67447f7b908c
d3e409cf-a6d7-4ced-b7d3-7a790542fbb9,species,Animalia,t0084344,"",Physopelta parviceps,Physopelta parviceps,相同Kingdom學名加命名者階層重複,https://vvtaxatree.tbn.org.tw/taxa/d3e409cf-a6d7-4ced-b7d3-7a790542fbb9
eb7ef1c1-eca6-4ea2-9d86-744b63143d11,species,Animalia,t0084345,"",Physopelta quadriguttata,Physopelta quadriguttata,相同Kingdom學名加命名者階層重複,https://vvtaxatree.tbn.org.tw/taxa/eb7ef1c1-eca6-4ea2-9d86-744b63143d11
d7d9e03a-e4d1-45ca-8db6-106114b03602,species,Animalia,t0077711,"",Centistes choui,Centistes choui,相同Kingdom學名加命名者階層重複,https://vvtaxatree.tbn.org.tw/taxa/d7d9e03a-e4d1-45ca-8db6-106114b03602
494ecf8b-bc6e-4dee-a2dd-bcc1fe195f5d,species,Animalia,t0078961,"",Colastes pilosiventris,Colastes pilosiventris,相同Kingdom學名加命名者階層重複,https://vvtaxatree.tbn.org.tw/taxa/494ecf8b-bc6e-4dee-a2dd-bcc1fe195f5d
6f3762a1-4286-4371-8eb4-7812d8581a8b,species,Animalia,t0078957,"",Colastes alboapicalis,Colastes alboapicalis,相同Kingdom學名加命名者階層重複,https://vvtaxatree.tbn.org.tw/taxa/6f3762a1-4286-4371-8eb4-7812d8581a8b
808f1e6b-04ae-4875-b016-90d69d40cf6d,species,Animalia,t0078959,"",Colastes longitergum,Colastes longitergum,相同Kingdom學名加命名者階層重複,https://vvtaxatree.tbn.org.tw/taxa/808f1e6b-04ae-4875-b016-90d69d40cf6d
b7542a7b-0108-418a-bf61-8db5217b7e0a,species,Animalia,t0065754,"",Homolobus undulatus,Homolobus undulatus,相同Kingdom學名加命名者階層重複,https://vvtaxatree.tbn.org.tw/taxa/b7542a7b-0108-418a-bf61-8db5217b7e0a
bad09da8-8b82-4167-bbe0-810299d54448,species,Animalia,t0082870,"",Pambolus caudalis,Pambolus caudalis,相同Kingdom學名加命名者階層重複,https://vvtaxatree.tbn.org.tw/taxa/bad09da8-8b82-4167-bbe0-810299d54448
9aa52e24-682c-42a8-8f1f-27fdff9758fb,species,Animalia,t0082871,"",Pambolus ruficeps,Pambolus ruficeps,相同Kingdom學名加命名者階層重複,https://vvtaxatree.tbn.org.tw/taxa/9aa52e24-682c-42a8-8f1f-27fdff9758fb
f327d769-a228-4e1a-9434-35414cd681b0,species,Animalia,t0039972,"",Streblocera okadai,Streblocera okadai,相同Kingdom學名加命名者階層重複,https://vvtaxatree.tbn.org.tw/taxa/f327d769-a228-4e1a-9434-35414cd681b0
5c952724-18b2-47a8-8147-4724ea25b9df,species,Animalia,t0039983,"",Streblocera villosa,Streblocera villosa,相同Kingdom學名加命名者階層重複,https://vvtaxatree.tbn.org.tw/taxa/5c952724-18b2-47a8-8147-4724ea25b9df
67882dfc-8f93-47b1-8989-8e50f31ff02b,species,Animalia,t0047742,"",Triaspis imitatus,Triaspis imitatus,相同Kingdom學名加命名者階層重複,https://vvtaxatree.tbn.org.tw/taxa/67882dfc-8f93-47b1-8989-8e50f31ff02b
b2770a12-b492-4baa-b0c5-29717e094f70,species,Animalia,t0069186,"",Metopius baibarensis,Metopius baibarensis,相同Kingdom學名加命名者階層重複,https://vvtaxatree.tbn.org.tw/taxa/b2770a12-b492-4baa-b0c5-29717e094f70
532e92e1-83a1-4095-bb41-5e8c624af810,species,Animalia,t0062292,"",Ectemnius alishanus,Ectemnius alishanus,相同Kingdom學名加命名者階層重複,https://vvtaxatree.tbn.org.tw/taxa/532e92e1-83a1-4095-bb41-5e8c624af810
ee6607ef-1975-4488-a91d-799ec7aadd34,species,Animalia,t0077312,"",Campsomeris ilanensis,Campsomeris ilanensis,相同Kingdom學名加命名者階層重複,https://vvtaxatree.tbn.org.tw/taxa/ee6607ef-1975-4488-a91d-799ec7aadd34
02740eb3-9a47-4445-bf92-a54ebbdd0fdf,species,Animalia,t0077310,"",Campsomeris binghami,Campsomeris binghami,相同Kingdom學名加命名者階層重複,https://vvtaxatree.tbn.org.tw/taxa/02740eb3-9a47-4445-bf92-a54ebbdd0fdf
d03cce0d-31ce-46ab-b203-04570cabd9e4,species,Animalia,t0077311,"",Campsomeris formosensis,Campsomeris formosensis,相同Kingdom學名加命名者階層重複,https://vvtaxatree.tbn.org.tw/taxa/d03cce0d-31ce-46ab-b203-04570cabd9e4
7d11aa7b-cd29-4795-9853-cddea111db70,species,Animalia,t0077320,"",Campsomeris taiwana,Campsomeris taiwana,相同Kingdom學名加命名者階層重複,https://vvtaxatree.tbn.org.tw/taxa/7d11aa7b-cd29-4795-9853-cddea111db70
b1ce3582-816d-4278-9590-dfc4d42f7c6f,species,Animalia,t0077321,"",Campsomeris uchidai,Campsomeris uchidai,相同Kingdom學名加命名者階層重複,https://vvtaxatree.tbn.org.tw/taxa/b1ce3582-816d-4278-9590-dfc4d42f7c6f
3ba97cf3-f943-4a30-a4e4-d3bab66739f8,species,Animalia,t0038576,"",Scolia desidiosa,Scolia desidiosa,相同Kingdom學名加命名者階層重複,https://vvtaxatree.tbn.org.tw/taxa/3ba97cf3-f943-4a30-a4e4-d3bab66739f8
a416468f-dca4-4d69-a29c-84b59a73d3e1,species,Animalia,t0038577,"",Scolia formosicola,Scolia formosicola,相同Kingdom學名加命名者階層重複,https://vvtaxatree.tbn.org.tw/taxa/a416468f-dca4-4d69-a29c-84b59a73d3e1
d1a3f9d2-e6ad-4045-bd79-dcfc9d2b89b6,species,Animalia,t0038581,"",Scolia minowai,Scolia minowai,相同Kingdom學名加命名者階層重複,https://vvtaxatree.tbn.org.tw/taxa/d1a3f9d2-e6ad-4045-bd79-dcfc9d2b89b6
bc299500-c428-42ea-8274-22bd44636056,species,Animalia,t0038587,"",Scolia taiwana,Scolia taiwana,相同Kingdom學名加命名者階層重複,https://vvtaxatree.tbn.org.tw/taxa/bc299500-c428-42ea-8274-22bd44636056
fdf6c297-08c9-4a56-b5ed-cda5d2a55f55,species,Animalia,t0038591,"",Scolia wusheensis,Scolia wusheensis,相同Kingdom學名加命名者階層重複,https://vvtaxatree.tbn.org.tw/taxa/fdf6c297-08c9-4a56-b5ed-cda5d2a55f55
dbed2030-0d6f-4067-8b29-b856731c1e48,species,Animalia,t0077417,"",Carcelia caudata,Carcelia caudata,相同Kingdom學名加命名者階層重複,https://vvtaxatree.tbn.org.tw/taxa/dbed2030-0d6f-4067-8b29-b856731c1e48
e4a91511-f7bb-4f4a-953f-5642c949bbc3,species,Animalia,t0077419,"",Carcelia frontalis,Carcelia frontalis,相同Kingdom學名加命名者階層重複,https://vvtaxatree.tbn.org.tw/taxa/e4a91511-f7bb-4f4a-953f-5642c949bbc3
452373e8-6210-4865-9fe2-7c885acc98a9,species,Animalia,t0077424,"",Carcelia rasoides,Carcelia rasoides,相同Kingdom學名加命名者階層重複,https://vvtaxatree.tbn.org.tw/taxa/452373e8-6210-4865-9fe2-7c885acc98a9
06af6ad1-7941-4b81-878f-bfa31614535a,species,Animalia,t0077426,"",Carcelia rutilloides,Carcelia rutilloides,相同Kingdom學名加命名者階層重複,https://vvtaxatree.tbn.org.tw/taxa/06af6ad1-7941-4b81-878f-bfa31614535a
2f98f925-835e-4936-9b30-101e36859e52,species,Animalia,t0077428,"",Carcelia setosella,Carcelia setosella,相同Kingdom學名加命名者階層重複,https://vvtaxatree.tbn.org.tw/taxa/2f98f925-835e-4936-9b30-101e36859e52
5b751e89-82ba-4016-baa6-ac2052f19c4e,species,Animalia,t0077429,"",Carcelia sexta,Carcelia sexta,相同Kingdom學名加命名者階層重複,https://vvtaxatree.tbn.org.tw/taxa/5b751e89-82ba-4016-baa6-ac2052f19c4e
f98c21ff-b472-4276-8536-dde479d11755,species,Animalia,t0077416,"",Carcelia aberrans,Carcelia aberrans,相同Kingdom學名加命名者階層重複,https://vvtaxatree.tbn.org.tw/taxa/f98c21ff-b472-4276-8536-dde479d11755
439b1181-989c-4d9b-96aa-27e4146a0064,species,Animalia,t0077421,"",Carcelia hirsuta,Carcelia hirsuta,相同Kingdom學名加命名者階層重複,https://vvtaxatree.tbn.org.tw/taxa/439b1181-989c-4d9b-96aa-27e4146a0064
510d85b9-1dfa-4474-b198-cbf23601a9e9,species,Animalia,t0077422,"",Carcelia pilosella,Carcelia pilosella,相同Kingdom學名加命名者階層重複,https://vvtaxatree.tbn.org.tw/taxa/510d85b9-1dfa-4474-b198-cbf23601a9e9
d0f9439e-1301-4e7d-bd0c-35b3a60b8f8f,species,Animalia,t0077427,"",Carcelia septima,Carcelia septima,相同Kingdom學名加命名者階層重複,https://vvtaxatree.tbn.org.tw/taxa/d0f9439e-1301-4e7d-bd0c-35b3a60b8f8f
d1a25aeb-007c-424f-a916-4a45747e4d87,species,Animalia,t0057679,"",Anopheles sinensis,Anopheles sinensis,相同Kingdom學名加命名者階層重複,https://vvtaxatree.tbn.org.tw/taxa/d1a25aeb-007c-424f-a916-4a45747e4d87
e8031119-7b60-40a0-845d-170f9983686d,species,Animalia,t0057678,"",Anopheles minimus,Anopheles minimus,相同Kingdom學名加命名者階層重複,https://vvtaxatree.tbn.org.tw/taxa/e8031119-7b60-40a0-845d-170f9983686d
f1ffd9ed-042f-43fa-bcbc-9a2e6f2bdf7a,species,Animalia,t0057680,"",Anopheles takasagoensis,Anopheles takasagoensis,相同Kingdom學名加命名者階層重複,https://vvtaxatree.tbn.org.tw/taxa/f1ffd9ed-042f-43fa-bcbc-9a2e6f2bdf7a
cef0c76a-bf10-4b48-b550-063b70398ae7,species,Animalia,t0057681,"",Anopheles tessellatus,Anopheles tessellatus,相同Kingdom學名加命名者階層重複,https://vvtaxatree.tbn.org.tw/taxa/cef0c76a-bf10-4b48-b550-063b70398ae7
65154203-fb66-444d-bf8d-7973dfb8e53d,species,Animalia,t0079774,"",Culex alis,Culex alis,相同Kingdom學名加命名者階層重複,https://vvtaxatree.tbn.org.tw/taxa/65154203-fb66-444d-bf8d-7973dfb8e53d
35628fa0-d73f-4e35-a2f6-2838c2503cc3,species,Animalia,t0079780,"",Culex fuscocephala,Culex fuscocephala,相同Kingdom學名加命名者階層重複,https://vvtaxatree.tbn.org.tw/taxa/35628fa0-d73f-4e35-a2f6-2838c2503cc3
28715a8a-ddb0-4530-9781-80d0ecb81e48,species,Animalia,t0079781,"",Culex gelidus,Culex gelidus,相同Kingdom學名加命名者階層重複,https://vvtaxatree.tbn.org.tw/taxa/28715a8a-ddb0-4530-9781-80d0ecb81e48
f2bbcc3a-f417-49f7-aa32-23753657f03c,species,Animalia,t0079785,"",Culex infula,Culex infula,相同Kingdom學名加命名者階層重複,https://vvtaxatree.tbn.org.tw/taxa/f2bbcc3a-f417-49f7-aa32-23753657f03c
118ac47b-9c11-4655-9dc6-b71102c6baa3,species,Animalia,t0079801,"",Culex sinensis,Culex sinensis,相同Kingdom學名加命名者階層重複,https://vvtaxatree.tbn.org.tw/taxa/118ac47b-9c11-4655-9dc6-b71102c6baa3
6c9a59d9-9004-4c0f-90bb-5fe072208a7f,species,Animalia,t0079802,"",Culex sitiens,Culex sitiens,相同Kingdom學名加命名者階層重複,https://vvtaxatree.tbn.org.tw/taxa/6c9a59d9-9004-4c0f-90bb-5fe072208a7f
65c5560b-df5c-47ad-8a2c-c76022adca0d,species,Animalia,t0079805,"",Culex vagans,Culex vagans,相同Kingdom學名加命名者階層重複,https://vvtaxatree.tbn.org.tw/taxa/65c5560b-df5c-47ad-8a2c-c76022adca0d
5ffc4fdb-c374-4ca6-a459-2063612953d0,species,Animalia,t0079806,"",Culex vishnui,Culex vishnui,相同Kingdom學名加命名者階層重複,https://vvtaxatree.tbn.org.tw/taxa/5ffc4fdb-c374-4ca6-a459-2063612953d0
74df90ad-c228-43fb-b8a8-56b06dfa76f7,species,Animalia,t0079775,"",Culex annulus,Culex annulus,相同Kingdom學名加命名者階層重複,https://vvtaxatree.tbn.org.tw/taxa/74df90ad-c228-43fb-b8a8-56b06dfa76f7
3d945bd2-0e98-4a50-92ee-39feba7bffc6,species,Animalia,t0079807,"",Culex whitei,Culex whitei,相同Kingdom學名加命名者階層重複,https://vvtaxatree.tbn.org.tw/taxa/3d945bd2-0e98-4a50-92ee-39feba7bffc6
952eec14-d1bb-4ff2-a4d2-bf167a4450f0,species,Animalia,t0079796,"",Culex pallidothorax,Culex pallidothorax,相同Kingdom學名加命名者階層重複,https://vvtaxatree.tbn.org.tw/taxa/952eec14-d1bb-4ff2-a4d2-bf167a4450f0
50cd47da-4468-4168-a5c5-1f021ca7136b,species,Animalia,t0048409,"",Uranotaenia novobscura,Uranotaenia novobscura,相同Kingdom學名加命名者階層重複,https://vvtaxatree.tbn.org.tw/taxa/50cd47da-4468-4168-a5c5-1f021ca7136b
d678e966-0778-4a2a-b470-c1a89e415a9c,species,Animalia,t0048403,"",Uranotaenia annandalei,Uranotaenia annandalei,相同Kingdom學名加命名者階層重複,https://vvtaxatree.tbn.org.tw/taxa/d678e966-0778-4a2a-b470-c1a89e415a9c
a6f24a7e-54d9-4d13-a6dc-55a63e296fa3,species,Animalia,t0048404,"",Uranotaenia hebes,Uranotaenia hebes,相同Kingdom學名加命名者階層重複,https://vvtaxatree.tbn.org.tw/taxa/a6f24a7e-54d9-4d13-a6dc-55a63e296fa3
9bc856d2-f2f2-4eae-861a-e5510cb57271,species,Animalia,t0072296,"",Asarkina eurytaeniata,Asarkina eurytaeniata,相同Kingdom學名加命名者階層重複,https://vvtaxatree.tbn.org.tw/taxa/9bc856d2-f2f2-4eae-861a-e5510cb57271
72f87e39-c5d5-4064-9acf-2922316b5cff,species,Animalia,t0076088,"",Baccha amphithoe,Baccha amphithoe,相同Kingdom學名加命名者階層重複,https://vvtaxatree.tbn.org.tw/taxa/72f87e39-c5d5-4064-9acf-2922316b5cff
3fde2598-9d55-447e-8aef-637538bfd4d5,species,Animalia,t0076090,"",Baccha fallax,Baccha fallax,相同Kingdom學名加命名者階層重複,https://vvtaxatree.tbn.org.tw/taxa/3fde2598-9d55-447e-8aef-637538bfd4d5
a6980874-9d61-4309-be21-a49bcf4ad479,species,Animalia,t0076093,"",Baccha nubilipennis,Baccha nubilipennis,相同Kingdom學名加命名者階層重複,https://vvtaxatree.tbn.org.tw/taxa/a6980874-9d61-4309-be21-a49bcf4ad479
542ef0d2-18cf-413e-996b-1c4c83020fa8,species,Animalia,t0076094,"",Baccha sapphirina,Baccha sapphirina,相同Kingdom學名加命名者階層重複,https://vvtaxatree.tbn.org.tw/taxa/542ef0d2-18cf-413e-996b-1c4c83020fa8
489b0309-d4e4-4a7b-a2b2-65e9a3f0eabd,species,Animalia,t0076091,"",Baccha maculata,Baccha maculata,相同Kingdom學名加命名者階層重複,https://vvtaxatree.tbn.org.tw/taxa/489b0309-d4e4-4a7b-a2b2-65e9a3f0eabd
b53cc81b-05b9-4e69-8c8d-6a280e1752fd,species,Animalia,t0069269,"",Microdon stilboides,Microdon stilboides,相同Kingdom學名加命名者階層重複,https://vvtaxatree.tbn.org.tw/taxa/b53cc81b-05b9-4e69-8c8d-6a280e1752fd
c32e6f54-2876-4887-83fe-6180cfb4f136,species,Animalia,t0081807,"",Notiphila dorsopunctata,Notiphila dorsopunctata,相同Kingdom學名加命名者階層重複,https://vvtaxatree.tbn.org.tw/taxa/c32e6f54-2876-4887-83fe-6180cfb4f136
134befbe-1614-4452-8f4f-1fe75173adea,species,Animalia,t0079841,"",Culicoides liui,Culicoides liui,相同Kingdom學名加命名者階層重複,https://vvtaxatree.tbn.org.tw/taxa/134befbe-1614-4452-8f4f-1fe75173adea
1fc08a46-f617-41d3-b031-9d5b78a19968,species,Animalia,t0079819,"",Culicoides clavipalpis,Culicoides clavipalpis,相同Kingdom學名加命名者階層重複,https://vvtaxatree.tbn.org.tw/taxa/1fc08a46-f617-41d3-b031-9d5b78a19968
75c92f81-f2eb-4f01-8e23-fc0aa02030c2,species,Animalia,t0079836,"",Culicoides kepongensis,Culicoides kepongensis,相同Kingdom學名加命名者階層重複,https://vvtaxatree.tbn.org.tw/taxa/75c92f81-f2eb-4f01-8e23-fc0aa02030c2
3c816aed-19b6-4e5a-9c89-5eb5d3b2b61c,species,Animalia,t0046248,"",Culicoides okinawensis,Culicoides okinawensis,相同Kingdom學名加命名者階層重複,https://vvtaxatree.tbn.org.tw/taxa/3c816aed-19b6-4e5a-9c89-5eb5d3b2b61c
b3af418e-8b4a-4aca-938f-6850ba476d50,species,Animalia,t0079813,"",Culicoides barreti,Culicoides barreti,相同Kingdom學名加命名者階層重複,https://vvtaxatree.tbn.org.tw/taxa/b3af418e-8b4a-4aca-938f-6850ba476d50
39b4576e-5ff7-4236-9540-25ed224d2a91,species,Animalia,t0079825,"",Culicoides flaviscutatus,Culicoides flaviscutatus,相同Kingdom學名加命名者階層重複,https://vvtaxatree.tbn.org.tw/taxa/39b4576e-5ff7-4236-9540-25ed224d2a91
3bc47809-da9a-4e13-a86f-68a5a0504d9d,species,Animalia,t0079826,"",Culicoides fordae,Culicoides fordae,相同Kingdom學名加命名者階層重複,https://vvtaxatree.tbn.org.tw/taxa/3bc47809-da9a-4e13-a86f-68a5a0504d9d
df2d44f0-2732-49e0-87d5-b7e6a4591698,species,Animalia,t0079854,"",Culicoides paraflavescens,Culicoides paraflavescens,相同Kingdom學名加命名者階層重複,https://vvtaxatree.tbn.org.tw/taxa/df2d44f0-2732-49e0-87d5-b7e6a4591698
df661c06-7707-4d66-9aed-5bdd1a0b6fd9,species,Animalia,t0079857,"",Culicoides ragulithecus,Culicoides ragulithecus,相同Kingdom學名加命名者階層重複,https://vvtaxatree.tbn.org.tw/taxa/df661c06-7707-4d66-9aed-5bdd1a0b6fd9
a78f0cd5-fd69-47f2-b1e2-46fe105c09f5,species,Animalia,t0079859,"",Culicoides subpalpifer,Culicoides subpalpifer,相同Kingdom學名加命名者階層重複,https://vvtaxatree.tbn.org.tw/taxa/a78f0cd5-fd69-47f2-b1e2-46fe105c09f5
5b440219-ca9d-465b-91a2-e1c8ce3a9957,species,Animalia,t0079864,"",Culicoides tenuipalpis,Culicoides tenuipalpis,相同Kingdom學名加命名者階層重複,https://vvtaxatree.tbn.org.tw/taxa/5b440219-ca9d-465b-91a2-e1c8ce3a9957
dc9dcf61-1df4-49bf-b974-cab1f5471408,species,Animalia,t0063983,"",Forcipomyia tokunagai,Forcipomyia tokunagai,相同Kingdom學名加命名者階層重複,https://vvtaxatree.tbn.org.tw/taxa/dc9dcf61-1df4-49bf-b974-cab1f5471408
b75c4321-5fce-4378-bea6-0ddb6a5fd6e6,species,Animalia,t0062101,"",Drosophila repleta,Drosophila repleta,相同Kingdom學名加命名者階層重複,https://vvtaxatree.tbn.org.tw/taxa/b75c4321-5fce-4378-bea6-0ddb6a5fd6e6
8760a1ed-1716-4bac-94c6-cc6aeec72c33,species,Animalia,t0062051,"",Drosophila ananassae,Drosophila ananassae,相同Kingdom學名加命名者階層重複,https://vvtaxatree.tbn.org.tw/taxa/8760a1ed-1716-4bac-94c6-cc6aeec72c33
331b4ffe-210d-40ce-899e-bba639f948a7,species,Animalia,t0062093,"",Drosophila parabipectinata,Drosophila parabipectinata,相同Kingdom學名加命名者階層重複,https://vvtaxatree.tbn.org.tw/taxa/331b4ffe-210d-40ce-899e-bba639f948a7
1fffc854-7a73-4501-960b-6da25b42c8b6,species,Animalia,t0062098,"",Drosophila quadraria,Drosophila quadraria,相同Kingdom學名加命名者階層重複,https://vvtaxatree.tbn.org.tw/taxa/1fffc854-7a73-4501-960b-6da25b42c8b6
7d75233b-d06f-4d97-852a-7794c806b3ee,species,Animalia,t0062115,"",Drosophila trilutea,Drosophila trilutea,相同Kingdom學名加命名者階層重複,https://vvtaxatree.tbn.org.tw/taxa/7d75233b-d06f-4d97-852a-7794c806b3ee
2251144e-b4c8-429a-872f-e5d9bdb4b367,species,Animalia,t0066120,"",Hypselothyrea formosana,Hypselothyrea formosana,相同Kingdom學名加命名者階層重複,https://vvtaxatree.tbn.org.tw/taxa/2251144e-b4c8-429a-872f-e5d9bdb4b367
3dd2c78d-9935-4439-9d54-4d43de1c9255,species,Animalia,t0067066,"",Lencophenga ornata,Lencophenga ornata,相同Kingdom學名加命名者階層重複,https://vvtaxatree.tbn.org.tw/taxa/3dd2c78d-9935-4439-9d54-4d43de1c9255
93f1c209-4ed5-4e85-a558-bfa9cccc90cf,species,Animalia,t0062418,"",Elachiptera umbrosa,Elachiptera umbrosa,相同Kingdom學名加命名者階層重複,https://vvtaxatree.tbn.org.tw/taxa/93f1c209-4ed5-4e85-a558-bfa9cccc90cf
6d5f2bd3-09e3-4c5e-8871-b0970fdbac3c,species,Animalia,t0057819,"",Atherigona machligera,Atherigona machligera,相同Kingdom學名加命名者階層重複,https://vvtaxatree.tbn.org.tw/taxa/6d5f2bd3-09e3-4c5e-8871-b0970fdbac3c
80a117bd-f7d1-45d0-a7d5-19bad3180e74,species,Animalia,t0057821,"",Atherigona orientalis,Atherigona orientalis,相同Kingdom學名加命名者階層重複,https://vvtaxatree.tbn.org.tw/taxa/80a117bd-f7d1-45d0-a7d5-19bad3180e74
535dda47-2bc7-41db-84b2-34eb97be1af5,species,Animalia,t0057820,"",Atherigona nigripes,Atherigona nigripes,相同Kingdom學名加命名者階層重複,https://vvtaxatree.tbn.org.tw/taxa/535dda47-2bc7-41db-84b2-34eb97be1af5
121f767b-7281-4c1c-8bba-b89b2e1cfc98,species,Animalia,t0057824,"",Atherigona reversura,Atherigona reversura,相同Kingdom學名加命名者階層重複,https://vvtaxatree.tbn.org.tw/taxa/121f767b-7281-4c1c-8bba-b89b2e1cfc98
1b039fdd-f834-47b7-9b5f-4ccdeb50f07e,species,Animalia,t0080711,"",Musca conducens,Musca conducens,相同Kingdom學名加命名者階層重複,https://vvtaxatree.tbn.org.tw/taxa/1b039fdd-f834-47b7-9b5f-4ccdeb50f07e
a25cf3cd-d02e-4350-886a-f8b378b24f51,species,Animalia,t0080719,"",Musca sorbens,Musca sorbens,相同Kingdom學名加命名者階層重複,https://vvtaxatree.tbn.org.tw/taxa/a25cf3cd-d02e-4350-886a-f8b378b24f51
3a1e5124-1a15-41c1-97b8-a7cd87d966d2,species,Animalia,t0080720,"",Musca ventrosa,Musca ventrosa,相同Kingdom學名加命名者階層重複,https://vvtaxatree.tbn.org.tw/taxa/3a1e5124-1a15-41c1-97b8-a7cd87d966d2
7f73ff37-9415-4d63-98cd-1df800d26938,species,Animalia,t0080715,"",Musca domestica,Musca domestica,相同Kingdom學名加命名者階層重複,https://vvtaxatree.tbn.org.tw/taxa/7f73ff37-9415-4d63-98cd-1df800d26938
abc5f631-283d-42f9-8d8b-8b39f0202cdd,species,Animalia,t0080714,"",Musca crassirostris,Musca crassirostris,相同Kingdom學名加命名者階層重複,https://vvtaxatree.tbn.org.tw/taxa/abc5f631-283d-42f9-8d8b-8b39f0202cdd
ab9c42ac-b04c-4661-bc9e-677af935eb28,species,Animalia,t0080718,"",Musca inferior,Musca inferior,相同Kingdom學名加命名者階層重複,https://vvtaxatree.tbn.org.tw/taxa/ab9c42ac-b04c-4661-bc9e-677af935eb28
dbabca84-fc7a-4b42-b605-62ebbc2848e2,species,Animalia,t0071802,"",Antocha bifida,Antocha bifida,相同Kingdom學名加命名者階層重複,https://vvtaxatree.tbn.org.tw/taxa/dbabca84-fc7a-4b42-b605-62ebbc2848e2
7d986b86-4fe3-45de-9d2f-36334a50ad60,species,Animalia,t0071803,"",Antocha javaensis,Antocha javaensis,相同Kingdom學名加命名者階層重複,https://vvtaxatree.tbn.org.tw/taxa/7d986b86-4fe3-45de-9d2f-36334a50ad60
8aecbb92-5c63-4d06-836e-aed4ff8d2427,species,Animalia,t0071804,"",Antocha styx,Antocha styx,相同Kingdom學名加命名者階層重複,https://vvtaxatree.tbn.org.tw/taxa/8aecbb92-5c63-4d06-836e-aed4ff8d2427
b6e8c45a-9454-4fb6-9910-9fc8c20ae742,species,Animalia,t0063093,"",Erioptera ensifera,Erioptera ensifera,相同Kingdom學名加命名者階層重複,https://vvtaxatree.tbn.org.tw/taxa/b6e8c45a-9454-4fb6-9910-9fc8c20ae742
732d7cbf-7e6f-4d61-a44f-fa482f670bd7,species,Animalia,t0063095,"",Erioptera luliana,Erioptera luliana,相同Kingdom學名加命名者階層重複,https://vvtaxatree.tbn.org.tw/taxa/732d7cbf-7e6f-4d61-a44f-fa482f670bd7
b0561d86-365f-4530-ad5e-0014dff14ff4,species,Animalia,t0063098,"",Erioptera tenuisentis,Erioptera tenuisentis,相同Kingdom學名加命名者階層重複,https://vvtaxatree.tbn.org.tw/taxa/b0561d86-365f-4530-ad5e-0014dff14ff4
d016d2d9-4468-44f4-9ecd-5c5375ca18e3,species,Animalia,t0063097,"",Erioptera subsessillis,Erioptera subsessillis,相同Kingdom學名加命名者階層重複,https://vvtaxatree.tbn.org.tw/taxa/d016d2d9-4468-44f4-9ecd-5c5375ca18e3
026ee7e7-f00a-4088-b3c3-24e8e1aa0a1c,species,Animalia,t0064677,"",Gnophomyia curticellula,Gnophomyia curticellula,相同Kingdom學名加命名者階層重複,https://vvtaxatree.tbn.org.tw/taxa/026ee7e7-f00a-4088-b3c3-24e8e1aa0a1c
382a8559-d385-4755-83b3-b49cdb1ecf64,species,Animalia,t0064687,"",Gnophomyia pruinosa,Gnophomyia pruinosa,相同Kingdom學名加命名者階層重複,https://vvtaxatree.tbn.org.tw/taxa/382a8559-d385-4755-83b3-b49cdb1ecf64
b386317b-4c39-403e-85c7-cc75bcee46eb,species,Animalia,t0064679,"",Gnophomyia gressitti,Gnophomyia gressitti,相同Kingdom學名加命名者階層重複,https://vvtaxatree.tbn.org.tw/taxa/b386317b-4c39-403e-85c7-cc75bcee46eb
543ee41c-84e3-4269-94ef-765927884913,species,Animalia,t0064683,"",Gnophomyia neonebulosa,Gnophomyia neonebulosa,相同Kingdom學名加命名者階層重複,https://vvtaxatree.tbn.org.tw/taxa/543ee41c-84e3-4269-94ef-765927884913
567452e5-5d5f-439b-b78f-e19ead4b8196,species,Animalia,t0064686,"",Gnophomyia praedita,Gnophomyia praedita,相同Kingdom學名加命名者階層重複,https://vvtaxatree.tbn.org.tw/taxa/567452e5-5d5f-439b-b78f-e19ead4b8196
fb3d2868-cf00-419a-955d-69de47da5d97,species,Animalia,t0064689,"",Gnophomyia sauteri,Gnophomyia sauteri,相同Kingdom學名加命名者階層重複,https://vvtaxatree.tbn.org.tw/taxa/fb3d2868-cf00-419a-955d-69de47da5d97
1fa84f46-350a-4895-aeec-0cd2092f5b1f,species,Animalia,t0064692,"",Gnophomyia sinuosa,Gnophomyia sinuosa,相同Kingdom學名加命名者階層重複,https://vvtaxatree.tbn.org.tw/taxa/1fa84f46-350a-4895-aeec-0cd2092f5b1f
ac25b58c-306b-4310-be11-4c674a1de72d,species,Animalia,t0064675,"",Gnophomyia clitelata,Gnophomyia clitelata,相同Kingdom學名加命名者階層重複,https://vvtaxatree.tbn.org.tw/taxa/ac25b58c-306b-4310-be11-4c674a1de72d
6b9bbf5c-c4f9-4e9e-abf4-2c7afd045edd,species,Animalia,t0064690,"",Gnophomyia scutellumalbum,Gnophomyia scutellumalbum,相同Kingdom學名加命名者階層重複,https://vvtaxatree.tbn.org.tw/taxa/6b9bbf5c-c4f9-4e9e-abf4-2c7afd045edd
3c7f7251-ed81-4869-978c-c62ac5aa1dcd,species,Animalia,t0064688,"",Gnophomyia ptilostenoides,Gnophomyia ptilostenoides,相同Kingdom學名加命名者階層重複,https://vvtaxatree.tbn.org.tw/taxa/3c7f7251-ed81-4869-978c-c62ac5aa1dcd
aee6d1d9-150b-4767-8263-5879f9d21ab7,species,Animalia,t0065285,"",Helius perelegans,Helius perelegans,相同Kingdom學名加命名者階層重複,https://vvtaxatree.tbn.org.tw/taxa/aee6d1d9-150b-4767-8263-5879f9d21ab7
92ae7979-5ec5-41ec-8780-c67673b14852,species,Animalia,t0065278,"",Helius attenuatus,Helius attenuatus,相同Kingdom學名加命名者階層重複,https://vvtaxatree.tbn.org.tw/taxa/92ae7979-5ec5-41ec-8780-c67673b14852
caacce36-6b99-4519-85d8-c168daeb971e,species,Animalia,t0065280,"",Helius chikuriensis,Helius chikuriensis,相同Kingdom學名加命名者階層重複,https://vvtaxatree.tbn.org.tw/taxa/caacce36-6b99-4519-85d8-c168daeb971e
5b1340d4-4b72-462c-8274-342172052d69,species,Animalia,t0065282,"",Helius liliputanus,Helius liliputanus,相同Kingdom學名加命名者階層重複,https://vvtaxatree.tbn.org.tw/taxa/5b1340d4-4b72-462c-8274-342172052d69
f3d47406-648b-45ab-a544-f401aa496ee7,species,Animalia,t0065283,"",Helius minusculus,Helius minusculus,相同Kingdom學名加命名者階層重複,https://vvtaxatree.tbn.org.tw/taxa/f3d47406-648b-45ab-a544-f401aa496ee7
e80a7b50-f4f4-4424-822a-11d6913de059,species,Animalia,t0065286,"",Helius rufithorax,Helius rufithorax,相同Kingdom學名加命名者階層重複,https://vvtaxatree.tbn.org.tw/taxa/e80a7b50-f4f4-4424-822a-11d6913de059
7580560d-cc82-49c4-9cd8-39f176020eba,species,Animalia,t0065287,"",Helius subfasciatus,Helius subfasciatus,相同Kingdom學名加命名者階層重複,https://vvtaxatree.tbn.org.tw/taxa/7580560d-cc82-49c4-9cd8-39f176020eba
071d55f7-aa61-4a4c-a3a7-6c24b3832e91,species,Animalia,t0065288,"",Helius tenuistylus,Helius tenuistylus,相同Kingdom學名加命名者階層重複,https://vvtaxatree.tbn.org.tw/taxa/071d55f7-aa61-4a4c-a3a7-6c24b3832e91
2c73d68e-6e62-4099-bbb6-91fb865fb5dd,species,Animalia,t0067429,"",Limnophila excelsa,Limnophila excelsa,相同Kingdom學名加命名者階層重複,https://vvtaxatree.tbn.org.tw/taxa/2c73d68e-6e62-4099-bbb6-91fb865fb5dd
36ec7cee-ff65-463b-af41-6d73e4ce0dd6,species,Animalia,t0067431,"",Limnophila ferocia,Limnophila ferocia,相同Kingdom學名加命名者階層重複,https://vvtaxatree.tbn.org.tw/taxa/36ec7cee-ff65-463b-af41-6d73e4ce0dd6
3f8e6ff3-b6a7-4d99-a4cd-e8fca81a0d0a,species,Animalia,t0067438,"",Limnophila platystyla,Limnophila platystyla,相同Kingdom學名加命名者階層重複,https://vvtaxatree.tbn.org.tw/taxa/3f8e6ff3-b6a7-4d99-a4cd-e8fca81a0d0a
5e2d93c4-f1dd-4317-a11f-6f1b47cbd5f3,species,Animalia,t0067439,"",Limnophila rantaizana,Limnophila rantaizana,相同Kingdom學名加命名者階層重複,https://vvtaxatree.tbn.org.tw/taxa/5e2d93c4-f1dd-4317-a11f-6f1b47cbd5f3
3ea50080-70ec-4798-a6c9-f44cfd710312,species,Animalia,t0067434,"",Limnophila inaequalis,Limnophila inaequalis,相同Kingdom學名加命名者階層重複,https://vvtaxatree.tbn.org.tw/taxa/3ea50080-70ec-4798-a6c9-f44cfd710312
5ee67b19-6a0e-4a89-87dc-8b1a1653e072,species,Animalia,t0067435,"",Limnophila nesonemoralis,Limnophila nesonemoralis,相同Kingdom學名加命名者階層重複,https://vvtaxatree.tbn.org.tw/taxa/5ee67b19-6a0e-4a89-87dc-8b1a1653e072
a797b0eb-f4b9-4344-81fd-eccd58390bed,species,Animalia,t0067428,"",Limnophila dorsolineata,Limnophila dorsolineata,相同Kingdom學名加命名者階層重複,https://vvtaxatree.tbn.org.tw/taxa/a797b0eb-f4b9-4344-81fd-eccd58390bed
c2f44dca-5d0b-44eb-849b-3e47403ea3b3,species,Animalia,t0067432,"",Limnophila formosa,Limnophila formosa,相同Kingdom學名加命名者階層重複,https://vvtaxatree.tbn.org.tw/taxa/c2f44dca-5d0b-44eb-849b-3e47403ea3b3
db14c173-6383-4f80-9259-6f24e7f97636,species,Animalia,t0067441,"",Limnophila taiwanensis,Limnophila taiwanensis,相同Kingdom學名加命名者階層重複,https://vvtaxatree.tbn.org.tw/taxa/db14c173-6383-4f80-9259-6f24e7f97636
fa211335-ee95-4f39-aada-c88985868c72,species,Animalia,t0067433,"",Limnophila harukonis,Limnophila harukonis,相同Kingdom學名加命名者階層重複,https://vvtaxatree.tbn.org.tw/taxa/fa211335-ee95-4f39-aada-c88985868c72
4f533a56-5d11-45d9-a644-95fb094fe905,species,Animalia,t0067437,"",Limnophila oritropha,Limnophila oritropha,相同Kingdom學名加命名者階層重複,https://vvtaxatree.tbn.org.tw/taxa/4f533a56-5d11-45d9-a644-95fb094fe905
d7465076-fa0f-4a3c-bf50-7c7fa6b41fe9,species,Animalia,t0067440,"",Limnophila serridentata,Limnophila serridentata,相同Kingdom學名加命名者階層重複,https://vvtaxatree.tbn.org.tw/taxa/d7465076-fa0f-4a3c-bf50-7c7fa6b41fe9
02b29b1c-d000-4ac7-afbf-7605f63c2597,species,Animalia,t0067472,"",Limonia ebriola,Limonia ebriola,相同Kingdom學名加命名者階層重複,https://vvtaxatree.tbn.org.tw/taxa/02b29b1c-d000-4ac7-afbf-7605f63c2597
3059f17a-730c-4753-84a5-2f8ccb4a874f,species,Animalia,t0067483,"",Limonia inscita,Limonia inscita,相同Kingdom學名加命名者階層重複,https://vvtaxatree.tbn.org.tw/taxa/3059f17a-730c-4753-84a5-2f8ccb4a874f
4ed002b1-4ac7-4eef-89db-ea92d4fdf560,species,Animalia,t0067485,"",Limonia koxinga,Limonia koxinga,相同Kingdom學名加命名者階層重複,https://vvtaxatree.tbn.org.tw/taxa/4ed002b1-4ac7-4eef-89db-ea92d4fdf560
51b0a5ce-d0ec-44cb-990c-56c961908bf2,species,Animalia,t0067492,"",Limonia montium,Limonia montium,相同Kingdom學名加命名者階層重複,https://vvtaxatree.tbn.org.tw/taxa/51b0a5ce-d0ec-44cb-990c-56c961908bf2
0ad212ef-6a32-49e6-a58a-69451fc7adb8,species,Animalia,t0067513,"",Limonia subpunctulata,Limonia subpunctulata,相同Kingdom學名加命名者階層重複,https://vvtaxatree.tbn.org.tw/taxa/0ad212ef-6a32-49e6-a58a-69451fc7adb8
c54d0f01-a686-40e2-9744-dbe438bc17b9,species,Animalia,t0067515,"",Limonia tattakae,Limonia tattakae,相同Kingdom學名加命名者階層重複,https://vvtaxatree.tbn.org.tw/taxa/c54d0f01-a686-40e2-9744-dbe438bc17b9
df7c96e3-6084-4cb4-bf56-d0870c2d5255,species,Animalia,t0067516,"",Limonia tenuicula,Limonia tenuicula,相同Kingdom學名加命名者階層重複,https://vvtaxatree.tbn.org.tw/taxa/df7c96e3-6084-4cb4-bf56-d0870c2d5255
7a054916-2c20-4e27-8dce-97434aa410a5,species,Animalia,t0067514,"",Limonia taivanella,Limonia taivanella,相同Kingdom學名加命名者階層重複,https://vvtaxatree.tbn.org.tw/taxa/7a054916-2c20-4e27-8dce-97434aa410a5
30cc21b9-3265-41c3-ac6e-f313495d06c2,species,Animalia,t0067455,"",Limonia alpestris,Limonia alpestris,相同Kingdom學名加命名者階層重複,https://vvtaxatree.tbn.org.tw/taxa/30cc21b9-3265-41c3-ac6e-f313495d06c2
813a96c2-7af8-4259-9b2e-928f4765773a,species,Animalia,t0067458,"",Limonia apicifasciata,Limonia apicifasciata,相同Kingdom學名加命名者階層重複,https://vvtaxatree.tbn.org.tw/taxa/813a96c2-7af8-4259-9b2e-928f4765773a
5c7acd29-b263-41f0-8d56-0fe821c19c87,species,Animalia,t0067500,"",Limonia pictorum,Limonia pictorum,相同Kingdom學名加命名者階層重複,https://vvtaxatree.tbn.org.tw/taxa/5c7acd29-b263-41f0-8d56-0fe821c19c87
51fa720e-62d2-4864-bcb5-87c528d19cd6,species,Animalia,t0067520,"",Limonia unifilosa,Limonia unifilosa,相同Kingdom學名加命名者階層重複,https://vvtaxatree.tbn.org.tw/taxa/51fa720e-62d2-4864-bcb5-87c528d19cd6
aaa5d7b3-6f53-4fe8-9bf5-0d2b5d7a78e0,species,Animalia,t0067466,"",Limonia clitelligera,Limonia clitelligera,相同Kingdom學名加命名者階層重複,https://vvtaxatree.tbn.org.tw/taxa/aaa5d7b3-6f53-4fe8-9bf5-0d2b5d7a78e0
d8e9d4a6-930c-41c8-ad0e-0b84f39b6ce3,species,Animalia,t0067479,"",Limonia hassenana,Limonia hassenana,相同Kingdom學名加命名者階層重複,https://vvtaxatree.tbn.org.tw/taxa/d8e9d4a6-930c-41c8-ad0e-0b84f39b6ce3
430f87a6-63a4-4fa3-925d-11396afbaa8f,species,Animalia,t0067480,"",Limonia imbellis,Limonia imbellis,相同Kingdom學名加命名者階層重複,https://vvtaxatree.tbn.org.tw/taxa/430f87a6-63a4-4fa3-925d-11396afbaa8f
d6e43e40-d739-4968-93c7-6a4477f645a6,species,Animalia,t0067481,"",Limonia immetata,Limonia immetata,相同Kingdom學名加命名者階層重複,https://vvtaxatree.tbn.org.tw/taxa/d6e43e40-d739-4968-93c7-6a4477f645a6
9e9b1ec9-15c4-472f-967b-5da57b3d9b46,species,Animalia,t0067499,"",Limonia perparvuloides,Limonia perparvuloides,相同Kingdom學名加命名者階層重複,https://vvtaxatree.tbn.org.tw/taxa/9e9b1ec9-15c4-472f-967b-5da57b3d9b46
d197f492-478e-46bb-8e1a-9fd54f38dcad,species,Animalia,t0067467,"",Limonia comissabunda,Limonia comissabunda,相同Kingdom學名加命名者階層重複,https://vvtaxatree.tbn.org.tw/taxa/d197f492-478e-46bb-8e1a-9fd54f38dcad
860aeb57-5c73-4edc-8bd6-a2b9433569b6,species,Animalia,t0067478,"",Limonia griseola,Limonia griseola,相同Kingdom學名加命名者階層重複,https://vvtaxatree.tbn.org.tw/taxa/860aeb57-5c73-4edc-8bd6-a2b9433569b6
23e1e62f-5362-4a03-8c40-7c575cda7aa0,species,Animalia,t0067475,"",Limonia fraudulenta,Limonia fraudulenta,相同Kingdom學名加命名者階層重複,https://vvtaxatree.tbn.org.tw/taxa/23e1e62f-5362-4a03-8c40-7c575cda7aa0
20dc9422-5106-430d-8a34-dcacc5011cbb,species,Animalia,t0067482,"",Limonia inelegans,Limonia inelegans,相同Kingdom學名加命名者階層重複,https://vvtaxatree.tbn.org.tw/taxa/20dc9422-5106-430d-8a34-dcacc5011cbb
9bbd832d-4ee5-4e4a-9301-5a8662f4de73,species,Animalia,t0067489,"",Limonia melas,Limonia melas,相同Kingdom學名加命名者階層重複,https://vvtaxatree.tbn.org.tw/taxa/9bbd832d-4ee5-4e4a-9301-5a8662f4de73
b88099c2-ae1f-40ef-9a36-7e36679debb4,species,Animalia,t0067504,"",Limonia rantaiensis,Limonia rantaiensis,相同Kingdom學名加命名者階層重複,https://vvtaxatree.tbn.org.tw/taxa/b88099c2-ae1f-40ef-9a36-7e36679debb4
19b6c632-6c17-4c91-955f-6e5b0b253ebc,species,Animalia,t0067511,"",Limonia subhostillis,Limonia subhostillis,相同Kingdom學名加命名者階層重複,https://vvtaxatree.tbn.org.tw/taxa/19b6c632-6c17-4c91-955f-6e5b0b253ebc
2f0bad08-f7b7-4ba9-825e-5f2521c5449a,species,Animalia,t0067464,"",Limonia aurita,Limonia aurita,相同Kingdom學名加命名者階層重複,https://vvtaxatree.tbn.org.tw/taxa/2f0bad08-f7b7-4ba9-825e-5f2521c5449a
defe6ff3-0577-4855-88a1-0b5f7d8de7c6,species,Animalia,t0067460,"",Limonia argyrata,Limonia argyrata,相同Kingdom學名加命名者階層重複,https://vvtaxatree.tbn.org.tw/taxa/defe6ff3-0577-4855-88a1-0b5f7d8de7c6
7f1b2136-5d1d-4106-b296-db4c26b4f5c2,species,Animalia,t0067461,"",Limonia atayal,Limonia atayal,相同Kingdom學名加命名者階層重複,https://vvtaxatree.tbn.org.tw/taxa/7f1b2136-5d1d-4106-b296-db4c26b4f5c2
4c3618b6-7afe-4f49-a36e-bd9fec03c334,species,Animalia,t0067506,"",Limonia remissa,Limonia remissa,相同Kingdom學名加命名者階層重複,https://vvtaxatree.tbn.org.tw/taxa/4c3618b6-7afe-4f49-a36e-bd9fec03c334
c70294de-b080-433f-a0a3-98f7f5b85c8d,species,Animalia,t0067471,"",Limonia dimelania,Limonia dimelania,相同Kingdom學名加命名者階層重複,https://vvtaxatree.tbn.org.tw/taxa/c70294de-b080-433f-a0a3-98f7f5b85c8d
36f83760-524d-49db-bb4b-31d8f986ad34,species,Animalia,t0067490,"",Limonia monocycla,Limonia monocycla,相同Kingdom學名加命名者階層重複,https://vvtaxatree.tbn.org.tw/taxa/36f83760-524d-49db-bb4b-31d8f986ad34
93ce5bac-09c9-4a66-8a68-edc6be29dd5d,species,Animalia,t0067521,"",Limonia unisetosa,Limonia unisetosa,相同Kingdom學名加命名者階層重複,https://vvtaxatree.tbn.org.tw/taxa/93ce5bac-09c9-4a66-8a68-edc6be29dd5d
50bcdbce-d940-4cb2-a10c-fe3c1c45d12f,species,Animalia,t0080365,"",Molophilus alcocostalis,Molophilus alcocostalis,相同Kingdom學名加命名者階層重複,https://vvtaxatree.tbn.org.tw/taxa/50bcdbce-d940-4cb2-a10c-fe3c1c45d12f
9e3a5f02-94a0-453a-b767-725bcd6443cd,species,Animalia,t0080367,"",Molophilus aricola,Molophilus aricola,相同Kingdom學名加命名者階層重複,https://vvtaxatree.tbn.org.tw/taxa/9e3a5f02-94a0-453a-b767-725bcd6443cd
bb605327-e4c0-4825-856e-c0911f42fba0,species,Animalia,t0080368,"",Molophilus arisanus,Molophilus arisanus,相同Kingdom學名加命名者階層重複,https://vvtaxatree.tbn.org.tw/taxa/bb605327-e4c0-4825-856e-c0911f42fba0
e2d5073b-8faa-45b2-a995-a0e0e56b71da,species,Animalia,t0080370,"",Molophilus editus,Molophilus editus,相同Kingdom學名加命名者階層重複,https://vvtaxatree.tbn.org.tw/taxa/e2d5073b-8faa-45b2-a995-a0e0e56b71da
5505a193-065e-4c16-86d1-9c71bccb5ee8,species,Animalia,t0080371,"",Molophilus ephippiger,Molophilus ephippiger,相同Kingdom學名加命名者階層重複,https://vvtaxatree.tbn.org.tw/taxa/5505a193-065e-4c16-86d1-9c71bccb5ee8
f3f6101e-bbec-4e2a-a1b2-6f64010e84f3,species,Animalia,t0080372,"",Molophilus hoplostylus,Molophilus hoplostylus,相同Kingdom學名加命名者階層重複,https://vvtaxatree.tbn.org.tw/taxa/f3f6101e-bbec-4e2a-a1b2-6f64010e84f3
d10fc39a-f20c-43ba-a152-dae44f2976c7,species,Animalia,t0080373,"",Molophilus issikii,Molophilus issikii,相同Kingdom學名加命名者階層重複,https://vvtaxatree.tbn.org.tw/taxa/d10fc39a-f20c-43ba-a152-dae44f2976c7
fc595b63-54da-40dd-9ea2-f9ea7ef9bffc,species,Animalia,t0080374,"",Molophilus nifritus,Molophilus nifritus,相同Kingdom學名加命名者階層重複,https://vvtaxatree.tbn.org.tw/taxa/fc595b63-54da-40dd-9ea2-f9ea7ef9bffc
4d763cdf-e3cd-4d6e-8892-d6eee38b5c39,species,Animalia,t0080375,"",Molophilus nigripes,Molophilus nigripes,相同Kingdom學名加命名者階層重複,https://vvtaxatree.tbn.org.tw/taxa/4d763cdf-e3cd-4d6e-8892-d6eee38b5c39
308d7b7b-d867-4381-a504-4e0b226374b0,species,Animalia,t0080376,"",Molophilus nigritarsis,Molophilus nigritarsis,相同Kingdom學名加命名者階層重複,https://vvtaxatree.tbn.org.tw/taxa/308d7b7b-d867-4381-a504-4e0b226374b0
53c18794-4a90-47f3-a622-0c024c86032e,species,Animalia,t0080377,"",Molophilus nokonis,Molophilus nokonis,相同Kingdom學名加命名者階層重複,https://vvtaxatree.tbn.org.tw/taxa/53c18794-4a90-47f3-a622-0c024c86032e
9ced0298-db46-4b9a-8c7a-d72bb7f14c56,species,Animalia,t0080378,"",Molophilus pallidibasis,Molophilus pallidibasis,相同Kingdom學名加命名者階層重複,https://vvtaxatree.tbn.org.tw/taxa/9ced0298-db46-4b9a-8c7a-d72bb7f14c56
e827a235-6310-45de-9244-1b65f3a37d73,species,Animalia,t0080379,"",Molophilus spinosissimus,Molophilus spinosissimus,相同Kingdom學名加命名者階層重複,https://vvtaxatree.tbn.org.tw/taxa/e827a235-6310-45de-9244-1b65f3a37d73
f33b46e6-244b-4918-a8b5-b934a351aafa,species,Animalia,t0080366,"",Molophilus alticola,Molophilus alticola,相同Kingdom學名加命名者階層重複,https://vvtaxatree.tbn.org.tw/taxa/f33b46e6-244b-4918-a8b5-b934a351aafa
4e8248ce-d48a-44cb-a4e3-78d7a9af1281,species,Animalia,t0082425,"",Orimarga formosicola,Orimarga formosicola,相同Kingdom學名加命名者階層重複,https://vvtaxatree.tbn.org.tw/taxa/4e8248ce-d48a-44cb-a4e3-78d7a9af1281
7f89481f-ce9b-4f80-9aac-b2d0c47bb2fe,species,Animalia,t0082426,"",Orimarga fuscivenosa,Orimarga fuscivenosa,相同Kingdom學名加命名者階層重複,https://vvtaxatree.tbn.org.tw/taxa/7f89481f-ce9b-4f80-9aac-b2d0c47bb2fe
ec4ca255-639d-4f08-9493-561b7bf4930e,species,Animalia,t0082427,"",Orimarga griseipennis,Orimarga griseipennis,相同Kingdom學名加命名者階層重複,https://vvtaxatree.tbn.org.tw/taxa/ec4ca255-639d-4f08-9493-561b7bf4930e
54bd0dad-b6ab-4e0b-ba5f-3d6c40889f73,species,Animalia,t0082428,"",Orimarga gymnoneura,Orimarga gymnoneura,相同Kingdom學名加命名者階層重複,https://vvtaxatree.tbn.org.tw/taxa/54bd0dad-b6ab-4e0b-ba5f-3d6c40889f73
12aff648-8a2a-4944-a400-9dad43827a4b,species,Animalia,t0082429,"",Orimarga taiwanensis,Orimarga taiwanensis,相同Kingdom學名加命名者階層重複,https://vvtaxatree.tbn.org.tw/taxa/12aff648-8a2a-4944-a400-9dad43827a4b
1c7a5a98-46a3-4dcb-9adb-a4296ef09b1e,species,Animalia,t0082438,"",Ormosia anthracopoda,Ormosia anthracopoda,相同Kingdom學名加命名者階層重複,https://vvtaxatree.tbn.org.tw/taxa/1c7a5a98-46a3-4dcb-9adb-a4296ef09b1e
c35296a6-f44b-48f7-96b5-630bb9980cd5,species,Animalia,t0082439,"",Ormosia arisanensis,Ormosia arisanensis,相同Kingdom學名加命名者階層重複,https://vvtaxatree.tbn.org.tw/taxa/c35296a6-f44b-48f7-96b5-630bb9980cd5
f3ceb1ef-656c-4f25-90f1-bf8167a3ba76,species,Animalia,t0082440,"",Ormosia diplotergata,Ormosia diplotergata,相同Kingdom學名加命名者階層重複,https://vvtaxatree.tbn.org.tw/taxa/f3ceb1ef-656c-4f25-90f1-bf8167a3ba76
e4024a88-e30a-4268-82b0-436b29de6aee,species,Animalia,t0082441,"",Ormosia diversipennis,Ormosia diversipennis,相同Kingdom學名加命名者階層重複,https://vvtaxatree.tbn.org.tw/taxa/e4024a88-e30a-4268-82b0-436b29de6aee
d681265c-874a-453e-b58c-a9a205276330,species,Animalia,t0082443,"",Ormosia shoreana,Ormosia shoreana,相同Kingdom學名加命名者階層重複,https://vvtaxatree.tbn.org.tw/taxa/d681265c-874a-453e-b58c-a9a205276330
ef8adcfd-45d5-4f3f-97f7-8b26a2e18fc4,species,Animalia,t0072484,"",Atarba issikiana,Atarba issikiana,相同Kingdom學名加命名者階層重複,https://vvtaxatree.tbn.org.tw/taxa/ef8adcfd-45d5-4f3f-97f7-8b26a2e18fc4
40715944-7d04-4ef2-89dc-3037de56b745,species,Animalia,t0072485,"",Atarba leptoxantha,Atarba leptoxantha,相同Kingdom學名加命名者階層重複,https://vvtaxatree.tbn.org.tw/taxa/40715944-7d04-4ef2-89dc-3037de56b745
ee6bea6a-fe5a-45dd-b596-72402e346b80,species,Animalia,t0061894,"",Dolichopeza issikiella,Dolichopeza issikiella,相同Kingdom學名加命名者階層重複,https://vvtaxatree.tbn.org.tw/taxa/ee6bea6a-fe5a-45dd-b596-72402e346b80
9382b20d-ba33-420f-9331-b7a11eb686c7,species,Animalia,t0061902,"",Dolichopeza taiwanicola,Dolichopeza taiwanicola,相同Kingdom學名加命名者階層重複,https://vvtaxatree.tbn.org.tw/taxa/9382b20d-ba33-420f-9331-b7a11eb686c7
84259936-53f9-4001-adb1-2cd4e879fe7a,species,Animalia,t0061895,"",Dolichopeza lugubrivestis,Dolichopeza lugubrivestis,相同Kingdom學名加命名者階層重複,https://vvtaxatree.tbn.org.tw/taxa/84259936-53f9-4001-adb1-2cd4e879fe7a
742990fc-aec4-4607-b1bc-a5d7819473ac,species,Animalia,t0061896,"",Dolichopeza profundemarginata,Dolichopeza profundemarginata,相同Kingdom學名加命名者階層重複,https://vvtaxatree.tbn.org.tw/taxa/742990fc-aec4-4607-b1bc-a5d7819473ac
f9b33c49-7e21-4996-9d84-5ff44f92b914,species,Animalia,t0061900,"",Dolichopeza subalbitibia,Dolichopeza subalbitibia,相同Kingdom學名加命名者階層重複,https://vvtaxatree.tbn.org.tw/taxa/f9b33c49-7e21-4996-9d84-5ff44f92b914
e2ee82f9-43cd-4246-9272-390035f332b6,species,Animalia,t0061904,"",Dolichopeza tuberculifera,Dolichopeza tuberculifera,相同Kingdom學名加命名者階層重複,https://vvtaxatree.tbn.org.tw/taxa/e2ee82f9-43cd-4246-9272-390035f332b6
ceadac52-9d05-4b4c-afc6-639e4f5aa45e,species,Animalia,t0062901,"",Epiphragma divisum,Epiphragma divisum,相同Kingdom學名加命名者階層重複,https://vvtaxatree.tbn.org.tw/taxa/ceadac52-9d05-4b4c-afc6-639e4f5aa45e
d6d171b2-db49-4586-93ff-09278a8b646d,species,Animalia,t0062903,"",Epiphragma nymphicum,Epiphragma nymphicum,相同Kingdom學名加命名者階層重複,https://vvtaxatree.tbn.org.tw/taxa/d6d171b2-db49-4586-93ff-09278a8b646d
6d9b654a-b7be-40d9-98c4-c94ef9907691,species,Animalia,t0081467,"",Nephrotoma atrolatera,Nephrotoma atrolatera,相同Kingdom學名加命名者階層重複,https://vvtaxatree.tbn.org.tw/taxa/6d9b654a-b7be-40d9-98c4-c94ef9907691
cbc8277e-3fe0-41fb-8888-0c55ef11884d,species,Animalia,t0081469,"",Nephrotoma caudifera,Nephrotoma caudifera,相同Kingdom學名加命名者階層重複,https://vvtaxatree.tbn.org.tw/taxa/cbc8277e-3fe0-41fb-8888-0c55ef11884d
e29eb3d2-dc64-4f15-8401-3cfacbc4fe86,species,Animalia,t0081471,"",Nephrotoma definita,Nephrotoma definita,相同Kingdom學名加命名者階層重複,https://vvtaxatree.tbn.org.tw/taxa/e29eb3d2-dc64-4f15-8401-3cfacbc4fe86
4a281412-57ac-42f0-b66e-479327fdaf65,species,Animalia,t0081474,"",Nephrotoma integra,Nephrotoma integra,相同Kingdom學名加命名者階層重複,https://vvtaxatree.tbn.org.tw/taxa/4a281412-57ac-42f0-b66e-479327fdaf65
2cc878ee-9dc6-47ae-982a-5523153f4802,species,Animalia,t0081477,"",Nephrotoma omeiana,Nephrotoma omeiana,相同Kingdom學名加命名者階層重複,https://vvtaxatree.tbn.org.tw/taxa/2cc878ee-9dc6-47ae-982a-5523153f4802
c38ffa77-3908-4f99-ace9-4fee98b7015d,species,Animalia,t0081480,"",Nephrotoma takeuchii,Nephrotoma takeuchii,相同Kingdom學名加命名者階層重複,https://vvtaxatree.tbn.org.tw/taxa/c38ffa77-3908-4f99-ace9-4fee98b7015d
22d7cfb4-6304-4f52-a334-d3b2334f4dc5,species,Animalia,t0047234,"",Thaumastoptera issikiana,Thaumastoptera issikiana,相同Kingdom學名加命名者階層重複,https://vvtaxatree.tbn.org.tw/taxa/22d7cfb4-6304-4f52-a334-d3b2334f4dc5
fd811bc4-943c-48f9-992b-15c5d7644bd5,species,Animalia,t0047457,"",Tipula alboplagiata,Tipula alboplagiata,相同Kingdom學名加命名者階層重複,https://vvtaxatree.tbn.org.tw/taxa/fd811bc4-943c-48f9-992b-15c5d7644bd5
d8cdb5cb-bfb0-4aa0-8f45-c6c0fed63df5,species,Animalia,t0047482,"",Tipula obtusiloba,Tipula obtusiloba,相同Kingdom學名加命名者階層重複,https://vvtaxatree.tbn.org.tw/taxa/d8cdb5cb-bfb0-4aa0-8f45-c6c0fed63df5
10b96d18-a278-4b39-9820-91a0dff3b562,species,Animalia,t0047496,"",Tipula yamata,Tipula yamata,相同Kingdom學名加命名者階層重複,https://vvtaxatree.tbn.org.tw/taxa/10b96d18-a278-4b39-9820-91a0dff3b562
b09752b2-acf9-44f7-bdb9-943bb4e7f9dc,species,Animalia,t0047478,"",Tipula niitakensis,Tipula niitakensis,相同Kingdom學名加命名者階層重複,https://vvtaxatree.tbn.org.tw/taxa/b09752b2-acf9-44f7-bdb9-943bb4e7f9dc
07ea1ae7-8650-4706-b137-510f34121949,species,Animalia,t0047481,"",Tipula obnata,Tipula obnata,相同Kingdom學名加命名者階層重複,https://vvtaxatree.tbn.org.tw/taxa/07ea1ae7-8650-4706-b137-510f34121949
e27b722d-a6fd-4207-a8d6-936dca4aef13,species,Animalia,t0047495,"",Tipula tridentata,Tipula tridentata,相同Kingdom學名加命名者階層重複,https://vvtaxatree.tbn.org.tw/taxa/e27b722d-a6fd-4207-a8d6-936dca4aef13
38d0baef-2a36-4fd2-98db-5e5ee1da9e91,species,Animalia,t0047487,"",Tipula rantaicola,Tipula rantaicola,相同Kingdom學名加命名者階層重複,https://vvtaxatree.tbn.org.tw/taxa/38d0baef-2a36-4fd2-98db-5e5ee1da9e91
044fa08e-8a79-4106-a8e8-27303f5e650c,species,Animalia,t0047489,"",Tipula sparsissima,Tipula sparsissima,相同Kingdom學名加命名者階層重複,https://vvtaxatree.tbn.org.tw/taxa/044fa08e-8a79-4106-a8e8-27303f5e650c
c1699cda-7131-48f1-83b2-c044b4ec8210,species,Animalia,t0047491,"",Tipula strictiva,Tipula strictiva,相同Kingdom學名加命名者階層重複,https://vvtaxatree.tbn.org.tw/taxa/c1699cda-7131-48f1-83b2-c044b4ec8210
aa07089e-8d51-4ac3-a14a-51050a6c0c88,species,Animalia,t0047473,"",Tipula lackschewitziana,Tipula lackschewitziana,相同Kingdom學名加命名者階層重複,https://vvtaxatree.tbn.org.tw/taxa/aa07089e-8d51-4ac3-a14a-51050a6c0c88
b964d1fc-3f26-4619-9d60-30aba73c45b7,species,Animalia,t0047470,"",Tipula haplotricha,Tipula haplotricha,相同Kingdom學名加命名者階層重複,https://vvtaxatree.tbn.org.tw/taxa/b964d1fc-3f26-4619-9d60-30aba73c45b7
bf109c63-cd6e-4771-92bf-82e7a01af54f,species,Animalia,t0047460,"",Tipula bicornigera,Tipula bicornigera,相同Kingdom學名加命名者階層重複,https://vvtaxatree.tbn.org.tw/taxa/bf109c63-cd6e-4771-92bf-82e7a01af54f
bc28da44-1bfe-46b6-b795-fade8c3169ad,species,Animalia,t0047461,"",Tipula bicorunta,Tipula bicorunta,相同Kingdom學名加命名者階層重複,https://vvtaxatree.tbn.org.tw/taxa/bc28da44-1bfe-46b6-b795-fade8c3169ad
5375d034-ac32-4188-b8c0-608c63a6544d,species,Animalia,t0047467,"",Tipula foliacea,Tipula foliacea,相同Kingdom學名加命名者階層重複,https://vvtaxatree.tbn.org.tw/taxa/5375d034-ac32-4188-b8c0-608c63a6544d
605d45f0-c335-4262-95e0-3f2baf46ab35,species,Animalia,t0047476,"",Tipula nestor,Tipula nestor,相同Kingdom學名加命名者階層重複,https://vvtaxatree.tbn.org.tw/taxa/605d45f0-c335-4262-95e0-3f2baf46ab35
4957809f-b1e2-459b-8792-21e56abbd47f,species,Animalia,t0047479,"",Tipula nokonis,Tipula nokonis,相同Kingdom學名加命名者階層重複,https://vvtaxatree.tbn.org.tw/taxa/4957809f-b1e2-459b-8792-21e56abbd47f
5716ed72-c9bd-41fd-9b76-91f5aed84717,species,Animalia,t0047483,"",Tipula paravapiculata,Tipula paravapiculata,相同Kingdom學名加命名者階層重複,https://vvtaxatree.tbn.org.tw/taxa/5716ed72-c9bd-41fd-9b76-91f5aed84717
ab838d8d-bb7e-4e03-86ea-257cf9968032,species,Animalia,t0047492,"",Tipula subapterogyne,Tipula subapterogyne,相同Kingdom學名加命名者階層重複,https://vvtaxatree.tbn.org.tw/taxa/ab838d8d-bb7e-4e03-86ea-257cf9968032
7d2a5e61-10b3-4550-9a8e-e6028b2d2bec,species,Animalia,t0047494,"",Tipula takahashiana,Tipula takahashiana,相同Kingdom學名加命名者階層重複,https://vvtaxatree.tbn.org.tw/taxa/7d2a5e61-10b3-4550-9a8e-e6028b2d2bec
00094e04-1f56-4996-87ac-044a2ce33327,species,Animalia,t0047480,"",Tipula nova,Tipula nova,相同Kingdom學名加命名者階層重複,https://vvtaxatree.tbn.org.tw/taxa/00094e04-1f56-4996-87ac-044a2ce33327
586a9af8-d977-4a6d-a74c-f7406b2ce65c,species,Animalia,t0047700,"",Trentepholia atayal,Trentepholia atayal,相同Kingdom學名加命名者階層重複,https://vvtaxatree.tbn.org.tw/taxa/586a9af8-d977-4a6d-a74c-f7406b2ce65c
d7552884-cfc8-4678-a4dd-751a20e300ae,species,Animalia,t0047701,"",Trentepholia esakii,Trentepholia esakii,相同Kingdom學名加命名者階層重複,https://vvtaxatree.tbn.org.tw/taxa/d7552884-cfc8-4678-a4dd-751a20e300ae
e4e65ab8-72a5-46a5-af4b-94a16fdd0646,species,Animalia,t0047703,"",Trentepholia montina,Trentepholia montina,相同Kingdom學名加命名者階層重複,https://vvtaxatree.tbn.org.tw/taxa/e4e65ab8-72a5-46a5-af4b-94a16fdd0646
5b3ee620-bc9f-4162-a08e-14f5d429c328,species,Animalia,t0047705,"",Trentepholia platyleuca,Trentepholia platyleuca,相同Kingdom學名加命名者階層重複,https://vvtaxatree.tbn.org.tw/taxa/5b3ee620-bc9f-4162-a08e-14f5d429c328
f9d0a4cc-6bbd-40f8-83ef-34d7b7b48e8a,species,Animalia,t0047708,"",Trentepholia tarsalba,Trentepholia tarsalba,相同Kingdom學名加命名者階層重複,https://vvtaxatree.tbn.org.tw/taxa/f9d0a4cc-6bbd-40f8-83ef-34d7b7b48e8a
3d111c8d-3642-474d-91d0-42e0495cccda,species,Animalia,t0047702,"",Trentepholia fuscobasalis,Trentepholia fuscobasalis,相同Kingdom學名加命名者階層重複,https://vvtaxatree.tbn.org.tw/taxa/3d111c8d-3642-474d-91d0-42e0495cccda
995cf61b-0534-4554-8c9e-ac7819ee6230,species,Animalia,t0047706,"",Trentepholia proba,Trentepholia proba,相同Kingdom學名加命名者階層重複,https://vvtaxatree.tbn.org.tw/taxa/995cf61b-0534-4554-8c9e-ac7819ee6230
6aabdaae-b661-4521-b294-43838d59e555,species,Animalia,t0047707,"",Trentepholia pulchripennis,Trentepholia pulchripennis,相同Kingdom學名加命名者階層重複,https://vvtaxatree.tbn.org.tw/taxa/6aabdaae-b661-4521-b294-43838d59e555
4dee6a98-e375-43d5-8b89-a03d0fafb026,species,Animalia,t0048345,"",Ula flavidibasis,Ula flavidibasis,相同Kingdom學名加命名者階層重複,https://vvtaxatree.tbn.org.tw/taxa/4dee6a98-e375-43d5-8b89-a03d0fafb026
a15e3286-3b3e-4cc2-a1d6-768334ebe6cb,species,Animalia,t0048346,"",Ula fuscistigma,Ula fuscistigma,相同Kingdom學名加命名者階層重複,https://vvtaxatree.tbn.org.tw/taxa/a15e3286-3b3e-4cc2-a1d6-768334ebe6cb
fcc58868-f399-4079-9612-750cb47e7549,species,Animalia,t0048347,"",Ula superelegans,Ula superelegans,相同Kingdom學名加命名者階層重複,https://vvtaxatree.tbn.org.tw/taxa/fcc58868-f399-4079-9612-750cb47e7549
d0042c2f-7725-43d6-8a91-7cd850a10179,species,Animalia,t0084496,"",Pipunculus coatalis,Pipunculus coatalis,相同Kingdom學名加命名者階層重複,https://vvtaxatree.tbn.org.tw/taxa/d0042c2f-7725-43d6-8a91-7cd850a10179
ece5bea1-9900-4bd7-a9c8-020cb3d9d2e7,species,Animalia,t0084495,"",Pipunculus bicolor,Pipunculus bicolor,相同Kingdom學名加命名者階層重複,https://vvtaxatree.tbn.org.tw/taxa/ece5bea1-9900-4bd7-a9c8-020cb3d9d2e7
d8143ceb-e3df-4041-9da5-590ef03fb196,species,Animalia,t0084501,"",Pipunculus holosericeus,Pipunculus holosericeus,相同Kingdom學名加命名者階層重複,https://vvtaxatree.tbn.org.tw/taxa/d8143ceb-e3df-4041-9da5-590ef03fb196
547f59aa-26b9-4765-85e1-582ba0cc74bc,species,Animalia,t0079111,"",Conops nubeculosus,Conops nubeculosus,相同Kingdom學名加命名者階層重複,https://vvtaxatree.tbn.org.tw/taxa/547f59aa-26b9-4765-85e1-582ba0cc74bc
2bbf72b0-8047-4102-8351-a9560d8a8a4d,species,Animalia,t0061563,"",Dicranota delectata,Dicranota delectata,相同Kingdom學名加命名者階層重複,https://vvtaxatree.tbn.org.tw/taxa/2bbf72b0-8047-4102-8351-a9560d8a8a4d
d9409858-79cb-4f83-beca-f18d26a21596,species,Animalia,t0061564,"",Dicranota fumicostata,Dicranota fumicostata,相同Kingdom學名加命名者階層重複,https://vvtaxatree.tbn.org.tw/taxa/d9409858-79cb-4f83-beca-f18d26a21596
ba8b054b-1a68-4e37-8272-b729209f8507,species,Animalia,t0061566,"",Dicranota plana,Dicranota plana,相同Kingdom學名加命名者階層重複,https://vvtaxatree.tbn.org.tw/taxa/ba8b054b-1a68-4e37-8272-b729209f8507
ce7499cf-33ad-47e8-8440-24f2bcbc7e22,species,Animalia,t0083640,"",Pedicia orophila,Pedicia orophila,相同Kingdom學名加命名者階層重複,https://vvtaxatree.tbn.org.tw/taxa/ce7499cf-33ad-47e8-8440-24f2bcbc7e22
a05e481a-022c-49e8-90fc-40848c0062f2,species,Animalia,t0084489,"",Piophila contecta,Piophila contecta,相同Kingdom學名加命名者階層重複,https://vvtaxatree.tbn.org.tw/taxa/a05e481a-022c-49e8-90fc-40848c0062f2
04f01575-8083-4438-824e-e2fecd1e05ad,species,Animalia,t0048860,"",Xenokeroplatus gozmanyi,Xenokeroplatus gozmanyi,相同Kingdom學名加命名者階層重複,https://vvtaxatree.tbn.org.tw/taxa/04f01575-8083-4438-824e-e2fecd1e05ad
c83c1b6a-a7cb-4bea-a91b-18300fbaf6bc,species,Animalia,t0039006,"",Simulium tuenense,Simulium tuenense,相同Kingdom學名加命名者階層重複,https://vvtaxatree.tbn.org.tw/taxa/c83c1b6a-a7cb-4bea-a91b-18300fbaf6bc
54d06c12-0db5-4899-a737-29245a94a26d,species,Animalia,t0039005,"",Simulium taulingense,Simulium taulingense,相同Kingdom學名加命名者階層重複,https://vvtaxatree.tbn.org.tw/taxa/54d06c12-0db5-4899-a737-29245a94a26d
e0614b66-57ba-44ee-b255-97334712c483,species,Animalia,t0039009,"",Simulium yushangense,Simulium yushangense,相同Kingdom學名加命名者階層重複,https://vvtaxatree.tbn.org.tw/taxa/e0614b66-57ba-44ee-b255-97334712c483
8650cb80-4f3d-4380-8edd-35d6e0bdf531,species,Animalia,t0038994,"",Simulium puliense,Simulium puliense,相同Kingdom學名加命名者階層重複,https://vvtaxatree.tbn.org.tw/taxa/8650cb80-4f3d-4380-8edd-35d6e0bdf531
c5bfab20-3554-46f6-841c-8ec1fb0e4aca,species,Animalia,t0038997,"",Simulium sakishimaense,Simulium sakishimaense,相同Kingdom學名加命名者階層重複,https://vvtaxatree.tbn.org.tw/taxa/c5bfab20-3554-46f6-841c-8ec1fb0e4aca
e06ed634-6ce6-4668-a26d-610f42f9cafa,species,Animalia,t0039004,"",Simulium taiwanicum,Simulium taiwanicum,相同Kingdom學名加命名者階層重複,https://vvtaxatree.tbn.org.tw/taxa/e06ed634-6ce6-4668-a26d-610f42f9cafa
d59d88ae-d8b3-46d8-872b-b52709ea523c,species,Animalia,t0039007,"",Simulium ufengense,Simulium ufengense,相同Kingdom學名加命名者階層重複,https://vvtaxatree.tbn.org.tw/taxa/d59d88ae-d8b3-46d8-872b-b52709ea523c
2508f806-d425-4127-af9e-c7f03b0d785a,species,Animalia,t0038987,"",Simulium chungi,Simulium chungi,相同Kingdom學名加命名者階層重複,https://vvtaxatree.tbn.org.tw/taxa/2508f806-d425-4127-af9e-c7f03b0d785a
e846d645-b68f-4a14-ac8d-e1a0575fb63d,species,Animalia,t0039008,"",Simulium yonakuniense,Simulium yonakuniense,相同Kingdom學名加命名者階層重複,https://vvtaxatree.tbn.org.tw/taxa/e846d645-b68f-4a14-ac8d-e1a0575fb63d
31ed21da-57fb-4928-a39c-8789f8a26f34,species,Animalia,t0071561,"",Ankylopteryx gracilis,Ankylopteryx gracilis,相同Kingdom學名加命名者階層重複,https://vvtaxatree.tbn.org.tw/taxa/31ed21da-57fb-4928-a39c-8789f8a26f34
cba2a8fd-a149-4b87-8c53-c46cef7b333f,species,Animalia,t0080398,"",Mongoloraphidia caelebs,Mongoloraphidia caelebs,相同Kingdom學名加命名者階層重複,https://vvtaxatree.tbn.org.tw/taxa/cba2a8fd-a149-4b87-8c53-c46cef7b333f
1ecd8617-fe01-49de-bf41-d9ea3a8cba88,species,Animalia,t0080401,"",Mongoloraphidia taiwanica,Mongoloraphidia taiwanica,相同Kingdom學名加命名者階層重複,https://vvtaxatree.tbn.org.tw/taxa/1ecd8617-fe01-49de-bf41-d9ea3a8cba88
5623551a-59fa-4b45-a01e-fa53657b7716,infraspecies,Plantae,"","",Zeuxine strateumatica rupicola,Zeuxine strateumatica var. rupicola,相同Kingdom學名加命名者階層重複,https://vvtaxatree.tbn.org.tw/taxa/5623551a-59fa-4b45-a01e-fa53657b7716
9711a88c-f488-4997-9572-cc49e81de6e6,infraspecies,Plantae,"","",Zeuxine strateumatica rupicola,Zeuxine strateumatica f. rupicola,相同Kingdom學名加命名者階層重複,https://vvtaxatree.tbn.org.tw/taxa/9711a88c-f488-4997-9572-cc49e81de6e6
534293e3-4d9b-42fb-93e5-8a09a36c62d6,species,Animalia,"","",Podocnemis unifilis,Podocnemis unifilis,相同Kingdom學名加命名者階層重複,https://vvtaxatree.tbn.org.tw/taxa/534293e3-4d9b-42fb-93e5-8a09a36c62d6
d73eaac7-4689-49d2-936f-423d5ef4d036,species,Animalia,t0071740,"",Anthaxia vicesimasexta,Anthaxia vicesimasexta,相同Kingdom學名加命名者階層重複,https://vvtaxatree.tbn.org.tw/taxa/d73eaac7-4689-49d2-936f-423d5ef4d036
3468db96-a307-4acc-9d70-2f327d15e4a3,species,Animalia,t0030620,"",Coelostoma sulcatum,Coelostoma sulcatum,相同Kingdom學名加命名者階層重複,https://vvtaxatree.tbn.org.tw/taxa/3468db96-a307-4acc-9d70-2f327d15e4a3
d2a0d321-6b55-4986-85d3-57362a289270,species,Animalia,t0068928,"",Menimus formosanus,Menimus formosanus,相同Kingdom學名加命名者階層重複,https://vvtaxatree.tbn.org.tw/taxa/d2a0d321-6b55-4986-85d3-57362a289270
47011ba1-a5ba-4aa0-937e-caf42b93cc20,species,Animalia,"","",Euplectes afer,Euplectes afer,相同Kingdom學名加命名者階層重複,https://vvtaxatree.tbn.org.tw/taxa/47011ba1-a5ba-4aa0-937e-caf42b93cc20
97a584e6-1689-45ee-a654-5dc2624f3143,genus,Animalia,"","",Stizoptera,Stizoptera,相同Kingdom學名加命名者階層重複,https://vvtaxatree.tbn.org.tw/taxa/97a584e6-1689-45ee-a654-5dc2624f3143
4cc3107e-19c0-4bd0-97ae-062cf25b1d33,species,Animalia,t0096500,"",Mythimna wulinensis,Mythimna wulinensis,相同Kingdom學名加命名者階層重複,https://vvtaxatree.tbn.org.tw/taxa/4cc3107e-19c0-4bd0-97ae-062cf25b1d33
9551f6be-69e9-4b23-86c8-ded5f5b8d429,genus,Animalia,t0136306,"",Genusa,Genusa,相同Kingdom學名加命名者階層重複,https://vvtaxatree.tbn.org.tw/taxa/9551f6be-69e9-4b23-86c8-ded5f5b8d429
1002a108-0287-411e-a0af-ce54083a1a72,genus,Animalia,t0136327,"",Stizoptera,Stizoptera,相同Kingdom學名加命名者階層重複,https://vvtaxatree.tbn.org.tw/taxa/1002a108-0287-411e-a0af-ce54083a1a72
2552af61-77f4-436b-a8ef-267ba9e77876,species,Animalia,t0077550,"",Caryophyllia hawaiiensis,Caryophyllia hawaiiensis,相同Kingdom學名加命名者階層重複,https://vvtaxatree.tbn.org.tw/taxa/2552af61-77f4-436b-a8ef-267ba9e77876
7e04f9c7-44bd-424f-9fe7-9de332140009,species,Animalia,t0096030,"",Lema concinnipennis,Lema concinnipennis,相同Kingdom學名加命名者階層重複,https://vvtaxatree.tbn.org.tw/taxa/7e04f9c7-44bd-424f-9fe7-9de332140009
805daa53-6413-4d9b-9062-ecb463424303,species,Animalia,t0096031,"",Lema coronata,Lema coronata,相同Kingdom學名加命名者階層重複,https://vvtaxatree.tbn.org.tw/taxa/805daa53-6413-4d9b-9062-ecb463424303
6c7d4510-0be8-4fe9-8bad-a5e5a6171746,species,Animalia,t0096032,"",Lema fortunei,Lema fortunei,相同Kingdom學名加命名者階層重複,https://vvtaxatree.tbn.org.tw/taxa/6c7d4510-0be8-4fe9-8bad-a5e5a6171746
49391cbc-5766-4ff3-9d81-8e30dccb637a,species,Animalia,t0096033,"",Lema honorata,Lema honorata,相同Kingdom學名加命名者階層重複,https://vvtaxatree.tbn.org.tw/taxa/49391cbc-5766-4ff3-9d81-8e30dccb637a
ee575cdd-e3c2-4ff7-be71-91d986856922,species,Animalia,t0096038,"",Lencophenga ornata,Lencophenga ornata,相同Kingdom學名加命名者階層重複,https://vvtaxatree.tbn.org.tw/taxa/ee575cdd-e3c2-4ff7-be71-91d986856922
44bcda4e-a519-48a3-bece-b8963ccabb3d,species,Animalia,t0096093,"",Limnophila excelsa,Limnophila excelsa,相同Kingdom學名加命名者階層重複,https://vvtaxatree.tbn.org.tw/taxa/44bcda4e-a519-48a3-bece-b8963ccabb3d
358312dd-dc87-4cb9-baeb-96bfc62ea9f7,species,Animalia,t0096094,"",Limnophila ferocia,Limnophila ferocia,相同Kingdom學名加命名者階層重複,https://vvtaxatree.tbn.org.tw/taxa/358312dd-dc87-4cb9-baeb-96bfc62ea9f7
94c5a6c7-9469-4501-aa06-2bedd33a65f7,species,Animalia,t0096095,"",Limnophila platystyla,Limnophila platystyla,相同Kingdom學名加命名者階層重複,https://vvtaxatree.tbn.org.tw/taxa/94c5a6c7-9469-4501-aa06-2bedd33a65f7
a40fb197-ea5c-4f94-a860-3d1c2ea80936,species,Animalia,t0096096,"",Limnophila rantaizana,Limnophila rantaizana,相同Kingdom學名加命名者階層重複,https://vvtaxatree.tbn.org.tw/taxa/a40fb197-ea5c-4f94-a860-3d1c2ea80936
ea5d9ffc-60f0-4e22-9b0b-b6b1953598f7,species,Animalia,t0096097,"",Limnophila inaequalis,Limnophila inaequalis,相同Kingdom學名加命名者階層重複,https://vvtaxatree.tbn.org.tw/taxa/ea5d9ffc-60f0-4e22-9b0b-b6b1953598f7
906b1541-5696-498d-af35-778a74108226,species,Animalia,t0096098,"",Limnophila nesonemoralis,Limnophila nesonemoralis,相同Kingdom學名加命名者階層重複,https://vvtaxatree.tbn.org.tw/taxa/906b1541-5696-498d-af35-778a74108226
657dd391-0857-4e3f-a52e-a8e53525c6d6,species,Animalia,t0096099,"",Limnophila dorsolineata,Limnophila dorsolineata,相同Kingdom學名加命名者階層重複,https://vvtaxatree.tbn.org.tw/taxa/657dd391-0857-4e3f-a52e-a8e53525c6d6
d4374c37-e691-4d18-96e2-f05bb0a2b4ac,species,Animalia,t0096100,"",Limnophila formosa,Limnophila formosa,相同Kingdom學名加命名者階層重複,https://vvtaxatree.tbn.org.tw/taxa/d4374c37-e691-4d18-96e2-f05bb0a2b4ac
b4019df6-8ec8-4b9e-a7b2-cafe71cd0b3e,species,Animalia,t0096101,"",Limnophila taiwanensis,Limnophila taiwanensis,相同Kingdom學名加命名者階層重複,https://vvtaxatree.tbn.org.tw/taxa/b4019df6-8ec8-4b9e-a7b2-cafe71cd0b3e
d52993a5-45c4-40c9-9efa-36a9083bc71b,species,Animalia,t0096102,"",Limnophila harukonis,Limnophila harukonis,相同Kingdom學名加命名者階層重複,https://vvtaxatree.tbn.org.tw/taxa/d52993a5-45c4-40c9-9efa-36a9083bc71b
d8fa7902-69ea-491b-9818-5ae3c3d24a64,species,Animalia,t0096103,"",Limnophila oritropha,Limnophila oritropha,相同Kingdom學名加命名者階層重複,https://vvtaxatree.tbn.org.tw/taxa/d8fa7902-69ea-491b-9818-5ae3c3d24a64
563aaa80-39ff-4c68-9be3-acf86a6f6696,species,Animalia,t0096104,"",Limnophila serridentata,Limnophila serridentata,相同Kingdom學名加命名者階層重複,https://vvtaxatree.tbn.org.tw/taxa/563aaa80-39ff-4c68-9be3-acf86a6f6696
e245bb98-b8c4-4811-8b27-bc016548b4dd,species,Animalia,t0096105,"",Limonia ebriola,Limonia ebriola,相同Kingdom學名加命名者階層重複,https://vvtaxatree.tbn.org.tw/taxa/e245bb98-b8c4-4811-8b27-bc016548b4dd
0d8a6a06-232b-4855-b0b2-8cf134f4101c,species,Animalia,t0096106,"",Limonia inscita,Limonia inscita,相同Kingdom學名加命名者階層重複,https://vvtaxatree.tbn.org.tw/taxa/0d8a6a06-232b-4855-b0b2-8cf134f4101c
edfe390c-b1ed-4e31-a3cb-24980df0f920,species,Animalia,t0096107,"",Limonia koxinga,Limonia koxinga,相同Kingdom學名加命名者階層重複,https://vvtaxatree.tbn.org.tw/taxa/edfe390c-b1ed-4e31-a3cb-24980df0f920
7bfeb2a8-caef-4aba-8080-9d6f6e50df6a,species,Animalia,t0096108,"",Limonia montium,Limonia montium,相同Kingdom學名加命名者階層重複,https://vvtaxatree.tbn.org.tw/taxa/7bfeb2a8-caef-4aba-8080-9d6f6e50df6a
5ce92d52-b357-41da-bbd1-d290c76ca2de,species,Animalia,t0096109,"",Limonia subpunctulata,Limonia subpunctulata,相同Kingdom學名加命名者階層重複,https://vvtaxatree.tbn.org.tw/taxa/5ce92d52-b357-41da-bbd1-d290c76ca2de
c2c4e805-3a25-45bf-8f93-6b6555bef6d7,species,Animalia,t0096110,"",Limonia tattakae,Limonia tattakae,相同Kingdom學名加命名者階層重複,https://vvtaxatree.tbn.org.tw/taxa/c2c4e805-3a25-45bf-8f93-6b6555bef6d7
5d51bb2e-c9ef-4a35-be6d-833b1c61ebdf,species,Animalia,t0096111,"",Limonia tenuicula,Limonia tenuicula,相同Kingdom學名加命名者階層重複,https://vvtaxatree.tbn.org.tw/taxa/5d51bb2e-c9ef-4a35-be6d-833b1c61ebdf
fb66711f-c1f9-4459-af85-285c86e14c89,species,Animalia,t0096112,"",Limonia taivanella,Limonia taivanella,相同Kingdom學名加命名者階層重複,https://vvtaxatree.tbn.org.tw/taxa/fb66711f-c1f9-4459-af85-285c86e14c89
9b94217b-43ee-45d7-92fc-2846b891ec8a,species,Animalia,t0096113,"",Limonia alpestris,Limonia alpestris,相同Kingdom學名加命名者階層重複,https://vvtaxatree.tbn.org.tw/taxa/9b94217b-43ee-45d7-92fc-2846b891ec8a
e716497e-a253-4e6c-be2a-0e548af13834,species,Animalia,t0096114,"",Limonia apicifasciata,Limonia apicifasciata,相同Kingdom學名加命名者階層重複,https://vvtaxatree.tbn.org.tw/taxa/e716497e-a253-4e6c-be2a-0e548af13834
a64d3849-5d8e-4f7e-b54e-6d78fca8be29,species,Animalia,t0096115,"",Limonia pictorum,Limonia pictorum,相同Kingdom學名加命名者階層重複,https://vvtaxatree.tbn.org.tw/taxa/a64d3849-5d8e-4f7e-b54e-6d78fca8be29
220e0e24-3c99-4a4f-8ae8-40f34b6767a3,species,Animalia,t0096116,"",Limonia unifilosa,Limonia unifilosa,相同Kingdom學名加命名者階層重複,https://vvtaxatree.tbn.org.tw/taxa/220e0e24-3c99-4a4f-8ae8-40f34b6767a3
4dd3ee50-4eef-4dc5-bf02-3a5b4f2ede74,species,Animalia,t0096117,"",Limonia clitelligera,Limonia clitelligera,相同Kingdom學名加命名者階層重複,https://vvtaxatree.tbn.org.tw/taxa/4dd3ee50-4eef-4dc5-bf02-3a5b4f2ede74
071dd78a-40c1-4635-978d-194aeef363c5,species,Animalia,t0096118,"",Limonia hassenana,Limonia hassenana,相同Kingdom學名加命名者階層重複,https://vvtaxatree.tbn.org.tw/taxa/071dd78a-40c1-4635-978d-194aeef363c5
cc2b18e0-384a-4053-9fb9-248d62d7a010,species,Animalia,t0096119,"",Limonia imbellis,Limonia imbellis,相同Kingdom學名加命名者階層重複,https://vvtaxatree.tbn.org.tw/taxa/cc2b18e0-384a-4053-9fb9-248d62d7a010
1f69e8b7-0657-47ff-83bf-f87cc9a7d435,species,Animalia,t0096120,"",Limonia immetata,Limonia immetata,相同Kingdom學名加命名者階層重複,https://vvtaxatree.tbn.org.tw/taxa/1f69e8b7-0657-47ff-83bf-f87cc9a7d435
170cc1d5-ca8e-4957-bf01-471fd1c9550a,species,Animalia,t0096121,"",Limonia perparvuloides,Limonia perparvuloides,相同Kingdom學名加命名者階層重複,https://vvtaxatree.tbn.org.tw/taxa/170cc1d5-ca8e-4957-bf01-471fd1c9550a
06c6f35a-f875-402f-9871-3b2c7f20b61d,species,Animalia,t0096122,"",Limonia comissabunda,Limonia comissabunda,相同Kingdom學名加命名者階層重複,https://vvtaxatree.tbn.org.tw/taxa/06c6f35a-f875-402f-9871-3b2c7f20b61d
d1467643-4c8f-46b6-8430-f12fba148ae5,species,Animalia,t0096123,"",Limonia griseola,Limonia griseola,相同Kingdom學名加命名者階層重複,https://vvtaxatree.tbn.org.tw/taxa/d1467643-4c8f-46b6-8430-f12fba148ae5
263f5e93-9dd7-4bcc-b420-2329af8c330f,species,Animalia,t0096124,"",Limonia fraudulenta,Limonia fraudulenta,相同Kingdom學名加命名者階層重複,https://vvtaxatree.tbn.org.tw/taxa/263f5e93-9dd7-4bcc-b420-2329af8c330f
28cfe165-3d51-47fb-9355-348da873a784,species,Animalia,t0096125,"",Limonia inelegans,Limonia inelegans,相同Kingdom學名加命名者階層重複,https://vvtaxatree.tbn.org.tw/taxa/28cfe165-3d51-47fb-9355-348da873a784
1bef0efb-c78e-4239-b636-5ff7680ab636,species,Animalia,t0096126,"",Limonia melas,Limonia melas,相同Kingdom學名加命名者階層重複,https://vvtaxatree.tbn.org.tw/taxa/1bef0efb-c78e-4239-b636-5ff7680ab636
102768f2-bb4d-467f-9dbe-0d8474e84ba4,species,Animalia,t0096127,"",Limonia rantaiensis,Limonia rantaiensis,相同Kingdom學名加命名者階層重複,https://vvtaxatree.tbn.org.tw/taxa/102768f2-bb4d-467f-9dbe-0d8474e84ba4
839b664e-9c6f-4278-9500-16dfd0838f3a,species,Animalia,t0096128,"",Limonia subhostillis,Limonia subhostillis,相同Kingdom學名加命名者階層重複,https://vvtaxatree.tbn.org.tw/taxa/839b664e-9c6f-4278-9500-16dfd0838f3a
6ddc79f2-7805-489e-9fb9-869a000c8312,species,Animalia,t0096129,"",Limonia aurita,Limonia aurita,相同Kingdom學名加命名者階層重複,https://vvtaxatree.tbn.org.tw/taxa/6ddc79f2-7805-489e-9fb9-869a000c8312
a0586efb-1c98-4882-aebd-4120f272a6d4,species,Animalia,t0096130,"",Limonia argyrata,Limonia argyrata,相同Kingdom學名加命名者階層重複,https://vvtaxatree.tbn.org.tw/taxa/a0586efb-1c98-4882-aebd-4120f272a6d4
6b727440-4a10-4366-9a70-35d31b16af34,species,Animalia,t0096131,"",Limonia atayal,Limonia atayal,相同Kingdom學名加命名者階層重複,https://vvtaxatree.tbn.org.tw/taxa/6b727440-4a10-4366-9a70-35d31b16af34
97fa7341-963c-4418-a52c-38163a2c1548,species,Animalia,t0096132,"",Limonia remissa,Limonia remissa,相同Kingdom學名加命名者階層重複,https://vvtaxatree.tbn.org.tw/taxa/97fa7341-963c-4418-a52c-38163a2c1548
4d68c29c-3f0f-4bc7-8e77-6f93587b11a1,species,Animalia,t0096133,"",Limonia dimelania,Limonia dimelania,相同Kingdom學名加命名者階層重複,https://vvtaxatree.tbn.org.tw/taxa/4d68c29c-3f0f-4bc7-8e77-6f93587b11a1
726dc360-7b58-44c6-80ad-45f7c3418189,species,Animalia,t0096134,"",Limonia monocycla,Limonia monocycla,相同Kingdom學名加命名者階層重複,https://vvtaxatree.tbn.org.tw/taxa/726dc360-7b58-44c6-80ad-45f7c3418189
66520830-9fc3-4a54-9515-759f1d479862,species,Animalia,t0096135,"",Limonia unisetosa,Limonia unisetosa,相同Kingdom學名加命名者階層重複,https://vvtaxatree.tbn.org.tw/taxa/66520830-9fc3-4a54-9515-759f1d479862
dbfb93d5-6b5c-4438-aa3b-ed204a459486,species,Animalia,t0096152,"",Lissodema uenoi,Lissodema uenoi,相同Kingdom學名加命名者階層重複,https://vvtaxatree.tbn.org.tw/taxa/dbfb93d5-6b5c-4438-aa3b-ed204a459486
36d8f558-8c5b-4f59-af96-97b05868844c,species,Animalia,t0096247,"",Lyponia palpalis,Lyponia palpalis,相同Kingdom學名加命名者階層重複,https://vvtaxatree.tbn.org.tw/taxa/36d8f558-8c5b-4f59-af96-97b05868844c
2b6204d2-4cee-46c9-8c85-4fb7609ce4f7,species,Animalia,t0096272,"",Malthinus fenchihuensis,Malthinus fenchihuensis,相同Kingdom學名加命名者階層重複,https://vvtaxatree.tbn.org.tw/taxa/2b6204d2-4cee-46c9-8c85-4fb7609ce4f7
38e9764a-a411-44c5-8e3e-b1f6c3768cdf,species,Animalia,t0096273,"",Malthinus notsui,Malthinus notsui,相同Kingdom學名加命名者階層重複,https://vvtaxatree.tbn.org.tw/taxa/38e9764a-a411-44c5-8e3e-b1f6c3768cdf
8acd27ba-8edf-4a36-8ce5-ffe3b6b60846,species,Animalia,t0096274,"",Malthinus ohbai,Malthinus ohbai,相同Kingdom學名加命名者階層重複,https://vvtaxatree.tbn.org.tw/taxa/8acd27ba-8edf-4a36-8ce5-ffe3b6b60846
f5137333-6312-48d0-be20-f740721c41fc,species,Animalia,t0096275,"",Malthinus palingensis,Malthinus palingensis,相同Kingdom學名加命名者階層重複,https://vvtaxatree.tbn.org.tw/taxa/f5137333-6312-48d0-be20-f740721c41fc
570bdad1-7986-4a78-bbf4-8dde11e4dc74,species,Animalia,t0096276,"",Malthinus shimomurai,Malthinus shimomurai,相同Kingdom學名加命名者階層重複,https://vvtaxatree.tbn.org.tw/taxa/570bdad1-7986-4a78-bbf4-8dde11e4dc74
289e7037-2628-48f9-be16-6d13ad6f3fe0,species,Animalia,t0096277,"",Malthinus ssulingensis,Malthinus ssulingensis,相同Kingdom學名加命名者階層重複,https://vvtaxatree.tbn.org.tw/taxa/289e7037-2628-48f9-be16-6d13ad6f3fe0
1e2d6fc4-3ced-4d50-bc5e-4bbab256f005,species,Animalia,t0096278,"",Malthinus taiwanoniger,Malthinus taiwanoniger,相同Kingdom學名加命名者階層重複,https://vvtaxatree.tbn.org.tw/taxa/1e2d6fc4-3ced-4d50-bc5e-4bbab256f005
181a8d6f-f658-430f-b944-7e76c3caddd9,species,Animalia,t0096279,"",Malthinus taiwanus,Malthinus taiwanus,相同Kingdom學名加命名者階層重複,https://vvtaxatree.tbn.org.tw/taxa/181a8d6f-f658-430f-b944-7e76c3caddd9
3c3e7aba-5c02-43b1-b5cf-cf8b8de7db0a,species,Animalia,t0096280,"",Malthinus vixlimbatus,Malthinus vixlimbatus,相同Kingdom學名加命名者階層重複,https://vvtaxatree.tbn.org.tw/taxa/3c3e7aba-5c02-43b1-b5cf-cf8b8de7db0a
296b2148-c924-4147-bff3-f2b497a8109c,species,Animalia,t0096281,"",Malthinus yangmingensis,Malthinus yangmingensis,相同Kingdom學名加命名者階層重複,https://vvtaxatree.tbn.org.tw/taxa/296b2148-c924-4147-bff3-f2b497a8109c
857513dd-6691-4868-a610-c6f7d5c70179,species,Animalia,t0096282,"",Malthodes brancuccii,Malthodes brancuccii,相同Kingdom學名加命名者階層重複,https://vvtaxatree.tbn.org.tw/taxa/857513dd-6691-4868-a610-c6f7d5c70179
cda738d0-5296-44c3-bb7a-bed4b55c42b7,species,Animalia,t0096283,"",Malthodes fenchihuensis,Malthodes fenchihuensis,相同Kingdom學名加命名者階層重複,https://vvtaxatree.tbn.org.tw/taxa/cda738d0-5296-44c3-bb7a-bed4b55c42b7
3bc8b88a-1df2-4b81-b697-6ac24d244ee1,species,Animalia,t0096284,"",Malthodes makiharai,Malthodes makiharai,相同Kingdom學名加命名者階層重複,https://vvtaxatree.tbn.org.tw/taxa/3bc8b88a-1df2-4b81-b697-6ac24d244ee1
265e326f-94a1-4728-aec2-9528e2f10352,species,Animalia,t0096285,"",Malthodes niitakaensis,Malthodes niitakaensis,相同Kingdom學名加命名者階層重複,https://vvtaxatree.tbn.org.tw/taxa/265e326f-94a1-4728-aec2-9528e2f10352
be2d146b-834e-420c-b068-9edec116f711,species,Animalia,t0096286,"",Malthodes taiwanus,Malthodes taiwanus,相同Kingdom學名加命名者階層重複,https://vvtaxatree.tbn.org.tw/taxa/be2d146b-834e-420c-b068-9edec116f711
114b9087-36ef-4369-b3c7-526e3f07f443,species,Animalia,t0096350,"",Menimus formosanus,Menimus formosanus,相同Kingdom學名加命名者階層重複,https://vvtaxatree.tbn.org.tw/taxa/114b9087-36ef-4369-b3c7-526e3f07f443
96ad7c46-2c8d-4e73-9165-9ed4503ac184,species,Animalia,t0096370,"",Metopius baibarensis,Metopius baibarensis,相同Kingdom學名加命名者階層重複,https://vvtaxatree.tbn.org.tw/taxa/96ad7c46-2c8d-4e73-9165-9ed4503ac184
c25180bc-e69c-43e3-8831-74bf4e02fb66,species,Animalia,t0096380,"",Micrencaustes taiwana,Micrencaustes taiwana,相同Kingdom學名加命名者階層重複,https://vvtaxatree.tbn.org.tw/taxa/c25180bc-e69c-43e3-8831-74bf4e02fb66
2dae1912-e575-4ea6-beb3-499be48749af,species,Animalia,t0096385,"",Microdon stilboides,Microdon stilboides,相同Kingdom學名加命名者階層重複,https://vvtaxatree.tbn.org.tw/taxa/2dae1912-e575-4ea6-beb3-499be48749af
44d129f2-0c34-452e-ab8e-711acb0e8572,species,Animalia,t0096428,"",Molophilus alcocostalis,Molophilus alcocostalis,相同Kingdom學名加命名者階層重複,https://vvtaxatree.tbn.org.tw/taxa/44d129f2-0c34-452e-ab8e-711acb0e8572
93d14279-6dd7-4a07-abe0-fed2fb3e96a0,species,Animalia,t0096429,"",Molophilus aricola,Molophilus aricola,相同Kingdom學名加命名者階層重複,https://vvtaxatree.tbn.org.tw/taxa/93d14279-6dd7-4a07-abe0-fed2fb3e96a0
2b965056-1533-4ca0-8c3b-39e14a09b2c7,species,Animalia,t0096430,"",Molophilus arisanus,Molophilus arisanus,相同Kingdom學名加命名者階層重複,https://vvtaxatree.tbn.org.tw/taxa/2b965056-1533-4ca0-8c3b-39e14a09b2c7
1b348f34-4eb1-4d5a-806b-19fe686ee636,species,Animalia,t0096431,"",Molophilus editus,Molophilus editus,相同Kingdom學名加命名者階層重複,https://vvtaxatree.tbn.org.tw/taxa/1b348f34-4eb1-4d5a-806b-19fe686ee636
e53192d4-484e-42d5-8326-14603a36c1fd,species,Animalia,t0096432,"",Molophilus ephippiger,Molophilus ephippiger,相同Kingdom學名加命名者階層重複,https://vvtaxatree.tbn.org.tw/taxa/e53192d4-484e-42d5-8326-14603a36c1fd
cf9d7b66-b5bf-4aef-8020-7e1d3ac3c561,species,Animalia,t0096433,"",Molophilus hoplostylus,Molophilus hoplostylus,相同Kingdom學名加命名者階層重複,https://vvtaxatree.tbn.org.tw/taxa/cf9d7b66-b5bf-4aef-8020-7e1d3ac3c561
b3679253-5e63-44b1-8062-277b4fe8c822,species,Animalia,t0096434,"",Molophilus issikii,Molophilus issikii,相同Kingdom學名加命名者階層重複,https://vvtaxatree.tbn.org.tw/taxa/b3679253-5e63-44b1-8062-277b4fe8c822
b08a085a-801f-487c-a1a5-e188ec0abf32,species,Animalia,t0096435,"",Molophilus nifritus,Molophilus nifritus,相同Kingdom學名加命名者階層重複,https://vvtaxatree.tbn.org.tw/taxa/b08a085a-801f-487c-a1a5-e188ec0abf32
6d80f98b-3e65-48c0-9dbb-f7112e0dcf94,species,Animalia,t0096436,"",Molophilus nigripes,Molophilus nigripes,相同Kingdom學名加命名者階層重複,https://vvtaxatree.tbn.org.tw/taxa/6d80f98b-3e65-48c0-9dbb-f7112e0dcf94
9bba6f3b-f3ec-448f-a0c9-671612af1c0b,species,Animalia,t0096437,"",Molophilus nigritarsis,Molophilus nigritarsis,相同Kingdom學名加命名者階層重複,https://vvtaxatree.tbn.org.tw/taxa/9bba6f3b-f3ec-448f-a0c9-671612af1c0b
7d4f6889-872e-4f81-b0ec-f1b57be48f87,species,Animalia,t0096438,"",Molophilus nokonis,Molophilus nokonis,相同Kingdom學名加命名者階層重複,https://vvtaxatree.tbn.org.tw/taxa/7d4f6889-872e-4f81-b0ec-f1b57be48f87
a6418b65-0139-48be-9412-7126832c1bd9,species,Animalia,t0096439,"",Molophilus pallidibasis,Molophilus pallidibasis,相同Kingdom學名加命名者階層重複,https://vvtaxatree.tbn.org.tw/taxa/a6418b65-0139-48be-9412-7126832c1bd9
7d42e4d7-d058-4a1c-90bb-e303deef7b81,species,Animalia,t0096440,"",Molophilus spinosissimus,Molophilus spinosissimus,相同Kingdom學名加命名者階層重複,https://vvtaxatree.tbn.org.tw/taxa/7d42e4d7-d058-4a1c-90bb-e303deef7b81
bd6d88af-0ca0-4e1c-a2a7-c04e9415425c,species,Animalia,t0096441,"",Molophilus alticola,Molophilus alticola,相同Kingdom學名加命名者階層重複,https://vvtaxatree.tbn.org.tw/taxa/bd6d88af-0ca0-4e1c-a2a7-c04e9415425c
3a9b7af0-b752-40d8-a925-e027148d4f87,species,Animalia,t0096445,"",Mongoloraphidia caelebs,Mongoloraphidia caelebs,相同Kingdom學名加命名者階層重複,https://vvtaxatree.tbn.org.tw/taxa/3a9b7af0-b752-40d8-a925-e027148d4f87
bb75d11c-6ecf-4edc-a90d-faab67e9138c,species,Animalia,t0096446,"",Mongoloraphidia taiwanica,Mongoloraphidia taiwanica,相同Kingdom學名加命名者階層重複,https://vvtaxatree.tbn.org.tw/taxa/bb75d11c-6ecf-4edc-a90d-faab67e9138c
6c88f6c9-88dd-42b4-a36d-353602d857ec,species,Animalia,t0096462,"",Musca conducens,Musca conducens,相同Kingdom學名加命名者階層重複,https://vvtaxatree.tbn.org.tw/taxa/6c88f6c9-88dd-42b4-a36d-353602d857ec
779b421b-c0fd-4634-ac00-af8ded4b0906,species,Animalia,t0096463,"",Musca sorbens,Musca sorbens,相同Kingdom學名加命名者階層重複,https://vvtaxatree.tbn.org.tw/taxa/779b421b-c0fd-4634-ac00-af8ded4b0906
803a9ab9-0af1-4a8e-b891-da08dce47231,species,Animalia,t0096464,"",Musca ventrosa,Musca ventrosa,相同Kingdom學名加命名者階層重複,https://vvtaxatree.tbn.org.tw/taxa/803a9ab9-0af1-4a8e-b891-da08dce47231
31f24f61-cdd7-4874-9710-051f784d6662,species,Animalia,t0096465,"",Musca domestica,Musca domestica,相同Kingdom學名加命名者階層重複,https://vvtaxatree.tbn.org.tw/taxa/31f24f61-cdd7-4874-9710-051f784d6662
623022f8-8200-4304-a5fe-294a073793ff,species,Animalia,t0096466,"",Musca crassirostris,Musca crassirostris,相同Kingdom學名加命名者階層重複,https://vvtaxatree.tbn.org.tw/taxa/623022f8-8200-4304-a5fe-294a073793ff
1f79f87a-045b-413b-bfb0-e5dcee3a4d79,species,Animalia,t0096467,"",Musca inferior,Musca inferior,相同Kingdom學名加命名者階層重複,https://vvtaxatree.tbn.org.tw/taxa/1f79f87a-045b-413b-bfb0-e5dcee3a4d79
2876a67c-50d1-4836-8bff-c2cdc7be4ead,species,Animalia,t0096494,"",Mythimna hirashimai,Mythimna hirashimai,相同Kingdom學名加命名者階層重複,https://vvtaxatree.tbn.org.tw/taxa/2876a67c-50d1-4836-8bff-c2cdc7be4ead
dc1d72f1-71a8-4311-b8b7-9d3436e85f89,species,Animalia,t0096495,"",Mythimna lucida,Mythimna lucida,相同Kingdom學名加命名者階層重複,https://vvtaxatree.tbn.org.tw/taxa/dc1d72f1-71a8-4311-b8b7-9d3436e85f89
659d0d7b-98a0-4c4d-b4aa-1c2cfd0afc42,species,Animalia,t0096496,"",Mythimna rushanensis,Mythimna rushanensis,相同Kingdom學名加命名者階層重複,https://vvtaxatree.tbn.org.tw/taxa/659d0d7b-98a0-4c4d-b4aa-1c2cfd0afc42
6e8b6262-5aac-4f05-95bc-720582540dfc,species,Animalia,t0096497,"",Mythimna wulinensis,Mythimna wulinensis,相同Kingdom學名加命名者階層重複,https://vvtaxatree.tbn.org.tw/taxa/6e8b6262-5aac-4f05-95bc-720582540dfc
305b3f36-eeb6-4f38-a32c-e4846552878b,species,Animalia,t0096538,"",Triaspis imitatus,Triaspis imitatus,相同Kingdom學名加命名者階層重複,https://vvtaxatree.tbn.org.tw/taxa/305b3f36-eeb6-4f38-a32c-e4846552878b
3e1add96-13db-4181-957b-24c71702d60a,species,Animalia,t0096562,"",Trioza neolitsae,Trioza neolitsae,相同Kingdom學名加命名者階層重複,https://vvtaxatree.tbn.org.tw/taxa/3e1add96-13db-4181-957b-24c71702d60a
8e289fd7-d3da-4b0c-97e1-d8c5c436f7a3,species,Animalia,t0096571,"",Trochocyathus rhombocolumna,Trochocyathus rhombocolumna,相同Kingdom學名加命名者階層重複,https://vvtaxatree.tbn.org.tw/taxa/8e289fd7-d3da-4b0c-97e1-d8c5c436f7a3
7213654a-5eda-40fc-91c9-f5151e350a5d,species,Animalia,t0096613,"",Ula flavidibasis,Ula flavidibasis,相同Kingdom學名加命名者階層重複,https://vvtaxatree.tbn.org.tw/taxa/7213654a-5eda-40fc-91c9-f5151e350a5d
3e148e87-20df-4d04-bf12-3cb08212b53a,species,Animalia,t0096614,"",Ula fuscistigma,Ula fuscistigma,相同Kingdom學名加命名者階層重複,https://vvtaxatree.tbn.org.tw/taxa/3e148e87-20df-4d04-bf12-3cb08212b53a
03970013-1866-49d2-9c9e-4d3d4e76f29f,species,Animalia,t0096615,"",Ula superelegans,Ula superelegans,相同Kingdom學名加命名者階層重複,https://vvtaxatree.tbn.org.tw/taxa/03970013-1866-49d2-9c9e-4d3d4e76f29f
e697a88f-b28a-49ec-aed4-04be9ea756d5,species,Animalia,t0096621,"",Uranotaenia novobscura,Uranotaenia novobscura,相同Kingdom學名加命名者階層重複,https://vvtaxatree.tbn.org.tw/taxa/e697a88f-b28a-49ec-aed4-04be9ea756d5
aaad8fdc-1a2b-4007-af22-7a6178d2e07f,species,Animalia,t0096622,"",Uranotaenia annandalei,Uranotaenia annandalei,相同Kingdom學名加命名者階層重複,https://vvtaxatree.tbn.org.tw/taxa/aaad8fdc-1a2b-4007-af22-7a6178d2e07f
cb3b2d4e-35bc-4b4d-9845-61c4015e509b,species,Animalia,t0096623,"",Uranotaenia hebes,Uranotaenia hebes,相同Kingdom學名加命名者階層重複,https://vvtaxatree.tbn.org.tw/taxa/cb3b2d4e-35bc-4b4d-9845-61c4015e509b
0e1703fb-d7de-4c3f-abc5-6690c29b88c3,species,Animalia,t0096679,"",Xenokeroplatus gozmanyi,Xenokeroplatus gozmanyi,相同Kingdom學名加命名者階層重複,https://vvtaxatree.tbn.org.tw/taxa/0e1703fb-d7de-4c3f-abc5-6690c29b88c3
64a1d72f-df57-40ff-a5e7-6fd8db94ea09,species,Animalia,t0096734,"",Zoraida nitobii,Zoraida nitobii,相同Kingdom學名加命名者階層重複,https://vvtaxatree.tbn.org.tw/taxa/64a1d72f-df57-40ff-a5e7-6fd8db94ea09
23eb5d71-27af-41ba-95e2-c738577f9014,species,Animalia,t0096765,"",Dolichopeza issikiella,Dolichopeza issikiella,相同Kingdom學名加命名者階層重複,https://vvtaxatree.tbn.org.tw/taxa/23eb5d71-27af-41ba-95e2-c738577f9014
28a4f60e-3df5-410d-b227-92dcbb2a879c,species,Animalia,t0096766,"",Dolichopeza taiwanicola,Dolichopeza taiwanicola,相同Kingdom學名加命名者階層重複,https://vvtaxatree.tbn.org.tw/taxa/28a4f60e-3df5-410d-b227-92dcbb2a879c
28b51ef1-b349-41d0-b1eb-e89aba18c0fe,species,Animalia,t0096767,"",Dolichopeza lugubrivestis,Dolichopeza lugubrivestis,相同Kingdom學名加命名者階層重複,https://vvtaxatree.tbn.org.tw/taxa/28b51ef1-b349-41d0-b1eb-e89aba18c0fe
9bb99ea8-3973-46ce-b33c-9d5640f2fa68,species,Animalia,t0096768,"",Dolichopeza profundemarginata,Dolichopeza profundemarginata,相同Kingdom學名加命名者階層重複,https://vvtaxatree.tbn.org.tw/taxa/9bb99ea8-3973-46ce-b33c-9d5640f2fa68
dc7549e9-32c8-453c-ab69-52b032477c03,species,Animalia,t0096769,"",Dolichopeza subalbitibia,Dolichopeza subalbitibia,相同Kingdom學名加命名者階層重複,https://vvtaxatree.tbn.org.tw/taxa/dc7549e9-32c8-453c-ab69-52b032477c03
9c4929ef-589c-4c38-82bd-5bfbc7da3f8e,species,Animalia,t0096770,"",Dolichopeza tuberculifera,Dolichopeza tuberculifera,相同Kingdom學名加命名者階層重複,https://vvtaxatree.tbn.org.tw/taxa/9c4929ef-589c-4c38-82bd-5bfbc7da3f8e
cf3d089f-61bd-47a1-833c-ee82f087a7bc,species,Animalia,t0096791,"",Drosophila repleta,Drosophila repleta,相同Kingdom學名加命名者階層重複,https://vvtaxatree.tbn.org.tw/taxa/cf3d089f-61bd-47a1-833c-ee82f087a7bc
911aeed1-2b46-4294-a224-4b9c9639eece,species,Animalia,t0096792,"",Drosophila ananassae,Drosophila ananassae,相同Kingdom學名加命名者階層重複,https://vvtaxatree.tbn.org.tw/taxa/911aeed1-2b46-4294-a224-4b9c9639eece
227cb897-3120-4f0d-9ec6-f0026d42c4de,species,Animalia,t0096796,"",Drosophila parabipectinata,Drosophila parabipectinata,相同Kingdom學名加命名者階層重複,https://vvtaxatree.tbn.org.tw/taxa/227cb897-3120-4f0d-9ec6-f0026d42c4de
f52b9380-df15-409a-a661-19569764335d,species,Animalia,t0096797,"",Drosophila quadraria,Drosophila quadraria,相同Kingdom學名加命名者階層重複,https://vvtaxatree.tbn.org.tw/taxa/f52b9380-df15-409a-a661-19569764335d
49d2628e-a222-47e2-9ca5-1c94e97c0bde,species,Animalia,t0096798,"",Drosophila trilutea,Drosophila trilutea,相同Kingdom學名加命名者階層重複,https://vvtaxatree.tbn.org.tw/taxa/49d2628e-a222-47e2-9ca5-1c94e97c0bde
ab7fc4dc-2e05-43f9-ab7b-ed5b95236389,species,Animalia,t0096805,"",Dysdercus fuscomaculatus,Dysdercus fuscomaculatus,相同Kingdom學名加命名者階層重複,https://vvtaxatree.tbn.org.tw/taxa/ab7fc4dc-2e05-43f9-ab7b-ed5b95236389
9224999f-9814-4057-8242-3e8b957ae1e4,species,Animalia,t0096819,"",Ectemnius alishanus,Ectemnius alishanus,相同Kingdom學名加命名者階層重複,https://vvtaxatree.tbn.org.tw/taxa/9224999f-9814-4057-8242-3e8b957ae1e4
2a3430d4-80c8-4d76-9345-f00812a47317,species,Animalia,t0096834,"",Elachiptera umbrosa,Elachiptera umbrosa,相同Kingdom學名加命名者階層重複,https://vvtaxatree.tbn.org.tw/taxa/2a3430d4-80c8-4d76-9345-f00812a47317
61d71cad-ac4c-4021-a446-7dd0b127cdf1,species,Animalia,t0096899,"",Epiphragma divisum,Epiphragma divisum,相同Kingdom學名加命名者階層重複,https://vvtaxatree.tbn.org.tw/taxa/61d71cad-ac4c-4021-a446-7dd0b127cdf1
dfb7ad56-f81b-4bbc-a533-9785bd335427,species,Animalia,t0096900,"",Epiphragma nymphicum,Epiphragma nymphicum,相同Kingdom學名加命名者階層重複,https://vvtaxatree.tbn.org.tw/taxa/dfb7ad56-f81b-4bbc-a533-9785bd335427
515b02b8-efcf-408d-8693-6e7f7f44ff0a,species,Animalia,t0096917,"",Epuraea concolor,Epuraea concolor,相同Kingdom學名加命名者階層重複,https://vvtaxatree.tbn.org.tw/taxa/515b02b8-efcf-408d-8693-6e7f7f44ff0a
0edb9f90-9bd2-4b30-ab61-36b3a1e51a6a,species,Animalia,t0096927,"",Erioptera ensifera,Erioptera ensifera,相同Kingdom學名加命名者階層重複,https://vvtaxatree.tbn.org.tw/taxa/0edb9f90-9bd2-4b30-ab61-36b3a1e51a6a
03d970ca-4a14-465e-a5a1-8da6a833438f,species,Animalia,t0096928,"",Erioptera luliana,Erioptera luliana,相同Kingdom學名加命名者階層重複,https://vvtaxatree.tbn.org.tw/taxa/03d970ca-4a14-465e-a5a1-8da6a833438f
19e09d20-e6d8-4d65-814f-9c22940c0fc3,species,Animalia,t0096929,"",Erioptera tenuisentis,Erioptera tenuisentis,相同Kingdom學名加命名者階層重複,https://vvtaxatree.tbn.org.tw/taxa/19e09d20-e6d8-4d65-814f-9c22940c0fc3
90f36d6b-bb1a-413b-aa5c-e4505c6d6181,species,Animalia,t0096930,"",Erioptera subsessillis,Erioptera subsessillis,相同Kingdom學名加命名者階層重複,https://vvtaxatree.tbn.org.tw/taxa/90f36d6b-bb1a-413b-aa5c-e4505c6d6181
51a87883-410d-409e-bcb9-7ac92c27bbfc,species,Animalia,t0097044,"",Farrania orbus,Farrania orbus,相同Kingdom學名加命名者階層重複,https://vvtaxatree.tbn.org.tw/taxa/51a87883-410d-409e-bcb9-7ac92c27bbfc
cffe2a57-c58a-4f43-9331-f83209a2d0d0,species,Animalia,t0097052,"",Flabellum lamellulosum,Flabellum lamellulosum,相同Kingdom學名加命名者階層重複,https://vvtaxatree.tbn.org.tw/taxa/cffe2a57-c58a-4f43-9331-f83209a2d0d0
182bc260-2818-4749-a44e-747c9a8a3cef,species,Animalia,t0097053,"",Flabellum japonicum,Flabellum japonicum,相同Kingdom學名加命名者階層重複,https://vvtaxatree.tbn.org.tw/taxa/182bc260-2818-4749-a44e-747c9a8a3cef
321b49a2-459e-4590-a612-144535ebb099,species,Animalia,t0097056,"",Forcipomyia tokunagai,Forcipomyia tokunagai,相同Kingdom學名加命名者階層重複,https://vvtaxatree.tbn.org.tw/taxa/321b49a2-459e-4590-a612-144535ebb099
4aa8fad0-d783-454c-b69f-1032b92111d8,species,Animalia,t0097134,"",Gnophomyia curticellula,Gnophomyia curticellula,相同Kingdom學名加命名者階層重複,https://vvtaxatree.tbn.org.tw/taxa/4aa8fad0-d783-454c-b69f-1032b92111d8
fbbd97d1-f20e-4395-ac1b-1bc8d0bce209,species,Animalia,t0097135,"",Gnophomyia pruinosa,Gnophomyia pruinosa,相同Kingdom學名加命名者階層重複,https://vvtaxatree.tbn.org.tw/taxa/fbbd97d1-f20e-4395-ac1b-1bc8d0bce209
8bebe6c2-e2a6-4816-af53-a02ce5c47c26,species,Animalia,t0097136,"",Gnophomyia gressitti,Gnophomyia gressitti,相同Kingdom學名加命名者階層重複,https://vvtaxatree.tbn.org.tw/taxa/8bebe6c2-e2a6-4816-af53-a02ce5c47c26
4f49544e-3711-4051-9b01-879178c0a276,species,Animalia,t0097137,"",Gnophomyia neonebulosa,Gnophomyia neonebulosa,相同Kingdom學名加命名者階層重複,https://vvtaxatree.tbn.org.tw/taxa/4f49544e-3711-4051-9b01-879178c0a276
0838afd3-84b8-48b6-88f2-80b976fa7641,species,Animalia,t0097138,"",Gnophomyia praedita,Gnophomyia praedita,相同Kingdom學名加命名者階層重複,https://vvtaxatree.tbn.org.tw/taxa/0838afd3-84b8-48b6-88f2-80b976fa7641
5b0362d2-7756-4804-a5da-8d9c039e58d1,species,Animalia,t0097139,"",Gnophomyia sauteri,Gnophomyia sauteri,相同Kingdom學名加命名者階層重複,https://vvtaxatree.tbn.org.tw/taxa/5b0362d2-7756-4804-a5da-8d9c039e58d1
ae757274-9590-40df-9ebb-b52706511c5f,species,Animalia,t0097140,"",Gnophomyia sinuosa,Gnophomyia sinuosa,相同Kingdom學名加命名者階層重複,https://vvtaxatree.tbn.org.tw/taxa/ae757274-9590-40df-9ebb-b52706511c5f
6e8838e9-aa79-4255-a177-1aa1d7325e2d,species,Animalia,t0097141,"",Gnophomyia clitelata,Gnophomyia clitelata,相同Kingdom學名加命名者階層重複,https://vvtaxatree.tbn.org.tw/taxa/6e8838e9-aa79-4255-a177-1aa1d7325e2d
4681cfdb-cf4d-46f0-aa80-24621bd1f8ef,species,Animalia,t0097142,"",Gnophomyia scutellumalbum,Gnophomyia scutellumalbum,相同Kingdom學名加命名者階層重複,https://vvtaxatree.tbn.org.tw/taxa/4681cfdb-cf4d-46f0-aa80-24621bd1f8ef
1b057476-172e-4cad-b69c-2ea35e43a14e,species,Animalia,t0097143,"",Gnophomyia ptilostenoides,Gnophomyia ptilostenoides,相同Kingdom學名加命名者階層重複,https://vvtaxatree.tbn.org.tw/taxa/1b057476-172e-4cad-b69c-2ea35e43a14e
2af44ab5-058d-4922-8f5f-328af4709e6e,species,Animalia,t0097162,"",Gonioctena scutellaris,Gonioctena scutellaris,相同Kingdom學名加命名者階層重複,https://vvtaxatree.tbn.org.tw/taxa/2af44ab5-058d-4922-8f5f-328af4709e6e
5d4694bd-3ad0-42eb-969b-81d53257720f,species,Animalia,t0097163,"",Gonioctena nigroplagiata,Gonioctena nigroplagiata,相同Kingdom學名加命名者階層重複,https://vvtaxatree.tbn.org.tw/taxa/5d4694bd-3ad0-42eb-969b-81d53257720f
457a22a2-b988-43c5-9401-c3b430095aea,species,Animalia,t0097165,"",Gonioctena nigroplagiata,Gonioctena nigroplagiata,相同Kingdom學名加命名者階層重複,https://vvtaxatree.tbn.org.tw/taxa/457a22a2-b988-43c5-9401-c3b430095aea
3bde6e24-8b59-4d57-bed6-71f232904991,species,Animalia,t0097182,"",Greenidea viticola,Greenidea viticola,相同Kingdom學名加命名者階層重複,https://vvtaxatree.tbn.org.tw/taxa/3bde6e24-8b59-4d57-bed6-71f232904991
719bb01c-78e1-4687-b48c-e2f0b7833465,species,Animalia,t0097183,"",Greenidea mushana,Greenidea mushana,相同Kingdom學名加命名者階層重複,https://vvtaxatree.tbn.org.tw/taxa/719bb01c-78e1-4687-b48c-e2f0b7833465
61805d3f-c678-48ba-b94c-1749d684372e,species,Animalia,t0097184,"",Greenidea myricae,Greenidea myricae,相同Kingdom學名加命名者階層重複,https://vvtaxatree.tbn.org.tw/taxa/61805d3f-c678-48ba-b94c-1749d684372e
1d30904c-763d-4d8f-a248-8e6edabdef3e,species,Animalia,t0097212,"",Harpalus capito,Harpalus capito,相同Kingdom學名加命名者階層重複,https://vvtaxatree.tbn.org.tw/taxa/1d30904c-763d-4d8f-a248-8e6edabdef3e
d628033e-8b91-4e5c-b3d9-21b56ce814f1,species,Animalia,t0097213,"",Harpalus roninus,Harpalus roninus,相同Kingdom學名加命名者階層重複,https://vvtaxatree.tbn.org.tw/taxa/d628033e-8b91-4e5c-b3d9-21b56ce814f1
c4b29d1f-7805-409b-9eaa-857d1e912e23,species,Animalia,t0097228,"",Helius perelegans,Helius perelegans,相同Kingdom學名加命名者階層重複,https://vvtaxatree.tbn.org.tw/taxa/c4b29d1f-7805-409b-9eaa-857d1e912e23
c1350cf5-16e3-4403-91ba-84bda99a181c,species,Animalia,t0097229,"",Helius attenuatus,Helius attenuatus,相同Kingdom學名加命名者階層重複,https://vvtaxatree.tbn.org.tw/taxa/c1350cf5-16e3-4403-91ba-84bda99a181c
1cdc2cf1-d09c-492b-bbc7-76339acdbf82,species,Animalia,t0097230,"",Helius chikuriensis,Helius chikuriensis,相同Kingdom學名加命名者階層重複,https://vvtaxatree.tbn.org.tw/taxa/1cdc2cf1-d09c-492b-bbc7-76339acdbf82
307e816c-5ae3-46a2-b1e8-6459df9d940c,species,Animalia,t0097231,"",Helius liliputanus,Helius liliputanus,相同Kingdom學名加命名者階層重複,https://vvtaxatree.tbn.org.tw/taxa/307e816c-5ae3-46a2-b1e8-6459df9d940c
a0ce9da8-f681-417f-bc03-32a34f71abfa,species,Animalia,t0097232,"",Helius minusculus,Helius minusculus,相同Kingdom學名加命名者階層重複,https://vvtaxatree.tbn.org.tw/taxa/a0ce9da8-f681-417f-bc03-32a34f71abfa
bdb9d2b5-f576-46e5-bf3d-3ed652ae819f,species,Animalia,t0097233,"",Helius rufithorax,Helius rufithorax,相同Kingdom學名加命名者階層重複,https://vvtaxatree.tbn.org.tw/taxa/bdb9d2b5-f576-46e5-bf3d-3ed652ae819f
8ee1cd82-9718-4712-8ecb-5c44caf921b6,species,Animalia,t0097234,"",Helius subfasciatus,Helius subfasciatus,相同Kingdom學名加命名者階層重複,https://vvtaxatree.tbn.org.tw/taxa/8ee1cd82-9718-4712-8ecb-5c44caf921b6
bcbe610e-88cd-4bb6-8237-ccd41e4cebd4,species,Animalia,t0097235,"",Helius tenuistylus,Helius tenuistylus,相同Kingdom學名加命名者階層重複,https://vvtaxatree.tbn.org.tw/taxa/bcbe610e-88cd-4bb6-8237-ccd41e4cebd4
1139c681-a454-45ff-bd2f-35f4773cc8eb,species,Animalia,t0097287,"",Homoeocerus striicornis,Homoeocerus striicornis,相同Kingdom學名加命名者階層重複,https://vvtaxatree.tbn.org.tw/taxa/1139c681-a454-45ff-bd2f-35f4773cc8eb
afe42093-4969-4673-ac69-67f82303fe3a,species,Animalia,t0097288,"",Homolobus undulatus,Homolobus undulatus,相同Kingdom學名加命名者階層重複,https://vvtaxatree.tbn.org.tw/taxa/afe42093-4969-4673-ac69-67f82303fe3a
c08599aa-4501-4775-ad4d-c5e91fff5f95,species,Animalia,t0097324,"",Hygia pedestris,Hygia pedestris,相同Kingdom學名加命名者階層重複,https://vvtaxatree.tbn.org.tw/taxa/c08599aa-4501-4775-ad4d-c5e91fff5f95
fcdd3f1d-30ea-4c90-8eef-20619b009bd2,species,Animalia,t0097350,"",Hypselothyrea formosana,Hypselothyrea formosana,相同Kingdom學名加命名者階層重複,https://vvtaxatree.tbn.org.tw/taxa/fcdd3f1d-30ea-4c90-8eef-20619b009bd2
ef56ce89-c9a7-4947-8855-c21a7e1649ce,species,Animalia,t0097397,"",Brachypeplus latus,Brachypeplus latus,相同Kingdom學名加命名者階層重複,https://vvtaxatree.tbn.org.tw/taxa/ef56ce89-c9a7-4947-8855-c21a7e1649ce
75eabfbc-0170-4afb-b982-12befff9d37e,species,Animalia,t0097398,"",Brachypeplus apicalis,Brachypeplus apicalis,相同Kingdom學名加命名者階層重複,https://vvtaxatree.tbn.org.tw/taxa/75eabfbc-0170-4afb-b982-12befff9d37e
2f1fb575-b9d3-4f74-bfcf-58d2b221f579,species,Animalia,t0097406,"",Bryocoris gracilis,Bryocoris gracilis,相同Kingdom學名加命名者階層重複,https://vvtaxatree.tbn.org.tw/taxa/2f1fb575-b9d3-4f74-bfcf-58d2b221f579
d0ad9ae4-533c-4300-a230-808bc317699c,species,Animalia,t0097479,"",Campsomeris ilanensis,Campsomeris ilanensis,相同Kingdom學名加命名者階層重複,https://vvtaxatree.tbn.org.tw/taxa/d0ad9ae4-533c-4300-a230-808bc317699c
f2357e9a-6be0-4b17-af14-707c4de30a22,species,Animalia,t0097480,"",Campsomeris binghami,Campsomeris binghami,相同Kingdom學名加命名者階層重複,https://vvtaxatree.tbn.org.tw/taxa/f2357e9a-6be0-4b17-af14-707c4de30a22
f16454f1-f3c2-406a-9ddd-d4081f7da48c,species,Animalia,t0097481,"",Campsomeris formosensis,Campsomeris formosensis,相同Kingdom學名加命名者階層重複,https://vvtaxatree.tbn.org.tw/taxa/f16454f1-f3c2-406a-9ddd-d4081f7da48c
69489f77-8475-44b3-8e72-75311dca1dab,species,Animalia,t0097482,"",Campsomeris taiwana,Campsomeris taiwana,相同Kingdom學名加命名者階層重複,https://vvtaxatree.tbn.org.tw/taxa/69489f77-8475-44b3-8e72-75311dca1dab
af26da7a-cdac-4c6b-b918-1dd87327533f,species,Animalia,t0097483,"",Campsomeris uchidai,Campsomeris uchidai,相同Kingdom學名加命名者階層重複,https://vvtaxatree.tbn.org.tw/taxa/af26da7a-cdac-4c6b-b918-1dd87327533f
7d4d63df-d2e8-4f27-bca5-39e75f2de2b8,species,Animalia,t0097503,"",Carcelia caudata,Carcelia caudata,相同Kingdom學名加命名者階層重複,https://vvtaxatree.tbn.org.tw/taxa/7d4d63df-d2e8-4f27-bca5-39e75f2de2b8
3e73f2de-8d42-4907-aefc-90a76b959b61,species,Animalia,t0097504,"",Carcelia frontalis,Carcelia frontalis,相同Kingdom學名加命名者階層重複,https://vvtaxatree.tbn.org.tw/taxa/3e73f2de-8d42-4907-aefc-90a76b959b61
6bc76bd1-0983-4775-9f34-d0470e224af0,species,Animalia,t0097505,"",Carcelia rasoides,Carcelia rasoides,相同Kingdom學名加命名者階層重複,https://vvtaxatree.tbn.org.tw/taxa/6bc76bd1-0983-4775-9f34-d0470e224af0
c490e4a9-8290-4a76-afce-adf581047275,species,Animalia,t0097506,"",Carcelia rutilloides,Carcelia rutilloides,相同Kingdom學名加命名者階層重複,https://vvtaxatree.tbn.org.tw/taxa/c490e4a9-8290-4a76-afce-adf581047275
5d2d5b91-2a46-4b72-9afe-1f9c081a245f,species,Animalia,t0097507,"",Carcelia setosella,Carcelia setosella,相同Kingdom學名加命名者階層重複,https://vvtaxatree.tbn.org.tw/taxa/5d2d5b91-2a46-4b72-9afe-1f9c081a245f
eea1862d-07d2-4cee-89e4-f90ea5e7c580,species,Animalia,t0097508,"",Carcelia sexta,Carcelia sexta,相同Kingdom學名加命名者階層重複,https://vvtaxatree.tbn.org.tw/taxa/eea1862d-07d2-4cee-89e4-f90ea5e7c580
30f0b74d-96d0-46df-9fcf-81f4af08b4af,species,Animalia,t0097509,"",Carcelia aberrans,Carcelia aberrans,相同Kingdom學名加命名者階層重複,https://vvtaxatree.tbn.org.tw/taxa/30f0b74d-96d0-46df-9fcf-81f4af08b4af
57388604-75ad-4ddc-a549-975c48d6db9a,species,Animalia,t0097510,"",Carcelia hirsuta,Carcelia hirsuta,相同Kingdom學名加命名者階層重複,https://vvtaxatree.tbn.org.tw/taxa/57388604-75ad-4ddc-a549-975c48d6db9a
07b34f4b-59ee-4be8-86b7-5e24a7bb9107,species,Animalia,t0097511,"",Carcelia pilosella,Carcelia pilosella,相同Kingdom學名加命名者階層重複,https://vvtaxatree.tbn.org.tw/taxa/07b34f4b-59ee-4be8-86b7-5e24a7bb9107
e88e73b3-1bf7-4006-9ea0-12df87c43daf,species,Animalia,t0097512,"",Carcelia septima,Carcelia septima,相同Kingdom學名加命名者階層重複,https://vvtaxatree.tbn.org.tw/taxa/e88e73b3-1bf7-4006-9ea0-12df87c43daf
caa37f7e-fbe7-4872-8a55-dd9e6b9f47c2,species,Animalia,t0097523,"",Carpophilus chalybaeus,Carpophilus chalybaeus,相同Kingdom學名加命名者階層重複,https://vvtaxatree.tbn.org.tw/taxa/caa37f7e-fbe7-4872-8a55-dd9e6b9f47c2
3de3735f-39ff-48e0-a0a3-93a5c8965aa6,species,Animalia,t0097524,"",Carpophilus marginellus,Carpophilus marginellus,相同Kingdom學名加命名者階層重複,https://vvtaxatree.tbn.org.tw/taxa/3de3735f-39ff-48e0-a0a3-93a5c8965aa6
b5d5405d-8018-4778-81c1-51422f5ddbff,species,Animalia,t0097525,"",Carpophilus funereus,Carpophilus funereus,相同Kingdom學名加命名者階層重複,https://vvtaxatree.tbn.org.tw/taxa/b5d5405d-8018-4778-81c1-51422f5ddbff
532a0b66-58e8-4c13-9607-9988a225a508,species,Animalia,t0097526,"",Carpophilus triton,Carpophilus triton,相同Kingdom學名加命名者階層重複,https://vvtaxatree.tbn.org.tw/taxa/532a0b66-58e8-4c13-9607-9988a225a508
6a25bf37-fd96-406e-acb5-6a80f55eb975,species,Animalia,t0097527,"",Carpophilus shioedtei,Carpophilus shioedtei,相同Kingdom學名加命名者階層重複,https://vvtaxatree.tbn.org.tw/taxa/6a25bf37-fd96-406e-acb5-6a80f55eb975
3438a73f-4805-4440-86fe-32ae641f44f7,species,Animalia,t0097528,"",Carpophilus truncatus,Carpophilus truncatus,相同Kingdom學名加命名者階層重複,https://vvtaxatree.tbn.org.tw/taxa/3438a73f-4805-4440-86fe-32ae641f44f7
c6b7bdd1-5fd0-4300-9a47-1ff98ad37a7a,species,Animalia,t0097530,"",Caryophyllia ambrosia,Caryophyllia ambrosia,相同Kingdom學名加命名者階層重複,https://vvtaxatree.tbn.org.tw/taxa/c6b7bdd1-5fd0-4300-9a47-1ff98ad37a7a
fcbf026a-1636-41e6-b821-53ab94effd7c,species,Animalia,t0097531,"",Caryophyllia hawaiiensis,Caryophyllia hawaiiensis,相同Kingdom學名加命名者階層重複,https://vvtaxatree.tbn.org.tw/taxa/fcbf026a-1636-41e6-b821-53ab94effd7c
27911e36-a995-4206-ae62-186ad9a08c7f,species,Animalia,t0097532,"",Caryophyllia quadragenaria,Caryophyllia quadragenaria,相同Kingdom學名加命名者階層重複,https://vvtaxatree.tbn.org.tw/taxa/27911e36-a995-4206-ae62-186ad9a08c7f
be735e66-be83-4291-b74d-ddc4207a6f9b,species,Animalia,t0097533,"",Caryophyllia rugosa,Caryophyllia rugosa,相同Kingdom學名加命名者階層重複,https://vvtaxatree.tbn.org.tw/taxa/be735e66-be83-4291-b74d-ddc4207a6f9b
6e9aa511-f881-40a9-9a2c-ef3f2ce2ecb9,species,Animalia,t0097534,"",Caryophyllia scobinosa,Caryophyllia scobinosa,相同Kingdom學名加命名者階層重複,https://vvtaxatree.tbn.org.tw/taxa/6e9aa511-f881-40a9-9a2c-ef3f2ce2ecb9
3977825b-1930-4f41-8cd8-6b623107adad,species,Animalia,t0097576,"",Centistes choui,Centistes choui,相同Kingdom學名加命名者階層重複,https://vvtaxatree.tbn.org.tw/taxa/3977825b-1930-4f41-8cd8-6b623107adad
991972b2-a080-45d7-a424-dcd44cbc8271,species,Animalia,t0097616,"",Chaetocnema granulosa,Chaetocnema granulosa,相同Kingdom學名加命名者階層重複,https://vvtaxatree.tbn.org.tw/taxa/991972b2-a080-45d7-a424-dcd44cbc8271
62406d7c-b45c-4ea7-b11c-93fc14b86816,species,Animalia,t0097617,"",Chaetocnema nigrica,Chaetocnema nigrica,相同Kingdom學名加命名者階層重複,https://vvtaxatree.tbn.org.tw/taxa/62406d7c-b45c-4ea7-b11c-93fc14b86816
64c60275-1169-4121-803d-ed4fb32914eb,species,Animalia,t0097618,"",Chaetocnema wallacei,Chaetocnema wallacei,相同Kingdom學名加命名者階層重複,https://vvtaxatree.tbn.org.tw/taxa/64c60275-1169-4121-803d-ed4fb32914eb
3c146b24-1a87-49f9-8b92-8c9373843dc4,species,Animalia,t0097619,"",Chaetocnema malayana,Chaetocnema malayana,相同Kingdom學名加命名者階層重複,https://vvtaxatree.tbn.org.tw/taxa/3c146b24-1a87-49f9-8b92-8c9373843dc4
61266680-ede1-4da7-8ee5-f400b7af9021,species,Animalia,t0097749,"",Coelostoma sulcatum,Coelostoma sulcatum,相同Kingdom學名加命名者階層重複,https://vvtaxatree.tbn.org.tw/taxa/61266680-ede1-4da7-8ee5-f400b7af9021
bc554a05-438b-4ae0-bfe4-36d4f1e77eb8,species,Animalia,t0097753,"",Colastes pilosiventris,Colastes pilosiventris,相同Kingdom學名加命名者階層重複,https://vvtaxatree.tbn.org.tw/taxa/bc554a05-438b-4ae0-bfe4-36d4f1e77eb8
b8efffe8-098a-49f7-a369-9a64d6002a34,species,Animalia,t0097754,"",Colastes alboapicalis,Colastes alboapicalis,相同Kingdom學名加命名者階層重複,https://vvtaxatree.tbn.org.tw/taxa/b8efffe8-098a-49f7-a369-9a64d6002a34
c0ccefde-7899-43cd-820d-40db1cc9df43,species,Animalia,t0097755,"",Colastes longitergum,Colastes longitergum,相同Kingdom學名加命名者階層重複,https://vvtaxatree.tbn.org.tw/taxa/c0ccefde-7899-43cd-820d-40db1cc9df43
f13e1e96-5fb7-426f-9931-1c66d2d1a46a,species,Animalia,t0097773,"",Conops nubeculosus,Conops nubeculosus,相同Kingdom學名加命名者階層重複,https://vvtaxatree.tbn.org.tw/taxa/f13e1e96-5fb7-426f-9931-1c66d2d1a46a
3a203f60-ceb1-4253-9511-584811aa9427,species,Animalia,t0097799,"",Corycaeus dahli,Corycaeus dahli,相同Kingdom學名加命名者階層重複,https://vvtaxatree.tbn.org.tw/taxa/3a203f60-ceb1-4253-9511-584811aa9427
e7aba423-45dc-44ef-bb93-78b1323f245d,species,Animalia,t0097800,"",Corycaeus japonica,Corycaeus japonica,相同Kingdom學名加命名者階層重複,https://vvtaxatree.tbn.org.tw/taxa/e7aba423-45dc-44ef-bb93-78b1323f245d
1d8ffe2c-3fbb-49d7-9d56-1557ce507fe0,species,Animalia,t0097843,"",Culex alis,Culex alis,相同Kingdom學名加命名者階層重複,https://vvtaxatree.tbn.org.tw/taxa/1d8ffe2c-3fbb-49d7-9d56-1557ce507fe0
198c18e0-b966-4d60-a594-f7b86926ff66,species,Animalia,t0097844,"",Culex annulus,Culex annulus,相同Kingdom學名加命名者階層重複,https://vvtaxatree.tbn.org.tw/taxa/198c18e0-b966-4d60-a594-f7b86926ff66
301a602a-920b-41e2-bea6-630f80fc02b3,species,Animalia,t0097845,"",Culex fuscocephala,Culex fuscocephala,相同Kingdom學名加命名者階層重複,https://vvtaxatree.tbn.org.tw/taxa/301a602a-920b-41e2-bea6-630f80fc02b3
137c8986-bac0-44a7-9cee-41d5b7ddd568,species,Animalia,t0097846,"",Culex gelidus,Culex gelidus,相同Kingdom學名加命名者階層重複,https://vvtaxatree.tbn.org.tw/taxa/137c8986-bac0-44a7-9cee-41d5b7ddd568
37e8e47f-2e31-430e-9c1b-b80125893112,species,Animalia,t0097847,"",Culex infula,Culex infula,相同Kingdom學名加命名者階層重複,https://vvtaxatree.tbn.org.tw/taxa/37e8e47f-2e31-430e-9c1b-b80125893112
f41350a2-e0e9-418a-9814-0891bd320b30,species,Animalia,t0097848,"",Culex sinensis,Culex sinensis,相同Kingdom學名加命名者階層重複,https://vvtaxatree.tbn.org.tw/taxa/f41350a2-e0e9-418a-9814-0891bd320b30
abd81c4c-b5a3-40ed-94b3-f0b4805a6064,species,Animalia,t0097849,"",Culex sitiens,Culex sitiens,相同Kingdom學名加命名者階層重複,https://vvtaxatree.tbn.org.tw/taxa/abd81c4c-b5a3-40ed-94b3-f0b4805a6064
8ceb4625-273a-474e-a0b3-e5e1b78249d3,species,Animalia,t0097850,"",Culex vagans,Culex vagans,相同Kingdom學名加命名者階層重複,https://vvtaxatree.tbn.org.tw/taxa/8ceb4625-273a-474e-a0b3-e5e1b78249d3
69b9864e-4041-446d-a5ee-6193b75efc7b,species,Animalia,t0097851,"",Culex vishnui,Culex vishnui,相同Kingdom學名加命名者階層重複,https://vvtaxatree.tbn.org.tw/taxa/69b9864e-4041-446d-a5ee-6193b75efc7b
2a5b2837-8ce1-4244-9bb1-09719e218397,species,Animalia,t0097852,"",Culex whitei,Culex whitei,相同Kingdom學名加命名者階層重複,https://vvtaxatree.tbn.org.tw/taxa/2a5b2837-8ce1-4244-9bb1-09719e218397
bf0037d9-4cea-4db0-9d39-4b05992d4b9c,species,Animalia,t0097853,"",Culex pallidothorax,Culex pallidothorax,相同Kingdom學名加命名者階層重複,https://vvtaxatree.tbn.org.tw/taxa/bf0037d9-4cea-4db0-9d39-4b05992d4b9c
547fb28b-4479-4e2f-a27e-0662d6771bb9,species,Animalia,t0097860,"",Culicoides liui,Culicoides liui,相同Kingdom學名加命名者階層重複,https://vvtaxatree.tbn.org.tw/taxa/547fb28b-4479-4e2f-a27e-0662d6771bb9
0be75f24-d71d-464e-8dcf-9728171be444,species,Animalia,t0097862,"",Culicoides clavipalpis,Culicoides clavipalpis,相同Kingdom學名加命名者階層重複,https://vvtaxatree.tbn.org.tw/taxa/0be75f24-d71d-464e-8dcf-9728171be444
85ea95a3-7766-4060-ab7d-c9c04bd1da55,species,Animalia,t0097863,"",Culicoides kepongensis,Culicoides kepongensis,相同Kingdom學名加命名者階層重複,https://vvtaxatree.tbn.org.tw/taxa/85ea95a3-7766-4060-ab7d-c9c04bd1da55
d0177069-29f9-4813-8390-a44fb9539e5e,species,Animalia,t0097864,"",Culicoides okinawensis,Culicoides okinawensis,相同Kingdom學名加命名者階層重複,https://vvtaxatree.tbn.org.tw/taxa/d0177069-29f9-4813-8390-a44fb9539e5e
bb6831da-1670-4a06-ae33-da0558b66283,species,Animalia,t0097865,"",Culicoides barreti,Culicoides barreti,相同Kingdom學名加命名者階層重複,https://vvtaxatree.tbn.org.tw/taxa/bb6831da-1670-4a06-ae33-da0558b66283
f786d946-fd91-4d4b-810e-23d219c991cd,species,Animalia,t0097866,"",Culicoides flaviscutatus,Culicoides flaviscutatus,相同Kingdom學名加命名者階層重複,https://vvtaxatree.tbn.org.tw/taxa/f786d946-fd91-4d4b-810e-23d219c991cd
adee7615-5af5-46ec-83e5-c2d89781bd12,species,Animalia,t0097867,"",Culicoides fordae,Culicoides fordae,相同Kingdom學名加命名者階層重複,https://vvtaxatree.tbn.org.tw/taxa/adee7615-5af5-46ec-83e5-c2d89781bd12
bb6b6d47-553e-4d30-9fe2-02100751a377,species,Animalia,t0097868,"",Culicoides paraflavescens,Culicoides paraflavescens,相同Kingdom學名加命名者階層重複,https://vvtaxatree.tbn.org.tw/taxa/bb6b6d47-553e-4d30-9fe2-02100751a377
d281b3d9-ccaf-4cd2-b0ab-ebddbd7411bb,species,Animalia,t0097869,"",Culicoides ragulithecus,Culicoides ragulithecus,相同Kingdom學名加命名者階層重複,https://vvtaxatree.tbn.org.tw/taxa/d281b3d9-ccaf-4cd2-b0ab-ebddbd7411bb
f58b179c-399e-4e6f-864e-3c1e82074994,species,Animalia,t0097870,"",Culicoides subpalpifer,Culicoides subpalpifer,相同Kingdom學名加命名者階層重複,https://vvtaxatree.tbn.org.tw/taxa/f58b179c-399e-4e6f-864e-3c1e82074994
e55003e3-0a54-419c-a3f6-1fdfaba4cb7f,species,Animalia,t0097871,"",Culicoides tenuipalpis,Culicoides tenuipalpis,相同Kingdom學名加命名者階層重複,https://vvtaxatree.tbn.org.tw/taxa/e55003e3-0a54-419c-a3f6-1fdfaba4cb7f
fbde9343-2890-4b4a-bd40-71bbf067c0b4,species,Animalia,t0097948,"",Dermestes nidum,Dermestes nidum,相同Kingdom學名加命名者階層重複,https://vvtaxatree.tbn.org.tw/taxa/fbde9343-2890-4b4a-bd40-71bbf067c0b4
af4f5705-aa70-494c-85e5-a2db36ce5d41,species,Animalia,t0097980,"",Dicranota delectata,Dicranota delectata,相同Kingdom學名加命名者階層重複,https://vvtaxatree.tbn.org.tw/taxa/af4f5705-aa70-494c-85e5-a2db36ce5d41
6bbcdb46-9ddd-4ad1-be6d-ab0105b08191,species,Animalia,t0097981,"",Dicranota fumicostata,Dicranota fumicostata,相同Kingdom學名加命名者階層重複,https://vvtaxatree.tbn.org.tw/taxa/6bbcdb46-9ddd-4ad1-be6d-ab0105b08191
fc1d4907-34b4-41ea-bc5d-fa80ea13274f,species,Animalia,t0097982,"",Dicranota plana,Dicranota plana,相同Kingdom學名加命名者階層重複,https://vvtaxatree.tbn.org.tw/taxa/fc1d4907-34b4-41ea-bc5d-fa80ea13274f
60ce6e06-0871-49cc-88c3-d3f19ced3ebe,species,Animalia,t0098018,"",Nephrotoma atrolatera,Nephrotoma atrolatera,相同Kingdom學名加命名者階層重複,https://vvtaxatree.tbn.org.tw/taxa/60ce6e06-0871-49cc-88c3-d3f19ced3ebe
ac5a9d35-255e-4bcc-ae40-b9e6afc2506c,species,Animalia,t0098019,"",Nephrotoma caudifera,Nephrotoma caudifera,相同Kingdom學名加命名者階層重複,https://vvtaxatree.tbn.org.tw/taxa/ac5a9d35-255e-4bcc-ae40-b9e6afc2506c
42ef3589-fdd7-4599-808b-a8bbe50e2666,species,Animalia,t0098020,"",Nephrotoma definita,Nephrotoma definita,相同Kingdom學名加命名者階層重複,https://vvtaxatree.tbn.org.tw/taxa/42ef3589-fdd7-4599-808b-a8bbe50e2666
2ae0dbad-1a41-45e4-ab28-9c08f2cb583c,species,Animalia,t0098021,"",Nephrotoma integra,Nephrotoma integra,相同Kingdom學名加命名者階層重複,https://vvtaxatree.tbn.org.tw/taxa/2ae0dbad-1a41-45e4-ab28-9c08f2cb583c
27698eeb-6556-4d0f-9037-fc6d4529c421,species,Animalia,t0098022,"",Nephrotoma omeiana,Nephrotoma omeiana,相同Kingdom學名加命名者階層重複,https://vvtaxatree.tbn.org.tw/taxa/27698eeb-6556-4d0f-9037-fc6d4529c421
66ad98ea-7615-48d2-a061-b6abd86c00cf,species,Animalia,t0098023,"",Nephrotoma takeuchii,Nephrotoma takeuchii,相同Kingdom學名加命名者階層重複,https://vvtaxatree.tbn.org.tw/taxa/66ad98ea-7615-48d2-a061-b6abd86c00cf
26cd7aeb-f629-49ae-b795-feb665953fd5,species,Animalia,t0098024,"",Nephus sauteri,Nephus sauteri,相同Kingdom學名加命名者階層重複,https://vvtaxatree.tbn.org.tw/taxa/26cd7aeb-f629-49ae-b795-feb665953fd5
0ee57261-ef79-4d41-946d-6e0680766593,species,Animalia,t0098077,"",Notiphila dorsopunctata,Notiphila dorsopunctata,相同Kingdom學名加命名者階層重複,https://vvtaxatree.tbn.org.tw/taxa/0ee57261-ef79-4d41-946d-6e0680766593
1904a8e1-6b1b-45f5-a6df-f3cc6e8fcb63,species,Animalia,t0098152,"",Onthophagus taurinus,Onthophagus taurinus,相同Kingdom學名加命名者階層重複,https://vvtaxatree.tbn.org.tw/taxa/1904a8e1-6b1b-45f5-a6df-f3cc6e8fcb63
d84c43ba-b0fc-4d81-b31e-15b8248530d7,species,Animalia,t0098153,"",Onthophagus koshunensis,Onthophagus koshunensis,相同Kingdom學名加命名者階層重複,https://vvtaxatree.tbn.org.tw/taxa/d84c43ba-b0fc-4d81-b31e-15b8248530d7
18107f3c-6a84-43fd-969e-a966cfd77134,species,Animalia,t0098175,"",Orimarga formosicola,Orimarga formosicola,相同Kingdom學名加命名者階層重複,https://vvtaxatree.tbn.org.tw/taxa/18107f3c-6a84-43fd-969e-a966cfd77134
1dd9d9b2-4932-4ec9-ae95-b90d60bfeaf9,species,Animalia,t0098176,"",Orimarga fuscivenosa,Orimarga fuscivenosa,相同Kingdom學名加命名者階層重複,https://vvtaxatree.tbn.org.tw/taxa/1dd9d9b2-4932-4ec9-ae95-b90d60bfeaf9
eb314a3a-0bdb-435f-8d14-e53f60e7c19e,species,Animalia,t0098177,"",Orimarga griseipennis,Orimarga griseipennis,相同Kingdom學名加命名者階層重複,https://vvtaxatree.tbn.org.tw/taxa/eb314a3a-0bdb-435f-8d14-e53f60e7c19e
47c9f8bc-8115-459e-9b34-3cca452a91ac,species,Animalia,t0098178,"",Orimarga gymnoneura,Orimarga gymnoneura,相同Kingdom學名加命名者階層重複,https://vvtaxatree.tbn.org.tw/taxa/47c9f8bc-8115-459e-9b34-3cca452a91ac
13204b7e-8e13-4836-85bc-4eaa9352b045,species,Animalia,t0098179,"",Orimarga taiwanensis,Orimarga taiwanensis,相同Kingdom學名加命名者階層重複,https://vvtaxatree.tbn.org.tw/taxa/13204b7e-8e13-4836-85bc-4eaa9352b045
3792a695-707c-413d-8185-74c0dee71251,species,Animalia,t0098182,"",Ormosia anthracopoda,Ormosia anthracopoda,相同Kingdom學名加命名者階層重複,https://vvtaxatree.tbn.org.tw/taxa/3792a695-707c-413d-8185-74c0dee71251
ea44c369-c90b-469b-8ade-8afb270f9b7a,species,Animalia,t0098183,"",Ormosia arisanensis,Ormosia arisanensis,相同Kingdom學名加命名者階層重複,https://vvtaxatree.tbn.org.tw/taxa/ea44c369-c90b-469b-8ade-8afb270f9b7a
5dbccc70-911d-4047-8e82-4bdf867d3d4a,species,Animalia,t0098184,"",Ormosia diplotergata,Ormosia diplotergata,相同Kingdom學名加命名者階層重複,https://vvtaxatree.tbn.org.tw/taxa/5dbccc70-911d-4047-8e82-4bdf867d3d4a
70a6b725-7120-47d7-a76e-9b67d1cf47e0,species,Animalia,t0098185,"",Ormosia diversipennis,Ormosia diversipennis,相同Kingdom學名加命名者階層重複,https://vvtaxatree.tbn.org.tw/taxa/70a6b725-7120-47d7-a76e-9b67d1cf47e0
5d06e8cc-fc52-4939-97be-acf214433da8,species,Animalia,t0098186,"",Ormosia shoreana,Ormosia shoreana,相同Kingdom學名加命名者階層重複,https://vvtaxatree.tbn.org.tw/taxa/5d06e8cc-fc52-4939-97be-acf214433da8
a530db11-5c5d-4431-9381-367bfe5aef84,species,Animalia,t0098192,"",Orphinus aethiops,Orphinus aethiops,相同Kingdom學名加命名者階層重複,https://vvtaxatree.tbn.org.tw/taxa/a530db11-5c5d-4431-9381-367bfe5aef84
0e7a1f6f-b5ee-4da4-9e2b-b4a93ad536b9,species,Animalia,t0098241,"",Pachos dentatum,Pachos dentatum,相同Kingdom學名加命名者階層重複,https://vvtaxatree.tbn.org.tw/taxa/0e7a1f6f-b5ee-4da4-9e2b-b4a93ad536b9
f6e45a71-19c1-4074-9050-0ae91e73fb12,species,Animalia,t0098249,"",Paederus adiectus,Paederus adiectus,相同Kingdom學名加命名者階層重複,https://vvtaxatree.tbn.org.tw/taxa/f6e45a71-19c1-4074-9050-0ae91e73fb12
942f2527-3955-46d1-b90a-bad0cfec369b,species,Animalia,t0098250,"",Paederus aequilobatus,Paederus aequilobatus,相同Kingdom學名加命名者階層重複,https://vvtaxatree.tbn.org.tw/taxa/942f2527-3955-46d1-b90a-bad0cfec369b
70707798-6bee-42e0-a2dd-1a93292e8aad,species,Animalia,t0098251,"",Paederus alesi,Paederus alesi,相同Kingdom學名加命名者階層重複,https://vvtaxatree.tbn.org.tw/taxa/70707798-6bee-42e0-a2dd-1a93292e8aad
5a5f3a0f-cd7d-46c9-ae35-a80daca40ee5,species,Animalia,t0098252,"",Paederus anmamontis,Paederus anmamontis,相同Kingdom學名加命名者階層重複,https://vvtaxatree.tbn.org.tw/taxa/5a5f3a0f-cd7d-46c9-ae35-a80daca40ee5
dab9657f-ce79-47ee-9998-5610cb0a699e,species,Animalia,t0098253,"",Paederus bivirgatus,Paederus bivirgatus,相同Kingdom學名加命名者階層重複,https://vvtaxatree.tbn.org.tw/taxa/dab9657f-ce79-47ee-9998-5610cb0a699e
7e491f51-8b81-4f59-85ea-8031967d7c1b,species,Animalia,t0098254,"",Paederus discurrens,Paederus discurrens,相同Kingdom學名加命名者階層重複,https://vvtaxatree.tbn.org.tw/taxa/7e491f51-8b81-4f59-85ea-8031967d7c1b
ab8f6ee6-78d9-4c76-a605-f600a25d6960,species,Animalia,t0098255,"",Paederus excisissimus,Paederus excisissimus,相同Kingdom學名加命名者階層重複,https://vvtaxatree.tbn.org.tw/taxa/ab8f6ee6-78d9-4c76-a605-f600a25d6960
4a54ab99-aa1b-4e92-877c-585fb3ece78e,species,Animalia,t0098256,"",Paederus fulvocaudatus,Paederus fulvocaudatus,相同Kingdom學名加命名者階層重複,https://vvtaxatree.tbn.org.tw/taxa/4a54ab99-aa1b-4e92-877c-585fb3ece78e
7c0c6bfc-ba25-4fb9-8093-24bf8ac803c0,species,Animalia,t0098257,"",Paederus furcispinosus,Paederus furcispinosus,相同Kingdom學名加命名者階層重複,https://vvtaxatree.tbn.org.tw/taxa/7c0c6bfc-ba25-4fb9-8093-24bf8ac803c0
140897c7-8fc6-451f-a9c6-d0f22910a6b2,species,Animalia,t0098258,"",Paederus incisus,Paederus incisus,相同Kingdom學名加命名者階層重複,https://vvtaxatree.tbn.org.tw/taxa/140897c7-8fc6-451f-a9c6-d0f22910a6b2
fb8421f0-dbbc-4c98-a1e9-b51e508c272b,species,Animalia,t0098259,"",Paederus incurvatus,Paederus incurvatus,相同Kingdom學名加命名者階層重複,https://vvtaxatree.tbn.org.tw/taxa/fb8421f0-dbbc-4c98-a1e9-b51e508c272b
34bba834-06a5-4405-8efa-143aee997f99,species,Animalia,t0098260,"",Paederus nigricrus,Paederus nigricrus,相同Kingdom學名加命名者階層重複,https://vvtaxatree.tbn.org.tw/taxa/34bba834-06a5-4405-8efa-143aee997f99
33bb6293-5891-4240-9b61-f26b4b042840,species,Animalia,t0098261,"",Paederus semiflavus,Paederus semiflavus,相同Kingdom學名加命名者階層重複,https://vvtaxatree.tbn.org.tw/taxa/33bb6293-5891-4240-9b61-f26b4b042840
5c32ca31-6eb8-43f5-a175-7bdd8fb6968f,species,Animalia,t0098262,"",Paederus trihamatus,Paederus trihamatus,相同Kingdom學名加命名者階層重複,https://vvtaxatree.tbn.org.tw/taxa/5c32ca31-6eb8-43f5-a175-7bdd8fb6968f
42c2f31d-0310-4cc6-9802-65aea210a861,species,Animalia,t0098263,"",Paederus virgifer,Paederus virgifer,相同Kingdom學名加命名者階層重複,https://vvtaxatree.tbn.org.tw/taxa/42c2f31d-0310-4cc6-9802-65aea210a861
ceda870c-252e-47fc-8e17-b5e14d7cdd29,species,Animalia,t0098275,"",Pambolus caudalis,Pambolus caudalis,相同Kingdom學名加命名者階層重複,https://vvtaxatree.tbn.org.tw/taxa/ceda870c-252e-47fc-8e17-b5e14d7cdd29
ca39b78a-7639-4d9a-b65b-3c1e656e2ef0,species,Animalia,t0098276,"",Pambolus ruficeps,Pambolus ruficeps,相同Kingdom學名加命名者階層重複,https://vvtaxatree.tbn.org.tw/taxa/ca39b78a-7639-4d9a-b65b-3c1e656e2ef0
df07f567-3ce1-4410-8505-82f98343aa3f,species,Animalia,t0098370,"",Pedicia orophila,Pedicia orophila,相同Kingdom學名加命名者階層重複,https://vvtaxatree.tbn.org.tw/taxa/df07f567-3ce1-4410-8505-82f98343aa3f
b8e26845-20fa-45d5-9b86-14acef62314a,species,Animalia,t0098488,"",Physopelta parviceps,Physopelta parviceps,相同Kingdom學名加命名者階層重複,https://vvtaxatree.tbn.org.tw/taxa/b8e26845-20fa-45d5-9b86-14acef62314a
033dc49b-eb05-4374-99c1-c45623662cf1,species,Animalia,t0098489,"",Physopelta quadriguttata,Physopelta quadriguttata,相同Kingdom學名加命名者階層重複,https://vvtaxatree.tbn.org.tw/taxa/033dc49b-eb05-4374-99c1-c45623662cf1
fd2929dd-d567-4fd4-ab32-5898475d3736,species,Animalia,t0098503,"",Piophila contecta,Piophila contecta,相同Kingdom學名加命名者階層重複,https://vvtaxatree.tbn.org.tw/taxa/fd2929dd-d567-4fd4-ab32-5898475d3736
2b4025dd-9101-454a-a4f5-7a460ee3cf31,species,Animalia,t0098504,"",Pipunculus coatalis,Pipunculus coatalis,相同Kingdom學名加命名者階層重複,https://vvtaxatree.tbn.org.tw/taxa/2b4025dd-9101-454a-a4f5-7a460ee3cf31
7078e213-2483-4285-a662-e9c667f45db0,species,Animalia,t0098505,"",Pipunculus bicolor,Pipunculus bicolor,相同Kingdom學名加命名者階層重複,https://vvtaxatree.tbn.org.tw/taxa/7078e213-2483-4285-a662-e9c667f45db0
57b40dd0-a045-4c47-ba99-a7916ca0c0c7,species,Animalia,t0098506,"",Pipunculus holosericeus,Pipunculus holosericeus,相同Kingdom學名加命名者階層重複,https://vvtaxatree.tbn.org.tw/taxa/57b40dd0-a045-4c47-ba99-a7916ca0c0c7
f4cfbda3-e566-4d69-96f6-6201922d8f62,species,Animalia,t0098603,"",Prometopia quadrimaculata,Prometopia quadrimaculata,相同Kingdom學名加命名者階層重複,https://vvtaxatree.tbn.org.tw/taxa/f4cfbda3-e566-4d69-96f6-6201922d8f62
2a69c125-db8f-43cf-b8ad-2835af4254c1,species,Animalia,t0098692,"",Pylocheles mortensenii,Pylocheles mortensenii,相同Kingdom學名加命名者階層重複,https://vvtaxatree.tbn.org.tw/taxa/2a69c125-db8f-43cf-b8ad-2835af4254c1
9d4b1acb-418d-4e69-9a4d-4d01481f795a,species,Animalia,t0098807,"",Scolia desidiosa,Scolia desidiosa,相同Kingdom學名加命名者階層重複,https://vvtaxatree.tbn.org.tw/taxa/9d4b1acb-418d-4e69-9a4d-4d01481f795a
c36e36a7-f346-43ed-b436-21c425268b75,species,Animalia,t0098808,"",Scolia formosicola,Scolia formosicola,相同Kingdom學名加命名者階層重複,https://vvtaxatree.tbn.org.tw/taxa/c36e36a7-f346-43ed-b436-21c425268b75
97ac0216-55c0-47ba-82bf-53062ff4bf4e,species,Animalia,t0098809,"",Scolia minowai,Scolia minowai,相同Kingdom學名加命名者階層重複,https://vvtaxatree.tbn.org.tw/taxa/97ac0216-55c0-47ba-82bf-53062ff4bf4e
639833cb-fe2e-431d-9397-86403c8b3125,species,Animalia,t0098810,"",Scolia taiwana,Scolia taiwana,相同Kingdom學名加命名者階層重複,https://vvtaxatree.tbn.org.tw/taxa/639833cb-fe2e-431d-9397-86403c8b3125
8687ce26-1d69-420e-9767-eb91b8189058,species,Animalia,t0098811,"",Scolia wusheensis,Scolia wusheensis,相同Kingdom學名加命名者階層重複,https://vvtaxatree.tbn.org.tw/taxa/8687ce26-1d69-420e-9767-eb91b8189058
5aafb8f5-b928-4320-8c39-9c64b3f616f2,species,Animalia,t0098832,"",Scymnus hoffmanni,Scymnus hoffmanni,相同Kingdom學名加命名者階層重複,https://vvtaxatree.tbn.org.tw/taxa/5aafb8f5-b928-4320-8c39-9c64b3f616f2
ff27fe8e-aa87-4651-81e0-99f01b4d6498,species,Animalia,t0098833,"",Scymnus dorcatomoides,Scymnus dorcatomoides,相同Kingdom學名加命名者階層重複,https://vvtaxatree.tbn.org.tw/taxa/ff27fe8e-aa87-4651-81e0-99f01b4d6498
a049f444-c2d9-4c55-92db-ef7cc8f6d9a8,species,Animalia,t0098834,"",Scymnus ovimaculatus,Scymnus ovimaculatus,相同Kingdom學名加命名者階層重複,https://vvtaxatree.tbn.org.tw/taxa/a049f444-c2d9-4c55-92db-ef7cc8f6d9a8
b6482727-e578-40f7-a326-c6b39ebdf02c,species,Animalia,t0098836,"",Scymnus nubilus,Scymnus nubilus,相同Kingdom學名加命名者階層重複,https://vvtaxatree.tbn.org.tw/taxa/b6482727-e578-40f7-a326-c6b39ebdf02c
a5123aa2-25b1-418a-9ac7-a6cf435ba381,species,Animalia,t0098873,"",Simulium tuenense,Simulium tuenense,相同Kingdom學名加命名者階層重複,https://vvtaxatree.tbn.org.tw/taxa/a5123aa2-25b1-418a-9ac7-a6cf435ba381
9727917a-dc02-4fb9-80fd-d9f5d3c9c86f,species,Animalia,t0098874,"",Simulium taulingense,Simulium taulingense,相同Kingdom學名加命名者階層重複,https://vvtaxatree.tbn.org.tw/taxa/9727917a-dc02-4fb9-80fd-d9f5d3c9c86f
83576d51-e7a6-4947-86da-f660770e5609,species,Animalia,t0098875,"",Simulium yushangense,Simulium yushangense,相同Kingdom學名加命名者階層重複,https://vvtaxatree.tbn.org.tw/taxa/83576d51-e7a6-4947-86da-f660770e5609
d924f0ec-9371-4fb0-bc13-e8506b2663d5,species,Animalia,t0098876,"",Simulium chungi,Simulium chungi,相同Kingdom學名加命名者階層重複,https://vvtaxatree.tbn.org.tw/taxa/d924f0ec-9371-4fb0-bc13-e8506b2663d5
5a06460a-e535-4f71-bb74-09b073642b69,species,Animalia,t0098877,"",Simulium puliense,Simulium puliense,相同Kingdom學名加命名者階層重複,https://vvtaxatree.tbn.org.tw/taxa/5a06460a-e535-4f71-bb74-09b073642b69
2c4b1585-9555-4ea3-9c0e-be9c3484a0a0,species,Animalia,t0098878,"",Simulium sakishimaense,Simulium sakishimaense,相同Kingdom學名加命名者階層重複,https://vvtaxatree.tbn.org.tw/taxa/2c4b1585-9555-4ea3-9c0e-be9c3484a0a0
db671722-54f3-4326-a18a-529ac16ee534,species,Animalia,t0098879,"",Simulium taiwanicum,Simulium taiwanicum,相同Kingdom學名加命名者階層重複,https://vvtaxatree.tbn.org.tw/taxa/db671722-54f3-4326-a18a-529ac16ee534
d67ba22b-c899-4c07-a322-a2644e387cd4,species,Animalia,t0098880,"",Simulium ufengense,Simulium ufengense,相同Kingdom學名加命名者階層重複,https://vvtaxatree.tbn.org.tw/taxa/d67ba22b-c899-4c07-a322-a2644e387cd4
ecbe5059-265c-4ca5-98c9-d555d01c7b59,species,Animalia,t0098881,"",Simulium yonakuniense,Simulium yonakuniense,相同Kingdom學名加命名者階層重複,https://vvtaxatree.tbn.org.tw/taxa/ecbe5059-265c-4ca5-98c9-d555d01c7b59
5629f0b8-7616-4453-93b9-940cd9088757,species,Animalia,t0098899,"",Sipunculus nudus,Sipunculus nudus,相同Kingdom學名加命名者階層重複,https://vvtaxatree.tbn.org.tw/taxa/5629f0b8-7616-4453-93b9-940cd9088757
5f4b3e0c-20c2-4a64-8ab2-74525af7dd88,species,Animalia,t0098985,"",Streblocera okadai,Streblocera okadai,相同Kingdom學名加命名者階層重複,https://vvtaxatree.tbn.org.tw/taxa/5f4b3e0c-20c2-4a64-8ab2-74525af7dd88
a117a953-297d-4198-8d3c-168b568386b4,species,Animalia,t0098986,"",Streblocera villosa,Streblocera villosa,相同Kingdom學名加命名者階層重複,https://vvtaxatree.tbn.org.tw/taxa/a117a953-297d-4198-8d3c-168b568386b4
a304198a-8b02-4cb9-9c29-a77136ef4c7a,species,Animalia,t0099076,"",Tarsolepis fulgurifera,Tarsolepis fulgurifera,相同Kingdom學名加命名者階層重複,https://vvtaxatree.tbn.org.tw/taxa/a304198a-8b02-4cb9-9c29-a77136ef4c7a
518d3233-4eab-47e9-b4b3-641e9fcdbafa,species,Animalia,t0099111,"",Thaumastoptera issikiana,Thaumastoptera issikiana,相同Kingdom學名加命名者階層重複,https://vvtaxatree.tbn.org.tw/taxa/518d3233-4eab-47e9-b4b3-641e9fcdbafa
7040c46e-2df7-4927-ae06-d852069483b9,species,Animalia,t0099123,"",Themus bicoloricornis,Themus bicoloricornis,相同Kingdom學名加命名者階層重複,https://vvtaxatree.tbn.org.tw/taxa/7040c46e-2df7-4927-ae06-d852069483b9
1f806eaf-72d3-4404-8bed-b43de06988b4,species,Animalia,t0099124,"",Themus uniformis,Themus uniformis,相同Kingdom學名加命名者階層重複,https://vvtaxatree.tbn.org.tw/taxa/1f806eaf-72d3-4404-8bed-b43de06988b4
2221c023-6b1a-4023-841f-a4167763ebb2,species,Animalia,t0099125,"",Themus formosanus,Themus formosanus,相同Kingdom學名加命名者階層重複,https://vvtaxatree.tbn.org.tw/taxa/2221c023-6b1a-4023-841f-a4167763ebb2
d1c85d4f-32a0-4ec1-91b3-068d1a652937,species,Animalia,t0099126,"",Themus pallidipes,Themus pallidipes,相同Kingdom學名加命名者階層重複,https://vvtaxatree.tbn.org.tw/taxa/d1c85d4f-32a0-4ec1-91b3-068d1a652937
1df68d9a-c4dd-44c7-9eb8-89fb56e9158e,species,Animalia,t0099127,"",Themus purpuratus,Themus purpuratus,相同Kingdom學名加命名者階層重複,https://vvtaxatree.tbn.org.tw/taxa/1df68d9a-c4dd-44c7-9eb8-89fb56e9158e
15a19579-a645-4ecd-bcb2-0d880a6c8197,species,Animalia,t0099128,"",Themus satoi,Themus satoi,相同Kingdom學名加命名者階層重複,https://vvtaxatree.tbn.org.tw/taxa/15a19579-a645-4ecd-bcb2-0d880a6c8197
168e6601-7ff7-4653-aecc-1889f314e4c2,species,Animalia,t0099129,"",Themus taiwanus,Themus taiwanus,相同Kingdom學名加命名者階層重複,https://vvtaxatree.tbn.org.tw/taxa/168e6601-7ff7-4653-aecc-1889f314e4c2
47aa5a6b-9748-47ee-8e81-fc69e367e58c,species,Animalia,t0099161,"",Tipula alboplagiata,Tipula alboplagiata,相同Kingdom學名加命名者階層重複,https://vvtaxatree.tbn.org.tw/taxa/47aa5a6b-9748-47ee-8e81-fc69e367e58c
7bbb79be-dcec-454a-a2f6-b0e14cc76dbf,species,Animalia,t0099162,"",Tipula obtusiloba,Tipula obtusiloba,相同Kingdom學名加命名者階層重複,https://vvtaxatree.tbn.org.tw/taxa/7bbb79be-dcec-454a-a2f6-b0e14cc76dbf
13e5107f-aef3-4536-ade0-4aaf4df96dff,species,Animalia,t0099163,"",Tipula yamata,Tipula yamata,相同Kingdom學名加命名者階層重複,https://vvtaxatree.tbn.org.tw/taxa/13e5107f-aef3-4536-ade0-4aaf4df96dff
1ccff270-81bc-42fa-86b2-56f1e44afb03,species,Animalia,t0099164,"",Tipula niitakensis,Tipula niitakensis,相同Kingdom學名加命名者階層重複,https://vvtaxatree.tbn.org.tw/taxa/1ccff270-81bc-42fa-86b2-56f1e44afb03
36543e26-0437-4049-aead-f2f81bae83e7,species,Animalia,t0099165,"",Tipula obnata,Tipula obnata,相同Kingdom學名加命名者階層重複,https://vvtaxatree.tbn.org.tw/taxa/36543e26-0437-4049-aead-f2f81bae83e7
f2d018ca-8c20-438c-b1fe-04161dec1078,species,Animalia,t0099166,"",Tipula tridentata,Tipula tridentata,相同Kingdom學名加命名者階層重複,https://vvtaxatree.tbn.org.tw/taxa/f2d018ca-8c20-438c-b1fe-04161dec1078
42e10993-0d3c-4d93-8ddc-c6e2d620bbdd,species,Animalia,t0099167,"",Tipula rantaicola,Tipula rantaicola,相同Kingdom學名加命名者階層重複,https://vvtaxatree.tbn.org.tw/taxa/42e10993-0d3c-4d93-8ddc-c6e2d620bbdd
51795810-24d9-425c-9173-5970fcdc0b00,species,Animalia,t0099168,"",Tipula sparsissima,Tipula sparsissima,相同Kingdom學名加命名者階層重複,https://vvtaxatree.tbn.org.tw/taxa/51795810-24d9-425c-9173-5970fcdc0b00
a01d3c56-2783-49b8-9d0f-23c0ef4ee2c3,species,Animalia,t0099169,"",Tipula strictiva,Tipula strictiva,相同Kingdom學名加命名者階層重複,https://vvtaxatree.tbn.org.tw/taxa/a01d3c56-2783-49b8-9d0f-23c0ef4ee2c3
c69e8574-0642-4f65-af70-b02195a1a278,species,Animalia,t0099170,"",Tipula lackschewitziana,Tipula lackschewitziana,相同Kingdom學名加命名者階層重複,https://vvtaxatree.tbn.org.tw/taxa/c69e8574-0642-4f65-af70-b02195a1a278
ba963ccc-9259-493c-9854-ccee6569aa17,species,Animalia,t0099171,"",Tipula haplotricha,Tipula haplotricha,相同Kingdom學名加命名者階層重複,https://vvtaxatree.tbn.org.tw/taxa/ba963ccc-9259-493c-9854-ccee6569aa17
13557a15-bc58-4615-a29d-84c3e8291b30,species,Animalia,t0099172,"",Tipula bicornigera,Tipula bicornigera,相同Kingdom學名加命名者階層重複,https://vvtaxatree.tbn.org.tw/taxa/13557a15-bc58-4615-a29d-84c3e8291b30
6eb3f686-4ee2-478f-a943-ab8d6839410b,species,Animalia,t0099173,"",Tipula bicorunta,Tipula bicorunta,相同Kingdom學名加命名者階層重複,https://vvtaxatree.tbn.org.tw/taxa/6eb3f686-4ee2-478f-a943-ab8d6839410b
8e9c2a23-dfa9-4f19-a2bb-2320da3b37c4,species,Animalia,t0099174,"",Tipula foliacea,Tipula foliacea,相同Kingdom學名加命名者階層重複,https://vvtaxatree.tbn.org.tw/taxa/8e9c2a23-dfa9-4f19-a2bb-2320da3b37c4
c339d14e-a89e-4058-807b-63bbec297343,species,Animalia,t0099175,"",Tipula nestor,Tipula nestor,相同Kingdom學名加命名者階層重複,https://vvtaxatree.tbn.org.tw/taxa/c339d14e-a89e-4058-807b-63bbec297343
3a3c30d1-a152-4c75-b035-d5c83324c7e5,species,Animalia,t0099176,"",Tipula nokonis,Tipula nokonis,相同Kingdom學名加命名者階層重複,https://vvtaxatree.tbn.org.tw/taxa/3a3c30d1-a152-4c75-b035-d5c83324c7e5
d90b9ac1-5d00-4d45-a2d1-03c170fc7943,species,Animalia,t0099177,"",Tipula paravapiculata,Tipula paravapiculata,相同Kingdom學名加命名者階層重複,https://vvtaxatree.tbn.org.tw/taxa/d90b9ac1-5d00-4d45-a2d1-03c170fc7943
5394e923-c108-4e6b-befe-169932e6ba00,species,Animalia,t0099178,"",Tipula subapterogyne,Tipula subapterogyne,相同Kingdom學名加命名者階層重複,https://vvtaxatree.tbn.org.tw/taxa/5394e923-c108-4e6b-befe-169932e6ba00
b1a77e2f-e5b5-47cd-b017-a5f4bba7c6d8,species,Animalia,t0099179,"",Tipula takahashiana,Tipula takahashiana,相同Kingdom學名加命名者階層重複,https://vvtaxatree.tbn.org.tw/taxa/b1a77e2f-e5b5-47cd-b017-a5f4bba7c6d8
1abc9b5f-39e1-487b-a259-ea9837d1b3a8,species,Animalia,t0099180,"",Tipula nova,Tipula nova,相同Kingdom學名加命名者階層重複,https://vvtaxatree.tbn.org.tw/taxa/1abc9b5f-39e1-487b-a259-ea9837d1b3a8
99ae2ec2-116d-41df-b2e9-e96636eba89e,species,Animalia,t0099223,"",Trentepholia atayal,Trentepholia atayal,相同Kingdom學名加命名者階層重複,https://vvtaxatree.tbn.org.tw/taxa/99ae2ec2-116d-41df-b2e9-e96636eba89e
ddbd4616-b2ce-424d-8ad5-7e74cd47d757,species,Animalia,t0099224,"",Trentepholia esakii,Trentepholia esakii,相同Kingdom學名加命名者階層重複,https://vvtaxatree.tbn.org.tw/taxa/ddbd4616-b2ce-424d-8ad5-7e74cd47d757
77cc86e7-9246-415d-b47d-f5efb98e5334,species,Animalia,t0099225,"",Trentepholia montina,Trentepholia montina,相同Kingdom學名加命名者階層重複,https://vvtaxatree.tbn.org.tw/taxa/77cc86e7-9246-415d-b47d-f5efb98e5334
f91bb2f0-b34b-41ed-842e-f42e39426c5a,species,Animalia,t0099226,"",Trentepholia platyleuca,Trentepholia platyleuca,相同Kingdom學名加命名者階層重複,https://vvtaxatree.tbn.org.tw/taxa/f91bb2f0-b34b-41ed-842e-f42e39426c5a
72d39ffd-281e-40b0-a8a0-b744519cfb8c,species,Animalia,t0099227,"",Trentepholia tarsalba,Trentepholia tarsalba,相同Kingdom學名加命名者階層重複,https://vvtaxatree.tbn.org.tw/taxa/72d39ffd-281e-40b0-a8a0-b744519cfb8c
eb419d5f-6617-4cd1-b191-ef5b66207974,species,Animalia,t0099228,"",Trentepholia fuscobasalis,Trentepholia fuscobasalis,相同Kingdom學名加命名者階層重複,https://vvtaxatree.tbn.org.tw/taxa/eb419d5f-6617-4cd1-b191-ef5b66207974
0d44bce2-8adb-40c3-aeb3-aab3ce882288,species,Animalia,t0099229,"",Trentepholia proba,Trentepholia proba,相同Kingdom學名加命名者階層重複,https://vvtaxatree.tbn.org.tw/taxa/0d44bce2-8adb-40c3-aeb3-aab3ce882288
cb450045-839d-4bb7-8ab0-8614419f4c89,species,Animalia,t0099230,"",Trentepholia pulchripennis,Trentepholia pulchripennis,相同Kingdom學名加命名者階層重複,https://vvtaxatree.tbn.org.tw/taxa/cb450045-839d-4bb7-8ab0-8614419f4c89
1a4747e7-456a-470f-a2cf-b21abc4dba6b,species,Animalia,t0099487,"",Adelges tsugae,Adelges tsugae,相同Kingdom學名加命名者階層重複,https://vvtaxatree.tbn.org.tw/taxa/1a4747e7-456a-470f-a2cf-b21abc4dba6b
e646ad66-43a2-4f3a-828b-ff9389f0b897,species,Animalia,t0099799,"",Adelges tsugae,Adelges tsugae,相同Kingdom學名加命名者階層重複,https://vvtaxatree.tbn.org.tw/taxa/e646ad66-43a2-4f3a-828b-ff9389f0b897
d5d83def-1239-451c-9c21-8d7c176cf781,species,Animalia,t0099822,"",Agathidium alesi,Agathidium alesi,相同Kingdom學名加命名者階層重複,https://vvtaxatree.tbn.org.tw/taxa/d5d83def-1239-451c-9c21-8d7c176cf781
b9535e0f-b6bf-4355-83b9-bedac81ecd4b,species,Animalia,t0099823,"",Agathidium alpestre,Agathidium alpestre,相同Kingdom學名加命名者階層重複,https://vvtaxatree.tbn.org.tw/taxa/b9535e0f-b6bf-4355-83b9-bedac81ecd4b
d95bd8d6-3dd6-43d4-8d62-b81ebb6e6470,species,Animalia,t0099824,"",Agathidium angustatum,Agathidium angustatum,相同Kingdom學名加命名者階層重複,https://vvtaxatree.tbn.org.tw/taxa/d95bd8d6-3dd6-43d4-8d62-b81ebb6e6470
72ee4048-d794-472e-8e94-3061cc4eaa29,species,Animalia,t0099825,"",Agathidium anmashanense,Agathidium anmashanense,相同Kingdom學名加命名者階層重複,https://vvtaxatree.tbn.org.tw/taxa/72ee4048-d794-472e-8e94-3061cc4eaa29
6e79805c-3d7e-4cb2-80e4-0968a69a661c,species,Animalia,t0099826,"",Agathidium asphaltinum,Agathidium asphaltinum,相同Kingdom學名加命名者階層重複,https://vvtaxatree.tbn.org.tw/taxa/6e79805c-3d7e-4cb2-80e4-0968a69a661c
7f017d0e-e705-4d07-95d9-d204494175e9,species,Animalia,t0099827,"",Agathidium chalconotum,Agathidium chalconotum,相同Kingdom學名加命名者階層重複,https://vvtaxatree.tbn.org.tw/taxa/7f017d0e-e705-4d07-95d9-d204494175e9
0bf4f905-69f2-46ca-abe1-b7d6428c5dca,species,Animalia,t0099828,"",Agathidium chiaicum,Agathidium chiaicum,相同Kingdom學名加命名者階層重複,https://vvtaxatree.tbn.org.tw/taxa/0bf4f905-69f2-46ca-abe1-b7d6428c5dca
42b88979-7bbd-4ef3-bb45-f8638f018062,species,Animalia,t0099829,"",Agathidium comptum,Agathidium comptum,相同Kingdom學名加命名者階層重複,https://vvtaxatree.tbn.org.tw/taxa/42b88979-7bbd-4ef3-bb45-f8638f018062
dfecdc3b-c661-4254-878d-ed03c16d3f4f,species,Animalia,t0099830,"",Agathidium delicatulum,Agathidium delicatulum,相同Kingdom學名加命名者階層重複,https://vvtaxatree.tbn.org.tw/taxa/dfecdc3b-c661-4254-878d-ed03c16d3f4f
1df999eb-7853-4126-9cde-94869b3d6651,species,Animalia,t0099831,"",Agathidium discretum,Agathidium discretum,相同Kingdom學名加命名者階層重複,https://vvtaxatree.tbn.org.tw/taxa/1df999eb-7853-4126-9cde-94869b3d6651
11f52d6c-7790-40a9-8a03-b6a2245a31c6,species,Animalia,t0099832,"",Agathidium distinguendum,Agathidium distinguendum,相同Kingdom學名加命名者階層重複,https://vvtaxatree.tbn.org.tw/taxa/11f52d6c-7790-40a9-8a03-b6a2245a31c6
c700da23-333d-46eb-a830-c1ab3785c34f,species,Animalia,t0099833,"",Agathidium egregium,Agathidium egregium,相同Kingdom學名加命名者階層重複,https://vvtaxatree.tbn.org.tw/taxa/c700da23-333d-46eb-a830-c1ab3785c34f
55b73537-0d92-4272-9a26-49d44dc75c33,species,Animalia,t0099834,"",Agathidium exoletum,Agathidium exoletum,相同Kingdom學名加命名者階層重複,https://vvtaxatree.tbn.org.tw/taxa/55b73537-0d92-4272-9a26-49d44dc75c33
53290239-c424-4874-b07c-ad32a1d37201,species,Animalia,t0099835,"",Agathidium familiare,Agathidium familiare,相同Kingdom學名加命名者階層重複,https://vvtaxatree.tbn.org.tw/taxa/53290239-c424-4874-b07c-ad32a1d37201
c2ee24d3-49ed-4525-9884-85ae163a8f91,species,Animalia,t0099836,"",Agathidium fenestratum,Agathidium fenestratum,相同Kingdom學名加命名者階層重複,https://vvtaxatree.tbn.org.tw/taxa/c2ee24d3-49ed-4525-9884-85ae163a8f91
8a1f265c-3905-4e8f-93f1-a96b2417dbee,species,Animalia,t0099837,"",Agathidium formosum,Agathidium formosum,相同Kingdom學名加命名者階層重複,https://vvtaxatree.tbn.org.tw/taxa/8a1f265c-3905-4e8f-93f1-a96b2417dbee
07e2c856-bc11-435c-b4f2-ef6106bb1b5d,species,Animalia,t0099838,"",Agathidium fuliginosum,Agathidium fuliginosum,相同Kingdom學名加命名者階層重複,https://vvtaxatree.tbn.org.tw/taxa/07e2c856-bc11-435c-b4f2-ef6106bb1b5d
3c7ffe0d-1c23-4a82-a071-499025094739,species,Animalia,t0099839,"",Agathidium furcatum,Agathidium furcatum,相同Kingdom學名加命名者階層重複,https://vvtaxatree.tbn.org.tw/taxa/3c7ffe0d-1c23-4a82-a071-499025094739
b55794cd-1148-46a8-9530-4bde428a65a5,species,Animalia,t0099840,"",Agathidium fuscum,Agathidium fuscum,相同Kingdom學名加命名者階層重複,https://vvtaxatree.tbn.org.tw/taxa/b55794cd-1148-46a8-9530-4bde428a65a5
22961beb-a430-4434-80e2-d48297b43487,species,Animalia,t0099841,"",Agathidium glabricolle,Agathidium glabricolle,相同Kingdom學名加命名者階層重複,https://vvtaxatree.tbn.org.tw/taxa/22961beb-a430-4434-80e2-d48297b43487
f4359489-66e6-4db8-8674-83d2e8aef179,species,Animalia,t0099842,"",Agathidium griseum,Agathidium griseum,相同Kingdom學名加命名者階層重複,https://vvtaxatree.tbn.org.tw/taxa/f4359489-66e6-4db8-8674-83d2e8aef179
1b288c68-9a35-4797-8427-2a91affaf518,species,Animalia,t0099843,"",Agathidium grossum,Agathidium grossum,相同Kingdom學名加命名者階層重複,https://vvtaxatree.tbn.org.tw/taxa/1b288c68-9a35-4797-8427-2a91affaf518
dfcbf3f6-964f-4ba7-8c44-e5e12f37615d,species,Animalia,t0099844,"",Agathidium honestum,Agathidium honestum,相同Kingdom學名加命名者階層重複,https://vvtaxatree.tbn.org.tw/taxa/dfcbf3f6-964f-4ba7-8c44-e5e12f37615d
7458f83f-f5b5-47f2-8ff6-f10deead711e,species,Animalia,t0099845,"",Agathidium intricatum,Agathidium intricatum,相同Kingdom學名加命名者階層重複,https://vvtaxatree.tbn.org.tw/taxa/7458f83f-f5b5-47f2-8ff6-f10deead711e
9aeb252e-f775-4e4c-ac5c-ebc3c7794cec,species,Animalia,t0099846,"",Agathidium inustum,Agathidium inustum,相同Kingdom學名加命名者階層重複,https://vvtaxatree.tbn.org.tw/taxa/9aeb252e-f775-4e4c-ac5c-ebc3c7794cec
1ed7fd8e-34a7-4a48-93c1-d122fc4357fd,species,Animalia,t0099847,"",Agathidium kaohsiungense,Agathidium kaohsiungense,相同Kingdom學名加命名者階層重複,https://vvtaxatree.tbn.org.tw/taxa/1ed7fd8e-34a7-4a48-93c1-d122fc4357fd
89ac1a5a-478c-4407-8709-5ff4a1d4679a,species,Animalia,t0099848,"",Agathidium lucidum,Agathidium lucidum,相同Kingdom學名加命名者階層重複,https://vvtaxatree.tbn.org.tw/taxa/89ac1a5a-478c-4407-8709-5ff4a1d4679a
ec784da7-d784-4a69-8393-c08f2f1a1d10,species,Animalia,t0099849,"",Agathidium lucifugum,Agathidium lucifugum,相同Kingdom學名加命名者階層重複,https://vvtaxatree.tbn.org.tw/taxa/ec784da7-d784-4a69-8393-c08f2f1a1d10
cda84cc3-1ef6-4bcd-97f6-067d97d36eac,species,Animalia,t0099850,"",Agathidium lunatum,Agathidium lunatum,相同Kingdom學名加命名者階層重複,https://vvtaxatree.tbn.org.tw/taxa/cda84cc3-1ef6-4bcd-97f6-067d97d36eac
4b44ea4d-d157-4c84-9eb2-786078805ae7,species,Animalia,t0099851,"",Agathidium meifengense,Agathidium meifengense,相同Kingdom學名加命名者階層重複,https://vvtaxatree.tbn.org.tw/taxa/4b44ea4d-d157-4c84-9eb2-786078805ae7
693cdab1-d2af-4fd5-b4b4-34dc8f1fd27e,species,Animalia,t0099852,"",Agathidium melanocephalum,Agathidium melanocephalum,相同Kingdom學名加命名者階層重複,https://vvtaxatree.tbn.org.tw/taxa/693cdab1-d2af-4fd5-b4b4-34dc8f1fd27e
1e12eed1-ea64-4b39-a08f-5b023b2ad9c2,species,Animalia,t0099853,"",Agathidium memnonium,Agathidium memnonium,相同Kingdom學名加命名者階層重複,https://vvtaxatree.tbn.org.tw/taxa/1e12eed1-ea64-4b39-a08f-5b023b2ad9c2
04433f2c-c121-47a2-88bb-623cb97253dd,species,Animalia,t0099854,"",Agathidium pictum,Agathidium pictum,相同Kingdom學名加命名者階層重複,https://vvtaxatree.tbn.org.tw/taxa/04433f2c-c121-47a2-88bb-623cb97253dd
53f785ad-4100-4847-bf18-fd0833aee94c,species,Animalia,t0099855,"",Agathidium splendidulum,Agathidium splendidulum,相同Kingdom學名加命名者階層重複,https://vvtaxatree.tbn.org.tw/taxa/53f785ad-4100-4847-bf18-fd0833aee94c
6271e4fe-b27b-436f-b593-6be71ab4fcca,species,Animalia,t0099856,"",Agathidium subalpinum,Agathidium subalpinum,相同Kingdom學名加命名者階層重複,https://vvtaxatree.tbn.org.tw/taxa/6271e4fe-b27b-436f-b593-6be71ab4fcca
212a1b77-52e9-4870-bd6f-035b1a702e81,species,Animalia,t0099857,"",Agathidium subnitidum,Agathidium subnitidum,相同Kingdom學名加命名者階層重複,https://vvtaxatree.tbn.org.tw/taxa/212a1b77-52e9-4870-bd6f-035b1a702e81
3990c1e5-9b94-42c1-b4ac-b6bc1c64db44,species,Animalia,t0099858,"",Agathidium subsinuatum,Agathidium subsinuatum,相同Kingdom學名加命名者階層重複,https://vvtaxatree.tbn.org.tw/taxa/3990c1e5-9b94-42c1-b4ac-b6bc1c64db44
c4081794-684d-4954-8d73-9986ef50f777,species,Animalia,t0099859,"",Agathidium taichungense,Agathidium taichungense,相同Kingdom學名加命名者階層重複,https://vvtaxatree.tbn.org.tw/taxa/c4081794-684d-4954-8d73-9986ef50f777
f111c17e-ef3b-4e62-bdb7-bf8049d988e1,species,Animalia,t0099860,"",Agathidium tardum,Agathidium tardum,相同Kingdom學名加命名者階層重複,https://vvtaxatree.tbn.org.tw/taxa/f111c17e-ef3b-4e62-bdb7-bf8049d988e1
d9c11c42-b89f-4d38-b781-8083e8e7eeca,species,Animalia,t0099861,"",Agathidium tenebroides,Agathidium tenebroides,相同Kingdom學名加命名者階層重複,https://vvtaxatree.tbn.org.tw/taxa/d9c11c42-b89f-4d38-b781-8083e8e7eeca
5fcf7457-fbec-4271-9742-3c7dd49a8cbc,species,Animalia,t0099862,"",Agathidium tessellatum,Agathidium tessellatum,相同Kingdom學名加命名者階層重複,https://vvtaxatree.tbn.org.tw/taxa/5fcf7457-fbec-4271-9742-3c7dd49a8cbc
5b3fcc7c-0d21-442c-a0c8-3f1be52534de,species,Animalia,t0099863,"",Agathidium umbratum,Agathidium umbratum,相同Kingdom學名加命名者階層重複,https://vvtaxatree.tbn.org.tw/taxa/5b3fcc7c-0d21-442c-a0c8-3f1be52534de
238819ce-c0ac-47cc-ad7a-98c43d2edfd5,species,Animalia,t0099864,"",Agathidium geniculatum,Agathidium geniculatum,相同Kingdom學名加命名者階層重複,https://vvtaxatree.tbn.org.tw/taxa/238819ce-c0ac-47cc-ad7a-98c43d2edfd5
65a07e35-effa-401b-9d1f-8b30a1f03cfc,species,Animalia,t0099865,"",Agathidium inquisitor,Agathidium inquisitor,相同Kingdom學名加命名者階層重複,https://vvtaxatree.tbn.org.tw/taxa/65a07e35-effa-401b-9d1f-8b30a1f03cfc
28ffe8ad-985a-4c25-8fa1-8e5e64468528,species,Animalia,t0099866,"",Agathidium yushanicum,Agathidium yushanicum,相同Kingdom學名加命名者階層重複,https://vvtaxatree.tbn.org.tw/taxa/28ffe8ad-985a-4c25-8fa1-8e5e64468528
4f7f38e1-4c7a-4eee-b514-b13f07482bec,species,Animalia,t0099867,"",Agathidium oblitum,Agathidium oblitum,相同Kingdom學名加命名者階層重複,https://vvtaxatree.tbn.org.tw/taxa/4f7f38e1-4c7a-4eee-b514-b13f07482bec
dc3aeea9-45bb-4725-9c9a-323efdd83642,species,Animalia,t0099868,"",Agathidium amictum,Agathidium amictum,相同Kingdom學名加命名者階層重複,https://vvtaxatree.tbn.org.tw/taxa/dc3aeea9-45bb-4725-9c9a-323efdd83642
b96fce34-a8cd-48f8-a756-e9b17cbeeda2,species,Animalia,t0099869,"",Agathidium fenchihuense,Agathidium fenchihuense,相同Kingdom學名加命名者階層重複,https://vvtaxatree.tbn.org.tw/taxa/b96fce34-a8cd-48f8-a756-e9b17cbeeda2
77d15bd9-6cf5-4100-b625-0da30c6bdb37,species,Animalia,t0099870,"",Agathidium klapperichi,Agathidium klapperichi,相同Kingdom學名加命名者階層重複,https://vvtaxatree.tbn.org.tw/taxa/77d15bd9-6cf5-4100-b625-0da30c6bdb37
bde8eeb4-3cad-40ee-90fa-81016ce5360f,species,Animalia,t0099871,"",Agathidium serratum,Agathidium serratum,相同Kingdom學名加命名者階層重複,https://vvtaxatree.tbn.org.tw/taxa/bde8eeb4-3cad-40ee-90fa-81016ce5360f
a8bd4bc7-ed55-4421-997d-b601dfbaf638,species,Animalia,t0099872,"",Agathidium taiwanense,Agathidium taiwanense,相同Kingdom學名加命名者階層重複,https://vvtaxatree.tbn.org.tw/taxa/a8bd4bc7-ed55-4421-997d-b601dfbaf638
bd7428b1-2e12-4071-ae9a-69ece4c8043e,species,Animalia,t0099873,"",Agathidium venustum,Agathidium venustum,相同Kingdom學名加命名者階層重複,https://vvtaxatree.tbn.org.tw/taxa/bd7428b1-2e12-4071-ae9a-69ece4c8043e
7d44fb04-dc2a-46a7-831c-0d9dd5c12c59,species,Animalia,t0099874,"",Agathidium kyotoense,Agathidium kyotoense,相同Kingdom學名加命名者階層重複,https://vvtaxatree.tbn.org.tw/taxa/7d44fb04-dc2a-46a7-831c-0d9dd5c12c59
045e9308-6cbb-485d-b9bf-9fa34cf62f53,species,Animalia,t0099875,"",Agathidium nigrocastaneum,Agathidium nigrocastaneum,相同Kingdom學名加命名者階層重複,https://vvtaxatree.tbn.org.tw/taxa/045e9308-6cbb-485d-b9bf-9fa34cf62f53
22ad6219-6841-428b-a34d-89786af835ed,species,Animalia,t0099876,"",Agathidium praeustum,Agathidium praeustum,相同Kingdom學名加命名者階層重複,https://vvtaxatree.tbn.org.tw/taxa/22ad6219-6841-428b-a34d-89786af835ed
87a3f7a4-5b6b-4486-901b-c7a2cae575e5,species,Animalia,t0099877,"",Agathidium rufomarginatum,Agathidium rufomarginatum,相同Kingdom學名加命名者階層重複,https://vvtaxatree.tbn.org.tw/taxa/87a3f7a4-5b6b-4486-901b-c7a2cae575e5
5a7b677c-26b2-44a6-ad46-9043493c9037,species,Animalia,t0099878,"",Agathidium tarokoense,Agathidium tarokoense,相同Kingdom學名加命名者階層重複,https://vvtaxatree.tbn.org.tw/taxa/5a7b677c-26b2-44a6-ad46-9043493c9037
d77c0105-f646-4410-ab2b-9da2d2dcd011,species,Animalia,t0099879,"",Agathidium vestitum,Agathidium vestitum,相同Kingdom學名加命名者階層重複,https://vvtaxatree.tbn.org.tw/taxa/d77c0105-f646-4410-ab2b-9da2d2dcd011
6b5f63bc-e66d-4a78-901b-01921ce8aa72,species,Animalia,t0099929,"",Amarygmus antecedens,Amarygmus antecedens,相同Kingdom學名加命名者階層重複,https://vvtaxatree.tbn.org.tw/taxa/6b5f63bc-e66d-4a78-901b-01921ce8aa72
ecc0159d-a91d-4645-82b1-0926a727d9cf,species,Animalia,t0099930,"",Amarygmus antecursor,Amarygmus antecursor,相同Kingdom學名加命名者階層重複,https://vvtaxatree.tbn.org.tw/taxa/ecc0159d-a91d-4645-82b1-0926a727d9cf
0b320002-ac76-4816-936c-db7a05159c7c,species,Animalia,t0099984,"",Ankylopteryx gracilis,Ankylopteryx gracilis,相同Kingdom學名加命名者階層重複,https://vvtaxatree.tbn.org.tw/taxa/0b320002-ac76-4816-936c-db7a05159c7c
80dd7764-77d0-4b70-8c96-3dca2d0885d4,species,Animalia,t0099991,"",Anopheles sinensis,Anopheles sinensis,相同Kingdom學名加命名者階層重複,https://vvtaxatree.tbn.org.tw/taxa/80dd7764-77d0-4b70-8c96-3dca2d0885d4
095798c9-aee9-4e1f-a345-4b9e290339f1,species,Animalia,t0099992,"",Anopheles minimus,Anopheles minimus,相同Kingdom學名加命名者階層重複,https://vvtaxatree.tbn.org.tw/taxa/095798c9-aee9-4e1f-a345-4b9e290339f1
723914e5-95d9-43eb-b741-2bcb8913f66d,species,Animalia,t0099993,"",Anopheles takasagoensis,Anopheles takasagoensis,相同Kingdom學名加命名者階層重複,https://vvtaxatree.tbn.org.tw/taxa/723914e5-95d9-43eb-b741-2bcb8913f66d
abd082e2-703d-4a77-9aa6-992965816fa2,species,Animalia,t0099994,"",Anopheles tessellatus,Anopheles tessellatus,相同Kingdom學名加命名者階層重複,https://vvtaxatree.tbn.org.tw/taxa/abd082e2-703d-4a77-9aa6-992965816fa2
2cc79dbf-91b8-448a-ac11-8080a77101cc,species,Animalia,t0100017,"",Anthaxia taiwanensis,Anthaxia taiwanensis,相同Kingdom學名加命名者階層重複,https://vvtaxatree.tbn.org.tw/taxa/2cc79dbf-91b8-448a-ac11-8080a77101cc
a0ac85c6-fd19-4440-bd04-a18a0d3662ab,species,Animalia,t0100018,"",Anthaxia akiyamai,Anthaxia akiyamai,相同Kingdom學名加命名者階層重複,https://vvtaxatree.tbn.org.tw/taxa/a0ac85c6-fd19-4440-bd04-a18a0d3662ab
ee5068ad-b353-4a15-bbe5-22c4a6dd1ccf,species,Animalia,t0100019,"",Anthaxia clio,Anthaxia clio,相同Kingdom學名加命名者階層重複,https://vvtaxatree.tbn.org.tw/taxa/ee5068ad-b353-4a15-bbe5-22c4a6dd1ccf
effbf7a1-5f30-4b85-b947-5eee4eefb935,species,Animalia,t0100020,"",Anthaxia erato,Anthaxia erato,相同Kingdom學名加命名者階層重複,https://vvtaxatree.tbn.org.tw/taxa/effbf7a1-5f30-4b85-b947-5eee4eefb935
790bf3cc-0085-4ae7-93cb-86b253054ab6,species,Animalia,t0100021,"",Anthaxia formosensis,Anthaxia formosensis,相同Kingdom學名加命名者階層重複,https://vvtaxatree.tbn.org.tw/taxa/790bf3cc-0085-4ae7-93cb-86b253054ab6
0ccf2976-3ee0-4ec4-940f-9900696ac7ea,species,Animalia,t0100022,"",Anthaxia kurosawai,Anthaxia kurosawai,相同Kingdom學名加命名者階層重複,https://vvtaxatree.tbn.org.tw/taxa/0ccf2976-3ee0-4ec4-940f-9900696ac7ea
fb74b82c-bd14-4635-b99c-69633a352b22,species,Animalia,t0100023,"",Anthaxia svatopluki,Anthaxia svatopluki,相同Kingdom學名加命名者階層重複,https://vvtaxatree.tbn.org.tw/taxa/fb74b82c-bd14-4635-b99c-69633a352b22
79a6f606-d5ba-459b-ae7d-413ab36969ba,species,Animalia,t0100024,"",Anthaxia toyamai,Anthaxia toyamai,相同Kingdom學名加命名者階層重複,https://vvtaxatree.tbn.org.tw/taxa/79a6f606-d5ba-459b-ae7d-413ab36969ba
51d85183-a802-4057-b446-760e0b64fc42,species,Animalia,t0100025,"",Anthaxia vicesimasexta,Anthaxia vicesimasexta,相同Kingdom學名加命名者階層重複,https://vvtaxatree.tbn.org.tw/taxa/51d85183-a802-4057-b446-760e0b64fc42
e5c8b866-1c85-47cc-ac68-931bb87e456b,species,Animalia,t0100027,"",Anthaxia svatopluki,Anthaxia svatopluki,相同Kingdom學名加命名者階層重複,https://vvtaxatree.tbn.org.tw/taxa/e5c8b866-1c85-47cc-ac68-931bb87e456b
961a220a-4c83-4aab-922b-8c87ebf00b98,species,Animalia,t0100043,"",Antocha bifida,Antocha bifida,相同Kingdom學名加命名者階層重複,https://vvtaxatree.tbn.org.tw/taxa/961a220a-4c83-4aab-922b-8c87ebf00b98
47f08409-1818-4346-931b-4d7846d73e4b,species,Animalia,t0100044,"",Antocha javaensis,Antocha javaensis,相同Kingdom學名加命名者階層重複,https://vvtaxatree.tbn.org.tw/taxa/47f08409-1818-4346-931b-4d7846d73e4b
63f4d7dc-c350-46d3-b61d-c5fd001a40df,species,Animalia,t0100045,"",Antocha styx,Antocha styx,相同Kingdom學名加命名者階層重複,https://vvtaxatree.tbn.org.tw/taxa/63f4d7dc-c350-46d3-b61d-c5fd001a40df
3c8f6250-5298-467d-a975-e7e4f400ecd3,species,Animalia,t0100048,"",Apamea herczigi,Apamea herczigi,相同Kingdom學名加命名者階層重複,https://vvtaxatree.tbn.org.tw/taxa/3c8f6250-5298-467d-a975-e7e4f400ecd3
95cea2cb-af5d-4180-b7d3-445d78f3d2b7,species,Animalia,t0100049,"",Apamea ikerfasciata,Apamea ikerfasciata,相同Kingdom學名加命名者階層重複,https://vvtaxatree.tbn.org.tw/taxa/95cea2cb-af5d-4180-b7d3-445d78f3d2b7
90fd6100-9ed4-47ae-937c-7f47b3c7ea2f,species,Animalia,t0100050,"",Apamea changi,Apamea changi,相同Kingdom學名加命名者階層重複,https://vvtaxatree.tbn.org.tw/taxa/90fd6100-9ed4-47ae-937c-7f47b3c7ea2f
583bdfba-1805-4d32-bb5f-674c3ac0f3ef,species,Animalia,t0100060,"",Aphodius kotoensis,Aphodius kotoensis,相同Kingdom學名加命名者階層重複,https://vvtaxatree.tbn.org.tw/taxa/583bdfba-1805-4d32-bb5f-674c3ac0f3ef
b64443ef-9125-4463-8f06-eae5501ca4b1,species,Animalia,t0100119,"",Asarkina eurytaeniata,Asarkina eurytaeniata,相同Kingdom學名加命名者階層重複,https://vvtaxatree.tbn.org.tw/taxa/b64443ef-9125-4463-8f06-eae5501ca4b1
a0811b3d-446b-4764-a30e-102978cd58ee,species,Animalia,t0100145,"",Atarba issikiana,Atarba issikiana,相同Kingdom學名加命名者階層重複,https://vvtaxatree.tbn.org.tw/taxa/a0811b3d-446b-4764-a30e-102978cd58ee
898f7e29-3243-4eb3-8b14-3898b38739a9,species,Animalia,t0100146,"",Atarba leptoxantha,Atarba leptoxantha,相同Kingdom學名加命名者階層重複,https://vvtaxatree.tbn.org.tw/taxa/898f7e29-3243-4eb3-8b14-3898b38739a9
ad77dfde-1137-4cd4-ba54-d4c9e74901d5,species,Animalia,t0100156,"",Atherigona machligera,Atherigona machligera,相同Kingdom學名加命名者階層重複,https://vvtaxatree.tbn.org.tw/taxa/ad77dfde-1137-4cd4-ba54-d4c9e74901d5
c0417361-9f25-4a27-84d9-ceb68bd725a3,species,Animalia,t0100157,"",Atherigona nigripes,Atherigona nigripes,相同Kingdom學名加命名者階層重複,https://vvtaxatree.tbn.org.tw/taxa/c0417361-9f25-4a27-84d9-ceb68bd725a3
0b344992-4f78-4805-847a-b8682b26bd56,species,Animalia,t0100158,"",Atherigona orientalis,Atherigona orientalis,相同Kingdom學名加命名者階層重複,https://vvtaxatree.tbn.org.tw/taxa/0b344992-4f78-4805-847a-b8682b26bd56
91d993ab-f470-4414-9840-33180e30f94f,species,Animalia,t0100159,"",Atherigona reversura,Atherigona reversura,相同Kingdom學名加命名者階層重複,https://vvtaxatree.tbn.org.tw/taxa/91d993ab-f470-4414-9840-33180e30f94f
b7f8f039-a96d-4177-91a4-9530df36170a,species,Animalia,t0100192,"",Baccha amphithoe,Baccha amphithoe,相同Kingdom學名加命名者階層重複,https://vvtaxatree.tbn.org.tw/taxa/b7f8f039-a96d-4177-91a4-9530df36170a
667c8854-c563-4cc1-806c-02e9a08c0d8e,species,Animalia,t0100193,"",Baccha fallax,Baccha fallax,相同Kingdom學名加命名者階層重複,https://vvtaxatree.tbn.org.tw/taxa/667c8854-c563-4cc1-806c-02e9a08c0d8e
0bd47ed2-eb16-4ce2-aa10-da791ca30217,species,Animalia,t0100194,"",Baccha nubilipennis,Baccha nubilipennis,相同Kingdom學名加命名者階層重複,https://vvtaxatree.tbn.org.tw/taxa/0bd47ed2-eb16-4ce2-aa10-da791ca30217
0f9ddb53-e0bb-49bb-9298-bac9ea8bd1ed,species,Animalia,t0100195,"",Baccha sapphirina,Baccha sapphirina,相同Kingdom學名加命名者階層重複,https://vvtaxatree.tbn.org.tw/taxa/0f9ddb53-e0bb-49bb-9298-bac9ea8bd1ed
024f62e4-1e2b-4faa-b7ee-65b5d3723ccc,species,Animalia,t0100196,"",Baccha maculata,Baccha maculata,相同Kingdom學名加命名者階層重複,https://vvtaxatree.tbn.org.tw/taxa/024f62e4-1e2b-4faa-b7ee-65b5d3723ccc
1299cc9a-b313-433b-b332-9f393aedccde,species,Animalia,t0100206,"",Balanophyllia cornu,Balanophyllia cornu,相同Kingdom學名加命名者階層重複,https://vvtaxatree.tbn.org.tw/taxa/1299cc9a-b313-433b-b332-9f393aedccde
2c4b9c85-107d-4100-8ad2-023672dd4fba,species,Animalia,t0136342,"",Euplectes afer,Euplectes afer,相同Kingdom學名加命名者階層重複,https://vvtaxatree.tbn.org.tw/taxa/2c4b9c85-107d-4100-8ad2-023672dd4fba
44aed2d4-9f4e-4ec9-908c-5c6b8222ffdb,species,Animalia,t0136357,"",Podocnemis unifilis,Podocnemis unifilis,相同Kingdom學名加命名者階層重複,https://vvtaxatree.tbn.org.tw/taxa/44aed2d4-9f4e-4ec9-908c-5c6b8222ffdb
de3ad359-1eaa-4cf6-a7dc-33979dd581d0,infraspecies,Animalia,t0136253,"",Charadrius dubius dubius curonicus,Charadrius dubius dubius curonicus,相同Kingdom學名加命名者階層重複,https://vvtaxatree.tbn.org.tw/taxa/de3ad359-1eaa-4cf6-a7dc-33979dd581d0
8ece7e92-3cd0-460b-96f7-aa1d539d05a7,infraspecies,Animalia,t0136260,"",Accipiter gentilis gentilis schvedowi,Accipiter gentilis gentilis schvedowi,相同Kingdom學名加命名者階層重複,https://vvtaxatree.tbn.org.tw/taxa/8ece7e92-3cd0-460b-96f7-aa1d539d05a7
