taxonUUID,taxonRank,parentUUID,kingdom,simplifiedScientificName,nativeness,protectedStatusTW,categoryRedlistTW,categoryIUCN,groupID,reason,check_column,filtered_values,TT_URL
ce85e6b5-7895-4322-ab6f-5c8c5dfd69c7,infraspecies,00e3de5a-73c9-47e5-9fa1-3306881800e8,Plantae,Cheirostylis tortilacinia rubrifolia,原生 Native,"","資料缺乏（DD, Data Deficient）","",00e3de5a-73c9-47e5-9fa1-3306881800e8,國內紅皮書不同,categoryRedlistTW,"資料缺乏（DD, Data Deficient）;接近受脅（NT, Near Threatened）;",https://vvtaxatree.tbn.org.tw/taxa/ce85e6b5-7895-4322-ab6f-5c8c5dfd69c7
00e3de5a-73c9-47e5-9fa1-3306881800e8,species,47c1aecf-d05e-42b0-97f6-59719cd7204e,Plantae,Cheirostylis tortilacinia,原生 Native,"","接近受脅（NT, Near Threatened）","",00e3de5a-73c9-47e5-9fa1-3306881800e8,國內紅皮書不同,categoryRedlistTW,"資料缺乏（DD, Data Deficient）;接近受脅（NT, Near Threatened）;",https://vvtaxatree.tbn.org.tw/taxa/00e3de5a-73c9-47e5-9fa1-3306881800e8
d2f09a9a-5397-422d-875e-1f22a49e0154,infraspecies,00e3de5a-73c9-47e5-9fa1-3306881800e8,Plantae,Cheirostylis tortilacinia tortilacinia,原生 Native,"","接近受脅（NT, Near Threatened）","",00e3de5a-73c9-47e5-9fa1-3306881800e8,國內紅皮書不同,categoryRedlistTW,"資料缺乏（DD, Data Deficient）;接近受脅（NT, Near Threatened）;",https://vvtaxatree.tbn.org.tw/taxa/d2f09a9a-5397-422d-875e-1f22a49e0154
544f3e5d-29db-43ae-92e3-7bef7fb030f1,infraspecies,00e3de5a-73c9-47e5-9fa1-3306881800e8,Plantae,Cheirostylis tortilacinia wutaiensis,原生 Native,"","","",00e3de5a-73c9-47e5-9fa1-3306881800e8,國內紅皮書不同,categoryRedlistTW,"資料缺乏（DD, Data Deficient）;接近受脅（NT, Near Threatened）;",https://vvtaxatree.tbn.org.tw/taxa/544f3e5d-29db-43ae-92e3-7bef7fb030f1
020cfe70-d7cd-4b60-a9ea-a3e5750cef75,species,37cef62b-c2b3-4f2d-8bb3-2be58aac4398,Plantae,Hemerocallis fulva,原生 Native,"","","",020cfe70-d7cd-4b60-a9ea-a3e5750cef75,國內紅皮書不同,categoryRedlistTW,";資料缺乏（DD, Data Deficient）",https://vvtaxatree.tbn.org.tw/taxa/020cfe70-d7cd-4b60-a9ea-a3e5750cef75
b340ba34-7986-410f-9d8d-f18e58127fb4,infraspecies,020cfe70-d7cd-4b60-a9ea-a3e5750cef75,Plantae,Hemerocallis fulva fulva,外來栽培 Cultivated (non-native),"","","",020cfe70-d7cd-4b60-a9ea-a3e5750cef75,國內紅皮書不同,categoryRedlistTW,";資料缺乏（DD, Data Deficient）",https://vvtaxatree.tbn.org.tw/taxa/b340ba34-7986-410f-9d8d-f18e58127fb4
8f2a9d66-47f7-460c-8e02-edd4b812146b,infraspecies,020cfe70-d7cd-4b60-a9ea-a3e5750cef75,Plantae,Hemerocallis fulva aurantiaca,原生 Native,"","資料缺乏（DD, Data Deficient）","",020cfe70-d7cd-4b60-a9ea-a3e5750cef75,國內紅皮書不同,categoryRedlistTW,";資料缺乏（DD, Data Deficient）",https://vvtaxatree.tbn.org.tw/taxa/8f2a9d66-47f7-460c-8e02-edd4b812146b
b18e3f07-2ac7-4690-bc68-907a2fd099d9,infraspecies,020cfe70-d7cd-4b60-a9ea-a3e5750cef75,Plantae,Hemerocallis fulva kwanso,外來栽培 Cultivated (non-native),"","","",020cfe70-d7cd-4b60-a9ea-a3e5750cef75,國內紅皮書不同,categoryRedlistTW,";資料缺乏（DD, Data Deficient）",https://vvtaxatree.tbn.org.tw/taxa/b18e3f07-2ac7-4690-bc68-907a2fd099d9
06790136-4f2d-435d-8321-ba95fdaf2022,species,a1f3ffa3-2f5a-484f-8b3b-208a65b0b0f1,Plantae,Lilium longiflorum,原生 Native,"","","",06790136-4f2d-435d-8321-ba95fdaf2022,國內紅皮書不同,categoryRedlistTW,";資料缺乏（DD, Data Deficient）;未評估（NE, Not Evaluated）",https://vvtaxatree.tbn.org.tw/taxa/06790136-4f2d-435d-8321-ba95fdaf2022
157c360a-8734-4573-bac0-dcf51499a195,infraspecies,06790136-4f2d-435d-8321-ba95fdaf2022,Plantae,Lilium longiflorum scabrum,原生 Native,"","資料缺乏（DD, Data Deficient）","",06790136-4f2d-435d-8321-ba95fdaf2022,國內紅皮書不同,categoryRedlistTW,";資料缺乏（DD, Data Deficient）;未評估（NE, Not Evaluated）",https://vvtaxatree.tbn.org.tw/taxa/157c360a-8734-4573-bac0-dcf51499a195
c7f93416-6044-4e58-b2f6-6e3817f58b0c,infraspecies,06790136-4f2d-435d-8321-ba95fdaf2022,Plantae,Lilium longiflorum longiflorum,原生 Native,"","未評估（NE, Not Evaluated）","",06790136-4f2d-435d-8321-ba95fdaf2022,國內紅皮書不同,categoryRedlistTW,";資料缺乏（DD, Data Deficient）;未評估（NE, Not Evaluated）",https://vvtaxatree.tbn.org.tw/taxa/c7f93416-6044-4e58-b2f6-6e3817f58b0c
079ed25c-7249-449c-a83e-25cdd9ce7a7a,species,6bc5e829-3e87-41d2-98a7-d6e5c7428e83,Animalia,Apalone spinifera,"","","","暫無危機（LC, Least Concern）",079ed25c-7249-449c-a83e-25cdd9ce7a7a,保育等級不同,protectedStatusTW,;瀕臨絕種保育類野生動物,https://vvtaxatree.tbn.org.tw/taxa/079ed25c-7249-449c-a83e-25cdd9ce7a7a
c103ec4a-5b9a-4c71-a37b-43385db8c294,infraspecies,079ed25c-7249-449c-a83e-25cdd9ce7a7a,Animalia,Apalone spinifera spinifera atra,"",瀕臨絕種保育類野生動物,"","",079ed25c-7249-449c-a83e-25cdd9ce7a7a,保育等級不同,protectedStatusTW,;瀕臨絕種保育類野生動物,https://vvtaxatree.tbn.org.tw/taxa/c103ec4a-5b9a-4c71-a37b-43385db8c294
0b1b6ec6-58f2-4ea5-956c-b61f5513855b,species,b7828a7b-cbdf-4537-b125-393d3868f46a,Plantae,Cordia aspera,原生 Native,"","","",0b1b6ec6-58f2-4ea5-956c-b61f5513855b,國內紅皮書不同,categoryRedlistTW,";瀕危（EN, Endangered）",https://vvtaxatree.tbn.org.tw/taxa/0b1b6ec6-58f2-4ea5-956c-b61f5513855b
4992c206-cd79-466f-a6b1-05fabc5c2d85,infraspecies,0b1b6ec6-58f2-4ea5-956c-b61f5513855b,Plantae,Cordia aspera kanehirae,原生 Native,"","瀕危（EN, Endangered）","",0b1b6ec6-58f2-4ea5-956c-b61f5513855b,國內紅皮書不同,categoryRedlistTW,";瀕危（EN, Endangered）",https://vvtaxatree.tbn.org.tw/taxa/4992c206-cd79-466f-a6b1-05fabc5c2d85
0e1f2e2a-bc86-41ee-adf8-2510d3456ca2,species,e3756125-ad8c-4ef6-b2e3-87020def08a2,Animalia,Limenitis sulpitia,原生 Native,"","接近受脅（NT, Near Threatened）","",0e1f2e2a-bc86-41ee-adf8-2510d3456ca2,國內紅皮書不同,categoryRedlistTW,"接近受脅（NT, Near Threatened）;",https://vvtaxatree.tbn.org.tw/taxa/0e1f2e2a-bc86-41ee-adf8-2510d3456ca2
0bf5311c-8e88-477e-b02e-24450442ecc9,infraspecies,0e1f2e2a-bc86-41ee-adf8-2510d3456ca2,Animalia,Limenitis sulpitia sulpitia tricula,原生 Native,"","接近受脅（NT, Near Threatened）","",0e1f2e2a-bc86-41ee-adf8-2510d3456ca2,國內紅皮書不同,categoryRedlistTW,"接近受脅（NT, Near Threatened）;",https://vvtaxatree.tbn.org.tw/taxa/0bf5311c-8e88-477e-b02e-24450442ecc9
01922a7a-c364-4a9f-9c1b-8ae7bf10c12f,infraspecies,0e1f2e2a-bc86-41ee-adf8-2510d3456ca2,Animalia,Limenitis sulpitia sulpitia sulpitia,原生 Native,"","","",0e1f2e2a-bc86-41ee-adf8-2510d3456ca2,國內紅皮書不同,categoryRedlistTW,"接近受脅（NT, Near Threatened）;",https://vvtaxatree.tbn.org.tw/taxa/01922a7a-c364-4a9f-9c1b-8ae7bf10c12f
0e3617f5-045d-4a97-9372-17a043d4c7cf,species,9ab41363-a069-47b1-8c04-6a761f80b137,Plantae,Vigna angularis,外來栽培 Cultivated (non-native),"","","",0e3617f5-045d-4a97-9372-17a043d4c7cf,國內紅皮書不同,categoryRedlistTW,";資料缺乏（DD, Data Deficient）",https://vvtaxatree.tbn.org.tw/taxa/0e3617f5-045d-4a97-9372-17a043d4c7cf
875d50ed-3225-4aa9-81a9-ff76548e0d1a,infraspecies,0e3617f5-045d-4a97-9372-17a043d4c7cf,Plantae,Vigna angularis nipponensis,原生 Native,"","資料缺乏（DD, Data Deficient）","",0e3617f5-045d-4a97-9372-17a043d4c7cf,國內紅皮書不同,categoryRedlistTW,";資料缺乏（DD, Data Deficient）",https://vvtaxatree.tbn.org.tw/taxa/875d50ed-3225-4aa9-81a9-ff76548e0d1a
0e3b110e-ec2b-4950-b3e0-ccb4659ca62f,species,4923a6c7-7d50-407e-a8c1-d74540c69387,Plantae,Cephalotaxus harringtonii,原生 Native,"","","",0e3b110e-ec2b-4950-b3e0-ccb4659ca62f,國內紅皮書不同,categoryRedlistTW,";易危（VU, Vulnerable）",https://vvtaxatree.tbn.org.tw/taxa/0e3b110e-ec2b-4950-b3e0-ccb4659ca62f
4eef4412-363d-4772-812b-245c4bff04cf,infraspecies,0e3b110e-ec2b-4950-b3e0-ccb4659ca62f,Plantae,Cephalotaxus harringtonii wilsoniana,原生 Native,"","易危（VU, Vulnerable）","",0e3b110e-ec2b-4950-b3e0-ccb4659ca62f,國內紅皮書不同,categoryRedlistTW,";易危（VU, Vulnerable）",https://vvtaxatree.tbn.org.tw/taxa/4eef4412-363d-4772-812b-245c4bff04cf
0f11f4ca-c4f7-46c0-9c9e-11e58d0d4912,species,24265021-198c-4d5b-be64-b37a8b226bd1,Animalia,Limosa lapponica,原生 Native,"","易危（VU, Vulnerable）","接近受脅（NT, Near Threatened）",0f11f4ca-c4f7-46c0-9c9e-11e58d0d4912,IUCN紅皮書不同,categoryIUCN,"接近受脅（NT, Near Threatened）;",https://vvtaxatree.tbn.org.tw/taxa/0f11f4ca-c4f7-46c0-9c9e-11e58d0d4912
82dcdb31-782c-4dc4-a926-9c53011a355e,infraspecies,0f11f4ca-c4f7-46c0-9c9e-11e58d0d4912,Animalia,Limosa lapponica lapponica baueri,原生 Native,"","易危（VU, Vulnerable）","",0f11f4ca-c4f7-46c0-9c9e-11e58d0d4912,IUCN紅皮書不同,categoryIUCN,"接近受脅（NT, Near Threatened）;",https://vvtaxatree.tbn.org.tw/taxa/82dcdb31-782c-4dc4-a926-9c53011a355e
e19ce850-d71b-4fd8-95cf-15ee3fc6f6b1,infraspecies,0f11f4ca-c4f7-46c0-9c9e-11e58d0d4912,Animalia,Limosa lapponica lapponica menzbieri,原生 Native,"","易危（VU, Vulnerable）","",0f11f4ca-c4f7-46c0-9c9e-11e58d0d4912,IUCN紅皮書不同,categoryIUCN,"接近受脅（NT, Near Threatened）;",https://vvtaxatree.tbn.org.tw/taxa/e19ce850-d71b-4fd8-95cf-15ee3fc6f6b1
0fb91a1c-ded5-47cc-882e-fba220e03c26,species,fa0bc1e9-50c5-4008-aa8c-7e31fc0ca16d,Animalia,Phasianus colchicus,原生 Native,珍貴稀有保育類野生動物,"極危（CR, Critically Endangered）","暫無危機（LC, Least Concern）",0fb91a1c-ded5-47cc-882e-fba220e03c26,保育等級不同,protectedStatusTW,珍貴稀有保育類野生動物;,https://vvtaxatree.tbn.org.tw/taxa/0fb91a1c-ded5-47cc-882e-fba220e03c26
9daa4aa9-c9ed-4ed0-83df-4120e5966cf5,infraspecies,0fb91a1c-ded5-47cc-882e-fba220e03c26,Animalia,Phasianus colchicus colchicus formosanus,原生 Native,珍貴稀有保育類野生動物,"極危（CR, Critically Endangered）","",0fb91a1c-ded5-47cc-882e-fba220e03c26,保育等級不同,protectedStatusTW,珍貴稀有保育類野生動物;,https://vvtaxatree.tbn.org.tw/taxa/9daa4aa9-c9ed-4ed0-83df-4120e5966cf5
da946eff-550a-49ef-9c2d-6cafb480ccb9,infraspecies,0fb91a1c-ded5-47cc-882e-fba220e03c26,Animalia,Phasianus colchicus colchicus karpowi,外來 Non-native,"","","",0fb91a1c-ded5-47cc-882e-fba220e03c26,保育等級不同,protectedStatusTW,珍貴稀有保育類野生動物;,https://vvtaxatree.tbn.org.tw/taxa/da946eff-550a-49ef-9c2d-6cafb480ccb9
a248e169-d506-41c9-8490-88a703fd733a,infraspecies,0fb91a1c-ded5-47cc-882e-fba220e03c26,Animalia,Phasianus colchicus colchicus torquatus,外來 Non-native,"","","",0fb91a1c-ded5-47cc-882e-fba220e03c26,保育等級不同,protectedStatusTW,珍貴稀有保育類野生動物;,https://vvtaxatree.tbn.org.tw/taxa/a248e169-d506-41c9-8490-88a703fd733a
0fb91a1c-ded5-47cc-882e-fba220e03c26,species,fa0bc1e9-50c5-4008-aa8c-7e31fc0ca16d,Animalia,Phasianus colchicus,原生 Native,珍貴稀有保育類野生動物,"極危（CR, Critically Endangered）","暫無危機（LC, Least Concern）",0fb91a1c-ded5-47cc-882e-fba220e03c26,國內紅皮書不同,categoryRedlistTW,"極危（CR, Critically Endangered）;",https://vvtaxatree.tbn.org.tw/taxa/0fb91a1c-ded5-47cc-882e-fba220e03c26
9daa4aa9-c9ed-4ed0-83df-4120e5966cf5,infraspecies,0fb91a1c-ded5-47cc-882e-fba220e03c26,Animalia,Phasianus colchicus colchicus formosanus,原生 Native,珍貴稀有保育類野生動物,"極危（CR, Critically Endangered）","",0fb91a1c-ded5-47cc-882e-fba220e03c26,國內紅皮書不同,categoryRedlistTW,"極危（CR, Critically Endangered）;",https://vvtaxatree.tbn.org.tw/taxa/9daa4aa9-c9ed-4ed0-83df-4120e5966cf5
da946eff-550a-49ef-9c2d-6cafb480ccb9,infraspecies,0fb91a1c-ded5-47cc-882e-fba220e03c26,Animalia,Phasianus colchicus colchicus karpowi,外來 Non-native,"","","",0fb91a1c-ded5-47cc-882e-fba220e03c26,國內紅皮書不同,categoryRedlistTW,"極危（CR, Critically Endangered）;",https://vvtaxatree.tbn.org.tw/taxa/da946eff-550a-49ef-9c2d-6cafb480ccb9
a248e169-d506-41c9-8490-88a703fd733a,infraspecies,0fb91a1c-ded5-47cc-882e-fba220e03c26,Animalia,Phasianus colchicus colchicus torquatus,外來 Non-native,"","","",0fb91a1c-ded5-47cc-882e-fba220e03c26,國內紅皮書不同,categoryRedlistTW,"極危（CR, Critically Endangered）;",https://vvtaxatree.tbn.org.tw/taxa/a248e169-d506-41c9-8490-88a703fd733a
11ac79d8-844c-431d-922b-fda00fa39e52,species,a475dd9a-090b-4be7-8af9-6b705ed25668,Animalia,Otus elegans,原生 Native,珍貴稀有保育類野生動物,"接近受脅（NT, Near Threatened）","接近受脅（NT, Near Threatened）",11ac79d8-844c-431d-922b-fda00fa39e52,IUCN紅皮書不同,categoryIUCN,"接近受脅（NT, Near Threatened）;",https://vvtaxatree.tbn.org.tw/taxa/11ac79d8-844c-431d-922b-fda00fa39e52
4e378931-a9f8-44ce-bfee-d28e9450a62c,infraspecies,11ac79d8-844c-431d-922b-fda00fa39e52,Animalia,Otus elegans elegans botelensis,原生 Native,珍貴稀有保育類野生動物,"接近受脅（NT, Near Threatened）","",11ac79d8-844c-431d-922b-fda00fa39e52,IUCN紅皮書不同,categoryIUCN,"接近受脅（NT, Near Threatened）;",https://vvtaxatree.tbn.org.tw/taxa/4e378931-a9f8-44ce-bfee-d28e9450a62c
1204232c-c761-454b-8b04-6a9b03a8db68,species,fdf6cc8e-0af7-4e47-8065-6da794934d9e,Plantae,Abelia chinensis,原生 Native,"","","",1204232c-c761-454b-8b04-6a9b03a8db68,國內紅皮書不同,categoryRedlistTW,";易危（VU, Vulnerable）",https://vvtaxatree.tbn.org.tw/taxa/1204232c-c761-454b-8b04-6a9b03a8db68
70b44a18-a715-4922-a35a-b726f2b70eff,infraspecies,1204232c-c761-454b-8b04-6a9b03a8db68,Plantae,Abelia chinensis ionandra,原生 Native,"","易危（VU, Vulnerable）","",1204232c-c761-454b-8b04-6a9b03a8db68,國內紅皮書不同,categoryRedlistTW,";易危（VU, Vulnerable）",https://vvtaxatree.tbn.org.tw/taxa/70b44a18-a715-4922-a35a-b726f2b70eff
12058242-9d4b-443f-869c-b1227fd1166a,species,0b853dc6-ca43-4c32-9c8e-17e5f84c0e7d,Animalia,Equus zebra,"","","","易危（VU, Vulnerable）",12058242-9d4b-443f-869c-b1227fd1166a,保育等級不同,protectedStatusTW,;珍貴稀有保育類野生動物,https://vvtaxatree.tbn.org.tw/taxa/12058242-9d4b-443f-869c-b1227fd1166a
413a6272-ae9e-4fbc-951c-6e0f6212908e,infraspecies,12058242-9d4b-443f-869c-b1227fd1166a,Animalia,Equus zebra zebra hartmannae,"",珍貴稀有保育類野生動物,"","",12058242-9d4b-443f-869c-b1227fd1166a,保育等級不同,protectedStatusTW,;珍貴稀有保育類野生動物,https://vvtaxatree.tbn.org.tw/taxa/413a6272-ae9e-4fbc-951c-6e0f6212908e
2493a013-eb42-4ebc-bb86-050970c94fe4,infraspecies,12058242-9d4b-443f-869c-b1227fd1166a,Animalia,Equus zebra zebra zebra,"",珍貴稀有保育類野生動物,"","",12058242-9d4b-443f-869c-b1227fd1166a,保育等級不同,protectedStatusTW,;珍貴稀有保育類野生動物,https://vvtaxatree.tbn.org.tw/taxa/2493a013-eb42-4ebc-bb86-050970c94fe4
12058242-9d4b-443f-869c-b1227fd1166a,species,0b853dc6-ca43-4c32-9c8e-17e5f84c0e7d,Animalia,Equus zebra,"","","","易危（VU, Vulnerable）",12058242-9d4b-443f-869c-b1227fd1166a,IUCN紅皮書不同,categoryIUCN,"易危（VU, Vulnerable）;",https://vvtaxatree.tbn.org.tw/taxa/12058242-9d4b-443f-869c-b1227fd1166a
413a6272-ae9e-4fbc-951c-6e0f6212908e,infraspecies,12058242-9d4b-443f-869c-b1227fd1166a,Animalia,Equus zebra zebra hartmannae,"",珍貴稀有保育類野生動物,"","",12058242-9d4b-443f-869c-b1227fd1166a,IUCN紅皮書不同,categoryIUCN,"易危（VU, Vulnerable）;",https://vvtaxatree.tbn.org.tw/taxa/413a6272-ae9e-4fbc-951c-6e0f6212908e
2493a013-eb42-4ebc-bb86-050970c94fe4,infraspecies,12058242-9d4b-443f-869c-b1227fd1166a,Animalia,Equus zebra zebra zebra,"",珍貴稀有保育類野生動物,"","",12058242-9d4b-443f-869c-b1227fd1166a,IUCN紅皮書不同,categoryIUCN,"易危（VU, Vulnerable）;",https://vvtaxatree.tbn.org.tw/taxa/2493a013-eb42-4ebc-bb86-050970c94fe4
124a39ee-9aa4-4ce3-8a38-b45c0529b2c2,species,64fdff0c-91b7-4894-a678-491e5e8ccd1c,Plantae,Saccolabiopsis viridiflora,原生 Native,"","","",124a39ee-9aa4-4ce3-8a38-b45c0529b2c2,國內紅皮書不同,categoryRedlistTW,";瀕危（EN, Endangered）",https://vvtaxatree.tbn.org.tw/taxa/124a39ee-9aa4-4ce3-8a38-b45c0529b2c2
c7e9dab1-4c63-47cb-bbbf-dea5a05fbaf4,infraspecies,124a39ee-9aa4-4ce3-8a38-b45c0529b2c2,Plantae,Saccolabiopsis viridiflora taiwaniana,原生 Native,"","瀕危（EN, Endangered）","",124a39ee-9aa4-4ce3-8a38-b45c0529b2c2,國內紅皮書不同,categoryRedlistTW,";瀕危（EN, Endangered）",https://vvtaxatree.tbn.org.tw/taxa/c7e9dab1-4c63-47cb-bbbf-dea5a05fbaf4
12893a44-eca8-44a1-955f-970705f53bc4,species,bca9f77d-8ad4-46a4-afaa-ceb6de4cb5a3,Animalia,Manis pentadactyla,原生 Native,瀕臨絕種保育類野生動物,"易危（VU, Vulnerable）","極危（CR, Critically Endangered）",12893a44-eca8-44a1-955f-970705f53bc4,保育等級不同,protectedStatusTW,瀕臨絕種保育類野生動物;珍貴稀有保育類野生動物,https://vvtaxatree.tbn.org.tw/taxa/12893a44-eca8-44a1-955f-970705f53bc4
806fa9d6-73f9-4755-beb6-199f7b4fb990,infraspecies,12893a44-eca8-44a1-955f-970705f53bc4,Animalia,Manis pentadactyla pentadactyla pentadactyla,原生 Native,珍貴稀有保育類野生動物,"易危（VU, Vulnerable）","",12893a44-eca8-44a1-955f-970705f53bc4,保育等級不同,protectedStatusTW,瀕臨絕種保育類野生動物;珍貴稀有保育類野生動物,https://vvtaxatree.tbn.org.tw/taxa/806fa9d6-73f9-4755-beb6-199f7b4fb990
12893a44-eca8-44a1-955f-970705f53bc4,species,bca9f77d-8ad4-46a4-afaa-ceb6de4cb5a3,Animalia,Manis pentadactyla,原生 Native,瀕臨絕種保育類野生動物,"易危（VU, Vulnerable）","極危（CR, Critically Endangered）",12893a44-eca8-44a1-955f-970705f53bc4,IUCN紅皮書不同,categoryIUCN,"極危（CR, Critically Endangered）;",https://vvtaxatree.tbn.org.tw/taxa/12893a44-eca8-44a1-955f-970705f53bc4
806fa9d6-73f9-4755-beb6-199f7b4fb990,infraspecies,12893a44-eca8-44a1-955f-970705f53bc4,Animalia,Manis pentadactyla pentadactyla pentadactyla,原生 Native,珍貴稀有保育類野生動物,"易危（VU, Vulnerable）","",12893a44-eca8-44a1-955f-970705f53bc4,IUCN紅皮書不同,categoryIUCN,"極危（CR, Critically Endangered）;",https://vvtaxatree.tbn.org.tw/taxa/806fa9d6-73f9-4755-beb6-199f7b4fb990
1353c6f7-ea3d-4e3f-b079-81779ecab17b,species,b58ed814-b7d8-4519-ab01-7d166e579b1b,Animalia,Arenaria interpres,原生 Native,"","接近受脅（NT, Near Threatened）","接近受脅（NT, Near Threatened）",1353c6f7-ea3d-4e3f-b079-81779ecab17b,IUCN紅皮書不同,categoryIUCN,"接近受脅（NT, Near Threatened）;",https://vvtaxatree.tbn.org.tw/taxa/1353c6f7-ea3d-4e3f-b079-81779ecab17b
a71fad2a-1d85-42b3-8928-4d34884c0f01,infraspecies,1353c6f7-ea3d-4e3f-b079-81779ecab17b,Animalia,Arenaria interpres interpres interpres,原生 Native,"","接近受脅（NT, Near Threatened）","",1353c6f7-ea3d-4e3f-b079-81779ecab17b,IUCN紅皮書不同,categoryIUCN,"接近受脅（NT, Near Threatened）;",https://vvtaxatree.tbn.org.tw/taxa/a71fad2a-1d85-42b3-8928-4d34884c0f01
163f13dd-975e-4589-a822-dcca68c50dc1,species,59a8e175-9433-45c7-ac2e-4e06d6668f06,Plantae,Bulbophyllum kuanwuense,原生 Native,"","","",163f13dd-975e-4589-a822-dcca68c50dc1,國內紅皮書不同,categoryRedlistTW,";瀕危（EN, Endangered）;接近受脅（NT, Near Threatened）",https://vvtaxatree.tbn.org.tw/taxa/163f13dd-975e-4589-a822-dcca68c50dc1
9dce2010-1de3-4636-9a98-1eb172958ad7,infraspecies,163f13dd-975e-4589-a822-dcca68c50dc1,Plantae,Bulbophyllum kuanwuense kuanwuense,原生 Native,"","瀕危（EN, Endangered）","",163f13dd-975e-4589-a822-dcca68c50dc1,國內紅皮書不同,categoryRedlistTW,";瀕危（EN, Endangered）;接近受脅（NT, Near Threatened）",https://vvtaxatree.tbn.org.tw/taxa/9dce2010-1de3-4636-9a98-1eb172958ad7
bcfd456a-a449-41b2-809d-173e09ea752b,infraspecies,163f13dd-975e-4589-a822-dcca68c50dc1,Plantae,Bulbophyllum kuanwuense peitawuense,原生 Native,"","接近受脅（NT, Near Threatened）","",163f13dd-975e-4589-a822-dcca68c50dc1,國內紅皮書不同,categoryRedlistTW,";瀕危（EN, Endangered）;接近受脅（NT, Near Threatened）",https://vvtaxatree.tbn.org.tw/taxa/bcfd456a-a449-41b2-809d-173e09ea752b
a2ba3d83-a843-46fa-ac9e-3a8dfe5ef746,infraspecies,181862c9-89aa-48f4-899a-872df40af8cb,Animalia,Dorcus hopei hopei formosanus,原生 Native,其他應予保育之野生動物,"","",181862c9-89aa-48f4-899a-872df40af8cb,保育等級不同,protectedStatusTW,其他應予保育之野生動物;,https://vvtaxatree.tbn.org.tw/taxa/a2ba3d83-a843-46fa-ac9e-3a8dfe5ef746
181862c9-89aa-48f4-899a-872df40af8cb,species,3dd5c0a9-1ec2-40b9-8004-51759f92bc04,Animalia,Dorcus hopei,原生 Native,"","","",181862c9-89aa-48f4-899a-872df40af8cb,保育等級不同,protectedStatusTW,其他應予保育之野生動物;,https://vvtaxatree.tbn.org.tw/taxa/181862c9-89aa-48f4-899a-872df40af8cb
40a29be6-7355-4048-b1e2-02b9a72eb1cb,infraspecies,181862c9-89aa-48f4-899a-872df40af8cb,Animalia,Dorcus hopei hopei hopei,"","","","",181862c9-89aa-48f4-899a-872df40af8cb,保育等級不同,protectedStatusTW,其他應予保育之野生動物;,https://vvtaxatree.tbn.org.tw/taxa/40a29be6-7355-4048-b1e2-02b9a72eb1cb
1849c8e1-f973-4be9-b7c1-9d4381d4d383,species,39de130a-dafa-4e21-9c71-c9e1c253831c,Animalia,Epioblasma torulosa,"","","","極危（CR, Critically Endangered）",1849c8e1-f973-4be9-b7c1-9d4381d4d383,保育等級不同,protectedStatusTW,;瀕臨絕種保育類野生動物,https://vvtaxatree.tbn.org.tw/taxa/1849c8e1-f973-4be9-b7c1-9d4381d4d383
c6c1dca4-9c5d-40b1-b18e-0f796b7b6854,infraspecies,1849c8e1-f973-4be9-b7c1-9d4381d4d383,Animalia,Epioblasma torulosa torulosa gubernaculum,"",瀕臨絕種保育類野生動物,"","",1849c8e1-f973-4be9-b7c1-9d4381d4d383,保育等級不同,protectedStatusTW,;瀕臨絕種保育類野生動物,https://vvtaxatree.tbn.org.tw/taxa/c6c1dca4-9c5d-40b1-b18e-0f796b7b6854
05c24d4b-a519-4c4a-8b53-61ce171bb7d3,infraspecies,1849c8e1-f973-4be9-b7c1-9d4381d4d383,Animalia,Epioblasma torulosa torulosa torulosa,"",瀕臨絕種保育類野生動物,"","",1849c8e1-f973-4be9-b7c1-9d4381d4d383,保育等級不同,protectedStatusTW,;瀕臨絕種保育類野生動物,https://vvtaxatree.tbn.org.tw/taxa/05c24d4b-a519-4c4a-8b53-61ce171bb7d3
1849c8e1-f973-4be9-b7c1-9d4381d4d383,species,39de130a-dafa-4e21-9c71-c9e1c253831c,Animalia,Epioblasma torulosa,"","","","極危（CR, Critically Endangered）",1849c8e1-f973-4be9-b7c1-9d4381d4d383,IUCN紅皮書不同,categoryIUCN,"極危（CR, Critically Endangered）;",https://vvtaxatree.tbn.org.tw/taxa/1849c8e1-f973-4be9-b7c1-9d4381d4d383
c6c1dca4-9c5d-40b1-b18e-0f796b7b6854,infraspecies,1849c8e1-f973-4be9-b7c1-9d4381d4d383,Animalia,Epioblasma torulosa torulosa gubernaculum,"",瀕臨絕種保育類野生動物,"","",1849c8e1-f973-4be9-b7c1-9d4381d4d383,IUCN紅皮書不同,categoryIUCN,"極危（CR, Critically Endangered）;",https://vvtaxatree.tbn.org.tw/taxa/c6c1dca4-9c5d-40b1-b18e-0f796b7b6854
05c24d4b-a519-4c4a-8b53-61ce171bb7d3,infraspecies,1849c8e1-f973-4be9-b7c1-9d4381d4d383,Animalia,Epioblasma torulosa torulosa torulosa,"",瀕臨絕種保育類野生動物,"","",1849c8e1-f973-4be9-b7c1-9d4381d4d383,IUCN紅皮書不同,categoryIUCN,"極危（CR, Critically Endangered）;",https://vvtaxatree.tbn.org.tw/taxa/05c24d4b-a519-4c4a-8b53-61ce171bb7d3
1a8b7d76-debb-4ed3-abf1-5c5125b6025f,species,578f61e2-ce09-497a-aeb1-de2c49d28cc9,Animalia,Emberiza aureola,原生 Native,珍貴稀有保育類野生動物,"瀕危（EN, Endangered）","極危（CR, Critically Endangered）",1a8b7d76-debb-4ed3-abf1-5c5125b6025f,IUCN紅皮書不同,categoryIUCN,"極危（CR, Critically Endangered）;",https://vvtaxatree.tbn.org.tw/taxa/1a8b7d76-debb-4ed3-abf1-5c5125b6025f
32917a0d-f100-44dc-a059-ec6f3f6f1730,infraspecies,1a8b7d76-debb-4ed3-abf1-5c5125b6025f,Animalia,Emberiza aureola aureola ornata,原生 Native,珍貴稀有保育類野生動物,"瀕危（EN, Endangered）","",1a8b7d76-debb-4ed3-abf1-5c5125b6025f,IUCN紅皮書不同,categoryIUCN,"極危（CR, Critically Endangered）;",https://vvtaxatree.tbn.org.tw/taxa/32917a0d-f100-44dc-a059-ec6f3f6f1730
1b249c16-186d-489b-ba7a-d0d7210c65f7,species,810623e6-84df-4eca-89c2-2305975b70fe,Plantae,Goodyera velutina,原生 Native,"","","",1b249c16-186d-489b-ba7a-d0d7210c65f7,國內紅皮書不同,categoryRedlistTW,";資料缺乏（DD, Data Deficient）",https://vvtaxatree.tbn.org.tw/taxa/1b249c16-186d-489b-ba7a-d0d7210c65f7
10dbf0f6-68c9-4a2f-881e-7a95150ed6b4,infraspecies,1b249c16-186d-489b-ba7a-d0d7210c65f7,Plantae,Goodyera velutina albo-nervosa,原生 Native,"","資料缺乏（DD, Data Deficient）","",1b249c16-186d-489b-ba7a-d0d7210c65f7,國內紅皮書不同,categoryRedlistTW,";資料缺乏（DD, Data Deficient）",https://vvtaxatree.tbn.org.tw/taxa/10dbf0f6-68c9-4a2f-881e-7a95150ed6b4
1b2bd256-b844-4cb6-bc52-8b377c08ba22,species,41bc70f1-387f-480b-ae45-7e5463ada020,Animalia,Mustela nivalis,原生 Native,"","易危（VU, Vulnerable）","暫無危機（LC, Least Concern）",1b2bd256-b844-4cb6-bc52-8b377c08ba22,保育等級不同,protectedStatusTW,;其他應予保育之野生動物,https://vvtaxatree.tbn.org.tw/taxa/1b2bd256-b844-4cb6-bc52-8b377c08ba22
244cc3d6-0a1b-44ec-a4ca-7394b8e0f2f7,infraspecies,1b2bd256-b844-4cb6-bc52-8b377c08ba22,Animalia,Mustela nivalis nivalis formosana,原生 Native,其他應予保育之野生動物,"易危（VU, Vulnerable）","",1b2bd256-b844-4cb6-bc52-8b377c08ba22,保育等級不同,protectedStatusTW,;其他應予保育之野生動物,https://vvtaxatree.tbn.org.tw/taxa/244cc3d6-0a1b-44ec-a4ca-7394b8e0f2f7
1c05a243-bf84-4805-8f82-8a4209ab41b2,species,621f3529-c408-4c8e-b30b-4e435c8be1a2,Plantae,Arisaema thunbergii,原生 Native,"","","",1c05a243-bf84-4805-8f82-8a4209ab41b2,國內紅皮書不同,categoryRedlistTW,";接近受脅（NT, Near Threatened）",https://vvtaxatree.tbn.org.tw/taxa/1c05a243-bf84-4805-8f82-8a4209ab41b2
20eacfbe-c8e3-47a8-a2cb-611daa765af4,infraspecies,1c05a243-bf84-4805-8f82-8a4209ab41b2,Plantae,Arisaema thunbergii autumnale,原生 Native,"","接近受脅（NT, Near Threatened）","",1c05a243-bf84-4805-8f82-8a4209ab41b2,國內紅皮書不同,categoryRedlistTW,";接近受脅（NT, Near Threatened）",https://vvtaxatree.tbn.org.tw/taxa/20eacfbe-c8e3-47a8-a2cb-611daa765af4
1c250d99-5cd3-48ec-aa5e-3c29bce28430,species,2334abee-46c7-4159-b0a5-32512dd47647,Animalia,Anguilla bicolor,原生 Native,"","易危（VU, Vulnerable）","接近受脅（NT, Near Threatened）",1c250d99-5cd3-48ec-aa5e-3c29bce28430,IUCN紅皮書不同,categoryIUCN,"接近受脅（NT, Near Threatened）;",https://vvtaxatree.tbn.org.tw/taxa/1c250d99-5cd3-48ec-aa5e-3c29bce28430
37aec795-14b1-40a0-ae19-9995f8bc7983,infraspecies,1c250d99-5cd3-48ec-aa5e-3c29bce28430,Animalia,Anguilla bicolor bicolor pacifica,原生 Native,"","易危（VU, Vulnerable）","",1c250d99-5cd3-48ec-aa5e-3c29bce28430,IUCN紅皮書不同,categoryIUCN,"接近受脅（NT, Near Threatened）;",https://vvtaxatree.tbn.org.tw/taxa/37aec795-14b1-40a0-ae19-9995f8bc7983
1c94bd05-a85c-45d5-ac9b-f8652d068fd0,species,82c65949-5ec7-4de4-8d84-3f8fdca01563,Animalia,Caltoris bromus,原生 Native,"","接近受脅（NT, Near Threatened）","",1c94bd05-a85c-45d5-ac9b-f8652d068fd0,國內紅皮書不同,categoryRedlistTW,"接近受脅（NT, Near Threatened）;",https://vvtaxatree.tbn.org.tw/taxa/1c94bd05-a85c-45d5-ac9b-f8652d068fd0
c2a468e5-50ec-484d-8de9-e344da289b00,infraspecies,1c94bd05-a85c-45d5-ac9b-f8652d068fd0,Animalia,Caltoris bromus bromus yanuca,原生 Native,"","接近受脅（NT, Near Threatened）","",1c94bd05-a85c-45d5-ac9b-f8652d068fd0,國內紅皮書不同,categoryRedlistTW,"接近受脅（NT, Near Threatened）;",https://vvtaxatree.tbn.org.tw/taxa/c2a468e5-50ec-484d-8de9-e344da289b00
0ac37021-d481-4e4b-a72c-f7b7539a86c4,infraspecies,1c94bd05-a85c-45d5-ac9b-f8652d068fd0,Animalia,Caltoris bromus bromus bromus,原生 Native,"","","",1c94bd05-a85c-45d5-ac9b-f8652d068fd0,國內紅皮書不同,categoryRedlistTW,"接近受脅（NT, Near Threatened）;",https://vvtaxatree.tbn.org.tw/taxa/0ac37021-d481-4e4b-a72c-f7b7539a86c4
1f9ff515-fe96-4d7c-bd37-9a3d7b89714d,species,acfd2d1a-3530-45ba-8bd3-f77c7650de4f,Plantae,Aconitum fukutomei,原生 Native,"","","",1f9ff515-fe96-4d7c-bd37-9a3d7b89714d,國內紅皮書不同,categoryRedlistTW,";接近受脅（NT, Near Threatened）;易危（VU, Vulnerable）",https://vvtaxatree.tbn.org.tw/taxa/1f9ff515-fe96-4d7c-bd37-9a3d7b89714d
968786d0-f30d-4963-8a2b-543ac4a68105,infraspecies,1f9ff515-fe96-4d7c-bd37-9a3d7b89714d,Plantae,Aconitum fukutomei fukutomei,原生 Native,"","接近受脅（NT, Near Threatened）","",1f9ff515-fe96-4d7c-bd37-9a3d7b89714d,國內紅皮書不同,categoryRedlistTW,";接近受脅（NT, Near Threatened）;易危（VU, Vulnerable）",https://vvtaxatree.tbn.org.tw/taxa/968786d0-f30d-4963-8a2b-543ac4a68105
f6bca131-1bf6-48b3-8a7e-fc0a8f2d7f09,infraspecies,1f9ff515-fe96-4d7c-bd37-9a3d7b89714d,Plantae,Aconitum fukutomei formosanum,原生 Native,"","易危（VU, Vulnerable）","",1f9ff515-fe96-4d7c-bd37-9a3d7b89714d,國內紅皮書不同,categoryRedlistTW,";接近受脅（NT, Near Threatened）;易危（VU, Vulnerable）",https://vvtaxatree.tbn.org.tw/taxa/f6bca131-1bf6-48b3-8a7e-fc0a8f2d7f09
2379bcc2-3530-4f33-b5b9-f32de1e43d18,species,2472b95f-a179-435b-86a6-0bd69187d6c8,Plantae,Rhynchospora rugosa,原生 Native,"","","",2379bcc2-3530-4f33-b5b9-f32de1e43d18,國內紅皮書不同,categoryRedlistTW,";易危（VU, Vulnerable）",https://vvtaxatree.tbn.org.tw/taxa/2379bcc2-3530-4f33-b5b9-f32de1e43d18
41747007-6f28-4330-8b1c-38f59128a6ec,infraspecies,2379bcc2-3530-4f33-b5b9-f32de1e43d18,Plantae,Rhynchospora rugosa brownii,原生 Native,"","易危（VU, Vulnerable）","",2379bcc2-3530-4f33-b5b9-f32de1e43d18,國內紅皮書不同,categoryRedlistTW,";易危（VU, Vulnerable）",https://vvtaxatree.tbn.org.tw/taxa/41747007-6f28-4330-8b1c-38f59128a6ec
2600824c-544e-426f-95c3-5ff9a24788b1,species,bb00313c-78ee-4f9b-ae0d-e01eaf55e04a,Plantae,Thalictrum urbainii,原生 Native,"","","",2600824c-544e-426f-95c3-5ff9a24788b1,國內紅皮書不同,categoryRedlistTW,";易危（VU, Vulnerable）",https://vvtaxatree.tbn.org.tw/taxa/2600824c-544e-426f-95c3-5ff9a24788b1
d88e0b39-5532-4786-af9f-d8751dca6556,infraspecies,2600824c-544e-426f-95c3-5ff9a24788b1,Plantae,Thalictrum urbainii urbainii,原生 Native,"","暫無危機（LC, Least Concern）","",2600824c-544e-426f-95c3-5ff9a24788b1,國內紅皮書不同,categoryRedlistTW,";易危（VU, Vulnerable）",https://vvtaxatree.tbn.org.tw/taxa/d88e0b39-5532-4786-af9f-d8751dca6556
e19602d8-6b0a-4dcf-9a95-aee45ef8e906,infraspecies,2600824c-544e-426f-95c3-5ff9a24788b1,Plantae,Thalictrum urbainii majus,原生 Native,"","易危（VU, Vulnerable）","",2600824c-544e-426f-95c3-5ff9a24788b1,國內紅皮書不同,categoryRedlistTW,";易危（VU, Vulnerable）",https://vvtaxatree.tbn.org.tw/taxa/e19602d8-6b0a-4dcf-9a95-aee45ef8e906
28492608-1d73-454c-9b20-30f595be82fa,species,bf988b38-f9bf-4b34-a681-61c9561030dd,Plantae,Shortia rotundifolia,原生 Native,"","","",28492608-1d73-454c-9b20-30f595be82fa,國內紅皮書不同,categoryRedlistTW,";資料缺乏（DD, Data Deficient）;接近受脅（NT, Near Threatened）",https://vvtaxatree.tbn.org.tw/taxa/28492608-1d73-454c-9b20-30f595be82fa
db846ca0-56a9-4d96-9a9f-381dfe722420,infraspecies,28492608-1d73-454c-9b20-30f595be82fa,Plantae,Shortia rotundifolia rotundifolia,原生 Native,"","資料缺乏（DD, Data Deficient）","",28492608-1d73-454c-9b20-30f595be82fa,國內紅皮書不同,categoryRedlistTW,";資料缺乏（DD, Data Deficient）;接近受脅（NT, Near Threatened）",https://vvtaxatree.tbn.org.tw/taxa/db846ca0-56a9-4d96-9a9f-381dfe722420
5b9422d2-6358-4ca4-98be-e7beb0340c50,infraspecies,28492608-1d73-454c-9b20-30f595be82fa,Plantae,Shortia rotundifolia ritoensis,原生 Native,"","資料缺乏（DD, Data Deficient）","",28492608-1d73-454c-9b20-30f595be82fa,國內紅皮書不同,categoryRedlistTW,";資料缺乏（DD, Data Deficient）;接近受脅（NT, Near Threatened）",https://vvtaxatree.tbn.org.tw/taxa/5b9422d2-6358-4ca4-98be-e7beb0340c50
d6dc5ca6-7ac1-499c-a5a8-b31d2a8d717f,infraspecies,28492608-1d73-454c-9b20-30f595be82fa,Plantae,Shortia rotundifolia subcordata,原生 Native,"","資料缺乏（DD, Data Deficient）","",28492608-1d73-454c-9b20-30f595be82fa,國內紅皮書不同,categoryRedlistTW,";資料缺乏（DD, Data Deficient）;接近受脅（NT, Near Threatened）",https://vvtaxatree.tbn.org.tw/taxa/d6dc5ca6-7ac1-499c-a5a8-b31d2a8d717f
7ea9847e-fbe8-4908-9aad-35e7d4f75c6f,infraspecies,28492608-1d73-454c-9b20-30f595be82fa,Plantae,Shortia rotundifolia transalpine,原生 Native,"","接近受脅（NT, Near Threatened）","",28492608-1d73-454c-9b20-30f595be82fa,國內紅皮書不同,categoryRedlistTW,";資料缺乏（DD, Data Deficient）;接近受脅（NT, Near Threatened）",https://vvtaxatree.tbn.org.tw/taxa/7ea9847e-fbe8-4908-9aad-35e7d4f75c6f
2a1632b8-e6a2-41da-a4ad-786a156068e0,species,975c68e6-da3d-4eee-af06-34042315d75d,Animalia,Numenius arquata,原生 Native,其他應予保育之野生動物,"易危（VU, Vulnerable）","接近受脅（NT, Near Threatened）",2a1632b8-e6a2-41da-a4ad-786a156068e0,IUCN紅皮書不同,categoryIUCN,"接近受脅（NT, Near Threatened）;",https://vvtaxatree.tbn.org.tw/taxa/2a1632b8-e6a2-41da-a4ad-786a156068e0
3e9c051c-f9ba-4590-a1a5-7e3cd6982153,infraspecies,2a1632b8-e6a2-41da-a4ad-786a156068e0,Animalia,Numenius arquata arquata orientalis,原生 Native,其他應予保育之野生動物,"易危（VU, Vulnerable）","",2a1632b8-e6a2-41da-a4ad-786a156068e0,IUCN紅皮書不同,categoryIUCN,"接近受脅（NT, Near Threatened）;",https://vvtaxatree.tbn.org.tw/taxa/3e9c051c-f9ba-4590-a1a5-7e3cd6982153
2a80ba74-db3e-4192-aee0-3b94f8419a6c,species,2b3e003c-f888-42cf-9d2e-4ba4f9356172,Plantae,Jatropha gossypiifolia,外來栽培 Cultivated (non-native),"","","",2a80ba74-db3e-4192-aee0-3b94f8419a6c,國內紅皮書不同,categoryRedlistTW,";未評估（NE, Not Evaluated）",https://vvtaxatree.tbn.org.tw/taxa/2a80ba74-db3e-4192-aee0-3b94f8419a6c
ce80a9dd-6192-4ce0-8dd4-83584226da86,infraspecies,2a80ba74-db3e-4192-aee0-3b94f8419a6c,Plantae,Jatropha gossypiifolia gossypiifolia,外來栽培 Cultivated (non-native),"","未評估（NE, Not Evaluated）","",2a80ba74-db3e-4192-aee0-3b94f8419a6c,國內紅皮書不同,categoryRedlistTW,";未評估（NE, Not Evaluated）",https://vvtaxatree.tbn.org.tw/taxa/ce80a9dd-6192-4ce0-8dd4-83584226da86
2a862abc-81da-4ecd-a184-a7be88aa9146,species,c3c544ae-1712-4c0e-8c2e-b70d4f96b67a,Plantae,Sporobolus indicus,原生 Native,"","","",2a862abc-81da-4ecd-a184-a7be88aa9146,國內紅皮書不同,categoryRedlistTW,";資料缺乏（DD, Data Deficient）",https://vvtaxatree.tbn.org.tw/taxa/2a862abc-81da-4ecd-a184-a7be88aa9146
a7908ab4-60f4-411d-86fb-6780d8bad2cf,infraspecies,2a862abc-81da-4ecd-a184-a7be88aa9146,Plantae,Sporobolus indicus flaccidus,原生 Native,"","資料缺乏（DD, Data Deficient）","",2a862abc-81da-4ecd-a184-a7be88aa9146,國內紅皮書不同,categoryRedlistTW,";資料缺乏（DD, Data Deficient）",https://vvtaxatree.tbn.org.tw/taxa/a7908ab4-60f4-411d-86fb-6780d8bad2cf
c054614e-2d6a-4ab6-99dc-f2139905cead,infraspecies,2a862abc-81da-4ecd-a184-a7be88aa9146,Plantae,Sporobolus indicus major,原生 Native,"","暫無危機（LC, Least Concern）","",2a862abc-81da-4ecd-a184-a7be88aa9146,國內紅皮書不同,categoryRedlistTW,";資料缺乏（DD, Data Deficient）",https://vvtaxatree.tbn.org.tw/taxa/c054614e-2d6a-4ab6-99dc-f2139905cead
2bdec62c-401d-4bb5-8c24-dea025e8f405,species,df132a14-0aeb-4cdc-9aee-1b91742b9284,Animalia,Poephila cincta,"","","","暫無危機（LC, Least Concern）",2bdec62c-401d-4bb5-8c24-dea025e8f405,保育等級不同,protectedStatusTW,;珍貴稀有保育類野生動物,https://vvtaxatree.tbn.org.tw/taxa/2bdec62c-401d-4bb5-8c24-dea025e8f405
8e9d68c2-4a66-421f-b8bd-4f05059abc11,infraspecies,2bdec62c-401d-4bb5-8c24-dea025e8f405,Animalia,Poephila cincta cincta cincta,"",珍貴稀有保育類野生動物,"","",2bdec62c-401d-4bb5-8c24-dea025e8f405,保育等級不同,protectedStatusTW,;珍貴稀有保育類野生動物,https://vvtaxatree.tbn.org.tw/taxa/8e9d68c2-4a66-421f-b8bd-4f05059abc11
2f317a55-2891-4032-9a16-17f27eb8c05b,species,c9dda634-d395-4ee1-a453-268a1abc561c,Plantae,Lecanorchis nigricans,原生 Native,"","","",2f317a55-2891-4032-9a16-17f27eb8c05b,國內紅皮書不同,categoryRedlistTW,";接近受脅（NT, Near Threatened）",https://vvtaxatree.tbn.org.tw/taxa/2f317a55-2891-4032-9a16-17f27eb8c05b
028fff62-ea73-416a-a78d-90317a9f1c96,infraspecies,2f317a55-2891-4032-9a16-17f27eb8c05b,Plantae,Lecanorchis nigricans nigricans,原生 Native,"","接近受脅（NT, Near Threatened）","",2f317a55-2891-4032-9a16-17f27eb8c05b,國內紅皮書不同,categoryRedlistTW,";接近受脅（NT, Near Threatened）",https://vvtaxatree.tbn.org.tw/taxa/028fff62-ea73-416a-a78d-90317a9f1c96
e1d40ddf-1f4f-4bc0-ba68-429290c72cb3,infraspecies,2f317a55-2891-4032-9a16-17f27eb8c05b,Plantae,Lecanorchis nigricans yakusimensis,原生 Native,"","接近受脅（NT, Near Threatened）","",2f317a55-2891-4032-9a16-17f27eb8c05b,國內紅皮書不同,categoryRedlistTW,";接近受脅（NT, Near Threatened）",https://vvtaxatree.tbn.org.tw/taxa/e1d40ddf-1f4f-4bc0-ba68-429290c72cb3
304b1453-92c5-43c5-a817-227bd9aeebd1,species,8c6d64a9-0c7b-4204-9adb-7aecc04df9b7,Animalia,Balaenoptera edeni,原生 Native,瀕臨絕種保育類野生動物,"","暫無危機（LC, Least Concern）",304b1453-92c5-43c5-a817-227bd9aeebd1,保育等級不同,protectedStatusTW,瀕臨絕種保育類野生動物;,https://vvtaxatree.tbn.org.tw/taxa/304b1453-92c5-43c5-a817-227bd9aeebd1
71e0d009-f8f2-43f6-8a8c-c136574d5546,infraspecies,304b1453-92c5-43c5-a817-227bd9aeebd1,Animalia,Balaenoptera edeni edeni brydei,原生 Native,瀕臨絕種保育類野生動物,"","",304b1453-92c5-43c5-a817-227bd9aeebd1,保育等級不同,protectedStatusTW,瀕臨絕種保育類野生動物;,https://vvtaxatree.tbn.org.tw/taxa/71e0d009-f8f2-43f6-8a8c-c136574d5546
7c488333-906a-4eff-aa5c-d5166f3e4e94,infraspecies,304b1453-92c5-43c5-a817-227bd9aeebd1,Animalia,Balaenoptera edeni edeni edeni,"","","","",304b1453-92c5-43c5-a817-227bd9aeebd1,保育等級不同,protectedStatusTW,瀕臨絕種保育類野生動物;,https://vvtaxatree.tbn.org.tw/taxa/7c488333-906a-4eff-aa5c-d5166f3e4e94
30fddbfa-1efd-44a8-ab73-e83ce7113bb4,species,1987a9a7-8ad9-4d44-8d44-90abf3074d00,Animalia,Podiceps auritus,原生 Native,"",不適用,"易危（VU, Vulnerable）",30fddbfa-1efd-44a8-ab73-e83ce7113bb4,IUCN紅皮書不同,categoryIUCN,"易危（VU, Vulnerable）;",https://vvtaxatree.tbn.org.tw/taxa/30fddbfa-1efd-44a8-ab73-e83ce7113bb4
2d70d761-6b25-49b0-8039-719a68adbc28,infraspecies,30fddbfa-1efd-44a8-ab73-e83ce7113bb4,Animalia,Podiceps auritus auritus auritus,原生 Native,"",不適用,"",30fddbfa-1efd-44a8-ab73-e83ce7113bb4,IUCN紅皮書不同,categoryIUCN,"易危（VU, Vulnerable）;",https://vvtaxatree.tbn.org.tw/taxa/2d70d761-6b25-49b0-8039-719a68adbc28
34e500a1-ddaa-44f1-b72a-63c54182ec0d,species,b5a351b4-6258-4570-9f69-eaa4dbabb59e,Animalia,Telicota colon,原生 Native,"","接近受脅（NT, Near Threatened）","",34e500a1-ddaa-44f1-b72a-63c54182ec0d,國內紅皮書不同,categoryRedlistTW,"接近受脅（NT, Near Threatened）;",https://vvtaxatree.tbn.org.tw/taxa/34e500a1-ddaa-44f1-b72a-63c54182ec0d
b22b333e-efd0-4afe-8d41-132073f02be7,infraspecies,34e500a1-ddaa-44f1-b72a-63c54182ec0d,Animalia,Telicota colon colon hayashikeii,原生 Native,"","接近受脅（NT, Near Threatened）","",34e500a1-ddaa-44f1-b72a-63c54182ec0d,國內紅皮書不同,categoryRedlistTW,"接近受脅（NT, Near Threatened）;",https://vvtaxatree.tbn.org.tw/taxa/b22b333e-efd0-4afe-8d41-132073f02be7
a1e4ecc0-5930-43db-9db1-92bd302faf13,infraspecies,34e500a1-ddaa-44f1-b72a-63c54182ec0d,Animalia,Telicota colon colon stinga,原生 Native,"","","",34e500a1-ddaa-44f1-b72a-63c54182ec0d,國內紅皮書不同,categoryRedlistTW,"接近受脅（NT, Near Threatened）;",https://vvtaxatree.tbn.org.tw/taxa/a1e4ecc0-5930-43db-9db1-92bd302faf13
36bce64a-8109-4cb1-8beb-5e85b7470b63,species,dc98f3b7-3fe5-4988-9406-5f80fa895fc5,Animalia,Grus canadensis,"",珍貴稀有保育類野生動物,"","暫無危機（LC, Least Concern）",36bce64a-8109-4cb1-8beb-5e85b7470b63,保育等級不同,protectedStatusTW,珍貴稀有保育類野生動物;瀕臨絕種保育類野生動物,https://vvtaxatree.tbn.org.tw/taxa/36bce64a-8109-4cb1-8beb-5e85b7470b63
c3acd43e-bb02-4f13-99eb-5ed8fc263816,infraspecies,36bce64a-8109-4cb1-8beb-5e85b7470b63,Animalia,Grus canadensis canadensis nesiotes,"",瀕臨絕種保育類野生動物,"","",36bce64a-8109-4cb1-8beb-5e85b7470b63,保育等級不同,protectedStatusTW,珍貴稀有保育類野生動物;瀕臨絕種保育類野生動物,https://vvtaxatree.tbn.org.tw/taxa/c3acd43e-bb02-4f13-99eb-5ed8fc263816
78ec5343-0143-40d9-b9a8-a701015bcbc6,infraspecies,36bce64a-8109-4cb1-8beb-5e85b7470b63,Animalia,Grus canadensis canadensis pulla,"",瀕臨絕種保育類野生動物,"","",36bce64a-8109-4cb1-8beb-5e85b7470b63,保育等級不同,protectedStatusTW,珍貴稀有保育類野生動物;瀕臨絕種保育類野生動物,https://vvtaxatree.tbn.org.tw/taxa/78ec5343-0143-40d9-b9a8-a701015bcbc6
391a6826-6340-41cc-9d0d-a47795f15b4d,species,a8997263-cfa0-4ee9-be2d-860510923ba4,Plantae,Eleocharis congesta,原生 Native,"","","",391a6826-6340-41cc-9d0d-a47795f15b4d,國內紅皮書不同,categoryRedlistTW,";資料缺乏（DD, Data Deficient）;易危（VU, Vulnerable）",https://vvtaxatree.tbn.org.tw/taxa/391a6826-6340-41cc-9d0d-a47795f15b4d
ddb257c3-4838-4eeb-98a8-c267493d98e2,infraspecies,391a6826-6340-41cc-9d0d-a47795f15b4d,Plantae,Eleocharis congesta japonica,原生 Native,"","暫無危機（LC, Least Concern）","",391a6826-6340-41cc-9d0d-a47795f15b4d,國內紅皮書不同,categoryRedlistTW,";資料缺乏（DD, Data Deficient）;易危（VU, Vulnerable）",https://vvtaxatree.tbn.org.tw/taxa/ddb257c3-4838-4eeb-98a8-c267493d98e2
f80b2eff-363e-4fcf-9a85-246b9fb7876f,infraspecies,391a6826-6340-41cc-9d0d-a47795f15b4d,Plantae,Eleocharis congesta subvivipara,原生 Native,"","資料缺乏（DD, Data Deficient）","",391a6826-6340-41cc-9d0d-a47795f15b4d,國內紅皮書不同,categoryRedlistTW,";資料缺乏（DD, Data Deficient）;易危（VU, Vulnerable）",https://vvtaxatree.tbn.org.tw/taxa/f80b2eff-363e-4fcf-9a85-246b9fb7876f
cc911af6-aa40-4340-b42f-fa6e01743c8f,infraspecies,391a6826-6340-41cc-9d0d-a47795f15b4d,Plantae,Eleocharis congesta thermalis,原生 Native,"","易危（VU, Vulnerable）","",391a6826-6340-41cc-9d0d-a47795f15b4d,國內紅皮書不同,categoryRedlistTW,";資料缺乏（DD, Data Deficient）;易危（VU, Vulnerable）",https://vvtaxatree.tbn.org.tw/taxa/cc911af6-aa40-4340-b42f-fa6e01743c8f
395d699e-31ec-4ac9-8cdd-83a0c86b5a15,species,46135fab-9eea-4b34-a23c-2dc5eca8b60e,Plantae,Keteleeria davidiana,原生 Native,"","","",395d699e-31ec-4ac9-8cdd-83a0c86b5a15,國內紅皮書不同,categoryRedlistTW,";極危（CR, Critically Endangered）",https://vvtaxatree.tbn.org.tw/taxa/395d699e-31ec-4ac9-8cdd-83a0c86b5a15
3cdaeaf0-c671-4edc-89b9-94aca3b0ab74,infraspecies,395d699e-31ec-4ac9-8cdd-83a0c86b5a15,Plantae,Keteleeria davidiana formosana,原生 Native,"","極危（CR, Critically Endangered）","",395d699e-31ec-4ac9-8cdd-83a0c86b5a15,國內紅皮書不同,categoryRedlistTW,";極危（CR, Critically Endangered）",https://vvtaxatree.tbn.org.tw/taxa/3cdaeaf0-c671-4edc-89b9-94aca3b0ab74
a9183dca-3918-4411-866b-60b131e5efdc,infraspecies,395d699e-31ec-4ac9-8cdd-83a0c86b5a15,Plantae,Keteleeria davidiana calcarea,境外 Overseas,"","","",395d699e-31ec-4ac9-8cdd-83a0c86b5a15,國內紅皮書不同,categoryRedlistTW,";極危（CR, Critically Endangered）",https://vvtaxatree.tbn.org.tw/taxa/a9183dca-3918-4411-866b-60b131e5efdc
64fe5fb8-6251-470e-848d-be767890d803,infraspecies,395d699e-31ec-4ac9-8cdd-83a0c86b5a15,Plantae,Keteleeria davidiana davidiana,境外 Overseas,"","","",395d699e-31ec-4ac9-8cdd-83a0c86b5a15,國內紅皮書不同,categoryRedlistTW,";極危（CR, Critically Endangered）",https://vvtaxatree.tbn.org.tw/taxa/64fe5fb8-6251-470e-848d-be767890d803
3b303890-148e-4cec-b22e-1fff7312a11d,species,0b853dc6-ca43-4c32-9c8e-17e5f84c0e7d,Animalia,Equus hemionus,"",珍貴稀有保育類野生動物,"","接近受脅（NT, Near Threatened）",3b303890-148e-4cec-b22e-1fff7312a11d,保育等級不同,protectedStatusTW,珍貴稀有保育類野生動物;瀕臨絕種保育類野生動物,https://vvtaxatree.tbn.org.tw/taxa/3b303890-148e-4cec-b22e-1fff7312a11d
d5c9ed28-5ae3-43fc-b6d8-77bc3b3c75b2,infraspecies,3b303890-148e-4cec-b22e-1fff7312a11d,Animalia,Equus hemionus hemionus hemionus,"",瀕臨絕種保育類野生動物,"","",3b303890-148e-4cec-b22e-1fff7312a11d,保育等級不同,protectedStatusTW,珍貴稀有保育類野生動物;瀕臨絕種保育類野生動物,https://vvtaxatree.tbn.org.tw/taxa/d5c9ed28-5ae3-43fc-b6d8-77bc3b3c75b2
9608cfb9-6eda-4af7-8a11-897d6dd8e40f,infraspecies,3b303890-148e-4cec-b22e-1fff7312a11d,Animalia,Equus hemionus hemionus khur,"",瀕臨絕種保育類野生動物,"","",3b303890-148e-4cec-b22e-1fff7312a11d,保育等級不同,protectedStatusTW,珍貴稀有保育類野生動物;瀕臨絕種保育類野生動物,https://vvtaxatree.tbn.org.tw/taxa/9608cfb9-6eda-4af7-8a11-897d6dd8e40f
3b303890-148e-4cec-b22e-1fff7312a11d,species,0b853dc6-ca43-4c32-9c8e-17e5f84c0e7d,Animalia,Equus hemionus,"",珍貴稀有保育類野生動物,"","接近受脅（NT, Near Threatened）",3b303890-148e-4cec-b22e-1fff7312a11d,IUCN紅皮書不同,categoryIUCN,"接近受脅（NT, Near Threatened）;",https://vvtaxatree.tbn.org.tw/taxa/3b303890-148e-4cec-b22e-1fff7312a11d
d5c9ed28-5ae3-43fc-b6d8-77bc3b3c75b2,infraspecies,3b303890-148e-4cec-b22e-1fff7312a11d,Animalia,Equus hemionus hemionus hemionus,"",瀕臨絕種保育類野生動物,"","",3b303890-148e-4cec-b22e-1fff7312a11d,IUCN紅皮書不同,categoryIUCN,"接近受脅（NT, Near Threatened）;",https://vvtaxatree.tbn.org.tw/taxa/d5c9ed28-5ae3-43fc-b6d8-77bc3b3c75b2
9608cfb9-6eda-4af7-8a11-897d6dd8e40f,infraspecies,3b303890-148e-4cec-b22e-1fff7312a11d,Animalia,Equus hemionus hemionus khur,"",瀕臨絕種保育類野生動物,"","",3b303890-148e-4cec-b22e-1fff7312a11d,IUCN紅皮書不同,categoryIUCN,"接近受脅（NT, Near Threatened）;",https://vvtaxatree.tbn.org.tw/taxa/9608cfb9-6eda-4af7-8a11-897d6dd8e40f
3b6cd76e-f658-4cc7-9625-ba0aeaa8d576,species,59a8e175-9433-45c7-ac2e-4e06d6668f06,Plantae,Bulbophyllum electrinum,原生 Native,"","","",3b6cd76e-f658-4cc7-9625-ba0aeaa8d576,國內紅皮書不同,categoryRedlistTW,";資料缺乏（DD, Data Deficient）;易危（VU, Vulnerable）",https://vvtaxatree.tbn.org.tw/taxa/3b6cd76e-f658-4cc7-9625-ba0aeaa8d576
f0920008-acd9-4790-8e44-e7873a3d839e,infraspecies,3b6cd76e-f658-4cc7-9625-ba0aeaa8d576,Plantae,Bulbophyllum electrinum calvum,原生 Native,"","資料缺乏（DD, Data Deficient）","",3b6cd76e-f658-4cc7-9625-ba0aeaa8d576,國內紅皮書不同,categoryRedlistTW,";資料缺乏（DD, Data Deficient）;易危（VU, Vulnerable）",https://vvtaxatree.tbn.org.tw/taxa/f0920008-acd9-4790-8e44-e7873a3d839e
00a1ecf8-7c15-4f80-959a-2e92a4c27127,infraspecies,3b6cd76e-f658-4cc7-9625-ba0aeaa8d576,Plantae,Bulbophyllum electrinum sui,原生 Native,"","易危（VU, Vulnerable）","",3b6cd76e-f658-4cc7-9625-ba0aeaa8d576,國內紅皮書不同,categoryRedlistTW,";資料缺乏（DD, Data Deficient）;易危（VU, Vulnerable）",https://vvtaxatree.tbn.org.tw/taxa/00a1ecf8-7c15-4f80-959a-2e92a4c27127
3d088f56-0d6f-4d18-a4ef-2116849712a7,species,8618561d-7f31-4795-8abf-f9cb3ab60d04,Animalia,Hirundo javanica,原生 Native,"","","暫無危機（LC, Least Concern）",3d088f56-0d6f-4d18-a4ef-2116849712a7,國內紅皮書不同,categoryRedlistTW,";接近受脅（NT, Near Threatened）",https://vvtaxatree.tbn.org.tw/taxa/3d088f56-0d6f-4d18-a4ef-2116849712a7
67f4b13c-b4da-4b62-9f05-bcd433c5cdd5,infraspecies,3d088f56-0d6f-4d18-a4ef-2116849712a7,Animalia,Hirundo javanica javanica namiyei,原生 Native,"","接近受脅（NT, Near Threatened）","",3d088f56-0d6f-4d18-a4ef-2116849712a7,國內紅皮書不同,categoryRedlistTW,";接近受脅（NT, Near Threatened）",https://vvtaxatree.tbn.org.tw/taxa/67f4b13c-b4da-4b62-9f05-bcd433c5cdd5
0ec707fe-c1d1-479d-9f3a-dbb657fbfb21,infraspecies,3d088f56-0d6f-4d18-a4ef-2116849712a7,Animalia,Hirundo javanica javanica javanica,原生 Native,"","接近受脅（NT, Near Threatened）","",3d088f56-0d6f-4d18-a4ef-2116849712a7,國內紅皮書不同,categoryRedlistTW,";接近受脅（NT, Near Threatened）",https://vvtaxatree.tbn.org.tw/taxa/0ec707fe-c1d1-479d-9f3a-dbb657fbfb21
3eb425b9-85a9-42b4-b7c4-a4bfde6c14da,species,562d4ae5-0080-4b64-8b96-9db10c3017d8,Animalia,Pseudobulweria rostrata,原生 Native,"","","接近受脅（NT, Near Threatened）",3eb425b9-85a9-42b4-b7c4-a4bfde6c14da,IUCN紅皮書不同,categoryIUCN,"接近受脅（NT, Near Threatened）;",https://vvtaxatree.tbn.org.tw/taxa/3eb425b9-85a9-42b4-b7c4-a4bfde6c14da
c30b1bfd-5e73-402e-8ff3-eb94e1c08ade,infraspecies,3eb425b9-85a9-42b4-b7c4-a4bfde6c14da,Animalia,Pseudobulweria rostrata rostrata rostrata,原生 Native,"","","",3eb425b9-85a9-42b4-b7c4-a4bfde6c14da,IUCN紅皮書不同,categoryIUCN,"接近受脅（NT, Near Threatened）;",https://vvtaxatree.tbn.org.tw/taxa/c30b1bfd-5e73-402e-8ff3-eb94e1c08ade
42815eea-f398-4c52-a399-b7675052113e,species,203b0093-6f11-42dd-ae99-769c10328f85,Animalia,Plecoglossus altivelis,原生 Native,"","區域滅絕（RE, Regionally Extinct）","資料缺乏（DD, Data Deficient）",42815eea-f398-4c52-a399-b7675052113e,IUCN紅皮書不同,categoryIUCN,"資料缺乏（DD, Data Deficient）;",https://vvtaxatree.tbn.org.tw/taxa/42815eea-f398-4c52-a399-b7675052113e
ca2b07d8-03bc-42b2-b824-6f8bcae73e8c,infraspecies,42815eea-f398-4c52-a399-b7675052113e,Animalia,Plecoglossus altivelis altivelis altivelis,原生 Native,"","區域滅絕（RE, Regionally Extinct）","",42815eea-f398-4c52-a399-b7675052113e,IUCN紅皮書不同,categoryIUCN,"資料缺乏（DD, Data Deficient）;",https://vvtaxatree.tbn.org.tw/taxa/ca2b07d8-03bc-42b2-b824-6f8bcae73e8c
42b8521a-6f99-428c-9738-e078aa3661fb,species,9ed28688-74c0-46f1-a0c3-beeb1338366b,Plantae,Schizachyrium fragile,原生 Native,"","","",42b8521a-6f99-428c-9738-e078aa3661fb,國內紅皮書不同,categoryRedlistTW,";資料缺乏（DD, Data Deficient）",https://vvtaxatree.tbn.org.tw/taxa/42b8521a-6f99-428c-9738-e078aa3661fb
4a4cb787-826b-45ff-b854-be621b31f484,infraspecies,42b8521a-6f99-428c-9738-e078aa3661fb,Plantae,Schizachyrium fragile shimadae,原生 Native,"","資料缺乏（DD, Data Deficient）","",42b8521a-6f99-428c-9738-e078aa3661fb,國內紅皮書不同,categoryRedlistTW,";資料缺乏（DD, Data Deficient）",https://vvtaxatree.tbn.org.tw/taxa/4a4cb787-826b-45ff-b854-be621b31f484
42d369c9-46a9-435a-b860-e69f87faf0a1,species,c3bde7f1-1bfe-4d35-bd3f-18df3594ea8f,Animalia,Ateles geoffroyi,"",珍貴稀有保育類野生動物,"","瀕危（EN, Endangered）",42d369c9-46a9-435a-b860-e69f87faf0a1,保育等級不同,protectedStatusTW,珍貴稀有保育類野生動物;瀕臨絕種保育類野生動物,https://vvtaxatree.tbn.org.tw/taxa/42d369c9-46a9-435a-b860-e69f87faf0a1
f0e9e5b2-2379-4770-bc60-68e54fec9b5c,infraspecies,42d369c9-46a9-435a-b860-e69f87faf0a1,Animalia,Ateles geoffroyi geoffroyi frontatus,"",瀕臨絕種保育類野生動物,"","",42d369c9-46a9-435a-b860-e69f87faf0a1,保育等級不同,protectedStatusTW,珍貴稀有保育類野生動物;瀕臨絕種保育類野生動物,https://vvtaxatree.tbn.org.tw/taxa/f0e9e5b2-2379-4770-bc60-68e54fec9b5c
6383b34c-0991-4507-9d12-fea73bb447bf,infraspecies,42d369c9-46a9-435a-b860-e69f87faf0a1,Animalia,Ateles geoffroyi geoffroyi panamensis,"",瀕臨絕種保育類野生動物,"","",42d369c9-46a9-435a-b860-e69f87faf0a1,保育等級不同,protectedStatusTW,珍貴稀有保育類野生動物;瀕臨絕種保育類野生動物,https://vvtaxatree.tbn.org.tw/taxa/6383b34c-0991-4507-9d12-fea73bb447bf
42d369c9-46a9-435a-b860-e69f87faf0a1,species,c3bde7f1-1bfe-4d35-bd3f-18df3594ea8f,Animalia,Ateles geoffroyi,"",珍貴稀有保育類野生動物,"","瀕危（EN, Endangered）",42d369c9-46a9-435a-b860-e69f87faf0a1,IUCN紅皮書不同,categoryIUCN,"瀕危（EN, Endangered）;",https://vvtaxatree.tbn.org.tw/taxa/42d369c9-46a9-435a-b860-e69f87faf0a1
f0e9e5b2-2379-4770-bc60-68e54fec9b5c,infraspecies,42d369c9-46a9-435a-b860-e69f87faf0a1,Animalia,Ateles geoffroyi geoffroyi frontatus,"",瀕臨絕種保育類野生動物,"","",42d369c9-46a9-435a-b860-e69f87faf0a1,IUCN紅皮書不同,categoryIUCN,"瀕危（EN, Endangered）;",https://vvtaxatree.tbn.org.tw/taxa/f0e9e5b2-2379-4770-bc60-68e54fec9b5c
6383b34c-0991-4507-9d12-fea73bb447bf,infraspecies,42d369c9-46a9-435a-b860-e69f87faf0a1,Animalia,Ateles geoffroyi geoffroyi panamensis,"",瀕臨絕種保育類野生動物,"","",42d369c9-46a9-435a-b860-e69f87faf0a1,IUCN紅皮書不同,categoryIUCN,"瀕危（EN, Endangered）;",https://vvtaxatree.tbn.org.tw/taxa/6383b34c-0991-4507-9d12-fea73bb447bf
42e8a4d8-ad4a-42a8-a94a-3b033862896b,species,28455809-8d73-4b16-91c9-6ecef39d8d65,Plantae,Elaeocarpus sphaericus,原生 Native,"","","",42e8a4d8-ad4a-42a8-a94a-3b033862896b,國內紅皮書不同,categoryRedlistTW,";接近受脅（NT, Near Threatened）",https://vvtaxatree.tbn.org.tw/taxa/42e8a4d8-ad4a-42a8-a94a-3b033862896b
d4a15c10-bad7-455e-9029-e63504b80eef,infraspecies,42e8a4d8-ad4a-42a8-a94a-3b033862896b,Plantae,Elaeocarpus sphaericus hayatae,原生 Native,"","接近受脅（NT, Near Threatened）","",42e8a4d8-ad4a-42a8-a94a-3b033862896b,國內紅皮書不同,categoryRedlistTW,";接近受脅（NT, Near Threatened）",https://vvtaxatree.tbn.org.tw/taxa/d4a15c10-bad7-455e-9029-e63504b80eef
45e54b99-3a45-4def-b908-ac8229a02b72,species,26b8fe75-b0be-451e-b616-26c5600513bc,Plantae,Livistona chinensis,原生 Native,"","","",45e54b99-3a45-4def-b908-ac8229a02b72,國內紅皮書不同,categoryRedlistTW,";易危（VU, Vulnerable）",https://vvtaxatree.tbn.org.tw/taxa/45e54b99-3a45-4def-b908-ac8229a02b72
3a7e5ede-36f6-4c6b-8163-6ae8d5afe318,infraspecies,45e54b99-3a45-4def-b908-ac8229a02b72,Plantae,Livistona chinensis subglobosa,原生 Native,"","易危（VU, Vulnerable）","",45e54b99-3a45-4def-b908-ac8229a02b72,國內紅皮書不同,categoryRedlistTW,";易危（VU, Vulnerable）",https://vvtaxatree.tbn.org.tw/taxa/3a7e5ede-36f6-4c6b-8163-6ae8d5afe318
45fbed9c-3328-49f4-bc64-bbfbd8d94ce2,species,59a8e175-9433-45c7-ac2e-4e06d6668f06,Plantae,Bulbophyllum albociliatum,原生 Native,"","","",45fbed9c-3328-49f4-bc64-bbfbd8d94ce2,國內紅皮書不同,categoryRedlistTW,";易危（VU, Vulnerable）",https://vvtaxatree.tbn.org.tw/taxa/45fbed9c-3328-49f4-bc64-bbfbd8d94ce2
ecf71b80-30f8-494a-b739-6ca3ab368021,infraspecies,45fbed9c-3328-49f4-bc64-bbfbd8d94ce2,Plantae,Bulbophyllum albociliatum albociliatum,原生 Native,"","暫無危機（LC, Least Concern）","",45fbed9c-3328-49f4-bc64-bbfbd8d94ce2,國內紅皮書不同,categoryRedlistTW,";易危（VU, Vulnerable）",https://vvtaxatree.tbn.org.tw/taxa/ecf71b80-30f8-494a-b739-6ca3ab368021
4c586d0a-0d4d-4c7b-8712-bacf739ab73a,infraspecies,45fbed9c-3328-49f4-bc64-bbfbd8d94ce2,Plantae,Bulbophyllum albociliatum shanlinshiense,原生 Native,"","暫無危機（LC, Least Concern）","",45fbed9c-3328-49f4-bc64-bbfbd8d94ce2,國內紅皮書不同,categoryRedlistTW,";易危（VU, Vulnerable）",https://vvtaxatree.tbn.org.tw/taxa/4c586d0a-0d4d-4c7b-8712-bacf739ab73a
b7597a78-6819-4759-bb73-14537a079a71,infraspecies,45fbed9c-3328-49f4-bc64-bbfbd8d94ce2,Plantae,Bulbophyllum albociliatum weiminianum,原生 Native,"","易危（VU, Vulnerable）","",45fbed9c-3328-49f4-bc64-bbfbd8d94ce2,國內紅皮書不同,categoryRedlistTW,";易危（VU, Vulnerable）",https://vvtaxatree.tbn.org.tw/taxa/b7597a78-6819-4759-bb73-14537a079a71
464fc3dd-245a-4382-8c28-142e004287a4,species,600089fb-2f09-452d-b713-b69d079f3709,Plantae,Syzygium densinervium,原生 Native,"","","",464fc3dd-245a-4382-8c28-142e004287a4,國內紅皮書不同,categoryRedlistTW,";接近受脅（NT, Near Threatened）",https://vvtaxatree.tbn.org.tw/taxa/464fc3dd-245a-4382-8c28-142e004287a4
5c6dd4e2-d050-4536-ba35-a83dde98cc3e,infraspecies,464fc3dd-245a-4382-8c28-142e004287a4,Plantae,Syzygium densinervium insulare,原生 Native,"","接近受脅（NT, Near Threatened）","",464fc3dd-245a-4382-8c28-142e004287a4,國內紅皮書不同,categoryRedlistTW,";接近受脅（NT, Near Threatened）",https://vvtaxatree.tbn.org.tw/taxa/5c6dd4e2-d050-4536-ba35-a83dde98cc3e
46c31206-0608-473c-91a5-a32c9c4a7e2d,species,1a530047-bc28-401c-98a5-b1e391201d68,Plantae,Mitrastemon yamamotoi,原生 Native,"","","",46c31206-0608-473c-91a5-a32c9c4a7e2d,國內紅皮書不同,categoryRedlistTW,";易危（VU, Vulnerable）;瀕危（EN, Endangered）",https://vvtaxatree.tbn.org.tw/taxa/46c31206-0608-473c-91a5-a32c9c4a7e2d
1297085a-feeb-43fb-be3e-18ad581b343d,infraspecies,46c31206-0608-473c-91a5-a32c9c4a7e2d,Plantae,Mitrastemon yamamotoi yamamotoi,原生 Native,"","易危（VU, Vulnerable）","",46c31206-0608-473c-91a5-a32c9c4a7e2d,國內紅皮書不同,categoryRedlistTW,";易危（VU, Vulnerable）;瀕危（EN, Endangered）",https://vvtaxatree.tbn.org.tw/taxa/1297085a-feeb-43fb-be3e-18ad581b343d
898999d1-60d0-451b-9974-c8ac9653d828,infraspecies,46c31206-0608-473c-91a5-a32c9c4a7e2d,Plantae,Mitrastemon yamamotoi kanehirae,原生 Native,"","瀕危（EN, Endangered）","",46c31206-0608-473c-91a5-a32c9c4a7e2d,國內紅皮書不同,categoryRedlistTW,";易危（VU, Vulnerable）;瀕危（EN, Endangered）",https://vvtaxatree.tbn.org.tw/taxa/898999d1-60d0-451b-9974-c8ac9653d828
4927d39c-969e-4f49-8779-012eb539f51a,species,30abee3e-d1c7-412f-bedb-e9bcd408c019,Animalia,Graphium mullah,原生 Native,"","接近受脅（NT, Near Threatened）","",4927d39c-969e-4f49-8779-012eb539f51a,國內紅皮書不同,categoryRedlistTW,"接近受脅（NT, Near Threatened）;",https://vvtaxatree.tbn.org.tw/taxa/4927d39c-969e-4f49-8779-012eb539f51a
8ef80f7a-ad73-4ab5-8e62-88f991f9339d,infraspecies,4927d39c-969e-4f49-8779-012eb539f51a,Animalia,Graphium mullah mullah chungianus,原生 Native,"","接近受脅（NT, Near Threatened）","",4927d39c-969e-4f49-8779-012eb539f51a,國內紅皮書不同,categoryRedlistTW,"接近受脅（NT, Near Threatened）;",https://vvtaxatree.tbn.org.tw/taxa/8ef80f7a-ad73-4ab5-8e62-88f991f9339d
2d88ff7e-2bb5-46fc-a15a-56c302890a78,infraspecies,4927d39c-969e-4f49-8779-012eb539f51a,Animalia,Graphium mullah mullah mullah,原生 Native,"","","",4927d39c-969e-4f49-8779-012eb539f51a,國內紅皮書不同,categoryRedlistTW,"接近受脅（NT, Near Threatened）;",https://vvtaxatree.tbn.org.tw/taxa/2d88ff7e-2bb5-46fc-a15a-56c302890a78
492d631e-4c4f-4390-8cf9-87170d4cdc7b,species,0a7ca551-ddc1-4885-8ced-02ce4dfacacb,Animalia,Heloderma horridum,"",珍貴稀有保育類野生動物,"","暫無危機（LC, Least Concern）",492d631e-4c4f-4390-8cf9-87170d4cdc7b,保育等級不同,protectedStatusTW,珍貴稀有保育類野生動物;瀕臨絕種保育類野生動物,https://vvtaxatree.tbn.org.tw/taxa/492d631e-4c4f-4390-8cf9-87170d4cdc7b
9ee181d0-40dc-4708-ade8-0e3358fbb148,infraspecies,492d631e-4c4f-4390-8cf9-87170d4cdc7b,Animalia,Heloderma horridum horridum charlesbogerti,"",瀕臨絕種保育類野生動物,"","",492d631e-4c4f-4390-8cf9-87170d4cdc7b,保育等級不同,protectedStatusTW,珍貴稀有保育類野生動物;瀕臨絕種保育類野生動物,https://vvtaxatree.tbn.org.tw/taxa/9ee181d0-40dc-4708-ade8-0e3358fbb148
4970b98e-e97e-4e24-8172-219a2d5168af,species,8434da34-2830-49fb-b606-60250088abcd,Plantae,Angelica morrisonicola,原生 Native,"","","",4970b98e-e97e-4e24-8172-219a2d5168af,國內紅皮書不同,categoryRedlistTW,";資料缺乏（DD, Data Deficient）",https://vvtaxatree.tbn.org.tw/taxa/4970b98e-e97e-4e24-8172-219a2d5168af
5aacdf9b-d5da-482b-bc30-9d91635d0322,infraspecies,4970b98e-e97e-4e24-8172-219a2d5168af,Plantae,Angelica morrisonicola morrisonicola,原生 Native,"","暫無危機（LC, Least Concern）","",4970b98e-e97e-4e24-8172-219a2d5168af,國內紅皮書不同,categoryRedlistTW,";資料缺乏（DD, Data Deficient）",https://vvtaxatree.tbn.org.tw/taxa/5aacdf9b-d5da-482b-bc30-9d91635d0322
5b999d34-17cd-44dd-852b-2edbf4199690,infraspecies,4970b98e-e97e-4e24-8172-219a2d5168af,Plantae,Angelica morrisonicola nanhutashanensis,原生 Native,"","資料缺乏（DD, Data Deficient）","",4970b98e-e97e-4e24-8172-219a2d5168af,國內紅皮書不同,categoryRedlistTW,";資料缺乏（DD, Data Deficient）",https://vvtaxatree.tbn.org.tw/taxa/5b999d34-17cd-44dd-852b-2edbf4199690
4b3eb608-5efc-4056-8449-8806e597760d,species,4dd3d9e9-478f-4e8e-b464-8fb44adca8c9,Plantae,Dendrobium xantholeucum,原生 Native,"","接近受脅（NT, Near Threatened）","",4b3eb608-5efc-4056-8449-8806e597760d,國內紅皮書不同,categoryRedlistTW,"接近受脅（NT, Near Threatened）;資料缺乏（DD, Data Deficient）",https://vvtaxatree.tbn.org.tw/taxa/4b3eb608-5efc-4056-8449-8806e597760d
31dd5400-ad2c-47dd-a6c1-ed4a8482acfe,infraspecies,4b3eb608-5efc-4056-8449-8806e597760d,Plantae,Dendrobium xantholeucum tairukounia,原生 Native,"","資料缺乏（DD, Data Deficient）","",4b3eb608-5efc-4056-8449-8806e597760d,國內紅皮書不同,categoryRedlistTW,"接近受脅（NT, Near Threatened）;資料缺乏（DD, Data Deficient）",https://vvtaxatree.tbn.org.tw/taxa/31dd5400-ad2c-47dd-a6c1-ed4a8482acfe
4b8493f7-4d85-4a5b-bfb6-464a7902bdba,species,eb47d8ac-e471-4aa3-b626-d281ffc9dee2,Animalia,Chondrohierax uncinatus,"",珍貴稀有保育類野生動物,"","暫無危機（LC, Least Concern）",4b8493f7-4d85-4a5b-bfb6-464a7902bdba,保育等級不同,protectedStatusTW,珍貴稀有保育類野生動物;瀕臨絕種保育類野生動物,https://vvtaxatree.tbn.org.tw/taxa/4b8493f7-4d85-4a5b-bfb6-464a7902bdba
da55f8b8-622b-40a1-97c3-ce7a0d096254,infraspecies,4b8493f7-4d85-4a5b-bfb6-464a7902bdba,Animalia,Chondrohierax uncinatus uncinatus wilsonii,"",瀕臨絕種保育類野生動物,"","",4b8493f7-4d85-4a5b-bfb6-464a7902bdba,保育等級不同,protectedStatusTW,珍貴稀有保育類野生動物;瀕臨絕種保育類野生動物,https://vvtaxatree.tbn.org.tw/taxa/da55f8b8-622b-40a1-97c3-ce7a0d096254
4b94bfc5-86cf-4c04-a358-83da85980619,species,7a776389-6d4d-4745-9c93-6a2b1f8d16c4,Animalia,Mauremys mutica,原生 Native,瀕臨絕種保育類野生動物,"極危（CR, Critically Endangered）","極危（CR, Critically Endangered）",4b94bfc5-86cf-4c04-a358-83da85980619,IUCN紅皮書不同,categoryIUCN,"極危（CR, Critically Endangered）;",https://vvtaxatree.tbn.org.tw/taxa/4b94bfc5-86cf-4c04-a358-83da85980619
18dd97ee-d04e-4ed5-ae81-5d8e89b4558a,infraspecies,4b94bfc5-86cf-4c04-a358-83da85980619,Animalia,Mauremys mutica mutica mutica,原生 Native,瀕臨絕種保育類野生動物,"極危（CR, Critically Endangered）","",4b94bfc5-86cf-4c04-a358-83da85980619,IUCN紅皮書不同,categoryIUCN,"極危（CR, Critically Endangered）;",https://vvtaxatree.tbn.org.tw/taxa/18dd97ee-d04e-4ed5-ae81-5d8e89b4558a
4c24f9e9-3d68-4ff0-ac6a-5c337d388bf3,species,c6d2c4c7-4040-46ba-a055-630ffa26834e,Animalia,Rupicapra pyrenaica,"","","","暫無危機（LC, Least Concern）",4c24f9e9-3d68-4ff0-ac6a-5c337d388bf3,保育等級不同,protectedStatusTW,;珍貴稀有保育類野生動物,https://vvtaxatree.tbn.org.tw/taxa/4c24f9e9-3d68-4ff0-ac6a-5c337d388bf3
6f8136f4-d118-433d-8277-37f2b940c8fc,infraspecies,4c24f9e9-3d68-4ff0-ac6a-5c337d388bf3,Animalia,Rupicapra pyrenaica pyrenaica ornate,"",珍貴稀有保育類野生動物,"","",4c24f9e9-3d68-4ff0-ac6a-5c337d388bf3,保育等級不同,protectedStatusTW,;珍貴稀有保育類野生動物,https://vvtaxatree.tbn.org.tw/taxa/6f8136f4-d118-433d-8277-37f2b940c8fc
911e3b0f-cbd0-4d95-9509-eb2e063de7ea,infraspecies,4d444ba0-7992-4ef7-ad41-e69051615963,Animalia,Anarhynchus mongolus mongolus mongolus,原生 Native,"","暫無危機（LC, Least Concern）","",4d444ba0-7992-4ef7-ad41-e69051615963,IUCN紅皮書不同,categoryIUCN,";瀕危（EN, Endangered）",https://vvtaxatree.tbn.org.tw/taxa/911e3b0f-cbd0-4d95-9509-eb2e063de7ea
61994044-0057-476f-b522-3747c1195df7,infraspecies,4d444ba0-7992-4ef7-ad41-e69051615963,Animalia,Anarhynchus mongolus mongolus stegmanni,原生 Native,"","暫無危機（LC, Least Concern）","",4d444ba0-7992-4ef7-ad41-e69051615963,IUCN紅皮書不同,categoryIUCN,";瀕危（EN, Endangered）",https://vvtaxatree.tbn.org.tw/taxa/61994044-0057-476f-b522-3747c1195df7
4d444ba0-7992-4ef7-ad41-e69051615963,species,cbb05dbf-d4c3-4239-a11a-acba3d38d044,Animalia,Anarhynchus mongolus,原生 Native,"","暫無危機（LC, Least Concern）","瀕危（EN, Endangered）",4d444ba0-7992-4ef7-ad41-e69051615963,IUCN紅皮書不同,categoryIUCN,";瀕危（EN, Endangered）",https://vvtaxatree.tbn.org.tw/taxa/4d444ba0-7992-4ef7-ad41-e69051615963
4ee34cf4-fb8c-46e0-87cf-deb86b87498d,species,bc5cb6b8-d2ab-4018-8d3d-ecf744a366e1,Plantae,Vaccinium wrightii,原生 Native,"","","",4ee34cf4-fb8c-46e0-87cf-deb86b87498d,國內紅皮書不同,categoryRedlistTW,";資料缺乏（DD, Data Deficient）",https://vvtaxatree.tbn.org.tw/taxa/4ee34cf4-fb8c-46e0-87cf-deb86b87498d
7bb60bf7-76d3-40e8-9ef2-5d55c9bdf198,infraspecies,4ee34cf4-fb8c-46e0-87cf-deb86b87498d,Plantae,Vaccinium wrightii wrightii,原生 Native,"","暫無危機（LC, Least Concern）","",4ee34cf4-fb8c-46e0-87cf-deb86b87498d,國內紅皮書不同,categoryRedlistTW,";資料缺乏（DD, Data Deficient）",https://vvtaxatree.tbn.org.tw/taxa/7bb60bf7-76d3-40e8-9ef2-5d55c9bdf198
12c68b77-e4a3-4678-a085-8c68fdd39e59,infraspecies,4ee34cf4-fb8c-46e0-87cf-deb86b87498d,Plantae,Vaccinium wrightii formosanum,原生 Native,"","資料缺乏（DD, Data Deficient）","",4ee34cf4-fb8c-46e0-87cf-deb86b87498d,國內紅皮書不同,categoryRedlistTW,";資料缺乏（DD, Data Deficient）",https://vvtaxatree.tbn.org.tw/taxa/12c68b77-e4a3-4678-a085-8c68fdd39e59
4f14f4c8-4902-421b-8cd3-07020e77b7ae,species,51d12367-3b07-4af7-908d-896d3631409b,Animalia,Colias erate,原生 Native,"","接近受脅（NT, Near Threatened）","",4f14f4c8-4902-421b-8cd3-07020e77b7ae,國內紅皮書不同,categoryRedlistTW,"接近受脅（NT, Near Threatened）;",https://vvtaxatree.tbn.org.tw/taxa/4f14f4c8-4902-421b-8cd3-07020e77b7ae
0961e5c4-8ffc-4fc8-9f87-9e41ad21f83c,infraspecies,4f14f4c8-4902-421b-8cd3-07020e77b7ae,Animalia,Colias erate erate formosana,原生 Native,"","接近受脅（NT, Near Threatened）","",4f14f4c8-4902-421b-8cd3-07020e77b7ae,國內紅皮書不同,categoryRedlistTW,"接近受脅（NT, Near Threatened）;",https://vvtaxatree.tbn.org.tw/taxa/0961e5c4-8ffc-4fc8-9f87-9e41ad21f83c
1fa90c9b-4d3a-4849-99fb-a591461abc14,infraspecies,4f14f4c8-4902-421b-8cd3-07020e77b7ae,Animalia,Colias erate erate sinensis,原生 Native,"","","",4f14f4c8-4902-421b-8cd3-07020e77b7ae,國內紅皮書不同,categoryRedlistTW,"接近受脅（NT, Near Threatened）;",https://vvtaxatree.tbn.org.tw/taxa/1fa90c9b-4d3a-4849-99fb-a591461abc14
50cdf9b2-217c-44e3-94a0-755d0810ffc3,species,c1975a33-1bd1-4b3b-8e53-a7be6a74852a,Animalia,Passer cinnamomeus,原生 Native,瀕臨絕種保育類野生動物,"瀕危（EN, Endangered）","暫無危機（LC, Least Concern）",50cdf9b2-217c-44e3-94a0-755d0810ffc3,國內紅皮書不同,categoryRedlistTW,"瀕危（EN, Endangered）;",https://vvtaxatree.tbn.org.tw/taxa/50cdf9b2-217c-44e3-94a0-755d0810ffc3
bfb8cf8d-422b-4d97-a03b-52804644a6d4,infraspecies,50cdf9b2-217c-44e3-94a0-755d0810ffc3,Animalia,Passer cinnamomeus cinnamomeus rutilans,原生 Native,瀕臨絕種保育類野生動物,"","",50cdf9b2-217c-44e3-94a0-755d0810ffc3,國內紅皮書不同,categoryRedlistTW,"瀕危（EN, Endangered）;",https://vvtaxatree.tbn.org.tw/taxa/bfb8cf8d-422b-4d97-a03b-52804644a6d4
51ac1b69-ee8b-4b3f-a77f-570e701f6757,species,376f3d30-76b5-4977-b78d-4551df22675a,Animalia,Elaphurus davidianus,"","","","野外滅絕（EW, Extinct in the Wild）",51ac1b69-ee8b-4b3f-a77f-570e701f6757,IUCN紅皮書不同,categoryIUCN,"野外滅絕（EW, Extinct in the Wild）;",https://vvtaxatree.tbn.org.tw/taxa/51ac1b69-ee8b-4b3f-a77f-570e701f6757
4ee85ef5-fe88-421f-b068-e26ccd4e7ba8,infraspecies,51ac1b69-ee8b-4b3f-a77f-570e701f6757,Animalia,Elaphurus davidianus davidianus predavidianus,"","","","",51ac1b69-ee8b-4b3f-a77f-570e701f6757,IUCN紅皮書不同,categoryIUCN,"野外滅絕（EW, Extinct in the Wild）;",https://vvtaxatree.tbn.org.tw/taxa/4ee85ef5-fe88-421f-b068-e26ccd4e7ba8
21af2bc2-b04a-4824-96bb-059880f71e25,infraspecies,51ac1b69-ee8b-4b3f-a77f-570e701f6757,Animalia,Elaphurus davidianus davidianus davidianus,"","","","",51ac1b69-ee8b-4b3f-a77f-570e701f6757,IUCN紅皮書不同,categoryIUCN,"野外滅絕（EW, Extinct in the Wild）;",https://vvtaxatree.tbn.org.tw/taxa/21af2bc2-b04a-4824-96bb-059880f71e25
868c4346-1d79-4b03-9f37-574be918e744,infraspecies,51ac1b69-ee8b-4b3f-a77f-570e701f6757,Animalia,Elaphurus davidianus davidianus tamaensis,"","","","",51ac1b69-ee8b-4b3f-a77f-570e701f6757,IUCN紅皮書不同,categoryIUCN,"野外滅絕（EW, Extinct in the Wild）;",https://vvtaxatree.tbn.org.tw/taxa/868c4346-1d79-4b03-9f37-574be918e744
7f8113d9-553a-413d-9fa4-af230933b8cf,infraspecies,51ac1b69-ee8b-4b3f-a77f-570e701f6757,Animalia,Elaphurus davidianus davidianus menziesianus,"","","","",51ac1b69-ee8b-4b3f-a77f-570e701f6757,IUCN紅皮書不同,categoryIUCN,"野外滅絕（EW, Extinct in the Wild）;",https://vvtaxatree.tbn.org.tw/taxa/7f8113d9-553a-413d-9fa4-af230933b8cf
52de4e15-0819-4346-bd73-505256a30d9e,species,e46aa298-33cf-4f0e-9b61-f2175dc6126a,Animalia,Pteropus dasymallus,原生 Native,珍貴稀有保育類野生動物,"極危（CR, Critically Endangered）","易危（VU, Vulnerable）",52de4e15-0819-4346-bd73-505256a30d9e,保育等級不同,protectedStatusTW,珍貴稀有保育類野生動物;瀕臨絕種保育類野生動物,https://vvtaxatree.tbn.org.tw/taxa/52de4e15-0819-4346-bd73-505256a30d9e
280e0314-7d54-41ab-8c19-027dee079334,infraspecies,52de4e15-0819-4346-bd73-505256a30d9e,Animalia,Pteropus dasymallus dasymallus formosus,原生 Native,瀕臨絕種保育類野生動物,"極危（CR, Critically Endangered）","",52de4e15-0819-4346-bd73-505256a30d9e,保育等級不同,protectedStatusTW,珍貴稀有保育類野生動物;瀕臨絕種保育類野生動物,https://vvtaxatree.tbn.org.tw/taxa/280e0314-7d54-41ab-8c19-027dee079334
52de4e15-0819-4346-bd73-505256a30d9e,species,e46aa298-33cf-4f0e-9b61-f2175dc6126a,Animalia,Pteropus dasymallus,原生 Native,珍貴稀有保育類野生動物,"極危（CR, Critically Endangered）","易危（VU, Vulnerable）",52de4e15-0819-4346-bd73-505256a30d9e,IUCN紅皮書不同,categoryIUCN,"易危（VU, Vulnerable）;",https://vvtaxatree.tbn.org.tw/taxa/52de4e15-0819-4346-bd73-505256a30d9e
280e0314-7d54-41ab-8c19-027dee079334,infraspecies,52de4e15-0819-4346-bd73-505256a30d9e,Animalia,Pteropus dasymallus dasymallus formosus,原生 Native,瀕臨絕種保育類野生動物,"極危（CR, Critically Endangered）","",52de4e15-0819-4346-bd73-505256a30d9e,IUCN紅皮書不同,categoryIUCN,"易危（VU, Vulnerable）;",https://vvtaxatree.tbn.org.tw/taxa/280e0314-7d54-41ab-8c19-027dee079334
54110609-d6b7-46a3-8623-8d4243b901fc,species,0a52d389-e772-42fa-9fb7-c650e327fd6e,Animalia,Boa constrictor,外來 Non-native,"","","暫無危機（LC, Least Concern）",54110609-d6b7-46a3-8623-8d4243b901fc,保育等級不同,protectedStatusTW,;瀕臨絕種保育類野生動物,https://vvtaxatree.tbn.org.tw/taxa/54110609-d6b7-46a3-8623-8d4243b901fc
747b0941-bec2-427b-a3fe-ab3352c2db55,infraspecies,54110609-d6b7-46a3-8623-8d4243b901fc,Animalia,Boa constrictor constrictor occidentalis,"",瀕臨絕種保育類野生動物,"","",54110609-d6b7-46a3-8623-8d4243b901fc,保育等級不同,protectedStatusTW,;瀕臨絕種保育類野生動物,https://vvtaxatree.tbn.org.tw/taxa/747b0941-bec2-427b-a3fe-ab3352c2db55
569aac0e-23cd-4598-85ec-48c944fd3888,species,9fd0ff13-5281-4bda-ac03-42a09f093101,Plantae,Paris fargesii,原生 Native,"","","",569aac0e-23cd-4598-85ec-48c944fd3888,國內紅皮書不同,categoryRedlistTW,";資料缺乏（DD, Data Deficient）",https://vvtaxatree.tbn.org.tw/taxa/569aac0e-23cd-4598-85ec-48c944fd3888
8bf86877-b614-4636-8f10-2da7c859e6d0,infraspecies,569aac0e-23cd-4598-85ec-48c944fd3888,Plantae,Paris fargesii brevipetalata,原生 Native,"","資料缺乏（DD, Data Deficient）","",569aac0e-23cd-4598-85ec-48c944fd3888,國內紅皮書不同,categoryRedlistTW,";資料缺乏（DD, Data Deficient）",https://vvtaxatree.tbn.org.tw/taxa/8bf86877-b614-4636-8f10-2da7c859e6d0
5827d990-f75e-422c-b97d-0b9ff3fb1946,species,32a4c823-58c8-4116-88e8-184e2fa19356,Plantae,Gastrochilus matsudae,原生 Native,"","接近受脅（NT, Near Threatened）","",5827d990-f75e-422c-b97d-0b9ff3fb1946,國內紅皮書不同,categoryRedlistTW,"接近受脅（NT, Near Threatened）;",https://vvtaxatree.tbn.org.tw/taxa/5827d990-f75e-422c-b97d-0b9ff3fb1946
f29931b5-6e89-4881-82f2-02a12b92a516,infraspecies,5827d990-f75e-422c-b97d-0b9ff3fb1946,Plantae,Gastrochilus matsudae matsudae,原生 Native,"","","",5827d990-f75e-422c-b97d-0b9ff3fb1946,國內紅皮書不同,categoryRedlistTW,"接近受脅（NT, Near Threatened）;",https://vvtaxatree.tbn.org.tw/taxa/f29931b5-6e89-4881-82f2-02a12b92a516
585daeb3-dafb-4b3d-96c1-7b2bc7cecb3f,species,a9437a57-ee62-41ef-b289-eae793b55fce,Plantae,Epithema taiwanensis,原生 Native,"","","",585daeb3-dafb-4b3d-96c1-7b2bc7cecb3f,國內紅皮書不同,categoryRedlistTW,";瀕危（EN, Endangered）;易危（VU, Vulnerable）",https://vvtaxatree.tbn.org.tw/taxa/585daeb3-dafb-4b3d-96c1-7b2bc7cecb3f
0690d892-7044-48fb-90ae-238b105282a5,infraspecies,585daeb3-dafb-4b3d-96c1-7b2bc7cecb3f,Plantae,Epithema taiwanensis taiwanensis,原生 Native,"","瀕危（EN, Endangered）","",585daeb3-dafb-4b3d-96c1-7b2bc7cecb3f,國內紅皮書不同,categoryRedlistTW,";瀕危（EN, Endangered）;易危（VU, Vulnerable）",https://vvtaxatree.tbn.org.tw/taxa/0690d892-7044-48fb-90ae-238b105282a5
8d9442dd-575e-4b6c-ab28-79096076a913,infraspecies,585daeb3-dafb-4b3d-96c1-7b2bc7cecb3f,Plantae,Epithema taiwanensis fasciculata,原生 Native,"","易危（VU, Vulnerable）","",585daeb3-dafb-4b3d-96c1-7b2bc7cecb3f,國內紅皮書不同,categoryRedlistTW,";瀕危（EN, Endangered）;易危（VU, Vulnerable）",https://vvtaxatree.tbn.org.tw/taxa/8d9442dd-575e-4b6c-ab28-79096076a913
593f7c14-4de1-4acb-a71a-0db2a1305e85,species,a5247a8b-3263-4519-afbe-2e894456a0a6,Plantae,Hemipilia takasagomontana,原生 Native,"","易危（VU, Vulnerable）","",593f7c14-4de1-4acb-a71a-0db2a1305e85,國內紅皮書不同,categoryRedlistTW,"易危（VU, Vulnerable）;接近受脅（NT, Near Threatened）;",https://vvtaxatree.tbn.org.tw/taxa/593f7c14-4de1-4acb-a71a-0db2a1305e85
0b2b5bb2-30b3-45d3-a5d8-ba4cd142f52b,infraspecies,593f7c14-4de1-4acb-a71a-0db2a1305e85,Plantae,Hemipilia takasagomontana taitungensis,原生 Native,"","接近受脅（NT, Near Threatened）","",593f7c14-4de1-4acb-a71a-0db2a1305e85,國內紅皮書不同,categoryRedlistTW,"易危（VU, Vulnerable）;接近受脅（NT, Near Threatened）;",https://vvtaxatree.tbn.org.tw/taxa/0b2b5bb2-30b3-45d3-a5d8-ba4cd142f52b
ada9443f-e339-4a1b-8f56-74da348cd55a,infraspecies,593f7c14-4de1-4acb-a71a-0db2a1305e85,Plantae,Hemipilia takasagomontana takasagomontana,原生 Native,"","","",593f7c14-4de1-4acb-a71a-0db2a1305e85,國內紅皮書不同,categoryRedlistTW,"易危（VU, Vulnerable）;接近受脅（NT, Near Threatened）;",https://vvtaxatree.tbn.org.tw/taxa/ada9443f-e339-4a1b-8f56-74da348cd55a
5a00f75f-2e53-4c6d-b55a-884f1ce64770,species,4bea2dc3-2073-4f37-9066-97a9d244e3ed,Animalia,Accipiter gentilis,原生 Native,珍貴稀有保育類野生動物,"","暫無危機（LC, Least Concern）",5a00f75f-2e53-4c6d-b55a-884f1ce64770,保育等級不同,protectedStatusTW,珍貴稀有保育類野生動物;,https://vvtaxatree.tbn.org.tw/taxa/5a00f75f-2e53-4c6d-b55a-884f1ce64770
fea1180f-5663-4500-95bd-c8e8530e1038,infraspecies,5a00f75f-2e53-4c6d-b55a-884f1ce64770,Animalia,Accipiter gentilis gentilis fujiyamae,原生 Native,珍貴稀有保育類野生動物,"","",5a00f75f-2e53-4c6d-b55a-884f1ce64770,保育等級不同,protectedStatusTW,珍貴稀有保育類野生動物;,https://vvtaxatree.tbn.org.tw/taxa/fea1180f-5663-4500-95bd-c8e8530e1038
e59aa6c7-db54-452e-86c9-17c0fd5e7274,infraspecies,5a00f75f-2e53-4c6d-b55a-884f1ce64770,Animalia,Accipiter gentilis gentilis schvedowi,原生 Native,珍貴稀有保育類野生動物,"","",5a00f75f-2e53-4c6d-b55a-884f1ce64770,保育等級不同,protectedStatusTW,珍貴稀有保育類野生動物;,https://vvtaxatree.tbn.org.tw/taxa/e59aa6c7-db54-452e-86c9-17c0fd5e7274
8ece7e92-3cd0-460b-96f7-aa1d539d05a7,infraspecies,5a00f75f-2e53-4c6d-b55a-884f1ce64770,Animalia,Accipiter gentilis gentilis schvedowi,原生 Native,"","","",5a00f75f-2e53-4c6d-b55a-884f1ce64770,保育等級不同,protectedStatusTW,珍貴稀有保育類野生動物;,https://vvtaxatree.tbn.org.tw/taxa/8ece7e92-3cd0-460b-96f7-aa1d539d05a7
5aee8378-a6f8-44de-accf-f1922307c575,species,b26e20d0-c925-48fd-8b73-412304285c3f,Animalia,Haematopus ostralegus,原生 Native,"","接近受脅（NT, Near Threatened）","接近受脅（NT, Near Threatened）",5aee8378-a6f8-44de-accf-f1922307c575,IUCN紅皮書不同,categoryIUCN,"接近受脅（NT, Near Threatened）;",https://vvtaxatree.tbn.org.tw/taxa/5aee8378-a6f8-44de-accf-f1922307c575
2a4fe9a8-bc2f-46bf-aff1-88dfdf658954,infraspecies,5aee8378-a6f8-44de-accf-f1922307c575,Animalia,Haematopus ostralegus ostralegus osculans,原生 Native,"","接近受脅（NT, Near Threatened）","",5aee8378-a6f8-44de-accf-f1922307c575,IUCN紅皮書不同,categoryIUCN,"接近受脅（NT, Near Threatened）;",https://vvtaxatree.tbn.org.tw/taxa/2a4fe9a8-bc2f-46bf-aff1-88dfdf658954
5c452580-f566-4a8f-a107-f2466beb548f,species,deec3270-5d81-4dc6-a12d-8df8a8624ef3,Plantae,Schoenus nitens,原生 Native,"","","",5c452580-f566-4a8f-a107-f2466beb548f,國內紅皮書不同,categoryRedlistTW,";資料缺乏（DD, Data Deficient）",https://vvtaxatree.tbn.org.tw/taxa/5c452580-f566-4a8f-a107-f2466beb548f
99aeb321-a902-4e40-ad51-9c1d4ac279a0,infraspecies,5c452580-f566-4a8f-a107-f2466beb548f,Plantae,Schoenus nitens nitens,原生 Native,"","資料缺乏（DD, Data Deficient）","",5c452580-f566-4a8f-a107-f2466beb548f,國內紅皮書不同,categoryRedlistTW,";資料缺乏（DD, Data Deficient）",https://vvtaxatree.tbn.org.tw/taxa/99aeb321-a902-4e40-ad51-9c1d4ac279a0
5c519ab5-bca0-4e0d-8566-00d1b4cc6bfd,species,23a03a09-f42f-41ae-b450-6328c097b444,Plantae,Erythrodes triantherae,原生 Native,"","","",5c519ab5-bca0-4e0d-8566-00d1b4cc6bfd,國內紅皮書不同,categoryRedlistTW,";瀕危（EN, Endangered）;資料缺乏（DD, Data Deficient）",https://vvtaxatree.tbn.org.tw/taxa/5c519ab5-bca0-4e0d-8566-00d1b4cc6bfd
80a745fe-e030-410e-87cd-3bc6a0943b62,infraspecies,5c519ab5-bca0-4e0d-8566-00d1b4cc6bfd,Plantae,Erythrodes triantherae triantherae,原生 Native,"","瀕危（EN, Endangered）","",5c519ab5-bca0-4e0d-8566-00d1b4cc6bfd,國內紅皮書不同,categoryRedlistTW,";瀕危（EN, Endangered）;資料缺乏（DD, Data Deficient）",https://vvtaxatree.tbn.org.tw/taxa/80a745fe-e030-410e-87cd-3bc6a0943b62
6519190e-ca21-4fe6-beba-efcfe5f82587,infraspecies,5c519ab5-bca0-4e0d-8566-00d1b4cc6bfd,Plantae,Erythrodes triantherae ecalcarata,原生 Native,"","資料缺乏（DD, Data Deficient）","",5c519ab5-bca0-4e0d-8566-00d1b4cc6bfd,國內紅皮書不同,categoryRedlistTW,";瀕危（EN, Endangered）;資料缺乏（DD, Data Deficient）",https://vvtaxatree.tbn.org.tw/taxa/6519190e-ca21-4fe6-beba-efcfe5f82587
5df6a87d-835f-4b00-9c56-8038767dfc3d,species,82bcf30e-1ee2-404b-ab41-9704d969641d,Animalia,Lethe europa,原生 Native,"","接近受脅（NT, Near Threatened）","",5df6a87d-835f-4b00-9c56-8038767dfc3d,國內紅皮書不同,categoryRedlistTW,"接近受脅（NT, Near Threatened）;",https://vvtaxatree.tbn.org.tw/taxa/5df6a87d-835f-4b00-9c56-8038767dfc3d
cf586905-06e3-44cd-930c-ae50e0d0f602,infraspecies,5df6a87d-835f-4b00-9c56-8038767dfc3d,Animalia,Lethe europa europa pavida,原生 Native,"","接近受脅（NT, Near Threatened）","",5df6a87d-835f-4b00-9c56-8038767dfc3d,國內紅皮書不同,categoryRedlistTW,"接近受脅（NT, Near Threatened）;",https://vvtaxatree.tbn.org.tw/taxa/cf586905-06e3-44cd-930c-ae50e0d0f602
017e0475-ada7-40f4-b9c6-8c1c1178a7c2,infraspecies,5df6a87d-835f-4b00-9c56-8038767dfc3d,Animalia,Lethe europa europa beroe,原生 Native,"","","",5df6a87d-835f-4b00-9c56-8038767dfc3d,國內紅皮書不同,categoryRedlistTW,"接近受脅（NT, Near Threatened）;",https://vvtaxatree.tbn.org.tw/taxa/017e0475-ada7-40f4-b9c6-8c1c1178a7c2
5e24ac51-e693-49ce-9793-5a81a87d293f,species,490c4106-be3d-4ceb-b33e-ad529cacd320,Animalia,Hydrobates leucorhous,原生 Native,"",不適用,"易危（VU, Vulnerable）",5e24ac51-e693-49ce-9793-5a81a87d293f,IUCN紅皮書不同,categoryIUCN,"易危（VU, Vulnerable）;",https://vvtaxatree.tbn.org.tw/taxa/5e24ac51-e693-49ce-9793-5a81a87d293f
8da960a7-8e82-43ea-a6af-6589b4184c47,infraspecies,5e24ac51-e693-49ce-9793-5a81a87d293f,Animalia,Hydrobates leucorhous leucorhous leucorhous,原生 Native,"",不適用,"",5e24ac51-e693-49ce-9793-5a81a87d293f,IUCN紅皮書不同,categoryIUCN,"易危（VU, Vulnerable）;",https://vvtaxatree.tbn.org.tw/taxa/8da960a7-8e82-43ea-a6af-6589b4184c47
5fbd49e5-2c03-4ce2-b752-3d4b70baf355,species,4dd3d9e9-478f-4e8e-b464-8fb44adca8c9,Plantae,Dendrobium nobile,原生 Native,"","","",5fbd49e5-2c03-4ce2-b752-3d4b70baf355,國內紅皮書不同,categoryRedlistTW,";資料缺乏（DD, Data Deficient）",https://vvtaxatree.tbn.org.tw/taxa/5fbd49e5-2c03-4ce2-b752-3d4b70baf355
1078e5cb-848a-43c8-9a48-ce8e88f83be0,infraspecies,5fbd49e5-2c03-4ce2-b752-3d4b70baf355,Plantae,Dendrobium nobile formosanum,原生 Native,"","資料缺乏（DD, Data Deficient）","",5fbd49e5-2c03-4ce2-b752-3d4b70baf355,國內紅皮書不同,categoryRedlistTW,";資料缺乏（DD, Data Deficient）",https://vvtaxatree.tbn.org.tw/taxa/1078e5cb-848a-43c8-9a48-ce8e88f83be0
61092b1b-00da-4fb1-8d46-2b4a2beb4fc0,species,50f193de-1b2f-4759-942e-20dcbf7621bd,Plantae,Cymbidium formosanum,原生 Native,"","","",61092b1b-00da-4fb1-8d46-2b4a2beb4fc0,國內紅皮書不同,categoryRedlistTW,";接近受脅（NT, Near Threatened）",https://vvtaxatree.tbn.org.tw/taxa/61092b1b-00da-4fb1-8d46-2b4a2beb4fc0
4a745b30-3d55-4fd2-8cd9-9b976a621e8a,infraspecies,61092b1b-00da-4fb1-8d46-2b4a2beb4fc0,Plantae,Cymbidium formosanum formosanum,原生 Native,"","接近受脅（NT, Near Threatened）","",61092b1b-00da-4fb1-8d46-2b4a2beb4fc0,國內紅皮書不同,categoryRedlistTW,";接近受脅（NT, Near Threatened）",https://vvtaxatree.tbn.org.tw/taxa/4a745b30-3d55-4fd2-8cd9-9b976a621e8a
d2a4bb6c-0d16-473a-a717-67a24c99dbba,infraspecies,61092b1b-00da-4fb1-8d46-2b4a2beb4fc0,Plantae,Cymbidium formosanum gracillimum,原生 Native,"","暫無危機（LC, Least Concern）","",61092b1b-00da-4fb1-8d46-2b4a2beb4fc0,國內紅皮書不同,categoryRedlistTW,";接近受脅（NT, Near Threatened）",https://vvtaxatree.tbn.org.tw/taxa/d2a4bb6c-0d16-473a-a717-67a24c99dbba
618f5231-fcea-4106-b54f-44e7b3895a4a,species,82bcf30e-1ee2-404b-ab41-9704d969641d,Animalia,Lethe rohria,原生 Native,"","瀕危（EN, Endangered）","",618f5231-fcea-4106-b54f-44e7b3895a4a,國內紅皮書不同,categoryRedlistTW,"瀕危（EN, Endangered）;",https://vvtaxatree.tbn.org.tw/taxa/618f5231-fcea-4106-b54f-44e7b3895a4a
a3b11003-c453-4340-969c-0e2966b9039c,infraspecies,618f5231-fcea-4106-b54f-44e7b3895a4a,Animalia,Lethe rohria rohria daemoniaca,原生 Native,"","瀕危（EN, Endangered）","",618f5231-fcea-4106-b54f-44e7b3895a4a,國內紅皮書不同,categoryRedlistTW,"瀕危（EN, Endangered）;",https://vvtaxatree.tbn.org.tw/taxa/a3b11003-c453-4340-969c-0e2966b9039c
28d127e2-83b2-4811-b098-6078ca171b8d,infraspecies,618f5231-fcea-4106-b54f-44e7b3895a4a,Animalia,Lethe rohria rohria permagnis,原生 Native,"","","",618f5231-fcea-4106-b54f-44e7b3895a4a,國內紅皮書不同,categoryRedlistTW,"瀕危（EN, Endangered）;",https://vvtaxatree.tbn.org.tw/taxa/28d127e2-83b2-4811-b098-6078ca171b8d
621a364b-51fe-4dbe-b3e7-b4aaade95651,species,9fd0ff13-5281-4bda-ac03-42a09f093101,Plantae,Paris polyphylla,原生 Native,"","","",621a364b-51fe-4dbe-b3e7-b4aaade95651,國內紅皮書不同,categoryRedlistTW,";資料缺乏（DD, Data Deficient）",https://vvtaxatree.tbn.org.tw/taxa/621a364b-51fe-4dbe-b3e7-b4aaade95651
db3c614a-7bc5-46be-b882-63cbfd70af03,infraspecies,621a364b-51fe-4dbe-b3e7-b4aaade95651,Plantae,Paris polyphylla polyphylla,原生 Native,"","暫無危機（LC, Least Concern）","",621a364b-51fe-4dbe-b3e7-b4aaade95651,國內紅皮書不同,categoryRedlistTW,";資料缺乏（DD, Data Deficient）",https://vvtaxatree.tbn.org.tw/taxa/db3c614a-7bc5-46be-b882-63cbfd70af03
e08052fb-9987-4514-b44e-da12d4f3980c,infraspecies,621a364b-51fe-4dbe-b3e7-b4aaade95651,Plantae,Paris polyphylla stenophylla,原生 Native,"","暫無危機（LC, Least Concern）","",621a364b-51fe-4dbe-b3e7-b4aaade95651,國內紅皮書不同,categoryRedlistTW,";資料缺乏（DD, Data Deficient）",https://vvtaxatree.tbn.org.tw/taxa/e08052fb-9987-4514-b44e-da12d4f3980c
56ec7ab1-5346-4e5a-a9b5-a9557dcdf1ca,infraspecies,621a364b-51fe-4dbe-b3e7-b4aaade95651,Plantae,Paris polyphylla taitungensis,原生 Native,"","資料缺乏（DD, Data Deficient）","",621a364b-51fe-4dbe-b3e7-b4aaade95651,國內紅皮書不同,categoryRedlistTW,";資料缺乏（DD, Data Deficient）",https://vvtaxatree.tbn.org.tw/taxa/56ec7ab1-5346-4e5a-a9b5-a9557dcdf1ca
62c20065-6f2c-4e16-b850-07c5f1957020,species,1f481b39-c6ae-4324-a022-df066b1b24dd,Plantae,Artemisia somae,原生 Native,"","","",62c20065-6f2c-4e16-b850-07c5f1957020,國內紅皮書不同,categoryRedlistTW,";接近受脅（NT, Near Threatened）",https://vvtaxatree.tbn.org.tw/taxa/62c20065-6f2c-4e16-b850-07c5f1957020
f12423cc-8807-4dea-bada-46ca86780ebd,infraspecies,62c20065-6f2c-4e16-b850-07c5f1957020,Plantae,Artemisia somae somae,原生 Native,"","暫無危機（LC, Least Concern）","",62c20065-6f2c-4e16-b850-07c5f1957020,國內紅皮書不同,categoryRedlistTW,";接近受脅（NT, Near Threatened）",https://vvtaxatree.tbn.org.tw/taxa/f12423cc-8807-4dea-bada-46ca86780ebd
6d84a39b-144e-4d19-9767-43e2e937fe60,infraspecies,62c20065-6f2c-4e16-b850-07c5f1957020,Plantae,Artemisia somae batakensis,原生 Native,"","接近受脅（NT, Near Threatened）","",62c20065-6f2c-4e16-b850-07c5f1957020,國內紅皮書不同,categoryRedlistTW,";接近受脅（NT, Near Threatened）",https://vvtaxatree.tbn.org.tw/taxa/6d84a39b-144e-4d19-9767-43e2e937fe60
63f92ad5-10f1-41d9-b199-37bcdaf6b915,species,ce13ee34-98ff-492a-b080-1e7d4a82857a,Plantae,Carex mitrata,原生 Native,"","","",63f92ad5-10f1-41d9-b199-37bcdaf6b915,國內紅皮書不同,categoryRedlistTW,";資料缺乏（DD, Data Deficient）",https://vvtaxatree.tbn.org.tw/taxa/63f92ad5-10f1-41d9-b199-37bcdaf6b915
74629838-deec-4237-bea7-6ffe30f80bb9,infraspecies,63f92ad5-10f1-41d9-b199-37bcdaf6b915,Plantae,Carex mitrata aristata,原生 Native,"","資料缺乏（DD, Data Deficient）","",63f92ad5-10f1-41d9-b199-37bcdaf6b915,國內紅皮書不同,categoryRedlistTW,";資料缺乏（DD, Data Deficient）",https://vvtaxatree.tbn.org.tw/taxa/74629838-deec-4237-bea7-6ffe30f80bb9
6503d5c8-615a-4e44-ab1f-3b6b9c9128b2,species,70022567-7467-4669-a26e-d2a642da1a76,Animalia,Enhydra lutris,"",珍貴稀有保育類野生動物,"","瀕危（EN, Endangered）",6503d5c8-615a-4e44-ab1f-3b6b9c9128b2,保育等級不同,protectedStatusTW,珍貴稀有保育類野生動物;瀕臨絕種保育類野生動物,https://vvtaxatree.tbn.org.tw/taxa/6503d5c8-615a-4e44-ab1f-3b6b9c9128b2
55a39774-3c11-47d5-b380-f11869d6894c,infraspecies,6503d5c8-615a-4e44-ab1f-3b6b9c9128b2,Animalia,Enhydra lutris lutris nereis,"",瀕臨絕種保育類野生動物,"","",6503d5c8-615a-4e44-ab1f-3b6b9c9128b2,保育等級不同,protectedStatusTW,珍貴稀有保育類野生動物;瀕臨絕種保育類野生動物,https://vvtaxatree.tbn.org.tw/taxa/55a39774-3c11-47d5-b380-f11869d6894c
6503d5c8-615a-4e44-ab1f-3b6b9c9128b2,species,70022567-7467-4669-a26e-d2a642da1a76,Animalia,Enhydra lutris,"",珍貴稀有保育類野生動物,"","瀕危（EN, Endangered）",6503d5c8-615a-4e44-ab1f-3b6b9c9128b2,IUCN紅皮書不同,categoryIUCN,"瀕危（EN, Endangered）;",https://vvtaxatree.tbn.org.tw/taxa/6503d5c8-615a-4e44-ab1f-3b6b9c9128b2
55a39774-3c11-47d5-b380-f11869d6894c,infraspecies,6503d5c8-615a-4e44-ab1f-3b6b9c9128b2,Animalia,Enhydra lutris lutris nereis,"",瀕臨絕種保育類野生動物,"","",6503d5c8-615a-4e44-ab1f-3b6b9c9128b2,IUCN紅皮書不同,categoryIUCN,"瀕危（EN, Endangered）;",https://vvtaxatree.tbn.org.tw/taxa/55a39774-3c11-47d5-b380-f11869d6894c
65830d85-7716-4261-aa12-fd8fc34ef67c,species,fb78f89c-f201-45d9-8140-5151e9cd0b57,Plantae,Conandron ramondioides,原生 Native,"","接近受脅（NT, Near Threatened）","",65830d85-7716-4261-aa12-fd8fc34ef67c,國內紅皮書不同,categoryRedlistTW,"接近受脅（NT, Near Threatened）;",https://vvtaxatree.tbn.org.tw/taxa/65830d85-7716-4261-aa12-fd8fc34ef67c
7b592e39-18a3-43dc-9865-f851d6dcfc74,infraspecies,65830d85-7716-4261-aa12-fd8fc34ef67c,Plantae,Conandron ramondioides taiwanensis,原生 Native,"","","",65830d85-7716-4261-aa12-fd8fc34ef67c,國內紅皮書不同,categoryRedlistTW,"接近受脅（NT, Near Threatened）;",https://vvtaxatree.tbn.org.tw/taxa/7b592e39-18a3-43dc-9865-f851d6dcfc74
66830956-20c0-4d2d-86f0-0692ad9462f5,species,cf8b046f-4f11-43f3-8497-6fc6f2e3d94c,Animalia,Pachyrhynchus nobilis,原生 Native,"","","",66830956-20c0-4d2d-86f0-0692ad9462f5,保育等級不同,protectedStatusTW,;珍貴稀有保育類野生動物,https://vvtaxatree.tbn.org.tw/taxa/66830956-20c0-4d2d-86f0-0692ad9462f5
01125462-4b56-411a-aa54-a3fcd4324da7,infraspecies,66830956-20c0-4d2d-86f0-0692ad9462f5,Animalia,Pachyrhynchus nobilis nobilis yamianus,原生 Native,珍貴稀有保育類野生動物,"","",66830956-20c0-4d2d-86f0-0692ad9462f5,保育等級不同,protectedStatusTW,;珍貴稀有保育類野生動物,https://vvtaxatree.tbn.org.tw/taxa/01125462-4b56-411a-aa54-a3fcd4324da7
671f77cb-1177-4c29-b6a2-be422dba5839,species,4f48cd82-700b-47ff-af8d-e5b88745fe53,Animalia,Panthera leo,"",珍貴稀有保育類野生動物,"","易危（VU, Vulnerable）",671f77cb-1177-4c29-b6a2-be422dba5839,保育等級不同,protectedStatusTW,珍貴稀有保育類野生動物;瀕臨絕種保育類野生動物,https://vvtaxatree.tbn.org.tw/taxa/671f77cb-1177-4c29-b6a2-be422dba5839
19087baf-2ac9-4ee8-b071-5c3453b410e1,infraspecies,671f77cb-1177-4c29-b6a2-be422dba5839,Animalia,Panthera leo leo persica,"",瀕臨絕種保育類野生動物,"","",671f77cb-1177-4c29-b6a2-be422dba5839,保育等級不同,protectedStatusTW,珍貴稀有保育類野生動物;瀕臨絕種保育類野生動物,https://vvtaxatree.tbn.org.tw/taxa/19087baf-2ac9-4ee8-b071-5c3453b410e1
671f77cb-1177-4c29-b6a2-be422dba5839,species,4f48cd82-700b-47ff-af8d-e5b88745fe53,Animalia,Panthera leo,"",珍貴稀有保育類野生動物,"","易危（VU, Vulnerable）",671f77cb-1177-4c29-b6a2-be422dba5839,IUCN紅皮書不同,categoryIUCN,"易危（VU, Vulnerable）;",https://vvtaxatree.tbn.org.tw/taxa/671f77cb-1177-4c29-b6a2-be422dba5839
19087baf-2ac9-4ee8-b071-5c3453b410e1,infraspecies,671f77cb-1177-4c29-b6a2-be422dba5839,Animalia,Panthera leo leo persica,"",瀕臨絕種保育類野生動物,"","",671f77cb-1177-4c29-b6a2-be422dba5839,IUCN紅皮書不同,categoryIUCN,"易危（VU, Vulnerable）;",https://vvtaxatree.tbn.org.tw/taxa/19087baf-2ac9-4ee8-b071-5c3453b410e1
6c773830-dc4d-4e75-b10d-0dda339249e2,species,8b3e89f0-39cd-4a7c-bf46-8f175e533fc5,Plantae,Cephalantheropsis obcordata,原生 Native,"","","",6c773830-dc4d-4e75-b10d-0dda339249e2,國內紅皮書不同,categoryRedlistTW,";接近受脅（NT, Near Threatened）",https://vvtaxatree.tbn.org.tw/taxa/6c773830-dc4d-4e75-b10d-0dda339249e2
edfaae65-cff3-44c8-8633-53888ea22ba2,infraspecies,6c773830-dc4d-4e75-b10d-0dda339249e2,Plantae,Cephalantheropsis obcordata obcordata,原生 Native,"","接近受脅（NT, Near Threatened）","",6c773830-dc4d-4e75-b10d-0dda339249e2,國內紅皮書不同,categoryRedlistTW,";接近受脅（NT, Near Threatened）",https://vvtaxatree.tbn.org.tw/taxa/edfaae65-cff3-44c8-8633-53888ea22ba2
343441cf-6fe4-4a48-a263-b45a36d11ef9,infraspecies,6c773830-dc4d-4e75-b10d-0dda339249e2,Plantae,Cephalantheropsis obcordata alboflavescens,原生 Native,"","接近受脅（NT, Near Threatened）","",6c773830-dc4d-4e75-b10d-0dda339249e2,國內紅皮書不同,categoryRedlistTW,";接近受脅（NT, Near Threatened）",https://vvtaxatree.tbn.org.tw/taxa/343441cf-6fe4-4a48-a263-b45a36d11ef9
6d965d5a-9269-4121-9c91-d61a0dda1822,species,83229699-ecbf-440a-a0cb-870befe68abc,Plantae,Clematis henryi,原生 Native,"","","",6d965d5a-9269-4121-9c91-d61a0dda1822,國內紅皮書不同,categoryRedlistTW,";接近受脅（NT, Near Threatened）",https://vvtaxatree.tbn.org.tw/taxa/6d965d5a-9269-4121-9c91-d61a0dda1822
a12f6b9a-7bed-4ace-977f-49b546c5b5df,infraspecies,6d965d5a-9269-4121-9c91-d61a0dda1822,Plantae,Clematis henryi henryi,原生 Native,"","暫無危機（LC, Least Concern）","",6d965d5a-9269-4121-9c91-d61a0dda1822,國內紅皮書不同,categoryRedlistTW,";接近受脅（NT, Near Threatened）",https://vvtaxatree.tbn.org.tw/taxa/a12f6b9a-7bed-4ace-977f-49b546c5b5df
2f4d4a4a-a1b9-4d13-8db3-a3952a2d4364,infraspecies,6d965d5a-9269-4121-9c91-d61a0dda1822,Plantae,Clematis henryi morii,原生 Native,"","接近受脅（NT, Near Threatened）","",6d965d5a-9269-4121-9c91-d61a0dda1822,國內紅皮書不同,categoryRedlistTW,";接近受脅（NT, Near Threatened）",https://vvtaxatree.tbn.org.tw/taxa/2f4d4a4a-a1b9-4d13-8db3-a3952a2d4364
6e46edbd-1807-4c5b-995a-fe54da77a4b7,species,843e1d1e-8131-48fa-b70c-25c9491914bb,Plantae,Millettia pulchra,原生 Native,"","","",6e46edbd-1807-4c5b-995a-fe54da77a4b7,國內紅皮書不同,categoryRedlistTW,";極危（CR, Critically Endangered）",https://vvtaxatree.tbn.org.tw/taxa/6e46edbd-1807-4c5b-995a-fe54da77a4b7
08dc9dfb-0236-4e90-a8bb-073143d99be8,infraspecies,6e46edbd-1807-4c5b-995a-fe54da77a4b7,Plantae,Millettia pulchra microphylla,原生 Native,"","極危（CR, Critically Endangered）","",6e46edbd-1807-4c5b-995a-fe54da77a4b7,國內紅皮書不同,categoryRedlistTW,";極危（CR, Critically Endangered）",https://vvtaxatree.tbn.org.tw/taxa/08dc9dfb-0236-4e90-a8bb-073143d99be8
cdc13619-b59c-4d00-962a-6eced3fdf6db,infraspecies,6eba6578-f4b2-443c-8550-97b87fa66c16,Plantae,Spiranthes nivea papillata,原生 Native,"","","",6eba6578-f4b2-443c-8550-97b87fa66c16,國內紅皮書不同,categoryRedlistTW,";接近受脅（NT, Near Threatened）",https://vvtaxatree.tbn.org.tw/taxa/cdc13619-b59c-4d00-962a-6eced3fdf6db
6eba6578-f4b2-443c-8550-97b87fa66c16,species,bf920526-2976-4b7a-acf1-ab153730bd4a,Plantae,Spiranthes nivea,原生 Native,"","接近受脅（NT, Near Threatened）","",6eba6578-f4b2-443c-8550-97b87fa66c16,國內紅皮書不同,categoryRedlistTW,";接近受脅（NT, Near Threatened）",https://vvtaxatree.tbn.org.tw/taxa/6eba6578-f4b2-443c-8550-97b87fa66c16
40e2cf45-c788-41d4-a0b8-25ffd1e1d1e7,infraspecies,6eba6578-f4b2-443c-8550-97b87fa66c16,Plantae,Spiranthes nivea nivea,原生 Native,"",不適用,"",6eba6578-f4b2-443c-8550-97b87fa66c16,國內紅皮書不同,categoryRedlistTW,";接近受脅（NT, Near Threatened）",https://vvtaxatree.tbn.org.tw/taxa/40e2cf45-c788-41d4-a0b8-25ffd1e1d1e7
71395c68-21ca-4ee6-9ebd-f696c9ebd842,species,d9af3a6e-c6e5-4300-b6ba-5cc2d32f074e,Animalia,Taenioptynx brodiei,原生 Native,珍貴稀有保育類野生動物,"接近受脅（NT, Near Threatened）","暫無危機（LC, Least Concern）",71395c68-21ca-4ee6-9ebd-f696c9ebd842,國內紅皮書不同,categoryRedlistTW,"接近受脅（NT, Near Threatened）;",https://vvtaxatree.tbn.org.tw/taxa/71395c68-21ca-4ee6-9ebd-f696c9ebd842
863ed427-99f8-4381-b58c-d4e835c1df07,infraspecies,71395c68-21ca-4ee6-9ebd-f696c9ebd842,Animalia,Taenioptynx brodiei brodiei pardalotum,原生 Native,珍貴稀有保育類野生動物,"","",71395c68-21ca-4ee6-9ebd-f696c9ebd842,國內紅皮書不同,categoryRedlistTW,"接近受脅（NT, Near Threatened）;",https://vvtaxatree.tbn.org.tw/taxa/863ed427-99f8-4381-b58c-d4e835c1df07
722e4d08-6602-42ec-a87f-138101c90ef1,species,ea264a11-1328-43fe-9993-d29113628b54,Plantae,Juniperus chinensis,原生 Native,"","","",722e4d08-6602-42ec-a87f-138101c90ef1,保育等級不同,protectedStatusTW,;文化資產保存法：珍貴稀有植物,https://vvtaxatree.tbn.org.tw/taxa/722e4d08-6602-42ec-a87f-138101c90ef1
70adf9f8-2f17-43ee-bc04-7ca2143e88a7,infraspecies,722e4d08-6602-42ec-a87f-138101c90ef1,Plantae,Juniperus chinensis chinensis,外來栽培 Cultivated (non-native),"","","",722e4d08-6602-42ec-a87f-138101c90ef1,保育等級不同,protectedStatusTW,;文化資產保存法：珍貴稀有植物,https://vvtaxatree.tbn.org.tw/taxa/70adf9f8-2f17-43ee-bc04-7ca2143e88a7
a80e5528-9554-4e6d-95e5-0d628fbde960,infraspecies,722e4d08-6602-42ec-a87f-138101c90ef1,Plantae,Juniperus chinensis taiwanensis,原生 Native,文化資產保存法：珍貴稀有植物,"易危（VU, Vulnerable）","",722e4d08-6602-42ec-a87f-138101c90ef1,保育等級不同,protectedStatusTW,;文化資產保存法：珍貴稀有植物,https://vvtaxatree.tbn.org.tw/taxa/a80e5528-9554-4e6d-95e5-0d628fbde960
722e4d08-6602-42ec-a87f-138101c90ef1,species,ea264a11-1328-43fe-9993-d29113628b54,Plantae,Juniperus chinensis,原生 Native,"","","",722e4d08-6602-42ec-a87f-138101c90ef1,國內紅皮書不同,categoryRedlistTW,";易危（VU, Vulnerable）",https://vvtaxatree.tbn.org.tw/taxa/722e4d08-6602-42ec-a87f-138101c90ef1
70adf9f8-2f17-43ee-bc04-7ca2143e88a7,infraspecies,722e4d08-6602-42ec-a87f-138101c90ef1,Plantae,Juniperus chinensis chinensis,外來栽培 Cultivated (non-native),"","","",722e4d08-6602-42ec-a87f-138101c90ef1,國內紅皮書不同,categoryRedlistTW,";易危（VU, Vulnerable）",https://vvtaxatree.tbn.org.tw/taxa/70adf9f8-2f17-43ee-bc04-7ca2143e88a7
a80e5528-9554-4e6d-95e5-0d628fbde960,infraspecies,722e4d08-6602-42ec-a87f-138101c90ef1,Plantae,Juniperus chinensis taiwanensis,原生 Native,文化資產保存法：珍貴稀有植物,"易危（VU, Vulnerable）","",722e4d08-6602-42ec-a87f-138101c90ef1,國內紅皮書不同,categoryRedlistTW,";易危（VU, Vulnerable）",https://vvtaxatree.tbn.org.tw/taxa/a80e5528-9554-4e6d-95e5-0d628fbde960
72b9c379-5277-45b4-93ef-bc1f49c8ade0,species,d48d1638-f573-4060-9b0f-2518a0830da8,Animalia,Tympanuchus cupido,"","","","接近受脅（NT, Near Threatened）",72b9c379-5277-45b4-93ef-bc1f49c8ade0,保育等級不同,protectedStatusTW,;珍貴稀有保育類野生動物,https://vvtaxatree.tbn.org.tw/taxa/72b9c379-5277-45b4-93ef-bc1f49c8ade0
6d006c87-0f07-45eb-9f24-3f57dcd91fb3,infraspecies,72b9c379-5277-45b4-93ef-bc1f49c8ade0,Animalia,Tympanuchus cupido cupido attwateri,"",珍貴稀有保育類野生動物,"","",72b9c379-5277-45b4-93ef-bc1f49c8ade0,保育等級不同,protectedStatusTW,;珍貴稀有保育類野生動物,https://vvtaxatree.tbn.org.tw/taxa/6d006c87-0f07-45eb-9f24-3f57dcd91fb3
72b9c379-5277-45b4-93ef-bc1f49c8ade0,species,d48d1638-f573-4060-9b0f-2518a0830da8,Animalia,Tympanuchus cupido,"","","","接近受脅（NT, Near Threatened）",72b9c379-5277-45b4-93ef-bc1f49c8ade0,IUCN紅皮書不同,categoryIUCN,"接近受脅（NT, Near Threatened）;",https://vvtaxatree.tbn.org.tw/taxa/72b9c379-5277-45b4-93ef-bc1f49c8ade0
6d006c87-0f07-45eb-9f24-3f57dcd91fb3,infraspecies,72b9c379-5277-45b4-93ef-bc1f49c8ade0,Animalia,Tympanuchus cupido cupido attwateri,"",珍貴稀有保育類野生動物,"","",72b9c379-5277-45b4-93ef-bc1f49c8ade0,IUCN紅皮書不同,categoryIUCN,"接近受脅（NT, Near Threatened）;",https://vvtaxatree.tbn.org.tw/taxa/6d006c87-0f07-45eb-9f24-3f57dcd91fb3
73b5f350-0f1f-4733-b4df-604a91944c50,species,8ea01d8a-eed6-4cfc-b907-47ea9add6779,Animalia,Rhynchobatus djiddensis,"","","","極危（CR, Critically Endangered）",73b5f350-0f1f-4733-b4df-604a91944c50,IUCN紅皮書不同,categoryIUCN,"極危（CR, Critically Endangered）;",https://vvtaxatree.tbn.org.tw/taxa/73b5f350-0f1f-4733-b4df-604a91944c50
74953a8e-950c-4e02-824a-dd77eeaa99fb,infraspecies,73b5f350-0f1f-4733-b4df-604a91944c50,Animalia,Rhynchobatus djiddensis djiddensis australiae,"","","","",73b5f350-0f1f-4733-b4df-604a91944c50,IUCN紅皮書不同,categoryIUCN,"極危（CR, Critically Endangered）;",https://vvtaxatree.tbn.org.tw/taxa/74953a8e-950c-4e02-824a-dd77eeaa99fb
76cf5e03-c6eb-43fb-ae8a-7322635f22f9,species,6a17fb05-137f-4321-a31a-37f7bf4184fe,Animalia,Myotis formosus,原生 Native,"","易危（VU, Vulnerable）","接近受脅（NT, Near Threatened）",76cf5e03-c6eb-43fb-ae8a-7322635f22f9,IUCN紅皮書不同,categoryIUCN,"接近受脅（NT, Near Threatened）;",https://vvtaxatree.tbn.org.tw/taxa/76cf5e03-c6eb-43fb-ae8a-7322635f22f9
5ce13ac2-2325-4faf-9567-e01b43099352,infraspecies,76cf5e03-c6eb-43fb-ae8a-7322635f22f9,Animalia,Myotis formosus formosus flavus,原生 Native,"","易危（VU, Vulnerable）","",76cf5e03-c6eb-43fb-ae8a-7322635f22f9,IUCN紅皮書不同,categoryIUCN,"接近受脅（NT, Near Threatened）;",https://vvtaxatree.tbn.org.tw/taxa/5ce13ac2-2325-4faf-9567-e01b43099352
7908c242-1aa0-4da5-b07e-169fbccdaa9e,species,2ebd5852-d5c3-400c-9406-2054e966759b,Plantae,Panicum curviflorum,原生 Native,"","","",7908c242-1aa0-4da5-b07e-169fbccdaa9e,國內紅皮書不同,categoryRedlistTW,";極危（CR, Critically Endangered）",https://vvtaxatree.tbn.org.tw/taxa/7908c242-1aa0-4da5-b07e-169fbccdaa9e
20a42130-5aaa-4c71-8642-b27dccd147d8,infraspecies,7908c242-1aa0-4da5-b07e-169fbccdaa9e,Plantae,Panicum curviflorum suishaense,原生 Native,"","極危（CR, Critically Endangered）","",7908c242-1aa0-4da5-b07e-169fbccdaa9e,國內紅皮書不同,categoryRedlistTW,";極危（CR, Critically Endangered）",https://vvtaxatree.tbn.org.tw/taxa/20a42130-5aaa-4c71-8642-b27dccd147d8
79587a26-8be2-42d5-8c4d-17cd4fd3692d,species,c887e0f8-0a75-4844-8bd2-2d27c993ce28,Plantae,Themeda caudata,原生 Native,"","極危（CR, Critically Endangered）","",79587a26-8be2-42d5-8c4d-17cd4fd3692d,國內紅皮書不同,categoryRedlistTW,"極危（CR, Critically Endangered）;",https://vvtaxatree.tbn.org.tw/taxa/79587a26-8be2-42d5-8c4d-17cd4fd3692d
cccd1bcf-6b4c-42de-aab5-367ee64b960a,infraspecies,79587a26-8be2-42d5-8c4d-17cd4fd3692d,Plantae,Themeda caudata matsudae,外來歸化 Naturalized (non-native),"","","",79587a26-8be2-42d5-8c4d-17cd4fd3692d,國內紅皮書不同,categoryRedlistTW,"極危（CR, Critically Endangered）;",https://vvtaxatree.tbn.org.tw/taxa/cccd1bcf-6b4c-42de-aab5-367ee64b960a
7959a9ab-19d0-45c3-ad4b-b2428d1e2cad,species,1958eacd-9f3e-4835-9024-60e1ef76874a,Animalia,Ursus arctos,"",珍貴稀有保育類野生動物,"","暫無危機（LC, Least Concern）",7959a9ab-19d0-45c3-ad4b-b2428d1e2cad,保育等級不同,protectedStatusTW,珍貴稀有保育類野生動物;瀕臨絕種保育類野生動物,https://vvtaxatree.tbn.org.tw/taxa/7959a9ab-19d0-45c3-ad4b-b2428d1e2cad
ef1e8895-1304-4935-9d32-21f34e7d9ea5,infraspecies,7959a9ab-19d0-45c3-ad4b-b2428d1e2cad,Animalia,Ursus arctos arctos isabellinus,"",瀕臨絕種保育類野生動物,"","",7959a9ab-19d0-45c3-ad4b-b2428d1e2cad,保育等級不同,protectedStatusTW,珍貴稀有保育類野生動物;瀕臨絕種保育類野生動物,https://vvtaxatree.tbn.org.tw/taxa/ef1e8895-1304-4935-9d32-21f34e7d9ea5
79ff012e-1aee-461c-a9d5-af0449a53369,species,8f534207-cd2a-48db-8daf-b14cb1fb8e58,Animalia,Branta canadensis,"","","","暫無危機（LC, Least Concern）",79ff012e-1aee-461c-a9d5-af0449a53369,保育等級不同,protectedStatusTW,;瀕臨絕種保育類野生動物,https://vvtaxatree.tbn.org.tw/taxa/79ff012e-1aee-461c-a9d5-af0449a53369
8d2ee65f-d141-458a-b3e8-f5da7b12b445,infraspecies,79ff012e-1aee-461c-a9d5-af0449a53369,Animalia,Branta canadensis canadensis leucopareia,"",瀕臨絕種保育類野生動物,"","",79ff012e-1aee-461c-a9d5-af0449a53369,保育等級不同,protectedStatusTW,;瀕臨絕種保育類野生動物,https://vvtaxatree.tbn.org.tw/taxa/8d2ee65f-d141-458a-b3e8-f5da7b12b445
7a1b9884-cc41-49cf-8a52-053e0ea8ee32,species,cb353326-3844-41f0-a0d3-19d5364ada6b,Plantae,Epipactis helleborine,原生 Native,"","","",7a1b9884-cc41-49cf-8a52-053e0ea8ee32,國內紅皮書不同,categoryRedlistTW,";接近受脅（NT, Near Threatened）",https://vvtaxatree.tbn.org.tw/taxa/7a1b9884-cc41-49cf-8a52-053e0ea8ee32
292ba8bc-2c9e-4df0-b727-a5024b4ee0e9,infraspecies,7a1b9884-cc41-49cf-8a52-053e0ea8ee32,Plantae,Epipactis helleborine helleborine,原生 Native,"","接近受脅（NT, Near Threatened）","",7a1b9884-cc41-49cf-8a52-053e0ea8ee32,國內紅皮書不同,categoryRedlistTW,";接近受脅（NT, Near Threatened）",https://vvtaxatree.tbn.org.tw/taxa/292ba8bc-2c9e-4df0-b727-a5024b4ee0e9
7a9a68da-4868-4f37-a25f-35258ceaf2e4,species,2ccf60af-2743-4a1c-bfab-11a036660997,Plantae,Zeuxine strateumatica,原生 Native,"","","",7a9a68da-4868-4f37-a25f-35258ceaf2e4,國內紅皮書不同,categoryRedlistTW,";資料缺乏（DD, Data Deficient）",https://vvtaxatree.tbn.org.tw/taxa/7a9a68da-4868-4f37-a25f-35258ceaf2e4
a0fbb5ce-a883-4f22-adcc-7802fad0ae4b,infraspecies,7a9a68da-4868-4f37-a25f-35258ceaf2e4,Plantae,Zeuxine strateumatica strateumatica,原生 Native,"","暫無危機（LC, Least Concern）","",7a9a68da-4868-4f37-a25f-35258ceaf2e4,國內紅皮書不同,categoryRedlistTW,";資料缺乏（DD, Data Deficient）",https://vvtaxatree.tbn.org.tw/taxa/a0fbb5ce-a883-4f22-adcc-7802fad0ae4b
5623551a-59fa-4b45-a01e-fa53657b7716,infraspecies,7a9a68da-4868-4f37-a25f-35258ceaf2e4,Plantae,Zeuxine strateumatica rupicola,原生 Native,"","資料缺乏（DD, Data Deficient）","",7a9a68da-4868-4f37-a25f-35258ceaf2e4,國內紅皮書不同,categoryRedlistTW,";資料缺乏（DD, Data Deficient）",https://vvtaxatree.tbn.org.tw/taxa/5623551a-59fa-4b45-a01e-fa53657b7716
9711a88c-f488-4997-9572-cc49e81de6e6,infraspecies,7a9a68da-4868-4f37-a25f-35258ceaf2e4,Plantae,Zeuxine strateumatica rupicola,原生 Native,"","","",7a9a68da-4868-4f37-a25f-35258ceaf2e4,國內紅皮書不同,categoryRedlistTW,";資料缺乏（DD, Data Deficient）",https://vvtaxatree.tbn.org.tw/taxa/9711a88c-f488-4997-9572-cc49e81de6e6
7ac73d11-a80e-42a5-92fb-b5523c60348b,species,94fe8244-620e-4a8b-a7d4-01328eaf5e2b,Plantae,Adinandra formosana,原生 Native,"","","",7ac73d11-a80e-42a5-92fb-b5523c60348b,國內紅皮書不同,categoryRedlistTW,";資料缺乏（DD, Data Deficient）",https://vvtaxatree.tbn.org.tw/taxa/7ac73d11-a80e-42a5-92fb-b5523c60348b
ef4eaba8-dd99-43d9-bc24-cb9a675235da,infraspecies,7ac73d11-a80e-42a5-92fb-b5523c60348b,Plantae,Adinandra formosana fomosana,原生 Native,"","暫無危機（LC, Least Concern）","",7ac73d11-a80e-42a5-92fb-b5523c60348b,國內紅皮書不同,categoryRedlistTW,";資料缺乏（DD, Data Deficient）",https://vvtaxatree.tbn.org.tw/taxa/ef4eaba8-dd99-43d9-bc24-cb9a675235da
b4180c41-3f85-42f6-9c96-bbc8df6e2e8b,infraspecies,7ac73d11-a80e-42a5-92fb-b5523c60348b,Plantae,Adinandra formosana obtusissima,原生 Native,"","資料缺乏（DD, Data Deficient）","",7ac73d11-a80e-42a5-92fb-b5523c60348b,國內紅皮書不同,categoryRedlistTW,";資料缺乏（DD, Data Deficient）",https://vvtaxatree.tbn.org.tw/taxa/b4180c41-3f85-42f6-9c96-bbc8df6e2e8b
7b63a466-9d35-47cd-8c33-fdaf0be5a988,species,7c73cdf9-f4aa-462a-9c12-00e10328195c,Plantae,Alysicarpus vaginalis,原生 Native,"","","",7b63a466-9d35-47cd-8c33-fdaf0be5a988,國內紅皮書不同,categoryRedlistTW,";資料缺乏（DD, Data Deficient）",https://vvtaxatree.tbn.org.tw/taxa/7b63a466-9d35-47cd-8c33-fdaf0be5a988
bb993813-7755-4518-a800-e3a68327cd29,infraspecies,7b63a466-9d35-47cd-8c33-fdaf0be5a988,Plantae,Alysicarpus vaginalis vaginalis,原生 Native,"","暫無危機（LC, Least Concern）","",7b63a466-9d35-47cd-8c33-fdaf0be5a988,國內紅皮書不同,categoryRedlistTW,";資料缺乏（DD, Data Deficient）",https://vvtaxatree.tbn.org.tw/taxa/bb993813-7755-4518-a800-e3a68327cd29
daeab5ca-731d-4d4e-bd14-e68a7d5cf71d,infraspecies,7b63a466-9d35-47cd-8c33-fdaf0be5a988,Plantae,Alysicarpus vaginalis taiwanensis,原生 Native,"","資料缺乏（DD, Data Deficient）","",7b63a466-9d35-47cd-8c33-fdaf0be5a988,國內紅皮書不同,categoryRedlistTW,";資料缺乏（DD, Data Deficient）",https://vvtaxatree.tbn.org.tw/taxa/daeab5ca-731d-4d4e-bd14-e68a7d5cf71d
7c46a498-52e5-42f0-aff2-2998a5234bfb,species,0a5cf025-02ae-41ee-9a6b-acaddec8e77d,Plantae,Sagittaria guayanensis,外來栽培 Cultivated (non-native),"","","",7c46a498-52e5-42f0-aff2-2998a5234bfb,國內紅皮書不同,categoryRedlistTW,";瀕危（EN, Endangered）",https://vvtaxatree.tbn.org.tw/taxa/7c46a498-52e5-42f0-aff2-2998a5234bfb
3302d1b1-e28b-4ccb-a9fb-b963e77ae5ce,infraspecies,7c46a498-52e5-42f0-aff2-2998a5234bfb,Plantae,Sagittaria guayanensis lappula,原生 Native,"","瀕危（EN, Endangered）","",7c46a498-52e5-42f0-aff2-2998a5234bfb,國內紅皮書不同,categoryRedlistTW,";瀕危（EN, Endangered）",https://vvtaxatree.tbn.org.tw/taxa/3302d1b1-e28b-4ccb-a9fb-b963e77ae5ce
7ec2b401-ca32-42bd-9b5a-63d61823a097,species,dc037976-b68e-4e0c-8949-9f73050f803b,Animalia,Coelops frithii,原生 Native,珍貴稀有保育類野生動物,"易危（VU, Vulnerable）","接近受脅（NT, Near Threatened）",7ec2b401-ca32-42bd-9b5a-63d61823a097,IUCN紅皮書不同,categoryIUCN,"接近受脅（NT, Near Threatened）;",https://vvtaxatree.tbn.org.tw/taxa/7ec2b401-ca32-42bd-9b5a-63d61823a097
c2a0ef00-569b-479f-8cfd-bb467fb8f45f,infraspecies,7ec2b401-ca32-42bd-9b5a-63d61823a097,Animalia,Coelops frithii frithii formosanus,原生 Native,珍貴稀有保育類野生動物,"易危（VU, Vulnerable）","",7ec2b401-ca32-42bd-9b5a-63d61823a097,IUCN紅皮書不同,categoryIUCN,"接近受脅（NT, Near Threatened）;",https://vvtaxatree.tbn.org.tw/taxa/c2a0ef00-569b-479f-8cfd-bb467fb8f45f
7fb7b8cf-58a5-4cfb-b9b1-d8e334b3749b,species,bb3800a2-cd17-41af-92b7-d667bb6dde03,Plantae,Oxalis acetocella,原生 Native,"","","",7fb7b8cf-58a5-4cfb-b9b1-d8e334b3749b,國內紅皮書不同,categoryRedlistTW,";易危（VU, Vulnerable）",https://vvtaxatree.tbn.org.tw/taxa/7fb7b8cf-58a5-4cfb-b9b1-d8e334b3749b
4e723e33-1078-49d1-85cf-cd7e934e68e6,infraspecies,7fb7b8cf-58a5-4cfb-b9b1-d8e334b3749b,Plantae,Oxalis acetocella griffithii,原生 Native,"","","",7fb7b8cf-58a5-4cfb-b9b1-d8e334b3749b,國內紅皮書不同,categoryRedlistTW,";易危（VU, Vulnerable）",https://vvtaxatree.tbn.org.tw/taxa/4e723e33-1078-49d1-85cf-cd7e934e68e6
09d4afee-4f53-4fae-8b8f-80f226909d4c,infraspecies,7fb7b8cf-58a5-4cfb-b9b1-d8e334b3749b,Plantae,Oxalis acetocella griffithii formosana,原生 Native,"","暫無危機（LC, Least Concern）","",7fb7b8cf-58a5-4cfb-b9b1-d8e334b3749b,國內紅皮書不同,categoryRedlistTW,";易危（VU, Vulnerable）",https://vvtaxatree.tbn.org.tw/taxa/09d4afee-4f53-4fae-8b8f-80f226909d4c
bed00aeb-6c18-42f8-8a67-439160e6dc25,infraspecies,7fb7b8cf-58a5-4cfb-b9b1-d8e334b3749b,Plantae,Oxalis acetocella taemoni,原生 Native,"","易危（VU, Vulnerable）","",7fb7b8cf-58a5-4cfb-b9b1-d8e334b3749b,國內紅皮書不同,categoryRedlistTW,";易危（VU, Vulnerable）",https://vvtaxatree.tbn.org.tw/taxa/bed00aeb-6c18-42f8-8a67-439160e6dc25
87d49346-7297-4c0d-a92e-19179e68e9d8,species,1958eacd-9f3e-4835-9024-60e1ef76874a,Animalia,Ursus thibetanus,原生 Native,瀕臨絕種保育類野生動物,"瀕危（EN, Endangered）","易危（VU, Vulnerable）",87d49346-7297-4c0d-a92e-19179e68e9d8,IUCN紅皮書不同,categoryIUCN,"易危（VU, Vulnerable）;",https://vvtaxatree.tbn.org.tw/taxa/87d49346-7297-4c0d-a92e-19179e68e9d8
861b3e71-0272-4a96-b81f-fa7b8588ac3a,infraspecies,87d49346-7297-4c0d-a92e-19179e68e9d8,Animalia,Ursus thibetanus thibetanus formosanus,原生 Native,瀕臨絕種保育類野生動物,"瀕危（EN, Endangered）","",87d49346-7297-4c0d-a92e-19179e68e9d8,IUCN紅皮書不同,categoryIUCN,"易危（VU, Vulnerable）;",https://vvtaxatree.tbn.org.tw/taxa/861b3e71-0272-4a96-b81f-fa7b8588ac3a
884dc9e1-3267-4e9c-9159-4026c4161429,species,68503d85-5812-4b51-b92c-7a057527ad20,Animalia,Hippotragus niger,"","","","暫無危機（LC, Least Concern）",884dc9e1-3267-4e9c-9159-4026c4161429,保育等級不同,protectedStatusTW,;瀕臨絕種保育類野生動物,https://vvtaxatree.tbn.org.tw/taxa/884dc9e1-3267-4e9c-9159-4026c4161429
851f79db-1298-4ea2-845c-c3e193f60aaa,infraspecies,884dc9e1-3267-4e9c-9159-4026c4161429,Animalia,Hippotragus niger niger variani,"",瀕臨絕種保育類野生動物,"","",884dc9e1-3267-4e9c-9159-4026c4161429,保育等級不同,protectedStatusTW,;瀕臨絕種保育類野生動物,https://vvtaxatree.tbn.org.tw/taxa/851f79db-1298-4ea2-845c-c3e193f60aaa
8efa36fc-6284-4d84-9d60-40443546892d,species,50f193de-1b2f-4759-942e-20dcbf7621bd,Plantae,Cymbidium lancifolium,原生 Native,"","接近受脅（NT, Near Threatened）","",8efa36fc-6284-4d84-9d60-40443546892d,國內紅皮書不同,categoryRedlistTW,"接近受脅（NT, Near Threatened）;",https://vvtaxatree.tbn.org.tw/taxa/8efa36fc-6284-4d84-9d60-40443546892d
3c7047ae-1015-4a19-ad28-f2b065bab266,infraspecies,8efa36fc-6284-4d84-9d60-40443546892d,Plantae,Cymbidium lancifolium lancifolium,原生 Native,"","暫無危機（LC, Least Concern）","",8efa36fc-6284-4d84-9d60-40443546892d,國內紅皮書不同,categoryRedlistTW,"接近受脅（NT, Near Threatened）;",https://vvtaxatree.tbn.org.tw/taxa/3c7047ae-1015-4a19-ad28-f2b065bab266
051f81c9-21e8-4336-841f-dea98a5c6b32,infraspecies,8efa36fc-6284-4d84-9d60-40443546892d,Plantae,Cymbidium lancifolium aspidistrifolium,原生 Native,"","暫無危機（LC, Least Concern）","",8efa36fc-6284-4d84-9d60-40443546892d,國內紅皮書不同,categoryRedlistTW,"接近受脅（NT, Near Threatened）;",https://vvtaxatree.tbn.org.tw/taxa/051f81c9-21e8-4336-841f-dea98a5c6b32
dae21eb2-58c2-48ee-bbe3-7a0da8512e7f,infraspecies,8efa36fc-6284-4d84-9d60-40443546892d,Plantae,Cymbidium lancifolium papuanum,原生 Native,"","","",8efa36fc-6284-4d84-9d60-40443546892d,國內紅皮書不同,categoryRedlistTW,"接近受脅（NT, Near Threatened）;",https://vvtaxatree.tbn.org.tw/taxa/dae21eb2-58c2-48ee-bbe3-7a0da8512e7f
6d4bad02-33d1-4bf9-971e-8b5e0ad77053,infraspecies,8efa36fc-6284-4d84-9d60-40443546892d,Plantae,Cymbidium lancifolium syunitianum,原生 Native,"","接近受脅（NT, Near Threatened）","",8efa36fc-6284-4d84-9d60-40443546892d,國內紅皮書不同,categoryRedlistTW,"接近受脅（NT, Near Threatened）;",https://vvtaxatree.tbn.org.tw/taxa/6d4bad02-33d1-4bf9-971e-8b5e0ad77053
8fc3996c-6be4-46ec-b81f-8786bd3e69aa,species,3b66090d-bd6e-4c44-aab9-9279a3ecd294,Animalia,Kaniska canace,原生 Native,"","易危（VU, Vulnerable）","",8fc3996c-6be4-46ec-b81f-8786bd3e69aa,國內紅皮書不同,categoryRedlistTW,"易危（VU, Vulnerable）;",https://vvtaxatree.tbn.org.tw/taxa/8fc3996c-6be4-46ec-b81f-8786bd3e69aa
50dc1c42-f585-4de7-a72f-14bea37fe42e,infraspecies,8fc3996c-6be4-46ec-b81f-8786bd3e69aa,Animalia,Kaniska canace canace drilon,原生 Native,"","易危（VU, Vulnerable）","",8fc3996c-6be4-46ec-b81f-8786bd3e69aa,國內紅皮書不同,categoryRedlistTW,"易危（VU, Vulnerable）;",https://vvtaxatree.tbn.org.tw/taxa/50dc1c42-f585-4de7-a72f-14bea37fe42e
c9da62be-bf5e-4cdd-b28c-c8f8645fad60,infraspecies,8fc3996c-6be4-46ec-b81f-8786bd3e69aa,Animalia,Kaniska canace canace canace,原生 Native,"","","",8fc3996c-6be4-46ec-b81f-8786bd3e69aa,國內紅皮書不同,categoryRedlistTW,"易危（VU, Vulnerable）;",https://vvtaxatree.tbn.org.tw/taxa/c9da62be-bf5e-4cdd-b28c-c8f8645fad60
1d0a213c-c5cc-4fb5-bfde-ff8da1896128,infraspecies,8fc3996c-6be4-46ec-b81f-8786bd3e69aa,Animalia,Kaniska canace canace ishima,原生 Native,"","","",8fc3996c-6be4-46ec-b81f-8786bd3e69aa,國內紅皮書不同,categoryRedlistTW,"易危（VU, Vulnerable）;",https://vvtaxatree.tbn.org.tw/taxa/1d0a213c-c5cc-4fb5-bfde-ff8da1896128
9009b30d-3fd2-4899-aae8-b464da8b088c,species,2b017dcd-af38-491e-b81b-f86e2d14887b,Plantae,Chamaecyparis obtusa,原生 Native,"","","",9009b30d-3fd2-4899-aae8-b464da8b088c,國內紅皮書不同,categoryRedlistTW,";接近受脅（NT, Near Threatened）",https://vvtaxatree.tbn.org.tw/taxa/9009b30d-3fd2-4899-aae8-b464da8b088c
275c3a82-7d16-4e29-97f1-9fd1e630793f,infraspecies,9009b30d-3fd2-4899-aae8-b464da8b088c,Plantae,Chamaecyparis obtusa obtusa,境外 Overseas,"","","",9009b30d-3fd2-4899-aae8-b464da8b088c,國內紅皮書不同,categoryRedlistTW,";接近受脅（NT, Near Threatened）",https://vvtaxatree.tbn.org.tw/taxa/275c3a82-7d16-4e29-97f1-9fd1e630793f
11118108-8b1f-4aa9-bd4d-6063ce37da7b,infraspecies,9009b30d-3fd2-4899-aae8-b464da8b088c,Plantae,Chamaecyparis obtusa formosana,原生 Native,"","接近受脅（NT, Near Threatened）","",9009b30d-3fd2-4899-aae8-b464da8b088c,國內紅皮書不同,categoryRedlistTW,";接近受脅（NT, Near Threatened）",https://vvtaxatree.tbn.org.tw/taxa/11118108-8b1f-4aa9-bd4d-6063ce37da7b
901a2795-0db9-4a58-a213-56d7f27e7282,species,b54faece-dccb-46f7-9099-aca81a83493c,Animalia,Tongeia filicaudis,原生 Native,"","接近受脅（NT, Near Threatened）","",901a2795-0db9-4a58-a213-56d7f27e7282,國內紅皮書不同,categoryRedlistTW,"接近受脅（NT, Near Threatened）;",https://vvtaxatree.tbn.org.tw/taxa/901a2795-0db9-4a58-a213-56d7f27e7282
a3c5f2eb-8aa2-41b9-a9f1-f38f809db1fe,infraspecies,901a2795-0db9-4a58-a213-56d7f27e7282,Animalia,Tongeia filicaudis filicaudis mushanus,原生 Native,"","接近受脅（NT, Near Threatened）","",901a2795-0db9-4a58-a213-56d7f27e7282,國內紅皮書不同,categoryRedlistTW,"接近受脅（NT, Near Threatened）;",https://vvtaxatree.tbn.org.tw/taxa/a3c5f2eb-8aa2-41b9-a9f1-f38f809db1fe
22c80f43-cd3d-4f03-957f-43541a1e0b39,infraspecies,901a2795-0db9-4a58-a213-56d7f27e7282,Animalia,Tongeia filicaudis filicaudis filicaudis,原生 Native,"","","",901a2795-0db9-4a58-a213-56d7f27e7282,國內紅皮書不同,categoryRedlistTW,"接近受脅（NT, Near Threatened）;",https://vvtaxatree.tbn.org.tw/taxa/22c80f43-cd3d-4f03-957f-43541a1e0b39
90398acc-2602-48c9-b09b-e3443260234c,species,24597be4-91d3-45a2-8682-c3d666c7c049,Plantae,Prunella vulgaris,原生 Native,"","暫無危機（LC, Least Concern）","",90398acc-2602-48c9-b09b-e3443260234c,國內紅皮書不同,categoryRedlistTW,";易危（VU, Vulnerable）",https://vvtaxatree.tbn.org.tw/taxa/90398acc-2602-48c9-b09b-e3443260234c
7489b502-b98e-490e-9ca8-7000e346e05a,infraspecies,90398acc-2602-48c9-b09b-e3443260234c,Plantae,Prunella vulgaris vulgaris,境外 Overseas,"","","",90398acc-2602-48c9-b09b-e3443260234c,國內紅皮書不同,categoryRedlistTW,";易危（VU, Vulnerable）",https://vvtaxatree.tbn.org.tw/taxa/7489b502-b98e-490e-9ca8-7000e346e05a
5d70d366-e75b-43d6-8bdd-7f9d9fd603b2,infraspecies,90398acc-2602-48c9-b09b-e3443260234c,Plantae,Prunella vulgaris asiatica,原生 Native,"","暫無危機（LC, Least Concern）","",90398acc-2602-48c9-b09b-e3443260234c,國內紅皮書不同,categoryRedlistTW,";易危（VU, Vulnerable）",https://vvtaxatree.tbn.org.tw/taxa/5d70d366-e75b-43d6-8bdd-7f9d9fd603b2
e39c321c-0433-4f7e-9357-e544e1eed161,infraspecies,90398acc-2602-48c9-b09b-e3443260234c,Plantae,Prunella vulgaris asiatica nanhutashanensis,原生 Native,"","易危（VU, Vulnerable）","",90398acc-2602-48c9-b09b-e3443260234c,國內紅皮書不同,categoryRedlistTW,";易危（VU, Vulnerable）",https://vvtaxatree.tbn.org.tw/taxa/e39c321c-0433-4f7e-9357-e544e1eed161
93e5e2c4-b205-46ed-b1a4-964d14ae2b93,species,50000f59-2dad-4668-ad38-9cee712dde6d,Animalia,Papilio machaon,原生 Native,"","極危（CR, Critically Endangered）","",93e5e2c4-b205-46ed-b1a4-964d14ae2b93,國內紅皮書不同,categoryRedlistTW,"極危（CR, Critically Endangered）;",https://vvtaxatree.tbn.org.tw/taxa/93e5e2c4-b205-46ed-b1a4-964d14ae2b93
bd297b34-8b6a-4844-990a-290071b13e30,infraspecies,93e5e2c4-b205-46ed-b1a4-964d14ae2b93,Animalia,Papilio machaon machaon sylvina,原生 Native,"","極危（CR, Critically Endangered）","",93e5e2c4-b205-46ed-b1a4-964d14ae2b93,國內紅皮書不同,categoryRedlistTW,"極危（CR, Critically Endangered）;",https://vvtaxatree.tbn.org.tw/taxa/bd297b34-8b6a-4844-990a-290071b13e30
0a59b985-8f0c-431b-9fd2-3a8e1e8f9e2c,infraspecies,93e5e2c4-b205-46ed-b1a4-964d14ae2b93,Animalia,Papilio machaon machaon schantungensis,原生 Native,"","","",93e5e2c4-b205-46ed-b1a4-964d14ae2b93,國內紅皮書不同,categoryRedlistTW,"極危（CR, Critically Endangered）;",https://vvtaxatree.tbn.org.tw/taxa/0a59b985-8f0c-431b-9fd2-3a8e1e8f9e2c
9401a1ca-328b-4645-8c6b-3578cfd7c1b8,species,a6fa8f39-71fc-4458-8a88-5ba47e46e20f,Animalia,Nisaetus nipalensis,原生 Native,瀕臨絕種保育類野生動物,"易危（VU, Vulnerable）","接近受脅（NT, Near Threatened）",9401a1ca-328b-4645-8c6b-3578cfd7c1b8,IUCN紅皮書不同,categoryIUCN,"接近受脅（NT, Near Threatened）;",https://vvtaxatree.tbn.org.tw/taxa/9401a1ca-328b-4645-8c6b-3578cfd7c1b8
8d8634ef-b32f-4bb0-8bc4-83cbae1fd1e1,infraspecies,9401a1ca-328b-4645-8c6b-3578cfd7c1b8,Animalia,Nisaetus nipalensis nipalensis nipalensis,原生 Native,瀕臨絕種保育類野生動物,"易危（VU, Vulnerable）","",9401a1ca-328b-4645-8c6b-3578cfd7c1b8,IUCN紅皮書不同,categoryIUCN,"接近受脅（NT, Near Threatened）;",https://vvtaxatree.tbn.org.tw/taxa/8d8634ef-b32f-4bb0-8bc4-83cbae1fd1e1
952838f1-aab7-4a29-b86e-4f8f8089013d,species,a1271f3d-1306-4e20-988e-2530c70ea9ff,Animalia,Cervus elaphus,"","","","暫無危機（LC, Least Concern）",952838f1-aab7-4a29-b86e-4f8f8089013d,保育等級不同,protectedStatusTW,;珍貴稀有保育類野生動物;瀕臨絕種保育類野生動物,https://vvtaxatree.tbn.org.tw/taxa/952838f1-aab7-4a29-b86e-4f8f8089013d
30c6169c-dab7-4125-b549-cc5cbc92fb91,infraspecies,952838f1-aab7-4a29-b86e-4f8f8089013d,Animalia,Cervus elaphus elaphus bactrianus,"",珍貴稀有保育類野生動物,"","",952838f1-aab7-4a29-b86e-4f8f8089013d,保育等級不同,protectedStatusTW,;珍貴稀有保育類野生動物;瀕臨絕種保育類野生動物,https://vvtaxatree.tbn.org.tw/taxa/30c6169c-dab7-4125-b549-cc5cbc92fb91
c1c77023-dea9-4243-b96c-4647d1a2185f,infraspecies,952838f1-aab7-4a29-b86e-4f8f8089013d,Animalia,Cervus elaphus elaphus hanglu,"",瀕臨絕種保育類野生動物,"","",952838f1-aab7-4a29-b86e-4f8f8089013d,保育等級不同,protectedStatusTW,;珍貴稀有保育類野生動物;瀕臨絕種保育類野生動物,https://vvtaxatree.tbn.org.tw/taxa/c1c77023-dea9-4243-b96c-4647d1a2185f
95cdf2e0-32d5-482c-8fdd-c9eec5eda252,species,62e9fcb7-93a0-4067-9fcc-fa1e3a86ee9c,Animalia,Unio tampicoensis,"","","","",95cdf2e0-32d5-482c-8fdd-c9eec5eda252,保育等級不同,protectedStatusTW,;瀕臨絕種保育類野生動物,https://vvtaxatree.tbn.org.tw/taxa/95cdf2e0-32d5-482c-8fdd-c9eec5eda252
b7f7c620-feee-496d-b198-c814f9e39c65,infraspecies,95cdf2e0-32d5-482c-8fdd-c9eec5eda252,Animalia,Unio tampicoensis tampicoensis tecomatensis,"",瀕臨絕種保育類野生動物,"","",95cdf2e0-32d5-482c-8fdd-c9eec5eda252,保育等級不同,protectedStatusTW,;瀕臨絕種保育類野生動物,https://vvtaxatree.tbn.org.tw/taxa/b7f7c620-feee-496d-b198-c814f9e39c65
95f81fcb-d85e-433a-bf8b-8ed430c76bb1,species,9ba6cb95-dcdc-46b7-b29e-361c851f1386,Plantae,Rubus parvifolius,原生 Native,"","","",95f81fcb-d85e-433a-bf8b-8ed430c76bb1,國內紅皮書不同,categoryRedlistTW,";資料缺乏（DD, Data Deficient）",https://vvtaxatree.tbn.org.tw/taxa/95f81fcb-d85e-433a-bf8b-8ed430c76bb1
1c770b6e-0d0c-41ee-ad70-e96d8b6470ec,infraspecies,95f81fcb-d85e-433a-bf8b-8ed430c76bb1,Plantae,Rubus parvifolius parvifolius,原生 Native,"","暫無危機（LC, Least Concern）","",95f81fcb-d85e-433a-bf8b-8ed430c76bb1,國內紅皮書不同,categoryRedlistTW,";資料缺乏（DD, Data Deficient）",https://vvtaxatree.tbn.org.tw/taxa/1c770b6e-0d0c-41ee-ad70-e96d8b6470ec
d3a954b1-73f8-4e0c-ab8c-0815459ba596,infraspecies,95f81fcb-d85e-433a-bf8b-8ed430c76bb1,Plantae,Rubus parvifolius toapiensis,原生 Native,"","資料缺乏（DD, Data Deficient）","",95f81fcb-d85e-433a-bf8b-8ed430c76bb1,國內紅皮書不同,categoryRedlistTW,";資料缺乏（DD, Data Deficient）",https://vvtaxatree.tbn.org.tw/taxa/d3a954b1-73f8-4e0c-ab8c-0815459ba596
96acaa9b-0412-4853-8168-fccd12166426,species,33c817d0-77cb-4fd8-bb9e-2393e66120b6,Animalia,Prionailurus bengalensis,原生 Native,珍貴稀有保育類野生動物,"瀕危（EN, Endangered）","暫無危機（LC, Least Concern）",96acaa9b-0412-4853-8168-fccd12166426,保育等級不同,protectedStatusTW,珍貴稀有保育類野生動物;瀕臨絕種保育類野生動物,https://vvtaxatree.tbn.org.tw/taxa/96acaa9b-0412-4853-8168-fccd12166426
32df7ca2-38c1-4ce4-9ba7-3f54e82cacd8,infraspecies,96acaa9b-0412-4853-8168-fccd12166426,Animalia,Prionailurus bengalensis bengalensis euptilurus,原生 Native,瀕臨絕種保育類野生動物,"瀕危（EN, Endangered）","",96acaa9b-0412-4853-8168-fccd12166426,保育等級不同,protectedStatusTW,珍貴稀有保育類野生動物;瀕臨絕種保育類野生動物,https://vvtaxatree.tbn.org.tw/taxa/32df7ca2-38c1-4ce4-9ba7-3f54e82cacd8
97dbbde6-c9b0-4353-9ddc-d986536720e5,species,ecbe408f-007b-4ea6-a3c9-557a78f10012,Plantae,Elaeagnus oldhamii,原生 Native,"","資料缺乏（DD, Data Deficient）","",97dbbde6-c9b0-4353-9ddc-d986536720e5,國內紅皮書不同,categoryRedlistTW,"資料缺乏（DD, Data Deficient）;",https://vvtaxatree.tbn.org.tw/taxa/97dbbde6-c9b0-4353-9ddc-d986536720e5
d88220c2-f409-4af9-94e9-73590f251a90,infraspecies,97dbbde6-c9b0-4353-9ddc-d986536720e5,Plantae,Elaeagnus oldhamii nakaii,原生 Native,"","","",97dbbde6-c9b0-4353-9ddc-d986536720e5,國內紅皮書不同,categoryRedlistTW,"資料缺乏（DD, Data Deficient）;",https://vvtaxatree.tbn.org.tw/taxa/d88220c2-f409-4af9-94e9-73590f251a90
98658599-6337-451c-b365-247696b89313,species,a6198528-574f-4915-ae2e-fa7289ad9b45,Plantae,Cuscuta japonica,原生 Native,"","","",98658599-6337-451c-b365-247696b89313,國內紅皮書不同,categoryRedlistTW,";資料缺乏（DD, Data Deficient）",https://vvtaxatree.tbn.org.tw/taxa/98658599-6337-451c-b365-247696b89313
debc344d-27cf-43f4-85f1-ee8efad5ee48,infraspecies,98658599-6337-451c-b365-247696b89313,Plantae,Cuscuta japonica japonica,原生 Native,"","資料缺乏（DD, Data Deficient）","",98658599-6337-451c-b365-247696b89313,國內紅皮書不同,categoryRedlistTW,";資料缺乏（DD, Data Deficient）",https://vvtaxatree.tbn.org.tw/taxa/debc344d-27cf-43f4-85f1-ee8efad5ee48
6fb900af-cda0-4c85-bf4c-2cf6400c145c,infraspecies,98658599-6337-451c-b365-247696b89313,Plantae,Cuscuta japonica formosana,原生 Native,"","暫無危機（LC, Least Concern）","",98658599-6337-451c-b365-247696b89313,國內紅皮書不同,categoryRedlistTW,";資料缺乏（DD, Data Deficient）",https://vvtaxatree.tbn.org.tw/taxa/6fb900af-cda0-4c85-bf4c-2cf6400c145c
98660464-7c7e-4376-a11e-7b5e16ae6ae5,species,41afbc5d-1564-43f1-843b-589014419a81,Animalia,Caiman crocodilus,外來 Non-native,"","","暫無危機（LC, Least Concern）",98660464-7c7e-4376-a11e-7b5e16ae6ae5,保育等級不同,protectedStatusTW,;瀕臨絕種保育類野生動物,https://vvtaxatree.tbn.org.tw/taxa/98660464-7c7e-4376-a11e-7b5e16ae6ae5
7d16301d-42ae-45d3-ba4d-36fa1efe86e0,infraspecies,98660464-7c7e-4376-a11e-7b5e16ae6ae5,Animalia,Caiman crocodilus crocodilus apaporiensis,"",瀕臨絕種保育類野生動物,"","",98660464-7c7e-4376-a11e-7b5e16ae6ae5,保育等級不同,protectedStatusTW,;瀕臨絕種保育類野生動物,https://vvtaxatree.tbn.org.tw/taxa/7d16301d-42ae-45d3-ba4d-36fa1efe86e0
9a3aa1b3-3142-4149-acd2-7a9f56e459ea,species,daded996-a483-4e40-bc55-2e0d0454d736,Plantae,Trapa bicornis,原生 Native,"","","",9a3aa1b3-3142-4149-acd2-7a9f56e459ea,國內紅皮書不同,categoryRedlistTW,";資料缺乏（DD, Data Deficient）",https://vvtaxatree.tbn.org.tw/taxa/9a3aa1b3-3142-4149-acd2-7a9f56e459ea
bebc714c-b63f-44a3-bda0-fb54526f6bf1,infraspecies,9a3aa1b3-3142-4149-acd2-7a9f56e459ea,Plantae,Trapa bicornis bicornis,原生 Native,"","","",9a3aa1b3-3142-4149-acd2-7a9f56e459ea,國內紅皮書不同,categoryRedlistTW,";資料缺乏（DD, Data Deficient）",https://vvtaxatree.tbn.org.tw/taxa/bebc714c-b63f-44a3-bda0-fb54526f6bf1
eaf9423b-9a8d-4df1-9da1-2bba932f0a84,infraspecies,9a3aa1b3-3142-4149-acd2-7a9f56e459ea,Plantae,Trapa bicornis taiwanensis,原生 Native,"","資料缺乏（DD, Data Deficient）","",9a3aa1b3-3142-4149-acd2-7a9f56e459ea,國內紅皮書不同,categoryRedlistTW,";資料缺乏（DD, Data Deficient）",https://vvtaxatree.tbn.org.tw/taxa/eaf9423b-9a8d-4df1-9da1-2bba932f0a84
9b01f769-2ca7-47ba-935e-f9021c6baac4,species,25cfc80e-bcb3-4ae7-bc28-1c48e7025d0c,Plantae,Glycine max,原生 Native,"","易危（VU, Vulnerable）","",9b01f769-2ca7-47ba-935e-f9021c6baac4,國內紅皮書不同,categoryRedlistTW,"易危（VU, Vulnerable）;",https://vvtaxatree.tbn.org.tw/taxa/9b01f769-2ca7-47ba-935e-f9021c6baac4
d34505ed-c44e-4b91-9508-eabf77aa7181,infraspecies,9b01f769-2ca7-47ba-935e-f9021c6baac4,Plantae,Glycine max max,外來栽培 Cultivated (non-native),"","","",9b01f769-2ca7-47ba-935e-f9021c6baac4,國內紅皮書不同,categoryRedlistTW,"易危（VU, Vulnerable）;",https://vvtaxatree.tbn.org.tw/taxa/d34505ed-c44e-4b91-9508-eabf77aa7181
3b50ea65-27dc-4238-a22c-9602724d96f6,infraspecies,9b01f769-2ca7-47ba-935e-f9021c6baac4,Plantae,Glycine max formosana,原生 Native,"","易危（VU, Vulnerable）","",9b01f769-2ca7-47ba-935e-f9021c6baac4,國內紅皮書不同,categoryRedlistTW,"易危（VU, Vulnerable）;",https://vvtaxatree.tbn.org.tw/taxa/3b50ea65-27dc-4238-a22c-9602724d96f6
9b2de981-878e-4f7c-ad4e-2ff309348d8b,species,42f246d2-58d1-4a3c-9c65-6cf702fc63d9,Animalia,Todiramphus winchelli,"","","","易危（VU, Vulnerable）",9b2de981-878e-4f7c-ad4e-2ff309348d8b,IUCN紅皮書不同,categoryIUCN,"易危（VU, Vulnerable）;",https://vvtaxatree.tbn.org.tw/taxa/9b2de981-878e-4f7c-ad4e-2ff309348d8b
bc93b77d-78fa-4385-a967-38cc4cfd0950,infraspecies,9b2de981-878e-4f7c-ad4e-2ff309348d8b,Animalia,Todiramphus winchelli winchelli winchelli,"","","","",9b2de981-878e-4f7c-ad4e-2ff309348d8b,IUCN紅皮書不同,categoryIUCN,"易危（VU, Vulnerable）;",https://vvtaxatree.tbn.org.tw/taxa/bc93b77d-78fa-4385-a967-38cc4cfd0950
9c65cf48-1001-4684-8e83-6e10ddf1decd,species,e81d63d2-7dd6-437f-a476-224af658ec83,Plantae,Ischaemum rugosum,原生 Native,"","","",9c65cf48-1001-4684-8e83-6e10ddf1decd,國內紅皮書不同,categoryRedlistTW,";易危（VU, Vulnerable）",https://vvtaxatree.tbn.org.tw/taxa/9c65cf48-1001-4684-8e83-6e10ddf1decd
542baa21-fa99-4d46-a61b-47326e53d6eb,infraspecies,9c65cf48-1001-4684-8e83-6e10ddf1decd,Plantae,Ischaemum rugosum segetum,原生 Native,"","易危（VU, Vulnerable）","",9c65cf48-1001-4684-8e83-6e10ddf1decd,國內紅皮書不同,categoryRedlistTW,";易危（VU, Vulnerable）",https://vvtaxatree.tbn.org.tw/taxa/542baa21-fa99-4d46-a61b-47326e53d6eb
9fd15c7f-7fb5-42dc-b7b7-f40dd984bebe,species,3b9757b1-627b-4d8c-bcc8-9fe28e0a43e1,Plantae,Eulophia pulchra,原生 Native,"","","",9fd15c7f-7fb5-42dc-b7b7-f40dd984bebe,國內紅皮書不同,categoryRedlistTW,";資料缺乏（DD, Data Deficient）",https://vvtaxatree.tbn.org.tw/taxa/9fd15c7f-7fb5-42dc-b7b7-f40dd984bebe
abc35614-e40d-481f-916d-037ff8f51c9e,infraspecies,9fd15c7f-7fb5-42dc-b7b7-f40dd984bebe,Plantae,Eulophia pulchra pelorica,原生 Native,"","資料缺乏（DD, Data Deficient）","",9fd15c7f-7fb5-42dc-b7b7-f40dd984bebe,國內紅皮書不同,categoryRedlistTW,";資料缺乏（DD, Data Deficient）",https://vvtaxatree.tbn.org.tw/taxa/abc35614-e40d-481f-916d-037ff8f51c9e
a0624436-a49d-457c-b491-dc61406d49c3,species,d7f255c4-e0b0-47ed-92d1-bdd324b75a83,Animalia,Elaphe taeniura,原生 Native,其他應予保育之野生動物,"暫無危機（LC, Least Concern）","易危（VU, Vulnerable）",a0624436-a49d-457c-b491-dc61406d49c3,IUCN紅皮書不同,categoryIUCN,"易危（VU, Vulnerable）;",https://vvtaxatree.tbn.org.tw/taxa/a0624436-a49d-457c-b491-dc61406d49c3
783f844c-d41c-4b40-a017-54ec9c5ca766,infraspecies,a0624436-a49d-457c-b491-dc61406d49c3,Animalia,Elaphe taeniura taeniura friesi,原生 Native,其他應予保育之野生動物,"暫無危機（LC, Least Concern）","",a0624436-a49d-457c-b491-dc61406d49c3,IUCN紅皮書不同,categoryIUCN,"易危（VU, Vulnerable）;",https://vvtaxatree.tbn.org.tw/taxa/783f844c-d41c-4b40-a017-54ec9c5ca766
a0f13f22-2ae9-4d61-aede-8b6862fcf869,species,94ecf3f2-ac49-40c0-b4b7-ae96d5f25876,Animalia,Coracina javensis,原生 Native,"","","暫無危機（LC, Least Concern）",a0f13f22-2ae9-4d61-aede-8b6862fcf869,保育等級不同,protectedStatusTW,;珍貴稀有保育類野生動物,https://vvtaxatree.tbn.org.tw/taxa/a0f13f22-2ae9-4d61-aede-8b6862fcf869
a752127b-923a-419b-8237-01f55029333e,infraspecies,a0f13f22-2ae9-4d61-aede-8b6862fcf869,Animalia,Coracina javensis javensis rexpineti,原生 Native,珍貴稀有保育類野生動物,"易危（VU, Vulnerable）","",a0f13f22-2ae9-4d61-aede-8b6862fcf869,保育等級不同,protectedStatusTW,;珍貴稀有保育類野生動物,https://vvtaxatree.tbn.org.tw/taxa/a752127b-923a-419b-8237-01f55029333e
a0f13f22-2ae9-4d61-aede-8b6862fcf869,species,94ecf3f2-ac49-40c0-b4b7-ae96d5f25876,Animalia,Coracina javensis,原生 Native,"","","暫無危機（LC, Least Concern）",a0f13f22-2ae9-4d61-aede-8b6862fcf869,國內紅皮書不同,categoryRedlistTW,";易危（VU, Vulnerable）",https://vvtaxatree.tbn.org.tw/taxa/a0f13f22-2ae9-4d61-aede-8b6862fcf869
a752127b-923a-419b-8237-01f55029333e,infraspecies,a0f13f22-2ae9-4d61-aede-8b6862fcf869,Animalia,Coracina javensis javensis rexpineti,原生 Native,珍貴稀有保育類野生動物,"易危（VU, Vulnerable）","",a0f13f22-2ae9-4d61-aede-8b6862fcf869,國內紅皮書不同,categoryRedlistTW,";易危（VU, Vulnerable）",https://vvtaxatree.tbn.org.tw/taxa/a752127b-923a-419b-8237-01f55029333e
a1f2f674-9b44-4226-bbc6-7e83f698a34e,species,f6861ff4-e330-4b5a-88ee-8c41fcd68377,Plantae,Benthamidia japonica,原生 Native,"","","",a1f2f674-9b44-4226-bbc6-7e83f698a34e,國內紅皮書不同,categoryRedlistTW,";資料缺乏（DD, Data Deficient）",https://vvtaxatree.tbn.org.tw/taxa/a1f2f674-9b44-4226-bbc6-7e83f698a34e
ef9b78d1-2011-4fe8-9512-79c793087cea,infraspecies,a1f2f674-9b44-4226-bbc6-7e83f698a34e,Plantae,Benthamidia japonica chinensis,原生 Native,"","資料缺乏（DD, Data Deficient）","",a1f2f674-9b44-4226-bbc6-7e83f698a34e,國內紅皮書不同,categoryRedlistTW,";資料缺乏（DD, Data Deficient）",https://vvtaxatree.tbn.org.tw/taxa/ef9b78d1-2011-4fe8-9512-79c793087cea
a24f2c50-84d4-44ff-b10b-4eff7b86c467,species,d5afef14-5446-412d-9307-369c6e1cfe0b,Animalia,Damaliscus pygargus,"","","","暫無危機（LC, Least Concern）",a24f2c50-84d4-44ff-b10b-4eff7b86c467,保育等級不同,protectedStatusTW,;珍貴稀有保育類野生動物,https://vvtaxatree.tbn.org.tw/taxa/a24f2c50-84d4-44ff-b10b-4eff7b86c467
6b3f1abb-71e9-4ed4-abb1-8dbdc11e7686,infraspecies,a24f2c50-84d4-44ff-b10b-4eff7b86c467,Animalia,Damaliscus pygargus pygargus pygargus,"",珍貴稀有保育類野生動物,"","",a24f2c50-84d4-44ff-b10b-4eff7b86c467,保育等級不同,protectedStatusTW,;珍貴稀有保育類野生動物,https://vvtaxatree.tbn.org.tw/taxa/6b3f1abb-71e9-4ed4-abb1-8dbdc11e7686
a4365854-bf0d-4620-916e-a162aea70b3e,species,337ccb9c-1573-4a36-a69d-c123a7d31c55,Plantae,Mucuna gigantea,原生 Native,"","極危（CR, Critically Endangered）","",a4365854-bf0d-4620-916e-a162aea70b3e,國內紅皮書不同,categoryRedlistTW,"極危（CR, Critically Endangered）;未評估（NE, Not Evaluated）",https://vvtaxatree.tbn.org.tw/taxa/a4365854-bf0d-4620-916e-a162aea70b3e
957e360d-c23c-4f08-a008-d9f57991bac5,infraspecies,a4365854-bf0d-4620-916e-a162aea70b3e,Plantae,Mucuna gigantea tashiroi,原生 Native,"","極危（CR, Critically Endangered）","",a4365854-bf0d-4620-916e-a162aea70b3e,國內紅皮書不同,categoryRedlistTW,"極危（CR, Critically Endangered）;未評估（NE, Not Evaluated）",https://vvtaxatree.tbn.org.tw/taxa/957e360d-c23c-4f08-a008-d9f57991bac5
335c860b-2aee-4ad8-8c5d-d49b73c2ddfb,infraspecies,a4365854-bf0d-4620-916e-a162aea70b3e,Plantae,Mucuna gigantea gigantea,境外 Overseas,"","未評估（NE, Not Evaluated）","",a4365854-bf0d-4620-916e-a162aea70b3e,國內紅皮書不同,categoryRedlistTW,"極危（CR, Critically Endangered）;未評估（NE, Not Evaluated）",https://vvtaxatree.tbn.org.tw/taxa/335c860b-2aee-4ad8-8c5d-d49b73c2ddfb
a5b8df17-b6e7-438b-bf47-a01a3cb7370b,species,4102437a-21e9-461a-9450-b9284b7077dc,Plantae,Eupatorium clematideum,原生 Native,"","","",a5b8df17-b6e7-438b-bf47-a01a3cb7370b,國內紅皮書不同,categoryRedlistTW,";易危（VU, Vulnerable）",https://vvtaxatree.tbn.org.tw/taxa/a5b8df17-b6e7-438b-bf47-a01a3cb7370b
a4c1de23-45d0-44b0-b5b1-9e02e596d229,infraspecies,a5b8df17-b6e7-438b-bf47-a01a3cb7370b,Plantae,Eupatorium clematideum clematideum,原生 Native,"","暫無危機（LC, Least Concern）","",a5b8df17-b6e7-438b-bf47-a01a3cb7370b,國內紅皮書不同,categoryRedlistTW,";易危（VU, Vulnerable）",https://vvtaxatree.tbn.org.tw/taxa/a4c1de23-45d0-44b0-b5b1-9e02e596d229
41c0c5bc-65d2-4479-a0c8-94af6651915c,infraspecies,a5b8df17-b6e7-438b-bf47-a01a3cb7370b,Plantae,Eupatorium clematideum gracillimum,原生 Native,"","易危（VU, Vulnerable）","",a5b8df17-b6e7-438b-bf47-a01a3cb7370b,國內紅皮書不同,categoryRedlistTW,";易危（VU, Vulnerable）",https://vvtaxatree.tbn.org.tw/taxa/41c0c5bc-65d2-4479-a0c8-94af6651915c
a6239ced-04e5-470d-93bc-f3059319a53d,species,d760d979-4934-4979-a276-1df08f19aa5c,Animalia,Aeschnophlebia ishigakiana,原生 Native,"","接近受脅（NT, Near Threatened）","",a6239ced-04e5-470d-93bc-f3059319a53d,國內紅皮書不同,categoryRedlistTW,"接近受脅（NT, Near Threatened）;",https://vvtaxatree.tbn.org.tw/taxa/a6239ced-04e5-470d-93bc-f3059319a53d
6f5208a4-0e18-41c4-845c-7a907add218d,infraspecies,a6239ced-04e5-470d-93bc-f3059319a53d,Animalia,Aeschnophlebia ishigakiana ishigakiana flavostria,原生 Native,"","","",a6239ced-04e5-470d-93bc-f3059319a53d,國內紅皮書不同,categoryRedlistTW,"接近受脅（NT, Near Threatened）;",https://vvtaxatree.tbn.org.tw/taxa/6f5208a4-0e18-41c4-845c-7a907add218d
a7a666cc-45ea-49bb-b9a9-00b404cd125d,species,8b4215c3-cb96-4a6c-ae0e-99b0accd8538,Animalia,Rhodeus ocellatus,原生 Native,"","暫無危機（LC, Least Concern）","資料缺乏（DD, Data Deficient）",a7a666cc-45ea-49bb-b9a9-00b404cd125d,IUCN紅皮書不同,categoryIUCN,"資料缺乏（DD, Data Deficient）;",https://vvtaxatree.tbn.org.tw/taxa/a7a666cc-45ea-49bb-b9a9-00b404cd125d
1d3ea5e8-66ae-42db-8d80-a20f84ad82e8,infraspecies,a7a666cc-45ea-49bb-b9a9-00b404cd125d,Animalia,Rhodeus ocellatus ocellatus ocellatus,原生 Native,"","暫無危機（LC, Least Concern）","",a7a666cc-45ea-49bb-b9a9-00b404cd125d,IUCN紅皮書不同,categoryIUCN,"資料缺乏（DD, Data Deficient）;",https://vvtaxatree.tbn.org.tw/taxa/1d3ea5e8-66ae-42db-8d80-a20f84ad82e8
a9d1bf8e-3918-4802-aaec-9930e1e52b5e,species,a1f3ffa3-2f5a-484f-8b3b-208a65b0b0f1,Plantae,Lilium speciosum,原生 Native,"","","",a9d1bf8e-3918-4802-aaec-9930e1e52b5e,國內紅皮書不同,categoryRedlistTW,";極危（CR, Critically Endangered）",https://vvtaxatree.tbn.org.tw/taxa/a9d1bf8e-3918-4802-aaec-9930e1e52b5e
4be009c2-633b-42b2-810c-c972994e48f0,infraspecies,a9d1bf8e-3918-4802-aaec-9930e1e52b5e,Plantae,Lilium speciosum gloriosoides,原生 Native,"","極危（CR, Critically Endangered）","",a9d1bf8e-3918-4802-aaec-9930e1e52b5e,國內紅皮書不同,categoryRedlistTW,";極危（CR, Critically Endangered）",https://vvtaxatree.tbn.org.tw/taxa/4be009c2-633b-42b2-810c-c972994e48f0
a9e6148a-e792-4475-bba8-db50bd8759cd,species,da0da996-bbfb-4df7-8402-fab40bc15da1,Animalia,Viverricula indica,原生 Native,珍貴稀有保育類野生動物,"接近受脅（NT, Near Threatened）","暫無危機（LC, Least Concern）",a9e6148a-e792-4475-bba8-db50bd8759cd,保育等級不同,protectedStatusTW,珍貴稀有保育類野生動物;,https://vvtaxatree.tbn.org.tw/taxa/a9e6148a-e792-4475-bba8-db50bd8759cd
e76585d5-5643-49dc-876a-b95699e6fd54,infraspecies,a9e6148a-e792-4475-bba8-db50bd8759cd,Animalia,Viverricula indica indica pallida,原生 Native,珍貴稀有保育類野生動物,"接近受脅（NT, Near Threatened）","",a9e6148a-e792-4475-bba8-db50bd8759cd,保育等級不同,protectedStatusTW,珍貴稀有保育類野生動物;,https://vvtaxatree.tbn.org.tw/taxa/e76585d5-5643-49dc-876a-b95699e6fd54
8fa222a4-0444-4ecf-879c-c82b2a1cc3a8,infraspecies,a9e6148a-e792-4475-bba8-db50bd8759cd,Animalia,Viverricula indica indica indica,"","","","",a9e6148a-e792-4475-bba8-db50bd8759cd,保育等級不同,protectedStatusTW,珍貴稀有保育類野生動物;,https://vvtaxatree.tbn.org.tw/taxa/8fa222a4-0444-4ecf-879c-c82b2a1cc3a8
c07e5832-8354-4ea1-b97c-3a9419e7b282,infraspecies,a9e6148a-e792-4475-bba8-db50bd8759cd,Animalia,Viverricula indica indica baliensis,"","","","",a9e6148a-e792-4475-bba8-db50bd8759cd,保育等級不同,protectedStatusTW,珍貴稀有保育類野生動物;,https://vvtaxatree.tbn.org.tw/taxa/c07e5832-8354-4ea1-b97c-3a9419e7b282
b1f49ffa-e043-421a-a748-73d00ed54c1c,infraspecies,a9e6148a-e792-4475-bba8-db50bd8759cd,Animalia,Viverricula indica indica rasse,"","","","",a9e6148a-e792-4475-bba8-db50bd8759cd,保育等級不同,protectedStatusTW,珍貴稀有保育類野生動物;,https://vvtaxatree.tbn.org.tw/taxa/b1f49ffa-e043-421a-a748-73d00ed54c1c
a9e6148a-e792-4475-bba8-db50bd8759cd,species,da0da996-bbfb-4df7-8402-fab40bc15da1,Animalia,Viverricula indica,原生 Native,珍貴稀有保育類野生動物,"接近受脅（NT, Near Threatened）","暫無危機（LC, Least Concern）",a9e6148a-e792-4475-bba8-db50bd8759cd,國內紅皮書不同,categoryRedlistTW,"接近受脅（NT, Near Threatened）;",https://vvtaxatree.tbn.org.tw/taxa/a9e6148a-e792-4475-bba8-db50bd8759cd
e76585d5-5643-49dc-876a-b95699e6fd54,infraspecies,a9e6148a-e792-4475-bba8-db50bd8759cd,Animalia,Viverricula indica indica pallida,原生 Native,珍貴稀有保育類野生動物,"接近受脅（NT, Near Threatened）","",a9e6148a-e792-4475-bba8-db50bd8759cd,國內紅皮書不同,categoryRedlistTW,"接近受脅（NT, Near Threatened）;",https://vvtaxatree.tbn.org.tw/taxa/e76585d5-5643-49dc-876a-b95699e6fd54
8fa222a4-0444-4ecf-879c-c82b2a1cc3a8,infraspecies,a9e6148a-e792-4475-bba8-db50bd8759cd,Animalia,Viverricula indica indica indica,"","","","",a9e6148a-e792-4475-bba8-db50bd8759cd,國內紅皮書不同,categoryRedlistTW,"接近受脅（NT, Near Threatened）;",https://vvtaxatree.tbn.org.tw/taxa/8fa222a4-0444-4ecf-879c-c82b2a1cc3a8
c07e5832-8354-4ea1-b97c-3a9419e7b282,infraspecies,a9e6148a-e792-4475-bba8-db50bd8759cd,Animalia,Viverricula indica indica baliensis,"","","","",a9e6148a-e792-4475-bba8-db50bd8759cd,國內紅皮書不同,categoryRedlistTW,"接近受脅（NT, Near Threatened）;",https://vvtaxatree.tbn.org.tw/taxa/c07e5832-8354-4ea1-b97c-3a9419e7b282
b1f49ffa-e043-421a-a748-73d00ed54c1c,infraspecies,a9e6148a-e792-4475-bba8-db50bd8759cd,Animalia,Viverricula indica indica rasse,"","","","",a9e6148a-e792-4475-bba8-db50bd8759cd,國內紅皮書不同,categoryRedlistTW,"接近受脅（NT, Near Threatened）;",https://vvtaxatree.tbn.org.tw/taxa/b1f49ffa-e043-421a-a748-73d00ed54c1c
ab15e21e-597b-45db-9011-257ab107c7c5,species,60347c09-f4bc-4329-9a6e-f0dd48babc7d,Plantae,Osteomeles anthyllidifolia,原生 Native,"","","",ab15e21e-597b-45db-9011-257ab107c7c5,國內紅皮書不同,categoryRedlistTW,";極危（CR, Critically Endangered）",https://vvtaxatree.tbn.org.tw/taxa/ab15e21e-597b-45db-9011-257ab107c7c5
cbf9bb85-c388-46d2-949b-7b247c04fd39,infraspecies,ab15e21e-597b-45db-9011-257ab107c7c5,Plantae,Osteomeles anthyllidifolia subrotunda,原生 Native,"","極危（CR, Critically Endangered）","",ab15e21e-597b-45db-9011-257ab107c7c5,國內紅皮書不同,categoryRedlistTW,";極危（CR, Critically Endangered）",https://vvtaxatree.tbn.org.tw/taxa/cbf9bb85-c388-46d2-949b-7b247c04fd39
ab4c2d24-c5c2-4105-b112-d982924c2d22,species,5b29966d-5995-4cde-811b-226b6fa9b8d4,Plantae,Gastrodia confusoides,原生 Native,"","","",ab4c2d24-c5c2-4105-b112-d982924c2d22,國內紅皮書不同,categoryRedlistTW,";資料缺乏（DD, Data Deficient）",https://vvtaxatree.tbn.org.tw/taxa/ab4c2d24-c5c2-4105-b112-d982924c2d22
15c4fc02-65c6-4653-9d71-31ded5231288,infraspecies,ab4c2d24-c5c2-4105-b112-d982924c2d22,Plantae,Gastrodia confusoides confusoides,原生 Native,"","暫無危機（LC, Least Concern）","",ab4c2d24-c5c2-4105-b112-d982924c2d22,國內紅皮書不同,categoryRedlistTW,";資料缺乏（DD, Data Deficient）",https://vvtaxatree.tbn.org.tw/taxa/15c4fc02-65c6-4653-9d71-31ded5231288
66af68cc-8415-4382-96a1-2e1c1ccc1844,infraspecies,ab4c2d24-c5c2-4105-b112-d982924c2d22,Plantae,Gastrodia confusoides taitungensis,原生 Native,"","資料缺乏（DD, Data Deficient）","",ab4c2d24-c5c2-4105-b112-d982924c2d22,國內紅皮書不同,categoryRedlistTW,";資料缺乏（DD, Data Deficient）",https://vvtaxatree.tbn.org.tw/taxa/66af68cc-8415-4382-96a1-2e1c1ccc1844
aba0fe4b-f48c-40e9-9b85-a1c996384a95,species,0c1f9bb5-bf38-448f-b0ee-36e443864260,Animalia,Calidris falcinellus,原生 Native,"","暫無危機（LC, Least Concern）","易危（VU, Vulnerable）",aba0fe4b-f48c-40e9-9b85-a1c996384a95,IUCN紅皮書不同,categoryIUCN,"易危（VU, Vulnerable）;",https://vvtaxatree.tbn.org.tw/taxa/aba0fe4b-f48c-40e9-9b85-a1c996384a95
d1a7c39c-4e12-4bd8-b5a6-2fd344dfb35c,infraspecies,aba0fe4b-f48c-40e9-9b85-a1c996384a95,Animalia,Calidris falcinellus falcinellus sibirica,原生 Native,"","暫無危機（LC, Least Concern）","",aba0fe4b-f48c-40e9-9b85-a1c996384a95,IUCN紅皮書不同,categoryIUCN,"易危（VU, Vulnerable）;",https://vvtaxatree.tbn.org.tw/taxa/d1a7c39c-4e12-4bd8-b5a6-2fd344dfb35c
ac430616-3114-479b-9afa-960da78142b5,species,79b4b3bf-ae6b-4791-8d1c-c2b5997277e6,Plantae,Phalaenopsis aphrodite,原生 Native,"","","",ac430616-3114-479b-9afa-960da78142b5,國內紅皮書不同,categoryRedlistTW,";極危（CR, Critically Endangered）",https://vvtaxatree.tbn.org.tw/taxa/ac430616-3114-479b-9afa-960da78142b5
3da04301-b986-43db-b05d-bb2f7813a088,infraspecies,ac430616-3114-479b-9afa-960da78142b5,Plantae,Phalaenopsis aphrodite formosana,原生 Native,"","極危（CR, Critically Endangered）","",ac430616-3114-479b-9afa-960da78142b5,國內紅皮書不同,categoryRedlistTW,";極危（CR, Critically Endangered）",https://vvtaxatree.tbn.org.tw/taxa/3da04301-b986-43db-b05d-bb2f7813a088
af1510cb-6c35-4016-b80d-8b7fa91b887a,species,12d07662-bff5-4a18-8f2c-bc93343e0df8,Plantae,Rosa lucieae,原生 Native,"","","",af1510cb-6c35-4016-b80d-8b7fa91b887a,國內紅皮書不同,categoryRedlistTW,";資料缺乏（DD, Data Deficient）",https://vvtaxatree.tbn.org.tw/taxa/af1510cb-6c35-4016-b80d-8b7fa91b887a
0d451331-3655-4856-85f4-06d8d1558a5f,infraspecies,af1510cb-6c35-4016-b80d-8b7fa91b887a,Plantae,Rosa lucieae lucieae,原生 Native,"","資料缺乏（DD, Data Deficient）","",af1510cb-6c35-4016-b80d-8b7fa91b887a,國內紅皮書不同,categoryRedlistTW,";資料缺乏（DD, Data Deficient）",https://vvtaxatree.tbn.org.tw/taxa/0d451331-3655-4856-85f4-06d8d1558a5f
3fe0fca6-2e2c-4843-9301-eafb87d58bbb,infraspecies,af1510cb-6c35-4016-b80d-8b7fa91b887a,Plantae,Rosa lucieae rosea,原生 Native,"","資料缺乏（DD, Data Deficient）","",af1510cb-6c35-4016-b80d-8b7fa91b887a,國內紅皮書不同,categoryRedlistTW,";資料缺乏（DD, Data Deficient）",https://vvtaxatree.tbn.org.tw/taxa/3fe0fca6-2e2c-4843-9301-eafb87d58bbb
b0ed4157-806f-4feb-b9e8-01e4058496ea,species,578f61e2-ce09-497a-aeb1-de2c49d28cc9,Animalia,Emberiza yessoensis,原生 Native,"","","接近受脅（NT, Near Threatened）",b0ed4157-806f-4feb-b9e8-01e4058496ea,IUCN紅皮書不同,categoryIUCN,"接近受脅（NT, Near Threatened）;",https://vvtaxatree.tbn.org.tw/taxa/b0ed4157-806f-4feb-b9e8-01e4058496ea
fa4513a2-a6a6-419e-a52a-09a249227261,infraspecies,b0ed4157-806f-4feb-b9e8-01e4058496ea,Animalia,Emberiza yessoensis yessoensis continentalis,原生 Native,"","","",b0ed4157-806f-4feb-b9e8-01e4058496ea,IUCN紅皮書不同,categoryIUCN,"接近受脅（NT, Near Threatened）;",https://vvtaxatree.tbn.org.tw/taxa/fa4513a2-a6a6-419e-a52a-09a249227261
b28c2f76-1e29-4fda-a65e-d8d28fa52424,species,fa7d38f8-75a5-4716-81fd-e0cc54e76723,Plantae,Lasianthus obliquinervis,原生 Native,"","","",b28c2f76-1e29-4fda-a65e-d8d28fa52424,國內紅皮書不同,categoryRedlistTW,";瀕危（EN, Endangered）",https://vvtaxatree.tbn.org.tw/taxa/b28c2f76-1e29-4fda-a65e-d8d28fa52424
5960e785-d797-4cc5-9c9d-28d6a7985813,infraspecies,b28c2f76-1e29-4fda-a65e-d8d28fa52424,Plantae,Lasianthus obliquinervis obliquinervis,原生 Native,"","暫無危機（LC, Least Concern）","",b28c2f76-1e29-4fda-a65e-d8d28fa52424,國內紅皮書不同,categoryRedlistTW,";瀕危（EN, Endangered）",https://vvtaxatree.tbn.org.tw/taxa/5960e785-d797-4cc5-9c9d-28d6a7985813
9098f42e-a4e8-4f80-b791-31541ae032df,infraspecies,b28c2f76-1e29-4fda-a65e-d8d28fa52424,Plantae,Lasianthus obliquinervis simizui,原生 Native,"","瀕危（EN, Endangered）","",b28c2f76-1e29-4fda-a65e-d8d28fa52424,國內紅皮書不同,categoryRedlistTW,";瀕危（EN, Endangered）",https://vvtaxatree.tbn.org.tw/taxa/9098f42e-a4e8-4f80-b791-31541ae032df
6e504a36-8a10-46c1-bc63-205802a68b51,infraspecies,b28c2f76-1e29-4fda-a65e-d8d28fa52424,Plantae,Lasianthus obliquinervis taitoensis,原生 Native,"","暫無危機（LC, Least Concern）","",b28c2f76-1e29-4fda-a65e-d8d28fa52424,國內紅皮書不同,categoryRedlistTW,";瀕危（EN, Endangered）",https://vvtaxatree.tbn.org.tw/taxa/6e504a36-8a10-46c1-bc63-205802a68b51
b2d2956a-b762-478f-8a4e-36d19044a1c4,species,13d9edff-53b3-461a-af0f-afd3733e8065,Animalia,Aonyx capensis,"","","","接近受脅（NT, Near Threatened）",b2d2956a-b762-478f-8a4e-36d19044a1c4,保育等級不同,protectedStatusTW,;瀕臨絕種保育類野生動物,https://vvtaxatree.tbn.org.tw/taxa/b2d2956a-b762-478f-8a4e-36d19044a1c4
696c28d7-44f4-4cae-943d-6334e1f5c927,infraspecies,b2d2956a-b762-478f-8a4e-36d19044a1c4,Animalia,Aonyx capensis capensis microdon,"",瀕臨絕種保育類野生動物,"","",b2d2956a-b762-478f-8a4e-36d19044a1c4,保育等級不同,protectedStatusTW,;瀕臨絕種保育類野生動物,https://vvtaxatree.tbn.org.tw/taxa/696c28d7-44f4-4cae-943d-6334e1f5c927
b2d2956a-b762-478f-8a4e-36d19044a1c4,species,13d9edff-53b3-461a-af0f-afd3733e8065,Animalia,Aonyx capensis,"","","","接近受脅（NT, Near Threatened）",b2d2956a-b762-478f-8a4e-36d19044a1c4,IUCN紅皮書不同,categoryIUCN,"接近受脅（NT, Near Threatened）;",https://vvtaxatree.tbn.org.tw/taxa/b2d2956a-b762-478f-8a4e-36d19044a1c4
696c28d7-44f4-4cae-943d-6334e1f5c927,infraspecies,b2d2956a-b762-478f-8a4e-36d19044a1c4,Animalia,Aonyx capensis capensis microdon,"",瀕臨絕種保育類野生動物,"","",b2d2956a-b762-478f-8a4e-36d19044a1c4,IUCN紅皮書不同,categoryIUCN,"接近受脅（NT, Near Threatened）;",https://vvtaxatree.tbn.org.tw/taxa/696c28d7-44f4-4cae-943d-6334e1f5c927
b42cae18-04de-4148-b737-b91a3e84effa,species,12d07662-bff5-4a18-8f2c-bc93343e0df8,Plantae,Rosa multiflora,原生 Native,"","","",b42cae18-04de-4148-b737-b91a3e84effa,國內紅皮書不同,categoryRedlistTW,";資料缺乏（DD, Data Deficient）",https://vvtaxatree.tbn.org.tw/taxa/b42cae18-04de-4148-b737-b91a3e84effa
6ab0ee79-ca4c-49df-b4e6-6ac5dd815091,infraspecies,b42cae18-04de-4148-b737-b91a3e84effa,Plantae,Rosa multiflora formosana,原生 Native,"","資料缺乏（DD, Data Deficient）","",b42cae18-04de-4148-b737-b91a3e84effa,國內紅皮書不同,categoryRedlistTW,";資料缺乏（DD, Data Deficient）",https://vvtaxatree.tbn.org.tw/taxa/6ab0ee79-ca4c-49df-b4e6-6ac5dd815091
b57094d5-b88c-4997-9748-41d2357e0f4b,species,bdc45b6e-f658-43cf-a865-2ab69389f885,Animalia,Ceyx erithaca,原生 Native,"","","接近受脅（NT, Near Threatened）",b57094d5-b88c-4997-9748-41d2357e0f4b,IUCN紅皮書不同,categoryIUCN,"接近受脅（NT, Near Threatened）;",https://vvtaxatree.tbn.org.tw/taxa/b57094d5-b88c-4997-9748-41d2357e0f4b
9ccc5d47-7804-48f6-8c36-0dfc69cb72b0,infraspecies,b57094d5-b88c-4997-9748-41d2357e0f4b,Animalia,Ceyx erithaca erithaca erithaca,原生 Native,"","","",b57094d5-b88c-4997-9748-41d2357e0f4b,IUCN紅皮書不同,categoryIUCN,"接近受脅（NT, Near Threatened）;",https://vvtaxatree.tbn.org.tw/taxa/9ccc5d47-7804-48f6-8c36-0dfc69cb72b0
b5da1edb-8f56-4e4a-bcf1-71533779231d,species,ff0a01b9-9da5-41e3-a07f-86e3b507cde2,Animalia,Diploderma polygonatum,原生 Native,"","暫無危機（LC, Least Concern）","接近受脅（NT, Near Threatened）",b5da1edb-8f56-4e4a-bcf1-71533779231d,IUCN紅皮書不同,categoryIUCN,"接近受脅（NT, Near Threatened）;",https://vvtaxatree.tbn.org.tw/taxa/b5da1edb-8f56-4e4a-bcf1-71533779231d
54928bdc-7184-42c1-bc5a-b36532784799,infraspecies,b5da1edb-8f56-4e4a-bcf1-71533779231d,Animalia,Diploderma polygonatum polygonatum xanthostomum,原生 Native,"","暫無危機（LC, Least Concern）","",b5da1edb-8f56-4e4a-bcf1-71533779231d,IUCN紅皮書不同,categoryIUCN,"接近受脅（NT, Near Threatened）;",https://vvtaxatree.tbn.org.tw/taxa/54928bdc-7184-42c1-bc5a-b36532784799
b8f5d163-a013-4891-a247-804b0a9b2fd1,species,cc32a6c1-eea6-4c9c-bf09-e0cc0e42bcb1,Animalia,Puma concolor,"",珍貴稀有保育類野生動物,"","暫無危機（LC, Least Concern）",b8f5d163-a013-4891-a247-804b0a9b2fd1,保育等級不同,protectedStatusTW,珍貴稀有保育類野生動物;瀕臨絕種保育類野生動物,https://vvtaxatree.tbn.org.tw/taxa/b8f5d163-a013-4891-a247-804b0a9b2fd1
e445c8e6-4ed1-41b0-ad0b-2d7cc3005945,infraspecies,b8f5d163-a013-4891-a247-804b0a9b2fd1,Animalia,Puma concolor concolor coryi,"",珍貴稀有保育類野生動物,"","",b8f5d163-a013-4891-a247-804b0a9b2fd1,保育等級不同,protectedStatusTW,珍貴稀有保育類野生動物;瀕臨絕種保育類野生動物,https://vvtaxatree.tbn.org.tw/taxa/e445c8e6-4ed1-41b0-ad0b-2d7cc3005945
b5340321-2c4c-4d59-812e-0b8e9bb41d33,infraspecies,b8f5d163-a013-4891-a247-804b0a9b2fd1,Animalia,Puma concolor concolor costaricensis,"",瀕臨絕種保育類野生動物,"","",b8f5d163-a013-4891-a247-804b0a9b2fd1,保育等級不同,protectedStatusTW,珍貴稀有保育類野生動物;瀕臨絕種保育類野生動物,https://vvtaxatree.tbn.org.tw/taxa/b5340321-2c4c-4d59-812e-0b8e9bb41d33
a775927f-5ace-49b8-bd97-8ed508eb071e,infraspecies,b8f5d163-a013-4891-a247-804b0a9b2fd1,Animalia,Puma concolor concolor couguar,"",珍貴稀有保育類野生動物,"","",b8f5d163-a013-4891-a247-804b0a9b2fd1,保育等級不同,protectedStatusTW,珍貴稀有保育類野生動物;瀕臨絕種保育類野生動物,https://vvtaxatree.tbn.org.tw/taxa/a775927f-5ace-49b8-bd97-8ed508eb071e
b9deccdb-c098-4359-a765-0e5f83426861,species,fb304c50-6083-4b48-a501-6e1b197625d0,Animalia,Colinus virginianus,"","","","接近受脅（NT, Near Threatened）",b9deccdb-c098-4359-a765-0e5f83426861,保育等級不同,protectedStatusTW,;瀕臨絕種保育類野生動物,https://vvtaxatree.tbn.org.tw/taxa/b9deccdb-c098-4359-a765-0e5f83426861
a6df0f9c-acbb-4261-b927-d3709ef615b0,infraspecies,b9deccdb-c098-4359-a765-0e5f83426861,Animalia,Colinus virginianus virginianus ridgwayi,"",瀕臨絕種保育類野生動物,"","",b9deccdb-c098-4359-a765-0e5f83426861,保育等級不同,protectedStatusTW,;瀕臨絕種保育類野生動物,https://vvtaxatree.tbn.org.tw/taxa/a6df0f9c-acbb-4261-b927-d3709ef615b0
b9deccdb-c098-4359-a765-0e5f83426861,species,fb304c50-6083-4b48-a501-6e1b197625d0,Animalia,Colinus virginianus,"","","","接近受脅（NT, Near Threatened）",b9deccdb-c098-4359-a765-0e5f83426861,IUCN紅皮書不同,categoryIUCN,"接近受脅（NT, Near Threatened）;",https://vvtaxatree.tbn.org.tw/taxa/b9deccdb-c098-4359-a765-0e5f83426861
a6df0f9c-acbb-4261-b927-d3709ef615b0,infraspecies,b9deccdb-c098-4359-a765-0e5f83426861,Animalia,Colinus virginianus virginianus ridgwayi,"",瀕臨絕種保育類野生動物,"","",b9deccdb-c098-4359-a765-0e5f83426861,IUCN紅皮書不同,categoryIUCN,"接近受脅（NT, Near Threatened）;",https://vvtaxatree.tbn.org.tw/taxa/a6df0f9c-acbb-4261-b927-d3709ef615b0
bad9272b-d0f5-409f-9204-15c4d86712be,species,6029753c-38ee-4ac4-9aef-a0252fff988c,Animalia,Dryocopus javensis,"","","","暫無危機（LC, Least Concern）",bad9272b-d0f5-409f-9204-15c4d86712be,保育等級不同,protectedStatusTW,;瀕臨絕種保育類野生動物,https://vvtaxatree.tbn.org.tw/taxa/bad9272b-d0f5-409f-9204-15c4d86712be
f40c55c5-1a91-488e-93ee-d32cd547ec31,infraspecies,bad9272b-d0f5-409f-9204-15c4d86712be,Animalia,Dryocopus javensis javensis richardsi,"",瀕臨絕種保育類野生動物,"","",bad9272b-d0f5-409f-9204-15c4d86712be,保育等級不同,protectedStatusTW,;瀕臨絕種保育類野生動物,https://vvtaxatree.tbn.org.tw/taxa/f40c55c5-1a91-488e-93ee-d32cd547ec31
bb62ddf9-ad16-409a-a719-400c91e3c1d4,species,1749a3e9-b8f0-49ae-8b29-8df7d3849c44,Animalia,Dama dama,"","","","暫無危機（LC, Least Concern）",bb62ddf9-ad16-409a-a719-400c91e3c1d4,保育等級不同,protectedStatusTW,;瀕臨絕種保育類野生動物,https://vvtaxatree.tbn.org.tw/taxa/bb62ddf9-ad16-409a-a719-400c91e3c1d4
0600631e-6f25-41e7-bfc3-362707cd07b3,infraspecies,bb62ddf9-ad16-409a-a719-400c91e3c1d4,Animalia,Dama dama dama mesopotamica,"",瀕臨絕種保育類野生動物,"","",bb62ddf9-ad16-409a-a719-400c91e3c1d4,保育等級不同,protectedStatusTW,;瀕臨絕種保育類野生動物,https://vvtaxatree.tbn.org.tw/taxa/0600631e-6f25-41e7-bfc3-362707cd07b3
bbb1807f-2283-44f3-9e32-14c0b54ead48,species,49ab95b0-afd6-47c7-af2a-f013d1ef63dc,Plantae,Begonia grandis,原生 Native,"","","",bbb1807f-2283-44f3-9e32-14c0b54ead48,國內紅皮書不同,categoryRedlistTW,";未評估（NE, Not Evaluated）",https://vvtaxatree.tbn.org.tw/taxa/bbb1807f-2283-44f3-9e32-14c0b54ead48
7a8b13c0-1494-4dbb-b9ae-dd03f5177262,infraspecies,bbb1807f-2283-44f3-9e32-14c0b54ead48,Plantae,Begonia grandis grandis,原生 Native,"","未評估（NE, Not Evaluated）","",bbb1807f-2283-44f3-9e32-14c0b54ead48,國內紅皮書不同,categoryRedlistTW,";未評估（NE, Not Evaluated）",https://vvtaxatree.tbn.org.tw/taxa/7a8b13c0-1494-4dbb-b9ae-dd03f5177262
985b03ad-c523-4324-a204-dd57cfb0b1e2,infraspecies,bbb1807f-2283-44f3-9e32-14c0b54ead48,Plantae,Begonia grandis sinensis,境外 Overseas,"","未評估（NE, Not Evaluated）","",bbb1807f-2283-44f3-9e32-14c0b54ead48,國內紅皮書不同,categoryRedlistTW,";未評估（NE, Not Evaluated）",https://vvtaxatree.tbn.org.tw/taxa/985b03ad-c523-4324-a204-dd57cfb0b1e2
bbfdf722-cb23-4545-8a01-4ba503f2767b,species,ce13ee34-98ff-492a-b080-1e7d4a82857a,Plantae,Carex gentilis,原生 Native,"","","",bbfdf722-cb23-4545-8a01-4ba503f2767b,國內紅皮書不同,categoryRedlistTW,";資料缺乏（DD, Data Deficient）",https://vvtaxatree.tbn.org.tw/taxa/bbfdf722-cb23-4545-8a01-4ba503f2767b
10da2525-8cff-4e84-9708-7d8e5cc0d236,infraspecies,bbfdf722-cb23-4545-8a01-4ba503f2767b,Plantae,Carex gentilis nakaharae,原生 Native,"","資料缺乏（DD, Data Deficient）","",bbfdf722-cb23-4545-8a01-4ba503f2767b,國內紅皮書不同,categoryRedlistTW,";資料缺乏（DD, Data Deficient）",https://vvtaxatree.tbn.org.tw/taxa/10da2525-8cff-4e84-9708-7d8e5cc0d236
0b73eddf-d59b-4a1f-9975-822e557a3534,infraspecies,bd0c055d-5bb3-4a4b-a0f5-62f665ab4d4b,Plantae,Philodendron hederaceum oxycardium,外來栽培 Cultivated (non-native),"","","",bd0c055d-5bb3-4a4b-a0f5-62f665ab4d4b,國內紅皮書不同,categoryRedlistTW,";未評估（NE, Not Evaluated）",https://vvtaxatree.tbn.org.tw/taxa/0b73eddf-d59b-4a1f-9975-822e557a3534
bd0c055d-5bb3-4a4b-a0f5-62f665ab4d4b,species,62f54892-175a-424e-9bc0-c52bf8d82c5b,Plantae,Philodendron hederaceum,外來栽培 Cultivated (non-native),"","未評估（NE, Not Evaluated）","",bd0c055d-5bb3-4a4b-a0f5-62f665ab4d4b,國內紅皮書不同,categoryRedlistTW,";未評估（NE, Not Evaluated）",https://vvtaxatree.tbn.org.tw/taxa/bd0c055d-5bb3-4a4b-a0f5-62f665ab4d4b
57a61d80-1a0a-4c46-b691-7bf68ad6bb7c,infraspecies,bd0c055d-5bb3-4a4b-a0f5-62f665ab4d4b,Plantae,Philodendron hederaceum hederaceum,外來栽培 Cultivated (non-native),"","未評估（NE, Not Evaluated）","",bd0c055d-5bb3-4a4b-a0f5-62f665ab4d4b,國內紅皮書不同,categoryRedlistTW,";未評估（NE, Not Evaluated）",https://vvtaxatree.tbn.org.tw/taxa/57a61d80-1a0a-4c46-b691-7bf68ad6bb7c
bddb8bf5-b12d-4e11-bc74-8d3d02749ee6,species,e25cbc53-998f-456b-915a-ebf593df5e43,Plantae,Farfugium japonicum,原生 Native,"","","",bddb8bf5-b12d-4e11-bc74-8d3d02749ee6,國內紅皮書不同,categoryRedlistTW,";接近受脅（NT, Near Threatened）",https://vvtaxatree.tbn.org.tw/taxa/bddb8bf5-b12d-4e11-bc74-8d3d02749ee6
d523f3ba-ba54-43b5-894e-6dbecad73610,infraspecies,bddb8bf5-b12d-4e11-bc74-8d3d02749ee6,Plantae,Farfugium japonicum japonicum,原生 Native,"","接近受脅（NT, Near Threatened）","",bddb8bf5-b12d-4e11-bc74-8d3d02749ee6,國內紅皮書不同,categoryRedlistTW,";接近受脅（NT, Near Threatened）",https://vvtaxatree.tbn.org.tw/taxa/d523f3ba-ba54-43b5-894e-6dbecad73610
64976640-2ede-43ef-86aa-1b418f441500,infraspecies,bddb8bf5-b12d-4e11-bc74-8d3d02749ee6,Plantae,Farfugium japonicum formosanum,原生 Native,"","暫無危機（LC, Least Concern）","",bddb8bf5-b12d-4e11-bc74-8d3d02749ee6,國內紅皮書不同,categoryRedlistTW,";接近受脅（NT, Near Threatened）",https://vvtaxatree.tbn.org.tw/taxa/64976640-2ede-43ef-86aa-1b418f441500
68310086-2b0c-4d70-93a3-46fc5ad71237,infraspecies,bddb8bf5-b12d-4e11-bc74-8d3d02749ee6,Plantae,Farfugium japonicum nokozanense,原生 Native,"","","",bddb8bf5-b12d-4e11-bc74-8d3d02749ee6,國內紅皮書不同,categoryRedlistTW,";接近受脅（NT, Near Threatened）",https://vvtaxatree.tbn.org.tw/taxa/68310086-2b0c-4d70-93a3-46fc5ad71237
bf33e025-bda8-43d1-b42a-179538b224d0,species,db198b80-9ea8-4b18-8cc9-77fdaa3f515d,Animalia,Lampsilis orbiculata,"","","","",bf33e025-bda8-43d1-b42a-179538b224d0,保育等級不同,protectedStatusTW,;瀕臨絕種保育類野生動物,https://vvtaxatree.tbn.org.tw/taxa/bf33e025-bda8-43d1-b42a-179538b224d0
f91587d2-458e-4ac7-99a1-0ef96327859a,infraspecies,bf33e025-bda8-43d1-b42a-179538b224d0,Animalia,Lampsilis orbiculata orbiculata orbiculata,"",瀕臨絕種保育類野生動物,"","",bf33e025-bda8-43d1-b42a-179538b224d0,保育等級不同,protectedStatusTW,;瀕臨絕種保育類野生動物,https://vvtaxatree.tbn.org.tw/taxa/f91587d2-458e-4ac7-99a1-0ef96327859a
c0d58aa2-5e8b-44b0-bab6-9e3674673c95,species,ad5fd2bd-52a4-489c-963b-26f6c8c70734,Plantae,Persea americana,外來栽培 Cultivated (non-native),"","未評估（NE, Not Evaluated）","",c0d58aa2-5e8b-44b0-bab6-9e3674673c95,國內紅皮書不同,categoryRedlistTW,"未評估（NE, Not Evaluated）;",https://vvtaxatree.tbn.org.tw/taxa/c0d58aa2-5e8b-44b0-bab6-9e3674673c95
492cec6a-5d8d-4f5e-bc06-ab51e9b311a6,infraspecies,c0d58aa2-5e8b-44b0-bab6-9e3674673c95,Plantae,Persea americana drymifolia,外來栽培 Cultivated (non-native),"","","",c0d58aa2-5e8b-44b0-bab6-9e3674673c95,國內紅皮書不同,categoryRedlistTW,"未評估（NE, Not Evaluated）;",https://vvtaxatree.tbn.org.tw/taxa/492cec6a-5d8d-4f5e-bc06-ab51e9b311a6
c1b6556b-08aa-4fa6-8f63-3ef7467e6092,species,76166710-adad-48a8-a37c-44a5a8bad23d,Plantae,Taxillus limprichtii,原生 Native,"","","",c1b6556b-08aa-4fa6-8f63-3ef7467e6092,國內紅皮書不同,categoryRedlistTW,";易危（VU, Vulnerable）",https://vvtaxatree.tbn.org.tw/taxa/c1b6556b-08aa-4fa6-8f63-3ef7467e6092
8a7a2ca2-e26f-49ff-a99b-94d4dfe799b8,infraspecies,c1b6556b-08aa-4fa6-8f63-3ef7467e6092,Plantae,Taxillus limprichtii limprichtii,原生 Native,"","易危（VU, Vulnerable）","",c1b6556b-08aa-4fa6-8f63-3ef7467e6092,國內紅皮書不同,categoryRedlistTW,";易危（VU, Vulnerable）",https://vvtaxatree.tbn.org.tw/taxa/8a7a2ca2-e26f-49ff-a99b-94d4dfe799b8
8805484c-74eb-436c-9840-21abdcea3aaa,infraspecies,c1b6556b-08aa-4fa6-8f63-3ef7467e6092,Plantae,Taxillus limprichtii longiflorus,原生 Native,"","易危（VU, Vulnerable）","",c1b6556b-08aa-4fa6-8f63-3ef7467e6092,國內紅皮書不同,categoryRedlistTW,";易危（VU, Vulnerable）",https://vvtaxatree.tbn.org.tw/taxa/8805484c-74eb-436c-9840-21abdcea3aaa
c1e69a95-3962-44e7-bad7-5a6f8b6fa5dc,species,6ec81bb9-0a0f-4fd7-97a4-02f4e0cf86d9,Plantae,Ficus trichocarpa,原生 Native,"","","",c1e69a95-3962-44e7-bad7-5a6f8b6fa5dc,國內紅皮書不同,categoryRedlistTW,";接近受脅（NT, Near Threatened）",https://vvtaxatree.tbn.org.tw/taxa/c1e69a95-3962-44e7-bad7-5a6f8b6fa5dc
ad53cc3f-e067-4b59-b1b4-f8c25e3302b0,infraspecies,c1e69a95-3962-44e7-bad7-5a6f8b6fa5dc,Plantae,Ficus trichocarpa obtusa,原生 Native,"","接近受脅（NT, Near Threatened）","",c1e69a95-3962-44e7-bad7-5a6f8b6fa5dc,國內紅皮書不同,categoryRedlistTW,";接近受脅（NT, Near Threatened）",https://vvtaxatree.tbn.org.tw/taxa/ad53cc3f-e067-4b59-b1b4-f8c25e3302b0
c325e7eb-cf8f-4654-b9da-e4318622dafa,species,5b29966d-5995-4cde-811b-226b6fa9b8d4,Plantae,Gastrodia fontinalis,原生 Native,"","極危（CR, Critically Endangered）","",c325e7eb-cf8f-4654-b9da-e4318622dafa,國內紅皮書不同,categoryRedlistTW,"極危（CR, Critically Endangered）;易危（VU, Vulnerable）",https://vvtaxatree.tbn.org.tw/taxa/c325e7eb-cf8f-4654-b9da-e4318622dafa
f9727063-80bb-473b-a408-1ecaf4e268c4,infraspecies,c325e7eb-cf8f-4654-b9da-e4318622dafa,Plantae,Gastrodia fontinalis fontinalis,原生 Native,"","極危（CR, Critically Endangered）","",c325e7eb-cf8f-4654-b9da-e4318622dafa,國內紅皮書不同,categoryRedlistTW,"極危（CR, Critically Endangered）;易危（VU, Vulnerable）",https://vvtaxatree.tbn.org.tw/taxa/f9727063-80bb-473b-a408-1ecaf4e268c4
63651b5f-1110-4378-8fb9-03a8b24ff8ed,infraspecies,c325e7eb-cf8f-4654-b9da-e4318622dafa,Plantae,Gastrodia fontinalis suburceolata,原生 Native,"","易危（VU, Vulnerable）","",c325e7eb-cf8f-4654-b9da-e4318622dafa,國內紅皮書不同,categoryRedlistTW,"極危（CR, Critically Endangered）;易危（VU, Vulnerable）",https://vvtaxatree.tbn.org.tw/taxa/63651b5f-1110-4378-8fb9-03a8b24ff8ed
c33a5135-acc7-49d3-8bc7-14e4558d8c69,species,a1ff0dc2-d243-409c-b7eb-d892b54f2a9b,Plantae,Quercus aliena,原生 Native,"","極危（CR, Critically Endangered）","",c33a5135-acc7-49d3-8bc7-14e4558d8c69,國內紅皮書不同,categoryRedlistTW,"極危（CR, Critically Endangered）;",https://vvtaxatree.tbn.org.tw/taxa/c33a5135-acc7-49d3-8bc7-14e4558d8c69
135c114c-b4c2-47b5-ba98-b1d825fc1c46,infraspecies,c33a5135-acc7-49d3-8bc7-14e4558d8c69,Plantae,Quercus aliena acutiserrata,外來栽培 Cultivated (non-native),"","","",c33a5135-acc7-49d3-8bc7-14e4558d8c69,國內紅皮書不同,categoryRedlistTW,"極危（CR, Critically Endangered）;",https://vvtaxatree.tbn.org.tw/taxa/135c114c-b4c2-47b5-ba98-b1d825fc1c46
d82e7383-e411-4578-a90e-a9ee11aaf146,infraspecies,c33a5135-acc7-49d3-8bc7-14e4558d8c69,Plantae,Quercus aliena aliena,原生 Native,"","","",c33a5135-acc7-49d3-8bc7-14e4558d8c69,國內紅皮書不同,categoryRedlistTW,"極危（CR, Critically Endangered）;",https://vvtaxatree.tbn.org.tw/taxa/d82e7383-e411-4578-a90e-a9ee11aaf146
c3b4ff09-9126-44a2-a420-35ddedb79369,species,807634d8-2e7e-4999-ab4f-73b4ea8feab3,Animalia,Sousa chinensis,原生 Native,瀕臨絕種保育類野生動物,"","易危（VU, Vulnerable）",c3b4ff09-9126-44a2-a420-35ddedb79369,IUCN紅皮書不同,categoryIUCN,"易危（VU, Vulnerable）;",https://vvtaxatree.tbn.org.tw/taxa/c3b4ff09-9126-44a2-a420-35ddedb79369
e5be29bc-ea65-46eb-b6e9-25f34fd257f1,infraspecies,c3b4ff09-9126-44a2-a420-35ddedb79369,Animalia,Sousa chinensis chinensis taiwanensis,原生 Native,瀕臨絕種保育類野生動物,"","",c3b4ff09-9126-44a2-a420-35ddedb79369,IUCN紅皮書不同,categoryIUCN,"易危（VU, Vulnerable）;",https://vvtaxatree.tbn.org.tw/taxa/e5be29bc-ea65-46eb-b6e9-25f34fd257f1
c40023ab-68d1-403f-8b21-9ef3f401124f,species,1b12ee01-61bc-4192-a6d7-35ed83580b95,Animalia,Amazona aestiva,"","","","接近受脅（NT, Near Threatened）",c40023ab-68d1-403f-8b21-9ef3f401124f,保育等級不同,protectedStatusTW,;珍貴稀有保育類野生動物,https://vvtaxatree.tbn.org.tw/taxa/c40023ab-68d1-403f-8b21-9ef3f401124f
3f89b7bc-4648-43c3-8387-cc77ea01ad61,infraspecies,c40023ab-68d1-403f-8b21-9ef3f401124f,Animalia,Amazona aestiva aestiva xanthopteryx,"",珍貴稀有保育類野生動物,"","",c40023ab-68d1-403f-8b21-9ef3f401124f,保育等級不同,protectedStatusTW,;珍貴稀有保育類野生動物,https://vvtaxatree.tbn.org.tw/taxa/3f89b7bc-4648-43c3-8387-cc77ea01ad61
c40023ab-68d1-403f-8b21-9ef3f401124f,species,1b12ee01-61bc-4192-a6d7-35ed83580b95,Animalia,Amazona aestiva,"","","","接近受脅（NT, Near Threatened）",c40023ab-68d1-403f-8b21-9ef3f401124f,IUCN紅皮書不同,categoryIUCN,"接近受脅（NT, Near Threatened）;",https://vvtaxatree.tbn.org.tw/taxa/c40023ab-68d1-403f-8b21-9ef3f401124f
3f89b7bc-4648-43c3-8387-cc77ea01ad61,infraspecies,c40023ab-68d1-403f-8b21-9ef3f401124f,Animalia,Amazona aestiva aestiva xanthopteryx,"",珍貴稀有保育類野生動物,"","",c40023ab-68d1-403f-8b21-9ef3f401124f,IUCN紅皮書不同,categoryIUCN,"接近受脅（NT, Near Threatened）;",https://vvtaxatree.tbn.org.tw/taxa/3f89b7bc-4648-43c3-8387-cc77ea01ad61
c4807bca-e6c0-4dfa-9ae3-3b3050e85a0d,species,0c1f9bb5-bf38-448f-b0ee-36e443864260,Animalia,Calidris canutus,原生 Native,其他應予保育之野生動物,"易危（VU, Vulnerable）","接近受脅（NT, Near Threatened）",c4807bca-e6c0-4dfa-9ae3-3b3050e85a0d,IUCN紅皮書不同,categoryIUCN,"接近受脅（NT, Near Threatened）;",https://vvtaxatree.tbn.org.tw/taxa/c4807bca-e6c0-4dfa-9ae3-3b3050e85a0d
e3c6f6c3-a25c-4403-bb06-56ebe6b6a785,infraspecies,c4807bca-e6c0-4dfa-9ae3-3b3050e85a0d,Animalia,Calidris canutus canutus rogersi,原生 Native,其他應予保育之野生動物,"易危（VU, Vulnerable）","",c4807bca-e6c0-4dfa-9ae3-3b3050e85a0d,IUCN紅皮書不同,categoryIUCN,"接近受脅（NT, Near Threatened）;",https://vvtaxatree.tbn.org.tw/taxa/e3c6f6c3-a25c-4403-bb06-56ebe6b6a785
9a4a5a63-8411-42ab-a955-451dadfbb1bf,infraspecies,c4807bca-e6c0-4dfa-9ae3-3b3050e85a0d,Animalia,Calidris canutus canutus piersmai,原生 Native,其他應予保育之野生動物,"易危（VU, Vulnerable）","",c4807bca-e6c0-4dfa-9ae3-3b3050e85a0d,IUCN紅皮書不同,categoryIUCN,"接近受脅（NT, Near Threatened）;",https://vvtaxatree.tbn.org.tw/taxa/9a4a5a63-8411-42ab-a955-451dadfbb1bf
c4c1a5a6-90a6-404b-8e05-feec1fb5d229,species,fb46f3d2-701c-4e63-b742-7e34dbe513bc,Plantae,Callicarpa formosana,原生 Native,"","","",c4c1a5a6-90a6-404b-8e05-feec1fb5d229,國內紅皮書不同,categoryRedlistTW,";易危（VU, Vulnerable）",https://vvtaxatree.tbn.org.tw/taxa/c4c1a5a6-90a6-404b-8e05-feec1fb5d229
839b7239-1ed6-4398-b26b-2d0ed44c1900,infraspecies,c4c1a5a6-90a6-404b-8e05-feec1fb5d229,Plantae,Callicarpa formosana formosana,原生 Native,"","暫無危機（LC, Least Concern）","",c4c1a5a6-90a6-404b-8e05-feec1fb5d229,國內紅皮書不同,categoryRedlistTW,";易危（VU, Vulnerable）",https://vvtaxatree.tbn.org.tw/taxa/839b7239-1ed6-4398-b26b-2d0ed44c1900
f75773fa-c098-4646-b37d-5efe65ab7f1f,infraspecies,c4c1a5a6-90a6-404b-8e05-feec1fb5d229,Plantae,Callicarpa formosana glabrata,原生 Native,"","暫無危機（LC, Least Concern）","",c4c1a5a6-90a6-404b-8e05-feec1fb5d229,國內紅皮書不同,categoryRedlistTW,";易危（VU, Vulnerable）",https://vvtaxatree.tbn.org.tw/taxa/f75773fa-c098-4646-b37d-5efe65ab7f1f
aba44d57-c0e6-4b2d-ab29-6afa140d97ca,infraspecies,c4c1a5a6-90a6-404b-8e05-feec1fb5d229,Plantae,Callicarpa formosana longifolia,原生 Native,"","易危（VU, Vulnerable）","",c4c1a5a6-90a6-404b-8e05-feec1fb5d229,國內紅皮書不同,categoryRedlistTW,";易危（VU, Vulnerable）",https://vvtaxatree.tbn.org.tw/taxa/aba44d57-c0e6-4b2d-ab29-6afa140d97ca
f3567673-a12f-4041-8755-747c4ea7f9fa,infraspecies,c4c1a5a6-90a6-404b-8e05-feec1fb5d229,Plantae,Callicarpa formosana albiflora,原生 Native,"","","",c4c1a5a6-90a6-404b-8e05-feec1fb5d229,國內紅皮書不同,categoryRedlistTW,";易危（VU, Vulnerable）",https://vvtaxatree.tbn.org.tw/taxa/f3567673-a12f-4041-8755-747c4ea7f9fa
c4e2e382-9fea-4de6-8ed7-9ddf7da55b14,species,b45c89b7-bdac-4413-a8df-07f128bedeea,Plantae,Lycopus lucidus,原生 Native,"","瀕危（EN, Endangered）","",c4e2e382-9fea-4de6-8ed7-9ddf7da55b14,國內紅皮書不同,categoryRedlistTW,"瀕危（EN, Endangered）;",https://vvtaxatree.tbn.org.tw/taxa/c4e2e382-9fea-4de6-8ed7-9ddf7da55b14
92f83302-a2f2-4d93-b7f4-54c0896cf9e5,infraspecies,c4e2e382-9fea-4de6-8ed7-9ddf7da55b14,Plantae,Lycopus lucidus formosanus,原生 Native,"","瀕危（EN, Endangered）","",c4e2e382-9fea-4de6-8ed7-9ddf7da55b14,國內紅皮書不同,categoryRedlistTW,"瀕危（EN, Endangered）;",https://vvtaxatree.tbn.org.tw/taxa/92f83302-a2f2-4d93-b7f4-54c0896cf9e5
388d660b-4974-4f78-9976-cf95d1364ecf,infraspecies,c4e2e382-9fea-4de6-8ed7-9ddf7da55b14,Plantae,Lycopus lucidus hirtus,原生 Native,"","","",c4e2e382-9fea-4de6-8ed7-9ddf7da55b14,國內紅皮書不同,categoryRedlistTW,"瀕危（EN, Endangered）;",https://vvtaxatree.tbn.org.tw/taxa/388d660b-4974-4f78-9976-cf95d1364ecf
c6023e3c-0771-4e3d-8aa8-ec70155b06c9,species,753c5981-f8be-4512-8ad5-9a369ae3ebc0,Animalia,Artipe eryx,原生 Native,"","接近受脅（NT, Near Threatened）","暫無危機（LC, Least Concern）",c6023e3c-0771-4e3d-8aa8-ec70155b06c9,國內紅皮書不同,categoryRedlistTW,"接近受脅（NT, Near Threatened）;",https://vvtaxatree.tbn.org.tw/taxa/c6023e3c-0771-4e3d-8aa8-ec70155b06c9
a174a311-38c8-4f41-b555-64a84fadd077,infraspecies,c6023e3c-0771-4e3d-8aa8-ec70155b06c9,Animalia,Artipe eryx eryx horiella,原生 Native,"","接近受脅（NT, Near Threatened）","",c6023e3c-0771-4e3d-8aa8-ec70155b06c9,國內紅皮書不同,categoryRedlistTW,"接近受脅（NT, Near Threatened）;",https://vvtaxatree.tbn.org.tw/taxa/a174a311-38c8-4f41-b555-64a84fadd077
eae6bbe2-15e1-43b9-9302-5f1119c01a25,infraspecies,c6023e3c-0771-4e3d-8aa8-ec70155b06c9,Animalia,Artipe eryx eryx eryx,原生 Native,"","","",c6023e3c-0771-4e3d-8aa8-ec70155b06c9,國內紅皮書不同,categoryRedlistTW,"接近受脅（NT, Near Threatened）;",https://vvtaxatree.tbn.org.tw/taxa/eae6bbe2-15e1-43b9-9302-5f1119c01a25
c646b011-c096-4d58-8c81-169417c9904c,species,c0d94b49-f0b3-4e91-833c-6c775b42c848,Plantae,Acer buergerianum,原生 Native,"","極危（CR, Critically Endangered）","",c646b011-c096-4d58-8c81-169417c9904c,國內紅皮書不同,categoryRedlistTW,"極危（CR, Critically Endangered）;",https://vvtaxatree.tbn.org.tw/taxa/c646b011-c096-4d58-8c81-169417c9904c
f1e5b507-bdc7-4fe5-99c3-fe816bd5fc61,infraspecies,c646b011-c096-4d58-8c81-169417c9904c,Plantae,Acer buergerianum formosanum,原生 Native,"","極危（CR, Critically Endangered）","",c646b011-c096-4d58-8c81-169417c9904c,國內紅皮書不同,categoryRedlistTW,"極危（CR, Critically Endangered）;",https://vvtaxatree.tbn.org.tw/taxa/f1e5b507-bdc7-4fe5-99c3-fe816bd5fc61
3748ef6f-1515-4698-a7f2-8d09d2389e93,infraspecies,c646b011-c096-4d58-8c81-169417c9904c,Plantae,Acer buergerianum buergerianum,境外 Overseas,"","","",c646b011-c096-4d58-8c81-169417c9904c,國內紅皮書不同,categoryRedlistTW,"極危（CR, Critically Endangered）;",https://vvtaxatree.tbn.org.tw/taxa/3748ef6f-1515-4698-a7f2-8d09d2389e93
c6ed1d00-87d9-43be-a901-7e9eba1a8f76,species,12d07662-bff5-4a18-8f2c-bc93343e0df8,Plantae,Rosa bracteata,原生 Native,"","易危（VU, Vulnerable）","",c6ed1d00-87d9-43be-a901-7e9eba1a8f76,國內紅皮書不同,categoryRedlistTW,"易危（VU, Vulnerable）;資料缺乏（DD, Data Deficient）",https://vvtaxatree.tbn.org.tw/taxa/c6ed1d00-87d9-43be-a901-7e9eba1a8f76
e1cbd766-164c-4573-8855-f48588fd27c9,infraspecies,c6ed1d00-87d9-43be-a901-7e9eba1a8f76,Plantae,Rosa bracteata bracteata,原生 Native,"","易危（VU, Vulnerable）","",c6ed1d00-87d9-43be-a901-7e9eba1a8f76,國內紅皮書不同,categoryRedlistTW,"易危（VU, Vulnerable）;資料缺乏（DD, Data Deficient）",https://vvtaxatree.tbn.org.tw/taxa/e1cbd766-164c-4573-8855-f48588fd27c9
89ab56fb-1f45-49bf-a917-a4bd0611257f,infraspecies,c6ed1d00-87d9-43be-a901-7e9eba1a8f76,Plantae,Rosa bracteata scabricaulis,原生 Native,"","資料缺乏（DD, Data Deficient）","",c6ed1d00-87d9-43be-a901-7e9eba1a8f76,國內紅皮書不同,categoryRedlistTW,"易危（VU, Vulnerable）;資料缺乏（DD, Data Deficient）",https://vvtaxatree.tbn.org.tw/taxa/89ab56fb-1f45-49bf-a917-a4bd0611257f
c9cca2df-39dc-45e6-a56d-f7582a287fbb,species,83335353-8acc-4eba-90fd-ed1b9c49221d,Animalia,Dasyornis broadbenti,"","","","暫無危機（LC, Least Concern）",c9cca2df-39dc-45e6-a56d-f7582a287fbb,保育等級不同,protectedStatusTW,;瀕臨絕種保育類野生動物,https://vvtaxatree.tbn.org.tw/taxa/c9cca2df-39dc-45e6-a56d-f7582a287fbb
1e429780-5ce8-4bf3-ba79-6976c6a1bb2b,infraspecies,c9cca2df-39dc-45e6-a56d-f7582a287fbb,Animalia,Dasyornis broadbenti broadbenti litoralis,"",瀕臨絕種保育類野生動物,"","",c9cca2df-39dc-45e6-a56d-f7582a287fbb,保育等級不同,protectedStatusTW,;瀕臨絕種保育類野生動物,https://vvtaxatree.tbn.org.tw/taxa/1e429780-5ce8-4bf3-ba79-6976c6a1bb2b
cba2bd9a-0a4a-4540-802b-2eb5dcda74b3,species,39de130a-dafa-4e21-9c71-c9e1c253831c,Animalia,Epioblasma sulcata,"","","","",cba2bd9a-0a4a-4540-802b-2eb5dcda74b3,保育等級不同,protectedStatusTW,;瀕臨絕種保育類野生動物,https://vvtaxatree.tbn.org.tw/taxa/cba2bd9a-0a4a-4540-802b-2eb5dcda74b3
ae8ca589-62f8-4232-9952-60ac5e095a1a,infraspecies,cba2bd9a-0a4a-4540-802b-2eb5dcda74b3,Animalia,Epioblasma sulcata sulcata perobliqua,"",瀕臨絕種保育類野生動物,"","",cba2bd9a-0a4a-4540-802b-2eb5dcda74b3,保育等級不同,protectedStatusTW,;瀕臨絕種保育類野生動物,https://vvtaxatree.tbn.org.tw/taxa/ae8ca589-62f8-4232-9952-60ac5e095a1a
cbc6589d-ce91-4567-82ee-3b857935d0f9,species,83229699-ecbf-440a-a0cb-870befe68abc,Plantae,Clematis chinensis,原生 Native,"","","",cbc6589d-ce91-4567-82ee-3b857935d0f9,國內紅皮書不同,categoryRedlistTW,";接近受脅（NT, Near Threatened）",https://vvtaxatree.tbn.org.tw/taxa/cbc6589d-ce91-4567-82ee-3b857935d0f9
75cb0e2e-b7bd-461c-a2a1-083050fb4323,infraspecies,cbc6589d-ce91-4567-82ee-3b857935d0f9,Plantae,Clematis chinensis chinensis,原生 Native,"","暫無危機（LC, Least Concern）","",cbc6589d-ce91-4567-82ee-3b857935d0f9,國內紅皮書不同,categoryRedlistTW,";接近受脅（NT, Near Threatened）",https://vvtaxatree.tbn.org.tw/taxa/75cb0e2e-b7bd-461c-a2a1-083050fb4323
4de1c747-f831-431a-852e-f29ca34bbe44,infraspecies,cbc6589d-ce91-4567-82ee-3b857935d0f9,Plantae,Clematis chinensis tatushanensis,原生 Native,"","接近受脅（NT, Near Threatened）","",cbc6589d-ce91-4567-82ee-3b857935d0f9,國內紅皮書不同,categoryRedlistTW,";接近受脅（NT, Near Threatened）",https://vvtaxatree.tbn.org.tw/taxa/4de1c747-f831-431a-852e-f29ca34bbe44
ceb82e64-cd25-4f1b-a211-24bdd3cad2a3,species,67b4b01a-37a1-4885-af5c-a6850392c6eb,Plantae,Nymphaea nouchali,原生 Native,"","資料缺乏（DD, Data Deficient）","",ceb82e64-cd25-4f1b-a211-24bdd3cad2a3,國內紅皮書不同,categoryRedlistTW,"資料缺乏（DD, Data Deficient）;",https://vvtaxatree.tbn.org.tw/taxa/ceb82e64-cd25-4f1b-a211-24bdd3cad2a3
b73f5cf7-9328-455d-b82d-b59f6309d925,infraspecies,ceb82e64-cd25-4f1b-a211-24bdd3cad2a3,Plantae,Nymphaea nouchali zanzibariensis,外來栽培 Cultivated (non-native),"","","",ceb82e64-cd25-4f1b-a211-24bdd3cad2a3,國內紅皮書不同,categoryRedlistTW,"資料缺乏（DD, Data Deficient）;",https://vvtaxatree.tbn.org.tw/taxa/b73f5cf7-9328-455d-b82d-b59f6309d925
75ab21bb-eb46-4adb-a87d-6415da49f474,infraspecies,ceb82e64-cd25-4f1b-a211-24bdd3cad2a3,Plantae,Nymphaea nouchali caerulea,外來栽培 Cultivated (non-native),"","","",ceb82e64-cd25-4f1b-a211-24bdd3cad2a3,國內紅皮書不同,categoryRedlistTW,"資料缺乏（DD, Data Deficient）;",https://vvtaxatree.tbn.org.tw/taxa/75ab21bb-eb46-4adb-a87d-6415da49f474
cf684298-6583-499e-8b8f-e908d94e0789,species,9db8652b-669d-4e5b-96bd-f76378cb4e5f,Plantae,Rohdea japonica,原生 Native,"","","",cf684298-6583-499e-8b8f-e908d94e0789,國內紅皮書不同,categoryRedlistTW,";易危（VU, Vulnerable）",https://vvtaxatree.tbn.org.tw/taxa/cf684298-6583-499e-8b8f-e908d94e0789
2b0717be-71fd-4af2-b7bb-0d72a840051c,infraspecies,cf684298-6583-499e-8b8f-e908d94e0789,Plantae,Rohdea japonica watanabei,原生 Native,"","易危（VU, Vulnerable）","",cf684298-6583-499e-8b8f-e908d94e0789,國內紅皮書不同,categoryRedlistTW,";易危（VU, Vulnerable）",https://vvtaxatree.tbn.org.tw/taxa/2b0717be-71fd-4af2-b7bb-0d72a840051c
d0825c19-3b85-4d67-b52e-6f8b95b33f63,species,2b319f94-491a-4936-b830-0a09e12a2e0d,Animalia,Ovis aries,"","","","",d0825c19-3b85-4d67-b52e-6f8b95b33f63,保育等級不同,protectedStatusTW,;瀕臨絕種保育類野生動物;珍貴稀有保育類野生動物,https://vvtaxatree.tbn.org.tw/taxa/d0825c19-3b85-4d67-b52e-6f8b95b33f63
b7d785ac-09fc-4bb8-9321-69970351c6ab,infraspecies,d0825c19-3b85-4d67-b52e-6f8b95b33f63,Animalia,Ovis aries aries ophion,"",瀕臨絕種保育類野生動物,"","",d0825c19-3b85-4d67-b52e-6f8b95b33f63,保育等級不同,protectedStatusTW,;瀕臨絕種保育類野生動物;珍貴稀有保育類野生動物,https://vvtaxatree.tbn.org.tw/taxa/b7d785ac-09fc-4bb8-9321-69970351c6ab
95e0ee6a-247d-4e2c-baf6-dadcfd6d7578,infraspecies,d0825c19-3b85-4d67-b52e-6f8b95b33f63,Animalia,Ovis aries aries vignei,"",珍貴稀有保育類野生動物,"","易危（VU, Vulnerable）",d0825c19-3b85-4d67-b52e-6f8b95b33f63,保育等級不同,protectedStatusTW,;瀕臨絕種保育類野生動物;珍貴稀有保育類野生動物,https://vvtaxatree.tbn.org.tw/taxa/95e0ee6a-247d-4e2c-baf6-dadcfd6d7578
d0825c19-3b85-4d67-b52e-6f8b95b33f63,species,2b319f94-491a-4936-b830-0a09e12a2e0d,Animalia,Ovis aries,"","","","",d0825c19-3b85-4d67-b52e-6f8b95b33f63,IUCN紅皮書不同,categoryIUCN,";易危（VU, Vulnerable）",https://vvtaxatree.tbn.org.tw/taxa/d0825c19-3b85-4d67-b52e-6f8b95b33f63
b7d785ac-09fc-4bb8-9321-69970351c6ab,infraspecies,d0825c19-3b85-4d67-b52e-6f8b95b33f63,Animalia,Ovis aries aries ophion,"",瀕臨絕種保育類野生動物,"","",d0825c19-3b85-4d67-b52e-6f8b95b33f63,IUCN紅皮書不同,categoryIUCN,";易危（VU, Vulnerable）",https://vvtaxatree.tbn.org.tw/taxa/b7d785ac-09fc-4bb8-9321-69970351c6ab
95e0ee6a-247d-4e2c-baf6-dadcfd6d7578,infraspecies,d0825c19-3b85-4d67-b52e-6f8b95b33f63,Animalia,Ovis aries aries vignei,"",珍貴稀有保育類野生動物,"","易危（VU, Vulnerable）",d0825c19-3b85-4d67-b52e-6f8b95b33f63,IUCN紅皮書不同,categoryIUCN,";易危（VU, Vulnerable）",https://vvtaxatree.tbn.org.tw/taxa/95e0ee6a-247d-4e2c-baf6-dadcfd6d7578
d0a95d28-5464-417b-8dc5-01b9b987d0ca,species,9b4626c4-0405-41b0-9e77-8e017e1fa75f,Plantae,Hylodesmum podocarpum,原生 Native,"","","",d0a95d28-5464-417b-8dc5-01b9b987d0ca,國內紅皮書不同,categoryRedlistTW,";易危（VU, Vulnerable）",https://vvtaxatree.tbn.org.tw/taxa/d0a95d28-5464-417b-8dc5-01b9b987d0ca
abf8eda6-cd56-43f1-9a9a-7017bc3fdc30,infraspecies,d0a95d28-5464-417b-8dc5-01b9b987d0ca,Plantae,Hylodesmum podocarpum podocarpum,原生 Native,"","易危（VU, Vulnerable）","",d0a95d28-5464-417b-8dc5-01b9b987d0ca,國內紅皮書不同,categoryRedlistTW,";易危（VU, Vulnerable）",https://vvtaxatree.tbn.org.tw/taxa/abf8eda6-cd56-43f1-9a9a-7017bc3fdc30
c2d57fe8-9246-40d5-aa70-e400d8d95fdc,infraspecies,d0a95d28-5464-417b-8dc5-01b9b987d0ca,Plantae,Hylodesmum podocarpum oxyphyllum,原生 Native,"","暫無危機（LC, Least Concern）","",d0a95d28-5464-417b-8dc5-01b9b987d0ca,國內紅皮書不同,categoryRedlistTW,";易危（VU, Vulnerable）",https://vvtaxatree.tbn.org.tw/taxa/c2d57fe8-9246-40d5-aa70-e400d8d95fdc
d1534ca5-254c-44ea-9011-81ca0ad9257c,species,9e996e4b-cd59-41ea-9188-24664beae622,Animalia,Ixias pyrene,原生 Native,"","接近受脅（NT, Near Threatened）","",d1534ca5-254c-44ea-9011-81ca0ad9257c,國內紅皮書不同,categoryRedlistTW,"接近受脅（NT, Near Threatened）;",https://vvtaxatree.tbn.org.tw/taxa/d1534ca5-254c-44ea-9011-81ca0ad9257c
afba83cc-4666-4573-a1dc-4788995ccaca,infraspecies,d1534ca5-254c-44ea-9011-81ca0ad9257c,Animalia,Ixias pyrene pyrene insignis,原生 Native,"","接近受脅（NT, Near Threatened）","",d1534ca5-254c-44ea-9011-81ca0ad9257c,國內紅皮書不同,categoryRedlistTW,"接近受脅（NT, Near Threatened）;",https://vvtaxatree.tbn.org.tw/taxa/afba83cc-4666-4573-a1dc-4788995ccaca
c9a696f9-7831-4297-a49e-5472af83b6b1,infraspecies,d1534ca5-254c-44ea-9011-81ca0ad9257c,Animalia,Ixias pyrene pyrene pyrene,原生 Native,"","","",d1534ca5-254c-44ea-9011-81ca0ad9257c,國內紅皮書不同,categoryRedlistTW,"接近受脅（NT, Near Threatened）;",https://vvtaxatree.tbn.org.tw/taxa/c9a696f9-7831-4297-a49e-5472af83b6b1
d1af5957-2b82-4cb6-ab94-1214902b0deb,species,1d757419-e21b-41eb-b65a-b80c8a8e8920,Plantae,Podocarpus macrophyllus,原生 Native,"","易危（VU, Vulnerable）","",d1af5957-2b82-4cb6-ab94-1214902b0deb,國內紅皮書不同,categoryRedlistTW,"易危（VU, Vulnerable）;瀕危（EN, Endangered）",https://vvtaxatree.tbn.org.tw/taxa/d1af5957-2b82-4cb6-ab94-1214902b0deb
4bda02c5-12c2-446f-a66a-ef8f26f75c6c,infraspecies,d1af5957-2b82-4cb6-ab94-1214902b0deb,Plantae,Podocarpus macrophyllus macrophyllus,原生 Native,"","瀕危（EN, Endangered）","",d1af5957-2b82-4cb6-ab94-1214902b0deb,國內紅皮書不同,categoryRedlistTW,"易危（VU, Vulnerable）;瀕危（EN, Endangered）",https://vvtaxatree.tbn.org.tw/taxa/4bda02c5-12c2-446f-a66a-ef8f26f75c6c
fc0f4bd5-d995-49c9-959c-a30956867338,infraspecies,d1af5957-2b82-4cb6-ab94-1214902b0deb,Plantae,Podocarpus macrophyllus maki,原生 Native,"","易危（VU, Vulnerable）","",d1af5957-2b82-4cb6-ab94-1214902b0deb,國內紅皮書不同,categoryRedlistTW,"易危（VU, Vulnerable）;瀕危（EN, Endangered）",https://vvtaxatree.tbn.org.tw/taxa/fc0f4bd5-d995-49c9-959c-a30956867338
d226583f-04f4-46ac-bf1d-8030353adec7,species,4ea9bf65-89c1-40f3-9144-3e57e0078718,Plantae,Euonymus japonicus,原生 Native,"","極危（CR, Critically Endangered）","",d226583f-04f4-46ac-bf1d-8030353adec7,國內紅皮書不同,categoryRedlistTW,"極危（CR, Critically Endangered）;",https://vvtaxatree.tbn.org.tw/taxa/d226583f-04f4-46ac-bf1d-8030353adec7
a600c400-77e4-4c22-bdc7-a2bbbdd3a819,infraspecies,d226583f-04f4-46ac-bf1d-8030353adec7,Plantae,Euonymus japonicus aureo-variegatus,原生 Native,"","","",d226583f-04f4-46ac-bf1d-8030353adec7,國內紅皮書不同,categoryRedlistTW,"極危（CR, Critically Endangered）;",https://vvtaxatree.tbn.org.tw/taxa/a600c400-77e4-4c22-bdc7-a2bbbdd3a819
d3580ceb-d2f4-4ad1-8428-e1d47f10e966,species,b9f7373c-c392-487e-9f04-e66ecea26677,Plantae,Oberonia insularis,原生 Native,"","易危（VU, Vulnerable）","",d3580ceb-d2f4-4ad1-8428-e1d47f10e966,國內紅皮書不同,categoryRedlistTW,"易危（VU, Vulnerable）;",https://vvtaxatree.tbn.org.tw/taxa/d3580ceb-d2f4-4ad1-8428-e1d47f10e966
110eabc8-70be-4e78-b060-903ab4246090,infraspecies,d3580ceb-d2f4-4ad1-8428-e1d47f10e966,Plantae,Oberonia insularis rotunda,原生 Native,"","","",d3580ceb-d2f4-4ad1-8428-e1d47f10e966,國內紅皮書不同,categoryRedlistTW,"易危（VU, Vulnerable）;",https://vvtaxatree.tbn.org.tw/taxa/110eabc8-70be-4e78-b060-903ab4246090
d40026b3-a791-4d69-87b5-58a485aed5df,species,28cc105d-6c82-4cf4-8e6a-e403f925ae21,Plantae,Musa itinerans,原生 Native,"","極危（CR, Critically Endangered）","",d40026b3-a791-4d69-87b5-58a485aed5df,國內紅皮書不同,categoryRedlistTW,"極危（CR, Critically Endangered）;",https://vvtaxatree.tbn.org.tw/taxa/d40026b3-a791-4d69-87b5-58a485aed5df
c0ebcff0-25e4-411d-b066-c882d34dccae,infraspecies,d40026b3-a791-4d69-87b5-58a485aed5df,Plantae,Musa itinerans chiumeiae,原生 Native,"","極危（CR, Critically Endangered）","",d40026b3-a791-4d69-87b5-58a485aed5df,國內紅皮書不同,categoryRedlistTW,"極危（CR, Critically Endangered）;",https://vvtaxatree.tbn.org.tw/taxa/c0ebcff0-25e4-411d-b066-c882d34dccae
95932c91-37c0-46a6-a869-c19cdebebd48,infraspecies,d40026b3-a791-4d69-87b5-58a485aed5df,Plantae,Musa itinerans kavalanensis,原生 Native,"","極危（CR, Critically Endangered）","",d40026b3-a791-4d69-87b5-58a485aed5df,國內紅皮書不同,categoryRedlistTW,"極危（CR, Critically Endangered）;",https://vvtaxatree.tbn.org.tw/taxa/95932c91-37c0-46a6-a869-c19cdebebd48
7aa6db0c-8ea7-48d8-a6bd-7a6c5cc1ac83,infraspecies,d40026b3-a791-4d69-87b5-58a485aed5df,Plantae,Musa itinerans chinensis,外來栽培 Cultivated (non-native),"","","",d40026b3-a791-4d69-87b5-58a485aed5df,國內紅皮書不同,categoryRedlistTW,"極危（CR, Critically Endangered）;",https://vvtaxatree.tbn.org.tw/taxa/7aa6db0c-8ea7-48d8-a6bd-7a6c5cc1ac83
d5eed13c-8c4d-4327-9c1f-f8092ee91603,species,b7bdac08-7980-4441-9540-592ddefd550f,Plantae,Brassica oleracea,外來栽培 Cultivated (non-native),"","","",d5eed13c-8c4d-4327-9c1f-f8092ee91603,國內紅皮書不同,categoryRedlistTW,";未評估（NE, Not Evaluated）",https://vvtaxatree.tbn.org.tw/taxa/d5eed13c-8c4d-4327-9c1f-f8092ee91603
7992bc96-243d-43d9-a579-b8ceb5f5c536,infraspecies,d5eed13c-8c4d-4327-9c1f-f8092ee91603,Plantae,Brassica oleracea acephala,外來栽培 Cultivated (non-native),"","","",d5eed13c-8c4d-4327-9c1f-f8092ee91603,國內紅皮書不同,categoryRedlistTW,";未評估（NE, Not Evaluated）",https://vvtaxatree.tbn.org.tw/taxa/7992bc96-243d-43d9-a579-b8ceb5f5c536
12c90bd7-8f3d-4e94-9604-f57653b657e8,infraspecies,d5eed13c-8c4d-4327-9c1f-f8092ee91603,Plantae,Brassica oleracea alboglabra,外來栽培 Cultivated (non-native),"","","",d5eed13c-8c4d-4327-9c1f-f8092ee91603,國內紅皮書不同,categoryRedlistTW,";未評估（NE, Not Evaluated）",https://vvtaxatree.tbn.org.tw/taxa/12c90bd7-8f3d-4e94-9604-f57653b657e8
58405782-4e59-4a25-b466-70e324a7832b,infraspecies,d5eed13c-8c4d-4327-9c1f-f8092ee91603,Plantae,Brassica oleracea botrytis,外來栽培 Cultivated (non-native),"","","",d5eed13c-8c4d-4327-9c1f-f8092ee91603,國內紅皮書不同,categoryRedlistTW,";未評估（NE, Not Evaluated）",https://vvtaxatree.tbn.org.tw/taxa/58405782-4e59-4a25-b466-70e324a7832b
bf1cde2f-e3e1-4e06-a539-12e4deaaebfc,infraspecies,d5eed13c-8c4d-4327-9c1f-f8092ee91603,Plantae,Brassica oleracea capitata,外來栽培 Cultivated (non-native),"","未評估（NE, Not Evaluated）","",d5eed13c-8c4d-4327-9c1f-f8092ee91603,國內紅皮書不同,categoryRedlistTW,";未評估（NE, Not Evaluated）",https://vvtaxatree.tbn.org.tw/taxa/bf1cde2f-e3e1-4e06-a539-12e4deaaebfc
c17e5bdf-367e-4531-8534-e851c119c25a,infraspecies,d5eed13c-8c4d-4327-9c1f-f8092ee91603,Plantae,Brassica oleracea caulorapa,外來栽培 Cultivated (non-native),"","","",d5eed13c-8c4d-4327-9c1f-f8092ee91603,國內紅皮書不同,categoryRedlistTW,";未評估（NE, Not Evaluated）",https://vvtaxatree.tbn.org.tw/taxa/c17e5bdf-367e-4531-8534-e851c119c25a
a1756783-b45b-4e67-b6ee-d13e220ca5c6,infraspecies,d5eed13c-8c4d-4327-9c1f-f8092ee91603,Plantae,Brassica oleracea gemmifera,外來栽培 Cultivated (non-native),"","","",d5eed13c-8c4d-4327-9c1f-f8092ee91603,國內紅皮書不同,categoryRedlistTW,";未評估（NE, Not Evaluated）",https://vvtaxatree.tbn.org.tw/taxa/a1756783-b45b-4e67-b6ee-d13e220ca5c6
b7b4a658-5068-49e7-a2e0-853d39388df0,infraspecies,d5eed13c-8c4d-4327-9c1f-f8092ee91603,Plantae,Brassica oleracea gongyloides,外來栽培 Cultivated (non-native),"","","",d5eed13c-8c4d-4327-9c1f-f8092ee91603,國內紅皮書不同,categoryRedlistTW,";未評估（NE, Not Evaluated）",https://vvtaxatree.tbn.org.tw/taxa/b7b4a658-5068-49e7-a2e0-853d39388df0
c68d7899-40e7-49fc-a477-292757025d68,infraspecies,d5eed13c-8c4d-4327-9c1f-f8092ee91603,Plantae,Brassica oleracea italica,外來栽培 Cultivated (non-native),"","","",d5eed13c-8c4d-4327-9c1f-f8092ee91603,國內紅皮書不同,categoryRedlistTW,";未評估（NE, Not Evaluated）",https://vvtaxatree.tbn.org.tw/taxa/c68d7899-40e7-49fc-a477-292757025d68
d641bd60-869b-4034-864f-c37eb9d471cb,species,922f5268-f14b-42b1-905c-01c278006fd4,Plantae,Eccoilopus formosanus,原生 Native,"","資料缺乏（DD, Data Deficient）","",d641bd60-869b-4034-864f-c37eb9d471cb,國內紅皮書不同,categoryRedlistTW,"資料缺乏（DD, Data Deficient）;",https://vvtaxatree.tbn.org.tw/taxa/d641bd60-869b-4034-864f-c37eb9d471cb
263b4a50-788e-4e4f-a9af-62dba8b73b52,infraspecies,d641bd60-869b-4034-864f-c37eb9d471cb,Plantae,Eccoilopus formosanus tohoensis,原生 Native,"","","",d641bd60-869b-4034-864f-c37eb9d471cb,國內紅皮書不同,categoryRedlistTW,"資料缺乏（DD, Data Deficient）;",https://vvtaxatree.tbn.org.tw/taxa/263b4a50-788e-4e4f-a9af-62dba8b73b52
d699a161-25ff-4c6a-afe1-c37500582e9a,species,d2d9511c-9e57-4a49-9987-54785a3172d8,Animalia,Telchinia issoria,原生 Native,"","接近受脅（NT, Near Threatened）","",d699a161-25ff-4c6a-afe1-c37500582e9a,國內紅皮書不同,categoryRedlistTW,"接近受脅（NT, Near Threatened）;",https://vvtaxatree.tbn.org.tw/taxa/d699a161-25ff-4c6a-afe1-c37500582e9a
eb319101-9c66-4679-8bfe-3f07bb46b8c1,infraspecies,d699a161-25ff-4c6a-afe1-c37500582e9a,Animalia,Telchinia issoria issoria formosana,原生 Native,"","接近受脅（NT, Near Threatened）","",d699a161-25ff-4c6a-afe1-c37500582e9a,國內紅皮書不同,categoryRedlistTW,"接近受脅（NT, Near Threatened）;",https://vvtaxatree.tbn.org.tw/taxa/eb319101-9c66-4679-8bfe-3f07bb46b8c1
ed07fbd1-430a-4546-b1b8-ac94b954df1c,infraspecies,d699a161-25ff-4c6a-afe1-c37500582e9a,Animalia,Telchinia issoria issoria issoria,原生 Native,"","","",d699a161-25ff-4c6a-afe1-c37500582e9a,國內紅皮書不同,categoryRedlistTW,"接近受脅（NT, Near Threatened）;",https://vvtaxatree.tbn.org.tw/taxa/ed07fbd1-430a-4546-b1b8-ac94b954df1c
da97cd9a-686f-4f3b-94a9-1623ab914351,species,5e1326f5-40ed-4f6f-857b-cf33bfe0a1dc,Animalia,Oriolus chinensis,原生 Native,珍貴稀有保育類野生動物,"易危（VU, Vulnerable）","暫無危機（LC, Least Concern）",da97cd9a-686f-4f3b-94a9-1623ab914351,保育等級不同,protectedStatusTW,珍貴稀有保育類野生動物;,https://vvtaxatree.tbn.org.tw/taxa/da97cd9a-686f-4f3b-94a9-1623ab914351
96648456-b936-4603-a826-b9290f627dba,infraspecies,da97cd9a-686f-4f3b-94a9-1623ab914351,Animalia,Oriolus chinensis chinensis diffusus,原生 Native,珍貴稀有保育類野生動物,"易危（VU, Vulnerable）","",da97cd9a-686f-4f3b-94a9-1623ab914351,保育等級不同,protectedStatusTW,珍貴稀有保育類野生動物;,https://vvtaxatree.tbn.org.tw/taxa/96648456-b936-4603-a826-b9290f627dba
58c022b9-5598-44ca-93c5-514bbf212e49,infraspecies,da97cd9a-686f-4f3b-94a9-1623ab914351,Animalia,Oriolus chinensis chinensis maculatus,外來 Non-native,"","","",da97cd9a-686f-4f3b-94a9-1623ab914351,保育等級不同,protectedStatusTW,珍貴稀有保育類野生動物;,https://vvtaxatree.tbn.org.tw/taxa/58c022b9-5598-44ca-93c5-514bbf212e49
da97cd9a-686f-4f3b-94a9-1623ab914351,species,5e1326f5-40ed-4f6f-857b-cf33bfe0a1dc,Animalia,Oriolus chinensis,原生 Native,珍貴稀有保育類野生動物,"易危（VU, Vulnerable）","暫無危機（LC, Least Concern）",da97cd9a-686f-4f3b-94a9-1623ab914351,國內紅皮書不同,categoryRedlistTW,"易危（VU, Vulnerable）;",https://vvtaxatree.tbn.org.tw/taxa/da97cd9a-686f-4f3b-94a9-1623ab914351
96648456-b936-4603-a826-b9290f627dba,infraspecies,da97cd9a-686f-4f3b-94a9-1623ab914351,Animalia,Oriolus chinensis chinensis diffusus,原生 Native,珍貴稀有保育類野生動物,"易危（VU, Vulnerable）","",da97cd9a-686f-4f3b-94a9-1623ab914351,國內紅皮書不同,categoryRedlistTW,"易危（VU, Vulnerable）;",https://vvtaxatree.tbn.org.tw/taxa/96648456-b936-4603-a826-b9290f627dba
58c022b9-5598-44ca-93c5-514bbf212e49,infraspecies,da97cd9a-686f-4f3b-94a9-1623ab914351,Animalia,Oriolus chinensis chinensis maculatus,外來 Non-native,"","","",da97cd9a-686f-4f3b-94a9-1623ab914351,國內紅皮書不同,categoryRedlistTW,"易危（VU, Vulnerable）;",https://vvtaxatree.tbn.org.tw/taxa/58c022b9-5598-44ca-93c5-514bbf212e49
dbf5e038-f9e6-4101-93db-baa7ad072d50,species,1fabcdb1-061d-4bd8-b172-fc94575bf5b8,Animalia,Neofelis nebulosa,原生 Native,瀕臨絕種保育類野生動物,"區域滅絕（RE, Regionally Extinct）","易危（VU, Vulnerable）",dbf5e038-f9e6-4101-93db-baa7ad072d50,IUCN紅皮書不同,categoryIUCN,"易危（VU, Vulnerable）;",https://vvtaxatree.tbn.org.tw/taxa/dbf5e038-f9e6-4101-93db-baa7ad072d50
a238ef99-b569-4984-b21b-9c9140406207,infraspecies,dbf5e038-f9e6-4101-93db-baa7ad072d50,Animalia,Neofelis nebulosa nebulosa brachyura,原生 Native,瀕臨絕種保育類野生動物,"區域滅絕（RE, Regionally Extinct）","",dbf5e038-f9e6-4101-93db-baa7ad072d50,IUCN紅皮書不同,categoryIUCN,"易危（VU, Vulnerable）;",https://vvtaxatree.tbn.org.tw/taxa/a238ef99-b569-4984-b21b-9c9140406207
dc430885-79f2-4914-9380-ccad328bc246,species,7bf8b626-78aa-4a28-bfac-a43bb0e4cb38,Animalia,Treron formosae,原生 Native,珍貴稀有保育類野生動物,"易危（VU, Vulnerable）","接近受脅（NT, Near Threatened）",dc430885-79f2-4914-9380-ccad328bc246,IUCN紅皮書不同,categoryIUCN,"接近受脅（NT, Near Threatened）;",https://vvtaxatree.tbn.org.tw/taxa/dc430885-79f2-4914-9380-ccad328bc246
c9b146ef-9d2a-4a39-979e-43559a0d7c29,infraspecies,dc430885-79f2-4914-9380-ccad328bc246,Animalia,Treron formosae formosae formosae,原生 Native,珍貴稀有保育類野生動物,"易危（VU, Vulnerable）","",dc430885-79f2-4914-9380-ccad328bc246,IUCN紅皮書不同,categoryIUCN,"接近受脅（NT, Near Threatened）;",https://vvtaxatree.tbn.org.tw/taxa/c9b146ef-9d2a-4a39-979e-43559a0d7c29
f88055f7-2ac2-4245-8b8a-7ecbb067be81,infraspecies,dc430885-79f2-4914-9380-ccad328bc246,Animalia,Treron formosae formosae medioximus,原生 Native,珍貴稀有保育類野生動物,"易危（VU, Vulnerable）","",dc430885-79f2-4914-9380-ccad328bc246,IUCN紅皮書不同,categoryIUCN,"接近受脅（NT, Near Threatened）;",https://vvtaxatree.tbn.org.tw/taxa/f88055f7-2ac2-4245-8b8a-7ecbb067be81
de21c097-b77a-45f4-8922-0429dddcf220,species,cf8b046f-4f11-43f3-8497-6fc6f2e3d94c,Animalia,Pachyrhynchus sarcitis,原生 Native,"","","",de21c097-b77a-45f4-8922-0429dddcf220,保育等級不同,protectedStatusTW,;珍貴稀有保育類野生動物,https://vvtaxatree.tbn.org.tw/taxa/de21c097-b77a-45f4-8922-0429dddcf220
3202dfd5-62aa-430f-aa2b-b666f144ca2d,infraspecies,de21c097-b77a-45f4-8922-0429dddcf220,Animalia,Pachyrhynchus sarcitis sarcitis kotoensis,原生 Native,珍貴稀有保育類野生動物,"","",de21c097-b77a-45f4-8922-0429dddcf220,保育等級不同,protectedStatusTW,;珍貴稀有保育類野生動物,https://vvtaxatree.tbn.org.tw/taxa/3202dfd5-62aa-430f-aa2b-b666f144ca2d
dedfd6b0-5be0-4139-b366-f3dc470e068e,species,464ffba5-31a8-4507-a2b9-85e935fc8c6e,Plantae,Anthoxanthum horsfieldii,原生 Native,"","","",dedfd6b0-5be0-4139-b366-f3dc470e068e,國內紅皮書不同,categoryRedlistTW,";接近受脅（NT, Near Threatened）",https://vvtaxatree.tbn.org.tw/taxa/dedfd6b0-5be0-4139-b366-f3dc470e068e
656bf0e8-512c-4fbe-984c-bd78d971fab1,infraspecies,dedfd6b0-5be0-4139-b366-f3dc470e068e,Plantae,Anthoxanthum horsfieldii formosanum,原生 Native,"","接近受脅（NT, Near Threatened）","",dedfd6b0-5be0-4139-b366-f3dc470e068e,國內紅皮書不同,categoryRedlistTW,";接近受脅（NT, Near Threatened）",https://vvtaxatree.tbn.org.tw/taxa/656bf0e8-512c-4fbe-984c-bd78d971fab1
e03ae4e1-156e-4cc4-8189-75676d597896,species,84ac5499-0782-4882-b3e1-f77c434bfabb,Animalia,Lichenostomus melanops,"","","","暫無危機（LC, Least Concern）",e03ae4e1-156e-4cc4-8189-75676d597896,保育等級不同,protectedStatusTW,;珍貴稀有保育類野生動物,https://vvtaxatree.tbn.org.tw/taxa/e03ae4e1-156e-4cc4-8189-75676d597896
a4d3a3c5-41f3-4857-bceb-bda5f34c0e01,infraspecies,e03ae4e1-156e-4cc4-8189-75676d597896,Animalia,Lichenostomus melanops melanops cassidix,"",珍貴稀有保育類野生動物,"","",e03ae4e1-156e-4cc4-8189-75676d597896,保育等級不同,protectedStatusTW,;珍貴稀有保育類野生動物,https://vvtaxatree.tbn.org.tw/taxa/a4d3a3c5-41f3-4857-bceb-bda5f34c0e01
e2bdb085-44a6-4f43-8c0c-66d48a3b5505,species,644b3176-a244-4893-afd2-cd0a254f0b78,Plantae,Silene fortunei,原生 Native,"","","",e2bdb085-44a6-4f43-8c0c-66d48a3b5505,國內紅皮書不同,categoryRedlistTW,";瀕危（EN, Endangered）",https://vvtaxatree.tbn.org.tw/taxa/e2bdb085-44a6-4f43-8c0c-66d48a3b5505
fc05c8b7-3d58-4549-ab93-bb81d26f0b83,infraspecies,e2bdb085-44a6-4f43-8c0c-66d48a3b5505,Plantae,Silene fortunei fortunei,原生 Native,"","暫無危機（LC, Least Concern）","",e2bdb085-44a6-4f43-8c0c-66d48a3b5505,國內紅皮書不同,categoryRedlistTW,";瀕危（EN, Endangered）",https://vvtaxatree.tbn.org.tw/taxa/fc05c8b7-3d58-4549-ab93-bb81d26f0b83
09435b84-07d7-45ce-933c-5d27119fc36b,infraspecies,e2bdb085-44a6-4f43-8c0c-66d48a3b5505,Plantae,Silene fortunei kiruninsularis,原生 Native,"","瀕危（EN, Endangered）","",e2bdb085-44a6-4f43-8c0c-66d48a3b5505,國內紅皮書不同,categoryRedlistTW,";瀕危（EN, Endangered）",https://vvtaxatree.tbn.org.tw/taxa/09435b84-07d7-45ce-933c-5d27119fc36b
38a04e40-be8d-4a7e-a725-3ce401585957,infraspecies,e2bdb085-44a6-4f43-8c0c-66d48a3b5505,Plantae,Silene fortunei bilobata,外來栽培 Cultivated (non-native),"","","",e2bdb085-44a6-4f43-8c0c-66d48a3b5505,國內紅皮書不同,categoryRedlistTW,";瀕危（EN, Endangered）",https://vvtaxatree.tbn.org.tw/taxa/38a04e40-be8d-4a7e-a725-3ce401585957
e2c47e98-6c32-4f1c-a20a-5a2acf331342,species,3fd05fe6-0568-4c64-99a5-2c7e3b54f8f2,Plantae,Vitis thunbergii,原生 Native,"","瀕危（EN, Endangered）","",e2c47e98-6c32-4f1c-a20a-5a2acf331342,國內紅皮書不同,categoryRedlistTW,"瀕危（EN, Endangered）;接近受脅（NT, Near Threatened）",https://vvtaxatree.tbn.org.tw/taxa/e2c47e98-6c32-4f1c-a20a-5a2acf331342
91e468ef-191e-43eb-8f7b-16842a5fd2db,infraspecies,e2c47e98-6c32-4f1c-a20a-5a2acf331342,Plantae,Vitis thunbergii thunbergii,原生 Native,"","接近受脅（NT, Near Threatened）","",e2c47e98-6c32-4f1c-a20a-5a2acf331342,國內紅皮書不同,categoryRedlistTW,"瀕危（EN, Endangered）;接近受脅（NT, Near Threatened）",https://vvtaxatree.tbn.org.tw/taxa/91e468ef-191e-43eb-8f7b-16842a5fd2db
81dbacac-0849-4a41-83ae-d2f8eb6baee4,infraspecies,e2c47e98-6c32-4f1c-a20a-5a2acf331342,Plantae,Vitis thunbergii taiwaniana,原生 Native,"","瀕危（EN, Endangered）","",e2c47e98-6c32-4f1c-a20a-5a2acf331342,國內紅皮書不同,categoryRedlistTW,"瀕危（EN, Endangered）;接近受脅（NT, Near Threatened）",https://vvtaxatree.tbn.org.tw/taxa/81dbacac-0849-4a41-83ae-d2f8eb6baee4
e31ea6af-8b8e-480b-808d-816faeada373,species,4ba0e24a-f6b1-4c35-bd25-6a608cba12ae,Animalia,Ypthima norma,原生 Native,"","資料缺乏（DD, Data Deficient）","",e31ea6af-8b8e-480b-808d-816faeada373,國內紅皮書不同,categoryRedlistTW,"資料缺乏（DD, Data Deficient）;",https://vvtaxatree.tbn.org.tw/taxa/e31ea6af-8b8e-480b-808d-816faeada373
a4e6331f-e9c1-4343-8d01-932a28946a76,infraspecies,e31ea6af-8b8e-480b-808d-816faeada373,Animalia,Ypthima norma norma posticalis,原生 Native,"","資料缺乏（DD, Data Deficient）","",e31ea6af-8b8e-480b-808d-816faeada373,國內紅皮書不同,categoryRedlistTW,"資料缺乏（DD, Data Deficient）;",https://vvtaxatree.tbn.org.tw/taxa/a4e6331f-e9c1-4343-8d01-932a28946a76
77c8b891-9498-4e93-9358-d0951170975c,infraspecies,e31ea6af-8b8e-480b-808d-816faeada373,Animalia,Ypthima norma norma norma,原生 Native,"","","",e31ea6af-8b8e-480b-808d-816faeada373,國內紅皮書不同,categoryRedlistTW,"資料缺乏（DD, Data Deficient）;",https://vvtaxatree.tbn.org.tw/taxa/77c8b891-9498-4e93-9358-d0951170975c
e5626bb5-08ff-4f57-864e-ad963cdaf2a5,species,efddaa77-c96f-4178-ab6c-ac475772de8e,Plantae,Centaurium pulchellum,原生 Native,"","","",e5626bb5-08ff-4f57-864e-ad963cdaf2a5,國內紅皮書不同,categoryRedlistTW,";易危（VU, Vulnerable）",https://vvtaxatree.tbn.org.tw/taxa/e5626bb5-08ff-4f57-864e-ad963cdaf2a5
d82a9fa0-ce4c-4ea5-ae6c-085897f14291,infraspecies,e5626bb5-08ff-4f57-864e-ad963cdaf2a5,Plantae,Centaurium pulchellum altaicum,原生 Native,"","易危（VU, Vulnerable）","",e5626bb5-08ff-4f57-864e-ad963cdaf2a5,國內紅皮書不同,categoryRedlistTW,";易危（VU, Vulnerable）",https://vvtaxatree.tbn.org.tw/taxa/d82a9fa0-ce4c-4ea5-ae6c-085897f14291
e566274e-4dce-485b-a51c-9c53a4488794,species,4f722d85-bec5-4b8f-90c3-bb61ae5100fd,Animalia,Rissa tridactyla,原生 Native,"",不適用,"易危（VU, Vulnerable）",e566274e-4dce-485b-a51c-9c53a4488794,IUCN紅皮書不同,categoryIUCN,"易危（VU, Vulnerable）;",https://vvtaxatree.tbn.org.tw/taxa/e566274e-4dce-485b-a51c-9c53a4488794
45c99857-f660-4005-ab1e-e10b81b09942,infraspecies,e566274e-4dce-485b-a51c-9c53a4488794,Animalia,Rissa tridactyla tridactyla pollicaris,原生 Native,"",不適用,"",e566274e-4dce-485b-a51c-9c53a4488794,IUCN紅皮書不同,categoryIUCN,"易危（VU, Vulnerable）;",https://vvtaxatree.tbn.org.tw/taxa/45c99857-f660-4005-ab1e-e10b81b09942
e882d691-d35b-4496-864a-c4aaf861d498,species,0c1f9bb5-bf38-448f-b0ee-36e443864260,Animalia,Calidris alpina,原生 Native,"","暫無危機（LC, Least Concern）","接近受脅（NT, Near Threatened）",e882d691-d35b-4496-864a-c4aaf861d498,IUCN紅皮書不同,categoryIUCN,"接近受脅（NT, Near Threatened）;",https://vvtaxatree.tbn.org.tw/taxa/e882d691-d35b-4496-864a-c4aaf861d498
d0abbcfa-96bf-4fbd-b886-d153129c608d,infraspecies,e882d691-d35b-4496-864a-c4aaf861d498,Animalia,Calidris alpina alpina sakhalina,原生 Native,"","暫無危機（LC, Least Concern）","",e882d691-d35b-4496-864a-c4aaf861d498,IUCN紅皮書不同,categoryIUCN,"接近受脅（NT, Near Threatened）;",https://vvtaxatree.tbn.org.tw/taxa/d0abbcfa-96bf-4fbd-b886-d153129c608d
ebf8dbe0-2d87-48f4-be19-c55fd5dd9117,infraspecies,e882d691-d35b-4496-864a-c4aaf861d498,Animalia,Calidris alpina alpina kistchinski,原生 Native,"","暫無危機（LC, Least Concern）","",e882d691-d35b-4496-864a-c4aaf861d498,IUCN紅皮書不同,categoryIUCN,"接近受脅（NT, Near Threatened）;",https://vvtaxatree.tbn.org.tw/taxa/ebf8dbe0-2d87-48f4-be19-c55fd5dd9117
31489785-e1f8-416c-b065-c4fe655db2e6,infraspecies,e882d691-d35b-4496-864a-c4aaf861d498,Animalia,Calidris alpina alpina actites,原生 Native,"","暫無危機（LC, Least Concern）","",e882d691-d35b-4496-864a-c4aaf861d498,IUCN紅皮書不同,categoryIUCN,"接近受脅（NT, Near Threatened）;",https://vvtaxatree.tbn.org.tw/taxa/31489785-e1f8-416c-b065-c4fe655db2e6
1ea9b5d3-e569-4790-8637-a7a0c99521a5,infraspecies,e882d691-d35b-4496-864a-c4aaf861d498,Animalia,Calidris alpina alpina arcticola,原生 Native,"","暫無危機（LC, Least Concern）","",e882d691-d35b-4496-864a-c4aaf861d498,IUCN紅皮書不同,categoryIUCN,"接近受脅（NT, Near Threatened）;",https://vvtaxatree.tbn.org.tw/taxa/1ea9b5d3-e569-4790-8637-a7a0c99521a5
e9288328-4187-4059-abb5-da2d78eeb0ed,species,62e92eeb-9917-4b9d-b576-e16aedcb8a7f,Animalia,Luehdorfia japonica,原生 Native,"","","接近受脅（NT, Near Threatened）",e9288328-4187-4059-abb5-da2d78eeb0ed,IUCN紅皮書不同,categoryIUCN,"接近受脅（NT, Near Threatened）;",https://vvtaxatree.tbn.org.tw/taxa/e9288328-4187-4059-abb5-da2d78eeb0ed
c7d6e587-7f04-4ade-abc7-a8a438ba7850,infraspecies,e9288328-4187-4059-abb5-da2d78eeb0ed,Animalia,Luehdorfia japonica japonica formosana,原生 Native,"","","",e9288328-4187-4059-abb5-da2d78eeb0ed,IUCN紅皮書不同,categoryIUCN,"接近受脅（NT, Near Threatened）;",https://vvtaxatree.tbn.org.tw/taxa/c7d6e587-7f04-4ade-abc7-a8a438ba7850
e95944ac-c224-40c6-9b67-378405063a0b,species,62ae593f-f7e8-447c-b3eb-126043c83dcb,Plantae,Bredia hirsuta,原生 Native,"","","",e95944ac-c224-40c6-9b67-378405063a0b,國內紅皮書不同,categoryRedlistTW,";接近受脅（NT, Near Threatened）",https://vvtaxatree.tbn.org.tw/taxa/e95944ac-c224-40c6-9b67-378405063a0b
e0f3a1f1-cf93-4681-ad3d-b47514177982,infraspecies,e95944ac-c224-40c6-9b67-378405063a0b,Plantae,Bredia hirsuta hirsuta,原生 Native,"","暫無危機（LC, Least Concern）","",e95944ac-c224-40c6-9b67-378405063a0b,國內紅皮書不同,categoryRedlistTW,";接近受脅（NT, Near Threatened）",https://vvtaxatree.tbn.org.tw/taxa/e0f3a1f1-cf93-4681-ad3d-b47514177982
de6bb8e6-4a9c-4daf-969b-55861b2f0c5a,infraspecies,e95944ac-c224-40c6-9b67-378405063a0b,Plantae,Bredia hirsuta rotundifolia,原生 Native,"","接近受脅（NT, Near Threatened）","",e95944ac-c224-40c6-9b67-378405063a0b,國內紅皮書不同,categoryRedlistTW,";接近受脅（NT, Near Threatened）",https://vvtaxatree.tbn.org.tw/taxa/de6bb8e6-4a9c-4daf-969b-55861b2f0c5a
b0fc1a85-52ff-4adb-b233-0cbafc943156,infraspecies,e95944ac-c224-40c6-9b67-378405063a0b,Plantae,Bredia hirsuta scandens,原生 Native,"","暫無危機（LC, Least Concern）","",e95944ac-c224-40c6-9b67-378405063a0b,國內紅皮書不同,categoryRedlistTW,";接近受脅（NT, Near Threatened）",https://vvtaxatree.tbn.org.tw/taxa/b0fc1a85-52ff-4adb-b233-0cbafc943156
ec16b5e7-3bc6-48e1-99e3-fe071331a48e,species,5a5e4cb2-f511-4da7-929a-54dc37df94b4,Animalia,Rusa unicolor,原生 Native,"","接近受脅（NT, Near Threatened）","易危（VU, Vulnerable）",ec16b5e7-3bc6-48e1-99e3-fe071331a48e,保育等級不同,protectedStatusTW,;其他應予保育之野生動物,https://vvtaxatree.tbn.org.tw/taxa/ec16b5e7-3bc6-48e1-99e3-fe071331a48e
103f39fd-deea-4def-be42-cda337d745ea,infraspecies,ec16b5e7-3bc6-48e1-99e3-fe071331a48e,Animalia,Rusa unicolor unicolor swinhoii,原生 Native,其他應予保育之野生動物,"接近受脅（NT, Near Threatened）","",ec16b5e7-3bc6-48e1-99e3-fe071331a48e,保育等級不同,protectedStatusTW,;其他應予保育之野生動物,https://vvtaxatree.tbn.org.tw/taxa/103f39fd-deea-4def-be42-cda337d745ea
ec16b5e7-3bc6-48e1-99e3-fe071331a48e,species,5a5e4cb2-f511-4da7-929a-54dc37df94b4,Animalia,Rusa unicolor,原生 Native,"","接近受脅（NT, Near Threatened）","易危（VU, Vulnerable）",ec16b5e7-3bc6-48e1-99e3-fe071331a48e,IUCN紅皮書不同,categoryIUCN,"易危（VU, Vulnerable）;",https://vvtaxatree.tbn.org.tw/taxa/ec16b5e7-3bc6-48e1-99e3-fe071331a48e
103f39fd-deea-4def-be42-cda337d745ea,infraspecies,ec16b5e7-3bc6-48e1-99e3-fe071331a48e,Animalia,Rusa unicolor unicolor swinhoii,原生 Native,其他應予保育之野生動物,"接近受脅（NT, Near Threatened）","",ec16b5e7-3bc6-48e1-99e3-fe071331a48e,IUCN紅皮書不同,categoryIUCN,"易危（VU, Vulnerable）;",https://vvtaxatree.tbn.org.tw/taxa/103f39fd-deea-4def-be42-cda337d745ea
ec6c68d7-2f4c-4c37-a43a-2f4a41374503,species,2cf3a83e-1902-4fe9-bfba-a8d8f9534f5d,Plantae,Callitriche palustris,原生 Native,"","接近受脅（NT, Near Threatened）","",ec6c68d7-2f4c-4c37-a43a-2f4a41374503,國內紅皮書不同,categoryRedlistTW,"接近受脅（NT, Near Threatened）;資料缺乏（DD, Data Deficient）",https://vvtaxatree.tbn.org.tw/taxa/ec6c68d7-2f4c-4c37-a43a-2f4a41374503
9a468d01-7bf0-4033-8eb5-40fd8d5e38c3,infraspecies,ec6c68d7-2f4c-4c37-a43a-2f4a41374503,Plantae,Callitriche palustris palustris,原生 Native,"","接近受脅（NT, Near Threatened）","",ec6c68d7-2f4c-4c37-a43a-2f4a41374503,國內紅皮書不同,categoryRedlistTW,"接近受脅（NT, Near Threatened）;資料缺乏（DD, Data Deficient）",https://vvtaxatree.tbn.org.tw/taxa/9a468d01-7bf0-4033-8eb5-40fd8d5e38c3
c195b01e-581a-4f10-9105-649ed5b92bf2,infraspecies,ec6c68d7-2f4c-4c37-a43a-2f4a41374503,Plantae,Callitriche palustris oryzetorum,原生 Native,"","資料缺乏（DD, Data Deficient）","",ec6c68d7-2f4c-4c37-a43a-2f4a41374503,國內紅皮書不同,categoryRedlistTW,"接近受脅（NT, Near Threatened）;資料缺乏（DD, Data Deficient）",https://vvtaxatree.tbn.org.tw/taxa/c195b01e-581a-4f10-9105-649ed5b92bf2
edb3f65e-d359-49d5-8a9c-67953e89172b,species,511221ab-647e-476a-85bc-0b8086c308f3,Animalia,Synoicus chinensis,原生 Native,珍貴稀有保育類野生動物,"瀕危（EN, Endangered）","暫無危機（LC, Least Concern）",edb3f65e-d359-49d5-8a9c-67953e89172b,保育等級不同,protectedStatusTW,珍貴稀有保育類野生動物;,https://vvtaxatree.tbn.org.tw/taxa/edb3f65e-d359-49d5-8a9c-67953e89172b
d3f3ac4d-c594-49b7-b5a4-7485f034affb,infraspecies,edb3f65e-d359-49d5-8a9c-67953e89172b,Animalia,Synoicus chinensis chinensis chinensis,原生 Native,"","瀕危（EN, Endangered）","",edb3f65e-d359-49d5-8a9c-67953e89172b,保育等級不同,protectedStatusTW,珍貴稀有保育類野生動物;,https://vvtaxatree.tbn.org.tw/taxa/d3f3ac4d-c594-49b7-b5a4-7485f034affb
e5fdd1bc-5549-4c55-bde4-76353402c4ee,infraspecies,edb3f65e-d359-49d5-8a9c-67953e89172b,Animalia,Synoicus chinensis chinensis victoriae,"","","","",edb3f65e-d359-49d5-8a9c-67953e89172b,保育等級不同,protectedStatusTW,珍貴稀有保育類野生動物;,https://vvtaxatree.tbn.org.tw/taxa/e5fdd1bc-5549-4c55-bde4-76353402c4ee
edb3f65e-d359-49d5-8a9c-67953e89172b,species,511221ab-647e-476a-85bc-0b8086c308f3,Animalia,Synoicus chinensis,原生 Native,珍貴稀有保育類野生動物,"瀕危（EN, Endangered）","暫無危機（LC, Least Concern）",edb3f65e-d359-49d5-8a9c-67953e89172b,國內紅皮書不同,categoryRedlistTW,"瀕危（EN, Endangered）;",https://vvtaxatree.tbn.org.tw/taxa/edb3f65e-d359-49d5-8a9c-67953e89172b
d3f3ac4d-c594-49b7-b5a4-7485f034affb,infraspecies,edb3f65e-d359-49d5-8a9c-67953e89172b,Animalia,Synoicus chinensis chinensis chinensis,原生 Native,"","瀕危（EN, Endangered）","",edb3f65e-d359-49d5-8a9c-67953e89172b,國內紅皮書不同,categoryRedlistTW,"瀕危（EN, Endangered）;",https://vvtaxatree.tbn.org.tw/taxa/d3f3ac4d-c594-49b7-b5a4-7485f034affb
e5fdd1bc-5549-4c55-bde4-76353402c4ee,infraspecies,edb3f65e-d359-49d5-8a9c-67953e89172b,Animalia,Synoicus chinensis chinensis victoriae,"","","","",edb3f65e-d359-49d5-8a9c-67953e89172b,國內紅皮書不同,categoryRedlistTW,"瀕危（EN, Endangered）;",https://vvtaxatree.tbn.org.tw/taxa/e5fdd1bc-5549-4c55-bde4-76353402c4ee
edb70c85-f6c4-4040-bdc1-a94858649bea,species,0b39bfbd-93a6-4f3f-8d28-974c1e72513b,Plantae,Aphyllorchis montana,原生 Native,"","","",edb70c85-f6c4-4040-bdc1-a94858649bea,國內紅皮書不同,categoryRedlistTW,";資料缺乏（DD, Data Deficient）",https://vvtaxatree.tbn.org.tw/taxa/edb70c85-f6c4-4040-bdc1-a94858649bea
bbf0ce36-9738-40b9-a0a4-0e93ba95cbe7,infraspecies,edb70c85-f6c4-4040-bdc1-a94858649bea,Plantae,Aphyllorchis montana montana,原生 Native,"","暫無危機（LC, Least Concern）","",edb70c85-f6c4-4040-bdc1-a94858649bea,國內紅皮書不同,categoryRedlistTW,";資料缺乏（DD, Data Deficient）",https://vvtaxatree.tbn.org.tw/taxa/bbf0ce36-9738-40b9-a0a4-0e93ba95cbe7
1462293d-ec5a-4abf-90c2-1ba013ed36fa,infraspecies,edb70c85-f6c4-4040-bdc1-a94858649bea,Plantae,Aphyllorchis montana membranacea,原生 Native,"","資料缺乏（DD, Data Deficient）","",edb70c85-f6c4-4040-bdc1-a94858649bea,國內紅皮書不同,categoryRedlistTW,";資料缺乏（DD, Data Deficient）",https://vvtaxatree.tbn.org.tw/taxa/1462293d-ec5a-4abf-90c2-1ba013ed36fa
efba3f33-e7b3-4096-803d-6d05dd2173e7,species,a1f3ffa3-2f5a-484f-8b3b-208a65b0b0f1,Plantae,Lilium lancifolium,外來栽培 Cultivated (non-native),"","未評估（NE, Not Evaluated）","",efba3f33-e7b3-4096-803d-6d05dd2173e7,國內紅皮書不同,categoryRedlistTW,"未評估（NE, Not Evaluated）;",https://vvtaxatree.tbn.org.tw/taxa/efba3f33-e7b3-4096-803d-6d05dd2173e7
acea36e0-5062-42b6-be5a-f794091271db,infraspecies,efba3f33-e7b3-4096-803d-6d05dd2173e7,Plantae,Lilium lancifolium scabrum,外來栽培 Cultivated (non-native),"","","",efba3f33-e7b3-4096-803d-6d05dd2173e7,國內紅皮書不同,categoryRedlistTW,"未評估（NE, Not Evaluated）;",https://vvtaxatree.tbn.org.tw/taxa/acea36e0-5062-42b6-be5a-f794091271db
f0c63a8c-a1f7-4163-9e34-c6e4c4327a50,species,5747536f-9d5e-484d-a25d-af0111110556,Animalia,Haliaeetus albicilla,原生 Native,瀕臨絕種保育類野生動物,"","暫無危機（LC, Least Concern）",f0c63a8c-a1f7-4163-9e34-c6e4c4327a50,保育等級不同,protectedStatusTW,瀕臨絕種保育類野生動物;,https://vvtaxatree.tbn.org.tw/taxa/f0c63a8c-a1f7-4163-9e34-c6e4c4327a50
a1774646-36cc-4c36-9f41-5d9808ed748e,infraspecies,f0c63a8c-a1f7-4163-9e34-c6e4c4327a50,Animalia,Haliaeetus albicilla albicilla albicilla,原生 Native,"","","",f0c63a8c-a1f7-4163-9e34-c6e4c4327a50,保育等級不同,protectedStatusTW,瀕臨絕種保育類野生動物;,https://vvtaxatree.tbn.org.tw/taxa/a1774646-36cc-4c36-9f41-5d9808ed748e
f1fa2f04-8f20-4512-9e1f-809004332de4,species,c9dda634-d395-4ee1-a453-268a1abc561c,Plantae,Lecanorchis subpelorica,原生 Native,"","資料缺乏（DD, Data Deficient）","",f1fa2f04-8f20-4512-9e1f-809004332de4,國內紅皮書不同,categoryRedlistTW,"資料缺乏（DD, Data Deficient）;",https://vvtaxatree.tbn.org.tw/taxa/f1fa2f04-8f20-4512-9e1f-809004332de4
586dcc30-ce68-413b-99ad-5b272a821e08,infraspecies,f1fa2f04-8f20-4512-9e1f-809004332de4,Plantae,Lecanorchis subpelorica subpelorica,原生 Native,"","","",f1fa2f04-8f20-4512-9e1f-809004332de4,國內紅皮書不同,categoryRedlistTW,"資料缺乏（DD, Data Deficient）;",https://vvtaxatree.tbn.org.tw/taxa/586dcc30-ce68-413b-99ad-5b272a821e08
e644aceb-537e-43cf-9605-ac82b853ba1b,infraspecies,f1fa2f04-8f20-4512-9e1f-809004332de4,Plantae,Lecanorchis subpelorica latens,原生 Native,"","","",f1fa2f04-8f20-4512-9e1f-809004332de4,國內紅皮書不同,categoryRedlistTW,"資料缺乏（DD, Data Deficient）;",https://vvtaxatree.tbn.org.tw/taxa/e644aceb-537e-43cf-9605-ac82b853ba1b
f2c85f46-8354-48d2-8cfb-f10491458c21,species,b82fb08e-322c-43f0-adcb-33f926097084,Animalia,Ninox spilonotus,"","","","瀕危（EN, Endangered）",f2c85f46-8354-48d2-8cfb-f10491458c21,IUCN紅皮書不同,categoryIUCN,"瀕危（EN, Endangered）;",https://vvtaxatree.tbn.org.tw/taxa/f2c85f46-8354-48d2-8cfb-f10491458c21
d3340383-da99-46c5-873d-b700def8d733,infraspecies,f2c85f46-8354-48d2-8cfb-f10491458c21,Animalia,Ninox spilonotus spilonotus spilonotus,"","","","",f2c85f46-8354-48d2-8cfb-f10491458c21,IUCN紅皮書不同,categoryIUCN,"瀕危（EN, Endangered）;",https://vvtaxatree.tbn.org.tw/taxa/d3340383-da99-46c5-873d-b700def8d733
f3d89a59-01a5-4c8a-bff2-12d103301bc8,species,870bf0ef-e416-4f99-ae0b-188dd58f17c0,Animalia,Lonchura atricapilla,原生 Native,其他應予保育之野生動物,"易危（VU, Vulnerable）","暫無危機（LC, Least Concern）",f3d89a59-01a5-4c8a-bff2-12d103301bc8,保育等級不同,protectedStatusTW,其他應予保育之野生動物;,https://vvtaxatree.tbn.org.tw/taxa/f3d89a59-01a5-4c8a-bff2-12d103301bc8
9830adf2-86ce-4471-9b22-d6df1ad24538,infraspecies,f3d89a59-01a5-4c8a-bff2-12d103301bc8,Animalia,Lonchura atricapilla atricapilla formosana,原生 Native,其他應予保育之野生動物,"易危（VU, Vulnerable）","暫無危機（LC, Least Concern）",f3d89a59-01a5-4c8a-bff2-12d103301bc8,保育等級不同,protectedStatusTW,其他應予保育之野生動物;,https://vvtaxatree.tbn.org.tw/taxa/9830adf2-86ce-4471-9b22-d6df1ad24538
099552d8-6b9d-4f92-9667-a690fe0c286c,infraspecies,f3d89a59-01a5-4c8a-bff2-12d103301bc8,Animalia,Lonchura atricapilla atricapilla sinensis,外來 Non-native,"","","",f3d89a59-01a5-4c8a-bff2-12d103301bc8,保育等級不同,protectedStatusTW,其他應予保育之野生動物;,https://vvtaxatree.tbn.org.tw/taxa/099552d8-6b9d-4f92-9667-a690fe0c286c
1dc2ca35-a992-4753-b6e8-d609774848dc,infraspecies,f3d89a59-01a5-4c8a-bff2-12d103301bc8,Animalia,Lonchura atricapilla atricapilla jagori,外來 Non-native,"","","",f3d89a59-01a5-4c8a-bff2-12d103301bc8,保育等級不同,protectedStatusTW,其他應予保育之野生動物;,https://vvtaxatree.tbn.org.tw/taxa/1dc2ca35-a992-4753-b6e8-d609774848dc
69e21abf-b727-4b43-8fe6-d5fd3adf1ad5,infraspecies,f3d89a59-01a5-4c8a-bff2-12d103301bc8,Animalia,Lonchura atricapilla atricapilla deignani,外來 Non-native,"","","",f3d89a59-01a5-4c8a-bff2-12d103301bc8,保育等級不同,protectedStatusTW,其他應予保育之野生動物;,https://vvtaxatree.tbn.org.tw/taxa/69e21abf-b727-4b43-8fe6-d5fd3adf1ad5
f3d89a59-01a5-4c8a-bff2-12d103301bc8,species,870bf0ef-e416-4f99-ae0b-188dd58f17c0,Animalia,Lonchura atricapilla,原生 Native,其他應予保育之野生動物,"易危（VU, Vulnerable）","暫無危機（LC, Least Concern）",f3d89a59-01a5-4c8a-bff2-12d103301bc8,國內紅皮書不同,categoryRedlistTW,"易危（VU, Vulnerable）;",https://vvtaxatree.tbn.org.tw/taxa/f3d89a59-01a5-4c8a-bff2-12d103301bc8
9830adf2-86ce-4471-9b22-d6df1ad24538,infraspecies,f3d89a59-01a5-4c8a-bff2-12d103301bc8,Animalia,Lonchura atricapilla atricapilla formosana,原生 Native,其他應予保育之野生動物,"易危（VU, Vulnerable）","暫無危機（LC, Least Concern）",f3d89a59-01a5-4c8a-bff2-12d103301bc8,國內紅皮書不同,categoryRedlistTW,"易危（VU, Vulnerable）;",https://vvtaxatree.tbn.org.tw/taxa/9830adf2-86ce-4471-9b22-d6df1ad24538
099552d8-6b9d-4f92-9667-a690fe0c286c,infraspecies,f3d89a59-01a5-4c8a-bff2-12d103301bc8,Animalia,Lonchura atricapilla atricapilla sinensis,外來 Non-native,"","","",f3d89a59-01a5-4c8a-bff2-12d103301bc8,國內紅皮書不同,categoryRedlistTW,"易危（VU, Vulnerable）;",https://vvtaxatree.tbn.org.tw/taxa/099552d8-6b9d-4f92-9667-a690fe0c286c
1dc2ca35-a992-4753-b6e8-d609774848dc,infraspecies,f3d89a59-01a5-4c8a-bff2-12d103301bc8,Animalia,Lonchura atricapilla atricapilla jagori,外來 Non-native,"","","",f3d89a59-01a5-4c8a-bff2-12d103301bc8,國內紅皮書不同,categoryRedlistTW,"易危（VU, Vulnerable）;",https://vvtaxatree.tbn.org.tw/taxa/1dc2ca35-a992-4753-b6e8-d609774848dc
69e21abf-b727-4b43-8fe6-d5fd3adf1ad5,infraspecies,f3d89a59-01a5-4c8a-bff2-12d103301bc8,Animalia,Lonchura atricapilla atricapilla deignani,外來 Non-native,"","","",f3d89a59-01a5-4c8a-bff2-12d103301bc8,國內紅皮書不同,categoryRedlistTW,"易危（VU, Vulnerable）;",https://vvtaxatree.tbn.org.tw/taxa/69e21abf-b727-4b43-8fe6-d5fd3adf1ad5
f8947246-6152-439c-9a67-a6b1422941b4,species,a5bc1a23-a951-4af2-a2d3-48b1c587e39f,Animalia,Lutra lutra,原生 Native,瀕臨絕種保育類野生動物,"極危（CR, Critically Endangered）","接近受脅（NT, Near Threatened）",f8947246-6152-439c-9a67-a6b1422941b4,IUCN紅皮書不同,categoryIUCN,"接近受脅（NT, Near Threatened）;",https://vvtaxatree.tbn.org.tw/taxa/f8947246-6152-439c-9a67-a6b1422941b4
76412706-8cf6-4ea9-8e48-7d74ad05eeeb,infraspecies,f8947246-6152-439c-9a67-a6b1422941b4,Animalia,Lutra lutra lutra chinensis,原生 Native,瀕臨絕種保育類野生動物,"極危（CR, Critically Endangered）","",f8947246-6152-439c-9a67-a6b1422941b4,IUCN紅皮書不同,categoryIUCN,"接近受脅（NT, Near Threatened）;",https://vvtaxatree.tbn.org.tw/taxa/76412706-8cf6-4ea9-8e48-7d74ad05eeeb
f9bf9797-747d-4a2c-b2f2-e02c2c672868,species,fa17a502-face-456a-a443-6773ebb76082,Animalia,Cyclopsitta diophthalma,"","","","暫無危機（LC, Least Concern）",f9bf9797-747d-4a2c-b2f2-e02c2c672868,保育等級不同,protectedStatusTW,;瀕臨絕種保育類野生動物,https://vvtaxatree.tbn.org.tw/taxa/f9bf9797-747d-4a2c-b2f2-e02c2c672868
65a6397e-2a01-4d01-873e-40790d7512e5,infraspecies,f9bf9797-747d-4a2c-b2f2-e02c2c672868,Animalia,Cyclopsitta diophthalma diophthalma coxeni,"",瀕臨絕種保育類野生動物,"","",f9bf9797-747d-4a2c-b2f2-e02c2c672868,保育等級不同,protectedStatusTW,;瀕臨絕種保育類野生動物,https://vvtaxatree.tbn.org.tw/taxa/65a6397e-2a01-4d01-873e-40790d7512e5
fb090b87-f512-41f3-837a-328fd93deeab,species,47c727f1-169c-4ff1-b167-273a47d50da6,Animalia,Notocrypta feisthamelii,原生 Native,"","接近受脅（NT, Near Threatened）","",fb090b87-f512-41f3-837a-328fd93deeab,國內紅皮書不同,categoryRedlistTW,"接近受脅（NT, Near Threatened）;",https://vvtaxatree.tbn.org.tw/taxa/fb090b87-f512-41f3-837a-328fd93deeab
c7877c0f-9a5e-4109-bdc0-0bd0ccda4268,infraspecies,fb090b87-f512-41f3-837a-328fd93deeab,Animalia,Notocrypta feisthamelii feisthamelii alinkara,原生 Native,"","","",fb090b87-f512-41f3-837a-328fd93deeab,國內紅皮書不同,categoryRedlistTW,"接近受脅（NT, Near Threatened）;",https://vvtaxatree.tbn.org.tw/taxa/c7877c0f-9a5e-4109-bdc0-0bd0ccda4268
95c2f9df-cfb9-4b5a-8fe7-7255759f0f0e,infraspecies,fb090b87-f512-41f3-837a-328fd93deeab,Animalia,Notocrypta feisthamelii feisthamelii arisana,原生 Native,"","接近受脅（NT, Near Threatened）","",fb090b87-f512-41f3-837a-328fd93deeab,國內紅皮書不同,categoryRedlistTW,"接近受脅（NT, Near Threatened）;",https://vvtaxatree.tbn.org.tw/taxa/95c2f9df-cfb9-4b5a-8fe7-7255759f0f0e
fc44a062-ae75-4731-a3fa-746947f51f2e,species,34372d0f-cf4b-4698-a8ba-69dbb91f3314,Plantae,Michelia compressa,原生 Native,"","","",fc44a062-ae75-4731-a3fa-746947f51f2e,國內紅皮書不同,categoryRedlistTW,";未評估（NE, Not Evaluated）",https://vvtaxatree.tbn.org.tw/taxa/fc44a062-ae75-4731-a3fa-746947f51f2e
7e23ead7-79db-4ca8-a4a6-339ae36f0236,infraspecies,fc44a062-ae75-4731-a3fa-746947f51f2e,Plantae,Michelia compressa formosana,原生 Native,"","未評估（NE, Not Evaluated）","",fc44a062-ae75-4731-a3fa-746947f51f2e,國內紅皮書不同,categoryRedlistTW,";未評估（NE, Not Evaluated）",https://vvtaxatree.tbn.org.tw/taxa/7e23ead7-79db-4ca8-a4a6-339ae36f0236
4ff0398f-8e01-4dea-88e8-bfec2c511818,infraspecies,fc44a062-ae75-4731-a3fa-746947f51f2e,Plantae,Michelia compressa lanyuensis,原生 Native,"","暫無危機（LC, Least Concern）","未評估（NE, Not Evaluated）",fc44a062-ae75-4731-a3fa-746947f51f2e,國內紅皮書不同,categoryRedlistTW,";未評估（NE, Not Evaluated）",https://vvtaxatree.tbn.org.tw/taxa/4ff0398f-8e01-4dea-88e8-bfec2c511818
fc44a062-ae75-4731-a3fa-746947f51f2e,species,34372d0f-cf4b-4698-a8ba-69dbb91f3314,Plantae,Michelia compressa,原生 Native,"","","",fc44a062-ae75-4731-a3fa-746947f51f2e,IUCN紅皮書不同,categoryIUCN,";未評估（NE, Not Evaluated）",https://vvtaxatree.tbn.org.tw/taxa/fc44a062-ae75-4731-a3fa-746947f51f2e
7e23ead7-79db-4ca8-a4a6-339ae36f0236,infraspecies,fc44a062-ae75-4731-a3fa-746947f51f2e,Plantae,Michelia compressa formosana,原生 Native,"","未評估（NE, Not Evaluated）","",fc44a062-ae75-4731-a3fa-746947f51f2e,IUCN紅皮書不同,categoryIUCN,";未評估（NE, Not Evaluated）",https://vvtaxatree.tbn.org.tw/taxa/7e23ead7-79db-4ca8-a4a6-339ae36f0236
4ff0398f-8e01-4dea-88e8-bfec2c511818,infraspecies,fc44a062-ae75-4731-a3fa-746947f51f2e,Plantae,Michelia compressa lanyuensis,原生 Native,"","暫無危機（LC, Least Concern）","未評估（NE, Not Evaluated）",fc44a062-ae75-4731-a3fa-746947f51f2e,IUCN紅皮書不同,categoryIUCN,";未評估（NE, Not Evaluated）",https://vvtaxatree.tbn.org.tw/taxa/4ff0398f-8e01-4dea-88e8-bfec2c511818
fd20b992-f883-4c07-ae1d-4c452ba1a59c,species,22f56291-f352-4682-8dbb-35ccb5275375,Plantae,Allium bakeri,原生 Native,"","","",fd20b992-f883-4c07-ae1d-4c452ba1a59c,國內紅皮書不同,categoryRedlistTW,";資料缺乏（DD, Data Deficient）",https://vvtaxatree.tbn.org.tw/taxa/fd20b992-f883-4c07-ae1d-4c452ba1a59c
55fcb95d-584f-42cb-b32a-631c5009c00b,infraspecies,fd20b992-f883-4c07-ae1d-4c452ba1a59c,Plantae,Allium bakeri morrisonense,原生 Native,"","資料缺乏（DD, Data Deficient）","",fd20b992-f883-4c07-ae1d-4c452ba1a59c,國內紅皮書不同,categoryRedlistTW,";資料缺乏（DD, Data Deficient）",https://vvtaxatree.tbn.org.tw/taxa/55fcb95d-584f-42cb-b32a-631c5009c00b
ff6050fa-cdd6-4ed1-9fcc-b7669c86a1b5,species,24265021-198c-4d5b-be64-b37a8b226bd1,Animalia,Limosa limosa,原生 Native,其他應予保育之野生動物,"易危（VU, Vulnerable）","接近受脅（NT, Near Threatened）",ff6050fa-cdd6-4ed1-9fcc-b7669c86a1b5,IUCN紅皮書不同,categoryIUCN,"接近受脅（NT, Near Threatened）;",https://vvtaxatree.tbn.org.tw/taxa/ff6050fa-cdd6-4ed1-9fcc-b7669c86a1b5
27ef84d3-276c-4db8-ad62-e2875294e863,infraspecies,ff6050fa-cdd6-4ed1-9fcc-b7669c86a1b5,Animalia,Limosa limosa limosa melanuroides,原生 Native,其他應予保育之野生動物,"易危（VU, Vulnerable）","",ff6050fa-cdd6-4ed1-9fcc-b7669c86a1b5,IUCN紅皮書不同,categoryIUCN,"接近受脅（NT, Near Threatened）;",https://vvtaxatree.tbn.org.tw/taxa/27ef84d3-276c-4db8-ad62-e2875294e863
ffcc50a3-205c-4d49-99d5-13ae67cf93c8,species,f3ba4db2-671b-4f72-9488-aea54b955d8e,Plantae,Rhododendron ovatum,原生 Native,"","資料缺乏（DD, Data Deficient）","",ffcc50a3-205c-4d49-99d5-13ae67cf93c8,國內紅皮書不同,categoryRedlistTW,"資料缺乏（DD, Data Deficient）;接近受脅（NT, Near Threatened）",https://vvtaxatree.tbn.org.tw/taxa/ffcc50a3-205c-4d49-99d5-13ae67cf93c8
b9dd476c-7f86-40c4-9ea0-f1f69e50943c,infraspecies,ffcc50a3-205c-4d49-99d5-13ae67cf93c8,Plantae,Rhododendron ovatum ovatum,原生 Native,"","資料缺乏（DD, Data Deficient）","",ffcc50a3-205c-4d49-99d5-13ae67cf93c8,國內紅皮書不同,categoryRedlistTW,"資料缺乏（DD, Data Deficient）;接近受脅（NT, Near Threatened）",https://vvtaxatree.tbn.org.tw/taxa/b9dd476c-7f86-40c4-9ea0-f1f69e50943c
2996767e-4bfa-4a98-b6c1-04429912be0b,infraspecies,ffcc50a3-205c-4d49-99d5-13ae67cf93c8,Plantae,Rhododendron ovatum lamprophyllum,原生 Native,"","接近受脅（NT, Near Threatened）","",ffcc50a3-205c-4d49-99d5-13ae67cf93c8,國內紅皮書不同,categoryRedlistTW,"資料缺乏（DD, Data Deficient）;接近受脅（NT, Near Threatened）",https://vvtaxatree.tbn.org.tw/taxa/2996767e-4bfa-4a98-b6c1-04429912be0b
ffed28e0-3ee3-4d5d-b686-0bdfcbd491e4,species,c88a82e1-2348-43b2-b1c0-24461406b61b,Animalia,Axis porcinus,"","","","瀕危（EN, Endangered）",ffed28e0-3ee3-4d5d-b686-0bdfcbd491e4,保育等級不同,protectedStatusTW,;瀕臨絕種保育類野生動物,https://vvtaxatree.tbn.org.tw/taxa/ffed28e0-3ee3-4d5d-b686-0bdfcbd491e4
5f78d491-cd56-4a39-b080-ecada9f77bae,infraspecies,ffed28e0-3ee3-4d5d-b686-0bdfcbd491e4,Animalia,Axis porcinus porcinus annamiticus,"",瀕臨絕種保育類野生動物,"","",ffed28e0-3ee3-4d5d-b686-0bdfcbd491e4,保育等級不同,protectedStatusTW,;瀕臨絕種保育類野生動物,https://vvtaxatree.tbn.org.tw/taxa/5f78d491-cd56-4a39-b080-ecada9f77bae
ffed28e0-3ee3-4d5d-b686-0bdfcbd491e4,species,c88a82e1-2348-43b2-b1c0-24461406b61b,Animalia,Axis porcinus,"","","","瀕危（EN, Endangered）",ffed28e0-3ee3-4d5d-b686-0bdfcbd491e4,IUCN紅皮書不同,categoryIUCN,"瀕危（EN, Endangered）;",https://vvtaxatree.tbn.org.tw/taxa/ffed28e0-3ee3-4d5d-b686-0bdfcbd491e4
5f78d491-cd56-4a39-b080-ecada9f77bae,infraspecies,ffed28e0-3ee3-4d5d-b686-0bdfcbd491e4,Animalia,Axis porcinus porcinus annamiticus,"",瀕臨絕種保育類野生動物,"","",ffed28e0-3ee3-4d5d-b686-0bdfcbd491e4,IUCN紅皮書不同,categoryIUCN,"瀕危（EN, Endangered）;",https://vvtaxatree.tbn.org.tw/taxa/5f78d491-cd56-4a39-b080-ecada9f77bae
