taxonUUID,taxonRank,parentUUID,simplifiedScientificName,kingdom,class,TT_URL
a4bf4963-5d24-4e02-9b11-b8a2ce74bfab,class,2d631ac5-ee8b-486b-8ee6-db30f1c790b8,Actinopterygii,Animalia,Actinopterygii,https://vvtaxatree.tbn.org.tw/taxa/a4bf4963-5d24-4e02-9b11-b8a2ce74bfab
57ec2a7c-cd34-44ad-b6d5-2bc4d5385c93,class,2d631ac5-ee8b-486b-8ee6-db30f1c790b8,Chondrichthyes,Animalia,Chondrichthyes,https://vvtaxatree.tbn.org.tw/taxa/57ec2a7c-cd34-44ad-b6d5-2bc4d5385c93
47933c17-4f07-4892-b29b-0274c6a7e972,class,2d631ac5-ee8b-486b-8ee6-db30f1c790b8,Amphioxichthyes,Animalia,Amphioxichthyes,https://vvtaxatree.tbn.org.tw/taxa/47933c17-4f07-4892-b29b-0274c6a7e972
6f82946d-471a-45a0-89db-86eb98ed24a8,class,b5472fc7-2413-4031-bfac-457e39f54368,Cestoda,Animalia,Cestoda,https://vvtaxatree.tbn.org.tw/taxa/6f82946d-471a-45a0-89db-86eb98ed24a8
e12102e6-e113-46bd-a8c0-05f904652c8c,class,b67c0aa1-20ae-49cb-bda8-bf9dc0273bb0,Digononta,Animalia,Digononta,https://vvtaxatree.tbn.org.tw/taxa/e12102e6-e113-46bd-a8c0-05f904652c8c
8825e9f3-62fa-47b8-b533-2d06ed421713,class,7aada0e9-f2fc-4ceb-8667-f459f78372c9,Inarticulata,Animalia,Inarticulata,https://vvtaxatree.tbn.org.tw/taxa/8825e9f3-62fa-47b8-b533-2d06ed421713
855d74f3-a536-4836-aef1-08b5191ff223,order,a803f49d-d367-4db9-b973-d446e665f4e9,Mysidacea,Animalia,Malacostraca,https://vvtaxatree.tbn.org.tw/taxa/855d74f3-a536-4836-aef1-08b5191ff223
7867f6a3-723e-4879-9210-ebb5a28a81e9,order,4a278e8f-3f34-4f9b-a19b-0a1d87576f64,Scorpaeniformes,Animalia,Actinopteri,https://vvtaxatree.tbn.org.tw/taxa/7867f6a3-723e-4879-9210-ebb5a28a81e9
df9001fb-71cd-492a-b43c-878a9146074c,order,d00392ff-779f-42ae-bccd-df0bdcf4c747,Stephanoberyciformes,Animalia,Actinopteri,https://vvtaxatree.tbn.org.tw/taxa/df9001fb-71cd-492a-b43c-878a9146074c
e8a80449-b354-48b5-96e0-573211e17264,order,7b206e9d-00b6-4008-8986-4c2fed116f44,Soricomorpha,Animalia,Mammalia,https://vvtaxatree.tbn.org.tw/taxa/e8a80449-b354-48b5-96e0-573211e17264
e6ef76fc-1e54-4b06-a8a0-5188a2c7bb4e,order,3e881e9b-7202-4457-a563-c57d20638a49,Solemyoida,Animalia,Bivalvia,https://vvtaxatree.tbn.org.tw/taxa/e6ef76fc-1e54-4b06-a8a0-5188a2c7bb4e
ec38dbbc-9211-4318-808b-1f073baf9d5c,order,29226dd4-8a74-4778-9b42-44bcfe022497,Anaspidea,Animalia,Gastropoda,https://vvtaxatree.tbn.org.tw/taxa/ec38dbbc-9211-4318-808b-1f073baf9d5c
e6451844-fa12-4323-92f8-8826e360aeb1,order,1a0d2ffb-12fc-4346-80d1-6b51057d1143,Notaspidea,Animalia,Gastropoda,https://vvtaxatree.tbn.org.tw/taxa/e6451844-fa12-4323-92f8-8826e360aeb1
55bb2b52-300d-4eb8-b46f-33caafd41b59,order,1a0d2ffb-12fc-4346-80d1-6b51057d1143,Lepetellida,Animalia,Gastropoda,https://vvtaxatree.tbn.org.tw/taxa/55bb2b52-300d-4eb8-b46f-33caafd41b59
2ded7fed-7a0d-4151-af5c-f8e3975cc1c6,order,45ef731e-4026-49a5-9a95-4868b91104fe,Strigeata,Animalia,Neoophora,https://vvtaxatree.tbn.org.tw/taxa/2ded7fed-7a0d-4151-af5c-f8e3975cc1c6
2b2292e0-0580-428c-b574-ed1c1ff8638a,family,0cae7204-161f-4c73-b52e-ed91c57727cf,Prothoplophoridae,Animalia,Arachnida,https://vvtaxatree.tbn.org.tw/taxa/2b2292e0-0580-428c-b574-ed1c1ff8638a
aa6aa4d6-cca9-43c9-8e8c-32c719e7f26a,family,2ccb3357-f376-4593-9e66-5b7e740bdc66,Trachyleheridae,Animalia,Ostracoda,https://vvtaxatree.tbn.org.tw/taxa/aa6aa4d6-cca9-43c9-8e8c-32c719e7f26a
0966de3b-d094-438a-8b4d-89de6a36e7ca,family,2ccb3357-f376-4593-9e66-5b7e740bdc66,Paracyprididae,Animalia,Ostracoda,https://vvtaxatree.tbn.org.tw/taxa/0966de3b-d094-438a-8b4d-89de6a36e7ca
ca233745-d82e-4e4d-9dda-73dac352d2f5,family,2ccb3357-f376-4593-9e66-5b7e740bdc66,Bathocytheridae,Animalia,Ostracoda,https://vvtaxatree.tbn.org.tw/taxa/ca233745-d82e-4e4d-9dda-73dac352d2f5
8f874860-e368-4e1e-8ad4-d64d9107a741,family,2ccb3357-f376-4593-9e66-5b7e740bdc66,Eucandonidae,Animalia,Ostracoda,https://vvtaxatree.tbn.org.tw/taxa/8f874860-e368-4e1e-8ad4-d64d9107a741
ffe15cf0-6904-4dab-9ca7-75d8111741f3,family,2ccb3357-f376-4593-9e66-5b7e740bdc66,Ilyocprididae,Animalia,Ostracoda,https://vvtaxatree.tbn.org.tw/taxa/ffe15cf0-6904-4dab-9ca7-75d8111741f3
a8c79aa6-1aa8-4382-afc8-7975437cdd68,family,ae244267-7648-49c1-9837-cb9b616538da,Calocarididae,Animalia,Malacostraca,https://vvtaxatree.tbn.org.tw/taxa/a8c79aa6-1aa8-4382-afc8-7975437cdd68
a0181ddd-c054-4d15-8024-9d5e3dabd0a1,family,49793426-7432-4a02-bccc-840f9ed15652,Dairidae,Animalia,Malacostraca,https://vvtaxatree.tbn.org.tw/taxa/a0181ddd-c054-4d15-8024-9d5e3dabd0a1
d7ae9bec-bc23-436e-ba55-9695e8fa3ad5,family,ae244267-7648-49c1-9837-cb9b616538da,Hymenoceridae,Animalia,Malacostraca,https://vvtaxatree.tbn.org.tw/taxa/d7ae9bec-bc23-436e-ba55-9695e8fa3ad5
c40df691-e630-42d9-b4ea-1092616b7201,family,14ed0cff-f0cd-4b02-9faa-a0c800605be9,Bathysquilloidea,Animalia,Malacostraca,https://vvtaxatree.tbn.org.tw/taxa/c40df691-e630-42d9-b4ea-1092616b7201
56d8838d-ba19-4247-8cf9-74fa8054b4e5,family,40f46e2f-b9dc-45b1-ac0a-2680a24bbb06,Tanaidae,Animalia,Malacostraca,https://vvtaxatree.tbn.org.tw/taxa/56d8838d-ba19-4247-8cf9-74fa8054b4e5
551dc5dc-e291-4366-bffc-fed46d909dc1,family,2b67e68e-9a70-4208-8d26-a21ca96ed894,Mecynoceridae,Animalia,Copepoda,https://vvtaxatree.tbn.org.tw/taxa/551dc5dc-e291-4366-bffc-fed46d909dc1
72d9c4ff-5b8b-4ba8-b554-d651b50a5f15,family,9c3d62a5-1254-4257-aab1-322539e9ecb2,Ambunguipedidae,Animalia,Copepoda,https://vvtaxatree.tbn.org.tw/taxa/72d9c4ff-5b8b-4ba8-b554-d651b50a5f15
88092c05-ef69-4afc-a3de-f3b0358409b6,family,9c3d62a5-1254-4257-aab1-322539e9ecb2,Clytemnestridae,Animalia,Copepoda,https://vvtaxatree.tbn.org.tw/taxa/88092c05-ef69-4afc-a3de-f3b0358409b6
978291b8-b235-4c23-be71-8c073ac61af3,family,9c3d62a5-1254-4257-aab1-322539e9ecb2,Euterpinidae,Animalia,Copepoda,https://vvtaxatree.tbn.org.tw/taxa/978291b8-b235-4c23-be71-8c073ac61af3
29930039-7cdb-4f0d-be0f-c517ede91704,family,33a06981-7325-4e95-bc7f-31c778d042b9,Pyrgomatidea,Animalia,Thecostraca,https://vvtaxatree.tbn.org.tw/taxa/29930039-7cdb-4f0d-be0f-c517ede91704
f81f35db-8d60-4292-9fe2-fdf3e02930e4,family,33a06981-7325-4e95-bc7f-31c778d042b9,Platylepadidae,Animalia,Thecostraca,https://vvtaxatree.tbn.org.tw/taxa/f81f35db-8d60-4292-9fe2-fdf3e02930e4
1bdd6193-a901-49a9-8f81-bf1a98fa338f,family,fb4206ff-ffa3-4fb7-8785-14ab74d954db,Pollicipidae,Animalia,Thecostraca,https://vvtaxatree.tbn.org.tw/taxa/1bdd6193-a901-49a9-8f81-bf1a98fa338f
c25e0853-6c73-4c99-b015-89b316d65124,family,1a9d4828-9e32-4ff0-94a7-42b2df06b45d,Monstrilloidae,Animalia,Copepoda,https://vvtaxatree.tbn.org.tw/taxa/c25e0853-6c73-4c99-b015-89b316d65124
f1e60c0c-2bdd-4b9a-b11e-78fcff9ddf5d,family,f1ad5b1d-2fe7-4d1b-b83f-d349dcf3cd5c,Sacculinidae,Animalia,Thecostraca,https://vvtaxatree.tbn.org.tw/taxa/f1e60c0c-2bdd-4b9a-b11e-78fcff9ddf5d
29fce59b-4c9b-4f52-b840-b9377f9d22bb,order,4e86a986-6ebd-4820-b814-540ddcf3e170,Thysanura,Animalia,Insecta,https://vvtaxatree.tbn.org.tw/taxa/29fce59b-4c9b-4f52-b840-b9377f9d22bb
b847a849-072d-4d9f-9ec4-bd6c76967668,order,4e86a986-6ebd-4820-b814-540ddcf3e170,Embiidina,Animalia,Insecta,https://vvtaxatree.tbn.org.tw/taxa/b847a849-072d-4d9f-9ec4-bd6c76967668
33925feb-60ae-439e-aea6-eb52f5fe6b14,family,4743d4ce-27f1-4399-8490-783bbbc69868,Aphrodidae,Animalia,Insecta,https://vvtaxatree.tbn.org.tw/taxa/33925feb-60ae-439e-aea6-eb52f5fe6b14
c794d6dd-e97f-4e46-9675-3ab58226e2cb,family,4743d4ce-27f1-4399-8490-783bbbc69868,Hylicidae,Animalia,Insecta,https://vvtaxatree.tbn.org.tw/taxa/c794d6dd-e97f-4e46-9675-3ab58226e2cb
712a2818-f317-4fb5-bea7-9802bd45fb0b,family,4743d4ce-27f1-4399-8490-783bbbc69868,Ledridae,Animalia,Insecta,https://vvtaxatree.tbn.org.tw/taxa/712a2818-f317-4fb5-bea7-9802bd45fb0b
1dc944f9-87c5-4cb3-8f1c-d6059ba6f6ce,family,4743d4ce-27f1-4399-8490-783bbbc69868,Ulopidae,Animalia,Insecta,https://vvtaxatree.tbn.org.tw/taxa/1dc944f9-87c5-4cb3-8f1c-d6059ba6f6ce
f1c7861d-684b-4c4c-b077-3001430cc23e,family,4743d4ce-27f1-4399-8490-783bbbc69868,Penthimiidae,Animalia,Insecta,https://vvtaxatree.tbn.org.tw/taxa/f1c7861d-684b-4c4c-b077-3001430cc23e
7ae4040e-49c1-4fe3-b272-29780b91cde7,family,261b848a-4b37-4d19-b0b9-ca210ae38d87,Opomyzidae,Animalia,Insecta,https://vvtaxatree.tbn.org.tw/taxa/7ae4040e-49c1-4fe3-b272-29780b91cde7
801b4553-756e-4f6e-8ed4-9ce72da4199b,family,25ec818e-9f6a-4710-a7ba-8bb5188eed01,Megapodagrionidae,Animalia,Insecta,https://vvtaxatree.tbn.org.tw/taxa/801b4553-756e-4f6e-8ed4-9ce72da4199b
831ddcb0-9299-4a2f-b08d-fb4bed479139,family,b019c09e-71b5-4c2b-85b4-23c525d9f9b3,Haglotettigoniidae,Animalia,Insecta,https://vvtaxatree.tbn.org.tw/taxa/831ddcb0-9299-4a2f-b08d-fb4bed479139
b022d563-e3b1-4751-a7a7-6f1b40f76525,family,b019c09e-71b5-4c2b-85b4-23c525d9f9b3,Metrodoridae,Animalia,Insecta,https://vvtaxatree.tbn.org.tw/taxa/b022d563-e3b1-4751-a7a7-6f1b40f76525
9489e5c0-67b9-4b44-9a95-51e8cc36af3e,family,b019c09e-71b5-4c2b-85b4-23c525d9f9b3,Catantopidae,Animalia,Insecta,https://vvtaxatree.tbn.org.tw/taxa/9489e5c0-67b9-4b44-9a95-51e8cc36af3e
710fd318-d250-4de6-b70f-c66e26d80aad,family,f488fbe0-c47b-4e04-9a18-01ec942181ac,Diapheromeridae,Animalia,Insecta,https://vvtaxatree.tbn.org.tw/taxa/710fd318-d250-4de6-b70f-c66e26d80aad
0375650e-5b02-4ed6-857a-6f62e155856c,kingdom,205b1246-d120-41f3-a07d-d26ca09f3a56,Crenarchaeota,Crenarchaeota,"",https://vvtaxatree.tbn.org.tw/taxa/0375650e-5b02-4ed6-857a-6f62e155856c
8739248e-2a6c-4498-a6dc-ec129ddf4ddd,kingdom,205b1246-d120-41f3-a07d-d26ca09f3a56,Euryarchaeota,Euryarchaeota,"",https://vvtaxatree.tbn.org.tw/taxa/8739248e-2a6c-4498-a6dc-ec129ddf4ddd
45a03696-6726-406a-9094-cd87fabe502d,kingdom,329c5b3e-0af3-4e8b-917f-e62e6d4aea27,Euglenoida,Euglenoida,"",https://vvtaxatree.tbn.org.tw/taxa/45a03696-6726-406a-9094-cd87fabe502d
ccd11454-a14f-4ba4-81d9-b135e1ff7ba7,kingdom,329c5b3e-0af3-4e8b-917f-e62e6d4aea27,Postgaardia,Postgaardia,"",https://vvtaxatree.tbn.org.tw/taxa/ccd11454-a14f-4ba4-81d9-b135e1ff7ba7
d08f6498-abca-4c04-893e-a6e7856d6199,kingdom,329c5b3e-0af3-4e8b-917f-e62e6d4aea27,Glycomonada,Glycomonada,"",https://vvtaxatree.tbn.org.tw/taxa/d08f6498-abca-4c04-893e-a6e7856d6199
810e6be0-e193-4619-b10a-8bd2ac034923,kingdom,329c5b3e-0af3-4e8b-917f-e62e6d4aea27,Percolozoa,Percolozoa,"",https://vvtaxatree.tbn.org.tw/taxa/810e6be0-e193-4619-b10a-8bd2ac034923
9e5a3739-cd0f-48a2-9153-a26de92d6f51,kingdom,329c5b3e-0af3-4e8b-917f-e62e6d4aea27,Tsukubamonadea,Tsukubamonadea,"",https://vvtaxatree.tbn.org.tw/taxa/9e5a3739-cd0f-48a2-9153-a26de92d6f51
05768301-6b69-4454-a60e-c72aa942e181,kingdom,329c5b3e-0af3-4e8b-917f-e62e6d4aea27,Jakobea,Jakobea,"",https://vvtaxatree.tbn.org.tw/taxa/05768301-6b69-4454-a60e-c72aa942e181
64876e3f-78ad-4cd2-97b9-ec49a9243591,kingdom,329c5b3e-0af3-4e8b-917f-e62e6d4aea27,Trichozoa,Trichozoa,"",https://vvtaxatree.tbn.org.tw/taxa/64876e3f-78ad-4cd2-97b9-ec49a9243591
e9576fc5-03ff-41f3-abb6-c2376c18dd51,kingdom,329c5b3e-0af3-4e8b-917f-e62e6d4aea27,Harosa,Harosa,"",https://vvtaxatree.tbn.org.tw/taxa/e9576fc5-03ff-41f3-abb6-c2376c18dd51
96754173-537c-4192-ad37-2b6b0b330541,kingdom,329c5b3e-0af3-4e8b-917f-e62e6d4aea27,Haptista,Haptista,"",https://vvtaxatree.tbn.org.tw/taxa/96754173-537c-4192-ad37-2b6b0b330541
b97f04e6-e040-43c4-a957-4c1d09c2094f,kingdom,329c5b3e-0af3-4e8b-917f-e62e6d4aea27,Cryptista,Cryptista,"",https://vvtaxatree.tbn.org.tw/taxa/b97f04e6-e040-43c4-a957-4c1d09c2094f
c8f3b6cb-313b-4468-bb84-48c3fd8820b3,kingdom,329c5b3e-0af3-4e8b-917f-e62e6d4aea27,Anaeromonada,Anaeromonada,"",https://vvtaxatree.tbn.org.tw/taxa/c8f3b6cb-313b-4468-bb84-48c3fd8820b3
51fc97cb-6f6d-4720-b109-7ee56f83ffa8,kingdom,329c5b3e-0af3-4e8b-917f-e62e6d4aea27,Neolouka,Neolouka,"",https://vvtaxatree.tbn.org.tw/taxa/51fc97cb-6f6d-4720-b109-7ee56f83ffa8
eb510f8d-b32e-45ab-80b9-32f69c9bed85,kingdom,329c5b3e-0af3-4e8b-917f-e62e6d4aea27,Picobiliphyta,Picobiliphyta,"",https://vvtaxatree.tbn.org.tw/taxa/eb510f8d-b32e-45ab-80b9-32f69c9bed85
4b5dfd8d-fa42-4035-af1b-5babdcfa3520,kingdom,329c5b3e-0af3-4e8b-917f-e62e6d4aea27,Telonemia,Telonemia,"",https://vvtaxatree.tbn.org.tw/taxa/4b5dfd8d-fa42-4035-af1b-5babdcfa3520
65416715-6e97-48a4-a0e0-5aff900272ee,kingdom,329c5b3e-0af3-4e8b-917f-e62e6d4aea27,Hemimastigophora,Hemimastigophora,"",https://vvtaxatree.tbn.org.tw/taxa/65416715-6e97-48a4-a0e0-5aff900272ee
d8d07304-9933-4bca-a808-6edf44abf90c,family,905994a7-2015-4d2d-8d60-422cfdbbc262,Hydatellaceae,Plantae,Spermatopsida,https://vvtaxatree.tbn.org.tw/taxa/d8d07304-9933-4bca-a808-6edf44abf90c
99041f0b-79b1-4ba6-84f3-46b29cc31dd3,family,ce0e3cba-17f3-44d1-8847-4747486bfa2b,Austrobaileyaceae,Plantae,Spermatopsida,https://vvtaxatree.tbn.org.tw/taxa/99041f0b-79b1-4ba6-84f3-46b29cc31dd3
8abd9b69-4dec-41ae-b09a-7e4a67b38b9b,family,ce0e3cba-17f3-44d1-8847-4747486bfa2b,Trimeniaceae,Plantae,Spermatopsida,https://vvtaxatree.tbn.org.tw/taxa/8abd9b69-4dec-41ae-b09a-7e4a67b38b9b
a9654c79-e898-4911-a36e-df64ed4fd489,family,e27fd325-f7c5-480f-8c01-63107b0ac9e7,Canellaceae,Plantae,Spermatopsida,https://vvtaxatree.tbn.org.tw/taxa/a9654c79-e898-4911-a36e-df64ed4fd489
bb44dd13-4329-4ae5-b59a-8c753da720c4,family,48db819a-2bfd-4d33-9abf-6a8971f811dc,Degeneriaceae,Plantae,Spermatopsida,https://vvtaxatree.tbn.org.tw/taxa/bb44dd13-4329-4ae5-b59a-8c753da720c4
d3d0bf01-ec00-4fed-8422-0d5583d981b7,family,48db819a-2bfd-4d33-9abf-6a8971f811dc,Himantandraceae,Plantae,Spermatopsida,https://vvtaxatree.tbn.org.tw/taxa/d3d0bf01-ec00-4fed-8422-0d5583d981b7
ed7397d3-3814-4302-9047-8afbd58756d7,family,48db819a-2bfd-4d33-9abf-6a8971f811dc,Eupomatiaceae,Plantae,Spermatopsida,https://vvtaxatree.tbn.org.tw/taxa/ed7397d3-3814-4302-9047-8afbd58756d7
7dc5dfc8-790d-4cb7-96ac-f85e4cda9f7b,family,e1dea8c1-b90e-4c04-b122-0679cab20357,Calycanthaceae,Plantae,Spermatopsida,https://vvtaxatree.tbn.org.tw/taxa/7dc5dfc8-790d-4cb7-96ac-f85e4cda9f7b
07cee870-724b-4612-876d-df1610a98c79,family,e1dea8c1-b90e-4c04-b122-0679cab20357,Siparunaceae,Plantae,Spermatopsida,https://vvtaxatree.tbn.org.tw/taxa/07cee870-724b-4612-876d-df1610a98c79
87f0b3ec-44f1-44ae-b35b-6dc2da6c93d9,family,e1dea8c1-b90e-4c04-b122-0679cab20357,Gomortegaceae,Plantae,Spermatopsida,https://vvtaxatree.tbn.org.tw/taxa/87f0b3ec-44f1-44ae-b35b-6dc2da6c93d9
0f078ba1-ac15-4a4c-b31b-bd088c76503f,family,e1dea8c1-b90e-4c04-b122-0679cab20357,Atherospermataceae,Plantae,Spermatopsida,https://vvtaxatree.tbn.org.tw/taxa/0f078ba1-ac15-4a4c-b31b-bd088c76503f
629fc867-2a31-4b79-a6c6-16555125ff30,family,e1dea8c1-b90e-4c04-b122-0679cab20357,Monimiaceae,Plantae,Spermatopsida,https://vvtaxatree.tbn.org.tw/taxa/629fc867-2a31-4b79-a6c6-16555125ff30
f0121175-fa2e-458e-81ff-d9072e04ab3b,family,870e1747-e887-4b0a-a854-6f846113ff1f,Tofieldiaceae,Plantae,Spermatopsida,https://vvtaxatree.tbn.org.tw/taxa/f0121175-fa2e-458e-81ff-d9072e04ab3b
8b1caab8-96e4-4d29-915f-74ca8af35402,family,870e1747-e887-4b0a-a854-6f846113ff1f,Butomaceae,Plantae,Spermatopsida,https://vvtaxatree.tbn.org.tw/taxa/8b1caab8-96e4-4d29-915f-74ca8af35402
be23f68f-4bde-47c0-a7fb-8f8fd3096345,family,870e1747-e887-4b0a-a854-6f846113ff1f,Scheuchzeriaceae,Plantae,Spermatopsida,https://vvtaxatree.tbn.org.tw/taxa/be23f68f-4bde-47c0-a7fb-8f8fd3096345
5e36706b-6ea0-45c3-98ef-0c66268f3b4b,family,870e1747-e887-4b0a-a854-6f846113ff1f,Maundiaceae,Plantae,Spermatopsida,https://vvtaxatree.tbn.org.tw/taxa/5e36706b-6ea0-45c3-98ef-0c66268f3b4b
88108125-021a-4937-a52b-2f9bb3835082,family,870e1747-e887-4b0a-a854-6f846113ff1f,Posidoniaceae,Plantae,Spermatopsida,https://vvtaxatree.tbn.org.tw/taxa/88108125-021a-4937-a52b-2f9bb3835082
1457e565-bb3a-49e4-ba47-b585888c1f87,family,de5a9b92-c36f-4f0d-ad95-228631f09ce2,Velloziaceae,Plantae,Spermatopsida,https://vvtaxatree.tbn.org.tw/taxa/1457e565-bb3a-49e4-ba47-b585888c1f87
eeeb14dc-1c05-4038-8705-2ecc91b50156,family,fb79a6d5-78de-4a6d-8f94-c07ea52d120b,Campynemataceae,Plantae,Spermatopsida,https://vvtaxatree.tbn.org.tw/taxa/eeeb14dc-1c05-4038-8705-2ecc91b50156
259014cc-1da6-49c4-80e5-ebb1636a9771,family,fb79a6d5-78de-4a6d-8f94-c07ea52d120b,Corsiaceae,Plantae,Spermatopsida,https://vvtaxatree.tbn.org.tw/taxa/259014cc-1da6-49c4-80e5-ebb1636a9771
7502ad56-1baf-45e8-ae86-204bc9f83725,family,fb79a6d5-78de-4a6d-8f94-c07ea52d120b,Petermanniaceae,Plantae,Spermatopsida,https://vvtaxatree.tbn.org.tw/taxa/7502ad56-1baf-45e8-ae86-204bc9f83725
c766b53d-24f6-4c6c-a138-a051b5f11372,family,fb79a6d5-78de-4a6d-8f94-c07ea52d120b,Philesiaceae,Plantae,Spermatopsida,https://vvtaxatree.tbn.org.tw/taxa/c766b53d-24f6-4c6c-a138-a051b5f11372
6895f2ee-03ff-4093-bf19-3df3725fbdc1,family,fb79a6d5-78de-4a6d-8f94-c07ea52d120b,Rhipogonaceae,Plantae,Spermatopsida,https://vvtaxatree.tbn.org.tw/taxa/6895f2ee-03ff-4093-bf19-3df3725fbdc1
03875bc0-8db8-4050-aff3-b196be085183,family,eda6b5e2-24be-4132-9ecf-f4aa9199d4d6,Boryaceae,Plantae,Spermatopsida,https://vvtaxatree.tbn.org.tw/taxa/03875bc0-8db8-4050-aff3-b196be085183
bf1aa64f-84d5-4431-9915-ffff8c56e6a8,family,eda6b5e2-24be-4132-9ecf-f4aa9199d4d6,Blandfordiaceae,Plantae,Spermatopsida,https://vvtaxatree.tbn.org.tw/taxa/bf1aa64f-84d5-4431-9915-ffff8c56e6a8
c643d108-c1a4-4594-9bfb-23a2aed8640f,family,eda6b5e2-24be-4132-9ecf-f4aa9199d4d6,Asteliaceae,Plantae,Spermatopsida,https://vvtaxatree.tbn.org.tw/taxa/c643d108-c1a4-4594-9bfb-23a2aed8640f
53eaaa58-1e1d-45e5-aa5b-e3742af1b466,family,eda6b5e2-24be-4132-9ecf-f4aa9199d4d6,Lanariaceae,Plantae,Spermatopsida,https://vvtaxatree.tbn.org.tw/taxa/53eaaa58-1e1d-45e5-aa5b-e3742af1b466
c9ea3ff9-c1be-4309-aa64-c1935ad22461,family,eda6b5e2-24be-4132-9ecf-f4aa9199d4d6,Doryanthaceae,Plantae,Spermatopsida,https://vvtaxatree.tbn.org.tw/taxa/c9ea3ff9-c1be-4309-aa64-c1935ad22461
131e819f-65de-4cb6-8567-1ef6db77509b,family,eda6b5e2-24be-4132-9ecf-f4aa9199d4d6,Ixioliriaceae,Plantae,Spermatopsida,https://vvtaxatree.tbn.org.tw/taxa/131e819f-65de-4cb6-8567-1ef6db77509b
ddae65a7-6bb6-4452-ba70-7e7b0a000240,family,eda6b5e2-24be-4132-9ecf-f4aa9199d4d6,Tecophilaeaceae,Plantae,Spermatopsida,https://vvtaxatree.tbn.org.tw/taxa/ddae65a7-6bb6-4452-ba70-7e7b0a000240
a2a821c2-fe43-49ca-9bcf-bcbac62ea0a2,family,eda6b5e2-24be-4132-9ecf-f4aa9199d4d6,Xeronemataceae,Plantae,Spermatopsida,https://vvtaxatree.tbn.org.tw/taxa/a2a821c2-fe43-49ca-9bcf-bcbac62ea0a2
cc9136ac-3307-493c-84b0-ed26fe60f799,family,987b9788-f3ac-40d8-838f-a5fcaa633b1e,Hanguanaceae,Plantae,Spermatopsida,https://vvtaxatree.tbn.org.tw/taxa/cc9136ac-3307-493c-84b0-ed26fe60f799
11be93dc-ea35-4f93-bbf4-3b268337d4f4,family,63d03bd6-3017-4969-908a-3cbbdc633fd0,Lowiaceae,Plantae,Spermatopsida,https://vvtaxatree.tbn.org.tw/taxa/11be93dc-ea35-4f93-bbf4-3b268337d4f4
1a4e060d-a350-4c9f-80c1-11079baf63bd,family,e0670fd3-4df9-4f67-aa4e-14a695872c21,Rapateaceae,Plantae,Spermatopsida,https://vvtaxatree.tbn.org.tw/taxa/1a4e060d-a350-4c9f-80c1-11079baf63bd
6eeaeb63-845f-4e81-bb3d-eba12b989a96,family,e0670fd3-4df9-4f67-aa4e-14a695872c21,Mayacaceae,Plantae,Spermatopsida,https://vvtaxatree.tbn.org.tw/taxa/6eeaeb63-845f-4e81-bb3d-eba12b989a96
8e5f66a3-d5ee-40b9-b808-fc13844af03d,family,e0670fd3-4df9-4f67-aa4e-14a695872c21,Thurniaceae,Plantae,Spermatopsida,https://vvtaxatree.tbn.org.tw/taxa/8e5f66a3-d5ee-40b9-b808-fc13844af03d
02ceb79a-29ee-4f7f-a7bc-072a0d8ce766,family,e0670fd3-4df9-4f67-aa4e-14a695872c21,Joinvilleaceae,Plantae,Spermatopsida,https://vvtaxatree.tbn.org.tw/taxa/02ceb79a-29ee-4f7f-a7bc-072a0d8ce766
c025146d-9c3c-4771-844c-4e55c1cb0fa5,family,e0670fd3-4df9-4f67-aa4e-14a695872c21,Ecdeiocoleaceae,Plantae,Spermatopsida,https://vvtaxatree.tbn.org.tw/taxa/c025146d-9c3c-4771-844c-4e55c1cb0fa5
56b391ea-4a6c-46b4-b91f-ea146568b89d,family,6a9c39a0-1a84-4057-a8bb-df67452c2ec1,Eupteleaceae,Plantae,Spermatopsida,https://vvtaxatree.tbn.org.tw/taxa/56b391ea-4a6c-46b4-b91f-ea146568b89d
d487adb6-22a3-4ef2-bd91-69bae35386bd,family,6a9c39a0-1a84-4057-a8bb-df67452c2ec1,Circaeasteraceae,Plantae,Spermatopsida,https://vvtaxatree.tbn.org.tw/taxa/d487adb6-22a3-4ef2-bd91-69bae35386bd
1b13dfde-b961-4a76-a6c2-0bf825dc1122,family,e9f4a72d-5067-4ce0-a3bd-3e6055fa1fdf,Myrothamnaceae,Plantae,Spermatopsida,https://vvtaxatree.tbn.org.tw/taxa/1b13dfde-b961-4a76-a6c2-0bf825dc1122
73f6354f-5c01-43a4-b619-939a620d6dea,family,e9f4a72d-5067-4ce0-a3bd-3e6055fa1fdf,Gunneraceae,Plantae,Spermatopsida,https://vvtaxatree.tbn.org.tw/taxa/73f6354f-5c01-43a4-b619-939a620d6dea
eff30265-8d09-4ce5-b290-c18cca1fc440,family,026abcfc-acef-48a0-86bf-e69feb2d2834,Peridiscaceae,Plantae,Spermatopsida,https://vvtaxatree.tbn.org.tw/taxa/eff30265-8d09-4ce5-b290-c18cca1fc440
be903842-5cfc-440b-b872-3afcb2445ec9,family,026abcfc-acef-48a0-86bf-e69feb2d2834,Cercidiphyllaceae,Plantae,Spermatopsida,https://vvtaxatree.tbn.org.tw/taxa/be903842-5cfc-440b-b872-3afcb2445ec9
ef99b28b-56ca-47f2-a6f7-19051609d4d9,family,026abcfc-acef-48a0-86bf-e69feb2d2834,Aphanopetalaceae,Plantae,Spermatopsida,https://vvtaxatree.tbn.org.tw/taxa/ef99b28b-56ca-47f2-a6f7-19051609d4d9
c8015d19-f8a0-47ef-a118-6070ac1362e3,family,026abcfc-acef-48a0-86bf-e69feb2d2834,Tetracarpaeaceae,Plantae,Spermatopsida,https://vvtaxatree.tbn.org.tw/taxa/c8015d19-f8a0-47ef-a118-6070ac1362e3
0abfb7ba-cd55-45e0-8df3-2b52795a7e0f,family,026abcfc-acef-48a0-86bf-e69feb2d2834,Penthoraceae,Plantae,Spermatopsida,https://vvtaxatree.tbn.org.tw/taxa/0abfb7ba-cd55-45e0-8df3-2b52795a7e0f
0042093a-ea40-406a-aee2-026f56bf984e,family,026abcfc-acef-48a0-86bf-e69feb2d2834,Cynomoriaceae,Plantae,Spermatopsida,https://vvtaxatree.tbn.org.tw/taxa/0042093a-ea40-406a-aee2-026f56bf984e
68a8defb-9e29-406b-bc33-3b73455f6bbf,family,bf6b8c0f-fbb1-47ae-8cfb-dd1d6ca6b168,Krameriaceae,Plantae,Spermatopsida,https://vvtaxatree.tbn.org.tw/taxa/68a8defb-9e29-406b-bc33-3b73455f6bbf
828275a1-52ee-4b3d-a0a8-08181e6e700b,family,faf2740f-45eb-4208-a892-774d1320b4d2,Quillajaceae,Plantae,Spermatopsida,https://vvtaxatree.tbn.org.tw/taxa/828275a1-52ee-4b3d-a0a8-08181e6e700b
ad011a0c-083f-4a03-8d92-a23845dadba2,family,10c236ce-5961-4132-9064-49fb656ad5c8,Barbeyaceae,Plantae,Spermatopsida,https://vvtaxatree.tbn.org.tw/taxa/ad011a0c-083f-4a03-8d92-a23845dadba2
7e4bed14-7d6a-4ae8-a1bb-87641e26186d,family,10c236ce-5961-4132-9064-49fb656ad5c8,Dirachmaceae,Plantae,Spermatopsida,https://vvtaxatree.tbn.org.tw/taxa/7e4bed14-7d6a-4ae8-a1bb-87641e26186d
3ca86c87-f867-4a1f-89ae-767e06a67f19,family,45f50a0f-125c-4ddd-a16d-b70f6829b865,Nothofagaceae,Plantae,Spermatopsida,https://vvtaxatree.tbn.org.tw/taxa/3ca86c87-f867-4a1f-89ae-767e06a67f19
7a087170-e2dd-492c-a58d-cfca23ef0af7,family,45f50a0f-125c-4ddd-a16d-b70f6829b865,Ticodendraceae,Plantae,Spermatopsida,https://vvtaxatree.tbn.org.tw/taxa/7a087170-e2dd-492c-a58d-cfca23ef0af7
1097a3cd-a6c0-4c83-b68d-49897e64bc58,family,23acbfbc-fa3f-45c1-bf85-7dc141925c74,Corynocarpaceae,Plantae,Spermatopsida,https://vvtaxatree.tbn.org.tw/taxa/1097a3cd-a6c0-4c83-b68d-49897e64bc58
0406c35b-8943-4866-9b51-6168968c1be7,family,23acbfbc-fa3f-45c1-bf85-7dc141925c74,Tetramelaceae,Plantae,Spermatopsida,https://vvtaxatree.tbn.org.tw/taxa/0406c35b-8943-4866-9b51-6168968c1be7
123ab610-5b43-4e5e-a777-a44dd4233ba9,family,23acbfbc-fa3f-45c1-bf85-7dc141925c74,Datiscaceae,Plantae,Spermatopsida,https://vvtaxatree.tbn.org.tw/taxa/123ab610-5b43-4e5e-a777-a44dd4233ba9
7c8ad4b5-11c8-48c7-ab93-6727b8939bda,family,4ed541ce-9be6-4e64-b028-e62bb6d29064,Lepidobotryaceae,Plantae,Spermatopsida,https://vvtaxatree.tbn.org.tw/taxa/7c8ad4b5-11c8-48c7-ab93-6727b8939bda
6d8208d8-c4fe-472b-a338-2f13d82c9447,family,a74c9853-ac27-4b4e-ad01-053a9d2a7794,Cunoniaceae,Plantae,Spermatopsida,https://vvtaxatree.tbn.org.tw/taxa/6d8208d8-c4fe-472b-a338-2f13d82c9447
fbd6d77b-9e30-4d27-93e7-414421a77662,family,a74c9853-ac27-4b4e-ad01-053a9d2a7794,Cephalotaceae,Plantae,Spermatopsida,https://vvtaxatree.tbn.org.tw/taxa/fbd6d77b-9e30-4d27-93e7-414421a77662
f77441b2-e595-4224-bd9c-18e5c674ecce,family,a74c9853-ac27-4b4e-ad01-053a9d2a7794,Brunelliaceae,Plantae,Spermatopsida,https://vvtaxatree.tbn.org.tw/taxa/f77441b2-e595-4224-bd9c-18e5c674ecce
dcfbba1f-6d3e-4bbd-bdb6-f78439e37ca3,family,9225dddf-84ea-4e56-a7b4-a24ec4f5287b,Pandaceae,Plantae,Spermatopsida,https://vvtaxatree.tbn.org.tw/taxa/dcfbba1f-6d3e-4bbd-bdb6-f78439e37ca3
1cc63b1e-8e4c-487c-b292-d01599c944b7,family,9225dddf-84ea-4e56-a7b4-a24ec4f5287b,Irvingiaceae,Plantae,Spermatopsida,https://vvtaxatree.tbn.org.tw/taxa/1cc63b1e-8e4c-487c-b292-d01599c944b7
01b66990-bb09-4d23-9181-fe8cfd2d1c6b,family,9225dddf-84ea-4e56-a7b4-a24ec4f5287b,Ctenolophonaceae,Plantae,Spermatopsida,https://vvtaxatree.tbn.org.tw/taxa/01b66990-bb09-4d23-9181-fe8cfd2d1c6b
166c07bf-8297-48c0-ad15-2458ac926007,family,9225dddf-84ea-4e56-a7b4-a24ec4f5287b,Bonnetiaceae,Plantae,Spermatopsida,https://vvtaxatree.tbn.org.tw/taxa/166c07bf-8297-48c0-ad15-2458ac926007
2fe0285b-bbb8-4de1-8d38-86825d1d4379,family,9225dddf-84ea-4e56-a7b4-a24ec4f5287b,Podostemaceae,Plantae,Spermatopsida,https://vvtaxatree.tbn.org.tw/taxa/2fe0285b-bbb8-4de1-8d38-86825d1d4379
cee51b13-abce-411a-a8ba-feb039208339,family,9225dddf-84ea-4e56-a7b4-a24ec4f5287b,Caryocaraceae,Plantae,Spermatopsida,https://vvtaxatree.tbn.org.tw/taxa/cee51b13-abce-411a-a8ba-feb039208339
37568856-04b0-4f5c-9f93-1069ecee212b,family,9225dddf-84ea-4e56-a7b4-a24ec4f5287b,Lophopyxidaceae,Plantae,Spermatopsida,https://vvtaxatree.tbn.org.tw/taxa/37568856-04b0-4f5c-9f93-1069ecee212b
c6c47e6e-91c5-4bd0-8cbf-a79ffe0411cb,family,9225dddf-84ea-4e56-a7b4-a24ec4f5287b,Centroplacaceae,Plantae,Spermatopsida,https://vvtaxatree.tbn.org.tw/taxa/c6c47e6e-91c5-4bd0-8cbf-a79ffe0411cb
63002326-6413-4ae5-83a6-13d9811cd175,family,9225dddf-84ea-4e56-a7b4-a24ec4f5287b,Balanopaceae,Plantae,Spermatopsida,https://vvtaxatree.tbn.org.tw/taxa/63002326-6413-4ae5-83a6-13d9811cd175
05857eb2-43e7-41d3-aeb3-f01a9f131a25,family,9225dddf-84ea-4e56-a7b4-a24ec4f5287b,Trigoniaceae,Plantae,Spermatopsida,https://vvtaxatree.tbn.org.tw/taxa/05857eb2-43e7-41d3-aeb3-f01a9f131a25
5f32dfd2-bedb-4693-9646-21a493f88b5b,family,9225dddf-84ea-4e56-a7b4-a24ec4f5287b,Dichapetalaceae,Plantae,Spermatopsida,https://vvtaxatree.tbn.org.tw/taxa/5f32dfd2-bedb-4693-9646-21a493f88b5b
18bd1d1b-d0ab-4309-bf5f-08f3a60dbd81,family,9225dddf-84ea-4e56-a7b4-a24ec4f5287b,Euphroniaceae,Plantae,Spermatopsida,https://vvtaxatree.tbn.org.tw/taxa/18bd1d1b-d0ab-4309-bf5f-08f3a60dbd81
00facceb-68cc-4a3c-bcfc-2bbab492f454,family,9225dddf-84ea-4e56-a7b4-a24ec4f5287b,Humiriaceae,Plantae,Spermatopsida,https://vvtaxatree.tbn.org.tw/taxa/00facceb-68cc-4a3c-bcfc-2bbab492f454
0508c3d0-73b5-4929-97b7-3d8012b603c7,family,9225dddf-84ea-4e56-a7b4-a24ec4f5287b,Goupiaceae,Plantae,Spermatopsida,https://vvtaxatree.tbn.org.tw/taxa/0508c3d0-73b5-4929-97b7-3d8012b603c7
30cb27e4-968e-4658-b936-1a57b5b60817,family,9225dddf-84ea-4e56-a7b4-a24ec4f5287b,Lacistemataceae,Plantae,Spermatopsida,https://vvtaxatree.tbn.org.tw/taxa/30cb27e4-968e-4658-b936-1a57b5b60817
edb7ffbb-8551-4777-80ce-1ba0108b2da4,family,9225dddf-84ea-4e56-a7b4-a24ec4f5287b,Peraceae,Plantae,Spermatopsida,https://vvtaxatree.tbn.org.tw/taxa/edb7ffbb-8551-4777-80ce-1ba0108b2da4
a42d78d0-c5c2-4be4-9c4e-d984c5580630,family,9225dddf-84ea-4e56-a7b4-a24ec4f5287b,Rafflesiaceae,Plantae,Spermatopsida,https://vvtaxatree.tbn.org.tw/taxa/a42d78d0-c5c2-4be4-9c4e-d984c5580630
4cd5fe88-12fb-4b67-8c2d-2c1fa59e9695,family,9225dddf-84ea-4e56-a7b4-a24ec4f5287b,Ixonanthaceae,Plantae,Spermatopsida,https://vvtaxatree.tbn.org.tw/taxa/4cd5fe88-12fb-4b67-8c2d-2c1fa59e9695
6370a0f5-bd53-4989-a256-7976512db0c4,family,9225dddf-84ea-4e56-a7b4-a24ec4f5287b,Picrodendraceae,Plantae,Spermatopsida,https://vvtaxatree.tbn.org.tw/taxa/6370a0f5-bd53-4989-a256-7976512db0c4
5af9d099-f7be-49aa-b897-de1dd82ac38f,family,9456c517-3ef9-434f-ba64-398b2c769de3,Francoaceae,Plantae,Spermatopsida,https://vvtaxatree.tbn.org.tw/taxa/5af9d099-f7be-49aa-b897-de1dd82ac38f
c333de6c-add1-4e34-8954-f03a1e3b8e48,family,26d2ae64-6204-4d67-acb8-981ff1d202da,Vochysiaceae,Plantae,Spermatopsida,https://vvtaxatree.tbn.org.tw/taxa/c333de6c-add1-4e34-8954-f03a1e3b8e48
abe0ecb0-6337-4950-90ce-37a13b3b70c2,family,26d2ae64-6204-4d67-acb8-981ff1d202da,Crypteroniaceae,Plantae,Spermatopsida,https://vvtaxatree.tbn.org.tw/taxa/abe0ecb0-6337-4950-90ce-37a13b3b70c2
eae13773-dc88-4972-946f-8ba62db897c9,family,26d2ae64-6204-4d67-acb8-981ff1d202da,Alzateaceae,Plantae,Spermatopsida,https://vvtaxatree.tbn.org.tw/taxa/eae13773-dc88-4972-946f-8ba62db897c9
c7e18d2c-5c37-4346-a936-fc1eaf8e90fe,family,26d2ae64-6204-4d67-acb8-981ff1d202da,Penaeaceae,Plantae,Spermatopsida,https://vvtaxatree.tbn.org.tw/taxa/c7e18d2c-5c37-4346-a936-fc1eaf8e90fe
b9f86991-1a7e-4aad-9137-9026c188f1b5,family,759ad8fd-380d-43a4-b25f-cdb37c00adce,Aphloiaceae,Plantae,Spermatopsida,https://vvtaxatree.tbn.org.tw/taxa/b9f86991-1a7e-4aad-9137-9026c188f1b5
94f08d4a-b310-486d-846f-4565d1dd55bb,family,759ad8fd-380d-43a4-b25f-cdb37c00adce,Geissolomataceae,Plantae,Spermatopsida,https://vvtaxatree.tbn.org.tw/taxa/94f08d4a-b310-486d-846f-4565d1dd55bb
9364e424-7059-4bf1-a11e-7f2a200fdada,family,759ad8fd-380d-43a4-b25f-cdb37c00adce,Strasburgeriaceae,Plantae,Spermatopsida,https://vvtaxatree.tbn.org.tw/taxa/9364e424-7059-4bf1-a11e-7f2a200fdada
a19b0a10-4e01-4ff7-865c-e8ad23edfaa4,family,759ad8fd-380d-43a4-b25f-cdb37c00adce,Guamatelaceae,Plantae,Spermatopsida,https://vvtaxatree.tbn.org.tw/taxa/a19b0a10-4e01-4ff7-865c-e8ad23edfaa4
4e7cf6bf-2831-4bcc-8fa8-32350a5bc0c0,family,759ad8fd-380d-43a4-b25f-cdb37c00adce,Crossosomataceae,Plantae,Spermatopsida,https://vvtaxatree.tbn.org.tw/taxa/4e7cf6bf-2831-4bcc-8fa8-32350a5bc0c0
92304028-d038-4639-b466-42b1b2d34164,family,35d0e9bd-3770-45f6-af67-f91c9a7a88ff,Picramniaceae,Plantae,Spermatopsida,https://vvtaxatree.tbn.org.tw/taxa/92304028-d038-4639-b466-42b1b2d34164
a1378ea5-f944-40bf-97a8-59cd6813cf18,family,2fa35d60-a198-42a7-98fd-8106acadbc26,Gerrardinaceae,Plantae,Spermatopsida,https://vvtaxatree.tbn.org.tw/taxa/a1378ea5-f944-40bf-97a8-59cd6813cf18
850929d8-c3bb-41cb-b511-2d6e99fa8a7c,family,2fa35d60-a198-42a7-98fd-8106acadbc26,Petenaeaceae,Plantae,Spermatopsida,https://vvtaxatree.tbn.org.tw/taxa/850929d8-c3bb-41cb-b511-2d6e99fa8a7c
2969ef4c-6683-4a9c-824e-07c557f614d9,family,2fa35d60-a198-42a7-98fd-8106acadbc26,Tapisciaceae,Plantae,Spermatopsida,https://vvtaxatree.tbn.org.tw/taxa/2969ef4c-6683-4a9c-824e-07c557f614d9
13a6f280-9564-4f07-ba8c-fa61080a0511,family,fa1b4098-982a-4858-a9c8-c4095cbe14b5,Biebersteiniaceae,Plantae,Spermatopsida,https://vvtaxatree.tbn.org.tw/taxa/13a6f280-9564-4f07-ba8c-fa61080a0511
595190b8-f058-45cc-9607-e660cfba3f2c,family,fa1b4098-982a-4858-a9c8-c4095cbe14b5,Nitrariaceae,Plantae,Spermatopsida,https://vvtaxatree.tbn.org.tw/taxa/595190b8-f058-45cc-9607-e660cfba3f2c
aae07797-8291-4da7-9329-70a6695d6dd4,family,fa1b4098-982a-4858-a9c8-c4095cbe14b5,Kirkiaceae,Plantae,Spermatopsida,https://vvtaxatree.tbn.org.tw/taxa/aae07797-8291-4da7-9329-70a6695d6dd4
3757fb18-6604-4e45-8051-06c794c8199c,family,e65d7035-50b7-4867-8655-355649abd179,Cytinaceae,Plantae,Spermatopsida,https://vvtaxatree.tbn.org.tw/taxa/3757fb18-6604-4e45-8051-06c794c8199c
6fb3f750-aeca-478a-9414-be0a7acc161e,family,e65d7035-50b7-4867-8655-355649abd179,Neuradaceae,Plantae,Spermatopsida,https://vvtaxatree.tbn.org.tw/taxa/6fb3f750-aeca-478a-9414-be0a7acc161e
4945b175-fc59-432e-b2fc-a6f0597e4b7e,family,e65d7035-50b7-4867-8655-355649abd179,Sphaerosepalaceae,Plantae,Spermatopsida,https://vvtaxatree.tbn.org.tw/taxa/4945b175-fc59-432e-b2fc-a6f0597e4b7e
d601cb3a-00fc-40ba-838b-8a2ba7a0bc23,family,e65d7035-50b7-4867-8655-355649abd179,Sarcolaenaceae,Plantae,Spermatopsida,https://vvtaxatree.tbn.org.tw/taxa/d601cb3a-00fc-40ba-838b-8a2ba7a0bc23
9f623852-b67e-4f0a-8b85-971217c23300,family,cb0d2b08-97fb-42ca-9ac8-d2d38ea1c83a,Limnanthaceae,Plantae,Spermatopsida,https://vvtaxatree.tbn.org.tw/taxa/9f623852-b67e-4f0a-8b85-971217c23300
114cd227-7e43-422f-b499-231762403695,family,cb0d2b08-97fb-42ca-9ac8-d2d38ea1c83a,Setchellanthaceae,Plantae,Spermatopsida,https://vvtaxatree.tbn.org.tw/taxa/114cd227-7e43-422f-b499-231762403695
656af9d8-e62f-4b33-aab9-b08c42912d1a,family,cb0d2b08-97fb-42ca-9ac8-d2d38ea1c83a,Koeberliniaceae,Plantae,Spermatopsida,https://vvtaxatree.tbn.org.tw/taxa/656af9d8-e62f-4b33-aab9-b08c42912d1a
c0a05289-db8f-4bc7-9cda-45a42303927d,family,cb0d2b08-97fb-42ca-9ac8-d2d38ea1c83a,Bataceae,Plantae,Spermatopsida,https://vvtaxatree.tbn.org.tw/taxa/c0a05289-db8f-4bc7-9cda-45a42303927d
b9d70080-f50a-4e58-949e-47b2ec5dd4b5,family,cb0d2b08-97fb-42ca-9ac8-d2d38ea1c83a,Salvadoraceae,Plantae,Spermatopsida,https://vvtaxatree.tbn.org.tw/taxa/b9d70080-f50a-4e58-949e-47b2ec5dd4b5
0e4eec14-bd31-40a8-8a75-dd4f4f4c78c5,family,cb0d2b08-97fb-42ca-9ac8-d2d38ea1c83a,Emblingiaceae,Plantae,Spermatopsida,https://vvtaxatree.tbn.org.tw/taxa/0e4eec14-bd31-40a8-8a75-dd4f4f4c78c5
4e6224f1-b6a3-48ba-ab10-c9de2c89b175,family,cb0d2b08-97fb-42ca-9ac8-d2d38ea1c83a,Pentadiplandraceae,Plantae,Spermatopsida,https://vvtaxatree.tbn.org.tw/taxa/4e6224f1-b6a3-48ba-ab10-c9de2c89b175
d22b85f8-b096-45f9-be42-04a8f2b15533,family,cb0d2b08-97fb-42ca-9ac8-d2d38ea1c83a,Gyrostemonaceae,Plantae,Spermatopsida,https://vvtaxatree.tbn.org.tw/taxa/d22b85f8-b096-45f9-be42-04a8f2b15533
e8a512a2-df46-4ff7-86c7-8601a6cba718,family,520cf167-010a-4996-b3c6-eea79bd2c347,Aextoxicaceae,Plantae,Spermatopsida,https://vvtaxatree.tbn.org.tw/taxa/e8a512a2-df46-4ff7-86c7-8601a6cba718
01df1fc2-0f8f-4cb0-be15-2ccd95f17110,family,520cf167-010a-4996-b3c6-eea79bd2c347,Berberidopsidaceae,Plantae,Spermatopsida,https://vvtaxatree.tbn.org.tw/taxa/01df1fc2-0f8f-4cb0-be15-2ccd95f17110
c74b7ce4-f56f-4352-aee6-0f7f2f52b11e,family,7aea1453-9f64-4ce3-868d-8ed09e1277bb,Misodendraceae,Plantae,Spermatopsida,https://vvtaxatree.tbn.org.tw/taxa/c74b7ce4-f56f-4352-aee6-0f7f2f52b11e
d1b021bc-f16e-4e5b-a807-335230578789,family,2c37e9b7-1ee6-44de-b93a-fdf13f0a17e1,Frankeniaceae,Plantae,Spermatopsida,https://vvtaxatree.tbn.org.tw/taxa/d1b021bc-f16e-4e5b-a807-335230578789
133a0acb-4dea-41ba-86a5-9df7745b4552,family,2c37e9b7-1ee6-44de-b93a-fdf13f0a17e1,Nepenthaceae,Plantae,Spermatopsida,https://vvtaxatree.tbn.org.tw/taxa/133a0acb-4dea-41ba-86a5-9df7745b4552
b57b4a5b-1daa-4b74-b33d-e8715a0dd0c1,family,2c37e9b7-1ee6-44de-b93a-fdf13f0a17e1,Drosophyllaceae,Plantae,Spermatopsida,https://vvtaxatree.tbn.org.tw/taxa/b57b4a5b-1daa-4b74-b33d-e8715a0dd0c1
6f371a23-eef1-4962-9c54-85260fbfb16d,family,2c37e9b7-1ee6-44de-b93a-fdf13f0a17e1,Dioncophyllaceae,Plantae,Spermatopsida,https://vvtaxatree.tbn.org.tw/taxa/6f371a23-eef1-4962-9c54-85260fbfb16d
6903d43e-cb48-49fe-83c0-86d18f0306be,family,2c37e9b7-1ee6-44de-b93a-fdf13f0a17e1,Ancistrocladaceae,Plantae,Spermatopsida,https://vvtaxatree.tbn.org.tw/taxa/6903d43e-cb48-49fe-83c0-86d18f0306be
34fa66e5-9c05-4e4f-913f-d89ded49e0c8,family,2c37e9b7-1ee6-44de-b93a-fdf13f0a17e1,Rhabdodendraceae,Plantae,Spermatopsida,https://vvtaxatree.tbn.org.tw/taxa/34fa66e5-9c05-4e4f-913f-d89ded49e0c8
8cf7cfa7-842f-412c-9aaa-b5152276d12e,family,2c37e9b7-1ee6-44de-b93a-fdf13f0a17e1,Simmondsiaceae,Plantae,Spermatopsida,https://vvtaxatree.tbn.org.tw/taxa/8cf7cfa7-842f-412c-9aaa-b5152276d12e
0180c356-0033-40bc-9b0b-239bbe9b554d,family,2c37e9b7-1ee6-44de-b93a-fdf13f0a17e1,Physenaceae,Plantae,Spermatopsida,https://vvtaxatree.tbn.org.tw/taxa/0180c356-0033-40bc-9b0b-239bbe9b554d
f8c09cc3-b567-4cce-a3b1-96ba677a941e,family,2c37e9b7-1ee6-44de-b93a-fdf13f0a17e1,Asteropeiaceae,Plantae,Spermatopsida,https://vvtaxatree.tbn.org.tw/taxa/f8c09cc3-b567-4cce-a3b1-96ba677a941e
97821b50-1d54-4491-a12d-f01d378a459d,family,2c37e9b7-1ee6-44de-b93a-fdf13f0a17e1,Macarthuriaceae,Plantae,Spermatopsida,https://vvtaxatree.tbn.org.tw/taxa/97821b50-1d54-4491-a12d-f01d378a459d
9e22497a-b4a1-49d4-98de-fbe8bc6312a5,family,2c37e9b7-1ee6-44de-b93a-fdf13f0a17e1,Microteaceae,Plantae,Spermatopsida,https://vvtaxatree.tbn.org.tw/taxa/9e22497a-b4a1-49d4-98de-fbe8bc6312a5
85b15dc8-4edb-4d6a-8b42-00aafa2c8e0b,family,2c37e9b7-1ee6-44de-b93a-fdf13f0a17e1,Achatocarpaceae,Plantae,Spermatopsida,https://vvtaxatree.tbn.org.tw/taxa/85b15dc8-4edb-4d6a-8b42-00aafa2c8e0b
ef4c87c7-b504-4657-89a6-cc10ab7306d7,family,2c37e9b7-1ee6-44de-b93a-fdf13f0a17e1,Stegnospermataceae,Plantae,Spermatopsida,https://vvtaxatree.tbn.org.tw/taxa/ef4c87c7-b504-4657-89a6-cc10ab7306d7
be8946d8-c8f8-4eb3-ad60-1b1d83ca5cd1,family,2c37e9b7-1ee6-44de-b93a-fdf13f0a17e1,Limeaceae,Plantae,Spermatopsida,https://vvtaxatree.tbn.org.tw/taxa/be8946d8-c8f8-4eb3-ad60-1b1d83ca5cd1
c677a184-2c24-4130-931c-7d376016bff4,family,2c37e9b7-1ee6-44de-b93a-fdf13f0a17e1,Lophiocarpaceae,Plantae,Spermatopsida,https://vvtaxatree.tbn.org.tw/taxa/c677a184-2c24-4130-931c-7d376016bff4
8d850ff8-21aa-41fa-b87c-a8d0a4114d4d,family,2c37e9b7-1ee6-44de-b93a-fdf13f0a17e1,Kewaceae,Plantae,Spermatopsida,https://vvtaxatree.tbn.org.tw/taxa/8d850ff8-21aa-41fa-b87c-a8d0a4114d4d
cb3397a9-7821-4f41-9b30-739849ef434b,family,2c37e9b7-1ee6-44de-b93a-fdf13f0a17e1,Barbeuiaceae,Plantae,Spermatopsida,https://vvtaxatree.tbn.org.tw/taxa/cb3397a9-7821-4f41-9b30-739849ef434b
b0a17463-329a-4eb2-9a5e-ebee662cd6d1,family,2c37e9b7-1ee6-44de-b93a-fdf13f0a17e1,Gisekiaceae,Plantae,Spermatopsida,https://vvtaxatree.tbn.org.tw/taxa/b0a17463-329a-4eb2-9a5e-ebee662cd6d1
2cb85054-51e1-4df8-ae0c-e384fb726888,family,2c37e9b7-1ee6-44de-b93a-fdf13f0a17e1,Sarcobataceae,Plantae,Spermatopsida,https://vvtaxatree.tbn.org.tw/taxa/2cb85054-51e1-4df8-ae0c-e384fb726888
426dd066-b7da-4b18-90de-665ca23e66ca,family,2c37e9b7-1ee6-44de-b93a-fdf13f0a17e1,Didiereaceae,Plantae,Spermatopsida,https://vvtaxatree.tbn.org.tw/taxa/426dd066-b7da-4b18-90de-665ca23e66ca
6196e754-516b-4e1e-b648-fd7d2b732e4c,family,2c37e9b7-1ee6-44de-b93a-fdf13f0a17e1,Halophytaceae,Plantae,Spermatopsida,https://vvtaxatree.tbn.org.tw/taxa/6196e754-516b-4e1e-b648-fd7d2b732e4c
7b202d4c-13e7-4a43-be8e-0481a11be554,family,f50056fd-8c10-4230-b2c6-144d6e648746,Hydrostachyaceae,Plantae,Spermatopsida,https://vvtaxatree.tbn.org.tw/taxa/7b202d4c-13e7-4a43-be8e-0481a11be554
e71b7c29-644f-4d86-9e8b-6224cca6625b,family,f50056fd-8c10-4230-b2c6-144d6e648746,Loasaceae,Plantae,Spermatopsida,https://vvtaxatree.tbn.org.tw/taxa/e71b7c29-644f-4d86-9e8b-6224cca6625b
ddc37140-67cc-4df6-84c9-99413e5fb6ee,family,f50056fd-8c10-4230-b2c6-144d6e648746,Curtisiaceae,Plantae,Spermatopsida,https://vvtaxatree.tbn.org.tw/taxa/ddc37140-67cc-4df6-84c9-99413e5fb6ee
242de23a-b0e9-4541-969d-fad8346fc8bb,family,f50056fd-8c10-4230-b2c6-144d6e648746,Grubbiaceae,Plantae,Spermatopsida,https://vvtaxatree.tbn.org.tw/taxa/242de23a-b0e9-4541-969d-fad8346fc8bb
35d09f02-7a20-49f2-bec8-1c084c108412,family,575d865b-7c7a-4991-84c7-9dabec98d028,Marcgraviaceae,Plantae,Spermatopsida,https://vvtaxatree.tbn.org.tw/taxa/35d09f02-7a20-49f2-bec8-1c084c108412
41a41592-0dda-49e0-ba0a-af26ab45b60e,family,575d865b-7c7a-4991-84c7-9dabec98d028,Tetrameristaceae,Plantae,Spermatopsida,https://vvtaxatree.tbn.org.tw/taxa/41a41592-0dda-49e0-ba0a-af26ab45b60e
5ebdd74f-39e3-489b-bce9-a9ac678c723e,family,575d865b-7c7a-4991-84c7-9dabec98d028,Fouquieriaceae,Plantae,Spermatopsida,https://vvtaxatree.tbn.org.tw/taxa/5ebdd74f-39e3-489b-bce9-a9ac678c723e
0e421338-2896-4c1f-8b6e-646c16458d97,family,575d865b-7c7a-4991-84c7-9dabec98d028,Roridulaceae,Plantae,Spermatopsida,https://vvtaxatree.tbn.org.tw/taxa/0e421338-2896-4c1f-8b6e-646c16458d97
e36a769c-3390-45bd-9229-7a4e30239b74,family,575d865b-7c7a-4991-84c7-9dabec98d028,Clethraceae,Plantae,Spermatopsida,https://vvtaxatree.tbn.org.tw/taxa/e36a769c-3390-45bd-9229-7a4e30239b74
a2b3abaa-cb5e-4348-a200-8c5500e088d1,family,575d865b-7c7a-4991-84c7-9dabec98d028,Cyrillaceae,Plantae,Spermatopsida,https://vvtaxatree.tbn.org.tw/taxa/a2b3abaa-cb5e-4348-a200-8c5500e088d1
de0160ea-5cee-465b-98bf-4ad379d57a4d,family,ecec58f7-2493-406c-bd68-a55d7d85221f,Metteniusaceae,Plantae,Spermatopsida,https://vvtaxatree.tbn.org.tw/taxa/de0160ea-5cee-465b-98bf-4ad379d57a4d
1ba065a2-203b-4c1d-9872-79ea3a2d7827,family,69627f28-232f-44d9-bdd8-3441ece27e3e,Eucommiaceae,Plantae,Spermatopsida,https://vvtaxatree.tbn.org.tw/taxa/1ba065a2-203b-4c1d-9872-79ea3a2d7827
7b73c75a-50b5-498a-9e7d-3481d6409cef,family,d3a8888d-5cf7-4f91-9cfc-c9a89ba86ae2,Wellstediaceae,Plantae,Spermatopsida,https://vvtaxatree.tbn.org.tw/taxa/7b73c75a-50b5-498a-9e7d-3481d6409cef
fd2b37bb-e705-4f37-a16d-0f6d8e04ab36,family,d3a8888d-5cf7-4f91-9cfc-c9a89ba86ae2,Codonaceae,Plantae,Spermatopsida,https://vvtaxatree.tbn.org.tw/taxa/fd2b37bb-e705-4f37-a16d-0f6d8e04ab36
89f875d8-c9a1-46ce-b9e1-587930a0f813,family,d3a8888d-5cf7-4f91-9cfc-c9a89ba86ae2,Hydrophyllaceae,Plantae,Spermatopsida,https://vvtaxatree.tbn.org.tw/taxa/89f875d8-c9a1-46ce-b9e1-587930a0f813
a61d1a66-8d3e-4a64-9951-738205a40c00,family,d3a8888d-5cf7-4f91-9cfc-c9a89ba86ae2,Namaceae,Plantae,Spermatopsida,https://vvtaxatree.tbn.org.tw/taxa/a61d1a66-8d3e-4a64-9951-738205a40c00
913b9b6a-31bb-4f03-8dda-2258820d65e4,family,d3a8888d-5cf7-4f91-9cfc-c9a89ba86ae2,Lennoaceae,Plantae,Spermatopsida,https://vvtaxatree.tbn.org.tw/taxa/913b9b6a-31bb-4f03-8dda-2258820d65e4
e52bb610-fb3f-490a-bd91-ff7ebeb48db8,family,d3a8888d-5cf7-4f91-9cfc-c9a89ba86ae2,Hoplestigmataceae,Plantae,Spermatopsida,https://vvtaxatree.tbn.org.tw/taxa/e52bb610-fb3f-490a-bd91-ff7ebeb48db8
7ae48123-b54e-4f23-9039-422dcbf14a4c,family,f72678b2-17dd-4f44-9c78-1f2cf848a4c7,Vahliaceae,Plantae,Spermatopsida,https://vvtaxatree.tbn.org.tw/taxa/7ae48123-b54e-4f23-9039-422dcbf14a4c
cd781ff4-f7f1-4047-81a9-6206b925e614,family,90277498-29c5-4f66-9263-9edef036b20b,Montiniaceae,Plantae,Spermatopsida,https://vvtaxatree.tbn.org.tw/taxa/cd781ff4-f7f1-4047-81a9-6206b925e614
b43176b0-0812-42a8-be42-f41f96b09881,family,1453b5fc-7694-4302-98e2-3a3538fd9444,Plocospermataceae,Plantae,Spermatopsida,https://vvtaxatree.tbn.org.tw/taxa/b43176b0-0812-42a8-be42-f41f96b09881
b1629c73-6ab0-4bb5-95bf-9a92f234935c,family,1453b5fc-7694-4302-98e2-3a3538fd9444,Carlemanniaceae,Plantae,Spermatopsida,https://vvtaxatree.tbn.org.tw/taxa/b1629c73-6ab0-4bb5-95bf-9a92f234935c
069587af-6fcc-490e-8f89-508d63a15d66,family,1453b5fc-7694-4302-98e2-3a3538fd9444,Tetrachondraceae,Plantae,Spermatopsida,https://vvtaxatree.tbn.org.tw/taxa/069587af-6fcc-490e-8f89-508d63a15d66
38a76ce6-ffac-44df-b9b8-b3e70e7d56b6,family,1453b5fc-7694-4302-98e2-3a3538fd9444,Stilbaceae,Plantae,Spermatopsida,https://vvtaxatree.tbn.org.tw/taxa/38a76ce6-ffac-44df-b9b8-b3e70e7d56b6
87802527-4f63-4c6c-afa0-7e36aaf2e102,family,1453b5fc-7694-4302-98e2-3a3538fd9444,Byblidaceae,Plantae,Spermatopsida,https://vvtaxatree.tbn.org.tw/taxa/87802527-4f63-4c6c-afa0-7e36aaf2e102
2105e15d-ceb1-4ab9-898d-1affce99a100,family,1453b5fc-7694-4302-98e2-3a3538fd9444,Martyniaceae,Plantae,Spermatopsida,https://vvtaxatree.tbn.org.tw/taxa/2105e15d-ceb1-4ab9-898d-1affce99a100
a5347d4e-535a-4a0e-adf8-697cfbce7b05,family,1453b5fc-7694-4302-98e2-3a3538fd9444,Schlegeliaceae,Plantae,Spermatopsida,https://vvtaxatree.tbn.org.tw/taxa/a5347d4e-535a-4a0e-adf8-697cfbce7b05
bce88f26-9ef8-4d6f-a1ce-0fba0acd92b7,family,1453b5fc-7694-4302-98e2-3a3538fd9444,Thomandersiaceae,Plantae,Spermatopsida,https://vvtaxatree.tbn.org.tw/taxa/bce88f26-9ef8-4d6f-a1ce-0fba0acd92b7
6436b7b6-cc06-49ab-89d2-44bee2137a0c,family,35771dd3-9b49-40bf-b3be-bcc6317c29c3,Phyllonomaceae,Plantae,Spermatopsida,https://vvtaxatree.tbn.org.tw/taxa/6436b7b6-cc06-49ab-89d2-44bee2137a0c
5dd8623c-4c08-473e-8227-574a1f5615d4,family,24e08e2d-3fb9-4700-8158-6d6dea40908b,Rousseaceae,Plantae,Spermatopsida,https://vvtaxatree.tbn.org.tw/taxa/5dd8623c-4c08-473e-8227-574a1f5615d4
3f4b84cd-7947-4a41-a4ce-8ddfbf53bc23,family,24e08e2d-3fb9-4700-8158-6d6dea40908b,Pentaphragmataceae,Plantae,Spermatopsida,https://vvtaxatree.tbn.org.tw/taxa/3f4b84cd-7947-4a41-a4ce-8ddfbf53bc23
549d1afb-3b04-47ee-8e8f-ef925c9ce21f,family,24e08e2d-3fb9-4700-8158-6d6dea40908b,Alseuosmiaceae,Plantae,Spermatopsida,https://vvtaxatree.tbn.org.tw/taxa/549d1afb-3b04-47ee-8e8f-ef925c9ce21f
429166c2-6b5c-4ace-9035-a3fe32b3d606,family,24e08e2d-3fb9-4700-8158-6d6dea40908b,Phellinaceae,Plantae,Spermatopsida,https://vvtaxatree.tbn.org.tw/taxa/429166c2-6b5c-4ace-9035-a3fe32b3d606
a94de07b-aae0-4760-a67c-9a73d92cd4a6,family,24e08e2d-3fb9-4700-8158-6d6dea40908b,Argophyllaceae,Plantae,Spermatopsida,https://vvtaxatree.tbn.org.tw/taxa/a94de07b-aae0-4760-a67c-9a73d92cd4a6
3e9e77b7-082e-4b83-bd5f-8dcc67fa768e,family,24e08e2d-3fb9-4700-8158-6d6dea40908b,Calyceraceae,Plantae,Spermatopsida,https://vvtaxatree.tbn.org.tw/taxa/3e9e77b7-082e-4b83-bd5f-8dcc67fa768e
5b1cc231-235f-4ad4-8f6b-04b8fbfaea2a,family,7de95bc3-65d0-49f5-8952-383737ee2ccc,Escalloniaceae,Plantae,Spermatopsida,https://vvtaxatree.tbn.org.tw/taxa/5b1cc231-235f-4ad4-8f6b-04b8fbfaea2a
7afff229-cc79-4f9e-b492-8f0071a381c2,family,6d6b27e9-bc51-43e4-8721-3126b3dbe50b,Bruniaceae,Plantae,Spermatopsida,https://vvtaxatree.tbn.org.tw/taxa/7afff229-cc79-4f9e-b492-8f0071a381c2
095cb660-6b63-4a5f-baad-a4f87781d010,family,ac707472-fd0b-4cd3-b126-1c83df54e512,Paracryphiaceae,Plantae,Spermatopsida,https://vvtaxatree.tbn.org.tw/taxa/095cb660-6b63-4a5f-baad-a4f87781d010
163b2732-74ae-4f64-aa54-1b764bfa26c0,family,6757b10d-70cb-4217-a8df-d0062b7e1ece,Pennantiaceae,Plantae,Spermatopsida,https://vvtaxatree.tbn.org.tw/taxa/163b2732-74ae-4f64-aa54-1b764bfa26c0
b1982df3-39bd-4820-9a89-47d1e45ee38f,family,6757b10d-70cb-4217-a8df-d0062b7e1ece,Torricelliaceae,Plantae,Spermatopsida,https://vvtaxatree.tbn.org.tw/taxa/b1982df3-39bd-4820-9a89-47d1e45ee38f
fe6088f7-9316-4c77-ac3d-37657e61fcf3,family,6757b10d-70cb-4217-a8df-d0062b7e1ece,Griseliniaceae,Plantae,Spermatopsida,https://vvtaxatree.tbn.org.tw/taxa/fe6088f7-9316-4c77-ac3d-37657e61fcf3
32f034bd-d884-4bea-bbd5-5528c45f1d80,family,6757b10d-70cb-4217-a8df-d0062b7e1ece,Myodocarpaceae,Plantae,Spermatopsida,https://vvtaxatree.tbn.org.tw/taxa/32f034bd-d884-4bea-bbd5-5528c45f1d80
97ca4c09-f0f6-497c-b964-56845d4ecc7d,phylum,017bba7b-a4d0-4367-92b6-4bd9367031d1,Labyrinthulomycota,Chromista,"",https://vvtaxatree.tbn.org.tw/taxa/97ca4c09-f0f6-497c-b964-56845d4ecc7d
e8664484-ba7a-40aa-8a25-4b714333d715,phylum,67c9ee20-61fa-46a2-a39e-6ae0f033c5a2,Myxospora,Protozoa,"",https://vvtaxatree.tbn.org.tw/taxa/e8664484-ba7a-40aa-8a25-4b714333d715
122e9445-69d8-4685-bb4b-c499c4cec709,genus,22c2384e-6e2a-43cc-aea5-5a4b024500ba,Saporlegnia,Chromista,Peronosporea,https://vvtaxatree.tbn.org.tw/taxa/122e9445-69d8-4685-bb4b-c499c4cec709
05bc11b1-ca04-46f4-b394-e69aa382c9dd,class,602bc697-4c11-43cf-aa0e-70acebd4c740,Chloromonadineae,Chromista,Chloromonadineae,https://vvtaxatree.tbn.org.tw/taxa/05bc11b1-ca04-46f4-b394-e69aa382c9dd
507db7e8-13f7-4284-b6a3-d8041dbe86e9,class,58670820-bfb0-4a45-bf8e-f2796581dc18,Zygomycetes,Fungi,Zygomycetes,https://vvtaxatree.tbn.org.tw/taxa/507db7e8-13f7-4284-b6a3-d8041dbe86e9
7eca81d5-f32a-42dd-8f76-115aa6bec06d,class,f2746330-97f2-46d7-8b3a-4c48d364dfe2,Hyphomycetes,Fungi,Hyphomycetes,https://vvtaxatree.tbn.org.tw/taxa/7eca81d5-f32a-42dd-8f76-115aa6bec06d
a4a56d3a-2941-4520-9366-e4294aa90d3e,class,2650d9fb-6193-450c-a922-4f07d90e65c6,Spizellomtces,Fungi,Spizellomtces,https://vvtaxatree.tbn.org.tw/taxa/a4a56d3a-2941-4520-9366-e4294aa90d3e
cb2dc40b-f346-4609-b484-1d5a2d84efda,order,612daf85-f317-4b13-8725-00998e6e4dcd,Aphyllophorales,Fungi,Basidiomycetes,https://vvtaxatree.tbn.org.tw/taxa/cb2dc40b-f346-4609-b484-1d5a2d84efda
8006e86d-9252-4afd-bf6e-46bcf9d14200,order,612daf85-f317-4b13-8725-00998e6e4dcd,Sclerodermatales,Fungi,Basidiomycetes,https://vvtaxatree.tbn.org.tw/taxa/8006e86d-9252-4afd-bf6e-46bcf9d14200
bf180942-04ed-4416-8c03-0bca159d3ba6,order,612daf85-f317-4b13-8725-00998e6e4dcd,Ceratobasidiales,Fungi,Basidiomycetes,https://vvtaxatree.tbn.org.tw/taxa/bf180942-04ed-4416-8c03-0bca159d3ba6
3d0b0ab5-0db1-4c64-86a2-021b9debe2b3,order,612daf85-f317-4b13-8725-00998e6e4dcd,Lycoperdales,Fungi,Basidiomycetes,https://vvtaxatree.tbn.org.tw/taxa/3d0b0ab5-0db1-4c64-86a2-021b9debe2b3
37975121-02a6-4e14-acc0-b05eeffeffdb,order,b2c07d89-fdc1-4922-9c85-0231c62a1a86,Halosphaeriales,Fungi,Sordariomycetes,https://vvtaxatree.tbn.org.tw/taxa/37975121-02a6-4e14-acc0-b05eeffeffdb
bf8a1d9a-7fb6-4e45-9b8c-0857090b9a90,order,2dc12882-e763-45e0-a423-0bb8dc1d1b29,Leotiales,Fungi,Ascomycetes,https://vvtaxatree.tbn.org.tw/taxa/bf8a1d9a-7fb6-4e45-9b8c-0857090b9a90
65c58aa0-76e1-4339-85fe-7c93955bd126,order,2dc12882-e763-45e0-a423-0bb8dc1d1b29,Caliciales,Fungi,Ascomycetes,https://vvtaxatree.tbn.org.tw/taxa/65c58aa0-76e1-4339-85fe-7c93955bd126
4591e472-9f58-42c4-ba74-609157e53218,family,e37a4671-c7f8-4bab-89fe-a7953c1e9ea4,Ganodermataceae,Fungi,Agaricomycetes,https://vvtaxatree.tbn.org.tw/taxa/4591e472-9f58-42c4-ba74-609157e53218
8ba45833-41dd-44fc-b100-6de1b5673553,genus,68593145-7b65-4ae7-bb58-0c0f01624ecd,Fuscoboletinus,Fungi,Agaricomycetes,https://vvtaxatree.tbn.org.tw/taxa/8ba45833-41dd-44fc-b100-6de1b5673553
b6ebab58-240b-4fd8-b930-22d53fb33075,family,2d464726-66fd-4d56-bf25-89ada2887cd7,Heterosporium,Fungi,Sordariomycetes,https://vvtaxatree.tbn.org.tw/taxa/b6ebab58-240b-4fd8-b930-22d53fb33075
8738e148-740e-4202-8328-d8050aec22a3,genus,04601472-21ba-41c6-b380-d62a39051892,Nomuraea,Fungi,Sordariomycetes,https://vvtaxatree.tbn.org.tw/taxa/8738e148-740e-4202-8328-d8050aec22a3
59ff2b23-786f-4ea4-ac79-f80bd375cb45,order,36f31fa3-208c-41e9-adbe-81661ee0dd27,Pristiformes,Animalia,Elasmobranchii,https://vvtaxatree.tbn.org.tw/taxa/59ff2b23-786f-4ea4-ac79-f80bd375cb45
2fd599e9-f181-4634-b8b5-af5bed833d09,family,b9b3a3b3-b8ce-4cd0-9c03-5f2dd7279f6e,Prodidomidae,Animalia,Arachnida,https://vvtaxatree.tbn.org.tw/taxa/2fd599e9-f181-4634-b8b5-af5bed833d09
aab869af-3661-47da-bf86-86f2a9220067,family,b9b3a3b3-b8ce-4cd0-9c03-5f2dd7279f6e,Urocteidae,Animalia,Arachnida,https://vvtaxatree.tbn.org.tw/taxa/aab869af-3661-47da-bf86-86f2a9220067
7f9a3059-1e19-4ca3-a1ec-0f558698f0e1,genus,01d1328d-2014-4cb3-a28d-d38635e35993,Amorphinopsis,Animalia,Demospongiae,https://vvtaxatree.tbn.org.tw/taxa/7f9a3059-1e19-4ca3-a1ec-0f558698f0e1
d4abdbc8-6d25-4b31-a652-bdce7814b99d,genus,89aaffa3-aa90-4d87-96ea-4946aada4b5e,Axinyssa,Animalia,Demospongiae,https://vvtaxatree.tbn.org.tw/taxa/d4abdbc8-6d25-4b31-a652-bdce7814b99d
a26fcc11-70bb-4a26-a4e8-598f76f9103d,genus,65109059-e9bd-4316-996a-7b08e5c14102,Higginsia,Animalia,Demospongiae,https://vvtaxatree.tbn.org.tw/taxa/a26fcc11-70bb-4a26-a4e8-598f76f9103d
de726fa3-7f2b-4171-9de5-a19c91616f96,genus,7a9b76e6-eeb0-4032-b177-94d861a244e7,Phakellia,Animalia,Demospongiae,https://vvtaxatree.tbn.org.tw/taxa/de726fa3-7f2b-4171-9de5-a19c91616f96
91d5beec-21ab-49ce-8371-2dee1ac9533f,genus,96694bca-fced-44df-915b-022ee1b54a9a,Chalinula,Animalia,Demospongiae,https://vvtaxatree.tbn.org.tw/taxa/91d5beec-21ab-49ce-8371-2dee1ac9533f
46ed0bef-923d-4c2a-86e0-5a3e2efb54da,genus,eeac95a2-f44b-4c1d-a057-bc9f04f0e6ce,Eurospongia,Animalia,Demospongiae,https://vvtaxatree.tbn.org.tw/taxa/46ed0bef-923d-4c2a-86e0-5a3e2efb54da
24958df3-eae0-4d22-b638-6bb53b95c30a,genus,c806ceb5-54a6-4ebf-9250-69256156b2f5,Hippospongia,Animalia,Demospongiae,https://vvtaxatree.tbn.org.tw/taxa/24958df3-eae0-4d22-b638-6bb53b95c30a
12218b1c-9ae9-46ad-9b58-dafeea926076,genus,f2471a5e-33e7-428e-87d5-c7a177c6fe9c,Ircinia,Animalia,Demospongiae,https://vvtaxatree.tbn.org.tw/taxa/12218b1c-9ae9-46ad-9b58-dafeea926076
dd91addf-d615-4f32-996e-59c934fefcf4,genus,e55d4195-6024-4db2-a8fa-6b7a396b3ac2,Cosella,Animalia,Arachnida,https://vvtaxatree.tbn.org.tw/taxa/dd91addf-d615-4f32-996e-59c934fefcf4
382355ef-a69a-4faa-b5ca-9ac8cb69c5fc,genus,78fb7662-f906-414b-81f9-532b41e7b3cd,Raviella,Animalia,Arachnida,https://vvtaxatree.tbn.org.tw/taxa/382355ef-a69a-4faa-b5ca-9ac8cb69c5fc
39745f24-a10a-417a-9b06-dc520b69f474,genus,4f83c9de-5701-4d27-a46a-5e1e1d115687,Anatetranychus,Animalia,Arachnida,https://vvtaxatree.tbn.org.tw/taxa/39745f24-a10a-417a-9b06-dc520b69f474
140f3e3d-2508-44d1-b301-be4e1bfd7839,genus,4f83c9de-5701-4d27-a46a-5e1e1d115687,Bakerina,Animalia,Arachnida,https://vvtaxatree.tbn.org.tw/taxa/140f3e3d-2508-44d1-b301-be4e1bfd7839
f945a7fd-03c7-4ef1-9233-1c9b38bfc064,genus,4f83c9de-5701-4d27-a46a-5e1e1d115687,Olingychus,Animalia,Arachnida,https://vvtaxatree.tbn.org.tw/taxa/f945a7fd-03c7-4ef1-9233-1c9b38bfc064
044a9145-eb4b-4f31-b746-2f082af1917d,genus,bc79fef1-6c7d-4c2f-97f0-fab2cf6dd596,Caloglyphus,Animalia,Arachnida,https://vvtaxatree.tbn.org.tw/taxa/044a9145-eb4b-4f31-b746-2f082af1917d
c97e1158-832d-428e-87b4-403782fb3dc0,genus,bc79fef1-6c7d-4c2f-97f0-fab2cf6dd596,Cologlyphus,Animalia,Arachnida,https://vvtaxatree.tbn.org.tw/taxa/c97e1158-832d-428e-87b4-403782fb3dc0
fbe8b644-44a6-4fe4-89c7-5fe120058ca5,genus,bc79fef1-6c7d-4c2f-97f0-fab2cf6dd596,Mycetosancassania,Animalia,Arachnida,https://vvtaxatree.tbn.org.tw/taxa/fbe8b644-44a6-4fe4-89c7-5fe120058ca5
764cbdcd-d58b-4afe-9a35-b5917753bbfc,genus,2e58ee28-c28b-44da-b57b-c2a6ad274cdc,Meqninia,Animalia,Arachnida,https://vvtaxatree.tbn.org.tw/taxa/764cbdcd-d58b-4afe-9a35-b5917753bbfc
36e730b4-79a1-427b-a59c-c09e91587770,genus,4ffc4c85-d5de-4848-bc7a-f1d04f9c1069,Pseudobranchiopiella,Animalia,Arachnida,https://vvtaxatree.tbn.org.tw/taxa/36e730b4-79a1-427b-a59c-c09e91587770
ff2ea52c-1d12-413f-8472-d3e347364221,genus,13ef7013-3d34-47a3-a024-3fa355fc2408,Takachihoa,Animalia,Arachnida,https://vvtaxatree.tbn.org.tw/taxa/ff2ea52c-1d12-413f-8472-d3e347364221
408eab66-9d09-469e-b995-a05bb1af0efb,genus,435fc0f3-b78a-4f89-8fa1-224b99767fda,Ctenus,Animalia,Arachnida,https://vvtaxatree.tbn.org.tw/taxa/408eab66-9d09-469e-b995-a05bb1af0efb
e68b6e2a-f1f3-4232-b070-edd3b052b471,genus,b3f048e9-86ca-4b63-b803-feb47f43d735,Faiditus,Animalia,Arachnida,https://vvtaxatree.tbn.org.tw/taxa/e68b6e2a-f1f3-4232-b070-edd3b052b471
542cc7f4-24a2-4f0f-939a-b339bafe3cc1,genus,b3f048e9-86ca-4b63-b803-feb47f43d735,Ulesanis,Animalia,Arachnida,https://vvtaxatree.tbn.org.tw/taxa/542cc7f4-24a2-4f0f-939a-b339bafe3cc1
13164382-1120-440d-8e20-876e6afa07f3,genus,b3f048e9-86ca-4b63-b803-feb47f43d735,Yaginumena,Animalia,Arachnida,https://vvtaxatree.tbn.org.tw/taxa/13164382-1120-440d-8e20-876e6afa07f3
2456884e-c099-4d4d-a01b-76f01f69f8ed,genus,2c0575f6-ddc4-4226-8edc-daab12425843,Callitrichia,Animalia,Arachnida,https://vvtaxatree.tbn.org.tw/taxa/2456884e-c099-4d4d-a01b-76f01f69f8ed
72bb4713-6919-47ab-99a3-ab280038b6c2,genus,80f61cc6-84d7-42d3-8e89-862cf9e84a69,Pseudotriaeris,Animalia,Arachnida,https://vvtaxatree.tbn.org.tw/taxa/72bb4713-6919-47ab-99a3-ab280038b6c2
7d9caae7-47e6-4a03-bbfe-c6172709b41d,genus,de67caec-407f-4c44-a2f0-e0964b63aea3,Thalassius,Animalia,Arachnida,https://vvtaxatree.tbn.org.tw/taxa/7d9caae7-47e6-4a03-bbfe-c6172709b41d
20e371ed-6d43-4407-87a7-0cdbc73be894,genus,3010c02c-73dd-447f-865a-1984c5f9e77d,Filistata,Animalia,Arachnida,https://vvtaxatree.tbn.org.tw/taxa/20e371ed-6d43-4407-87a7-0cdbc73be894
2fa10be7-79c4-4c25-8ad6-e6b3c2f5fdea,genus,521d1750-9ead-4d2a-a388-a6af9f4d5f0c,Itatsina,Animalia,Arachnida,https://vvtaxatree.tbn.org.tw/taxa/2fa10be7-79c4-4c25-8ad6-e6b3c2f5fdea
1fb11932-5562-4b5f-be20-0b551db66e17,genus,185acd9e-8ffd-4367-b8af-c1aeb55018ee,Leptoneta,Animalia,Arachnida,https://vvtaxatree.tbn.org.tw/taxa/1fb11932-5562-4b5f-be20-0b551db66e17
60f432da-39a6-4ebc-99b7-de7516ec07eb,genus,0b5bff7e-4919-474a-86cc-511a25a81113,Mysmena,Animalia,Arachnida,https://vvtaxatree.tbn.org.tw/taxa/60f432da-39a6-4ebc-99b7-de7516ec07eb
184a5dcb-1d43-4b43-9f7d-026277d51808,genus,ba56bfb6-2ea0-4149-b7a2-d42948711fd6,Otacilia,Animalia,Arachnida,https://vvtaxatree.tbn.org.tw/taxa/184a5dcb-1d43-4b43-9f7d-026277d51808
02531bda-5ccf-4287-9b3d-51f0980929bf,genus,2ac75dc1-ff58-4195-b262-543c5ed3f046,Pakawops,Animalia,Arachnida,https://vvtaxatree.tbn.org.tw/taxa/02531bda-5ccf-4287-9b3d-51f0980929bf
99c3e37c-c2bb-4766-9ec0-37592ce00827,genus,2a60c0bf-b9bf-4dd6-94d4-16725a2b71b0,Hypoaspis,Animalia,Arachnida,https://vvtaxatree.tbn.org.tw/taxa/99c3e37c-c2bb-4766-9ec0-37592ce00827
a1affe24-dcce-4dcf-b76b-9015c964daf7,genus,649a3a10-570e-433a-b53b-dcf7a5839298,Acanthyphyra,Animalia,Malacostraca,https://vvtaxatree.tbn.org.tw/taxa/a1affe24-dcce-4dcf-b76b-9015c964daf7
4cd54049-dd18-40fb-bd40-821ebaf11ff1,genus,4b8eff56-5483-4139-ba22-39e7da42fb9e,Labuanium,Animalia,Malacostraca,https://vvtaxatree.tbn.org.tw/taxa/4cd54049-dd18-40fb-bd40-821ebaf11ff1
f2f9c643-a583-4918-b0ff-5a2bc348b314,genus,c880e26a-a785-4ad5-bfb6-e0d220ab36ea,Perisesarma,Animalia,Malacostraca,https://vvtaxatree.tbn.org.tw/taxa/f2f9c643-a583-4918-b0ff-5a2bc348b314
afecca1d-ae84-43d2-a4e9-373bb71f05f2,genus,1f823286-3e82-49de-b9f8-8f921e0cd26d,Zalasius,Animalia,Malacostraca,https://vvtaxatree.tbn.org.tw/taxa/afecca1d-ae84-43d2-a4e9-373bb71f05f2
e7f82783-f8c2-461c-b09b-a7f02fdb58e6,genus,00b67187-8f87-4f21-8b77-069b1e89d20a,Paraponotocaris,Animalia,Malacostraca,https://vvtaxatree.tbn.org.tw/taxa/e7f82783-f8c2-461c-b09b-a7f02fdb58e6
f194eecd-8d8f-40f6-b764-38e579e67ca2,genus,d2b29300-1073-43dc-bb9c-d9bd088fecf3,Asthenognathus,Animalia,Malacostraca,https://vvtaxatree.tbn.org.tw/taxa/f194eecd-8d8f-40f6-b764-38e579e67ca2
be0ea4d2-16e0-446f-866a-16a115d37765,genus,9d5cec03-8339-478b-8d95-e621d122fb36,Plesioniak,Animalia,Malacostraca,https://vvtaxatree.tbn.org.tw/taxa/be0ea4d2-16e0-446f-866a-16a115d37765
854a93cb-1ea7-4d33-a4ca-602c7e12321e,genus,901ef27e-bade-442a-b7ca-f40ef0b3e4fd,Lepidophthalmus,Animalia,Malacostraca,https://vvtaxatree.tbn.org.tw/taxa/854a93cb-1ea7-4d33-a4ca-602c7e12321e
432cb083-48a5-4666-9b11-b734c1b418c0,genus,cd3053b1-48cf-44fb-aa67-f382cccdf270,Exopalaemon,Animalia,Malacostraca,https://vvtaxatree.tbn.org.tw/taxa/432cb083-48a5-4666-9b11-b734c1b418c0
237f4d65-7b21-430c-a1a7-c7cb9da67948,genus,cd3053b1-48cf-44fb-aa67-f382cccdf270,Pericilimenes,Animalia,Malacostraca,https://vvtaxatree.tbn.org.tw/taxa/237f4d65-7b21-430c-a1a7-c7cb9da67948
5dd79a54-e0c3-427b-bb1a-bd985e84999a,genus,601aac65-872d-4c20-9ebe-8d9b98b37c78,Ranilia,Animalia,Malacostraca,https://vvtaxatree.tbn.org.tw/taxa/5dd79a54-e0c3-427b-bb1a-bd985e84999a
ec9090fc-a7bd-4f3f-b82e-4c25dd544d13,genus,7a8c5697-36f8-4050-8edd-0fb8b24c5424,Chelonibia,Animalia,Thecostraca,https://vvtaxatree.tbn.org.tw/taxa/ec9090fc-a7bd-4f3f-b82e-4c25dd544d13
5f6a779d-2674-4966-acb6-3fdfbce501b9,genus,17c5e2ce-6cb9-43e9-b91b-f200b204efef,Acanthurella,Animalia,Collembola,https://vvtaxatree.tbn.org.tw/taxa/5f6a779d-2674-4966-acb6-3fdfbce501b9
e8843603-1489-4e8e-957f-7a77506676ad,genus,17c5e2ce-6cb9-43e9-b91b-f200b204efef,Aphysa,Animalia,Collembola,https://vvtaxatree.tbn.org.tw/taxa/e8843603-1489-4e8e-957f-7a77506676ad
66f6335b-4326-446a-920f-d7bf2d72a84c,genus,17c5e2ce-6cb9-43e9-b91b-f200b204efef,Paronella,Animalia,Collembola,https://vvtaxatree.tbn.org.tw/taxa/66f6335b-4326-446a-920f-d7bf2d72a84c
86d95b57-5f49-4890-adb3-441ce7fa1f31,genus,1518690f-9170-4f11-a701-33bfdcc6aa37,Dicyrtoma,Animalia,Collembola,https://vvtaxatree.tbn.org.tw/taxa/86d95b57-5f49-4890-adb3-441ce7fa1f31
94c5cfa6-718f-458a-81ef-7794e02c5be7,genus,1518690f-9170-4f11-a701-33bfdcc6aa37,Sphyrotheca,Animalia,Collembola,https://vvtaxatree.tbn.org.tw/taxa/94c5cfa6-718f-458a-81ef-7794e02c5be7
19205e7a-619c-409a-9319-c15e14ad13dc,genus,287b9847-bff7-46a0-b500-34ef34d96692,Hypogastrura,Animalia,Collembola,https://vvtaxatree.tbn.org.tw/taxa/19205e7a-619c-409a-9319-c15e14ad13dc
c9e456c8-c2c0-421b-b80d-37e6d8c10b72,genus,297315e6-b2da-4f41-8ce3-05704c8fbb90,Imparitubercula,Animalia,Collembola,https://vvtaxatree.tbn.org.tw/taxa/c9e456c8-c2c0-421b-b80d-37e6d8c10b72
32984ad8-3f50-4808-b048-35971edd5024,genus,297315e6-b2da-4f41-8ce3-05704c8fbb90,Paranura,Animalia,Collembola,https://vvtaxatree.tbn.org.tw/taxa/32984ad8-3f50-4808-b048-35971edd5024
c37f40cf-c37a-43ca-acf2-1d1f88ee77b5,genus,8d371d82-4c69-4f8f-bf6b-31e878e0dce2,Paronychiurus,Animalia,Collembola,https://vvtaxatree.tbn.org.tw/taxa/c37f40cf-c37a-43ca-acf2-1d1f88ee77b5
cca986b8-22c3-41ca-bccb-a0e33315fc1d,genus,5ced13f2-ccd9-47c3-abda-1e92f6cd173a,Asiomorpha,Animalia,Diplopoda,https://vvtaxatree.tbn.org.tw/taxa/cca986b8-22c3-41ca-bccb-a0e33315fc1d
12e7a748-d3b3-47bd-87e1-03a92559071f,genus,ebcdbf4d-2fb2-4246-805d-52a45d8b9bae,Triso,Animalia,Actinopteri,https://vvtaxatree.tbn.org.tw/taxa/12e7a748-d3b3-47bd-87e1-03a92559071f
1a0de9dc-18d8-4643-b7f3-448b5b2fc8e7,genus,0f0f2713-3ddb-4161-8357-aa5c7dc330ff,Nannobrachium,Animalia,Actinopteri,https://vvtaxatree.tbn.org.tw/taxa/1a0de9dc-18d8-4643-b7f3-448b5b2fc8e7
4eeb1d83-39f4-4f27-a614-a618924a575a,genus,caf07222-b4c2-4084-bf86-e6c48613bc84,Melophus,Animalia,Aves,https://vvtaxatree.tbn.org.tw/taxa/4eeb1d83-39f4-4f27-a614-a618924a575a
c882c07f-ae7c-4f4f-a7d0-50b23bf83395,genus,948ca01d-bab5-4698-9ab6-0dca06f66ce4,Anthropoides,Animalia,Aves,https://vvtaxatree.tbn.org.tw/taxa/c882c07f-ae7c-4f4f-a7d0-50b23bf83395
6ff49ad3-d3f1-4588-a790-1d152c6125de,genus,2578c6fe-baf3-4d08-a010-d0f72d5bd930,Zaocys,Animalia,Reptilia,https://vvtaxatree.tbn.org.tw/taxa/6ff49ad3-d3f1-4588-a790-1d152c6125de
6b376710-a5c9-4b5f-a65d-916351a42a19,genus,c6bbe326-05a2-4be7-ae0f-ea079936a8a4,Kerilia,Animalia,Reptilia,https://vvtaxatree.tbn.org.tw/taxa/6b376710-a5c9-4b5f-a65d-916351a42a19
04db26bc-36a3-4b2f-83f1-38efb8dfd339,genus,c6bbe326-05a2-4be7-ae0f-ea079936a8a4,Anguis,Animalia,Reptilia,https://vvtaxatree.tbn.org.tw/taxa/04db26bc-36a3-4b2f-83f1-38efb8dfd339
ec4551c1-44f2-45dd-9852-d4ea2af2939a,genus,c6bbe326-05a2-4be7-ae0f-ea079936a8a4,Praescutata,Animalia,Reptilia,https://vvtaxatree.tbn.org.tw/taxa/ec4551c1-44f2-45dd-9852-d4ea2af2939a
c1fba892-9465-4b5c-8f4d-19b7ff406a91,genus,21f8924e-c0b9-4610-be49-26dcb6c74c63,Ramphotyphlops,Animalia,Reptilia,https://vvtaxatree.tbn.org.tw/taxa/c1fba892-9465-4b5c-8f4d-19b7ff406a91
5ba82f2b-c606-40e3-ae77-03dbdc172cb3,genus,e304c1fc-40d9-4cd1-b1bc-e41ac7d79e5a,Eptesicus,Animalia,Mammalia,https://vvtaxatree.tbn.org.tw/taxa/5ba82f2b-c606-40e3-ae77-03dbdc172cb3
ad249698-6162-4ec1-8ee5-991a62a47af0,genus,62974fac-d38a-4a49-b8b5-25086a78adea,Bathytormus,Animalia,Bivalvia,https://vvtaxatree.tbn.org.tw/taxa/ad249698-6162-4ec1-8ee5-991a62a47af0
ee16f6ad-7bf2-4219-86fa-7ff9192e5f69,genus,5a8d02db-34a8-40af-a80e-160034ef846d,Potiarca,Animalia,Bivalvia,https://vvtaxatree.tbn.org.tw/taxa/ee16f6ad-7bf2-4219-86fa-7ff9192e5f69
3ac19897-9006-427b-ad2c-84d561dc8096,genus,fb49f8f8-e8d9-4128-a038-a3143f414c8c,Pandorella,Animalia,Bivalvia,https://vvtaxatree.tbn.org.tw/taxa/3ac19897-9006-427b-ad2c-84d561dc8096
9b3be10b-f427-4849-b100-f66b4090dd9b,genus,705dc984-8241-4f2b-bd0e-fbf942569436,Hormomya,Animalia,Bivalvia,https://vvtaxatree.tbn.org.tw/taxa/9b3be10b-f427-4849-b100-f66b4090dd9b
0c67dd15-00c9-4631-aae6-a676ec1f0d8a,genus,d38a60ff-de2b-4514-a345-a907247cf68d,Plicarcularia,Animalia,Gastropoda,https://vvtaxatree.tbn.org.tw/taxa/0c67dd15-00c9-4631-aae6-a676ec1f0d8a
15e2efe6-a205-4afb-b4e6-c4e41217f937,genus,e508efe4-448a-4d5f-8142-7cb0ac3a15eb,Micantapex,Animalia,Gastropoda,https://vvtaxatree.tbn.org.tw/taxa/15e2efe6-a205-4afb-b4e6-c4e41217f937
dd8f69dc-3f16-43c8-8a25-dd45def3bfd1,genus,945f8620-b759-4b1d-97fa-29e8e9380fe9,Pusiostoma,Animalia,Gastropoda,https://vvtaxatree.tbn.org.tw/taxa/dd8f69dc-3f16-43c8-8a25-dd45def3bfd1
c9dcd09c-d838-47b2-aa5d-9f92cf0caa4e,genus,89e557c5-bdbe-47e4-b094-2f0f1bf6bd1d,Nass,Animalia,Gastropoda,https://vvtaxatree.tbn.org.tw/taxa/c9dcd09c-d838-47b2-aa5d-9f92cf0caa4e
57eb8dcf-28a8-4a45-99d4-027366c87502,genus,025b910b-ede9-491f-816f-a4f27ce506c4,Bonellitia,Animalia,Gastropoda,https://vvtaxatree.tbn.org.tw/taxa/57eb8dcf-28a8-4a45-99d4-027366c87502
c91fdf8b-2b3c-4317-ad4b-5f5c70e1c107,genus,52196cab-28e6-41f2-aa25-05cd3975f8f5,Quoyula,Animalia,Gastropoda,https://vvtaxatree.tbn.org.tw/taxa/c91fdf8b-2b3c-4317-ad4b-5f5c70e1c107
4836d214-09c3-4e5f-9ad5-2c732581edda,genus,ff61b7f6-4d16-4a9b-9d22-5f919a29971d,Latirulus,Animalia,Gastropoda,https://vvtaxatree.tbn.org.tw/taxa/4836d214-09c3-4e5f-9ad5-2c732581edda
dc8a8abb-22b9-436d-8725-e37dd65fa474,genus,7e3bee63-e2f3-417c-a2d7-1e1bcfd64f15,Camaena,Animalia,Gastropoda,https://vvtaxatree.tbn.org.tw/taxa/dc8a8abb-22b9-436d-8725-e37dd65fa474
8035a350-feac-4d01-b976-486e3fe6ed8d,genus,507b46e4-12c2-4032-a94a-46e1a362f849,Elegantiscala,Animalia,Gastropoda,https://vvtaxatree.tbn.org.tw/taxa/8035a350-feac-4d01-b976-486e3fe6ed8d
a080a9e9-c17b-4d57-8fc7-d419e0fd6de9,genus,3c587331-c530-4440-8529-e8fdea503c42,Kurosioia,Animalia,Gastropoda,https://vvtaxatree.tbn.org.tw/taxa/a080a9e9-c17b-4d57-8fc7-d419e0fd6de9
750bcfe3-b5df-47a8-aa4f-9f42727597ed,genus,afdd4060-be47-486b-8b5d-01f901d6a2ca,Modulus,Animalia,Gastropoda,https://vvtaxatree.tbn.org.tw/taxa/750bcfe3-b5df-47a8-aa4f-9f42727597ed
149ccc24-97d7-4b84-9694-1ffc055a14de,genus,8642349f-1d07-4257-a5ba-a7d4c82400c8,Liotina,Animalia,Gastropoda,https://vvtaxatree.tbn.org.tw/taxa/149ccc24-97d7-4b84-9694-1ffc055a14de
f7babfd0-fa79-4d92-941f-ad1d598ac828,genus,46397751-1043-47ed-b195-c69cf61dbcea,Scolymia,Animalia,Hexacorallia,https://vvtaxatree.tbn.org.tw/taxa/f7babfd0-fa79-4d92-941f-ad1d598ac828
aa4db525-a5f4-4988-8515-1aaa73abd4d6,genus,46397751-1043-47ed-b195-c69cf61dbcea,Symphyllia,Animalia,Hexacorallia,https://vvtaxatree.tbn.org.tw/taxa/aa4db525-a5f4-4988-8515-1aaa73abd4d6
1f298ccc-c52b-442d-8a6f-936b47b096b0,genus,be88ba59-a8c6-44d8-8397-29f45185e24e,Berbyce,Animalia,Octocorallia,https://vvtaxatree.tbn.org.tw/taxa/1f298ccc-c52b-442d-8a6f-936b47b096b0
ca178e30-5786-4a07-aa6d-265cd577907a,genus,e3cd69ac-e803-4286-8ee8-1c6eb5b5fde2,Alcyonium,Animalia,Octocorallia,https://vvtaxatree.tbn.org.tw/taxa/ca178e30-5786-4a07-aa6d-265cd577907a
87944f9b-2911-45fb-874e-5cec688bfe6f,genus,edacd0d9-0353-482c-8a4e-c4982730de6f,Cavernularia,Animalia,Octocorallia,https://vvtaxatree.tbn.org.tw/taxa/87944f9b-2911-45fb-874e-5cec688bfe6f
4dce41e2-4922-4c82-8fd6-7615f3a82b5d,genus,80e79795-865c-4541-ae1d-e095978afd0e,Aquilonastra,Animalia,Asteroidea,https://vvtaxatree.tbn.org.tw/taxa/4dce41e2-4922-4c82-8fd6-7615f3a82b5d
7eaa5e41-5106-490e-8d62-5fad910ce717,genus,1c76b285-b25f-48d0-85ed-7590bdb1fdef,Anthocidaris,Animalia,Echinoidea,https://vvtaxatree.tbn.org.tw/taxa/7eaa5e41-5106-490e-8d62-5fad910ce717
e3d56a5e-b10d-4b08-937a-ea5cc9597673,genus,fa8e9218-f3ba-4ee5-b329-3d049de14d64,Vampirolrpis,Animalia,Neoophora,https://vvtaxatree.tbn.org.tw/taxa/e3d56a5e-b10d-4b08-937a-ea5cc9597673
beedb598-055a-4580-85fb-4a3a605b4ca4,genus,372f10cf-3ad6-474c-883a-3b9303051488,Paeoniella,Animalia,Neoophora,https://vvtaxatree.tbn.org.tw/taxa/beedb598-055a-4580-85fb-4a3a605b4ca4
e249543f-86ab-4af7-a2b6-1d9416543aa1,genus,9b614029-f3df-449d-9f8d-3e676d68c1a2,Notholca,Animalia,Eurotatoria,https://vvtaxatree.tbn.org.tw/taxa/e249543f-86ab-4af7-a2b6-1d9416543aa1
2c67adba-2378-4957-8646-202998f2b1ce,genus,50b57b00-feb1-4d76-96a5-e815e28d643b,Notommata,Animalia,Eurotatoria,https://vvtaxatree.tbn.org.tw/taxa/2c67adba-2378-4957-8646-202998f2b1ce
62511a2e-af09-431f-b052-0562eb8dba39,genus,50b57b00-feb1-4d76-96a5-e815e28d643b,Proales,Animalia,Eurotatoria,https://vvtaxatree.tbn.org.tw/taxa/62511a2e-af09-431f-b052-0562eb8dba39
8d598da9-410b-43db-8272-fcb4cadc63a9,genus,20d688cc-2401-47bc-84f0-72c3b93b4bc6,Cillenus,Animalia,Insecta,https://vvtaxatree.tbn.org.tw/taxa/8d598da9-410b-43db-8272-fcb4cadc63a9
fe972af8-4779-4783-9a27-142863d37da0,genus,20d688cc-2401-47bc-84f0-72c3b93b4bc6,Myriochile,Animalia,Insecta,https://vvtaxatree.tbn.org.tw/taxa/fe972af8-4779-4783-9a27-142863d37da0
5d74ed95-0822-4754-a92a-a230a9fbd0f8,genus,dad87138-508d-42bc-9c1b-6738c2d8a854,Csikia,Animalia,Insecta,https://vvtaxatree.tbn.org.tw/taxa/5d74ed95-0822-4754-a92a-a230a9fbd0f8
abdfc271-5dcd-40f1-8105-4624339e32af,genus,f6eb6f71-6c39-40a2-bdb6-341ec90ea95f,Agoniella,Animalia,Insecta,https://vvtaxatree.tbn.org.tw/taxa/abdfc271-5dcd-40f1-8105-4624339e32af
2d36e5e6-c69c-4ab1-90e7-108e64745f4e,genus,f6eb6f71-6c39-40a2-bdb6-341ec90ea95f,Atrachya,Animalia,Insecta,https://vvtaxatree.tbn.org.tw/taxa/2d36e5e6-c69c-4ab1-90e7-108e64745f4e
fa77426a-f559-418a-9fe1-0b188c35e236,genus,f6eb6f71-6c39-40a2-bdb6-341ec90ea95f,Chlisolina,Animalia,Insecta,https://vvtaxatree.tbn.org.tw/taxa/fa77426a-f559-418a-9fe1-0b188c35e236
e85b0056-8b3d-4e2b-b82a-196bbff20b74,genus,f6eb6f71-6c39-40a2-bdb6-341ec90ea95f,Horaia,Animalia,Insecta,https://vvtaxatree.tbn.org.tw/taxa/e85b0056-8b3d-4e2b-b82a-196bbff20b74
a31d0361-9b93-4853-91fc-b9213e7c021a,genus,f6eb6f71-6c39-40a2-bdb6-341ec90ea95f,Paraluperodes,Animalia,Insecta,https://vvtaxatree.tbn.org.tw/taxa/a31d0361-9b93-4853-91fc-b9213e7c021a
16ce8bcd-6d85-4880-8a5f-e06ccfb7f931,genus,f6eb6f71-6c39-40a2-bdb6-341ec90ea95f,Phyllodecta,Animalia,Insecta,https://vvtaxatree.tbn.org.tw/taxa/16ce8bcd-6d85-4880-8a5f-e06ccfb7f931
58a83e0d-cc94-493f-909c-271b9c94db13,genus,f6eb6f71-6c39-40a2-bdb6-341ec90ea95f,Proegmana,Animalia,Insecta,https://vvtaxatree.tbn.org.tw/taxa/58a83e0d-cc94-493f-909c-271b9c94db13
5e864dbf-67f8-45e4-822d-b3390cce301d,genus,f6eb6f71-6c39-40a2-bdb6-341ec90ea95f,Saperoderma,Animalia,Insecta,https://vvtaxatree.tbn.org.tw/taxa/5e864dbf-67f8-45e4-822d-b3390cce301d
a80ed9b3-fa9f-448d-9431-26213a1b81ef,genus,f6eb6f71-6c39-40a2-bdb6-341ec90ea95f,Siemssenius,Animalia,Insecta,https://vvtaxatree.tbn.org.tw/taxa/a80ed9b3-fa9f-448d-9431-26213a1b81ef
da30d66e-4c22-4028-9b61-86d87dbb32bc,genus,f6eb6f71-6c39-40a2-bdb6-341ec90ea95f,Trachyphthona,Animalia,Insecta,https://vvtaxatree.tbn.org.tw/taxa/da30d66e-4c22-4028-9b61-86d87dbb32bc
77df16c3-078c-4f51-8e02-5713002d060d,genus,24b91207-b311-4ad0-b72a-6cedfeabcfce,Sympeizomias,Animalia,Insecta,https://vvtaxatree.tbn.org.tw/taxa/77df16c3-078c-4f51-8e02-5713002d060d
4bf769a8-66d2-46d7-85ad-f1d7ce150054,genus,8869f7eb-5e7e-4aba-87c0-df7af433de80,Hayashi,Animalia,Insecta,https://vvtaxatree.tbn.org.tw/taxa/4bf769a8-66d2-46d7-85ad-f1d7ce150054
d47e1bcf-757d-400e-93da-584e31784f32,genus,8869f7eb-5e7e-4aba-87c0-df7af433de80,Metopoplectus,Animalia,Insecta,https://vvtaxatree.tbn.org.tw/taxa/d47e1bcf-757d-400e-93da-584e31784f32
c8d07d30-7bfa-48de-a5e4-04d1e1bd26f4,genus,8869f7eb-5e7e-4aba-87c0-df7af433de80,Parandra,Animalia,Insecta,https://vvtaxatree.tbn.org.tw/taxa/c8d07d30-7bfa-48de-a5e4-04d1e1bd26f4
d9faddfb-d1ed-446a-b794-d4f99d096d84,genus,8869f7eb-5e7e-4aba-87c0-df7af433de80,Pedostrangalia,Animalia,Insecta,https://vvtaxatree.tbn.org.tw/taxa/d9faddfb-d1ed-446a-b794-d4f99d096d84
61757c9b-eaef-4ce8-84cb-f7f8a99552b6,genus,8869f7eb-5e7e-4aba-87c0-df7af433de80,Pseudokamikiria,Animalia,Insecta,https://vvtaxatree.tbn.org.tw/taxa/61757c9b-eaef-4ce8-84cb-f7f8a99552b6
499611c3-0268-44b5-bd6e-0377a23d9874,genus,8869f7eb-5e7e-4aba-87c0-df7af433de80,Pyrocalymma,Animalia,Insecta,https://vvtaxatree.tbn.org.tw/taxa/499611c3-0268-44b5-bd6e-0377a23d9874
a51d72e4-1bed-43f9-8705-dc1aeb9c4cb4,genus,8869f7eb-5e7e-4aba-87c0-df7af433de80,Rhytiphora,Animalia,Insecta,https://vvtaxatree.tbn.org.tw/taxa/a51d72e4-1bed-43f9-8705-dc1aeb9c4cb4
21e9a521-3876-4ebc-9702-e08806e2d743,genus,8869f7eb-5e7e-4aba-87c0-df7af433de80,Rondonia,Animalia,Insecta,https://vvtaxatree.tbn.org.tw/taxa/21e9a521-3876-4ebc-9702-e08806e2d743
cb674637-51a6-47ce-816a-6201bbc24048,genus,8869f7eb-5e7e-4aba-87c0-df7af433de80,Sybra,Animalia,Insecta,https://vvtaxatree.tbn.org.tw/taxa/cb674637-51a6-47ce-816a-6201bbc24048
c71e4c49-439f-44ff-a4b0-edf58dc4c83f,genus,8869f7eb-5e7e-4aba-87c0-df7af433de80,Priotyrranus,Animalia,Insecta,https://vvtaxatree.tbn.org.tw/taxa/c71e4c49-439f-44ff-a4b0-edf58dc4c83f
54533366-202b-45a7-b265-c81970e3984a,genus,997a0e83-3bf6-4cba-b79c-92cd9d3ad761,Emmelostiba,Animalia,Insecta,https://vvtaxatree.tbn.org.tw/taxa/54533366-202b-45a7-b265-c81970e3984a
7ede458b-43a9-49f3-aa9d-4b34d47bc543,genus,997a0e83-3bf6-4cba-b79c-92cd9d3ad761,Geostibida,Animalia,Insecta,https://vvtaxatree.tbn.org.tw/taxa/7ede458b-43a9-49f3-aa9d-4b34d47bc543
b3a65aa6-d2ec-4d40-b93d-50278931db53,genus,997a0e83-3bf6-4cba-b79c-92cd9d3ad761,Hybrdolinus,Animalia,Insecta,https://vvtaxatree.tbn.org.tw/taxa/b3a65aa6-d2ec-4d40-b93d-50278931db53
68b088a3-526f-47f7-969f-5263f7a6d7e5,genus,997a0e83-3bf6-4cba-b79c-92cd9d3ad761,Ocyusa,Animalia,Insecta,https://vvtaxatree.tbn.org.tw/taxa/68b088a3-526f-47f7-969f-5263f7a6d7e5
b200a6ef-3bf7-41f3-b3f7-7f8f91a367c2,genus,997a0e83-3bf6-4cba-b79c-92cd9d3ad761,Oligota,Animalia,Insecta,https://vvtaxatree.tbn.org.tw/taxa/b200a6ef-3bf7-41f3-b3f7-7f8f91a367c2
494aa962-e5a5-4f72-8821-c4af8a795fec,genus,997a0e83-3bf6-4cba-b79c-92cd9d3ad761,Parapimela,Animalia,Insecta,https://vvtaxatree.tbn.org.tw/taxa/494aa962-e5a5-4f72-8821-c4af8a795fec
aed5d5c8-06a9-4377-bc57-8573fd2750a8,genus,997a0e83-3bf6-4cba-b79c-92cd9d3ad761,Phytosus,Animalia,Insecta,https://vvtaxatree.tbn.org.tw/taxa/aed5d5c8-06a9-4377-bc57-8573fd2750a8
e1c8d0bc-7eb1-4f29-a7da-c1da16c036ff,genus,997a0e83-3bf6-4cba-b79c-92cd9d3ad761,Plagiusa,Animalia,Insecta,https://vvtaxatree.tbn.org.tw/taxa/e1c8d0bc-7eb1-4f29-a7da-c1da16c036ff
644510aa-6505-43e8-a69a-098147a6507e,genus,997a0e83-3bf6-4cba-b79c-92cd9d3ad761,Platyprosops,Animalia,Insecta,https://vvtaxatree.tbn.org.tw/taxa/644510aa-6505-43e8-a69a-098147a6507e
5e61dd1b-d6c7-4ba6-a254-5a7ba3a75c38,genus,5f91a112-50cd-4ab9-aa73-f3fbeb28a909,Drepanocerus,Animalia,Insecta,https://vvtaxatree.tbn.org.tw/taxa/5e61dd1b-d6c7-4ba6-a254-5a7ba3a75c38
70e9e210-e87a-4853-9ecc-720650542b9a,genus,5f91a112-50cd-4ab9-aa73-f3fbeb28a909,Psammobius,Animalia,Insecta,https://vvtaxatree.tbn.org.tw/taxa/70e9e210-e87a-4853-9ecc-720650542b9a
a30158e2-909e-479c-a4c8-890c7cde98e1,genus,fb51311c-86d9-4413-99db-30dc284f4f9a,Librodor,Animalia,Insecta,https://vvtaxatree.tbn.org.tw/taxa/a30158e2-909e-479c-a4c8-890c7cde98e1
8befe1a3-d337-417b-813d-23d3f69895e9,genus,cad4f1b5-ecbb-46c3-9552-b7978fbe20d3,Herophydrus,Animalia,Insecta,https://vvtaxatree.tbn.org.tw/taxa/8befe1a3-d337-417b-813d-23d3f69895e9
625b0afc-7308-4aba-a891-2741dd2ad896,genus,21a0682b-16ad-47a3-a71c-e75d7d0d9628,Chasmogenus,Animalia,Insecta,https://vvtaxatree.tbn.org.tw/taxa/625b0afc-7308-4aba-a891-2741dd2ad896
5ea6c0f7-476b-45ce-9983-bfc6db2460c8,genus,e32d6b97-f907-496e-b87c-7d5f69576083,Ovalisia,Animalia,Insecta,https://vvtaxatree.tbn.org.tw/taxa/5ea6c0f7-476b-45ce-9983-bfc6db2460c8
d5878c6a-7df3-4c21-a7a8-7c9ccf1630c2,genus,501d2a29-e0a6-442f-811e-74ec9be70f50,Tomarus,Animalia,Insecta,https://vvtaxatree.tbn.org.tw/taxa/d5878c6a-7df3-4c21-a7a8-7c9ccf1630c2
fdeee5b3-4a3b-484c-ad7f-76aa1b66fb73,genus,fca549ac-c047-4a23-aaef-3796bcaa781d,Inopeplus,Animalia,Insecta,https://vvtaxatree.tbn.org.tw/taxa/fdeee5b3-4a3b-484c-ad7f-76aa1b66fb73
40244c2b-843d-48a2-9360-f8ee5a58a1e4,genus,0356df35-b8a6-4848-a6ff-16716730cdbb,Limnubius,Animalia,Insecta,https://vvtaxatree.tbn.org.tw/taxa/40244c2b-843d-48a2-9360-f8ee5a58a1e4
872c29bb-b1f8-48d9-b40a-1836cb72b1c1,genus,f1b3fb3e-7241-4db8-82ba-eb47c663330e,Anthyria,Animalia,Insecta,https://vvtaxatree.tbn.org.tw/taxa/872c29bb-b1f8-48d9-b40a-1836cb72b1c1
dbf9ae9e-fe45-41d5-aa63-dce89a1942b7,genus,f1b3fb3e-7241-4db8-82ba-eb47c663330e,Crypsicometa,Animalia,Insecta,https://vvtaxatree.tbn.org.tw/taxa/dbf9ae9e-fe45-41d5-aa63-dce89a1942b7
94063288-5623-4cd7-8ca0-29aef16ebd87,genus,f1b3fb3e-7241-4db8-82ba-eb47c663330e,Eucosmabraxas,Animalia,Insecta,https://vvtaxatree.tbn.org.tw/taxa/94063288-5623-4cd7-8ca0-29aef16ebd87
019bd86b-4cae-4a49-a4f1-32073aacc475,genus,f1b3fb3e-7241-4db8-82ba-eb47c663330e,Microcalcarifera,Animalia,Insecta,https://vvtaxatree.tbn.org.tw/taxa/019bd86b-4cae-4a49-a4f1-32073aacc475
0c3971f1-5e0f-4f4b-b31c-2126d9a6f8ed,genus,f1b3fb3e-7241-4db8-82ba-eb47c663330e,Nipponogelasma,Animalia,Insecta,https://vvtaxatree.tbn.org.tw/taxa/0c3971f1-5e0f-4f4b-b31c-2126d9a6f8ed
90fbc24b-ce7e-4ff2-8f31-e2456541078c,genus,f1b3fb3e-7241-4db8-82ba-eb47c663330e,Vindusara,Animalia,Insecta,https://vvtaxatree.tbn.org.tw/taxa/90fbc24b-ce7e-4ff2-8f31-e2456541078c
655f42e7-12a1-48f8-b748-a61550cb33dd,genus,f1b3fb3e-7241-4db8-82ba-eb47c663330e,Zanclopera,Animalia,Insecta,https://vvtaxatree.tbn.org.tw/taxa/655f42e7-12a1-48f8-b748-a61550cb33dd
d0d240cb-b1d8-4fed-9eec-b34ba74525b0,genus,f1b3fb3e-7241-4db8-82ba-eb47c663330e,Genusa,Animalia,Insecta,https://vvtaxatree.tbn.org.tw/taxa/d0d240cb-b1d8-4fed-9eec-b34ba74525b0
d6ae8886-328d-41b4-ad35-92c37b3b26a2,genus,92504495-67e8-42e8-bb76-26cd5b0826f2,Albocosta,Animalia,Insecta,https://vvtaxatree.tbn.org.tw/taxa/d6ae8886-328d-41b4-ad35-92c37b3b26a2
fc5912a3-7807-4558-b0c0-b913b97ae8f2,genus,92504495-67e8-42e8-bb76-26cd5b0826f2,Anomis,Animalia,Insecta,https://vvtaxatree.tbn.org.tw/taxa/fc5912a3-7807-4558-b0c0-b913b97ae8f2
b7294f65-8b02-42cd-90e6-d24c7a388a36,genus,92504495-67e8-42e8-bb76-26cd5b0826f2,Bryophilina,Animalia,Insecta,https://vvtaxatree.tbn.org.tw/taxa/b7294f65-8b02-42cd-90e6-d24c7a388a36
becbbc86-298c-43ad-907f-1a1a12f1989f,genus,92504495-67e8-42e8-bb76-26cd5b0826f2,Himalistra,Animalia,Insecta,https://vvtaxatree.tbn.org.tw/taxa/becbbc86-298c-43ad-907f-1a1a12f1989f
3d178829-fc37-4236-9dea-7866f267ff71,genus,92504495-67e8-42e8-bb76-26cd5b0826f2,Leucocosmia,Animalia,Insecta,https://vvtaxatree.tbn.org.tw/taxa/3d178829-fc37-4236-9dea-7866f267ff71
1187f8c9-d2ec-4bf4-a4ad-07ba669ae3f5,genus,92504495-67e8-42e8-bb76-26cd5b0826f2,Ochropleura,Animalia,Insecta,https://vvtaxatree.tbn.org.tw/taxa/1187f8c9-d2ec-4bf4-a4ad-07ba669ae3f5
ce9e335b-989a-4201-8ad7-afcd989ff3a8,genus,92504495-67e8-42e8-bb76-26cd5b0826f2,Ozarna,Animalia,Insecta,https://vvtaxatree.tbn.org.tw/taxa/ce9e335b-989a-4201-8ad7-afcd989ff3a8
b484fba1-0f86-4e21-8ae9-e327f3367f11,genus,92504495-67e8-42e8-bb76-26cd5b0826f2,Perigea,Animalia,Insecta,https://vvtaxatree.tbn.org.tw/taxa/b484fba1-0f86-4e21-8ae9-e327f3367f11
b2443093-5069-46a3-8634-859e2ade6786,genus,92504495-67e8-42e8-bb76-26cd5b0826f2,Xanthoptera,Animalia,Insecta,https://vvtaxatree.tbn.org.tw/taxa/b2443093-5069-46a3-8634-859e2ade6786
7f7177f7-357a-40bd-b5d1-a8f1a9588a41,genus,50583e36-4bb6-46ee-a6a6-ab5b65fbcf10,Acroclita,Animalia,Insecta,https://vvtaxatree.tbn.org.tw/taxa/7f7177f7-357a-40bd-b5d1-a8f1a9588a41
90863793-0b8c-4143-8e74-c8b8ac94258f,genus,50583e36-4bb6-46ee-a6a6-ab5b65fbcf10,Celypha,Animalia,Insecta,https://vvtaxatree.tbn.org.tw/taxa/90863793-0b8c-4143-8e74-c8b8ac94258f
09ad97fc-8cdf-4c87-ad0e-2758c0ad3136,genus,50583e36-4bb6-46ee-a6a6-ab5b65fbcf10,Eucoenogenes,Animalia,Insecta,https://vvtaxatree.tbn.org.tw/taxa/09ad97fc-8cdf-4c87-ad0e-2758c0ad3136
080d79c5-f1c9-4b60-9b71-13d0a56da73f,genus,50583e36-4bb6-46ee-a6a6-ab5b65fbcf10,Hilarographa,Animalia,Insecta,https://vvtaxatree.tbn.org.tw/taxa/080d79c5-f1c9-4b60-9b71-13d0a56da73f
a32e83fc-fe6f-46ad-93b5-ff9ae26a781c,genus,50583e36-4bb6-46ee-a6a6-ab5b65fbcf10,Hoshinoa,Animalia,Insecta,https://vvtaxatree.tbn.org.tw/taxa/a32e83fc-fe6f-46ad-93b5-ff9ae26a781c
f42ea8eb-e578-495d-84de-65d150e4fcd8,genus,50583e36-4bb6-46ee-a6a6-ab5b65fbcf10,Neohermenias,Animalia,Insecta,https://vvtaxatree.tbn.org.tw/taxa/f42ea8eb-e578-495d-84de-65d150e4fcd8
016898ef-62a7-473e-b6c5-146f62bbef21,genus,50583e36-4bb6-46ee-a6a6-ab5b65fbcf10,Parepisimia,Animalia,Insecta,https://vvtaxatree.tbn.org.tw/taxa/016898ef-62a7-473e-b6c5-146f62bbef21
2b2ae2e1-8a59-49d6-9ab4-d6dc4341d110,genus,50583e36-4bb6-46ee-a6a6-ab5b65fbcf10,Spilonota,Animalia,Insecta,https://vvtaxatree.tbn.org.tw/taxa/2b2ae2e1-8a59-49d6-9ab4-d6dc4341d110
e9d79a4e-5c83-4645-b43a-fea4143cd25d,genus,00ba932c-6b0d-4e1c-bba3-07cbf0f8b47f,Argyractia,Animalia,Insecta,https://vvtaxatree.tbn.org.tw/taxa/e9d79a4e-5c83-4645-b43a-fea4143cd25d
d363439c-3495-4823-ba2d-9bf328169069,genus,00ba932c-6b0d-4e1c-bba3-07cbf0f8b47f,Bomolocha,Animalia,Insecta,https://vvtaxatree.tbn.org.tw/taxa/d363439c-3495-4823-ba2d-9bf328169069
2f509511-4640-4f6c-84b7-85d9d3ebb7d4,genus,00ba932c-6b0d-4e1c-bba3-07cbf0f8b47f,Borsippa,Animalia,Insecta,https://vvtaxatree.tbn.org.tw/taxa/2f509511-4640-4f6c-84b7-85d9d3ebb7d4
f70cffcd-41a6-4d24-bf7f-586906696c0a,genus,00ba932c-6b0d-4e1c-bba3-07cbf0f8b47f,Capnodes,Animalia,Insecta,https://vvtaxatree.tbn.org.tw/taxa/f70cffcd-41a6-4d24-bf7f-586906696c0a
b4c66320-4d47-47e9-b9b9-5d8203d29739,genus,00ba932c-6b0d-4e1c-bba3-07cbf0f8b47f,Catoblemma,Animalia,Insecta,https://vvtaxatree.tbn.org.tw/taxa/b4c66320-4d47-47e9-b9b9-5d8203d29739
87dcd00c-bb82-4d44-a064-2e9a44b9e295,genus,00ba932c-6b0d-4e1c-bba3-07cbf0f8b47f,Dasychira,Animalia,Insecta,https://vvtaxatree.tbn.org.tw/taxa/87dcd00c-bb82-4d44-a064-2e9a44b9e295
6be2c072-6972-41df-9aea-03a224239696,genus,00ba932c-6b0d-4e1c-bba3-07cbf0f8b47f,Eclipsea,Animalia,Insecta,https://vvtaxatree.tbn.org.tw/taxa/6be2c072-6972-41df-9aea-03a224239696
576d06f0-76b1-45be-ab1f-5e6297324904,genus,00ba932c-6b0d-4e1c-bba3-07cbf0f8b47f,Neasura,Animalia,Insecta,https://vvtaxatree.tbn.org.tw/taxa/576d06f0-76b1-45be-ab1f-5e6297324904
dbad9c3e-d83d-4702-88f6-8201d5893c6a,genus,00ba932c-6b0d-4e1c-bba3-07cbf0f8b47f,Neasuroides,Animalia,Insecta,https://vvtaxatree.tbn.org.tw/taxa/dbad9c3e-d83d-4702-88f6-8201d5893c6a
683eadd1-adfc-401e-b8a4-7940c3176fb0,genus,00ba932c-6b0d-4e1c-bba3-07cbf0f8b47f,Neochiera,Animalia,Insecta,https://vvtaxatree.tbn.org.tw/taxa/683eadd1-adfc-401e-b8a4-7940c3176fb0
5d7a9d15-dd87-480d-bdb3-22469494f75c,genus,00ba932c-6b0d-4e1c-bba3-07cbf0f8b47f,Parasiccia,Animalia,Insecta,https://vvtaxatree.tbn.org.tw/taxa/5d7a9d15-dd87-480d-bdb3-22469494f75c
d0819e16-bf5d-47b0-87ed-53265f76b5f5,genus,00ba932c-6b0d-4e1c-bba3-07cbf0f8b47f,Sarcopteron,Animalia,Insecta,https://vvtaxatree.tbn.org.tw/taxa/d0819e16-bf5d-47b0-87ed-53265f76b5f5
3beae324-c7b8-427a-8145-4740883163fa,genus,00ba932c-6b0d-4e1c-bba3-07cbf0f8b47f,Topomesoides,Animalia,Insecta,https://vvtaxatree.tbn.org.tw/taxa/3beae324-c7b8-427a-8145-4740883163fa
bf57f891-cf41-4c51-8d68-000851cfa233,genus,308a4096-5003-40bf-8f51-85a18e57bdb1,Balataea,Animalia,Insecta,https://vvtaxatree.tbn.org.tw/taxa/bf57f891-cf41-4c51-8d68-000851cfa233
cb412121-2185-419a-b396-490b27bb01e5,genus,308a4096-5003-40bf-8f51-85a18e57bdb1,Fuscartona,Animalia,Insecta,https://vvtaxatree.tbn.org.tw/taxa/cb412121-2185-419a-b396-490b27bb01e5
8cb8c248-e3ae-436f-8255-9083e6c40e4a,genus,308a4096-5003-40bf-8f51-85a18e57bdb1,Hysteroscene,Animalia,Insecta,https://vvtaxatree.tbn.org.tw/taxa/8cb8c248-e3ae-436f-8255-9083e6c40e4a
7a45fabe-6a44-4f40-98be-a3efa6086a6e,genus,308a4096-5003-40bf-8f51-85a18e57bdb1,Pollanista,Animalia,Insecta,https://vvtaxatree.tbn.org.tw/taxa/7a45fabe-6a44-4f40-98be-a3efa6086a6e
b3e6522d-34cc-46f4-9776-b5bd5627e04e,genus,90e2cd58-9d9a-44b4-903b-e121d7fc327b,Apomyelois,Animalia,Insecta,https://vvtaxatree.tbn.org.tw/taxa/b3e6522d-34cc-46f4-9776-b5bd5627e04e
24d9fab1-9db5-4b06-bb6f-dd78854589d8,genus,90e2cd58-9d9a-44b4-903b-e121d7fc327b,Comorta,Animalia,Insecta,https://vvtaxatree.tbn.org.tw/taxa/24d9fab1-9db5-4b06-bb6f-dd78854589d8
b969a74f-3018-46e7-ba5d-7f5bd97aae29,genus,90e2cd58-9d9a-44b4-903b-e121d7fc327b,Critonia,Animalia,Insecta,https://vvtaxatree.tbn.org.tw/taxa/b969a74f-3018-46e7-ba5d-7f5bd97aae29
07a9a424-bec7-4d00-8943-8d8568d68e30,genus,90e2cd58-9d9a-44b4-903b-e121d7fc327b,Jocara,Animalia,Insecta,https://vvtaxatree.tbn.org.tw/taxa/07a9a424-bec7-4d00-8943-8d8568d68e30
5b496975-7fb0-45b5-9bda-745e113f9def,genus,90e2cd58-9d9a-44b4-903b-e121d7fc327b,Paracme,Animalia,Insecta,https://vvtaxatree.tbn.org.tw/taxa/5b496975-7fb0-45b5-9bda-745e113f9def
717a5c1f-c336-448e-8ba0-1538ab3dbd74,genus,90e2cd58-9d9a-44b4-903b-e121d7fc327b,Poujadia,Animalia,Insecta,https://vvtaxatree.tbn.org.tw/taxa/717a5c1f-c336-448e-8ba0-1538ab3dbd74
3df81663-6400-4eb0-838b-a3e55f0aebcd,genus,e2ddf8e5-2d1f-4b8d-8878-04aac3cfbee0,Crambostenia,Animalia,Insecta,https://vvtaxatree.tbn.org.tw/taxa/3df81663-6400-4eb0-838b-a3e55f0aebcd
a8a49174-fccb-45b5-b277-f955fa9cb60a,genus,e2ddf8e5-2d1f-4b8d-8878-04aac3cfbee0,Euchromius,Animalia,Insecta,https://vvtaxatree.tbn.org.tw/taxa/a8a49174-fccb-45b5-b277-f955fa9cb60a
8b987b60-c1c2-4b12-8aea-1ba530413195,genus,e2ddf8e5-2d1f-4b8d-8878-04aac3cfbee0,Ostrinina,Animalia,Insecta,https://vvtaxatree.tbn.org.tw/taxa/8b987b60-c1c2-4b12-8aea-1ba530413195
c626f9a3-91f3-4516-90ba-251773d25310,genus,e2ddf8e5-2d1f-4b8d-8878-04aac3cfbee0,Pagada,Animalia,Insecta,https://vvtaxatree.tbn.org.tw/taxa/c626f9a3-91f3-4516-90ba-251773d25310
145014a6-563f-409b-b641-0b6945736ae8,genus,e2ddf8e5-2d1f-4b8d-8878-04aac3cfbee0,Parthenodes,Animalia,Insecta,https://vvtaxatree.tbn.org.tw/taxa/145014a6-563f-409b-b641-0b6945736ae8
941d930a-162f-4282-bc6c-3ffa4d00b001,genus,e2ddf8e5-2d1f-4b8d-8878-04aac3cfbee0,Phalangiodes,Animalia,Insecta,https://vvtaxatree.tbn.org.tw/taxa/941d930a-162f-4282-bc6c-3ffa4d00b001
1e07a3f1-69b4-488b-a1fc-5330a02e8b81,genus,e2ddf8e5-2d1f-4b8d-8878-04aac3cfbee0,Pronomis,Animalia,Insecta,https://vvtaxatree.tbn.org.tw/taxa/1e07a3f1-69b4-488b-a1fc-5330a02e8b81
5bf4db7f-b5a0-4fc7-a18c-40f643ccf2df,genus,e2ddf8e5-2d1f-4b8d-8878-04aac3cfbee0,Sisyrophora,Animalia,Insecta,https://vvtaxatree.tbn.org.tw/taxa/5bf4db7f-b5a0-4fc7-a18c-40f643ccf2df
5c6fdaf7-6bfe-44e3-82ff-744e9732a9ad,genus,e2ddf8e5-2d1f-4b8d-8878-04aac3cfbee0,Stenia,Animalia,Insecta,https://vvtaxatree.tbn.org.tw/taxa/5c6fdaf7-6bfe-44e3-82ff-744e9732a9ad
6facfdd0-828a-4462-be75-2da96daac839,genus,e2ddf8e5-2d1f-4b8d-8878-04aac3cfbee0,Torulisquama,Animalia,Insecta,https://vvtaxatree.tbn.org.tw/taxa/6facfdd0-828a-4462-be75-2da96daac839
d75a7d6c-2b3f-4948-83ed-46491ee54acb,genus,206108ab-6a9d-493a-8316-e430da8da7a1,Dactylorhynchides,Animalia,Insecta,https://vvtaxatree.tbn.org.tw/taxa/d75a7d6c-2b3f-4948-83ed-46491ee54acb
eb86800b-9226-4010-9071-41f4171c481a,genus,206108ab-6a9d-493a-8316-e430da8da7a1,Rhamnopsis,Animalia,Insecta,https://vvtaxatree.tbn.org.tw/taxa/eb86800b-9226-4010-9071-41f4171c481a
de6576b5-457c-4a6b-b0f3-2e2c8ce44fe2,genus,ba5d0507-de23-4d7e-afa0-80f9ff2ba068,Capidentalia,Animalia,Insecta,https://vvtaxatree.tbn.org.tw/taxa/de6576b5-457c-4a6b-b0f3-2e2c8ce44fe2
d53f81a8-6c73-494e-be67-ad2ea7cb9254,genus,ba5d0507-de23-4d7e-afa0-80f9ff2ba068,Polyhymno,Animalia,Insecta,https://vvtaxatree.tbn.org.tw/taxa/d53f81a8-6c73-494e-be67-ad2ea7cb9254
771a7d47-1a2a-4d82-9c91-dae97fb28069,genus,ba5d0507-de23-4d7e-afa0-80f9ff2ba068,Thyrsostoma,Animalia,Insecta,https://vvtaxatree.tbn.org.tw/taxa/771a7d47-1a2a-4d82-9c91-dae97fb28069
9e8bbb17-8353-4241-9394-3bd5abc3f47e,genus,88842b19-3670-4371-9778-e4054b9d8fc4,Caunaca,Animalia,Insecta,https://vvtaxatree.tbn.org.tw/taxa/9e8bbb17-8353-4241-9394-3bd5abc3f47e
1ec66cee-ff6f-4e47-8e74-2ab865666d4b,genus,63e7e423-5ec0-4e95-af80-f47f87a6096f,Argyreus,Animalia,Insecta,https://vvtaxatree.tbn.org.tw/taxa/1ec66cee-ff6f-4e47-8e74-2ab865666d4b
146260f4-23fc-43d8-9aac-49e71c2228cd,genus,63e7e423-5ec0-4e95-af80-f47f87a6096f,Paduca,Animalia,Insecta,https://vvtaxatree.tbn.org.tw/taxa/146260f4-23fc-43d8-9aac-49e71c2228cd
9b6756cf-4337-4d00-8a72-ee1184d418f4,genus,007f911a-2332-44ad-a2ad-5af07c3e0437,Lysipatha,Animalia,Insecta,https://vvtaxatree.tbn.org.tw/taxa/9b6756cf-4337-4d00-8a72-ee1184d418f4
94dd78e0-6bb3-4b05-bc71-5b56ff71702a,genus,29258d69-cbc8-4f66-8426-2c8ee350740f,Haplotinea,Animalia,Insecta,https://vvtaxatree.tbn.org.tw/taxa/94dd78e0-6bb3-4b05-bc71-5b56ff71702a
c95cbb1b-a790-449d-b7f9-5f18f87045e2,genus,29258d69-cbc8-4f66-8426-2c8ee350740f,Spatularia,Animalia,Insecta,https://vvtaxatree.tbn.org.tw/taxa/c95cbb1b-a790-449d-b7f9-5f18f87045e2
9a842553-029f-4320-b934-5dd7943673a0,genus,0f0ae753-c82b-43ee-a961-c6a802a4cb65,Chimaerosphecia,Animalia,Insecta,https://vvtaxatree.tbn.org.tw/taxa/9a842553-029f-4320-b934-5dd7943673a0
50038a86-b3ca-453a-9574-9c950b30574a,genus,0f0ae753-c82b-43ee-a961-c6a802a4cb65,Oligophlebiella,Animalia,Insecta,https://vvtaxatree.tbn.org.tw/taxa/50038a86-b3ca-453a-9574-9c950b30574a
0dd8b4c3-8e8a-4a04-bcf0-3666e989cf2d,genus,a8a67989-0d4c-4e23-950b-e866ca26e3ec,Squamura,Animalia,Insecta,https://vvtaxatree.tbn.org.tw/taxa/0dd8b4c3-8e8a-4a04-bcf0-3666e989cf2d
967401f4-eed0-4e22-9054-b7d1468d6ed1,genus,b1f2b5ed-f9f9-4a19-b836-f40f14911f6f,Acia,Animalia,Insecta,https://vvtaxatree.tbn.org.tw/taxa/967401f4-eed0-4e22-9054-b7d1468d6ed1
bb16bdf6-fdf6-48e4-a579-e098403b7c50,genus,b1f2b5ed-f9f9-4a19-b836-f40f14911f6f,Bicoloratum,Animalia,Insecta,https://vvtaxatree.tbn.org.tw/taxa/bb16bdf6-fdf6-48e4-a579-e098403b7c50
576edde7-99f1-42d8-9701-100fa5ad6c33,genus,b1f2b5ed-f9f9-4a19-b836-f40f14911f6f,Epiacanthus,Animalia,Insecta,https://vvtaxatree.tbn.org.tw/taxa/576edde7-99f1-42d8-9701-100fa5ad6c33
e4e43d4e-0f99-42f1-9beb-008ad4184a54,genus,b1f2b5ed-f9f9-4a19-b836-f40f14911f6f,Nesophrosyne,Animalia,Insecta,https://vvtaxatree.tbn.org.tw/taxa/e4e43d4e-0f99-42f1-9beb-008ad4184a54
30a59b24-4531-4c75-98e6-7a1985500561,genus,b1f2b5ed-f9f9-4a19-b836-f40f14911f6f,Tettigella,Animalia,Insecta,https://vvtaxatree.tbn.org.tw/taxa/30a59b24-4531-4c75-98e6-7a1985500561
b76369fd-67eb-4193-af39-ba7f8099351a,genus,b1f2b5ed-f9f9-4a19-b836-f40f14911f6f,Tettigonia,Animalia,Insecta,https://vvtaxatree.tbn.org.tw/taxa/b76369fd-67eb-4193-af39-ba7f8099351a
31ba6106-5b2a-44a1-a403-5cdb881bab4d,genus,fb915ac1-8f87-4732-8570-2b88f41f8ed6,Aconura,Animalia,Insecta,https://vvtaxatree.tbn.org.tw/taxa/31ba6106-5b2a-44a1-a403-5cdb881bab4d
8940fa57-bbd3-449b-a81d-67641b1dbea6,genus,fb915ac1-8f87-4732-8570-2b88f41f8ed6,Cicadula,Animalia,Insecta,https://vvtaxatree.tbn.org.tw/taxa/8940fa57-bbd3-449b-a81d-67641b1dbea6
e583b569-4e83-42e7-a21c-9563500560bc,genus,fb915ac1-8f87-4732-8570-2b88f41f8ed6,Inemadara,Animalia,Insecta,https://vvtaxatree.tbn.org.tw/taxa/e583b569-4e83-42e7-a21c-9563500560bc
fa5992c8-0f1f-4396-947a-a74a63ea091d,genus,fb915ac1-8f87-4732-8570-2b88f41f8ed6,Irinula,Animalia,Insecta,https://vvtaxatree.tbn.org.tw/taxa/fa5992c8-0f1f-4396-947a-a74a63ea091d
63988261-f314-4155-9b6b-4915b7f5286b,genus,fb915ac1-8f87-4732-8570-2b88f41f8ed6,Melichariella,Animalia,Insecta,https://vvtaxatree.tbn.org.tw/taxa/63988261-f314-4155-9b6b-4915b7f5286b
fbf3ca1d-5122-4b27-9b48-9339bb73e6b9,genus,fb915ac1-8f87-4732-8570-2b88f41f8ed6,Paramesus,Animalia,Insecta,https://vvtaxatree.tbn.org.tw/taxa/fbf3ca1d-5122-4b27-9b48-9339bb73e6b9
da9e157f-1ae3-4ab8-90b0-404426be4f09,genus,fb915ac1-8f87-4732-8570-2b88f41f8ed6,Phlepsius,Animalia,Insecta,https://vvtaxatree.tbn.org.tw/taxa/da9e157f-1ae3-4ab8-90b0-404426be4f09
0b692afd-cedc-445b-86ca-2910df03e4d1,genus,fb915ac1-8f87-4732-8570-2b88f41f8ed6,Purpuranus,Animalia,Insecta,https://vvtaxatree.tbn.org.tw/taxa/0b692afd-cedc-445b-86ca-2910df03e4d1
4a3be3dd-4214-4b68-a668-5fb6b860f365,genus,fb915ac1-8f87-4732-8570-2b88f41f8ed6,Thomsoniella,Animalia,Insecta,https://vvtaxatree.tbn.org.tw/taxa/4a3be3dd-4214-4b68-a668-5fb6b860f365
75f958e0-8681-482e-b656-a6444261aae9,genus,fb915ac1-8f87-4732-8570-2b88f41f8ed6,Togacephalus,Animalia,Insecta,https://vvtaxatree.tbn.org.tw/taxa/75f958e0-8681-482e-b656-a6444261aae9
5d4939ef-f378-4811-8793-c5bc47fb2520,genus,4174feee-8ec5-48d8-b497-b86726b78be2,Epotiocerus,Animalia,Insecta,https://vvtaxatree.tbn.org.tw/taxa/5d4939ef-f378-4811-8793-c5bc47fb2520
fb60dbe2-a974-4e52-948c-f0a08c12ed12,genus,b239b895-85df-4a75-97a9-ff51f56ad6ce,Benna,Animalia,Insecta,https://vvtaxatree.tbn.org.tw/taxa/fb60dbe2-a974-4e52-948c-f0a08c12ed12
2c5af29d-b79d-4598-a1e9-e1dc17884ce1,genus,4389a34e-f5aa-417a-a00d-8641996fa5cf,Poeciloptera,Animalia,Insecta,https://vvtaxatree.tbn.org.tw/taxa/2c5af29d-b79d-4598-a1e9-e1dc17884ce1
4cee493b-25d3-43da-92c0-ea80c88ddb70,genus,4389a34e-f5aa-417a-a00d-8641996fa5cf,Seliza,Animalia,Insecta,https://vvtaxatree.tbn.org.tw/taxa/4cee493b-25d3-43da-92c0-ea80c88ddb70
53d23478-e50d-4a4a-88a5-6a3a171ab265,genus,a9502868-ebad-48be-a2cd-a91b8a12d25f,Tibicen,Animalia,Insecta,https://vvtaxatree.tbn.org.tw/taxa/53d23478-e50d-4a4a-88a5-6a3a171ab265
b9eb5423-70e5-4f74-935d-a955e39c8e57,genus,5734eec9-8dbf-40a3-8760-b2895283f8c2,Saruallis,Animalia,Insecta,https://vvtaxatree.tbn.org.tw/taxa/b9eb5423-70e5-4f74-935d-a955e39c8e57
5f2509f8-df35-48b7-bdff-29dbced8916c,genus,4d0dc697-faaf-47f5-9d46-efdd2dc7fec1,Gelastyrella,Animalia,Insecta,https://vvtaxatree.tbn.org.tw/taxa/5f2509f8-df35-48b7-bdff-29dbced8916c
d4b4a0b5-aba1-42d9-8f24-9c92cd612894,genus,0aa84b28-f691-41fb-bac6-cb828995f41b,Onukia,Animalia,Insecta,https://vvtaxatree.tbn.org.tw/taxa/d4b4a0b5-aba1-42d9-8f24-9c92cd612894
0ed1d233-87dd-423a-a770-0e526383b8f3,genus,912e2213-e143-45bb-91ad-ca673b949e03,Parabolocratus,Animalia,Insecta,https://vvtaxatree.tbn.org.tw/taxa/0ed1d233-87dd-423a-a770-0e526383b8f3
14cfebbe-e0ea-4eb4-8d91-e51676090b62,genus,034c7209-d245-4837-bf3b-9db6fd98cbd9,Stictopleureus,Animalia,Insecta,https://vvtaxatree.tbn.org.tw/taxa/14cfebbe-e0ea-4eb4-8d91-e51676090b62
9c8c3e6e-049d-4d5d-be8d-0bc97af3a80a,genus,a8abe481-54f0-4c64-9128-8b81f32dae8f,Stenometopius,Animalia,Insecta,https://vvtaxatree.tbn.org.tw/taxa/9c8c3e6e-049d-4d5d-be8d-0bc97af3a80a
b8d7661a-d47a-4449-9153-e359d9267452,genus,ff8b6d67-84d8-4a9d-beea-efff339e0bae,Acrepyris,Animalia,Insecta,https://vvtaxatree.tbn.org.tw/taxa/b8d7661a-d47a-4449-9153-e359d9267452
aa86dd12-ca3a-4b19-a411-910641cc53b9,genus,ff8b6d67-84d8-4a9d-beea-efff339e0bae,Apenesia,Animalia,Insecta,https://vvtaxatree.tbn.org.tw/taxa/aa86dd12-ca3a-4b19-a411-910641cc53b9
bc11cea1-1d3a-4eff-a96b-30196ffee5e7,genus,e009719a-570e-48d3-9d5f-1424c9ed2cb7,Kennethis,Animalia,Insecta,https://vvtaxatree.tbn.org.tw/taxa/bc11cea1-1d3a-4eff-a96b-30196ffee5e7
d55c3d74-0fe7-46d8-95bd-5c662e2f2ea4,genus,b7226c1d-2ff6-4bdf-83fb-6e13956802c7,Chersodromia,Animalia,Insecta,https://vvtaxatree.tbn.org.tw/taxa/d55c3d74-0fe7-46d8-95bd-5c662e2f2ea4
8946176c-12bc-46b5-af84-d8074e8cc993,genus,9645543f-0f9d-4f94-aa6c-d97e5f73acb8,Pollenia,Animalia,Insecta,https://vvtaxatree.tbn.org.tw/taxa/8946176c-12bc-46b5-af84-d8074e8cc993
3b468a50-bdac-4478-a48b-7246b52af3b5,genus,9dc21538-68da-4c7d-93a3-be127ff02b73,Alsomyia,Animalia,Insecta,https://vvtaxatree.tbn.org.tw/taxa/3b468a50-bdac-4478-a48b-7246b52af3b5
6c5549c3-56ec-45b3-bca4-3ff9b2636d42,genus,9dc21538-68da-4c7d-93a3-be127ff02b73,Austriphorocera,Animalia,Insecta,https://vvtaxatree.tbn.org.tw/taxa/6c5549c3-56ec-45b3-bca4-3ff9b2636d42
233bdb45-55c4-43ac-8876-12491bcb18b3,genus,9dc21538-68da-4c7d-93a3-be127ff02b73,Dexiomiops,Animalia,Insecta,https://vvtaxatree.tbn.org.tw/taxa/233bdb45-55c4-43ac-8876-12491bcb18b3
2f244469-9871-48d9-a9b5-fc3e102ff897,genus,9dc21538-68da-4c7d-93a3-be127ff02b73,Leptothelarie,Animalia,Insecta,https://vvtaxatree.tbn.org.tw/taxa/2f244469-9871-48d9-a9b5-fc3e102ff897
207eb146-52d5-46e5-9777-bed1a1153f70,genus,9dc21538-68da-4c7d-93a3-be127ff02b73,Metopomintho,Animalia,Insecta,https://vvtaxatree.tbn.org.tw/taxa/207eb146-52d5-46e5-9777-bed1a1153f70
a706b5cf-a693-4179-8a0f-c7c759d192b7,genus,9dc21538-68da-4c7d-93a3-be127ff02b73,Phoriniophylax,Animalia,Insecta,https://vvtaxatree.tbn.org.tw/taxa/a706b5cf-a693-4179-8a0f-c7c759d192b7
5b7319d8-f1ea-47b4-a071-3467d7606fc9,genus,9dc21538-68da-4c7d-93a3-be127ff02b73,Zenillinan,Animalia,Insecta,https://vvtaxatree.tbn.org.tw/taxa/5b7319d8-f1ea-47b4-a071-3467d7606fc9
8e989982-6128-4aad-b83a-9675b8abb4b7,genus,1ec10ff8-58d7-4f5f-b626-7c00cf611a30,Atissa,Animalia,Insecta,https://vvtaxatree.tbn.org.tw/taxa/8e989982-6128-4aad-b83a-9675b8abb4b7
2e10b280-5617-40ff-b62e-049b8fc21946,genus,bc6eb783-ef87-418a-935d-41ca42eface7,Amobina,Animalia,Insecta,https://vvtaxatree.tbn.org.tw/taxa/2e10b280-5617-40ff-b62e-049b8fc21946
b8c1a631-95ef-449d-909b-c6feec7c8468,genus,bc6eb783-ef87-418a-935d-41ca42eface7,Harpagophalla,Animalia,Insecta,https://vvtaxatree.tbn.org.tw/taxa/b8c1a631-95ef-449d-909b-c6feec7c8468
a952e767-8f63-45fa-a5ec-61207a119c6b,genus,d7bb158f-7479-4b19-8b6f-055387c6dd89,Pterella,Animalia,Insecta,https://vvtaxatree.tbn.org.tw/taxa/a952e767-8f63-45fa-a5ec-61207a119c6b
324659c3-18ac-466d-a4c8-ed9d1f31bf80,genus,ddb9016c-7499-4cd9-919e-6b436529c410,Phania,Animalia,Insecta,https://vvtaxatree.tbn.org.tw/taxa/324659c3-18ac-466d-a4c8-ed9d1f31bf80
a5aa7238-9164-449d-a7aa-9fe1f8b7ac6a,genus,8c6e7384-7df6-4632-92ae-d01241027723,Hylimya,Animalia,Insecta,https://vvtaxatree.tbn.org.tw/taxa/a5aa7238-9164-449d-a7aa-9fe1f8b7ac6a
1911c009-05aa-410f-91da-d0690a866181,genus,602104c2-5779-45db-8532-579075e8f731,Hiroshia,Animalia,Insecta,https://vvtaxatree.tbn.org.tw/taxa/1911c009-05aa-410f-91da-d0690a866181
5ced3174-78dd-4eb5-9643-43464e20df40,genus,823b3d2f-c9b7-445d-b97e-28a1cef36ff9,Pericoma,Animalia,Insecta,https://vvtaxatree.tbn.org.tw/taxa/5ced3174-78dd-4eb5-9643-43464e20df40
3a7e39ff-8174-4be1-a4ae-6bbf48827e9b,genus,5181a022-aa13-4a8e-91a7-51bc5d459a24,Nepsalus,Animalia,Insecta,https://vvtaxatree.tbn.org.tw/taxa/3a7e39ff-8174-4be1-a4ae-6bbf48827e9b
9df1b883-a0c8-40ab-b591-8bba680e8db2,genus,7484b44a-1d54-421b-9492-ccd2e0e26bcb,Stylurus,Animalia,Insecta,https://vvtaxatree.tbn.org.tw/taxa/9df1b883-a0c8-40ab-b591-8bba680e8db2
b31f452f-7330-40d6-9e2b-50f86e5ab449,genus,d7ecb22c-7ef7-43c0-9ed9-4eb6bece85a2,Dinarthrum,Animalia,Insecta,https://vvtaxatree.tbn.org.tw/taxa/b31f452f-7330-40d6-9e2b-50f86e5ab449
0633c289-9190-4e2a-b718-7887816aa24f,genus,d7ecb22c-7ef7-43c0-9ed9-4eb6bece85a2,Goerodes,Animalia,Insecta,https://vvtaxatree.tbn.org.tw/taxa/0633c289-9190-4e2a-b718-7887816aa24f
7e5baebc-6009-4772-ac68-e6d83c7d05ed,genus,ab2dc09f-1c86-43e6-b8fa-22cfbe322a9a,Gibosia,Animalia,Insecta,https://vvtaxatree.tbn.org.tw/taxa/7e5baebc-6009-4772-ac68-e6d83c7d05ed
0105f67f-e75f-40f9-a09e-fe54ac1d9c6a,genus,32717b68-e970-4429-9054-6ef56938a2f0,Hyboella,Animalia,Insecta,https://vvtaxatree.tbn.org.tw/taxa/0105f67f-e75f-40f9-a09e-fe54ac1d9c6a
92ecf1c6-2986-42b7-a301-724155a8719f,genus,32717b68-e970-4429-9054-6ef56938a2f0,Pseudomacromotettix,Animalia,Insecta,https://vvtaxatree.tbn.org.tw/taxa/92ecf1c6-2986-42b7-a301-724155a8719f
5ddbcae9-d6a5-4da0-8c68-c1b16de68e1d,genus,4acb7218-5e23-4697-9bf5-df5c38440a6a,Anaxipha,Animalia,Insecta,https://vvtaxatree.tbn.org.tw/taxa/5ddbcae9-d6a5-4da0-8c68-c1b16de68e1d
dfc3d480-ef38-4b97-be73-b2adb58d78e4,genus,96263d48-9383-4517-9831-72f1222d2045,Teratura,Animalia,Insecta,https://vvtaxatree.tbn.org.tw/taxa/dfc3d480-ef38-4b97-be73-b2adb58d78e4
c6c5afee-bf58-4c2a-aca1-cfc6f88e6b18,genus,dca2836d-20a4-4082-a5a0-3611b6b66d40,Brachytrupes,Animalia,Insecta,https://vvtaxatree.tbn.org.tw/taxa/c6c5afee-bf58-4c2a-aca1-cfc6f88e6b18
4482fe99-1d86-4162-bf15-d5b802981b19,genus,36be5a87-901f-4e99-a674-c956f102f170,Neanias,Animalia,Insecta,https://vvtaxatree.tbn.org.tw/taxa/4482fe99-1d86-4162-bf15-d5b802981b19
eb9cd872-f959-44cc-87de-637138584a85,genus,a4f84fe5-a07d-45df-bc35-2691ee93d84e,Phryganogryllacris,Animalia,Insecta,https://vvtaxatree.tbn.org.tw/taxa/eb9cd872-f959-44cc-87de-637138584a85
5dc7d441-db6d-4d23-bac1-6e03a0e83d8a,genus,b7226c1d-2ff6-4bdf-83fb-6e13956802c7,Phyllodromia,Animalia,Insecta,https://vvtaxatree.tbn.org.tw/taxa/5dc7d441-db6d-4d23-bac1-6e03a0e83d8a
c2cde4f9-ac06-46d1-9094-cea898830dbe,genus,0c84ae46-6a50-4f99-ba58-5b3b98e07301,Sinophasma,Animalia,Insecta,https://vvtaxatree.tbn.org.tw/taxa/c2cde4f9-ac06-46d1-9094-cea898830dbe
91a11221-683c-46f0-af67-40377b2ebfc1,genus,e4afc1a5-d754-4cf7-b1e9-b9aec926fb44,Phylloglossum,Plantae,Lycopodiopsida,https://vvtaxatree.tbn.org.tw/taxa/91a11221-683c-46f0-af67-40377b2ebfc1
4040ff5b-144e-4ac8-8cae-9a1fc8eeccf0,genus,7cf016bc-525a-4b58-a038-b1020e1aa31f,Tmesipteris,Plantae,Psilotopsida,https://vvtaxatree.tbn.org.tw/taxa/4040ff5b-144e-4ac8-8cae-9a1fc8eeccf0
1879b21d-2229-482c-b0f8-08829b495c1d,genus,fc1a80fb-1822-476d-aef3-be36e0a11e46,Cheiroglossa,Plantae,Psilotopsida,https://vvtaxatree.tbn.org.tw/taxa/1879b21d-2229-482c-b0f8-08829b495c1d
4f08aa13-ed93-470b-99aa-f647caedacb8,genus,fc1a80fb-1822-476d-aef3-be36e0a11e46,Mankyua,Plantae,Psilotopsida,https://vvtaxatree.tbn.org.tw/taxa/4f08aa13-ed93-470b-99aa-f647caedacb8
a996cb46-ab83-4825-96ed-5cb03f7d3681,genus,88dccc1a-8797-4b3f-bb5b-75f5b7bbcb0f,Danaea,Plantae,Marattiopsida,https://vvtaxatree.tbn.org.tw/taxa/a996cb46-ab83-4825-96ed-5cb03f7d3681
5b1978c6-88b3-431c-9c35-cc4fe41bbc44,genus,88dccc1a-8797-4b3f-bb5b-75f5b7bbcb0f,Eupodium,Plantae,Marattiopsida,https://vvtaxatree.tbn.org.tw/taxa/5b1978c6-88b3-431c-9c35-cc4fe41bbc44
cdc78087-245a-4c7b-a4a2-c7986e55cffb,genus,88dccc1a-8797-4b3f-bb5b-75f5b7bbcb0f,Christensenia,Plantae,Marattiopsida,https://vvtaxatree.tbn.org.tw/taxa/cdc78087-245a-4c7b-a4a2-c7986e55cffb
c27c7fa0-59d5-4e22-9ae1-b9d1c8dad5bd,genus,88dccc1a-8797-4b3f-bb5b-75f5b7bbcb0f,Marattia,Plantae,Marattiopsida,https://vvtaxatree.tbn.org.tw/taxa/c27c7fa0-59d5-4e22-9ae1-b9d1c8dad5bd
bee4d7bb-c14c-4625-8020-8a3b9967459e,genus,46141301-7c0f-4305-8af1-8508c2035926,Leptopteris,Plantae,Polypodiopsida,https://vvtaxatree.tbn.org.tw/taxa/bee4d7bb-c14c-4625-8020-8a3b9967459e
ff84c4e8-fc0e-4ed5-bff0-2c1813848dbe,genus,46141301-7c0f-4305-8af1-8508c2035926,Todea,Plantae,Polypodiopsida,https://vvtaxatree.tbn.org.tw/taxa/ff84c4e8-fc0e-4ed5-bff0-2c1813848dbe
cbaa0f6a-a21e-4f00-82c9-c2cecc741544,genus,676ea379-9b1a-4079-842a-2b08f2f04b6b,Trichomanes,Plantae,Polypodiopsida,https://vvtaxatree.tbn.org.tw/taxa/cbaa0f6a-a21e-4f00-82c9-c2cecc741544
40344d0d-c2ab-48fe-b077-509c89be2716,genus,676ea379-9b1a-4079-842a-2b08f2f04b6b,Polyphlebium,Plantae,Polypodiopsida,https://vvtaxatree.tbn.org.tw/taxa/40344d0d-c2ab-48fe-b077-509c89be2716
91e9a317-17fd-4d40-9f61-002bd7202961,genus,98dcd898-2be2-46a2-8280-e03c3c28b132,Gleichenella,Plantae,Polypodiopsida,https://vvtaxatree.tbn.org.tw/taxa/91e9a317-17fd-4d40-9f61-002bd7202961
1706b73b-24c3-4ec6-9bc1-d12ba137bac3,genus,98dcd898-2be2-46a2-8280-e03c3c28b132,Sticherus,Plantae,Polypodiopsida,https://vvtaxatree.tbn.org.tw/taxa/1706b73b-24c3-4ec6-9bc1-d12ba137bac3
7758188e-736e-4288-aa0d-a82a679f417a,genus,98dcd898-2be2-46a2-8280-e03c3c28b132,Gleichenia,Plantae,Polypodiopsida,https://vvtaxatree.tbn.org.tw/taxa/7758188e-736e-4288-aa0d-a82a679f417a
4940ec4a-4392-4fb5-bf69-2b4796dd4c02,genus,98dcd898-2be2-46a2-8280-e03c3c28b132,Stromatopteris,Plantae,Polypodiopsida,https://vvtaxatree.tbn.org.tw/taxa/4940ec4a-4392-4fb5-bf69-2b4796dd4c02
3e736649-6a8a-4acd-8f9e-01f01c06c3e1,genus,02a78660-f20f-4920-9dfb-f54b02f721d5,Matonia,Plantae,Polypodiopsida,https://vvtaxatree.tbn.org.tw/taxa/3e736649-6a8a-4acd-8f9e-01f01c06c3e1
135d3d35-8692-4b03-a91f-79176c4853ba,genus,02a78660-f20f-4920-9dfb-f54b02f721d5,Phanerosorus,Plantae,Polypodiopsida,https://vvtaxatree.tbn.org.tw/taxa/135d3d35-8692-4b03-a91f-79176c4853ba
f0b5af97-cf1e-46e5-8446-76e5096a7f41,genus,d41085b4-8139-4c49-9e4d-44dd76ab0dc8,Anemia,Plantae,Polypodiopsida,https://vvtaxatree.tbn.org.tw/taxa/f0b5af97-cf1e-46e5-8446-76e5096a7f41
e47c72a6-df91-4c9d-9b4e-3a20fc34a9f6,genus,757ff1f1-a10e-483f-9d6d-b0f99206e520,Pilularia,Plantae,Polypodiopsida,https://vvtaxatree.tbn.org.tw/taxa/e47c72a6-df91-4c9d-9b4e-3a20fc34a9f6
66ae7173-7a64-4ad4-aed0-025f1bdb356c,genus,757ff1f1-a10e-483f-9d6d-b0f99206e520,Regnellidium,Plantae,Polypodiopsida,https://vvtaxatree.tbn.org.tw/taxa/66ae7173-7a64-4ad4-aed0-025f1bdb356c
d3ca2ca9-4f88-4444-ac87-f3c3ceb1a737,genus,e2fb81ab-1d50-4391-b385-f5d4e5f33000,Thyrsopteris,Plantae,Polypodiopsida,https://vvtaxatree.tbn.org.tw/taxa/d3ca2ca9-4f88-4444-ac87-f3c3ceb1a737
317c2eaf-0be9-4491-a767-991dfb4081c3,genus,efced2d2-2d46-4ad0-9b6e-c68e93f32690,Loxsoma,Plantae,Polypodiopsida,https://vvtaxatree.tbn.org.tw/taxa/317c2eaf-0be9-4491-a767-991dfb4081c3
5b8a903f-a0e2-4eb4-a413-adb0589726f8,genus,efced2d2-2d46-4ad0-9b6e-c68e93f32690,Loxsomopsis,Plantae,Polypodiopsida,https://vvtaxatree.tbn.org.tw/taxa/5b8a903f-a0e2-4eb4-a413-adb0589726f8
87fe9b9d-8291-4f3c-8b27-480d2edad7c1,genus,b4b98498-3c09-4220-82b0-9635fa02c111,Culcita,Plantae,Polypodiopsida,https://vvtaxatree.tbn.org.tw/taxa/87fe9b9d-8291-4f3c-8b27-480d2edad7c1
59ea018e-ef7e-4a82-a462-7e7c77fbd65c,genus,bf91926f-77b2-4daa-b0dc-174ebc72116f,Cyathea,Plantae,Polypodiopsida,https://vvtaxatree.tbn.org.tw/taxa/59ea018e-ef7e-4a82-a462-7e7c77fbd65c
92a5d8ed-237a-4336-9af1-d4658c10d9f9,genus,bf91926f-77b2-4daa-b0dc-174ebc72116f,Gymnosphaera,Plantae,Polypodiopsida,https://vvtaxatree.tbn.org.tw/taxa/92a5d8ed-237a-4336-9af1-d4658c10d9f9
b99ef3c4-233a-4947-899e-66ba6a77a605,genus,bf91926f-77b2-4daa-b0dc-174ebc72116f,Sphaeropteris,Plantae,Polypodiopsida,https://vvtaxatree.tbn.org.tw/taxa/b99ef3c4-233a-4947-899e-66ba6a77a605
fa485b20-f84b-416f-8075-28919d9c2782,genus,2f650ff5-45ce-4b30-8d74-3ed84192fa56,Calochlaena,Plantae,Polypodiopsida,https://vvtaxatree.tbn.org.tw/taxa/fa485b20-f84b-416f-8075-28919d9c2782
7de14727-8344-4eae-be67-c221db6d09b5,genus,2f650ff5-45ce-4b30-8d74-3ed84192fa56,Dicksonia,Plantae,Polypodiopsida,https://vvtaxatree.tbn.org.tw/taxa/7de14727-8344-4eae-be67-c221db6d09b5
3b851138-e1bd-462e-a257-f77465ac8e57,genus,2f650ff5-45ce-4b30-8d74-3ed84192fa56,Lophosoria,Plantae,Polypodiopsida,https://vvtaxatree.tbn.org.tw/taxa/3b851138-e1bd-462e-a257-f77465ac8e57
57b23c72-4608-43c4-9776-5a980ada8100,genus,e8a4c204-9004-4a54-9ef1-a9a9bef6d939,Metaxya,Plantae,Polypodiopsida,https://vvtaxatree.tbn.org.tw/taxa/57b23c72-4608-43c4-9776-5a980ada8100
6414646d-64ac-4432-b217-5cd07920041f,genus,b8f55998-81db-48f0-9d2d-35cc175d80f0,Lonchitis,Plantae,Polypodiopsida,https://vvtaxatree.tbn.org.tw/taxa/6414646d-64ac-4432-b217-5cd07920041f
ba0b1e9d-7cc9-4293-a13a-3a01b8a8cbf4,genus,0c8449f4-3a84-4471-8715-cc7478d5ad9f,Saccoloma,Plantae,Polypodiopsida,https://vvtaxatree.tbn.org.tw/taxa/ba0b1e9d-7cc9-4293-a13a-3a01b8a8cbf4
9e47b0d6-8ac2-4f8b-9e58-82ef172eab5a,genus,0c8449f4-3a84-4471-8715-cc7478d5ad9f,Orthiopteris,Plantae,Polypodiopsida,https://vvtaxatree.tbn.org.tw/taxa/9e47b0d6-8ac2-4f8b-9e58-82ef172eab5a
67569209-8677-4c93-8faa-95b8aa3ab6a5,genus,8f02a41a-bd3e-4410-a954-e6aae8a22cdd,Cystodium,Plantae,Polypodiopsida,https://vvtaxatree.tbn.org.tw/taxa/67569209-8677-4c93-8faa-95b8aa3ab6a5
3004cd94-183f-4539-8ed2-d40da12c9591,genus,263c3f2c-695e-4515-9819-6480dd7b0e4a,Sphenomeris,Plantae,Polypodiopsida,https://vvtaxatree.tbn.org.tw/taxa/3004cd94-183f-4539-8ed2-d40da12c9591
f9eaba72-3f61-48f6-86e4-b7d3d0567d47,genus,263c3f2c-695e-4515-9819-6480dd7b0e4a,Nesolindsaea,Plantae,Polypodiopsida,https://vvtaxatree.tbn.org.tw/taxa/f9eaba72-3f61-48f6-86e4-b7d3d0567d47
3208cead-5667-4552-aad5-3daa9e64bb44,genus,263c3f2c-695e-4515-9819-6480dd7b0e4a,Xyropteris,Plantae,Polypodiopsida,https://vvtaxatree.tbn.org.tw/taxa/3208cead-5667-4552-aad5-3daa9e64bb44
1b800883-f0ac-4c02-8625-50e19351b9b4,genus,d73838bb-f535-4eab-93ac-e0b532849469,Blotiella,Plantae,Polypodiopsida,https://vvtaxatree.tbn.org.tw/taxa/1b800883-f0ac-4c02-8625-50e19351b9b4
c3e6a6bd-29f0-476d-ac8c-9bc111cfa4e6,genus,d73838bb-f535-4eab-93ac-e0b532849469,Leptolepia,Plantae,Polypodiopsida,https://vvtaxatree.tbn.org.tw/taxa/c3e6a6bd-29f0-476d-ac8c-9bc111cfa4e6
a22b4dfa-1623-4a3d-bc6b-3d10b8bb9c2a,genus,d73838bb-f535-4eab-93ac-e0b532849469,Oenotrichia,Plantae,Polypodiopsida,https://vvtaxatree.tbn.org.tw/taxa/a22b4dfa-1623-4a3d-bc6b-3d10b8bb9c2a
45f7bac5-d359-43e7-9bee-54c3e5a44192,genus,4c61f6d2-53ea-467c-8a19-7203ff756177,Llavea,Plantae,Polypodiopsida,https://vvtaxatree.tbn.org.tw/taxa/45f7bac5-d359-43e7-9bee-54c3e5a44192
cc5191d2-0efb-4b54-a6f5-674770500c5f,genus,4c61f6d2-53ea-467c-8a19-7203ff756177,Actiniopteris,Plantae,Polypodiopsida,https://vvtaxatree.tbn.org.tw/taxa/cc5191d2-0efb-4b54-a6f5-674770500c5f
32723aed-2e97-4904-af8e-53ac3ba55340,genus,4c61f6d2-53ea-467c-8a19-7203ff756177,Aspleniopsis,Plantae,Polypodiopsida,https://vvtaxatree.tbn.org.tw/taxa/32723aed-2e97-4904-af8e-53ac3ba55340
ad962707-294c-47b3-97c9-e228a5a5902a,genus,4c61f6d2-53ea-467c-8a19-7203ff756177,Austrogramme,Plantae,Polypodiopsida,https://vvtaxatree.tbn.org.tw/taxa/ad962707-294c-47b3-97c9-e228a5a5902a
2bafd475-88a7-48c8-adf7-3e493fd3b0b4,genus,4c61f6d2-53ea-467c-8a19-7203ff756177,Cerosora,Plantae,Polypodiopsida,https://vvtaxatree.tbn.org.tw/taxa/2bafd475-88a7-48c8-adf7-3e493fd3b0b4
47935314-bb73-4d14-bc6a-9d69c6e78633,genus,4c61f6d2-53ea-467c-8a19-7203ff756177,Cosentinia,Plantae,Polypodiopsida,https://vvtaxatree.tbn.org.tw/taxa/47935314-bb73-4d14-bc6a-9d69c6e78633
248e9510-47ad-494c-8085-419bc518f273,genus,4c61f6d2-53ea-467c-8a19-7203ff756177,Jamesonia,Plantae,Polypodiopsida,https://vvtaxatree.tbn.org.tw/taxa/248e9510-47ad-494c-8085-419bc518f273
fda139b9-2de2-4e8a-9fdb-b22a3735ef10,genus,4c61f6d2-53ea-467c-8a19-7203ff756177,Nephopteris,Plantae,Polypodiopsida,https://vvtaxatree.tbn.org.tw/taxa/fda139b9-2de2-4e8a-9fdb-b22a3735ef10
906e2466-6aee-436a-8cc5-5974b1bca696,genus,4c61f6d2-53ea-467c-8a19-7203ff756177,Pterozonium,Plantae,Polypodiopsida,https://vvtaxatree.tbn.org.tw/taxa/906e2466-6aee-436a-8cc5-5974b1bca696
cc33c5b8-c1d5-49aa-81f9-167874e747a1,genus,4c61f6d2-53ea-467c-8a19-7203ff756177,Syngramma,Plantae,Polypodiopsida,https://vvtaxatree.tbn.org.tw/taxa/cc33c5b8-c1d5-49aa-81f9-167874e747a1
b42c1bb4-0cb0-402b-8dea-c2e6ce7cba0c,genus,4c61f6d2-53ea-467c-8a19-7203ff756177,Taenitis,Plantae,Polypodiopsida,https://vvtaxatree.tbn.org.tw/taxa/b42c1bb4-0cb0-402b-8dea-c2e6ce7cba0c
11d8ffd8-327c-4602-ace3-4d9aa1540399,genus,4c61f6d2-53ea-467c-8a19-7203ff756177,Adiantopsis,Plantae,Polypodiopsida,https://vvtaxatree.tbn.org.tw/taxa/11d8ffd8-327c-4602-ace3-4d9aa1540399
479b2458-3364-4111-b140-41f2e393ee9b,genus,4c61f6d2-53ea-467c-8a19-7203ff756177,Argyrochosma,Plantae,Polypodiopsida,https://vvtaxatree.tbn.org.tw/taxa/479b2458-3364-4111-b140-41f2e393ee9b
5eb11860-0913-420c-acf0-3a2113d63739,genus,4c61f6d2-53ea-467c-8a19-7203ff756177,Aspidotis,Plantae,Polypodiopsida,https://vvtaxatree.tbn.org.tw/taxa/5eb11860-0913-420c-acf0-3a2113d63739
15b9d85e-95a0-4bb7-85a2-805b7c36bbee,genus,4c61f6d2-53ea-467c-8a19-7203ff756177,Astrolepis,Plantae,Polypodiopsida,https://vvtaxatree.tbn.org.tw/taxa/15b9d85e-95a0-4bb7-85a2-805b7c36bbee
bf189cc1-fbbb-4def-8157-c503ae420f72,genus,4c61f6d2-53ea-467c-8a19-7203ff756177,Bommeria,Plantae,Polypodiopsida,https://vvtaxatree.tbn.org.tw/taxa/bf189cc1-fbbb-4def-8157-c503ae420f72
0fee32cb-a032-496a-9117-2601d5bd9cdf,genus,4c61f6d2-53ea-467c-8a19-7203ff756177,Calciphilopteris,Plantae,Polypodiopsida,https://vvtaxatree.tbn.org.tw/taxa/0fee32cb-a032-496a-9117-2601d5bd9cdf
7e18b850-0fef-4dc1-aceb-84c8a9bbce93,genus,4c61f6d2-53ea-467c-8a19-7203ff756177,Cassebeera,Plantae,Polypodiopsida,https://vvtaxatree.tbn.org.tw/taxa/7e18b850-0fef-4dc1-aceb-84c8a9bbce93
0c62509d-6c2d-42ad-b40d-9765db3ba712,genus,4c61f6d2-53ea-467c-8a19-7203ff756177,Cheiloplecton,Plantae,Polypodiopsida,https://vvtaxatree.tbn.org.tw/taxa/0c62509d-6c2d-42ad-b40d-9765db3ba712
1b011310-3154-4fbb-8381-0690ecd66fe2,genus,4c61f6d2-53ea-467c-8a19-7203ff756177,Hemionitis,Plantae,Polypodiopsida,https://vvtaxatree.tbn.org.tw/taxa/1b011310-3154-4fbb-8381-0690ecd66fe2
8ea320b3-fc09-43de-b12f-13b16efc5739,genus,4c61f6d2-53ea-467c-8a19-7203ff756177,Paraceterach,Plantae,Polypodiopsida,https://vvtaxatree.tbn.org.tw/taxa/8ea320b3-fc09-43de-b12f-13b16efc5739
361e8931-b334-4e90-af9e-f583f4b9d4f5,genus,4c61f6d2-53ea-467c-8a19-7203ff756177,Pellaea,Plantae,Polypodiopsida,https://vvtaxatree.tbn.org.tw/taxa/361e8931-b334-4e90-af9e-f583f4b9d4f5
adfe827a-35ef-4e0b-aabe-10b93983714b,genus,4c61f6d2-53ea-467c-8a19-7203ff756177,Pentagramma,Plantae,Polypodiopsida,https://vvtaxatree.tbn.org.tw/taxa/adfe827a-35ef-4e0b-aabe-10b93983714b
8728d481-ebf7-4a0d-9fca-f7887712561f,genus,4c61f6d2-53ea-467c-8a19-7203ff756177,Trachypteris,Plantae,Polypodiopsida,https://vvtaxatree.tbn.org.tw/taxa/8728d481-ebf7-4a0d-9fca-f7887712561f
5c563de4-623c-4d61-b340-ff6f4d890e9f,genus,4c61f6d2-53ea-467c-8a19-7203ff756177,Tryonella,Plantae,Polypodiopsida,https://vvtaxatree.tbn.org.tw/taxa/5c563de4-623c-4d61-b340-ff6f4d890e9f
50c4af7e-4ce1-45b6-b3fc-10136c2d0cec,genus,4c61f6d2-53ea-467c-8a19-7203ff756177,Ananthacorus,Plantae,Polypodiopsida,https://vvtaxatree.tbn.org.tw/taxa/50c4af7e-4ce1-45b6-b3fc-10136c2d0cec
f9f82a77-1ba9-4ab3-a147-8523849f775d,genus,4c61f6d2-53ea-467c-8a19-7203ff756177,Anetium,Plantae,Polypodiopsida,https://vvtaxatree.tbn.org.tw/taxa/f9f82a77-1ba9-4ab3-a147-8523849f775d
9cc37f98-4823-4c26-9571-6a921076acc0,genus,4c61f6d2-53ea-467c-8a19-7203ff756177,Hecistopteris,Plantae,Polypodiopsida,https://vvtaxatree.tbn.org.tw/taxa/9cc37f98-4823-4c26-9571-6a921076acc0
51ae93f3-3de4-4934-b07f-27325557f581,genus,4c61f6d2-53ea-467c-8a19-7203ff756177,Monogramma,Plantae,Polypodiopsida,https://vvtaxatree.tbn.org.tw/taxa/51ae93f3-3de4-4934-b07f-27325557f581
dfda0993-d86b-48bf-8d47-05b551fe1dba,genus,4c61f6d2-53ea-467c-8a19-7203ff756177,Polytaenium,Plantae,Polypodiopsida,https://vvtaxatree.tbn.org.tw/taxa/dfda0993-d86b-48bf-8d47-05b551fe1dba
54278066-84ef-4aba-8baa-cb34a777859e,genus,4c61f6d2-53ea-467c-8a19-7203ff756177,Radiovittaria,Plantae,Polypodiopsida,https://vvtaxatree.tbn.org.tw/taxa/54278066-84ef-4aba-8baa-cb34a777859e
e3b7b6f4-d25a-4689-8523-78533755d30e,genus,4c61f6d2-53ea-467c-8a19-7203ff756177,Rheopteris,Plantae,Polypodiopsida,https://vvtaxatree.tbn.org.tw/taxa/e3b7b6f4-d25a-4689-8523-78533755d30e
da5ab667-8bcc-4dbf-aa92-df90bdc8e832,genus,4c61f6d2-53ea-467c-8a19-7203ff756177,Scoliosorus,Plantae,Polypodiopsida,https://vvtaxatree.tbn.org.tw/taxa/da5ab667-8bcc-4dbf-aa92-df90bdc8e832
ae601e72-a0d6-4736-8619-983eedea6ebe,genus,4c61f6d2-53ea-467c-8a19-7203ff756177,Vittaria,Plantae,Polypodiopsida,https://vvtaxatree.tbn.org.tw/taxa/ae601e72-a0d6-4736-8619-983eedea6ebe
96806dff-b713-4a9d-86f9-395ec49e5c34,genus,20331920-74f1-419f-815f-fea513a39945,Cystoathyrium,Plantae,Polypodiopsida,https://vvtaxatree.tbn.org.tw/taxa/96806dff-b713-4a9d-86f9-395ec49e5c34
5bf5e4b4-b779-488d-aa35-d2fc7a71e619,genus,91a4d138-4ce9-4a39-b07c-b045f02b6dd8,Hemidictyum,Plantae,Polypodiopsida,https://vvtaxatree.tbn.org.tw/taxa/5bf5e4b4-b779-488d-aa35-d2fc7a71e619
b554fa69-f75a-4309-8ae5-d44c9d36d977,genus,91a4d138-4ce9-4a39-b07c-b045f02b6dd8,Homalosorus,Plantae,Polypodiopsida,https://vvtaxatree.tbn.org.tw/taxa/b554fa69-f75a-4309-8ae5-d44c9d36d977
77c75a50-5368-4fa8-8251-8cb30b29653a,genus,ce52e706-4cdb-46dd-ae05-eb3a24d4e858,Cheilanthopsis,Plantae,Polypodiopsida,https://vvtaxatree.tbn.org.tw/taxa/77c75a50-5368-4fa8-8251-8cb30b29653a
6e335fd0-85a2-491e-a8f8-d5cb312b894c,genus,ce52e706-4cdb-46dd-ae05-eb3a24d4e858,Hymenocystis,Plantae,Polypodiopsida,https://vvtaxatree.tbn.org.tw/taxa/6e335fd0-85a2-491e-a8f8-d5cb312b894c
f1384be2-d3ef-41b7-b7cb-7a9d4d41204d,genus,ce52e706-4cdb-46dd-ae05-eb3a24d4e858,Protowoodsia,Plantae,Polypodiopsida,https://vvtaxatree.tbn.org.tw/taxa/f1384be2-d3ef-41b7-b7cb-7a9d4d41204d
0880772b-4348-4f86-9479-8e3da1eb370f,genus,c9561f7a-52ad-44e0-93f3-b53b84a7890d,Onoclea,Plantae,Polypodiopsida,https://vvtaxatree.tbn.org.tw/taxa/0880772b-4348-4f86-9479-8e3da1eb370f
73baf72d-dadf-42d5-9f15-4de49327a72b,genus,9a56e770-3614-4c96-a1a1-7d0bdb65a97c,Salpichlaena,Plantae,Polypodiopsida,https://vvtaxatree.tbn.org.tw/taxa/73baf72d-dadf-42d5-9f15-4de49327a72b
d2a938a6-945d-4dd2-bfad-cddd3aeb7aaf,genus,9a56e770-3614-4c96-a1a1-7d0bdb65a97c,Stenochlaena,Plantae,Polypodiopsida,https://vvtaxatree.tbn.org.tw/taxa/d2a938a6-945d-4dd2-bfad-cddd3aeb7aaf
5c32fe4a-89c3-4275-99ac-354f9796a917,genus,9a56e770-3614-4c96-a1a1-7d0bdb65a97c,Sadleria,Plantae,Polypodiopsida,https://vvtaxatree.tbn.org.tw/taxa/5c32fe4a-89c3-4275-99ac-354f9796a917
3e79b5bf-0574-4895-9375-f207300accbe,genus,9a56e770-3614-4c96-a1a1-7d0bdb65a97c,Pteridoblechnum,Plantae,Polypodiopsida,https://vvtaxatree.tbn.org.tw/taxa/3e79b5bf-0574-4895-9375-f207300accbe
d248b0f5-b997-4403-b8fe-2fa993cee33c,genus,9a56e770-3614-4c96-a1a1-7d0bdb65a97c,Blechnum,Plantae,Polypodiopsida,https://vvtaxatree.tbn.org.tw/taxa/d248b0f5-b997-4403-b8fe-2fa993cee33c
4f833b56-fce7-4e7e-b928-13d0df9249af,genus,349c2334-c934-4ae8-98f9-ea5b823dc97f,Didymochlaena,Plantae,Polypodiopsida,https://vvtaxatree.tbn.org.tw/taxa/4f833b56-fce7-4e7e-b928-13d0df9249af
4e590a01-6ad6-42d5-9fcf-c627818f8f99,genus,f64aca36-6427-4696-983d-2d1759729ae6,Adenoderris,Plantae,Polypodiopsida,https://vvtaxatree.tbn.org.tw/taxa/4e590a01-6ad6-42d5-9fcf-c627818f8f99
466f85be-f547-44e0-9f4e-5ae6da37201e,genus,f64aca36-6427-4696-983d-2d1759729ae6,Coveniella,Plantae,Polypodiopsida,https://vvtaxatree.tbn.org.tw/taxa/466f85be-f547-44e0-9f4e-5ae6da37201e
4436a40b-2a4e-42a2-b4c6-4c7c8b71efb7,genus,f64aca36-6427-4696-983d-2d1759729ae6,Dracoglossum,Plantae,Polypodiopsida,https://vvtaxatree.tbn.org.tw/taxa/4436a40b-2a4e-42a2-b4c6-4c7c8b71efb7
45ce012c-3482-4c0a-b276-7f9a7eabede1,genus,f64aca36-6427-4696-983d-2d1759729ae6,Revwattsia,Plantae,Polypodiopsida,https://vvtaxatree.tbn.org.tw/taxa/45ce012c-3482-4c0a-b276-7f9a7eabede1
2d506f14-a9fe-499d-8a8f-ff7a076f40e3,genus,f64aca36-6427-4696-983d-2d1759729ae6,Stenolepia,Plantae,Polypodiopsida,https://vvtaxatree.tbn.org.tw/taxa/2d506f14-a9fe-499d-8a8f-ff7a076f40e3
a6f383e4-f4f3-441f-9503-7c787a9cc714,genus,f64aca36-6427-4696-983d-2d1759729ae6,Cyrtogonellum,Plantae,Polypodiopsida,https://vvtaxatree.tbn.org.tw/taxa/a6f383e4-f4f3-441f-9503-7c787a9cc714
2c101300-0348-48ec-9604-f3790e4aecaa,genus,f64aca36-6427-4696-983d-2d1759729ae6,Cyrtomidictyum,Plantae,Polypodiopsida,https://vvtaxatree.tbn.org.tw/taxa/2c101300-0348-48ec-9604-f3790e4aecaa
2972d04c-3917-4fb5-8c72-4e8d7ce87c6d,genus,f64aca36-6427-4696-983d-2d1759729ae6,Dryopolystichum,Plantae,Polypodiopsida,https://vvtaxatree.tbn.org.tw/taxa/2972d04c-3917-4fb5-8c72-4e8d7ce87c6d
61b8590b-a420-481c-9029-fa6f34226d4d,genus,f64aca36-6427-4696-983d-2d1759729ae6,Phanerophlebia,Plantae,Polypodiopsida,https://vvtaxatree.tbn.org.tw/taxa/61b8590b-a420-481c-9029-fa6f34226d4d
8a365c1a-4037-43af-8c64-4b3ae4bb93f3,genus,f64aca36-6427-4696-983d-2d1759729ae6,Polystichopsis,Plantae,Polypodiopsida,https://vvtaxatree.tbn.org.tw/taxa/8a365c1a-4037-43af-8c64-4b3ae4bb93f3
d3c5ed34-66f1-406e-a62d-a3563a341b36,genus,f64aca36-6427-4696-983d-2d1759729ae6,Arthrobotrya,Plantae,Polypodiopsida,https://vvtaxatree.tbn.org.tw/taxa/d3c5ed34-66f1-406e-a62d-a3563a341b36
c8d80afe-ff72-460d-a4ef-133fe87fbc72,genus,f64aca36-6427-4696-983d-2d1759729ae6,Cyclodium,Plantae,Polypodiopsida,https://vvtaxatree.tbn.org.tw/taxa/c8d80afe-ff72-460d-a4ef-133fe87fbc72
32fad4f9-a3df-413e-a1db-4e10c67b12dd,genus,f64aca36-6427-4696-983d-2d1759729ae6,Lomagramma,Plantae,Polypodiopsida,https://vvtaxatree.tbn.org.tw/taxa/32fad4f9-a3df-413e-a1db-4e10c67b12dd
93dc3445-3126-4aa3-b9c2-abb06808aeaa,genus,f64aca36-6427-4696-983d-2d1759729ae6,Maxonia,Plantae,Polypodiopsida,https://vvtaxatree.tbn.org.tw/taxa/93dc3445-3126-4aa3-b9c2-abb06808aeaa
4eb31a9c-96a0-47bd-9fcf-59495307b9cd,genus,f64aca36-6427-4696-983d-2d1759729ae6,Megalastrum,Plantae,Polypodiopsida,https://vvtaxatree.tbn.org.tw/taxa/4eb31a9c-96a0-47bd-9fcf-59495307b9cd
ce9cd6f7-c138-4245-82a1-651f8727c03d,genus,f64aca36-6427-4696-983d-2d1759729ae6,Mickelia,Plantae,Polypodiopsida,https://vvtaxatree.tbn.org.tw/taxa/ce9cd6f7-c138-4245-82a1-651f8727c03d
3f241cea-0223-4547-8fae-4d9804101c44,genus,f64aca36-6427-4696-983d-2d1759729ae6,Olfersia,Plantae,Polypodiopsida,https://vvtaxatree.tbn.org.tw/taxa/3f241cea-0223-4547-8fae-4d9804101c44
7e7ba8ff-8925-42b2-a9ba-a108eb2b2d9b,genus,f64aca36-6427-4696-983d-2d1759729ae6,Polybotrya,Plantae,Polypodiopsida,https://vvtaxatree.tbn.org.tw/taxa/7e7ba8ff-8925-42b2-a9ba-a108eb2b2d9b
92ae4f48-d84a-40f1-8606-6dc6dbae98fa,genus,f64aca36-6427-4696-983d-2d1759729ae6,Rumohra,Plantae,Polypodiopsida,https://vvtaxatree.tbn.org.tw/taxa/92ae4f48-d84a-40f1-8606-6dc6dbae98fa
89d5f071-fc62-49e5-9720-c47764c48b3c,genus,f64aca36-6427-4696-983d-2d1759729ae6,Stigmatopteris,Plantae,Polypodiopsida,https://vvtaxatree.tbn.org.tw/taxa/89d5f071-fc62-49e5-9720-c47764c48b3c
6c7a55cf-d75c-4e25-af98-63164a51f346,genus,f64aca36-6427-4696-983d-2d1759729ae6,Teratophyllum,Plantae,Polypodiopsida,https://vvtaxatree.tbn.org.tw/taxa/6c7a55cf-d75c-4e25-af98-63164a51f346
f95cf476-7a6c-49e2-8412-2c5c487ed4e0,genus,a1639c59-b12b-41fd-9c75-fae8e66ac5c7,Cyclopeltis,Plantae,Polypodiopsida,https://vvtaxatree.tbn.org.tw/taxa/f95cf476-7a6c-49e2-8412-2c5c487ed4e0
2211fb8d-1788-4fb9-a7e6-671031a2e989,genus,a1639c59-b12b-41fd-9c75-fae8e66ac5c7,Thysanosoria,Plantae,Polypodiopsida,https://vvtaxatree.tbn.org.tw/taxa/2211fb8d-1788-4fb9-a7e6-671031a2e989
9b605a53-bbbf-4165-a58b-c86de4211ccf,genus,5933499b-525d-438a-a37e-5ad373dea773,Psammiosorus,Plantae,Polypodiopsida,https://vvtaxatree.tbn.org.tw/taxa/9b605a53-bbbf-4165-a58b-c86de4211ccf
624621c9-60db-4b90-a376-ea7b6c3f01e4,genus,5933499b-525d-438a-a37e-5ad373dea773,Aenigmopteris,Plantae,Polypodiopsida,https://vvtaxatree.tbn.org.tw/taxa/624621c9-60db-4b90-a376-ea7b6c3f01e4
49733336-6825-44b1-b497-fea0d1757de9,genus,5933499b-525d-438a-a37e-5ad373dea773,Hypoderris,Plantae,Polypodiopsida,https://vvtaxatree.tbn.org.tw/taxa/49733336-6825-44b1-b497-fea0d1757de9
4ff7c9e4-dc9f-4a2b-aa01-fedb1fd78697,genus,5933499b-525d-438a-a37e-5ad373dea773,Psomiocarpa,Plantae,Polypodiopsida,https://vvtaxatree.tbn.org.tw/taxa/4ff7c9e4-dc9f-4a2b-aa01-fedb1fd78697
066be6f8-3ff6-442c-a155-7f14aa9453c6,genus,5933499b-525d-438a-a37e-5ad373dea773,Triplophyllum,Plantae,Polypodiopsida,https://vvtaxatree.tbn.org.tw/taxa/066be6f8-3ff6-442c-a155-7f14aa9453c6
5c80d242-4661-4112-aa72-ff73e6462923,genus,5933499b-525d-438a-a37e-5ad373dea773,Wagneriopteris,Plantae,Polypodiopsida,https://vvtaxatree.tbn.org.tw/taxa/5c80d242-4661-4112-aa72-ff73e6462923
3ea97875-37e4-4911-b4f8-4cacb94c775b,genus,01d81900-e524-44b4-842b-1d9738a48f22,Davallodes,Plantae,Polypodiopsida,https://vvtaxatree.tbn.org.tw/taxa/3ea97875-37e4-4911-b4f8-4cacb94c775b
d875ee1a-1fb3-4bd2-8d0f-999f125014ce,genus,44c7d42f-44ae-4719-9d70-d24a6e129feb,Christiopteris,Plantae,Polypodiopsida,https://vvtaxatree.tbn.org.tw/taxa/d875ee1a-1fb3-4bd2-8d0f-999f125014ce
9fa1ba6b-25be-4c92-8ed0-194b7eac67a8,genus,44c7d42f-44ae-4719-9d70-d24a6e129feb,Drynaria,Plantae,Polypodiopsida,https://vvtaxatree.tbn.org.tw/taxa/9fa1ba6b-25be-4c92-8ed0-194b7eac67a8
e907069f-6c8d-4cfb-b6a2-452a688b4454,genus,44c7d42f-44ae-4719-9d70-d24a6e129feb,Gymnogrammitis,Plantae,Polypodiopsida,https://vvtaxatree.tbn.org.tw/taxa/e907069f-6c8d-4cfb-b6a2-452a688b4454
ee46324e-de75-4f34-83f8-80fa125cff01,genus,44c7d42f-44ae-4719-9d70-d24a6e129feb,Paraselliguea,Plantae,Polypodiopsida,https://vvtaxatree.tbn.org.tw/taxa/ee46324e-de75-4f34-83f8-80fa125cff01
b87f882d-4789-4cb4-9fce-601ce42e8716,genus,44c7d42f-44ae-4719-9d70-d24a6e129feb,Phymatopteris,Plantae,Polypodiopsida,https://vvtaxatree.tbn.org.tw/taxa/b87f882d-4789-4cb4-9fce-601ce42e8716
ff709517-7741-4881-948c-c69327f2faf6,genus,44c7d42f-44ae-4719-9d70-d24a6e129feb,Dendroconche,Plantae,Polypodiopsida,https://vvtaxatree.tbn.org.tw/taxa/ff709517-7741-4881-948c-c69327f2faf6
fa993e57-2274-4721-89b7-005d46999c07,genus,44c7d42f-44ae-4719-9d70-d24a6e129feb,Kaulinia,Plantae,Polypodiopsida,https://vvtaxatree.tbn.org.tw/taxa/fa993e57-2274-4721-89b7-005d46999c07
0c83d09b-8d8c-4870-9864-26965aba69dc,genus,44c7d42f-44ae-4719-9d70-d24a6e129feb,Kontumia,Plantae,Polypodiopsida,https://vvtaxatree.tbn.org.tw/taxa/0c83d09b-8d8c-4870-9864-26965aba69dc
7c6dd89d-b48b-4f5b-ba6c-f3bcdb148747,genus,44c7d42f-44ae-4719-9d70-d24a6e129feb,Lecanopteris,Plantae,Polypodiopsida,https://vvtaxatree.tbn.org.tw/taxa/7c6dd89d-b48b-4f5b-ba6c-f3bcdb148747
7a1f1b64-c4a3-491b-86a6-7b81cbd0cc16,genus,44c7d42f-44ae-4719-9d70-d24a6e129feb,Neocheiropteris,Plantae,Polypodiopsida,https://vvtaxatree.tbn.org.tw/taxa/7a1f1b64-c4a3-491b-86a6-7b81cbd0cc16
7f1423bd-fc5c-422d-aab4-7df153da8b50,genus,44c7d42f-44ae-4719-9d70-d24a6e129feb,Paragramma,Plantae,Polypodiopsida,https://vvtaxatree.tbn.org.tw/taxa/7f1423bd-fc5c-422d-aab4-7df153da8b50
56b211c4-f1f8-4324-9d72-1e5f05de8c20,genus,44c7d42f-44ae-4719-9d70-d24a6e129feb,Phymatosorus,Plantae,Polypodiopsida,https://vvtaxatree.tbn.org.tw/taxa/56b211c4-f1f8-4324-9d72-1e5f05de8c20
bd7bb19c-b112-4fe4-a26a-13a313bf863f,genus,44c7d42f-44ae-4719-9d70-d24a6e129feb,Podosorus,Plantae,Polypodiopsida,https://vvtaxatree.tbn.org.tw/taxa/bd7bb19c-b112-4fe4-a26a-13a313bf863f
e3553e4e-180c-4689-8757-31db8d0aabf1,genus,44c7d42f-44ae-4719-9d70-d24a6e129feb,Thylacopteris,Plantae,Polypodiopsida,https://vvtaxatree.tbn.org.tw/taxa/e3553e4e-180c-4689-8757-31db8d0aabf1
5446a76b-c29f-4cbc-bf78-e2c7f4830836,genus,44c7d42f-44ae-4719-9d70-d24a6e129feb,Campyloneurum,Plantae,Polypodiopsida,https://vvtaxatree.tbn.org.tw/taxa/5446a76b-c29f-4cbc-bf78-e2c7f4830836
39270813-c8bc-4602-80a7-f3bff2b7f7b6,genus,44c7d42f-44ae-4719-9d70-d24a6e129feb,Microgramma,Plantae,Polypodiopsida,https://vvtaxatree.tbn.org.tw/taxa/39270813-c8bc-4602-80a7-f3bff2b7f7b6
b5c429cb-0ef8-4419-a0ac-a040ee241278,genus,44c7d42f-44ae-4719-9d70-d24a6e129feb,Niphidium,Plantae,Polypodiopsida,https://vvtaxatree.tbn.org.tw/taxa/b5c429cb-0ef8-4419-a0ac-a040ee241278
666b7df4-d417-443a-b33c-380e03292f57,genus,44c7d42f-44ae-4719-9d70-d24a6e129feb,Pecluma,Plantae,Polypodiopsida,https://vvtaxatree.tbn.org.tw/taxa/666b7df4-d417-443a-b33c-380e03292f57
df437a3a-a6a5-43ca-8c0b-e7b400e1014a,genus,44c7d42f-44ae-4719-9d70-d24a6e129feb,Phlebodium,Plantae,Polypodiopsida,https://vvtaxatree.tbn.org.tw/taxa/df437a3a-a6a5-43ca-8c0b-e7b400e1014a
244d168b-a9a4-4719-9dfc-d5a69608de24,genus,44c7d42f-44ae-4719-9d70-d24a6e129feb,Pleurosoriopsis,Plantae,Polypodiopsida,https://vvtaxatree.tbn.org.tw/taxa/244d168b-a9a4-4719-9dfc-d5a69608de24
da86bb31-b1cb-4c2d-b549-51612d1d2875,genus,44c7d42f-44ae-4719-9d70-d24a6e129feb,Polypodium,Plantae,Polypodiopsida,https://vvtaxatree.tbn.org.tw/taxa/da86bb31-b1cb-4c2d-b549-51612d1d2875
a28427f4-92af-4c95-b005-2140e8ee1763,genus,44c7d42f-44ae-4719-9d70-d24a6e129feb,Serpocaulon,Plantae,Polypodiopsida,https://vvtaxatree.tbn.org.tw/taxa/a28427f4-92af-4c95-b005-2140e8ee1763
995adc8c-6f03-4cd2-adfd-fe967678e4d4,genus,44c7d42f-44ae-4719-9d70-d24a6e129feb,Synammia,Plantae,Polypodiopsida,https://vvtaxatree.tbn.org.tw/taxa/995adc8c-6f03-4cd2-adfd-fe967678e4d4
cf0f1b75-c732-417c-9748-e5c37172dbef,genus,44c7d42f-44ae-4719-9d70-d24a6e129feb,Acrosorus,Plantae,Polypodiopsida,https://vvtaxatree.tbn.org.tw/taxa/cf0f1b75-c732-417c-9748-e5c37172dbef
56776132-a594-4bcc-944e-e484d0baa503,genus,44c7d42f-44ae-4719-9d70-d24a6e129feb,Adenophorus,Plantae,Polypodiopsida,https://vvtaxatree.tbn.org.tw/taxa/56776132-a594-4bcc-944e-e484d0baa503
79661d38-2498-42f6-824d-a2e6f1a56174,genus,44c7d42f-44ae-4719-9d70-d24a6e129feb,Ceradenia,Plantae,Polypodiopsida,https://vvtaxatree.tbn.org.tw/taxa/79661d38-2498-42f6-824d-a2e6f1a56174
a0439be0-992e-40aa-81a9-024badaaaa63,genus,44c7d42f-44ae-4719-9d70-d24a6e129feb,Cochlidium,Plantae,Polypodiopsida,https://vvtaxatree.tbn.org.tw/taxa/a0439be0-992e-40aa-81a9-024badaaaa63
a187cec1-3cbe-494b-9bb1-44c47ee98e98,genus,44c7d42f-44ae-4719-9d70-d24a6e129feb,Ctenopteris,Plantae,Polypodiopsida,https://vvtaxatree.tbn.org.tw/taxa/a187cec1-3cbe-494b-9bb1-44c47ee98e98
45e94534-c04f-4269-b302-8feed75912ea,genus,44c7d42f-44ae-4719-9d70-d24a6e129feb,Enterosora,Plantae,Polypodiopsida,https://vvtaxatree.tbn.org.tw/taxa/45e94534-c04f-4269-b302-8feed75912ea
1dd8a39c-eb08-41e2-a763-00afabbd32b8,genus,44c7d42f-44ae-4719-9d70-d24a6e129feb,Lellingeria,Plantae,Polypodiopsida,https://vvtaxatree.tbn.org.tw/taxa/1dd8a39c-eb08-41e2-a763-00afabbd32b8
95f0ebcc-d87b-416a-bb81-0a5c78c9a849,genus,44c7d42f-44ae-4719-9d70-d24a6e129feb,Leucotrichum,Plantae,Polypodiopsida,https://vvtaxatree.tbn.org.tw/taxa/95f0ebcc-d87b-416a-bb81-0a5c78c9a849
8ebe60e5-0a9a-4670-bc17-df462316e9e9,genus,44c7d42f-44ae-4719-9d70-d24a6e129feb,Luisma,Plantae,Polypodiopsida,https://vvtaxatree.tbn.org.tw/taxa/8ebe60e5-0a9a-4670-bc17-df462316e9e9
3d26823b-e6f3-4599-a006-926223fc4287,genus,44c7d42f-44ae-4719-9d70-d24a6e129feb,Melpomene,Plantae,Polypodiopsida,https://vvtaxatree.tbn.org.tw/taxa/3d26823b-e6f3-4599-a006-926223fc4287
d8b44a37-f8b2-4fc3-8f35-322975c448ca,genus,44c7d42f-44ae-4719-9d70-d24a6e129feb,Nematopteris,Plantae,Polypodiopsida,https://vvtaxatree.tbn.org.tw/taxa/d8b44a37-f8b2-4fc3-8f35-322975c448ca
3e38b967-1612-4e42-a895-4a8bc947cdf8,genus,44c7d42f-44ae-4719-9d70-d24a6e129feb,Themelium,Plantae,Polypodiopsida,https://vvtaxatree.tbn.org.tw/taxa/3e38b967-1612-4e42-a895-4a8bc947cdf8
be5ceb24-1e2c-4fee-b34c-d2d3d02d3ec4,genus,44c7d42f-44ae-4719-9d70-d24a6e129feb,Zygophlebia,Plantae,Polypodiopsida,https://vvtaxatree.tbn.org.tw/taxa/be5ceb24-1e2c-4fee-b34c-d2d3d02d3ec4
86ccd921-3db9-48e9-ab67-64e3e705bd82,genus,44c7d42f-44ae-4719-9d70-d24a6e129feb,Terpsichore,Plantae,Polypodiopsida,https://vvtaxatree.tbn.org.tw/taxa/86ccd921-3db9-48e9-ab67-64e3e705bd82
9d27da50-9f10-41a8-a573-e18782291dc7,genus,e509b71b-a1de-4d4c-9d6f-5f44fed19f83,Dioon,Plantae,Spermatopsida,https://vvtaxatree.tbn.org.tw/taxa/9d27da50-9f10-41a8-a573-e18782291dc7
9b3d4006-a62a-4d40-adf5-59592e3eaf21,genus,e509b71b-a1de-4d4c-9d6f-5f44fed19f83,Bowenia,Plantae,Spermatopsida,https://vvtaxatree.tbn.org.tw/taxa/9b3d4006-a62a-4d40-adf5-59592e3eaf21
581b481a-5374-456f-8c2d-49b8f49aa556,genus,e509b71b-a1de-4d4c-9d6f-5f44fed19f83,Lepidozamia,Plantae,Spermatopsida,https://vvtaxatree.tbn.org.tw/taxa/581b481a-5374-456f-8c2d-49b8f49aa556
b1976639-85d7-430a-b65e-5e0741b8985f,genus,e509b71b-a1de-4d4c-9d6f-5f44fed19f83,Stangeria,Plantae,Spermatopsida,https://vvtaxatree.tbn.org.tw/taxa/b1976639-85d7-430a-b65e-5e0741b8985f
a68eeabb-8713-45cf-8e08-b4d9546b686d,genus,e509b71b-a1de-4d4c-9d6f-5f44fed19f83,Ceratozamia,Plantae,Spermatopsida,https://vvtaxatree.tbn.org.tw/taxa/a68eeabb-8713-45cf-8e08-b4d9546b686d
0edeff2a-5ebf-4479-8310-8b6d087f53b2,genus,e509b71b-a1de-4d4c-9d6f-5f44fed19f83,Microcycas,Plantae,Spermatopsida,https://vvtaxatree.tbn.org.tw/taxa/0edeff2a-5ebf-4479-8310-8b6d087f53b2
85eb7285-b323-4998-a5ac-716b9ad71465,genus,9f17acad-5f6b-4eaf-bb23-ed3fbb15bec5,Welwitschia,Plantae,Spermatopsida,https://vvtaxatree.tbn.org.tw/taxa/85eb7285-b323-4998-a5ac-716b9ad71465
87600c3e-218c-4465-9381-0bb9c1f54fe5,genus,4c160bcf-daed-47f3-9c52-1d08fb0c115f,Gnetum,Plantae,Spermatopsida,https://vvtaxatree.tbn.org.tw/taxa/87600c3e-218c-4465-9381-0bb9c1f54fe5
5ec6da35-c58a-4d61-b7ea-2b81a6fb743b,genus,a397ba47-c0ba-4732-911f-2cf58b7ba5db,Ephedra,Plantae,Spermatopsida,https://vvtaxatree.tbn.org.tw/taxa/5ec6da35-c58a-4d61-b7ea-2b81a6fb743b
75662c1b-aa8d-449b-a150-7ae4111d51fb,genus,f196256d-fa87-4caa-8d8d-fcb91a8c9361,Cathaya,Plantae,Spermatopsida,https://vvtaxatree.tbn.org.tw/taxa/75662c1b-aa8d-449b-a150-7ae4111d51fb
3a71b121-837b-4f12-bdac-1880203246b6,genus,f196256d-fa87-4caa-8d8d-fcb91a8c9361,Nothotsuga,Plantae,Spermatopsida,https://vvtaxatree.tbn.org.tw/taxa/3a71b121-837b-4f12-bdac-1880203246b6
b1e235e1-efcb-4238-82ef-36e21951a319,genus,c5d86519-396f-43d2-9b46-936f3006b171,Wollemia,Plantae,Spermatopsida,https://vvtaxatree.tbn.org.tw/taxa/b1e235e1-efcb-4238-82ef-36e21951a319
08bd844f-f5b2-46b6-be44-46f299594cdd,genus,19cdb725-b94d-47c3-8fd4-2a5e776816bd,Phyllocladus,Plantae,Spermatopsida,https://vvtaxatree.tbn.org.tw/taxa/08bd844f-f5b2-46b6-be44-46f299594cdd
d019117e-e944-4c18-8fdc-b0f7b72e45d7,genus,19cdb725-b94d-47c3-8fd4-2a5e776816bd,Lepidothamnus,Plantae,Spermatopsida,https://vvtaxatree.tbn.org.tw/taxa/d019117e-e944-4c18-8fdc-b0f7b72e45d7
244d3068-5c1f-4e06-9dcc-2cf1a64854aa,genus,19cdb725-b94d-47c3-8fd4-2a5e776816bd,Prumnopitys,Plantae,Spermatopsida,https://vvtaxatree.tbn.org.tw/taxa/244d3068-5c1f-4e06-9dcc-2cf1a64854aa
4c199621-917b-47d4-837a-d9b1659bfd37,genus,19cdb725-b94d-47c3-8fd4-2a5e776816bd,Sundacarpus,Plantae,Spermatopsida,https://vvtaxatree.tbn.org.tw/taxa/4c199621-917b-47d4-837a-d9b1659bfd37
35faf245-0132-4a47-9aa9-0099fb72d024,genus,19cdb725-b94d-47c3-8fd4-2a5e776816bd,Halocarpus,Plantae,Spermatopsida,https://vvtaxatree.tbn.org.tw/taxa/35faf245-0132-4a47-9aa9-0099fb72d024
4a8b7369-c710-4fb7-b5da-68b8df5b2b0b,genus,19cdb725-b94d-47c3-8fd4-2a5e776816bd,Parasitaxus,Plantae,Spermatopsida,https://vvtaxatree.tbn.org.tw/taxa/4a8b7369-c710-4fb7-b5da-68b8df5b2b0b
f9a76b81-e426-4780-8d43-24d65e640149,genus,19cdb725-b94d-47c3-8fd4-2a5e776816bd,Lagarostrobos,Plantae,Spermatopsida,https://vvtaxatree.tbn.org.tw/taxa/f9a76b81-e426-4780-8d43-24d65e640149
8dfc08ef-c53f-45fe-999d-1c7c1986437f,genus,19cdb725-b94d-47c3-8fd4-2a5e776816bd,Manoao,Plantae,Spermatopsida,https://vvtaxatree.tbn.org.tw/taxa/8dfc08ef-c53f-45fe-999d-1c7c1986437f
1e571d27-359b-4fc7-9b2e-e215031f6c55,genus,19cdb725-b94d-47c3-8fd4-2a5e776816bd,Saxegothaea,Plantae,Spermatopsida,https://vvtaxatree.tbn.org.tw/taxa/1e571d27-359b-4fc7-9b2e-e215031f6c55
c48f5e24-3dfa-4ad9-bc21-fb7c45f137b1,genus,19cdb725-b94d-47c3-8fd4-2a5e776816bd,Microcachrys,Plantae,Spermatopsida,https://vvtaxatree.tbn.org.tw/taxa/c48f5e24-3dfa-4ad9-bc21-fb7c45f137b1
13bff5f5-e58c-4d53-b51a-270d3d497bf0,genus,19cdb725-b94d-47c3-8fd4-2a5e776816bd,Pherosphaera,Plantae,Spermatopsida,https://vvtaxatree.tbn.org.tw/taxa/13bff5f5-e58c-4d53-b51a-270d3d497bf0
eb507be8-88cc-4f9b-a87e-ece0a2fdaca5,genus,19cdb725-b94d-47c3-8fd4-2a5e776816bd,Acmopyle,Plantae,Spermatopsida,https://vvtaxatree.tbn.org.tw/taxa/eb507be8-88cc-4f9b-a87e-ece0a2fdaca5
bd358c56-89a5-4914-9544-a3f84af01e13,genus,19cdb725-b94d-47c3-8fd4-2a5e776816bd,Dacrycarpus,Plantae,Spermatopsida,https://vvtaxatree.tbn.org.tw/taxa/bd358c56-89a5-4914-9544-a3f84af01e13
aba502d3-9b28-4d9e-9431-6b08ee1a6733,genus,19cdb725-b94d-47c3-8fd4-2a5e776816bd,Dacrydium,Plantae,Spermatopsida,https://vvtaxatree.tbn.org.tw/taxa/aba502d3-9b28-4d9e-9431-6b08ee1a6733
fa6a4111-2227-4207-9def-e650d0e38ff3,genus,19cdb725-b94d-47c3-8fd4-2a5e776816bd,Falcatifolium,Plantae,Spermatopsida,https://vvtaxatree.tbn.org.tw/taxa/fa6a4111-2227-4207-9def-e650d0e38ff3
1293525f-24c5-48ac-bab5-819b085f8c02,genus,19cdb725-b94d-47c3-8fd4-2a5e776816bd,Retrophyllum,Plantae,Spermatopsida,https://vvtaxatree.tbn.org.tw/taxa/1293525f-24c5-48ac-bab5-819b085f8c02
ab04be5a-31b7-45bb-a115-3227e73fb204,genus,19cdb725-b94d-47c3-8fd4-2a5e776816bd,Afrocarpus,Plantae,Spermatopsida,https://vvtaxatree.tbn.org.tw/taxa/ab04be5a-31b7-45bb-a115-3227e73fb204
8a142fec-5554-48c7-b88f-a2141c06b9ac,genus,f57a3c03-498f-4e52-8070-58c7993b8170,Athrotaxis,Plantae,Spermatopsida,https://vvtaxatree.tbn.org.tw/taxa/8a142fec-5554-48c7-b88f-a2141c06b9ac
7c3b8d17-30f1-4381-a5aa-68baa5fa7082,genus,f57a3c03-498f-4e52-8070-58c7993b8170,Papuacedrus,Plantae,Spermatopsida,https://vvtaxatree.tbn.org.tw/taxa/7c3b8d17-30f1-4381-a5aa-68baa5fa7082
4bd8c363-e931-4aeb-a632-1b79fa1ce715,genus,f57a3c03-498f-4e52-8070-58c7993b8170,Austrocedrus,Plantae,Spermatopsida,https://vvtaxatree.tbn.org.tw/taxa/4bd8c363-e931-4aeb-a632-1b79fa1ce715
b10f2372-3985-495c-b717-ddd235a796ac,genus,f57a3c03-498f-4e52-8070-58c7993b8170,Libocedrus,Plantae,Spermatopsida,https://vvtaxatree.tbn.org.tw/taxa/b10f2372-3985-495c-b717-ddd235a796ac
d1c1f99c-c715-4412-8fda-3003003b1472,genus,f57a3c03-498f-4e52-8070-58c7993b8170,Pilgerodendron,Plantae,Spermatopsida,https://vvtaxatree.tbn.org.tw/taxa/d1c1f99c-c715-4412-8fda-3003003b1472
4a590d0b-d124-469b-bab4-17ec5a2e1e3b,genus,f57a3c03-498f-4e52-8070-58c7993b8170,Widdringtonia,Plantae,Spermatopsida,https://vvtaxatree.tbn.org.tw/taxa/4a590d0b-d124-469b-bab4-17ec5a2e1e3b
224d0e5c-3e98-4a86-8fa0-a7c620d3f869,genus,f57a3c03-498f-4e52-8070-58c7993b8170,Diselma,Plantae,Spermatopsida,https://vvtaxatree.tbn.org.tw/taxa/224d0e5c-3e98-4a86-8fa0-a7c620d3f869
00ac8003-640e-4565-8653-db16b8487fa4,genus,f57a3c03-498f-4e52-8070-58c7993b8170,Fitzroya,Plantae,Spermatopsida,https://vvtaxatree.tbn.org.tw/taxa/00ac8003-640e-4565-8653-db16b8487fa4
d885b1fd-5adc-4923-8adf-0849b9e7221f,genus,f57a3c03-498f-4e52-8070-58c7993b8170,Actinostrobus,Plantae,Spermatopsida,https://vvtaxatree.tbn.org.tw/taxa/d885b1fd-5adc-4923-8adf-0849b9e7221f
a96d01e5-eb03-4346-865f-86bdb6bf316b,genus,f57a3c03-498f-4e52-8070-58c7993b8170,Neocallitropsis,Plantae,Spermatopsida,https://vvtaxatree.tbn.org.tw/taxa/a96d01e5-eb03-4346-865f-86bdb6bf316b
14afe90a-3628-464f-afa1-f44f8dfa4097,genus,f57a3c03-498f-4e52-8070-58c7993b8170,Tetraclinis,Plantae,Spermatopsida,https://vvtaxatree.tbn.org.tw/taxa/14afe90a-3628-464f-afa1-f44f8dfa4097
c8bee1f6-b68e-482a-907b-2f97475dee70,genus,f57a3c03-498f-4e52-8070-58c7993b8170,Platycladus,Plantae,Spermatopsida,https://vvtaxatree.tbn.org.tw/taxa/c8bee1f6-b68e-482a-907b-2f97475dee70
697ed542-8b07-4ae4-8e32-5d2997ffd4a1,genus,f57a3c03-498f-4e52-8070-58c7993b8170,Microbiota,Plantae,Spermatopsida,https://vvtaxatree.tbn.org.tw/taxa/697ed542-8b07-4ae4-8e32-5d2997ffd4a1
c3262cf1-7b04-415e-9be7-e222b90f99c1,genus,e4ea2ba5-d0a1-43e0-a2f8-15a22abaf889,Austrotaxus,Plantae,Spermatopsida,https://vvtaxatree.tbn.org.tw/taxa/c3262cf1-7b04-415e-9be7-e222b90f99c1
ab11532f-233f-4486-9084-86e2789dc673,genus,26f82920-952f-4781-8de5-7b080341ea31,Barclaya,Plantae,Spermatopsida,https://vvtaxatree.tbn.org.tw/taxa/ab11532f-233f-4486-9084-86e2789dc673
97375280-8211-439a-8d78-541a0be9238c,genus,26f82920-952f-4781-8de5-7b080341ea31,Ondinea,Plantae,Spermatopsida,https://vvtaxatree.tbn.org.tw/taxa/97375280-8211-439a-8d78-541a0be9238c
28f42869-39ae-4b13-b4b6-e47f25053985,genus,6ef55651-81e3-44e9-a429-ef5a52a8b7b4,Tasmannia,Plantae,Spermatopsida,https://vvtaxatree.tbn.org.tw/taxa/28f42869-39ae-4b13-b4b6-e47f25053985
fbdca96f-6849-4991-87f8-fe504bef5dff,genus,6ef55651-81e3-44e9-a429-ef5a52a8b7b4,Bubbia,Plantae,Spermatopsida,https://vvtaxatree.tbn.org.tw/taxa/fbdca96f-6849-4991-87f8-fe504bef5dff
94a60bca-95c0-4b28-bbf8-6edd1dea5e57,genus,6ef55651-81e3-44e9-a429-ef5a52a8b7b4,Drimys,Plantae,Spermatopsida,https://vvtaxatree.tbn.org.tw/taxa/94a60bca-95c0-4b28-bbf8-6edd1dea5e57
8edfac56-8cb3-4115-b277-1711b92e5836,genus,6401b27b-7d25-4277-8cad-3c3789b79c04,Horsfieldia,Plantae,Spermatopsida,https://vvtaxatree.tbn.org.tw/taxa/8edfac56-8cb3-4115-b277-1711b92e5836
62d12c2c-8bc6-4836-a40e-827e9de80b31,genus,6401b27b-7d25-4277-8cad-3c3789b79c04,Virola,Plantae,Spermatopsida,https://vvtaxatree.tbn.org.tw/taxa/62d12c2c-8bc6-4836-a40e-827e9de80b31
e88dcc8d-eee4-46c8-88ad-fde8d6f8597e,genus,56e24bbe-b69e-40ed-8e6d-6b92090f05ca,Guatteria,Plantae,Spermatopsida,https://vvtaxatree.tbn.org.tw/taxa/e88dcc8d-eee4-46c8-88ad-fde8d6f8597e
a0f294fd-697b-4453-af15-fede15da7eac,genus,56e24bbe-b69e-40ed-8e6d-6b92090f05ca,Polyalthia,Plantae,Spermatopsida,https://vvtaxatree.tbn.org.tw/taxa/a0f294fd-697b-4453-af15-fede15da7eac
53dd1c5f-cb38-40e5-83e7-32bc08023758,genus,56e24bbe-b69e-40ed-8e6d-6b92090f05ca,Xylopia,Plantae,Spermatopsida,https://vvtaxatree.tbn.org.tw/taxa/53dd1c5f-cb38-40e5-83e7-32bc08023758
212caf6f-9340-49f4-b7c4-726047175631,genus,56e24bbe-b69e-40ed-8e6d-6b92090f05ca,Uvaria,Plantae,Spermatopsida,https://vvtaxatree.tbn.org.tw/taxa/212caf6f-9340-49f4-b7c4-726047175631
0c101ddb-6a0b-4969-827f-1b7db5c047d7,genus,56e24bbe-b69e-40ed-8e6d-6b92090f05ca,Monodora,Plantae,Spermatopsida,https://vvtaxatree.tbn.org.tw/taxa/0c101ddb-6a0b-4969-827f-1b7db5c047d7
3d939812-53ce-4ee1-bb65-8be15bbc4d31,genus,56e24bbe-b69e-40ed-8e6d-6b92090f05ca,Anaxagorea,Plantae,Spermatopsida,https://vvtaxatree.tbn.org.tw/taxa/3d939812-53ce-4ee1-bb65-8be15bbc4d31
b5e2f75b-1878-4ca7-a8a6-e50649e496a0,genus,56e24bbe-b69e-40ed-8e6d-6b92090f05ca,Asimina,Plantae,Spermatopsida,https://vvtaxatree.tbn.org.tw/taxa/b5e2f75b-1878-4ca7-a8a6-e50649e496a0
a1c6b536-2b04-403f-bb38-7c8b76f26a3b,genus,56e24bbe-b69e-40ed-8e6d-6b92090f05ca,Deeringothamnus,Plantae,Spermatopsida,https://vvtaxatree.tbn.org.tw/taxa/a1c6b536-2b04-403f-bb38-7c8b76f26a3b
7cf0e37a-3916-42c5-b7cd-afd65f421200,genus,44ab47eb-ac95-44f4-adbd-ead30bd016af,Ocotea,Plantae,Spermatopsida,https://vvtaxatree.tbn.org.tw/taxa/7cf0e37a-3916-42c5-b7cd-afd65f421200
244c536e-1bc8-4a84-bc13-af84de5eb6ce,genus,44ab47eb-ac95-44f4-adbd-ead30bd016af,Licaria,Plantae,Spermatopsida,https://vvtaxatree.tbn.org.tw/taxa/244c536e-1bc8-4a84-bc13-af84de5eb6ce
1764f53e-a813-4f59-a0d4-6582f67c1bfd,genus,44ab47eb-ac95-44f4-adbd-ead30bd016af,Nectandra,Plantae,Spermatopsida,https://vvtaxatree.tbn.org.tw/taxa/1764f53e-a813-4f59-a0d4-6582f67c1bfd
3bb4100e-0b36-46ea-8dd0-720ca3043716,genus,44ab47eb-ac95-44f4-adbd-ead30bd016af,Umbellularia,Plantae,Spermatopsida,https://vvtaxatree.tbn.org.tw/taxa/3bb4100e-0b36-46ea-8dd0-720ca3043716
17e4120f-a1fd-4cb8-a3d9-f1b5489a9715,genus,44ab47eb-ac95-44f4-adbd-ead30bd016af,Chlorocardium,Plantae,Spermatopsida,https://vvtaxatree.tbn.org.tw/taxa/17e4120f-a1fd-4cb8-a3d9-f1b5489a9715
ff06cd1e-67f9-4f30-9d39-9cc50265f728,genus,44ab47eb-ac95-44f4-adbd-ead30bd016af,Lepidadenia,Plantae,Spermatopsida,https://vvtaxatree.tbn.org.tw/taxa/ff06cd1e-67f9-4f30-9d39-9cc50265f728
12d13e6c-b2b2-423b-ac15-2d19843b8e03,genus,44ab47eb-ac95-44f4-adbd-ead30bd016af,Nothaphoebe,Plantae,Spermatopsida,https://vvtaxatree.tbn.org.tw/taxa/12d13e6c-b2b2-423b-ac15-2d19843b8e03
589fb5b0-466c-4fd7-90f6-aa34574869a2,genus,46d8188f-bcc4-4fd6-b88f-46f0e367fe06,Orontium,Plantae,Spermatopsida,https://vvtaxatree.tbn.org.tw/taxa/589fb5b0-466c-4fd7-90f6-aa34574869a2
9dc9b606-1f9c-452a-a0f7-eac30aa7dcb6,genus,46d8188f-bcc4-4fd6-b88f-46f0e367fe06,Peltandra,Plantae,Spermatopsida,https://vvtaxatree.tbn.org.tw/taxa/9dc9b606-1f9c-452a-a0f7-eac30aa7dcb6
9a47ec5b-7501-4f9c-ad3a-14db6a0f70fb,genus,46d8188f-bcc4-4fd6-b88f-46f0e367fe06,Spathicarpa,Plantae,Spermatopsida,https://vvtaxatree.tbn.org.tw/taxa/9a47ec5b-7501-4f9c-ad3a-14db6a0f70fb
c30e1bd6-49b3-446b-8ecc-80d80e3b032f,genus,46d8188f-bcc4-4fd6-b88f-46f0e367fe06,Zamioculcas,Plantae,Spermatopsida,https://vvtaxatree.tbn.org.tw/taxa/c30e1bd6-49b3-446b-8ecc-80d80e3b032f
06733f59-24f3-4bad-8501-afa03c81e9be,genus,5a3e3b2e-976a-4ab3-87ea-e4db8065cd48,Echinodorus,Plantae,Spermatopsida,https://vvtaxatree.tbn.org.tw/taxa/06733f59-24f3-4bad-8501-afa03c81e9be
8d3a9909-c5d3-4873-83c2-e2600b79dbc6,genus,5a3e3b2e-976a-4ab3-87ea-e4db8065cd48,Damasonium,Plantae,Spermatopsida,https://vvtaxatree.tbn.org.tw/taxa/8d3a9909-c5d3-4873-83c2-e2600b79dbc6
4b865160-aca9-4ac1-9cfa-db551861ea63,genus,e4f291e0-2eae-41cd-93be-551e4a5c2fad,Enhalus,Plantae,Spermatopsida,https://vvtaxatree.tbn.org.tw/taxa/4b865160-aca9-4ac1-9cfa-db551861ea63
ccad7ace-d8c7-4ab2-b29f-3743bcc519dd,genus,e4f291e0-2eae-41cd-93be-551e4a5c2fad,Lagarosiphon,Plantae,Spermatopsida,https://vvtaxatree.tbn.org.tw/taxa/ccad7ace-d8c7-4ab2-b29f-3743bcc519dd
1ff09a2d-b2b4-41c9-afb2-ef511f89fa86,genus,2eb7907b-4b87-4a65-bb17-ca139793d136,Metanarthecium,Plantae,Spermatopsida,https://vvtaxatree.tbn.org.tw/taxa/1ff09a2d-b2b4-41c9-afb2-ef511f89fa86
814d7eda-7207-4bc2-a0c1-f4c5128ec005,genus,50e00070-143f-46d8-966f-0211c21f0ace,Stenomeris,Plantae,Spermatopsida,https://vvtaxatree.tbn.org.tw/taxa/814d7eda-7207-4bc2-a0c1-f4c5128ec005
a40dd01f-7712-49b6-9084-ac415551f492,genus,5e941b8d-312b-4c79-b2d0-e2a46982219a,Helonias,Plantae,Spermatopsida,https://vvtaxatree.tbn.org.tw/taxa/a40dd01f-7712-49b6-9084-ac415551f492
c1776a38-d456-4915-b3b1-21b627d0bf63,genus,5e941b8d-312b-4c79-b2d0-e2a46982219a,Schoenocaulon,Plantae,Spermatopsida,https://vvtaxatree.tbn.org.tw/taxa/c1776a38-d456-4915-b3b1-21b627d0bf63
76b89eaf-2f11-428a-8dec-9cdb5c9a6886,genus,5e941b8d-312b-4c79-b2d0-e2a46982219a,Anticlea,Plantae,Spermatopsida,https://vvtaxatree.tbn.org.tw/taxa/76b89eaf-2f11-428a-8dec-9cdb5c9a6886
aaa45740-aea9-4f51-b47a-c44a809e69c5,genus,5e941b8d-312b-4c79-b2d0-e2a46982219a,Amianthium,Plantae,Spermatopsida,https://vvtaxatree.tbn.org.tw/taxa/aaa45740-aea9-4f51-b47a-c44a809e69c5
b959efaa-d03c-45a8-a56e-656a3b94c72e,genus,5e941b8d-312b-4c79-b2d0-e2a46982219a,Chamaelirium,Plantae,Spermatopsida,https://vvtaxatree.tbn.org.tw/taxa/b959efaa-d03c-45a8-a56e-656a3b94c72e
027a07f0-a65a-4830-b8ac-b18e6ac8e474,genus,5e941b8d-312b-4c79-b2d0-e2a46982219a,Pseudotrillium,Plantae,Spermatopsida,https://vvtaxatree.tbn.org.tw/taxa/027a07f0-a65a-4830-b8ac-b18e6ac8e474
90dd5259-b774-4870-8629-77e26f01f74e,genus,5e941b8d-312b-4c79-b2d0-e2a46982219a,Stenanthium,Plantae,Spermatopsida,https://vvtaxatree.tbn.org.tw/taxa/90dd5259-b774-4870-8629-77e26f01f74e
7282d67f-034f-4ee6-b568-e8d8975b9209,genus,5e941b8d-312b-4c79-b2d0-e2a46982219a,Toxicoscordion,Plantae,Spermatopsida,https://vvtaxatree.tbn.org.tw/taxa/7282d67f-034f-4ee6-b568-e8d8975b9209
44de90c6-2dc3-4718-aecf-06fb98ae05f5,genus,5e941b8d-312b-4c79-b2d0-e2a46982219a,Xerophyllum,Plantae,Spermatopsida,https://vvtaxatree.tbn.org.tw/taxa/44de90c6-2dc3-4718-aecf-06fb98ae05f5
83cf92f8-dfae-4afa-a153-903cd25ba505,genus,5e941b8d-312b-4c79-b2d0-e2a46982219a,Zigadenus,Plantae,Spermatopsida,https://vvtaxatree.tbn.org.tw/taxa/83cf92f8-dfae-4afa-a153-903cd25ba505
42a6bf84-be43-4f7b-a4dd-48358b403d6f,genus,9980ccf1-6223-4e33-a782-a6ea98bc188c,Colchicum,Plantae,Spermatopsida,https://vvtaxatree.tbn.org.tw/taxa/42a6bf84-be43-4f7b-a4dd-48358b403d6f
de930eba-e2bd-4642-96d0-ef3d84d5244e,genus,9980ccf1-6223-4e33-a782-a6ea98bc188c,Wurmbea,Plantae,Spermatopsida,https://vvtaxatree.tbn.org.tw/taxa/de930eba-e2bd-4642-96d0-ef3d84d5244e
60e7b9de-d138-4b0a-9661-cff60b59ea1b,genus,9980ccf1-6223-4e33-a782-a6ea98bc188c,Androcymbium,Plantae,Spermatopsida,https://vvtaxatree.tbn.org.tw/taxa/60e7b9de-d138-4b0a-9661-cff60b59ea1b
6e98964e-0986-4771-948c-edc5fc12e990,genus,9980ccf1-6223-4e33-a782-a6ea98bc188c,Iphigenia,Plantae,Spermatopsida,https://vvtaxatree.tbn.org.tw/taxa/6e98964e-0986-4771-948c-edc5fc12e990
db47b453-1173-4cc1-8df0-1b705cc372d3,genus,9980ccf1-6223-4e33-a782-a6ea98bc188c,Uvularia,Plantae,Spermatopsida,https://vvtaxatree.tbn.org.tw/taxa/db47b453-1173-4cc1-8df0-1b705cc372d3
cc215779-ba1b-47f4-8aaa-666f8ead4cc5,genus,76e49a13-f9b0-4624-9173-ebf23c935fd1,Calochortus,Plantae,Spermatopsida,https://vvtaxatree.tbn.org.tw/taxa/cc215779-ba1b-47f4-8aaa-666f8ead4cc5
7597f02b-400e-4a18-bcec-231d2f7aaaad,genus,76e49a13-f9b0-4624-9173-ebf23c935fd1,Clintonia,Plantae,Spermatopsida,https://vvtaxatree.tbn.org.tw/taxa/7597f02b-400e-4a18-bcec-231d2f7aaaad
152675ce-1bc8-447d-adbe-21a48aae0b0b,genus,76e49a13-f9b0-4624-9173-ebf23c935fd1,Medeola,Plantae,Spermatopsida,https://vvtaxatree.tbn.org.tw/taxa/152675ce-1bc8-447d-adbe-21a48aae0b0b
e950f8f9-579d-435b-8c42-db1f14ed7f04,genus,76e49a13-f9b0-4624-9173-ebf23c935fd1,Prosartes,Plantae,Spermatopsida,https://vvtaxatree.tbn.org.tw/taxa/e950f8f9-579d-435b-8c42-db1f14ed7f04
2f73b578-6ddf-4969-95fd-d2f239d7a4a4,genus,76e49a13-f9b0-4624-9173-ebf23c935fd1,Scoliopus,Plantae,Spermatopsida,https://vvtaxatree.tbn.org.tw/taxa/2f73b578-6ddf-4969-95fd-d2f239d7a4a4
eb265ae8-767f-41e4-b0ad-ef6d58ed4015,genus,4fce3eb4-3455-4d1c-b7a6-00ebc1a261a5,Empusa,Plantae,Spermatopsida,https://vvtaxatree.tbn.org.tw/taxa/eb265ae8-767f-41e4-b0ad-ef6d58ed4015
4147133f-4367-4b81-ae31-85b882155403,genus,4fce3eb4-3455-4d1c-b7a6-00ebc1a261a5,Salacistis,Plantae,Spermatopsida,https://vvtaxatree.tbn.org.tw/taxa/4147133f-4367-4b81-ae31-85b882155403
01aa06fa-ff64-4c2f-ad7a-5973ae09f062,genus,4fce3eb4-3455-4d1c-b7a6-00ebc1a261a5,Microtatorchis,Plantae,Spermatopsida,https://vvtaxatree.tbn.org.tw/taxa/01aa06fa-ff64-4c2f-ad7a-5973ae09f062
b2673fb2-5cf2-4b88-9db2-cc87d069444f,genus,4fce3eb4-3455-4d1c-b7a6-00ebc1a261a5,Bletia,Plantae,Spermatopsida,https://vvtaxatree.tbn.org.tw/taxa/b2673fb2-5cf2-4b88-9db2-cc87d069444f
fc173191-9d76-467c-941a-1edf690a60a1,genus,4fce3eb4-3455-4d1c-b7a6-00ebc1a261a5,Calopogon,Plantae,Spermatopsida,https://vvtaxatree.tbn.org.tw/taxa/fc173191-9d76-467c-941a-1edf690a60a1
9f225250-2f73-4e9d-a2e2-1a07b8e0c917,genus,4fce3eb4-3455-4d1c-b7a6-00ebc1a261a5,Calypso,Plantae,Spermatopsida,https://vvtaxatree.tbn.org.tw/taxa/9f225250-2f73-4e9d-a2e2-1a07b8e0c917
5c7b7f72-d46c-4bbd-b26f-6fac4070244f,genus,4fce3eb4-3455-4d1c-b7a6-00ebc1a261a5,Cleistes,Plantae,Spermatopsida,https://vvtaxatree.tbn.org.tw/taxa/5c7b7f72-d46c-4bbd-b26f-6fac4070244f
cc6dc718-778c-44e7-af50-b003589de889,genus,4fce3eb4-3455-4d1c-b7a6-00ebc1a261a5,Corallorhiza,Plantae,Spermatopsida,https://vvtaxatree.tbn.org.tw/taxa/cc6dc718-778c-44e7-af50-b003589de889
b5c4091d-9b26-4b70-ab05-6bbca92e8339,genus,4fce3eb4-3455-4d1c-b7a6-00ebc1a261a5,Encyclia,Plantae,Spermatopsida,https://vvtaxatree.tbn.org.tw/taxa/b5c4091d-9b26-4b70-ab05-6bbca92e8339
e0dbda6c-6a8b-438a-ae3d-4db58bbac4e3,genus,4fce3eb4-3455-4d1c-b7a6-00ebc1a261a5,Harrisella,Plantae,Spermatopsida,https://vvtaxatree.tbn.org.tw/taxa/e0dbda6c-6a8b-438a-ae3d-4db58bbac4e3
c062909d-4d18-45ae-92d4-6715d17d17df,genus,4fce3eb4-3455-4d1c-b7a6-00ebc1a261a5,Hexalectris,Plantae,Spermatopsida,https://vvtaxatree.tbn.org.tw/taxa/c062909d-4d18-45ae-92d4-6715d17d17df
68cc91ee-b71b-4bb7-9472-79e174b80c7a,genus,4fce3eb4-3455-4d1c-b7a6-00ebc1a261a5,Lepanthes,Plantae,Spermatopsida,https://vvtaxatree.tbn.org.tw/taxa/68cc91ee-b71b-4bb7-9472-79e174b80c7a
835c76a8-c081-4662-b981-67b50cd796d3,genus,4fce3eb4-3455-4d1c-b7a6-00ebc1a261a5,Masdevallia,Plantae,Spermatopsida,https://vvtaxatree.tbn.org.tw/taxa/835c76a8-c081-4662-b981-67b50cd796d3
bacd5364-8080-4ee1-94a6-ac8760490824,genus,4fce3eb4-3455-4d1c-b7a6-00ebc1a261a5,Maxillaria,Plantae,Spermatopsida,https://vvtaxatree.tbn.org.tw/taxa/bacd5364-8080-4ee1-94a6-ac8760490824
5d42cb45-f14e-4d14-bda0-982cb9f6f50f,genus,4fce3eb4-3455-4d1c-b7a6-00ebc1a261a5,Orchis,Plantae,Spermatopsida,https://vvtaxatree.tbn.org.tw/taxa/5d42cb45-f14e-4d14-bda0-982cb9f6f50f
fc92ae8f-287f-4f26-94ae-e7de416f746a,genus,4fce3eb4-3455-4d1c-b7a6-00ebc1a261a5,Pleurothallis,Plantae,Spermatopsida,https://vvtaxatree.tbn.org.tw/taxa/fc92ae8f-287f-4f26-94ae-e7de416f746a
b9aff598-25d3-4a68-9b71-d38660daae1d,genus,4fce3eb4-3455-4d1c-b7a6-00ebc1a261a5,Polystachya,Plantae,Spermatopsida,https://vvtaxatree.tbn.org.tw/taxa/b9aff598-25d3-4a68-9b71-d38660daae1d
6534bc17-d48f-4c8d-9ab4-1da249d95876,genus,4fce3eb4-3455-4d1c-b7a6-00ebc1a261a5,Ponthieva,Plantae,Spermatopsida,https://vvtaxatree.tbn.org.tw/taxa/6534bc17-d48f-4c8d-9ab4-1da249d95876
108effb2-7809-404d-93ae-9283ed5e17cf,genus,4fce3eb4-3455-4d1c-b7a6-00ebc1a261a5,Stelis,Plantae,Spermatopsida,https://vvtaxatree.tbn.org.tw/taxa/108effb2-7809-404d-93ae-9283ed5e17cf
03d7fef7-e924-4954-8841-8a6398655d8f,genus,4fce3eb4-3455-4d1c-b7a6-00ebc1a261a5,Triphora,Plantae,Spermatopsida,https://vvtaxatree.tbn.org.tw/taxa/03d7fef7-e924-4954-8841-8a6398655d8f
0c7bd7ef-a57e-466b-9eb9-2762a1ee4e38,genus,4fce3eb4-3455-4d1c-b7a6-00ebc1a261a5,Coeloglossum,Plantae,Spermatopsida,https://vvtaxatree.tbn.org.tw/taxa/0c7bd7ef-a57e-466b-9eb9-2762a1ee4e38
f50bc0f5-5461-4719-970a-23ec04d9feac,genus,4fce3eb4-3455-4d1c-b7a6-00ebc1a261a5,Podochilus,Plantae,Spermatopsida,https://vvtaxatree.tbn.org.tw/taxa/f50bc0f5-5461-4719-970a-23ec04d9feac
f812b870-b9ca-42c6-8862-e1f1ef3c7f17,genus,4fce3eb4-3455-4d1c-b7a6-00ebc1a261a5,Cirrhopetalum,Plantae,Spermatopsida,https://vvtaxatree.tbn.org.tw/taxa/f812b870-b9ca-42c6-8862-e1f1ef3c7f17
ed8ec08e-27d2-4091-9fdc-895ee1e396ad,genus,4fce3eb4-3455-4d1c-b7a6-00ebc1a261a5,Zosterostylis,Plantae,Spermatopsida,https://vvtaxatree.tbn.org.tw/taxa/ed8ec08e-27d2-4091-9fdc-895ee1e396ad
8c79f807-1a6f-4c1c-b5ba-8b31e937f691,genus,4fce3eb4-3455-4d1c-b7a6-00ebc1a261a5,Liuguishania,Plantae,Spermatopsida,https://vvtaxatree.tbn.org.tw/taxa/8c79f807-1a6f-4c1c-b5ba-8b31e937f691
47841433-0ae8-450a-82a8-d73e19f7ed5c,genus,4fce3eb4-3455-4d1c-b7a6-00ebc1a261a5,Grastidium,Plantae,Spermatopsida,https://vvtaxatree.tbn.org.tw/taxa/47841433-0ae8-450a-82a8-d73e19f7ed5c
4fb88b54-7a27-43fd-8c08-01c8b739c21f,genus,4fce3eb4-3455-4d1c-b7a6-00ebc1a261a5,Platyclinis,Plantae,Spermatopsida,https://vvtaxatree.tbn.org.tw/taxa/4fb88b54-7a27-43fd-8c08-01c8b739c21f
09846ed3-2498-4898-9b5a-d302c100abde,genus,4fce3eb4-3455-4d1c-b7a6-00ebc1a261a5,Leucolena,Plantae,Spermatopsida,https://vvtaxatree.tbn.org.tw/taxa/09846ed3-2498-4898-9b5a-d302c100abde
97c358c0-83cd-4e7e-9783-1168b65149ed,genus,4fce3eb4-3455-4d1c-b7a6-00ebc1a261a5,Epiphanes,Plantae,Spermatopsida,https://vvtaxatree.tbn.org.tw/taxa/97c358c0-83cd-4e7e-9783-1168b65149ed
51c74d9e-05e0-43ef-983a-aa28381b1574,genus,4fce3eb4-3455-4d1c-b7a6-00ebc1a261a5,Cottonia,Plantae,Spermatopsida,https://vvtaxatree.tbn.org.tw/taxa/51c74d9e-05e0-43ef-983a-aa28381b1574
355fabc9-918d-4823-b97d-30d338a85fa3,genus,4fce3eb4-3455-4d1c-b7a6-00ebc1a261a5,Galera,Plantae,Spermatopsida,https://vvtaxatree.tbn.org.tw/taxa/355fabc9-918d-4823-b97d-30d338a85fa3
f314a679-bb4a-455a-9f6c-c76a2fa98df4,genus,4fce3eb4-3455-4d1c-b7a6-00ebc1a261a5,Trichosma,Plantae,Spermatopsida,https://vvtaxatree.tbn.org.tw/taxa/f314a679-bb4a-455a-9f6c-c76a2fa98df4
20d6374b-def8-4c22-a9f6-d2262b2b87a4,genus,4fce3eb4-3455-4d1c-b7a6-00ebc1a261a5,Physurus,Plantae,Spermatopsida,https://vvtaxatree.tbn.org.tw/taxa/20d6374b-def8-4c22-a9f6-d2262b2b87a4
068fae55-710b-4a81-b350-96cc7c0cb187,genus,4fce3eb4-3455-4d1c-b7a6-00ebc1a261a5,Cyrtopera,Plantae,Spermatopsida,https://vvtaxatree.tbn.org.tw/taxa/068fae55-710b-4a81-b350-96cc7c0cb187
a1390c3d-868a-485c-9754-3fb7ab8e4698,genus,4fce3eb4-3455-4d1c-b7a6-00ebc1a261a5,Saccolabium,Plantae,Spermatopsida,https://vvtaxatree.tbn.org.tw/taxa/a1390c3d-868a-485c-9754-3fb7ab8e4698
3231e560-3ca5-4e32-b3b1-0e7c0fc1aa40,genus,4fce3eb4-3455-4d1c-b7a6-00ebc1a261a5,Georchis,Plantae,Spermatopsida,https://vvtaxatree.tbn.org.tw/taxa/3231e560-3ca5-4e32-b3b1-0e7c0fc1aa40
cea9d656-f6ee-4f2c-bb6e-b6647b107e8c,genus,4fce3eb4-3455-4d1c-b7a6-00ebc1a261a5,Adenostylis,Plantae,Spermatopsida,https://vvtaxatree.tbn.org.tw/taxa/cea9d656-f6ee-4f2c-bb6e-b6647b107e8c
8c5e912a-77f9-4b8c-8d49-82684e89be68,genus,4fce3eb4-3455-4d1c-b7a6-00ebc1a261a5,Dicerostylis,Plantae,Spermatopsida,https://vvtaxatree.tbn.org.tw/taxa/8c5e912a-77f9-4b8c-8d49-82684e89be68
46dd6cb9-2d19-4029-9e9a-5be8b436aa65,genus,4fce3eb4-3455-4d1c-b7a6-00ebc1a261a5,Hippeophyllum,Plantae,Spermatopsida,https://vvtaxatree.tbn.org.tw/taxa/46dd6cb9-2d19-4029-9e9a-5be8b436aa65
ed3e041b-045b-49b0-aafd-59ffd9d747d2,genus,4fce3eb4-3455-4d1c-b7a6-00ebc1a261a5,Evrardia,Plantae,Spermatopsida,https://vvtaxatree.tbn.org.tw/taxa/ed3e041b-045b-49b0-aafd-59ffd9d747d2
df6a5a30-be3e-46e4-ae0a-12d955095754,genus,4fce3eb4-3455-4d1c-b7a6-00ebc1a261a5,Chamaegastrodia,Plantae,Spermatopsida,https://vvtaxatree.tbn.org.tw/taxa/df6a5a30-be3e-46e4-ae0a-12d955095754
cecd0d43-2e19-413c-8fa1-e39889336111,genus,4fce3eb4-3455-4d1c-b7a6-00ebc1a261a5,Apaturia,Plantae,Spermatopsida,https://vvtaxatree.tbn.org.tw/taxa/cecd0d43-2e19-413c-8fa1-e39889336111
d6615323-1c42-4ccc-bcb7-c62b3169c5b3,genus,4fce3eb4-3455-4d1c-b7a6-00ebc1a261a5,Papilisia,Plantae,Spermatopsida,https://vvtaxatree.tbn.org.tw/taxa/d6615323-1c42-4ccc-bcb7-c62b3169c5b3
5abd66cb-991e-43c6-9846-6779ad1a450f,genus,4fce3eb4-3455-4d1c-b7a6-00ebc1a261a5,Glossula,Plantae,Spermatopsida,https://vvtaxatree.tbn.org.tw/taxa/5abd66cb-991e-43c6-9846-6779ad1a450f
f9dee32e-76f5-4e7d-9214-ff0f10a3d747,genus,4fce3eb4-3455-4d1c-b7a6-00ebc1a261a5,Conchidium,Plantae,Spermatopsida,https://vvtaxatree.tbn.org.tw/taxa/f9dee32e-76f5-4e7d-9214-ff0f10a3d747
36beeec5-82cc-4a7e-b82a-fea8217e02c1,genus,4fce3eb4-3455-4d1c-b7a6-00ebc1a261a5,Gymnadenia,Plantae,Spermatopsida,https://vvtaxatree.tbn.org.tw/taxa/36beeec5-82cc-4a7e-b82a-fea8217e02c1
8a55c247-e071-4278-a09c-30c9c74ece12,genus,4fce3eb4-3455-4d1c-b7a6-00ebc1a261a5,Sunipia,Plantae,Spermatopsida,https://vvtaxatree.tbn.org.tw/taxa/8a55c247-e071-4278-a09c-30c9c74ece12
0c218450-c46e-4ae1-8aab-5f35c33458a8,genus,4fce3eb4-3455-4d1c-b7a6-00ebc1a261a5,Ione,Plantae,Spermatopsida,https://vvtaxatree.tbn.org.tw/taxa/0c218450-c46e-4ae1-8aab-5f35c33458a8
a6b87d2b-0f07-47ea-be54-e144b3bd7209,genus,4fce3eb4-3455-4d1c-b7a6-00ebc1a261a5,Sarcochilus,Plantae,Spermatopsida,https://vvtaxatree.tbn.org.tw/taxa/a6b87d2b-0f07-47ea-be54-e144b3bd7209
640780f1-fbe0-4b15-b2d1-327c7e51d982,genus,4fce3eb4-3455-4d1c-b7a6-00ebc1a261a5,Euproboscis,Plantae,Spermatopsida,https://vvtaxatree.tbn.org.tw/taxa/640780f1-fbe0-4b15-b2d1-327c7e51d982
2cb06f01-fea6-42ff-8c31-e1eba2c97ef5,genus,4fce3eb4-3455-4d1c-b7a6-00ebc1a261a5,Ascochilus,Plantae,Spermatopsida,https://vvtaxatree.tbn.org.tw/taxa/2cb06f01-fea6-42ff-8c31-e1eba2c97ef5
1d3edf76-f4f6-4560-90b0-9c888ec39609,genus,4fce3eb4-3455-4d1c-b7a6-00ebc1a261a5,Dendrocolla,Plantae,Spermatopsida,https://vvtaxatree.tbn.org.tw/taxa/1d3edf76-f4f6-4560-90b0-9c888ec39609
175add48-6920-4c34-9aee-f8b13e72348c,genus,4fce3eb4-3455-4d1c-b7a6-00ebc1a261a5,Aporum,Plantae,Spermatopsida,https://vvtaxatree.tbn.org.tw/taxa/175add48-6920-4c34-9aee-f8b13e72348c
bc525358-37cb-499e-b022-074e9c74381f,genus,4fce3eb4-3455-4d1c-b7a6-00ebc1a261a5,Stauropsis,Plantae,Spermatopsida,https://vvtaxatree.tbn.org.tw/taxa/bc525358-37cb-499e-b022-074e9c74381f
70f9e435-6935-434c-80b8-7235777db35b,genus,4fce3eb4-3455-4d1c-b7a6-00ebc1a261a5,Kuhlhasseltia,Plantae,Spermatopsida,https://vvtaxatree.tbn.org.tw/taxa/70f9e435-6935-434c-80b8-7235777db35b
ac60d092-cd62-4514-8424-53ba19386504,genus,4fce3eb4-3455-4d1c-b7a6-00ebc1a261a5,Pristiglottis,Plantae,Spermatopsida,https://vvtaxatree.tbn.org.tw/taxa/ac60d092-cd62-4514-8424-53ba19386504
32b3d08f-2977-4ed6-a0d7-b42b374cfaa9,genus,4fce3eb4-3455-4d1c-b7a6-00ebc1a261a5,Cystopus,Plantae,Spermatopsida,https://vvtaxatree.tbn.org.tw/taxa/32b3d08f-2977-4ed6-a0d7-b42b374cfaa9
0e8c570c-e1f4-4088-93f9-650d08896b53,genus,4fce3eb4-3455-4d1c-b7a6-00ebc1a261a5,Monochilus,Plantae,Spermatopsida,https://vvtaxatree.tbn.org.tw/taxa/0e8c570c-e1f4-4088-93f9-650d08896b53
3956c309-51ee-47d3-b74c-9e23b17968d4,genus,4fce3eb4-3455-4d1c-b7a6-00ebc1a261a5,Heterozeuxine,Plantae,Spermatopsida,https://vvtaxatree.tbn.org.tw/taxa/3956c309-51ee-47d3-b74c-9e23b17968d4
1e8d3bc0-ba9c-4ce3-8f33-fad71e203488,genus,a302b957-cca0-4bfc-9a9c-ba27e532990c,Alophia,Plantae,Spermatopsida,https://vvtaxatree.tbn.org.tw/taxa/1e8d3bc0-ba9c-4ce3-8f33-fad71e203488
919ce428-2855-4e62-a5e8-7273e50f5714,genus,a302b957-cca0-4bfc-9a9c-ba27e532990c,Calydorea,Plantae,Spermatopsida,https://vvtaxatree.tbn.org.tw/taxa/919ce428-2855-4e62-a5e8-7273e50f5714
098b6503-33b2-45d7-886b-3ce7790905ca,genus,a302b957-cca0-4bfc-9a9c-ba27e532990c,Geissorhiza,Plantae,Spermatopsida,https://vvtaxatree.tbn.org.tw/taxa/098b6503-33b2-45d7-886b-3ce7790905ca
b4de83dd-479b-4995-b94d-fb175a1816b1,genus,a302b957-cca0-4bfc-9a9c-ba27e532990c,Hesperantha,Plantae,Spermatopsida,https://vvtaxatree.tbn.org.tw/taxa/b4de83dd-479b-4995-b94d-fb175a1816b1
5cb50441-ae35-4a57-a232-43f29b5c8784,genus,a302b957-cca0-4bfc-9a9c-ba27e532990c,Nemastylis,Plantae,Spermatopsida,https://vvtaxatree.tbn.org.tw/taxa/5cb50441-ae35-4a57-a232-43f29b5c8784
3289f94a-e6d5-4af9-a5f2-b9cb354a33a0,genus,a302b957-cca0-4bfc-9a9c-ba27e532990c,Romulea,Plantae,Spermatopsida,https://vvtaxatree.tbn.org.tw/taxa/3289f94a-e6d5-4af9-a5f2-b9cb354a33a0
6eef6ed6-cec7-495c-8127-732a588b9a52,genus,652b4851-599a-4b68-b969-9c39e506d83a,Galanthus,Plantae,Spermatopsida,https://vvtaxatree.tbn.org.tw/taxa/6eef6ed6-cec7-495c-8127-732a588b9a52
d9d7bc47-e145-4ccf-b1f6-80d8adf0e9e7,genus,652b4851-599a-4b68-b969-9c39e506d83a,Nerine,Plantae,Spermatopsida,https://vvtaxatree.tbn.org.tw/taxa/d9d7bc47-e145-4ccf-b1f6-80d8adf0e9e7
66b33dc5-298d-4d97-a906-dfdf9c532ca9,genus,ef3e962d-c1f9-4efa-9c72-73259fed8ae6,Campylandra,Plantae,Spermatopsida,https://vvtaxatree.tbn.org.tw/taxa/66b33dc5-298d-4d97-a906-dfdf9c532ca9
17e293fa-8bc0-455b-bbaf-fc7013ebc73a,genus,22f0d4e0-9f68-43c3-a406-e56f604c246b,Attalea,Plantae,Spermatopsida,https://vvtaxatree.tbn.org.tw/taxa/17e293fa-8bc0-455b-bbaf-fc7013ebc73a
20259ca6-3d5d-4fcc-9609-d8f22e5588e7,genus,22f0d4e0-9f68-43c3-a406-e56f604c246b,Daemonorops,Plantae,Spermatopsida,https://vvtaxatree.tbn.org.tw/taxa/20259ca6-3d5d-4fcc-9609-d8f22e5588e7
34b5a799-b440-44a7-8c2e-f9c815a8d080,genus,22f0d4e0-9f68-43c3-a406-e56f604c246b,Euterpe,Plantae,Spermatopsida,https://vvtaxatree.tbn.org.tw/taxa/34b5a799-b440-44a7-8c2e-f9c815a8d080
8cc58c57-dfd2-4670-92ca-bfff9f5d3ecc,genus,22f0d4e0-9f68-43c3-a406-e56f604c246b,Metroxylon,Plantae,Spermatopsida,https://vvtaxatree.tbn.org.tw/taxa/8cc58c57-dfd2-4670-92ca-bfff9f5d3ecc
2409bae8-65b8-490a-8b5a-1542e1768bb2,genus,22f0d4e0-9f68-43c3-a406-e56f604c246b,Phytelephas,Plantae,Spermatopsida,https://vvtaxatree.tbn.org.tw/taxa/2409bae8-65b8-490a-8b5a-1542e1768bb2
fba5aa0a-973b-4d26-88ab-b5b918ab629f,genus,22f0d4e0-9f68-43c3-a406-e56f604c246b,Rhaphidophyllum,Plantae,Spermatopsida,https://vvtaxatree.tbn.org.tw/taxa/fba5aa0a-973b-4d26-88ab-b5b918ab629f
24f963d4-87e3-4225-8266-885057de4e11,genus,22f0d4e0-9f68-43c3-a406-e56f604c246b,Thrinax,Plantae,Spermatopsida,https://vvtaxatree.tbn.org.tw/taxa/24f963d4-87e3-4225-8266-885057de4e11
06eae701-70b2-4ba8-a60e-6c4e448ac288,genus,766e629a-2dc2-4c4b-9d25-f20459111db7,Aneilema,Plantae,Spermatopsida,https://vvtaxatree.tbn.org.tw/taxa/06eae701-70b2-4ba8-a60e-6c4e448ac288
fd5fb76e-f7c7-47c1-9c6e-a2ed2f95023f,genus,cb99809c-5ffb-4cdb-b3d3-2aac004593e2,Heteranthera,Plantae,Spermatopsida,https://vvtaxatree.tbn.org.tw/taxa/fd5fb76e-f7c7-47c1-9c6e-a2ed2f95023f
388263c0-1a53-466b-954a-5eb56f9f42a3,genus,cb99809c-5ffb-4cdb-b3d3-2aac004593e2,Pontederia,Plantae,Spermatopsida,https://vvtaxatree.tbn.org.tw/taxa/388263c0-1a53-466b-954a-5eb56f9f42a3
f0055a37-e9c5-4ae9-9115-ab16018824f0,genus,63c6f139-8331-45c9-a8d1-a7f9768e9878,Anigozanthos,Plantae,Spermatopsida,https://vvtaxatree.tbn.org.tw/taxa/f0055a37-e9c5-4ae9-9115-ab16018824f0
aedf06be-470d-4e29-9238-35fc6d5d37e6,genus,63c6f139-8331-45c9-a8d1-a7f9768e9878,Conostylis,Plantae,Spermatopsida,https://vvtaxatree.tbn.org.tw/taxa/aedf06be-470d-4e29-9238-35fc6d5d37e6
817256c3-f7db-4d23-ba2e-67faf814c773,genus,63c6f139-8331-45c9-a8d1-a7f9768e9878,Haemodorum,Plantae,Spermatopsida,https://vvtaxatree.tbn.org.tw/taxa/817256c3-f7db-4d23-ba2e-67faf814c773
fdf7e678-3927-4d8e-8432-6a04d80a53dc,genus,63c6f139-8331-45c9-a8d1-a7f9768e9878,Lachnanthes,Plantae,Spermatopsida,https://vvtaxatree.tbn.org.tw/taxa/fdf7e678-3927-4d8e-8432-6a04d80a53dc
b8bc5999-3553-4ebd-8982-3ce2a6cabc23,genus,91c4e2b1-56a2-4497-b2f8-106ff6728a6c,Thalia,Plantae,Spermatopsida,https://vvtaxatree.tbn.org.tw/taxa/b8bc5999-3553-4ebd-8982-3ce2a6cabc23
c9a648a7-7570-4fd4-9384-fbfad5197e9a,genus,cb90d59a-b1a8-450a-9c4c-edcb7487880c,Renealmia,Plantae,Spermatopsida,https://vvtaxatree.tbn.org.tw/taxa/c9a648a7-7570-4fd4-9384-fbfad5197e9a
5b010e5e-ff86-480a-b7ce-f53d18055d16,genus,cb90d59a-b1a8-450a-9c4c-edcb7487880c,Languas,Plantae,Spermatopsida,https://vvtaxatree.tbn.org.tw/taxa/5b010e5e-ff86-480a-b7ce-f53d18055d16
bb4dcd49-5c03-4319-836c-bf2e8879992d,genus,cb90d59a-b1a8-450a-9c4c-edcb7487880c,Catimbium,Plantae,Spermatopsida,https://vvtaxatree.tbn.org.tw/taxa/bb4dcd49-5c03-4319-836c-bf2e8879992d
2bf2cef6-aa00-4248-9c51-c56b5faaf3ab,genus,7723a390-1092-4372-8571-eede441d5a5e,Catopsis,Plantae,Spermatopsida,https://vvtaxatree.tbn.org.tw/taxa/2bf2cef6-aa00-4248-9c51-c56b5faaf3ab
2fb75bbf-a03e-4154-89be-bc0ab27cc852,genus,7723a390-1092-4372-8571-eede441d5a5e,Puya,Plantae,Spermatopsida,https://vvtaxatree.tbn.org.tw/taxa/2fb75bbf-a03e-4154-89be-bc0ab27cc852
4aa4e280-2ee5-4ea9-8f90-5fb621e6cde2,genus,ffe6fe42-e08c-4b0c-8aca-de9b592875a7,Lachnocaulon,Plantae,Spermatopsida,https://vvtaxatree.tbn.org.tw/taxa/4aa4e280-2ee5-4ea9-8f90-5fb621e6cde2
df1899e4-593f-4a17-95b2-81f78c86bdc9,genus,ffe6fe42-e08c-4b0c-8aca-de9b592875a7,Leiothrix,Plantae,Spermatopsida,https://vvtaxatree.tbn.org.tw/taxa/df1899e4-593f-4a17-95b2-81f78c86bdc9
17af20a7-5b31-4a5b-b538-e65372582467,genus,ffe6fe42-e08c-4b0c-8aca-de9b592875a7,Paepalanthus,Plantae,Spermatopsida,https://vvtaxatree.tbn.org.tw/taxa/17af20a7-5b31-4a5b-b538-e65372582467
57aeb4b7-183d-4c22-a424-c7314420fbbc,genus,ffe6fe42-e08c-4b0c-8aca-de9b592875a7,Syngonanthus,Plantae,Spermatopsida,https://vvtaxatree.tbn.org.tw/taxa/57aeb4b7-183d-4c22-a424-c7314420fbbc
88caca45-b961-4571-8a99-33d22e52b3c8,genus,2064932e-dfa5-4456-ae9f-0217558ad833,Kyllinga,Plantae,Spermatopsida,https://vvtaxatree.tbn.org.tw/taxa/88caca45-b961-4571-8a99-33d22e52b3c8
2fd7d8ef-eff9-4049-a361-5c646badd270,genus,968285ab-f032-4613-bfed-d612f632b6ab,Chondropetalum,Plantae,Spermatopsida,https://vvtaxatree.tbn.org.tw/taxa/2fd7d8ef-eff9-4049-a361-5c646badd270
56035fe8-0d48-494c-8c38-3bf1e62dc4f9,genus,968285ab-f032-4613-bfed-d612f632b6ab,Elegia,Plantae,Spermatopsida,https://vvtaxatree.tbn.org.tw/taxa/56035fe8-0d48-494c-8c38-3bf1e62dc4f9
31f0d692-af66-4e91-8941-bb168c34e07d,genus,968285ab-f032-4613-bfed-d612f632b6ab,Ischyrolepis,Plantae,Spermatopsida,https://vvtaxatree.tbn.org.tw/taxa/31f0d692-af66-4e91-8941-bb168c34e07d
e526b094-9faa-4628-9646-606cc47f83b7,genus,968285ab-f032-4613-bfed-d612f632b6ab,Restio,Plantae,Spermatopsida,https://vvtaxatree.tbn.org.tw/taxa/e526b094-9faa-4628-9646-606cc47f83b7
2155f923-dcf8-4ac7-8e04-6b0679bf93bc,genus,968285ab-f032-4613-bfed-d612f632b6ab,Thamnochortus,Plantae,Spermatopsida,https://vvtaxatree.tbn.org.tw/taxa/2155f923-dcf8-4ac7-8e04-6b0679bf93bc
80e1ef00-cced-468a-a962-a5785366d5b0,genus,cc752439-6ae5-4e73-84ad-f22be8ae3f60,Andropogon,Plantae,Spermatopsida,https://vvtaxatree.tbn.org.tw/taxa/80e1ef00-cced-468a-a962-a5785366d5b0
be886b0b-1f1a-4a6b-bb4d-4cadf17586d8,genus,cc752439-6ae5-4e73-84ad-f22be8ae3f60,Erianthus,Plantae,Spermatopsida,https://vvtaxatree.tbn.org.tw/taxa/be886b0b-1f1a-4a6b-bb4d-4cadf17586d8
d14b5dcd-f76a-446a-924c-d17dbbf7e8ee,genus,cc752439-6ae5-4e73-84ad-f22be8ae3f60,Sasa,Plantae,Spermatopsida,https://vvtaxatree.tbn.org.tw/taxa/d14b5dcd-f76a-446a-924c-d17dbbf7e8ee
715abf10-bb8e-4f4b-8388-7509ea69337b,genus,cc752439-6ae5-4e73-84ad-f22be8ae3f60,Stipa,Plantae,Spermatopsida,https://vvtaxatree.tbn.org.tw/taxa/715abf10-bb8e-4f4b-8388-7509ea69337b
38f2d0f7-bf57-4f26-a607-37cd2f43a8f2,genus,e6101c3b-4e78-4396-bb23-46e25c49b34f,Adlumia,Plantae,Spermatopsida,https://vvtaxatree.tbn.org.tw/taxa/38f2d0f7-bf57-4f26-a607-37cd2f43a8f2
5747800b-a7d7-49fa-b89f-bcee973bd555,genus,e6101c3b-4e78-4396-bb23-46e25c49b34f,Arctomecon,Plantae,Spermatopsida,https://vvtaxatree.tbn.org.tw/taxa/5747800b-a7d7-49fa-b89f-bcee973bd555
cb4846c3-1f69-4f3f-87f9-840607bf8069,genus,e6101c3b-4e78-4396-bb23-46e25c49b34f,Canbya,Plantae,Spermatopsida,https://vvtaxatree.tbn.org.tw/taxa/cb4846c3-1f69-4f3f-87f9-840607bf8069
3b56dfb1-e205-48e6-9dd1-0167a210cbaf,genus,e6101c3b-4e78-4396-bb23-46e25c49b34f,Chelidonium,Plantae,Spermatopsida,https://vvtaxatree.tbn.org.tw/taxa/3b56dfb1-e205-48e6-9dd1-0167a210cbaf
50b13108-177c-4355-9e97-b5ba9d0cd3a1,genus,e6101c3b-4e78-4396-bb23-46e25c49b34f,Dendromecon,Plantae,Spermatopsida,https://vvtaxatree.tbn.org.tw/taxa/50b13108-177c-4355-9e97-b5ba9d0cd3a1
7581cbb6-2ac6-4410-a837-114ff3448db7,genus,e6101c3b-4e78-4396-bb23-46e25c49b34f,Dicentra,Plantae,Spermatopsida,https://vvtaxatree.tbn.org.tw/taxa/7581cbb6-2ac6-4410-a837-114ff3448db7
34bab02b-50a8-4e71-8846-a7c54682363a,genus,e6101c3b-4e78-4396-bb23-46e25c49b34f,Glaucium,Plantae,Spermatopsida,https://vvtaxatree.tbn.org.tw/taxa/34bab02b-50a8-4e71-8846-a7c54682363a
e25a1c31-860f-4ba1-a45b-98e55ebeee94,genus,e6101c3b-4e78-4396-bb23-46e25c49b34f,Hesperomecon,Plantae,Spermatopsida,https://vvtaxatree.tbn.org.tw/taxa/e25a1c31-860f-4ba1-a45b-98e55ebeee94
58ddfcc3-6c2f-44aa-b5ee-b4248aa5fff5,genus,e6101c3b-4e78-4396-bb23-46e25c49b34f,Meconella,Plantae,Spermatopsida,https://vvtaxatree.tbn.org.tw/taxa/58ddfcc3-6c2f-44aa-b5ee-b4248aa5fff5
d0a07659-7a79-4e63-b91a-3c63ebaddb4d,genus,e6101c3b-4e78-4396-bb23-46e25c49b34f,Platystemon,Plantae,Spermatopsida,https://vvtaxatree.tbn.org.tw/taxa/d0a07659-7a79-4e63-b91a-3c63ebaddb4d
30016add-4331-4b22-aa5b-50c0fd6c274d,genus,e6101c3b-4e78-4396-bb23-46e25c49b34f,Romneya,Plantae,Spermatopsida,https://vvtaxatree.tbn.org.tw/taxa/30016add-4331-4b22-aa5b-50c0fd6c274d
f7f12c7a-01ac-484c-a109-6658d0b5b7f5,genus,e6101c3b-4e78-4396-bb23-46e25c49b34f,Sanguinaria,Plantae,Spermatopsida,https://vvtaxatree.tbn.org.tw/taxa/f7f12c7a-01ac-484c-a109-6658d0b5b7f5
d67834fe-5174-46fb-b80f-a25e083fdc72,genus,e6101c3b-4e78-4396-bb23-46e25c49b34f,Stylophorum,Plantae,Spermatopsida,https://vvtaxatree.tbn.org.tw/taxa/d67834fe-5174-46fb-b80f-a25e083fdc72
d57d2a53-929a-4c6e-805e-beda62a5148d,genus,76fbe906-8db5-456a-8f2d-6d027714ddea,Abuta,Plantae,Spermatopsida,https://vvtaxatree.tbn.org.tw/taxa/d57d2a53-929a-4c6e-805e-beda62a5148d
ebea3aa6-46af-4391-9d2f-7da6281866b6,genus,76fbe906-8db5-456a-8f2d-6d027714ddea,Calycocarpum,Plantae,Spermatopsida,https://vvtaxatree.tbn.org.tw/taxa/ebea3aa6-46af-4391-9d2f-7da6281866b6
9cffe59c-86f3-4e87-bfe5-a656131eb635,genus,76fbe906-8db5-456a-8f2d-6d027714ddea,Menispermum,Plantae,Spermatopsida,https://vvtaxatree.tbn.org.tw/taxa/9cffe59c-86f3-4e87-bfe5-a656131eb635
3927383e-1761-434e-a5d5-ec5ad23d768d,genus,4fbe9759-765e-420d-b1ab-8c1ef001775a,Achlys,Plantae,Spermatopsida,https://vvtaxatree.tbn.org.tw/taxa/3927383e-1761-434e-a5d5-ec5ad23d768d
32b9bc5b-8ae6-46c5-b3e5-f007c296579f,genus,4fbe9759-765e-420d-b1ab-8c1ef001775a,Caulophyllum,Plantae,Spermatopsida,https://vvtaxatree.tbn.org.tw/taxa/32b9bc5b-8ae6-46c5-b3e5-f007c296579f
6b4cd9ed-15e5-4830-913f-7d99f0b5275c,genus,4fbe9759-765e-420d-b1ab-8c1ef001775a,Diphylleia,Plantae,Spermatopsida,https://vvtaxatree.tbn.org.tw/taxa/6b4cd9ed-15e5-4830-913f-7d99f0b5275c
03a58589-1de9-4a3a-a3db-a77f13765459,genus,4fbe9759-765e-420d-b1ab-8c1ef001775a,Jeffersonia,Plantae,Spermatopsida,https://vvtaxatree.tbn.org.tw/taxa/03a58589-1de9-4a3a-a3db-a77f13765459
79a4e56f-27ef-4317-a346-30dd4764b85a,genus,4fbe9759-765e-420d-b1ab-8c1ef001775a,Podophyllum,Plantae,Spermatopsida,https://vvtaxatree.tbn.org.tw/taxa/79a4e56f-27ef-4317-a346-30dd4764b85a
89d1c5ba-792f-4558-9d6c-4c149b0d692e,genus,4fbe9759-765e-420d-b1ab-8c1ef001775a,Vancouveria,Plantae,Spermatopsida,https://vvtaxatree.tbn.org.tw/taxa/89d1c5ba-792f-4558-9d6c-4c149b0d692e
16c6789b-0f54-46dc-8468-e09831c13c1b,genus,e16bcf4b-29d4-407a-8cb1-3b6c833e7547,Actaea,Plantae,Spermatopsida,https://vvtaxatree.tbn.org.tw/taxa/16c6789b-0f54-46dc-8468-e09831c13c1b
5e427259-cc77-4809-841b-7be86802e155,genus,e16bcf4b-29d4-407a-8cb1-3b6c833e7547,Caltha,Plantae,Spermatopsida,https://vvtaxatree.tbn.org.tw/taxa/5e427259-cc77-4809-841b-7be86802e155
db1bba10-64dc-4339-ac28-b90c1919704e,genus,e16bcf4b-29d4-407a-8cb1-3b6c833e7547,Hydrastis,Plantae,Spermatopsida,https://vvtaxatree.tbn.org.tw/taxa/db1bba10-64dc-4339-ac28-b90c1919704e
16edd0c2-7377-475d-b8f4-892fb8dfb5fa,genus,e16bcf4b-29d4-407a-8cb1-3b6c833e7547,Isopyrum,Plantae,Spermatopsida,https://vvtaxatree.tbn.org.tw/taxa/16edd0c2-7377-475d-b8f4-892fb8dfb5fa
ce5ae440-d94d-49c4-a0ca-4c5036479403,genus,e16bcf4b-29d4-407a-8cb1-3b6c833e7547,Myosurus,Plantae,Spermatopsida,https://vvtaxatree.tbn.org.tw/taxa/ce5ae440-d94d-49c4-a0ca-4c5036479403
d3de4a53-efe6-48f0-ad48-c7a9bfd4bf0c,genus,e16bcf4b-29d4-407a-8cb1-3b6c833e7547,Xanthorhiza,Plantae,Spermatopsida,https://vvtaxatree.tbn.org.tw/taxa/d3de4a53-efe6-48f0-ad48-c7a9bfd4bf0c
99827110-ac74-40e2-aca7-11cd5b2b02cc,genus,0263f1ea-0ee3-48e0-8399-881bcd9d3414,Banksia,Plantae,Spermatopsida,https://vvtaxatree.tbn.org.tw/taxa/99827110-ac74-40e2-aca7-11cd5b2b02cc
9e61bd4b-ee4a-44b2-9153-543980bee768,genus,0263f1ea-0ee3-48e0-8399-881bcd9d3414,Embothrium,Plantae,Spermatopsida,https://vvtaxatree.tbn.org.tw/taxa/9e61bd4b-ee4a-44b2-9153-543980bee768
f03583d6-9e33-4a95-b2b6-06be22c136f3,genus,0263f1ea-0ee3-48e0-8399-881bcd9d3414,Hakea,Plantae,Spermatopsida,https://vvtaxatree.tbn.org.tw/taxa/f03583d6-9e33-4a95-b2b6-06be22c136f3
d4cc5652-b0b8-4ed7-b41f-cdb7371776e0,genus,0263f1ea-0ee3-48e0-8399-881bcd9d3414,Leucadendron,Plantae,Spermatopsida,https://vvtaxatree.tbn.org.tw/taxa/d4cc5652-b0b8-4ed7-b41f-cdb7371776e0
9342f202-6aaa-47d2-bcc5-e872ce03f666,genus,0263f1ea-0ee3-48e0-8399-881bcd9d3414,Leucospermum,Plantae,Spermatopsida,https://vvtaxatree.tbn.org.tw/taxa/9342f202-6aaa-47d2-bcc5-e872ce03f666
c33d8fc5-71b9-4140-9615-f3087567ff7b,genus,0263f1ea-0ee3-48e0-8399-881bcd9d3414,Protea,Plantae,Spermatopsida,https://vvtaxatree.tbn.org.tw/taxa/c33d8fc5-71b9-4140-9615-f3087567ff7b
c0d318ae-d3cd-4388-8c41-0c15af18536b,genus,0263f1ea-0ee3-48e0-8399-881bcd9d3414,Roupala,Plantae,Spermatopsida,https://vvtaxatree.tbn.org.tw/taxa/c0d318ae-d3cd-4388-8c41-0c15af18536b
84c77baf-74ad-414f-a989-ec24c5e4b75f,genus,0263f1ea-0ee3-48e0-8399-881bcd9d3414,Telopea,Plantae,Spermatopsida,https://vvtaxatree.tbn.org.tw/taxa/84c77baf-74ad-414f-a989-ec24c5e4b75f
7d2472a3-c4c4-45bd-8283-469a19d33ca4,genus,e40f2810-78fe-4ffc-8f32-23e445b2061f,Altingia,Plantae,Spermatopsida,https://vvtaxatree.tbn.org.tw/taxa/7d2472a3-c4c4-45bd-8283-469a19d33ca4
5150e7d2-cdd3-4a9b-a512-62859a3df207,genus,378e43c2-12da-494a-862f-50cc6c23d538,Fothergilla,Plantae,Spermatopsida,https://vvtaxatree.tbn.org.tw/taxa/5150e7d2-cdd3-4a9b-a512-62859a3df207
b8480437-8722-47ec-a815-c537d125f924,genus,378e43c2-12da-494a-862f-50cc6c23d538,Hamamelis,Plantae,Spermatopsida,https://vvtaxatree.tbn.org.tw/taxa/b8480437-8722-47ec-a815-c537d125f924
748615e1-e2d0-4d1a-8032-13504de04cc4,genus,378e43c2-12da-494a-862f-50cc6c23d538,Rhodoleia,Plantae,Spermatopsida,https://vvtaxatree.tbn.org.tw/taxa/748615e1-e2d0-4d1a-8032-13504de04cc4
7fd8744c-7c2c-4cab-98f9-3e9d703c88fd,genus,99184f5c-485b-4f54-b826-8802327f10c3,Boykinia,Plantae,Spermatopsida,https://vvtaxatree.tbn.org.tw/taxa/7fd8744c-7c2c-4cab-98f9-3e9d703c88fd
40de050b-3804-492b-b9d1-37ddfde5af18,genus,99184f5c-485b-4f54-b826-8802327f10c3,Heuchera,Plantae,Spermatopsida,https://vvtaxatree.tbn.org.tw/taxa/40de050b-3804-492b-b9d1-37ddfde5af18
3f6cfce6-6b8e-405e-acf9-f79bd4953b6d,genus,99184f5c-485b-4f54-b826-8802327f10c3,Leptarrhena,Plantae,Spermatopsida,https://vvtaxatree.tbn.org.tw/taxa/3f6cfce6-6b8e-405e-acf9-f79bd4953b6d
a971c01b-939a-4cf1-8731-d4c287ba0d80,genus,99184f5c-485b-4f54-b826-8802327f10c3,Sullivantia,Plantae,Spermatopsida,https://vvtaxatree.tbn.org.tw/taxa/a971c01b-939a-4cf1-8731-d4c287ba0d80
84c34356-ebb5-4d4d-a13c-42ff38b3b92d,genus,99184f5c-485b-4f54-b826-8802327f10c3,Tellima,Plantae,Spermatopsida,https://vvtaxatree.tbn.org.tw/taxa/84c34356-ebb5-4d4d-a13c-42ff38b3b92d
7c341dc8-21a8-49bf-9d7a-f472d1750304,genus,99184f5c-485b-4f54-b826-8802327f10c3,Tolmiea,Plantae,Spermatopsida,https://vvtaxatree.tbn.org.tw/taxa/7c341dc8-21a8-49bf-9d7a-f472d1750304
98d625a1-4f33-4c85-8fc0-ff449ce1a0c6,genus,74463292-f4b5-4ec3-abd7-945bac64e6bd,Diamorpha,Plantae,Spermatopsida,https://vvtaxatree.tbn.org.tw/taxa/98d625a1-4f33-4c85-8fc0-ff449ce1a0c6
57fc2922-81dd-4edd-b7d5-8ecef920a207,genus,74463292-f4b5-4ec3-abd7-945bac64e6bd,Dudleya,Plantae,Spermatopsida,https://vvtaxatree.tbn.org.tw/taxa/57fc2922-81dd-4edd-b7d5-8ecef920a207
47d4f039-45fa-4706-9301-ab2c21c48dba,genus,74463292-f4b5-4ec3-abd7-945bac64e6bd,Lenophyllum,Plantae,Spermatopsida,https://vvtaxatree.tbn.org.tw/taxa/47d4f039-45fa-4706-9301-ab2c21c48dba
4063d9ba-9f64-4845-96f0-5f01a9eb4050,genus,74463292-f4b5-4ec3-abd7-945bac64e6bd,Villadia,Plantae,Spermatopsida,https://vvtaxatree.tbn.org.tw/taxa/4063d9ba-9f64-4845-96f0-5f01a9eb4050
820d9fb0-808c-4709-ac20-9da5ad6abcd5,genus,84579eb5-c29e-4cbd-9ff8-210ca41ae20d,Balanites,Plantae,Spermatopsida,https://vvtaxatree.tbn.org.tw/taxa/820d9fb0-808c-4709-ac20-9da5ad6abcd5
4a04d9ab-900f-4a60-b3a6-65bb099125ee,genus,84579eb5-c29e-4cbd-9ff8-210ca41ae20d,Bulnesia,Plantae,Spermatopsida,https://vvtaxatree.tbn.org.tw/taxa/4a04d9ab-900f-4a60-b3a6-65bb099125ee
5aff6f39-add3-4a8c-a31b-5b71d71f9576,genus,84579eb5-c29e-4cbd-9ff8-210ca41ae20d,Fagonia,Plantae,Spermatopsida,https://vvtaxatree.tbn.org.tw/taxa/5aff6f39-add3-4a8c-a31b-5b71d71f9576
5f617109-3e36-4079-ae45-40d12696ee8c,genus,84579eb5-c29e-4cbd-9ff8-210ca41ae20d,Guaiacum,Plantae,Spermatopsida,https://vvtaxatree.tbn.org.tw/taxa/5f617109-3e36-4079-ae45-40d12696ee8c
57df0544-f9cb-49cf-b875-04d4beb06bd4,genus,84579eb5-c29e-4cbd-9ff8-210ca41ae20d,Larrea,Plantae,Spermatopsida,https://vvtaxatree.tbn.org.tw/taxa/57df0544-f9cb-49cf-b875-04d4beb06bd4
b2c6be68-ae84-41dd-ae33-be6a5cb5403c,genus,84579eb5-c29e-4cbd-9ff8-210ca41ae20d,Porlieria,Plantae,Spermatopsida,https://vvtaxatree.tbn.org.tw/taxa/b2c6be68-ae84-41dd-ae33-be6a5cb5403c
09752fd9-4353-41c0-b986-f2385256918b,genus,84579eb5-c29e-4cbd-9ff8-210ca41ae20d,Zygophyllum,Plantae,Spermatopsida,https://vvtaxatree.tbn.org.tw/taxa/09752fd9-4353-41c0-b986-f2385256918b
b36f892a-e545-4d4f-881e-9780141fe32a,genus,929ea977-ad32-4f3a-8e86-e1935562ac34,Adesmia,Plantae,Spermatopsida,https://vvtaxatree.tbn.org.tw/taxa/b36f892a-e545-4d4f-881e-9780141fe32a
8c28c2bf-3180-438f-b012-9cf2145a93e5,genus,929ea977-ad32-4f3a-8e86-e1935562ac34,Dalea,Plantae,Spermatopsida,https://vvtaxatree.tbn.org.tw/taxa/8c28c2bf-3180-438f-b012-9cf2145a93e5
2da48bed-2654-4d88-95b9-3fcad46f2be8,genus,929ea977-ad32-4f3a-8e86-e1935562ac34,Laburnum,Plantae,Spermatopsida,https://vvtaxatree.tbn.org.tw/taxa/2da48bed-2654-4d88-95b9-3fcad46f2be8
5d3c6b25-f04c-4076-b00e-7f87763471bb,genus,929ea977-ad32-4f3a-8e86-e1935562ac34,Parkinsonia,Plantae,Spermatopsida,https://vvtaxatree.tbn.org.tw/taxa/5d3c6b25-f04c-4076-b00e-7f87763471bb
830586e6-0cb9-4f80-adc2-9e2574e2c6f2,genus,929ea977-ad32-4f3a-8e86-e1935562ac34,Swartzia,Plantae,Spermatopsida,https://vvtaxatree.tbn.org.tw/taxa/830586e6-0cb9-4f80-adc2-9e2574e2c6f2
85347225-5246-4730-b307-8c15d37f9464,genus,07744472-340e-41ff-a789-6173b2e3f22c,Monnina,Plantae,Spermatopsida,https://vvtaxatree.tbn.org.tw/taxa/85347225-5246-4730-b307-8c15d37f9464
6470a950-7696-440f-8e6c-f6cce0fedf11,genus,07744472-340e-41ff-a789-6173b2e3f22c,Muraltia,Plantae,Spermatopsida,https://vvtaxatree.tbn.org.tw/taxa/6470a950-7696-440f-8e6c-f6cce0fedf11
2839001a-f123-453a-bca9-9cba0f555adc,genus,07744472-340e-41ff-a789-6173b2e3f22c,Securidaca,Plantae,Spermatopsida,https://vvtaxatree.tbn.org.tw/taxa/2839001a-f123-453a-bca9-9cba0f555adc
6754a329-c10a-4697-a71b-8e0921ca6be5,genus,8b1518f4-37a2-4cd0-be88-35cb299ce0e7,Alchemilla,Plantae,Spermatopsida,https://vvtaxatree.tbn.org.tw/taxa/6754a329-c10a-4697-a71b-8e0921ca6be5
77372892-edc1-4e7d-bbab-6a57c3b115e7,genus,8b1518f4-37a2-4cd0-be88-35cb299ce0e7,Amelanchier,Plantae,Spermatopsida,https://vvtaxatree.tbn.org.tw/taxa/77372892-edc1-4e7d-bbab-6a57c3b115e7
2c35b870-c10b-4f69-b7af-878ea2008531,genus,8b1518f4-37a2-4cd0-be88-35cb299ce0e7,Exochorda,Plantae,Spermatopsida,https://vvtaxatree.tbn.org.tw/taxa/2c35b870-c10b-4f69-b7af-878ea2008531
7cc45f32-8695-434b-aeed-2454fbe98e81,genus,8b1518f4-37a2-4cd0-be88-35cb299ce0e7,Kerria,Plantae,Spermatopsida,https://vvtaxatree.tbn.org.tw/taxa/7cc45f32-8695-434b-aeed-2454fbe98e81
ebeffaa1-a93e-45f2-a919-a30b50cdaa60,genus,8b1518f4-37a2-4cd0-be88-35cb299ce0e7,Lyonothamnus,Plantae,Spermatopsida,https://vvtaxatree.tbn.org.tw/taxa/ebeffaa1-a93e-45f2-a919-a30b50cdaa60
aaab23ab-1e91-4727-b5a0-129586979c25,genus,8b1518f4-37a2-4cd0-be88-35cb299ce0e7,Physocarpus,Plantae,Spermatopsida,https://vvtaxatree.tbn.org.tw/taxa/aaab23ab-1e91-4727-b5a0-129586979c25
e97c6ac9-09f8-4f9f-9d2a-5b8bf1a4c018,genus,079b3789-086b-4bc0-a72d-21f1412334bb,Adolphia,Plantae,Spermatopsida,https://vvtaxatree.tbn.org.tw/taxa/e97c6ac9-09f8-4f9f-9d2a-5b8bf1a4c018
a0575013-5e03-41c8-a03f-f5be4383ee8a,genus,079b3789-086b-4bc0-a72d-21f1412334bb,Ceanothus,Plantae,Spermatopsida,https://vvtaxatree.tbn.org.tw/taxa/a0575013-5e03-41c8-a03f-f5be4383ee8a
5960ac1b-3273-475a-9d76-7ae414d0c05a,genus,079b3789-086b-4bc0-a72d-21f1412334bb,Colletia,Plantae,Spermatopsida,https://vvtaxatree.tbn.org.tw/taxa/5960ac1b-3273-475a-9d76-7ae414d0c05a
8eab6f40-9aa2-485e-939d-10fe2bcfd809,genus,079b3789-086b-4bc0-a72d-21f1412334bb,Gouania,Plantae,Spermatopsida,https://vvtaxatree.tbn.org.tw/taxa/8eab6f40-9aa2-485e-939d-10fe2bcfd809
1f74fea6-74ed-4ab8-a49c-b6bac9e7f55a,genus,079b3789-086b-4bc0-a72d-21f1412334bb,Krugiodendron,Plantae,Spermatopsida,https://vvtaxatree.tbn.org.tw/taxa/1f74fea6-74ed-4ab8-a49c-b6bac9e7f55a
e809f167-cc4b-4da3-9357-c98876df26ca,genus,079b3789-086b-4bc0-a72d-21f1412334bb,Phylica,Plantae,Spermatopsida,https://vvtaxatree.tbn.org.tw/taxa/e809f167-cc4b-4da3-9357-c98876df26ca
3514af17-0510-4be8-9aea-7144ed939604,genus,079b3789-086b-4bc0-a72d-21f1412334bb,Pomaderris,Plantae,Spermatopsida,https://vvtaxatree.tbn.org.tw/taxa/3514af17-0510-4be8-9aea-7144ed939604
f48fa743-5645-4e15-8523-af3518fb4066,genus,079b3789-086b-4bc0-a72d-21f1412334bb,Reynosia,Plantae,Spermatopsida,https://vvtaxatree.tbn.org.tw/taxa/f48fa743-5645-4e15-8523-af3518fb4066
2b0dcd77-d44b-4b71-abf5-2b98e8a8d9d2,genus,079b3789-086b-4bc0-a72d-21f1412334bb,Forrestia,Plantae,Spermatopsida,https://vvtaxatree.tbn.org.tw/taxa/2b0dcd77-d44b-4b71-abf5-2b98e8a8d9d2
5a754bc0-f611-4c49-a3e7-8e87c0969b2c,genus,c9051007-0253-45fc-a4c8-8a3754597994,Planera,Plantae,Spermatopsida,https://vvtaxatree.tbn.org.tw/taxa/5a754bc0-f611-4c49-a3e7-8e87c0969b2c
ec730601-b517-4490-8a17-ea2b5ab3a711,genus,96092c7c-b42d-4a9b-b6c5-db1966cfa358,Brosimum,Plantae,Spermatopsida,https://vvtaxatree.tbn.org.tw/taxa/ec730601-b517-4490-8a17-ea2b5ab3a711
fee7bd00-fb26-4f6e-b5a0-9d04eaf83464,genus,96092c7c-b42d-4a9b-b6c5-db1966cfa358,Dorstenia,Plantae,Spermatopsida,https://vvtaxatree.tbn.org.tw/taxa/fee7bd00-fb26-4f6e-b5a0-9d04eaf83464
b8766c7b-a7f2-468e-8e1c-a787f7a0ddcf,genus,96092c7c-b42d-4a9b-b6c5-db1966cfa358,Allaeanthus,Plantae,Spermatopsida,https://vvtaxatree.tbn.org.tw/taxa/b8766c7b-a7f2-468e-8e1c-a787f7a0ddcf
2c517862-57f8-4c71-848e-6e5f99ffff7c,genus,aae515c1-ef75-4ef1-96bc-d97c27d6a1bc,Hesperocnide,Plantae,Spermatopsida,https://vvtaxatree.tbn.org.tw/taxa/2c517862-57f8-4c71-848e-6e5f99ffff7c
f23cee23-3f31-437a-9b98-23b0aa41cd44,genus,b0bde2fa-07ec-4673-88ee-0d618cbff760,Chrysolepis,Plantae,Spermatopsida,https://vvtaxatree.tbn.org.tw/taxa/f23cee23-3f31-437a-9b98-23b0aa41cd44
a5a4298a-0e11-4752-be51-d39334766a9b,genus,d519f6d5-b157-4276-b552-200b3aca4415,Comptonia,Plantae,Spermatopsida,https://vvtaxatree.tbn.org.tw/taxa/a5a4298a-0e11-4752-be51-d39334766a9b
ad688941-59f0-4918-a44a-8e371c0b9eec,genus,d519f6d5-b157-4276-b552-200b3aca4415,Canacomyrica,Plantae,Spermatopsida,https://vvtaxatree.tbn.org.tw/taxa/ad688941-59f0-4918-a44a-8e371c0b9eec
3e633375-0771-49a0-8bfb-5b91596f4756,genus,1ccbb921-c10d-4df5-abf7-932e93399b9d,Allocasuarina,Plantae,Spermatopsida,https://vvtaxatree.tbn.org.tw/taxa/3e633375-0771-49a0-8bfb-5b91596f4756
f29b2952-63b4-40bb-ac4e-c05670083ad8,genus,1ccbb921-c10d-4df5-abf7-932e93399b9d,Gymnostoma,Plantae,Spermatopsida,https://vvtaxatree.tbn.org.tw/taxa/f29b2952-63b4-40bb-ac4e-c05670083ad8
19cafbbe-d4bf-4c43-9a6d-3159ef628310,genus,2b3f7c23-d032-45d7-b6f9-e8cdafcbaa6f,Ostrya,Plantae,Spermatopsida,https://vvtaxatree.tbn.org.tw/taxa/19cafbbe-d4bf-4c43-9a6d-3159ef628310
9f56e7ed-dd61-4070-9797-12c2386901e2,genus,da467a60-0def-427c-b837-a7ff5f07ad16,Cayaponia,Plantae,Spermatopsida,https://vvtaxatree.tbn.org.tw/taxa/9f56e7ed-dd61-4070-9797-12c2386901e2
80232a5d-d64e-4c71-af4d-c7fc9ef1f999,genus,da467a60-0def-427c-b837-a7ff5f07ad16,Cyclanthera,Plantae,Spermatopsida,https://vvtaxatree.tbn.org.tw/taxa/80232a5d-d64e-4c71-af4d-c7fc9ef1f999
c356ed91-96f8-44aa-8d59-0dde2a9def92,genus,da467a60-0def-427c-b837-a7ff5f07ad16,Echinocystis,Plantae,Spermatopsida,https://vvtaxatree.tbn.org.tw/taxa/c356ed91-96f8-44aa-8d59-0dde2a9def92
4774e4be-4504-40ed-8d61-d678f9653f75,genus,da467a60-0def-427c-b837-a7ff5f07ad16,Gurania,Plantae,Spermatopsida,https://vvtaxatree.tbn.org.tw/taxa/4774e4be-4504-40ed-8d61-d678f9653f75
e3d5998c-f650-45ce-af93-f29d4f47ca95,genus,d631bee4-1a86-45ba-bf71-975f879479d6,Hillebrandia,Plantae,Spermatopsida,https://vvtaxatree.tbn.org.tw/taxa/e3d5998c-f650-45ce-af93-f29d4f47ca95
f6df82b1-7f05-45ab-923f-95a5b99cad79,genus,b775578f-f770-485c-b1bd-efe745da1e5b,Crossopetalum,Plantae,Spermatopsida,https://vvtaxatree.tbn.org.tw/taxa/f6df82b1-7f05-45ab-923f-95a5b99cad79
53a81d71-9dbb-4186-bac2-a3f2e86a8bcc,genus,b775578f-f770-485c-b1bd-efe745da1e5b,Salacia,Plantae,Spermatopsida,https://vvtaxatree.tbn.org.tw/taxa/53a81d71-9dbb-4186-bac2-a3f2e86a8bcc
2ccc7b7b-d21e-405a-860b-82823c96f7a6,genus,b775578f-f770-485c-b1bd-efe745da1e5b,Hippocratea,Plantae,Spermatopsida,https://vvtaxatree.tbn.org.tw/taxa/2ccc7b7b-d21e-405a-860b-82823c96f7a6
b8dc1610-ad9c-49c6-b7fa-b529b324ce18,genus,b775578f-f770-485c-b1bd-efe745da1e5b,Paxistima,Plantae,Spermatopsida,https://vvtaxatree.tbn.org.tw/taxa/b8dc1610-ad9c-49c6-b7fa-b529b324ce18
f87967d2-9ec5-4ff1-9da1-593cb2b8e5cc,genus,b775578f-f770-485c-b1bd-efe745da1e5b,Schaefferia,Plantae,Spermatopsida,https://vvtaxatree.tbn.org.tw/taxa/f87967d2-9ec5-4ff1-9da1-593cb2b8e5cc
8b1d9e6d-40f2-409e-9694-5708bc093f15,genus,b3d6320e-db94-41e0-8fb5-46eb08448e1c,Cassipourea,Plantae,Spermatopsida,https://vvtaxatree.tbn.org.tw/taxa/8b1d9e6d-40f2-409e-9694-5708bc093f15
faf38c63-4eea-460e-9521-ecabb61a4761,genus,c06fa548-d282-47b1-8b11-af6af7ae6f9c,Clusia,Plantae,Spermatopsida,https://vvtaxatree.tbn.org.tw/taxa/faf38c63-4eea-460e-9521-ecabb61a4761
1922cc91-029a-43d3-a717-8eac283761a9,genus,6cd9c44f-b270-4bfc-aea3-92bd65552e19,Vismia,Plantae,Spermatopsida,https://vvtaxatree.tbn.org.tw/taxa/1922cc91-029a-43d3-a717-8eac283761a9
4acf2d65-06f9-479c-9a70-be25b3b9e2da,genus,b518d155-ddb1-44b4-b6f4-e729839d977a,Aspicarpa,Plantae,Spermatopsida,https://vvtaxatree.tbn.org.tw/taxa/4acf2d65-06f9-479c-9a70-be25b3b9e2da
405d0a60-f107-481e-9851-4e34b173908c,genus,b518d155-ddb1-44b4-b6f4-e729839d977a,Banisteriopsis,Plantae,Spermatopsida,https://vvtaxatree.tbn.org.tw/taxa/405d0a60-f107-481e-9851-4e34b173908c
76991058-09eb-4a41-99fd-508c07aca66a,genus,b518d155-ddb1-44b4-b6f4-e729839d977a,Byrsonima,Plantae,Spermatopsida,https://vvtaxatree.tbn.org.tw/taxa/76991058-09eb-4a41-99fd-508c07aca66a
2a9e7c3b-ac71-4ccb-b284-f2b74d9c8ffc,genus,b518d155-ddb1-44b4-b6f4-e729839d977a,Galphimia,Plantae,Spermatopsida,https://vvtaxatree.tbn.org.tw/taxa/2a9e7c3b-ac71-4ccb-b284-f2b74d9c8ffc
c8b55bf5-3299-48ad-ad8f-6197fb124daa,genus,b518d155-ddb1-44b4-b6f4-e729839d977a,Heteropterys,Plantae,Spermatopsida,https://vvtaxatree.tbn.org.tw/taxa/c8b55bf5-3299-48ad-ad8f-6197fb124daa
7ad3f497-3fed-4705-907c-2fa7130706dc,genus,b518d155-ddb1-44b4-b6f4-e729839d977a,Janusia,Plantae,Spermatopsida,https://vvtaxatree.tbn.org.tw/taxa/7ad3f497-3fed-4705-907c-2fa7130706dc
af7c937f-711d-4353-84a9-976e520543f9,genus,5f1313e7-b516-421e-aa49-71721352630b,Rinorea,Plantae,Spermatopsida,https://vvtaxatree.tbn.org.tw/taxa/af7c937f-711d-4353-84a9-976e520543f9
cad19924-616a-4bde-b012-0114fa592790,genus,156f61f9-ede4-4a2b-a124-c5f45531c9e2,Banara,Plantae,Spermatopsida,https://vvtaxatree.tbn.org.tw/taxa/cad19924-616a-4bde-b012-0114fa592790
d868335a-aa6c-41cb-a1e8-20887663f15d,genus,156f61f9-ede4-4a2b-a124-c5f45531c9e2,Oncoba,Plantae,Spermatopsida,https://vvtaxatree.tbn.org.tw/taxa/d868335a-aa6c-41cb-a1e8-20887663f15d
e486037e-6a42-4cb3-b740-3d89bf913d5a,genus,156f61f9-ede4-4a2b-a124-c5f45531c9e2,Samyda,Plantae,Spermatopsida,https://vvtaxatree.tbn.org.tw/taxa/e486037e-6a42-4cb3-b740-3d89bf913d5a
f9640fa9-4fa3-4e5a-9b85-64efb857b3de,genus,8a156771-1e56-4a85-8cf9-792c3baf9a67,Argythamnia,Plantae,Spermatopsida,https://vvtaxatree.tbn.org.tw/taxa/f9640fa9-4fa3-4e5a-9b85-64efb857b3de
34f35c12-d352-47d5-9fcf-e4c17614d9c8,genus,8a156771-1e56-4a85-8cf9-792c3baf9a67,Bernardia,Plantae,Spermatopsida,https://vvtaxatree.tbn.org.tw/taxa/34f35c12-d352-47d5-9fcf-e4c17614d9c8
fbc3a2d5-b028-4274-aa32-65a62caa1290,genus,8a156771-1e56-4a85-8cf9-792c3baf9a67,Cnidoscolus,Plantae,Spermatopsida,https://vvtaxatree.tbn.org.tw/taxa/fbc3a2d5-b028-4274-aa32-65a62caa1290
ec88c77c-9db9-4a62-b057-bf82af320ba0,genus,8a156771-1e56-4a85-8cf9-792c3baf9a67,Dalechampia,Plantae,Spermatopsida,https://vvtaxatree.tbn.org.tw/taxa/ec88c77c-9db9-4a62-b057-bf82af320ba0
28bf43b4-6e1d-40e3-aff8-6bfaaa425eb2,genus,8a156771-1e56-4a85-8cf9-792c3baf9a67,Reverchonia,Plantae,Spermatopsida,https://vvtaxatree.tbn.org.tw/taxa/28bf43b4-6e1d-40e3-aff8-6bfaaa425eb2
03e4ad59-6912-493d-8ae8-3626689cd3b5,genus,8a156771-1e56-4a85-8cf9-792c3baf9a67,Sapium,Plantae,Spermatopsida,https://vvtaxatree.tbn.org.tw/taxa/03e4ad59-6912-493d-8ae8-3626689cd3b5
18e29d04-799d-45bc-8d1c-d66ba3621955,genus,8a156771-1e56-4a85-8cf9-792c3baf9a67,Sebastiania,Plantae,Spermatopsida,https://vvtaxatree.tbn.org.tw/taxa/18e29d04-799d-45bc-8d1c-d66ba3621955
3d9cd535-8aa4-4508-8022-03785aea5d1d,genus,8a156771-1e56-4a85-8cf9-792c3baf9a67,Stillingia,Plantae,Spermatopsida,https://vvtaxatree.tbn.org.tw/taxa/3d9cd535-8aa4-4508-8022-03785aea5d1d
97dcfa5c-756b-4938-b18a-c839d38af5de,genus,8a156771-1e56-4a85-8cf9-792c3baf9a67,Tragia,Plantae,Spermatopsida,https://vvtaxatree.tbn.org.tw/taxa/97dcfa5c-756b-4938-b18a-c839d38af5de
b3266f40-d889-4e6f-9ea8-65e820dcf071,genus,0beb9088-a93d-418d-9a77-1df2ab319284,Andrachne,Plantae,Spermatopsida,https://vvtaxatree.tbn.org.tw/taxa/b3266f40-d889-4e6f-9ea8-65e820dcf071
3b60aee4-33f5-40ca-a748-ad9db1cff356,genus,0beb9088-a93d-418d-9a77-1df2ab319284,Cleistanthus,Plantae,Spermatopsida,https://vvtaxatree.tbn.org.tw/taxa/3b60aee4-33f5-40ca-a748-ad9db1cff356
8fd63524-64d3-416b-ae8b-d5610789f39e,genus,0beb9088-a93d-418d-9a77-1df2ab319284,Savia,Plantae,Spermatopsida,https://vvtaxatree.tbn.org.tw/taxa/8fd63524-64d3-416b-ae8b-d5610789f39e
014be398-3ad2-48a0-806b-9a28e84aa34a,genus,5b0f52ba-786a-44c1-8c98-0d55cc273ce5,Bucida,Plantae,Spermatopsida,https://vvtaxatree.tbn.org.tw/taxa/014be398-3ad2-48a0-806b-9a28e84aa34a
67e50e74-46d8-4e4a-a7eb-0734b9eda9d9,genus,5b0f52ba-786a-44c1-8c98-0d55cc273ce5,Laguncularia,Plantae,Spermatopsida,https://vvtaxatree.tbn.org.tw/taxa/67e50e74-46d8-4e4a-a7eb-0734b9eda9d9
0d334b44-64cc-47d8-b4f3-1553afbfde39,genus,5b0f52ba-786a-44c1-8c98-0d55cc273ce5,Quisqualis,Plantae,Spermatopsida,https://vvtaxatree.tbn.org.tw/taxa/0d334b44-64cc-47d8-b4f3-1553afbfde39
52604a3c-f0d3-44df-af2f-132abc500082,genus,3a833367-4164-4251-84a4-0d541e9854b2,Decodon,Plantae,Spermatopsida,https://vvtaxatree.tbn.org.tw/taxa/52604a3c-f0d3-44df-af2f-132abc500082
091d0207-ad4d-4bf1-8f48-4f0577c8f616,genus,3a833367-4164-4251-84a4-0d541e9854b2,Didiplis,Plantae,Spermatopsida,https://vvtaxatree.tbn.org.tw/taxa/091d0207-ad4d-4bf1-8f48-4f0577c8f616
4fcf6062-12e1-4a1c-9afc-298dad1bf05c,genus,3a833367-4164-4251-84a4-0d541e9854b2,Diplusodon,Plantae,Spermatopsida,https://vvtaxatree.tbn.org.tw/taxa/4fcf6062-12e1-4a1c-9afc-298dad1bf05c
8ca59b08-28df-4e43-8a38-e5dedfc67a9e,genus,3a833367-4164-4251-84a4-0d541e9854b2,Lythrum,Plantae,Spermatopsida,https://vvtaxatree.tbn.org.tw/taxa/8ca59b08-28df-4e43-8a38-e5dedfc67a9e
41a31f21-d6c6-4bbc-8101-1056f61d1429,genus,3a833367-4164-4251-84a4-0d541e9854b2,Nesaea,Plantae,Spermatopsida,https://vvtaxatree.tbn.org.tw/taxa/41a31f21-d6c6-4bbc-8101-1056f61d1429
5228c1da-8576-4b9a-800d-0f5be9a33159,genus,3a833367-4164-4251-84a4-0d541e9854b2,Peplis,Plantae,Spermatopsida,https://vvtaxatree.tbn.org.tw/taxa/5228c1da-8576-4b9a-800d-0f5be9a33159
353e0ce7-f119-40e5-af10-6ae61622d499,genus,89ee55e4-eaa4-4ce2-8994-74024eaec13d,Camissonia,Plantae,Spermatopsida,https://vvtaxatree.tbn.org.tw/taxa/353e0ce7-f119-40e5-af10-6ae61622d499
77dfdad7-b18b-4453-b01c-54535f052f95,genus,89ee55e4-eaa4-4ce2-8994-74024eaec13d,Chamerion,Plantae,Spermatopsida,https://vvtaxatree.tbn.org.tw/taxa/77dfdad7-b18b-4453-b01c-54535f052f95
1a823987-da45-4534-b2c9-2b858aa1943c,genus,89ee55e4-eaa4-4ce2-8994-74024eaec13d,Chylismia,Plantae,Spermatopsida,https://vvtaxatree.tbn.org.tw/taxa/1a823987-da45-4534-b2c9-2b858aa1943c
48b9bb18-126c-4f75-b59a-2eaac96ad0ed,genus,89ee55e4-eaa4-4ce2-8994-74024eaec13d,Chylismiella,Plantae,Spermatopsida,https://vvtaxatree.tbn.org.tw/taxa/48b9bb18-126c-4f75-b59a-2eaac96ad0ed
053728e3-7071-4643-83e7-7cdd722d9fff,genus,89ee55e4-eaa4-4ce2-8994-74024eaec13d,Eulobus,Plantae,Spermatopsida,https://vvtaxatree.tbn.org.tw/taxa/053728e3-7071-4643-83e7-7cdd722d9fff
cd753d33-0a30-4ea9-8823-183801a61516,genus,89ee55e4-eaa4-4ce2-8994-74024eaec13d,Gayophytum,Plantae,Spermatopsida,https://vvtaxatree.tbn.org.tw/taxa/cd753d33-0a30-4ea9-8823-183801a61516
74703303-aedc-49a4-934e-d727d74f06f9,genus,9d6a3140-8f89-4d88-9046-31a90a1f31c6,Acca,Plantae,Spermatopsida,https://vvtaxatree.tbn.org.tw/taxa/74703303-aedc-49a4-934e-d727d74f06f9
5f07bb2d-89f3-4ac9-96f7-21ea52e8df2f,genus,9d6a3140-8f89-4d88-9046-31a90a1f31c6,Calyptranthes,Plantae,Spermatopsida,https://vvtaxatree.tbn.org.tw/taxa/5f07bb2d-89f3-4ac9-96f7-21ea52e8df2f
4d5c35a5-b171-4259-87cd-b16f2bf8fc08,genus,9d6a3140-8f89-4d88-9046-31a90a1f31c6,Mosiera,Plantae,Spermatopsida,https://vvtaxatree.tbn.org.tw/taxa/4d5c35a5-b171-4259-87cd-b16f2bf8fc08
6e962f86-801e-483b-8e7e-a983d1432563,genus,9d6a3140-8f89-4d88-9046-31a90a1f31c6,Myrcia,Plantae,Spermatopsida,https://vvtaxatree.tbn.org.tw/taxa/6e962f86-801e-483b-8e7e-a983d1432563
b49db9c4-8758-450e-b792-23cb119c19c7,genus,9d6a3140-8f89-4d88-9046-31a90a1f31c6,Myrcianthes,Plantae,Spermatopsida,https://vvtaxatree.tbn.org.tw/taxa/b49db9c4-8758-450e-b792-23cb119c19c7
d761c773-c6fd-4202-aa2b-a304fbe645a1,genus,9d6a3140-8f89-4d88-9046-31a90a1f31c6,Myrciaria,Plantae,Spermatopsida,https://vvtaxatree.tbn.org.tw/taxa/d761c773-c6fd-4202-aa2b-a304fbe645a1
865c3edd-5ec4-4c2e-9aa8-849609025331,genus,9d6a3140-8f89-4d88-9046-31a90a1f31c6,Myrtus,Plantae,Spermatopsida,https://vvtaxatree.tbn.org.tw/taxa/865c3edd-5ec4-4c2e-9aa8-849609025331
ffe94245-d2fc-4759-b530-dd250946df36,genus,9d6a3140-8f89-4d88-9046-31a90a1f31c6,Pimenta,Plantae,Spermatopsida,https://vvtaxatree.tbn.org.tw/taxa/ffe94245-d2fc-4759-b530-dd250946df36
264d88ed-55db-4780-bc5d-a2fd47f65c23,genus,8014bbe1-d51f-43d3-800c-01bd1a8462c9,Dissotis,Plantae,Spermatopsida,https://vvtaxatree.tbn.org.tw/taxa/264d88ed-55db-4780-bc5d-a2fd47f65c23
ab7a8280-bcfb-4f3a-a954-f35be637c39a,genus,8014bbe1-d51f-43d3-800c-01bd1a8462c9,Leandra,Plantae,Spermatopsida,https://vvtaxatree.tbn.org.tw/taxa/ab7a8280-bcfb-4f3a-a954-f35be637c39a
b8e1c850-271e-4538-8394-25139caca796,genus,8014bbe1-d51f-43d3-800c-01bd1a8462c9,Miconia,Plantae,Spermatopsida,https://vvtaxatree.tbn.org.tw/taxa/b8e1c850-271e-4538-8394-25139caca796
ee6da99c-a1d4-44b0-9d55-ff57e735bcba,genus,8014bbe1-d51f-43d3-800c-01bd1a8462c9,Microlica,Plantae,Spermatopsida,https://vvtaxatree.tbn.org.tw/taxa/ee6da99c-a1d4-44b0-9d55-ff57e735bcba
17c94769-6b6e-49a8-9d9e-91a044cbf349,genus,8014bbe1-d51f-43d3-800c-01bd1a8462c9,Rhexia,Plantae,Spermatopsida,https://vvtaxatree.tbn.org.tw/taxa/17c94769-6b6e-49a8-9d9e-91a044cbf349
d67fa133-4eb2-4831-9def-ece04a109aaf,genus,8014bbe1-d51f-43d3-800c-01bd1a8462c9,Tetrazygia,Plantae,Spermatopsida,https://vvtaxatree.tbn.org.tw/taxa/d67fa133-4eb2-4831-9def-ece04a109aaf
dd6b1855-548e-4b28-8e98-110e12097850,genus,8014bbe1-d51f-43d3-800c-01bd1a8462c9,Tibouchina,Plantae,Spermatopsida,https://vvtaxatree.tbn.org.tw/taxa/dd6b1855-548e-4b28-8e98-110e12097850
f7a154d0-e501-4a90-86a5-d4fa47ab794b,genus,f3d72fb6-8284-4a5a-812c-d098976c44b1,Bursera,Plantae,Spermatopsida,https://vvtaxatree.tbn.org.tw/taxa/f7a154d0-e501-4a90-86a5-d4fa47ab794b
3949fd34-1d09-4cea-a2a4-2aefdd33769f,genus,f3d72fb6-8284-4a5a-812c-d098976c44b1,Commiphora,Plantae,Spermatopsida,https://vvtaxatree.tbn.org.tw/taxa/3949fd34-1d09-4cea-a2a4-2aefdd33769f
ad30967a-0c1d-4e28-80c9-3172428dc035,genus,f3d72fb6-8284-4a5a-812c-d098976c44b1,Protium,Plantae,Spermatopsida,https://vvtaxatree.tbn.org.tw/taxa/ad30967a-0c1d-4e28-80c9-3172428dc035
7d4fabfb-7c29-4202-8059-901da33d37d1,genus,faaf3c47-b230-4bc0-be1c-c578ace764b7,Astronium,Plantae,Spermatopsida,https://vvtaxatree.tbn.org.tw/taxa/7d4fabfb-7c29-4202-8059-901da33d37d1
0892df50-8dea-4f77-bf66-44bc4779fea3,genus,faaf3c47-b230-4bc0-be1c-c578ace764b7,Cotinus,Plantae,Spermatopsida,https://vvtaxatree.tbn.org.tw/taxa/0892df50-8dea-4f77-bf66-44bc4779fea3
9c691a59-9115-442f-9322-38000537dcf1,genus,faaf3c47-b230-4bc0-be1c-c578ace764b7,Lannea,Plantae,Spermatopsida,https://vvtaxatree.tbn.org.tw/taxa/9c691a59-9115-442f-9322-38000537dcf1
9462fdfe-ecbb-4394-8a42-484c1a0347bc,genus,faaf3c47-b230-4bc0-be1c-c578ace764b7,Loxopterygium,Plantae,Spermatopsida,https://vvtaxatree.tbn.org.tw/taxa/9462fdfe-ecbb-4394-8a42-484c1a0347bc
a0e4e52b-10d9-43f7-9cff-54db09948295,genus,faaf3c47-b230-4bc0-be1c-c578ace764b7,Metopium,Plantae,Spermatopsida,https://vvtaxatree.tbn.org.tw/taxa/a0e4e52b-10d9-43f7-9cff-54db09948295
4a9e3baa-323c-4ba8-802d-bb3dd3da4e69,genus,c8bced66-65de-49f9-84e9-8f9a541d4f42,Blighia,Plantae,Spermatopsida,https://vvtaxatree.tbn.org.tw/taxa/4a9e3baa-323c-4ba8-802d-bb3dd3da4e69
5fbefa9e-37ea-468a-af1e-dbfee7a828b4,genus,c8bced66-65de-49f9-84e9-8f9a541d4f42,Cupania,Plantae,Spermatopsida,https://vvtaxatree.tbn.org.tw/taxa/5fbefa9e-37ea-468a-af1e-dbfee7a828b4
b38b4d26-9375-4296-8357-6a9db90d92ce,genus,c8bced66-65de-49f9-84e9-8f9a541d4f42,Exothea,Plantae,Spermatopsida,https://vvtaxatree.tbn.org.tw/taxa/b38b4d26-9375-4296-8357-6a9db90d92ce
81127fce-f8d2-48f6-8836-269bfd2df728,genus,c8bced66-65de-49f9-84e9-8f9a541d4f42,Harpullia,Plantae,Spermatopsida,https://vvtaxatree.tbn.org.tw/taxa/81127fce-f8d2-48f6-8836-269bfd2df728
53708492-af3b-4af4-9fff-35cafcdacc20,genus,c8bced66-65de-49f9-84e9-8f9a541d4f42,Hypelate,Plantae,Spermatopsida,https://vvtaxatree.tbn.org.tw/taxa/53708492-af3b-4af4-9fff-35cafcdacc20
fd7ae12d-e35e-4982-b249-096f9f692ab4,genus,c8bced66-65de-49f9-84e9-8f9a541d4f42,Paullinia,Plantae,Spermatopsida,https://vvtaxatree.tbn.org.tw/taxa/fd7ae12d-e35e-4982-b249-096f9f692ab4
d27b0267-5e08-47bc-b59d-d3860101dc6a,genus,012ba84d-4207-4734-a38b-a010f37a38e9,Agathosma,Plantae,Spermatopsida,https://vvtaxatree.tbn.org.tw/taxa/d27b0267-5e08-47bc-b59d-d3860101dc6a
53a23ba5-77c6-423b-8fd6-be3862ef3205,genus,012ba84d-4207-4734-a38b-a010f37a38e9,Amyris,Plantae,Spermatopsida,https://vvtaxatree.tbn.org.tw/taxa/53a23ba5-77c6-423b-8fd6-be3862ef3205
0437e1cb-738c-4f4d-9ae8-d100de7cd84f,genus,012ba84d-4207-4734-a38b-a010f37a38e9,Chloroxylon,Plantae,Spermatopsida,https://vvtaxatree.tbn.org.tw/taxa/0437e1cb-738c-4f4d-9ae8-d100de7cd84f
dba9ed08-0d84-4802-a59b-ebf88ab977e2,genus,012ba84d-4207-4734-a38b-a010f37a38e9,Cneoridium,Plantae,Spermatopsida,https://vvtaxatree.tbn.org.tw/taxa/dba9ed08-0d84-4802-a59b-ebf88ab977e2
305de729-aca9-4821-9237-c2ed0d798ac7,genus,012ba84d-4207-4734-a38b-a010f37a38e9,Ptelea,Plantae,Spermatopsida,https://vvtaxatree.tbn.org.tw/taxa/305de729-aca9-4821-9237-c2ed0d798ac7
99a6fa16-a3c1-41d1-a640-8341d0b75b32,genus,012ba84d-4207-4734-a38b-a010f37a38e9,Triphasia,Plantae,Spermatopsida,https://vvtaxatree.tbn.org.tw/taxa/99a6fa16-a3c1-41d1-a640-8341d0b75b32
34f30e8b-46c5-4c75-9c40-456ad0ebd454,genus,58fbf3f1-2243-4ea4-aa80-df30103e6305,Castela,Plantae,Spermatopsida,https://vvtaxatree.tbn.org.tw/taxa/34f30e8b-46c5-4c75-9c40-456ad0ebd454
0105d036-949c-41c6-a2d6-7ebb960dff65,genus,58fbf3f1-2243-4ea4-aa80-df30103e6305,Leitneria,Plantae,Spermatopsida,https://vvtaxatree.tbn.org.tw/taxa/0105d036-949c-41c6-a2d6-7ebb960dff65
65300801-e8c8-4fe7-95a8-82cae55c8e77,genus,58fbf3f1-2243-4ea4-aa80-df30103e6305,Simaba,Plantae,Spermatopsida,https://vvtaxatree.tbn.org.tw/taxa/65300801-e8c8-4fe7-95a8-82cae55c8e77
a6803f15-aa93-445a-8b52-ad25e07c3674,genus,74facb33-45ae-40b9-9b16-78ebe17b6f7c,Entandrophragma,Plantae,Spermatopsida,https://vvtaxatree.tbn.org.tw/taxa/a6803f15-aa93-445a-8b52-ad25e07c3674
e605607c-8cf5-4ce2-98f2-53b21c7feafe,genus,74facb33-45ae-40b9-9b16-78ebe17b6f7c,Guarea,Plantae,Spermatopsida,https://vvtaxatree.tbn.org.tw/taxa/e605607c-8cf5-4ce2-98f2-53b21c7feafe
0690f065-57ca-4177-a7e7-aa0ed2240a53,genus,74facb33-45ae-40b9-9b16-78ebe17b6f7c,Trichilia,Plantae,Spermatopsida,https://vvtaxatree.tbn.org.tw/taxa/0690f065-57ca-4177-a7e7-aa0ed2240a53
fd07a8b9-e058-49ce-8171-dad31a2384ce,genus,74facb33-45ae-40b9-9b16-78ebe17b6f7c,Turraea,Plantae,Spermatopsida,https://vvtaxatree.tbn.org.tw/taxa/fd07a8b9-e058-49ce-8171-dad31a2384ce
c4aeeb9e-d1bc-420a-9b46-95cdac64ebe3,genus,10a6aba3-81de-4e81-9f27-55cffb906839,Althaea,Plantae,Spermatopsida,https://vvtaxatree.tbn.org.tw/taxa/c4aeeb9e-d1bc-420a-9b46-95cdac64ebe3
0a602d40-1b40-49e9-84a1-5967d45730c6,genus,10a6aba3-81de-4e81-9f27-55cffb906839,Callirhoe,Plantae,Spermatopsida,https://vvtaxatree.tbn.org.tw/taxa/0a602d40-1b40-49e9-84a1-5967d45730c6
969f90ea-3b85-4fe2-8749-674d5c116796,genus,10a6aba3-81de-4e81-9f27-55cffb906839,Cola,Plantae,Spermatopsida,https://vvtaxatree.tbn.org.tw/taxa/969f90ea-3b85-4fe2-8749-674d5c116796
3976c1c6-6439-4fe2-b3ec-0c40dcf548dd,genus,10a6aba3-81de-4e81-9f27-55cffb906839,Dombeya,Plantae,Spermatopsida,https://vvtaxatree.tbn.org.tw/taxa/3976c1c6-6439-4fe2-b3ec-0c40dcf548dd
7dde9ae1-752e-471b-91f6-2db96ac02c57,genus,10a6aba3-81de-4e81-9f27-55cffb906839,Fremontodendron,Plantae,Spermatopsida,https://vvtaxatree.tbn.org.tw/taxa/7dde9ae1-752e-471b-91f6-2db96ac02c57
c859b09e-2131-498f-bbd9-9d639466b88d,genus,10a6aba3-81de-4e81-9f27-55cffb906839,Kosteletzkya,Plantae,Spermatopsida,https://vvtaxatree.tbn.org.tw/taxa/c859b09e-2131-498f-bbd9-9d639466b88d
4349ae9d-5025-422d-b9b2-77d8f2be1642,genus,10a6aba3-81de-4e81-9f27-55cffb906839,Pavonia,Plantae,Spermatopsida,https://vvtaxatree.tbn.org.tw/taxa/4349ae9d-5025-422d-b9b2-77d8f2be1642
1e64cca6-1e98-4961-ad86-fb2c46a4e8f4,genus,10a6aba3-81de-4e81-9f27-55cffb906839,Sidalcea,Plantae,Spermatopsida,https://vvtaxatree.tbn.org.tw/taxa/1e64cca6-1e98-4961-ad86-fb2c46a4e8f4
8d85f2a1-07dd-48f2-86a5-5df687f30eaf,genus,10a6aba3-81de-4e81-9f27-55cffb906839,Sphaeralcea,Plantae,Spermatopsida,https://vvtaxatree.tbn.org.tw/taxa/8d85f2a1-07dd-48f2-86a5-5df687f30eaf
27b62655-2d85-4f25-95da-635f7e698e1b,genus,10a6aba3-81de-4e81-9f27-55cffb906839,Tilia,Plantae,Spermatopsida,https://vvtaxatree.tbn.org.tw/taxa/27b62655-2d85-4f25-95da-635f7e698e1b
1efd781f-89b5-460e-9946-6c594dc353e4,genus,6f5f4a69-3fdd-449c-864c-a6c157df457f,Cistus,Plantae,Spermatopsida,https://vvtaxatree.tbn.org.tw/taxa/1efd781f-89b5-460e-9946-6c594dc353e4
bfe09838-696c-45d4-810d-489e306108b1,genus,6f5f4a69-3fdd-449c-864c-a6c157df457f,Crocanthemum,Plantae,Spermatopsida,https://vvtaxatree.tbn.org.tw/taxa/bfe09838-696c-45d4-810d-489e306108b1
d3daf8ce-84da-430a-aebb-d6814011a706,genus,6f5f4a69-3fdd-449c-864c-a6c157df457f,Helianthemum,Plantae,Spermatopsida,https://vvtaxatree.tbn.org.tw/taxa/d3daf8ce-84da-430a-aebb-d6814011a706
763bf2b0-6a8a-42d1-be07-320e4829209c,genus,6f5f4a69-3fdd-449c-864c-a6c157df457f,Hudsonia,Plantae,Spermatopsida,https://vvtaxatree.tbn.org.tw/taxa/763bf2b0-6a8a-42d1-be07-320e4829209c
1f7e4167-8e57-49a1-8763-3ac96313323e,genus,6f5f4a69-3fdd-449c-864c-a6c157df457f,Lechea,Plantae,Spermatopsida,https://vvtaxatree.tbn.org.tw/taxa/1f7e4167-8e57-49a1-8763-3ac96313323e
a3811a67-0608-4080-a438-da59a950d836,genus,a07b2eb3-9862-4b97-9e9a-36180ac6ad36,Shorea,Plantae,Spermatopsida,https://vvtaxatree.tbn.org.tw/taxa/a3811a67-0608-4080-a438-da59a950d836
9062b9bd-bb27-4076-b812-4326a8912f07,genus,9e4cec44-1132-4c8d-8b28-23f92ded7661,Tovaria,Plantae,Spermatopsida,https://vvtaxatree.tbn.org.tw/taxa/9062b9bd-bb27-4076-b812-4326a8912f07
7786ac00-8a19-4c5e-937a-80d4e6f52c8d,genus,53afe283-43ac-42ac-98ef-028e48999cec,Alliaria,Plantae,Spermatopsida,https://vvtaxatree.tbn.org.tw/taxa/7786ac00-8a19-4c5e-937a-80d4e6f52c8d
101c65ce-8734-434e-9099-61a76d53d126,genus,53afe283-43ac-42ac-98ef-028e48999cec,Alyssum,Plantae,Spermatopsida,https://vvtaxatree.tbn.org.tw/taxa/101c65ce-8734-434e-9099-61a76d53d126
8492286b-514b-47f4-b8cb-cc36e776d8b7,genus,53afe283-43ac-42ac-98ef-028e48999cec,Aurinia,Plantae,Spermatopsida,https://vvtaxatree.tbn.org.tw/taxa/8492286b-514b-47f4-b8cb-cc36e776d8b7
442bebad-7cf9-4052-87d1-995ec5d96b07,genus,53afe283-43ac-42ac-98ef-028e48999cec,Cakile,Plantae,Spermatopsida,https://vvtaxatree.tbn.org.tw/taxa/442bebad-7cf9-4052-87d1-995ec5d96b07
8c38c38b-f357-45a9-aec4-04dd6794b0c5,genus,53afe283-43ac-42ac-98ef-028e48999cec,Caulanthus,Plantae,Spermatopsida,https://vvtaxatree.tbn.org.tw/taxa/8c38c38b-f357-45a9-aec4-04dd6794b0c5
3b79a1ba-c23e-43a3-974b-a440960b1e39,genus,53afe283-43ac-42ac-98ef-028e48999cec,Cochlearia,Plantae,Spermatopsida,https://vvtaxatree.tbn.org.tw/taxa/3b79a1ba-c23e-43a3-974b-a440960b1e39
66289e0c-d90e-41e7-8792-85717f0f229a,genus,53afe283-43ac-42ac-98ef-028e48999cec,Descurainia,Plantae,Spermatopsida,https://vvtaxatree.tbn.org.tw/taxa/66289e0c-d90e-41e7-8792-85717f0f229a
0bae9c2e-ce41-4996-9fa9-c60463294bd6,genus,53afe283-43ac-42ac-98ef-028e48999cec,Dimorphocarpa,Plantae,Spermatopsida,https://vvtaxatree.tbn.org.tw/taxa/0bae9c2e-ce41-4996-9fa9-c60463294bd6
c36dc7fe-9128-40ee-a09f-6a70e28b79c7,genus,53afe283-43ac-42ac-98ef-028e48999cec,Erysimum,Plantae,Spermatopsida,https://vvtaxatree.tbn.org.tw/taxa/c36dc7fe-9128-40ee-a09f-6a70e28b79c7
9e9be69d-141e-4f0a-9667-d101f4ab36e6,genus,53afe283-43ac-42ac-98ef-028e48999cec,Heliophila,Plantae,Spermatopsida,https://vvtaxatree.tbn.org.tw/taxa/9e9be69d-141e-4f0a-9667-d101f4ab36e6
a9b34a35-a1f2-4c91-8da5-87eb19ca01dc,genus,53afe283-43ac-42ac-98ef-028e48999cec,Hesperis,Plantae,Spermatopsida,https://vvtaxatree.tbn.org.tw/taxa/a9b34a35-a1f2-4c91-8da5-87eb19ca01dc
7bb28fdc-7581-49be-8e1b-530401e5f3cc,genus,53afe283-43ac-42ac-98ef-028e48999cec,Iberis,Plantae,Spermatopsida,https://vvtaxatree.tbn.org.tw/taxa/7bb28fdc-7581-49be-8e1b-530401e5f3cc
d041fb29-98e1-4dd1-817f-d6eccc344977,genus,53afe283-43ac-42ac-98ef-028e48999cec,Leavenworthia,Plantae,Spermatopsida,https://vvtaxatree.tbn.org.tw/taxa/d041fb29-98e1-4dd1-817f-d6eccc344977
6c10b812-544b-424f-ab3f-8a99db8792d7,genus,53afe283-43ac-42ac-98ef-028e48999cec,Lesquerella,Plantae,Spermatopsida,https://vvtaxatree.tbn.org.tw/taxa/6c10b812-544b-424f-ab3f-8a99db8792d7
25a325fe-e1fb-4470-88c7-22383ac3170a,genus,53afe283-43ac-42ac-98ef-028e48999cec,Lunaria,Plantae,Spermatopsida,https://vvtaxatree.tbn.org.tw/taxa/25a325fe-e1fb-4470-88c7-22383ac3170a
604e9c2d-efa2-414c-a138-a5f580f0a327,genus,53afe283-43ac-42ac-98ef-028e48999cec,Physaria,Plantae,Spermatopsida,https://vvtaxatree.tbn.org.tw/taxa/604e9c2d-efa2-414c-a138-a5f580f0a327
f19f9ffb-29d3-4332-9263-baabe3218462,genus,53afe283-43ac-42ac-98ef-028e48999cec,Polanisia,Plantae,Spermatopsida,https://vvtaxatree.tbn.org.tw/taxa/f19f9ffb-29d3-4332-9263-baabe3218462
ed37bd78-f732-42fd-a985-bad548b81eb7,genus,53afe283-43ac-42ac-98ef-028e48999cec,Schoenocrambe,Plantae,Spermatopsida,https://vvtaxatree.tbn.org.tw/taxa/ed37bd78-f732-42fd-a985-bad548b81eb7
db48e6eb-de01-45e8-8b7b-eb6037751b09,genus,53afe283-43ac-42ac-98ef-028e48999cec,Sinapis,Plantae,Spermatopsida,https://vvtaxatree.tbn.org.tw/taxa/db48e6eb-de01-45e8-8b7b-eb6037751b09
9a88e6d3-c6f7-41e1-b71e-2bbdac62ad08,genus,53afe283-43ac-42ac-98ef-028e48999cec,Stanleya,Plantae,Spermatopsida,https://vvtaxatree.tbn.org.tw/taxa/9a88e6d3-c6f7-41e1-b71e-2bbdac62ad08
c52bf094-dc8e-401c-ac67-79b5f0e9d3a2,genus,53afe283-43ac-42ac-98ef-028e48999cec,Streptanthus,Plantae,Spermatopsida,https://vvtaxatree.tbn.org.tw/taxa/c52bf094-dc8e-401c-ac67-79b5f0e9d3a2
58096f45-7aa9-43de-ad92-27a8141e5a18,genus,53afe283-43ac-42ac-98ef-028e48999cec,Warea,Plantae,Spermatopsida,https://vvtaxatree.tbn.org.tw/taxa/58096f45-7aa9-43de-ad92-27a8141e5a18
59a3f573-75c2-4af5-8c78-1ca52c3434a2,genus,76bffcef-386b-4b82-afca-9add80e9fb85,Arceuthobium,Plantae,Spermatopsida,https://vvtaxatree.tbn.org.tw/taxa/59a3f573-75c2-4af5-8c78-1ca52c3434a2
a6adca89-7b66-4bf3-b800-eab9b2fd2656,genus,76bffcef-386b-4b82-afca-9add80e9fb85,Buckleya,Plantae,Spermatopsida,https://vvtaxatree.tbn.org.tw/taxa/a6adca89-7b66-4bf3-b800-eab9b2fd2656
b9c8cc68-f256-4470-b46c-29646b7d8255,genus,76bffcef-386b-4b82-afca-9add80e9fb85,Comandra,Plantae,Spermatopsida,https://vvtaxatree.tbn.org.tw/taxa/b9c8cc68-f256-4470-b46c-29646b7d8255
56199e85-0d26-4b59-aa3d-3d23c6b28037,genus,76bffcef-386b-4b82-afca-9add80e9fb85,Dendrophthora,Plantae,Spermatopsida,https://vvtaxatree.tbn.org.tw/taxa/56199e85-0d26-4b59-aa3d-3d23c6b28037
e9fd19cf-938a-4a7a-9fa9-64ead07ec08e,genus,76bffcef-386b-4b82-afca-9add80e9fb85,Geocaulon,Plantae,Spermatopsida,https://vvtaxatree.tbn.org.tw/taxa/e9fd19cf-938a-4a7a-9fa9-64ead07ec08e
04624439-2feb-422e-8c36-08f6294c52d4,genus,76bffcef-386b-4b82-afca-9add80e9fb85,Nestronia,Plantae,Spermatopsida,https://vvtaxatree.tbn.org.tw/taxa/04624439-2feb-422e-8c36-08f6294c52d4
78c63895-baea-414f-8ce7-cec3a0841455,genus,76bffcef-386b-4b82-afca-9add80e9fb85,Phoradendron,Plantae,Spermatopsida,https://vvtaxatree.tbn.org.tw/taxa/78c63895-baea-414f-8ce7-cec3a0841455
504cf675-01df-4319-bd5d-c58e32c9c9d1,genus,76bffcef-386b-4b82-afca-9add80e9fb85,Pryularia,Plantae,Spermatopsida,https://vvtaxatree.tbn.org.tw/taxa/504cf675-01df-4319-bd5d-c58e32c9c9d1
676cdc90-7819-4d39-9d4b-a77596f4c2b1,genus,ba8dded2-991a-41e4-95e9-efea4235e7f4,Agelanthus,Plantae,Spermatopsida,https://vvtaxatree.tbn.org.tw/taxa/676cdc90-7819-4d39-9d4b-a77596f4c2b1
ccb53996-5495-4437-a5d8-48dda6c86cff,genus,ba8dded2-991a-41e4-95e9-efea4235e7f4,Amyema,Plantae,Spermatopsida,https://vvtaxatree.tbn.org.tw/taxa/ccb53996-5495-4437-a5d8-48dda6c86cff
838f1504-4540-4d37-b9ae-6530a2f726cd,genus,ba8dded2-991a-41e4-95e9-efea4235e7f4,Psittacanthus,Plantae,Spermatopsida,https://vvtaxatree.tbn.org.tw/taxa/838f1504-4540-4d37-b9ae-6530a2f726cd
ab38c4b1-3425-40c0-be5a-52047138f00b,genus,ba8dded2-991a-41e4-95e9-efea4235e7f4,Phthirusa,Plantae,Spermatopsida,https://vvtaxatree.tbn.org.tw/taxa/ab38c4b1-3425-40c0-be5a-52047138f00b
a36319aa-6116-41eb-8303-ae82c49946ff,genus,ba8dded2-991a-41e4-95e9-efea4235e7f4,Struthanthus,Plantae,Spermatopsida,https://vvtaxatree.tbn.org.tw/taxa/a36319aa-6116-41eb-8303-ae82c49946ff
b06632da-0422-4518-9733-96b6983891f3,genus,ba8dded2-991a-41e4-95e9-efea4235e7f4,Tapinanthus,Plantae,Spermatopsida,https://vvtaxatree.tbn.org.tw/taxa/b06632da-0422-4518-9733-96b6983891f3
64e846cd-76ad-41b2-8562-95e38dcc9a2b,genus,73fa9e28-069d-438d-8e72-3247e0a83f88,Chorizanthe,Plantae,Spermatopsida,https://vvtaxatree.tbn.org.tw/taxa/64e846cd-76ad-41b2-8562-95e38dcc9a2b
0166500a-88a6-432d-9007-0ff8c996c9ad,genus,73fa9e28-069d-438d-8e72-3247e0a83f88,Eriogonum,Plantae,Spermatopsida,https://vvtaxatree.tbn.org.tw/taxa/0166500a-88a6-432d-9007-0ff8c996c9ad
fa2a0cf2-e4a7-4b8f-8f64-d73ba734e07f,genus,73fa9e28-069d-438d-8e72-3247e0a83f88,Nemacaulis,Plantae,Spermatopsida,https://vvtaxatree.tbn.org.tw/taxa/fa2a0cf2-e4a7-4b8f-8f64-d73ba734e07f
765bb47d-9f05-4c4b-aded-ef012e3f33a4,genus,73fa9e28-069d-438d-8e72-3247e0a83f88,Oxyria,Plantae,Spermatopsida,https://vvtaxatree.tbn.org.tw/taxa/765bb47d-9f05-4c4b-aded-ef012e3f33a4
cb4a6351-9ce5-4089-b001-497cc3282785,genus,73fa9e28-069d-438d-8e72-3247e0a83f88,Oxytheca,Plantae,Spermatopsida,https://vvtaxatree.tbn.org.tw/taxa/cb4a6351-9ce5-4089-b001-497cc3282785
1f74cfeb-c338-4367-998f-1d4bdfcc1993,genus,73fa9e28-069d-438d-8e72-3247e0a83f88,Polygonella,Plantae,Spermatopsida,https://vvtaxatree.tbn.org.tw/taxa/1f74cfeb-c338-4367-998f-1d4bdfcc1993
1fc301dd-914a-4f00-8924-aa41ddb91a92,genus,73fa9e28-069d-438d-8e72-3247e0a83f88,Rheum,Plantae,Spermatopsida,https://vvtaxatree.tbn.org.tw/taxa/1fc301dd-914a-4f00-8924-aa41ddb91a92
68a16574-3149-4b75-a304-f398ebb0a282,genus,73fa9e28-069d-438d-8e72-3247e0a83f88,Stenogonum,Plantae,Spermatopsida,https://vvtaxatree.tbn.org.tw/taxa/68a16574-3149-4b75-a304-f398ebb0a282
13ee1db9-baf9-46d0-a47c-ffe92129a999,genus,d72b1f22-af7f-4ad4-8fe4-495c7906bae8,Dionaea,Plantae,Spermatopsida,https://vvtaxatree.tbn.org.tw/taxa/13ee1db9-baf9-46d0-a47c-ffe92129a999
e776996a-1e63-4c1a-a82d-9f2ad7e52280,genus,483ab3be-8807-4805-8673-a8291fc7f961,Agrostemma,Plantae,Spermatopsida,https://vvtaxatree.tbn.org.tw/taxa/e776996a-1e63-4c1a-a82d-9f2ad7e52280
148e7bdb-2b7f-4430-846d-05e345bd8d8f,genus,483ab3be-8807-4805-8673-a8291fc7f961,Geocarpon,Plantae,Spermatopsida,https://vvtaxatree.tbn.org.tw/taxa/148e7bdb-2b7f-4430-846d-05e345bd8d8f
294fba90-b2d5-488e-ab6e-0ca9b2fd0dc1,genus,483ab3be-8807-4805-8673-a8291fc7f961,Minuartia,Plantae,Spermatopsida,https://vvtaxatree.tbn.org.tw/taxa/294fba90-b2d5-488e-ab6e-0ca9b2fd0dc1
3b60ca48-9287-49fe-a026-59ba6e55e972,genus,483ab3be-8807-4805-8673-a8291fc7f961,Paronychia,Plantae,Spermatopsida,https://vvtaxatree.tbn.org.tw/taxa/3b60ca48-9287-49fe-a026-59ba6e55e972
b537e782-1665-4c19-bfd9-7e747b6487ba,genus,483ab3be-8807-4805-8673-a8291fc7f961,Stipulicida,Plantae,Spermatopsida,https://vvtaxatree.tbn.org.tw/taxa/b537e782-1665-4c19-bfd9-7e747b6487ba
bafa2eae-d5de-402a-8017-4a818d7682d1,genus,2759430f-4322-4369-bbad-ebf217bf6f72,Blutaparon,Plantae,Spermatopsida,https://vvtaxatree.tbn.org.tw/taxa/bafa2eae-d5de-402a-8017-4a818d7682d1
028bf234-e7c3-4ae0-9109-50dd00ef49e9,genus,2759430f-4322-4369-bbad-ebf217bf6f72,Corispermum,Plantae,Spermatopsida,https://vvtaxatree.tbn.org.tw/taxa/028bf234-e7c3-4ae0-9109-50dd00ef49e9
0956b1af-eec6-456c-922b-6f1085409c94,genus,2759430f-4322-4369-bbad-ebf217bf6f72,Froelichia,Plantae,Spermatopsida,https://vvtaxatree.tbn.org.tw/taxa/0956b1af-eec6-456c-922b-6f1085409c94
bb024c57-6961-48db-8caf-434cd9e93b79,genus,2759430f-4322-4369-bbad-ebf217bf6f72,Grayia,Plantae,Spermatopsida,https://vvtaxatree.tbn.org.tw/taxa/bb024c57-6961-48db-8caf-434cd9e93b79
fae0824f-8e3d-4252-94d3-7bdd2fb2ced8,genus,2759430f-4322-4369-bbad-ebf217bf6f72,Monolepis,Plantae,Spermatopsida,https://vvtaxatree.tbn.org.tw/taxa/fae0824f-8e3d-4252-94d3-7bdd2fb2ced8
b2b4d3a6-e4c5-4cfb-86e0-a37263c2fc0c,genus,2759430f-4322-4369-bbad-ebf217bf6f72,Nitrophila,Plantae,Spermatopsida,https://vvtaxatree.tbn.org.tw/taxa/b2b4d3a6-e4c5-4cfb-86e0-a37263c2fc0c
d7718f7f-40ba-4116-8c05-e9617c29aa83,genus,2759430f-4322-4369-bbad-ebf217bf6f72,Ptilotus,Plantae,Spermatopsida,https://vvtaxatree.tbn.org.tw/taxa/d7718f7f-40ba-4116-8c05-e9617c29aa83
c81aabef-454e-41b0-81bf-dccc220b1e16,genus,2759430f-4322-4369-bbad-ebf217bf6f72,Salicornia,Plantae,Spermatopsida,https://vvtaxatree.tbn.org.tw/taxa/c81aabef-454e-41b0-81bf-dccc220b1e16
49785e64-0098-41f5-9214-fea35306c83a,genus,2759430f-4322-4369-bbad-ebf217bf6f72,Salsola,Plantae,Spermatopsida,https://vvtaxatree.tbn.org.tw/taxa/49785e64-0098-41f5-9214-fea35306c83a
fa341e67-dc40-4329-9a17-1a5418e14255,genus,2a58d027-4d32-40e3-afa0-025266a7607a,Antimima,Plantae,Spermatopsida,https://vvtaxatree.tbn.org.tw/taxa/fa341e67-dc40-4329-9a17-1a5418e14255
46699cc2-8d9d-4cbe-a35b-a0c615aa5809,genus,2a58d027-4d32-40e3-afa0-025266a7607a,Carpobrotus,Plantae,Spermatopsida,https://vvtaxatree.tbn.org.tw/taxa/46699cc2-8d9d-4cbe-a35b-a0c615aa5809
ec5d0eaa-56bd-46b4-8220-367cb740796c,genus,2a58d027-4d32-40e3-afa0-025266a7607a,Conophytum,Plantae,Spermatopsida,https://vvtaxatree.tbn.org.tw/taxa/ec5d0eaa-56bd-46b4-8220-367cb740796c
6b65ccd2-916d-419c-b0e4-157bfa488fb6,genus,2a58d027-4d32-40e3-afa0-025266a7607a,Cypselea,Plantae,Spermatopsida,https://vvtaxatree.tbn.org.tw/taxa/6b65ccd2-916d-419c-b0e4-157bfa488fb6
735938a0-5dc2-4f3d-8134-8b4dcada6f8e,genus,2a58d027-4d32-40e3-afa0-025266a7607a,Drosanthemum,Plantae,Spermatopsida,https://vvtaxatree.tbn.org.tw/taxa/735938a0-5dc2-4f3d-8134-8b4dcada6f8e
d07c6652-02ff-4e61-90bf-855d510c494d,genus,2a58d027-4d32-40e3-afa0-025266a7607a,Galenia,Plantae,Spermatopsida,https://vvtaxatree.tbn.org.tw/taxa/d07c6652-02ff-4e61-90bf-855d510c494d
ecf85264-3cb9-4320-97fa-2fc30fdb2eec,genus,2a58d027-4d32-40e3-afa0-025266a7607a,Lithops,Plantae,Spermatopsida,https://vvtaxatree.tbn.org.tw/taxa/ecf85264-3cb9-4320-97fa-2fc30fdb2eec
5c4ffe31-6ec0-49b9-a7ca-1c5aeca6f6eb,genus,2a58d027-4d32-40e3-afa0-025266a7607a,Ruschia,Plantae,Spermatopsida,https://vvtaxatree.tbn.org.tw/taxa/5c4ffe31-6ec0-49b9-a7ca-1c5aeca6f6eb
5d5f62a3-08ed-4177-90cc-1045b236ee31,genus,07fb9192-c629-4ba1-ab05-403381a6dc8e,Abronia,Plantae,Spermatopsida,https://vvtaxatree.tbn.org.tw/taxa/5d5f62a3-08ed-4177-90cc-1045b236ee31
226937a3-ed57-4999-a7d6-2406f0ed4873,genus,07fb9192-c629-4ba1-ab05-403381a6dc8e,Acleisanthes,Plantae,Spermatopsida,https://vvtaxatree.tbn.org.tw/taxa/226937a3-ed57-4999-a7d6-2406f0ed4873
1ea197fd-add8-4607-b3b5-6ef43ba81b47,genus,07fb9192-c629-4ba1-ab05-403381a6dc8e,Allionia,Plantae,Spermatopsida,https://vvtaxatree.tbn.org.tw/taxa/1ea197fd-add8-4607-b3b5-6ef43ba81b47
272dd061-d73a-4b13-a41f-a76b6dc90970,genus,07fb9192-c629-4ba1-ab05-403381a6dc8e,Anulocaulis,Plantae,Spermatopsida,https://vvtaxatree.tbn.org.tw/taxa/272dd061-d73a-4b13-a41f-a76b6dc90970
849545db-2068-42be-87b8-7cf00ef0118f,genus,07fb9192-c629-4ba1-ab05-403381a6dc8e,Commicarpus,Plantae,Spermatopsida,https://vvtaxatree.tbn.org.tw/taxa/849545db-2068-42be-87b8-7cf00ef0118f
6391c15a-8320-41e4-b9a0-bb3086271e58,genus,07fb9192-c629-4ba1-ab05-403381a6dc8e,Cyphomeris,Plantae,Spermatopsida,https://vvtaxatree.tbn.org.tw/taxa/6391c15a-8320-41e4-b9a0-bb3086271e58
d4df3b31-0489-4d38-b4c9-5cfffeafab85,genus,07fb9192-c629-4ba1-ab05-403381a6dc8e,Guapira,Plantae,Spermatopsida,https://vvtaxatree.tbn.org.tw/taxa/d4df3b31-0489-4d38-b4c9-5cfffeafab85
ea30410d-4d60-4fe6-b380-b4ebb6d808d2,genus,07fb9192-c629-4ba1-ab05-403381a6dc8e,Neea,Plantae,Spermatopsida,https://vvtaxatree.tbn.org.tw/taxa/ea30410d-4d60-4fe6-b380-b4ebb6d808d2
813a4635-b533-48fa-b678-c605afbbfc6d,genus,07fb9192-c629-4ba1-ab05-403381a6dc8e,Nyctaginia,Plantae,Spermatopsida,https://vvtaxatree.tbn.org.tw/taxa/813a4635-b533-48fa-b678-c605afbbfc6d
501dca1d-fd1e-4204-beca-8aea79a7f0aa,genus,07fb9192-c629-4ba1-ab05-403381a6dc8e,Okenia,Plantae,Spermatopsida,https://vvtaxatree.tbn.org.tw/taxa/501dca1d-fd1e-4204-beca-8aea79a7f0aa
6e257bc8-0089-48af-ade5-d65f21d5a255,genus,07fb9192-c629-4ba1-ab05-403381a6dc8e,Tripterocalyx,Plantae,Spermatopsida,https://vvtaxatree.tbn.org.tw/taxa/6e257bc8-0089-48af-ade5-d65f21d5a255
439df7bc-eac2-4544-a7f9-36ed36931f5e,genus,34ea55f0-1a08-4e38-8a91-887e55c794ab,Calandrinia,Plantae,Spermatopsida,https://vvtaxatree.tbn.org.tw/taxa/439df7bc-eac2-4544-a7f9-36ed36931f5e
d3805ba0-183f-49df-8383-7ac128394e5d,genus,34ea55f0-1a08-4e38-8a91-887e55c794ab,Cistanthe,Plantae,Spermatopsida,https://vvtaxatree.tbn.org.tw/taxa/d3805ba0-183f-49df-8383-7ac128394e5d
6c7a2e7a-1711-4312-bcdd-fafa38331781,genus,34ea55f0-1a08-4e38-8a91-887e55c794ab,Claytonia,Plantae,Spermatopsida,https://vvtaxatree.tbn.org.tw/taxa/6c7a2e7a-1711-4312-bcdd-fafa38331781
5b72a5b6-f9c3-43b5-845b-09a1ad86b093,genus,34ea55f0-1a08-4e38-8a91-887e55c794ab,Lewisia,Plantae,Spermatopsida,https://vvtaxatree.tbn.org.tw/taxa/5b72a5b6-f9c3-43b5-845b-09a1ad86b093
0c92d684-5f4a-43e8-a6b5-e13df610346e,genus,34ea55f0-1a08-4e38-8a91-887e55c794ab,Montia,Plantae,Spermatopsida,https://vvtaxatree.tbn.org.tw/taxa/0c92d684-5f4a-43e8-a6b5-e13df610346e
462093fe-5a5c-4081-816e-0534961d19bc,genus,34ea55f0-1a08-4e38-8a91-887e55c794ab,Phemeranthus,Plantae,Spermatopsida,https://vvtaxatree.tbn.org.tw/taxa/462093fe-5a5c-4081-816e-0534961d19bc
02c374b9-e5da-4282-b519-bd9983eb269a,genus,9e7f6684-7af6-47a4-af66-76ed4ee9e080,Talinopsis,Plantae,Spermatopsida,https://vvtaxatree.tbn.org.tw/taxa/02c374b9-e5da-4282-b519-bd9983eb269a
c37e76d9-afad-4c34-830f-736fb830f039,genus,9a37cac5-3034-4838-a47a-7e2b095bb42c,Hylocereus,Plantae,Spermatopsida,https://vvtaxatree.tbn.org.tw/taxa/c37e76d9-afad-4c34-830f-736fb830f039
40f55c90-e7ae-4b9f-b950-103d4f328bf0,genus,9a37cac5-3034-4838-a47a-7e2b095bb42c,Consolea,Plantae,Spermatopsida,https://vvtaxatree.tbn.org.tw/taxa/40f55c90-e7ae-4b9f-b950-103d4f328bf0
bbdba14e-ecd2-4a38-b640-f20cdf3c2f8d,genus,9a37cac5-3034-4838-a47a-7e2b095bb42c,Cylindropuntia,Plantae,Spermatopsida,https://vvtaxatree.tbn.org.tw/taxa/bbdba14e-ecd2-4a38-b640-f20cdf3c2f8d
07bd53a5-b9a1-4b21-bc15-45e43a4dfd15,genus,9a37cac5-3034-4838-a47a-7e2b095bb42c,Grusonia,Plantae,Spermatopsida,https://vvtaxatree.tbn.org.tw/taxa/07bd53a5-b9a1-4b21-bc15-45e43a4dfd15
0727d4ce-72dd-4886-9bf5-10859d64f28c,genus,9a37cac5-3034-4838-a47a-7e2b095bb42c,Harrisia,Plantae,Spermatopsida,https://vvtaxatree.tbn.org.tw/taxa/0727d4ce-72dd-4886-9bf5-10859d64f28c
61747bf2-4a15-4e98-989e-3194a151f0a8,genus,9a37cac5-3034-4838-a47a-7e2b095bb42c,Melocactus,Plantae,Spermatopsida,https://vvtaxatree.tbn.org.tw/taxa/61747bf2-4a15-4e98-989e-3194a151f0a8
0e265cbf-e9ce-4ce1-81db-1e8d5daef3f0,genus,9a37cac5-3034-4838-a47a-7e2b095bb42c,Pediocactus,Plantae,Spermatopsida,https://vvtaxatree.tbn.org.tw/taxa/0e265cbf-e9ce-4ce1-81db-1e8d5daef3f0
6cff8299-ddd5-4693-8482-4e2a6dab621f,genus,9a37cac5-3034-4838-a47a-7e2b095bb42c,Schlumbergera,Plantae,Spermatopsida,https://vvtaxatree.tbn.org.tw/taxa/6cff8299-ddd5-4693-8482-4e2a6dab621f
e2f85533-266e-4242-bdaa-40df235c1d44,genus,9a37cac5-3034-4838-a47a-7e2b095bb42c,Sclerocactus,Plantae,Spermatopsida,https://vvtaxatree.tbn.org.tw/taxa/e2f85533-266e-4242-bdaa-40df235c1d44
c502331a-f79b-49d7-9b37-3de70e53d693,genus,92421016-8c14-4c4e-9c2b-191a9e9dec25,Philadelphus,Plantae,Spermatopsida,https://vvtaxatree.tbn.org.tw/taxa/c502331a-f79b-49d7-9b37-3de70e53d693
7d120dac-2ade-4950-bb50-d805bb12867c,genus,92421016-8c14-4c4e-9c2b-191a9e9dec25,Decumaria,Plantae,Spermatopsida,https://vvtaxatree.tbn.org.tw/taxa/7d120dac-2ade-4950-bb50-d805bb12867c
b96b3725-5b7f-4d8b-a3cd-556b260200b8,genus,92421016-8c14-4c4e-9c2b-191a9e9dec25,Fendlera,Plantae,Spermatopsida,https://vvtaxatree.tbn.org.tw/taxa/b96b3725-5b7f-4d8b-a3cd-556b260200b8
a00182fd-70e0-4fcd-89d3-10c0d4b78596,genus,b7db5007-e31c-4fdd-b3f9-cb166d401322,Mastixia,Plantae,Spermatopsida,https://vvtaxatree.tbn.org.tw/taxa/a00182fd-70e0-4fcd-89d3-10c0d4b78596
b3a5cfa3-d160-493a-a8e9-774cf938aa71,genus,b7db5007-e31c-4fdd-b3f9-cb166d401322,Nyssa,Plantae,Spermatopsida,https://vvtaxatree.tbn.org.tw/taxa/b3a5cfa3-d160-493a-a8e9-774cf938aa71
efc10bab-d844-4019-b8d0-0bee2b04a7de,genus,c1ff0284-de0c-488a-8d51-0c2c0c9c4cdf,Eschweilera,Plantae,Spermatopsida,https://vvtaxatree.tbn.org.tw/taxa/efc10bab-d844-4019-b8d0-0bee2b04a7de
7305997e-18fe-45fa-8074-edd4d46c1835,genus,c1ff0284-de0c-488a-8d51-0c2c0c9c4cdf,Gustavia,Plantae,Spermatopsida,https://vvtaxatree.tbn.org.tw/taxa/7305997e-18fe-45fa-8074-edd4d46c1835
047dd7d1-8837-48f8-8666-1df8df8c5ef4,genus,f652fd42-da08-416b-aa23-86ceef49c413,Madhuca,Plantae,Spermatopsida,https://vvtaxatree.tbn.org.tw/taxa/047dd7d1-8837-48f8-8666-1df8df8c5ef4
e8171d9b-e725-4b41-8499-8b8c01646cf0,genus,f652fd42-da08-416b-aa23-86ceef49c413,Sideroxylon,Plantae,Spermatopsida,https://vvtaxatree.tbn.org.tw/taxa/e8171d9b-e725-4b41-8499-8b8c01646cf0
2c9d49ac-b026-44f2-b59c-e2438f8d3ba1,genus,8be22fde-2d2b-4f7e-926c-d6eb28a4e0a4,Clavija,Plantae,Spermatopsida,https://vvtaxatree.tbn.org.tw/taxa/2c9d49ac-b026-44f2-b59c-e2438f8d3ba1
4e1684d6-43f7-403f-a704-3112173a774b,genus,8be22fde-2d2b-4f7e-926c-d6eb28a4e0a4,Glaux,Plantae,Spermatopsida,https://vvtaxatree.tbn.org.tw/taxa/4e1684d6-43f7-403f-a704-3112173a774b
03e3daa1-fa46-4041-a976-12a49ac05a8c,genus,8be22fde-2d2b-4f7e-926c-d6eb28a4e0a4,Hottonia,Plantae,Spermatopsida,https://vvtaxatree.tbn.org.tw/taxa/03e3daa1-fa46-4041-a976-12a49ac05a8c
01dc65bc-5486-46db-8280-dadff0ccfbc2,genus,8be22fde-2d2b-4f7e-926c-d6eb28a4e0a4,Jacquinia,Plantae,Spermatopsida,https://vvtaxatree.tbn.org.tw/taxa/01dc65bc-5486-46db-8280-dadff0ccfbc2
75287ece-74ad-4c18-bda5-2f3c7b10080f,genus,8be22fde-2d2b-4f7e-926c-d6eb28a4e0a4,Samolus,Plantae,Spermatopsida,https://vvtaxatree.tbn.org.tw/taxa/75287ece-74ad-4c18-bda5-2f3c7b10080f
a619041e-da1e-4666-8c74-e5829bd8bbff,genus,8be22fde-2d2b-4f7e-926c-d6eb28a4e0a4,Trientalis,Plantae,Spermatopsida,https://vvtaxatree.tbn.org.tw/taxa/a619041e-da1e-4666-8c74-e5829bd8bbff
fe8c1c9b-0e4b-416f-bc60-7f7918f72e6f,genus,8be22fde-2d2b-4f7e-926c-d6eb28a4e0a4,Wallenia,Plantae,Spermatopsida,https://vvtaxatree.tbn.org.tw/taxa/fe8c1c9b-0e4b-416f-bc60-7f7918f72e6f
e6b80deb-c0ff-4710-8cfc-db83c0b32f4f,genus,56c6e0a5-e006-4301-90fe-0e2dade1f8c0,Franklinia,Plantae,Spermatopsida,https://vvtaxatree.tbn.org.tw/taxa/e6b80deb-c0ff-4710-8cfc-db83c0b32f4f
45a47caf-20d1-4857-9aea-68d656886d0c,genus,56c6e0a5-e006-4301-90fe-0e2dade1f8c0,Laplacea,Plantae,Spermatopsida,https://vvtaxatree.tbn.org.tw/taxa/45a47caf-20d1-4857-9aea-68d656886d0c
e9b0f634-0c6f-44f9-bf9d-7866b4d6e210,genus,56c6e0a5-e006-4301-90fe-0e2dade1f8c0,Polyspora,Plantae,Spermatopsida,https://vvtaxatree.tbn.org.tw/taxa/e9b0f634-0c6f-44f9-bf9d-7866b4d6e210
ff8361dc-52f7-4315-b409-893c682e6e80,genus,56c6e0a5-e006-4301-90fe-0e2dade1f8c0,Stewartia,Plantae,Spermatopsida,https://vvtaxatree.tbn.org.tw/taxa/ff8361dc-52f7-4315-b409-893c682e6e80
007a5cc1-16ba-496c-aa3b-384cfde44c02,genus,73b15ce0-cc67-48be-a44b-f185a473650b,Heliamphora,Plantae,Spermatopsida,https://vvtaxatree.tbn.org.tw/taxa/007a5cc1-16ba-496c-aa3b-384cfde44c02
9e480ad7-a1bb-47ba-b337-2f098a1ab88f,genus,73b15ce0-cc67-48be-a44b-f185a473650b,Darlingtonia,Plantae,Spermatopsida,https://vvtaxatree.tbn.org.tw/taxa/9e480ad7-a1bb-47ba-b337-2f098a1ab88f
ef1eb501-dc40-469c-9dec-53afae7fd1eb,genus,5cf5124c-c782-437a-ad5e-972684b056bb,Agapetes,Plantae,Spermatopsida,https://vvtaxatree.tbn.org.tw/taxa/ef1eb501-dc40-469c-9dec-53afae7fd1eb
5a42a8ce-f84d-4bbf-b2c8-7303c63e79ab,genus,5cf5124c-c782-437a-ad5e-972684b056bb,Agarista,Plantae,Spermatopsida,https://vvtaxatree.tbn.org.tw/taxa/5a42a8ce-f84d-4bbf-b2c8-7303c63e79ab
8e61d9e0-e4d4-4139-a5b5-1eb8e0c6ba80,genus,5cf5124c-c782-437a-ad5e-972684b056bb,Andromeda,Plantae,Spermatopsida,https://vvtaxatree.tbn.org.tw/taxa/8e61d9e0-e4d4-4139-a5b5-1eb8e0c6ba80
09b1da69-41bb-4174-85a3-7edca8d95fef,genus,5cf5124c-c782-437a-ad5e-972684b056bb,Arbutus,Plantae,Spermatopsida,https://vvtaxatree.tbn.org.tw/taxa/09b1da69-41bb-4174-85a3-7edca8d95fef
1c0c7cc1-d57f-4147-aa13-12cc44cd6fa3,genus,5cf5124c-c782-437a-ad5e-972684b056bb,Arctostaphylos,Plantae,Spermatopsida,https://vvtaxatree.tbn.org.tw/taxa/1c0c7cc1-d57f-4147-aa13-12cc44cd6fa3
293d6e59-2291-49d5-ae94-6cbe3e9fd6a0,genus,5cf5124c-c782-437a-ad5e-972684b056bb,Bejaria,Plantae,Spermatopsida,https://vvtaxatree.tbn.org.tw/taxa/293d6e59-2291-49d5-ae94-6cbe3e9fd6a0
804b6d94-946d-4488-b2e1-c5549f6eeea5,genus,5cf5124c-c782-437a-ad5e-972684b056bb,Cavendishia,Plantae,Spermatopsida,https://vvtaxatree.tbn.org.tw/taxa/804b6d94-946d-4488-b2e1-c5549f6eeea5
90cadf5f-25d5-4b09-9b45-990850c4a554,genus,5cf5124c-c782-437a-ad5e-972684b056bb,Ceratiola,Plantae,Spermatopsida,https://vvtaxatree.tbn.org.tw/taxa/90cadf5f-25d5-4b09-9b45-990850c4a554
e02c85a8-15e4-45c1-92d1-82e5735eb59c,genus,5cf5124c-c782-437a-ad5e-972684b056bb,Chamaedaphne,Plantae,Spermatopsida,https://vvtaxatree.tbn.org.tw/taxa/e02c85a8-15e4-45c1-92d1-82e5735eb59c
4206c3af-6e3f-4b55-b3e4-5d45ff89af1b,genus,5cf5124c-c782-437a-ad5e-972684b056bb,Corema,Plantae,Spermatopsida,https://vvtaxatree.tbn.org.tw/taxa/4206c3af-6e3f-4b55-b3e4-5d45ff89af1b
4458004c-855b-46f6-9f15-d78027448c06,genus,5cf5124c-c782-437a-ad5e-972684b056bb,Diplycosia,Plantae,Spermatopsida,https://vvtaxatree.tbn.org.tw/taxa/4458004c-855b-46f6-9f15-d78027448c06
682ceecf-c198-4f74-896d-af5899c77a51,genus,5cf5124c-c782-437a-ad5e-972684b056bb,Empetrum,Plantae,Spermatopsida,https://vvtaxatree.tbn.org.tw/taxa/682ceecf-c198-4f74-896d-af5899c77a51
999f0074-e88d-4e94-bfb3-541073d925bb,genus,5cf5124c-c782-437a-ad5e-972684b056bb,Epacris,Plantae,Spermatopsida,https://vvtaxatree.tbn.org.tw/taxa/999f0074-e88d-4e94-bfb3-541073d925bb
b46a683e-3354-4eb4-b7c8-7ad1be0772c7,genus,5cf5124c-c782-437a-ad5e-972684b056bb,Erica,Plantae,Spermatopsida,https://vvtaxatree.tbn.org.tw/taxa/b46a683e-3354-4eb4-b7c8-7ad1be0772c7
61fdaf85-ad4b-4a31-83fe-35300c05b32a,genus,5cf5124c-c782-437a-ad5e-972684b056bb,Eubotrys,Plantae,Spermatopsida,https://vvtaxatree.tbn.org.tw/taxa/61fdaf85-ad4b-4a31-83fe-35300c05b32a
e87ea07c-443f-43d3-8467-da78092b8467,genus,5cf5124c-c782-437a-ad5e-972684b056bb,Gaylussacia,Plantae,Spermatopsida,https://vvtaxatree.tbn.org.tw/taxa/e87ea07c-443f-43d3-8467-da78092b8467
b7631999-e9e2-4607-83e2-0c70d576a6e1,genus,5cf5124c-c782-437a-ad5e-972684b056bb,Kalmia,Plantae,Spermatopsida,https://vvtaxatree.tbn.org.tw/taxa/b7631999-e9e2-4607-83e2-0c70d576a6e1
9bd1f008-e5c4-4131-be6f-677e1ebf2b24,genus,5cf5124c-c782-437a-ad5e-972684b056bb,Leucopogon,Plantae,Spermatopsida,https://vvtaxatree.tbn.org.tw/taxa/9bd1f008-e5c4-4131-be6f-677e1ebf2b24
76c5f316-a475-48a8-a21e-0446446b7804,genus,5cf5124c-c782-437a-ad5e-972684b056bb,Leucothoe,Plantae,Spermatopsida,https://vvtaxatree.tbn.org.tw/taxa/76c5f316-a475-48a8-a21e-0446446b7804
e40a3a93-70a7-4e8d-b1b1-6b470604dcd3,genus,5cf5124c-c782-437a-ad5e-972684b056bb,Monotropsis,Plantae,Spermatopsida,https://vvtaxatree.tbn.org.tw/taxa/e40a3a93-70a7-4e8d-b1b1-6b470604dcd3
ee37dd3b-4a2a-4900-9537-3184a9d24916,genus,5cf5124c-c782-437a-ad5e-972684b056bb,Oxydendrum,Plantae,Spermatopsida,https://vvtaxatree.tbn.org.tw/taxa/ee37dd3b-4a2a-4900-9537-3184a9d24916
b10b3a8e-0a23-4f20-90a5-ef0fde655d63,genus,5cf5124c-c782-437a-ad5e-972684b056bb,Pterospora,Plantae,Spermatopsida,https://vvtaxatree.tbn.org.tw/taxa/b10b3a8e-0a23-4f20-90a5-ef0fde655d63
fdc399e3-5d37-4a75-8327-2fe7be3ca1c7,genus,b4e7ee29-5ebd-4630-9518-6d069f98c5a2,Randia,Plantae,Spermatopsida,https://vvtaxatree.tbn.org.tw/taxa/fdc399e3-5d37-4a75-8327-2fe7be3ca1c7
cd609fae-7bb0-4643-b18a-de4856622094,genus,b4e7ee29-5ebd-4630-9518-6d069f98c5a2,Palicourea,Plantae,Spermatopsida,https://vvtaxatree.tbn.org.tw/taxa/cd609fae-7bb0-4643-b18a-de4856622094
a74dc8b0-6892-4332-89cd-45487a3bfebc,genus,b4e7ee29-5ebd-4630-9518-6d069f98c5a2,Rondeletia,Plantae,Spermatopsida,https://vvtaxatree.tbn.org.tw/taxa/a74dc8b0-6892-4332-89cd-45487a3bfebc
7ea0fb86-c28f-4ccd-a2a2-348761daa220,genus,b4e7ee29-5ebd-4630-9518-6d069f98c5a2,Cliococca,Plantae,Spermatopsida,https://vvtaxatree.tbn.org.tw/taxa/7ea0fb86-c28f-4ccd-a2a2-348761daa220
b11e087f-8958-4d6c-88c8-cde884c95810,genus,b4e7ee29-5ebd-4630-9518-6d069f98c5a2,Ernodea,Plantae,Spermatopsida,https://vvtaxatree.tbn.org.tw/taxa/b11e087f-8958-4d6c-88c8-cde884c95810
062aa509-4dec-48bf-8af2-9f818b94de95,genus,b4e7ee29-5ebd-4630-9518-6d069f98c5a2,Erithalis,Plantae,Spermatopsida,https://vvtaxatree.tbn.org.tw/taxa/062aa509-4dec-48bf-8af2-9f818b94de95
a758c1ce-1579-49c5-b655-e52f897806d1,genus,b4e7ee29-5ebd-4630-9518-6d069f98c5a2,Exostema,Plantae,Spermatopsida,https://vvtaxatree.tbn.org.tw/taxa/a758c1ce-1579-49c5-b655-e52f897806d1
d9705dc6-76d3-4b68-ac26-0826e32eb461,genus,b4e7ee29-5ebd-4630-9518-6d069f98c5a2,Genipa,Plantae,Spermatopsida,https://vvtaxatree.tbn.org.tw/taxa/d9705dc6-76d3-4b68-ac26-0826e32eb461
81cc3ff7-d351-479c-88bc-074d8553e164,genus,b4e7ee29-5ebd-4630-9518-6d069f98c5a2,Pentodon,Plantae,Spermatopsida,https://vvtaxatree.tbn.org.tw/taxa/81cc3ff7-d351-479c-88bc-074d8553e164
b5f5b3cf-8d5b-4112-841c-a1d45b600c20,genus,b4e7ee29-5ebd-4630-9518-6d069f98c5a2,Pinckneya,Plantae,Spermatopsida,https://vvtaxatree.tbn.org.tw/taxa/b5f5b3cf-8d5b-4112-841c-a1d45b600c20
e2f9c25d-6d83-424f-9ee4-fce6cc75c60a,genus,bb5e55c6-5a01-415e-9aaa-9f68c30bf660,Gentianella,Plantae,Spermatopsida,https://vvtaxatree.tbn.org.tw/taxa/e2f9c25d-6d83-424f-9ee4-fce6cc75c60a
ed5585aa-b645-44e9-9a33-fbe97ac79668,genus,bb5e55c6-5a01-415e-9aaa-9f68c30bf660,Sebaea,Plantae,Spermatopsida,https://vvtaxatree.tbn.org.tw/taxa/ed5585aa-b645-44e9-9a33-fbe97ac79668
d056f295-1bf8-4d95-af0f-8378aaf1c378,genus,bb5e55c6-5a01-415e-9aaa-9f68c30bf660,Halenia,Plantae,Spermatopsida,https://vvtaxatree.tbn.org.tw/taxa/d056f295-1bf8-4d95-af0f-8378aaf1c378
b430f407-538f-42db-8112-afdb8c330a6d,genus,bb5e55c6-5a01-415e-9aaa-9f68c30bf660,Bartonia,Plantae,Spermatopsida,https://vvtaxatree.tbn.org.tw/taxa/b430f407-538f-42db-8112-afdb8c330a6d
46bbd3ef-9384-4f84-af15-edeb601b96a1,genus,bb5e55c6-5a01-415e-9aaa-9f68c30bf660,Frasera,Plantae,Spermatopsida,https://vvtaxatree.tbn.org.tw/taxa/46bbd3ef-9384-4f84-af15-edeb601b96a1
cb880cd6-f03c-4aea-8f66-ee30359425be,genus,bb5e55c6-5a01-415e-9aaa-9f68c30bf660,Sabatia,Plantae,Spermatopsida,https://vvtaxatree.tbn.org.tw/taxa/cb880cd6-f03c-4aea-8f66-ee30359425be
2cdfcbc3-c59d-45a9-8029-40d00e3a60d7,genus,bb5e55c6-5a01-415e-9aaa-9f68c30bf660,Voyria,Plantae,Spermatopsida,https://vvtaxatree.tbn.org.tw/taxa/2cdfcbc3-c59d-45a9-8029-40d00e3a60d7
409bfd22-ea00-4cef-8dff-bb2b2292dac0,genus,b13360bc-519c-41f9-91fe-dae52db2599f,Matelea,Plantae,Spermatopsida,https://vvtaxatree.tbn.org.tw/taxa/409bfd22-ea00-4cef-8dff-bb2b2292dac0
d0cb93b1-1758-488d-8cd0-d7d50d489171,genus,b13360bc-519c-41f9-91fe-dae52db2599f,Gonolobus,Plantae,Spermatopsida,https://vvtaxatree.tbn.org.tw/taxa/d0cb93b1-1758-488d-8cd0-d7d50d489171
ea2c9d89-5a1a-4324-8f1b-0c83040db1f9,genus,b13360bc-519c-41f9-91fe-dae52db2599f,Secamone,Plantae,Spermatopsida,https://vvtaxatree.tbn.org.tw/taxa/ea2c9d89-5a1a-4324-8f1b-0c83040db1f9
2d42f320-dc82-4afb-aad4-33c6feeffc52,genus,b13360bc-519c-41f9-91fe-dae52db2599f,Mandevilla,Plantae,Spermatopsida,https://vvtaxatree.tbn.org.tw/taxa/2d42f320-dc82-4afb-aad4-33c6feeffc52
6439e5ee-4592-4da5-adae-d169d24db7ef,genus,b13360bc-519c-41f9-91fe-dae52db2599f,Amsonia,Plantae,Spermatopsida,https://vvtaxatree.tbn.org.tw/taxa/6439e5ee-4592-4da5-adae-d169d24db7ef
92e0577b-c895-4edd-9601-02cf8876433c,genus,b13360bc-519c-41f9-91fe-dae52db2599f,Angadenia,Plantae,Spermatopsida,https://vvtaxatree.tbn.org.tw/taxa/92e0577b-c895-4edd-9601-02cf8876433c
2455721b-9835-4057-b95a-552e4aacf95b,genus,b13360bc-519c-41f9-91fe-dae52db2599f,Apocynum,Plantae,Spermatopsida,https://vvtaxatree.tbn.org.tw/taxa/2455721b-9835-4057-b95a-552e4aacf95b
48b2dbfe-d0d4-45bd-b90b-072abe9506ca,genus,b13360bc-519c-41f9-91fe-dae52db2599f,Echites,Plantae,Spermatopsida,https://vvtaxatree.tbn.org.tw/taxa/48b2dbfe-d0d4-45bd-b90b-072abe9506ca
4070d23f-5386-47aa-81a0-0a162bdfc367,genus,b13360bc-519c-41f9-91fe-dae52db2599f,Macrosiphonia,Plantae,Spermatopsida,https://vvtaxatree.tbn.org.tw/taxa/4070d23f-5386-47aa-81a0-0a162bdfc367
53a9ade5-de0f-441a-ad93-4612fd5b8c8b,genus,b13360bc-519c-41f9-91fe-dae52db2599f,Morrenia,Plantae,Spermatopsida,https://vvtaxatree.tbn.org.tw/taxa/53a9ade5-de0f-441a-ad93-4612fd5b8c8b
75b3f24c-f3e3-46e1-b58a-e7db5ce0162d,genus,b13360bc-519c-41f9-91fe-dae52db2599f,Pentalinon,Plantae,Spermatopsida,https://vvtaxatree.tbn.org.tw/taxa/75b3f24c-f3e3-46e1-b58a-e7db5ce0162d
e65e7d3e-3c57-48ba-a3a2-7b240994b899,genus,b13360bc-519c-41f9-91fe-dae52db2599f,Rhabdadenia,Plantae,Spermatopsida,https://vvtaxatree.tbn.org.tw/taxa/e65e7d3e-3c57-48ba-a3a2-7b240994b899
6110ad51-6a2d-4eca-b086-0d2675c06dbd,genus,b13360bc-519c-41f9-91fe-dae52db2599f,Sarcostemma,Plantae,Spermatopsida,https://vvtaxatree.tbn.org.tw/taxa/6110ad51-6a2d-4eca-b086-0d2675c06dbd
a85f65e4-7066-4ce9-87eb-43394dbef02a,genus,b13360bc-519c-41f9-91fe-dae52db2599f,Vallesia,Plantae,Spermatopsida,https://vvtaxatree.tbn.org.tw/taxa/a85f65e4-7066-4ce9-87eb-43394dbef02a
ede38088-b837-485e-8613-2746d4e5d89b,genus,b13360bc-519c-41f9-91fe-dae52db2599f,Aspidosperma,Plantae,Spermatopsida,https://vvtaxatree.tbn.org.tw/taxa/ede38088-b837-485e-8613-2746d4e5d89b
85a205fa-b42a-49c2-9bfa-7707e34a2f83,genus,4353f445-b8b2-43ec-96e3-cfdde8b6921d,Onosma,Plantae,Spermatopsida,https://vvtaxatree.tbn.org.tw/taxa/85a205fa-b42a-49c2-9bfa-7707e34a2f83
2b42396f-0611-43ff-bdbe-edcc77edd49a,genus,4353f445-b8b2-43ec-96e3-cfdde8b6921d,Cryptantha,Plantae,Spermatopsida,https://vvtaxatree.tbn.org.tw/taxa/2b42396f-0611-43ff-bdbe-edcc77edd49a
dd65a7d8-6acb-4bd6-bed1-57739598452b,genus,4353f445-b8b2-43ec-96e3-cfdde8b6921d,Phacelia,Plantae,Spermatopsida,https://vvtaxatree.tbn.org.tw/taxa/dd65a7d8-6acb-4bd6-bed1-57739598452b
1e7c0a9a-9758-46b8-84e0-9954ac2c8c21,genus,4353f445-b8b2-43ec-96e3-cfdde8b6921d,Amsinckia,Plantae,Spermatopsida,https://vvtaxatree.tbn.org.tw/taxa/1e7c0a9a-9758-46b8-84e0-9954ac2c8c21
ec371207-b90b-4502-8807-edb58d197331,genus,4353f445-b8b2-43ec-96e3-cfdde8b6921d,Bourreria,Plantae,Spermatopsida,https://vvtaxatree.tbn.org.tw/taxa/ec371207-b90b-4502-8807-edb58d197331
c1799678-4ef4-4bb6-a291-0fa6278d954e,genus,4353f445-b8b2-43ec-96e3-cfdde8b6921d,Draperia,Plantae,Spermatopsida,https://vvtaxatree.tbn.org.tw/taxa/c1799678-4ef4-4bb6-a291-0fa6278d954e
e4641e54-309a-4dc5-95d1-5bab52907b5e,genus,4353f445-b8b2-43ec-96e3-cfdde8b6921d,Ellisia,Plantae,Spermatopsida,https://vvtaxatree.tbn.org.tw/taxa/e4641e54-309a-4dc5-95d1-5bab52907b5e
16c73213-414f-414e-9ef0-dc54fd9cc24e,genus,4353f445-b8b2-43ec-96e3-cfdde8b6921d,Eriodictyou,Plantae,Spermatopsida,https://vvtaxatree.tbn.org.tw/taxa/16c73213-414f-414e-9ef0-dc54fd9cc24e
eb0056fc-9fb7-45a8-bd64-31460e25a917,genus,4353f445-b8b2-43ec-96e3-cfdde8b6921d,Hackelia,Plantae,Spermatopsida,https://vvtaxatree.tbn.org.tw/taxa/eb0056fc-9fb7-45a8-bd64-31460e25a917
ca04e23f-ab5c-438e-86ab-026e2029b499,genus,4353f445-b8b2-43ec-96e3-cfdde8b6921d,Hydrophyllum,Plantae,Spermatopsida,https://vvtaxatree.tbn.org.tw/taxa/ca04e23f-ab5c-438e-86ab-026e2029b499
f5d4c55d-773e-4a80-a4f0-9f13a338f928,genus,4353f445-b8b2-43ec-96e3-cfdde8b6921d,Lappula,Plantae,Spermatopsida,https://vvtaxatree.tbn.org.tw/taxa/f5d4c55d-773e-4a80-a4f0-9f13a338f928
3f2adf25-e8ce-4f61-be62-054b31e92235,genus,4353f445-b8b2-43ec-96e3-cfdde8b6921d,Mertensia,Plantae,Spermatopsida,https://vvtaxatree.tbn.org.tw/taxa/3f2adf25-e8ce-4f61-be62-054b31e92235
39fbfe46-4e81-49f4-be86-6560f42f2413,genus,4353f445-b8b2-43ec-96e3-cfdde8b6921d,Nama,Plantae,Spermatopsida,https://vvtaxatree.tbn.org.tw/taxa/39fbfe46-4e81-49f4-be86-6560f42f2413
74a83c2c-581d-43a3-9d8e-34dff983094a,genus,4353f445-b8b2-43ec-96e3-cfdde8b6921d,Onosmodium,Plantae,Spermatopsida,https://vvtaxatree.tbn.org.tw/taxa/74a83c2c-581d-43a3-9d8e-34dff983094a
175b3507-393c-4cc6-a7b7-d832e3dddab9,genus,4353f445-b8b2-43ec-96e3-cfdde8b6921d,Plagiobothrys,Plantae,Spermatopsida,https://vvtaxatree.tbn.org.tw/taxa/175b3507-393c-4cc6-a7b7-d832e3dddab9
5f3e2e12-54c8-465c-812a-4c7a4a3d835d,genus,4353f445-b8b2-43ec-96e3-cfdde8b6921d,Romanzoffia,Plantae,Spermatopsida,https://vvtaxatree.tbn.org.tw/taxa/5f3e2e12-54c8-465c-812a-4c7a4a3d835d
36a43a3a-a52f-4b59-bab8-4706d1b74cdb,genus,4353f445-b8b2-43ec-96e3-cfdde8b6921d,Pulmonaria,Plantae,Spermatopsida,https://vvtaxatree.tbn.org.tw/taxa/36a43a3a-a52f-4b59-bab8-4706d1b74cdb
ebe51b0f-5882-4206-814f-72db69077d06,genus,69f5b4aa-317e-4ddd-9641-5e1132b121a1,Varronia,Plantae,Spermatopsida,https://vvtaxatree.tbn.org.tw/taxa/ebe51b0f-5882-4206-814f-72db69077d06
70e4e219-cbe5-416a-8996-401917480547,genus,d77af706-62eb-4a51-b3e3-246fdca3a552,Bonamia,Plantae,Spermatopsida,https://vvtaxatree.tbn.org.tw/taxa/70e4e219-cbe5-416a-8996-401917480547
248eb31c-1246-4c59-a7b2-5d16da2104c6,genus,d77af706-62eb-4a51-b3e3-246fdca3a552,Stylisma,Plantae,Spermatopsida,https://vvtaxatree.tbn.org.tw/taxa/248eb31c-1246-4c59-a7b2-5d16da2104c6
7f604542-366c-42f9-9fdc-f9643f5d9da9,genus,d77af706-62eb-4a51-b3e3-246fdca3a552,Porana,Plantae,Spermatopsida,https://vvtaxatree.tbn.org.tw/taxa/7f604542-366c-42f9-9fdc-f9643f5d9da9
abe787cd-5b18-414f-8b31-8c9b14aecbe5,genus,d0ee932d-401b-4129-bc82-41175cbb2829,Atropa,Plantae,Spermatopsida,https://vvtaxatree.tbn.org.tw/taxa/abe787cd-5b18-414f-8b31-8c9b14aecbe5
20eb8701-53c1-4301-8f80-33a2e151bbf8,genus,967c0ab4-d1d1-441b-a505-d9b6eb2f4eb1,Noronhia,Plantae,Spermatopsida,https://vvtaxatree.tbn.org.tw/taxa/20eb8701-53c1-4301-8f80-33a2e151bbf8
21019090-2912-439e-9495-fff9fe671407,genus,967c0ab4-d1d1-441b-a505-d9b6eb2f4eb1,Menodora,Plantae,Spermatopsida,https://vvtaxatree.tbn.org.tw/taxa/21019090-2912-439e-9495-fff9fe671407
3db559ef-7f7e-4c66-99a5-5beb4b13e499,genus,967c0ab4-d1d1-441b-a505-d9b6eb2f4eb1,Forestiera,Plantae,Spermatopsida,https://vvtaxatree.tbn.org.tw/taxa/3db559ef-7f7e-4c66-99a5-5beb4b13e499
bd3a8c48-a43e-4056-bfb1-bf73c47c0e4e,genus,967c0ab4-d1d1-441b-a505-d9b6eb2f4eb1,Forsythia,Plantae,Spermatopsida,https://vvtaxatree.tbn.org.tw/taxa/bd3a8c48-a43e-4056-bfb1-bf73c47c0e4e
4e6b73db-9699-441a-ac1a-8fef247ce6b8,genus,9d94f30d-5071-43b5-8590-f8fab1b51a7f,Besleria,Plantae,Spermatopsida,https://vvtaxatree.tbn.org.tw/taxa/4e6b73db-9699-441a-ac1a-8fef247ce6b8
72b2fd9a-a0b2-4ee7-a7fa-8c1f644ef206,genus,9d94f30d-5071-43b5-8590-f8fab1b51a7f,Henckelia,Plantae,Spermatopsida,https://vvtaxatree.tbn.org.tw/taxa/72b2fd9a-a0b2-4ee7-a7fa-8c1f644ef206
35385eb5-6604-4c2f-bce8-ae8de3267fe0,genus,9d94f30d-5071-43b5-8590-f8fab1b51a7f,Alloplectus,Plantae,Spermatopsida,https://vvtaxatree.tbn.org.tw/taxa/35385eb5-6604-4c2f-bce8-ae8de3267fe0
eb69ab85-d8ab-4c36-85b4-3bdc54ef5160,genus,9d94f30d-5071-43b5-8590-f8fab1b51a7f,Gesneria,Plantae,Spermatopsida,https://vvtaxatree.tbn.org.tw/taxa/eb69ab85-d8ab-4c36-85b4-3bdc54ef5160
d1f3c742-1a5e-4006-9965-58907dfe1145,genus,9d94f30d-5071-43b5-8590-f8fab1b51a7f,Gloxinia,Plantae,Spermatopsida,https://vvtaxatree.tbn.org.tw/taxa/d1f3c742-1a5e-4006-9965-58907dfe1145
1a4f61f3-92bd-4649-8ee6-1bd74232f411,genus,9d94f30d-5071-43b5-8590-f8fab1b51a7f,Boea,Plantae,Spermatopsida,https://vvtaxatree.tbn.org.tw/taxa/1a4f61f3-92bd-4649-8ee6-1bd74232f411
13048f2a-c400-455a-9518-cc2846e2da87,genus,604337c2-79db-4b4a-bf48-176ca9feb5bf,Gratiola,Plantae,Spermatopsida,https://vvtaxatree.tbn.org.tw/taxa/13048f2a-c400-455a-9518-cc2846e2da87
a54e7ee6-8e05-4850-99b2-45d56b9b6fc0,genus,604337c2-79db-4b4a-bf48-176ca9feb5bf,Chelone,Plantae,Spermatopsida,https://vvtaxatree.tbn.org.tw/taxa/a54e7ee6-8e05-4850-99b2-45d56b9b6fc0
1c1235eb-3615-4f45-8d67-5442f5e89e56,genus,604337c2-79db-4b4a-bf48-176ca9feb5bf,Collinsia,Plantae,Spermatopsida,https://vvtaxatree.tbn.org.tw/taxa/1c1235eb-3615-4f45-8d67-5442f5e89e56
d12d4202-791b-4610-9967-884ca339ded3,genus,604337c2-79db-4b4a-bf48-176ca9feb5bf,Hippuris,Plantae,Spermatopsida,https://vvtaxatree.tbn.org.tw/taxa/d12d4202-791b-4610-9967-884ca339ded3
01949b5d-6703-4f81-887a-db69a911a40f,genus,604337c2-79db-4b4a-bf48-176ca9feb5bf,Maurandya,Plantae,Spermatopsida,https://vvtaxatree.tbn.org.tw/taxa/01949b5d-6703-4f81-887a-db69a911a40f
ae50c4ee-5f80-40de-b166-855e87ff6a09,genus,06004d6f-6687-464b-b876-1ffec05b4495,Verbascum,Plantae,Spermatopsida,https://vvtaxatree.tbn.org.tw/taxa/ae50c4ee-5f80-40de-b166-855e87ff6a09
b10f0e34-ffc7-4f95-964d-6d492bae73d0,genus,06004d6f-6687-464b-b876-1ffec05b4495,Eremophila,Plantae,Spermatopsida,https://vvtaxatree.tbn.org.tw/taxa/b10f0e34-ffc7-4f95-964d-6d492bae73d0
757b4f95-2ade-4b5c-bcce-be4be02f4447,genus,06004d6f-6687-464b-b876-1ffec05b4495,Selago,Plantae,Spermatopsida,https://vvtaxatree.tbn.org.tw/taxa/757b4f95-2ade-4b5c-bcce-be4be02f4447
6e2e7c5a-0986-48db-94f9-2f5c7eb91b75,genus,06004d6f-6687-464b-b876-1ffec05b4495,Manulea,Plantae,Spermatopsida,https://vvtaxatree.tbn.org.tw/taxa/6e2e7c5a-0986-48db-94f9-2f5c7eb91b75
ff7ab80c-a2fe-4134-ba76-ab38639ab3a3,genus,06004d6f-6687-464b-b876-1ffec05b4495,Nemesia,Plantae,Spermatopsida,https://vvtaxatree.tbn.org.tw/taxa/ff7ab80c-a2fe-4134-ba76-ab38639ab3a3
70db8cdd-3d96-49dd-be5f-ad4002f1b38f,genus,06004d6f-6687-464b-b876-1ffec05b4495,Sutera,Plantae,Spermatopsida,https://vvtaxatree.tbn.org.tw/taxa/70db8cdd-3d96-49dd-be5f-ad4002f1b38f
06383640-8dac-4d82-8aa8-0451ccfc67f8,genus,06004d6f-6687-464b-b876-1ffec05b4495,Leucophyllum,Plantae,Spermatopsida,https://vvtaxatree.tbn.org.tw/taxa/06383640-8dac-4d82-8aa8-0451ccfc67f8
7580725d-d2bc-4048-8369-e7b21c2e3a2f,genus,06004d6f-6687-464b-b876-1ffec05b4495,Bontia,Plantae,Spermatopsida,https://vvtaxatree.tbn.org.tw/taxa/7580725d-d2bc-4048-8369-e7b21c2e3a2f
848f094e-bb32-4b0a-a8dd-91b5404e7334,genus,b6c1e049-e9e0-4af4-af3f-71804fe2e869,Anisacanthus,Plantae,Spermatopsida,https://vvtaxatree.tbn.org.tw/taxa/848f094e-bb32-4b0a-a8dd-91b5404e7334
01125dbc-643a-41da-b160-a641c940abe7,genus,b6c1e049-e9e0-4af4-af3f-71804fe2e869,Carlowrightia,Plantae,Spermatopsida,https://vvtaxatree.tbn.org.tw/taxa/01125dbc-643a-41da-b160-a641c940abe7
d14c3e96-1e9d-46db-81d2-f7d992b67836,genus,b6c1e049-e9e0-4af4-af3f-71804fe2e869,Dyschoriste,Plantae,Spermatopsida,https://vvtaxatree.tbn.org.tw/taxa/d14c3e96-1e9d-46db-81d2-f7d992b67836
dc51244a-4879-406a-9f48-b64e5ccaabaf,genus,b6c1e049-e9e0-4af4-af3f-71804fe2e869,Elytraria,Plantae,Spermatopsida,https://vvtaxatree.tbn.org.tw/taxa/dc51244a-4879-406a-9f48-b64e5ccaabaf
b6976f94-de45-4f81-ba41-8dada371aa4f,genus,b6c1e049-e9e0-4af4-af3f-71804fe2e869,Siphonoglossa,Plantae,Spermatopsida,https://vvtaxatree.tbn.org.tw/taxa/b6976f94-de45-4f81-ba41-8dada371aa4f
cb5ee725-7a76-4d68-b92a-129fa1dafcc2,genus,b6c1e049-e9e0-4af4-af3f-71804fe2e869,Stenandrium,Plantae,Spermatopsida,https://vvtaxatree.tbn.org.tw/taxa/cb5ee725-7a76-4d68-b92a-129fa1dafcc2
bf0bfd9b-cfb2-465f-94ca-cf549db47f0e,genus,b6c1e049-e9e0-4af4-af3f-71804fe2e869,Eranthemum,Plantae,Spermatopsida,https://vvtaxatree.tbn.org.tw/taxa/bf0bfd9b-cfb2-465f-94ca-cf549db47f0e
5e4de1b3-67e2-4145-90e1-a165a5e4fad1,genus,ef67e34d-d9db-4267-ad69-8099c73addfa,Adenocalymma,Plantae,Spermatopsida,https://vvtaxatree.tbn.org.tw/taxa/5e4de1b3-67e2-4145-90e1-a165a5e4fad1
772e40fe-60e7-4ea2-9b09-0d854a2ca3c2,genus,ef67e34d-d9db-4267-ad69-8099c73addfa,Arrabidaea,Plantae,Spermatopsida,https://vvtaxatree.tbn.org.tw/taxa/772e40fe-60e7-4ea2-9b09-0d854a2ca3c2
c229eff3-fcff-4668-90f8-ff1eb0f6f466,genus,ef67e34d-d9db-4267-ad69-8099c73addfa,Pithecoctenium,Plantae,Spermatopsida,https://vvtaxatree.tbn.org.tw/taxa/c229eff3-fcff-4668-90f8-ff1eb0f6f466
64c6b191-4f34-4709-bf64-813b35ab1163,genus,ef67e34d-d9db-4267-ad69-8099c73addfa,Chilopsis,Plantae,Spermatopsida,https://vvtaxatree.tbn.org.tw/taxa/64c6b191-4f34-4709-bf64-813b35ab1163
6312218c-d624-4439-9f26-eeebd16fd6f0,genus,ef67e34d-d9db-4267-ad69-8099c73addfa,Podranea,Plantae,Spermatopsida,https://vvtaxatree.tbn.org.tw/taxa/6312218c-d624-4439-9f26-eeebd16fd6f0
9599f634-e234-4a98-8757-168987384ca4,genus,143d4e63-56c2-4fa5-954f-108bd30be0f9,Pinguicula,Plantae,Spermatopsida,https://vvtaxatree.tbn.org.tw/taxa/9599f634-e234-4a98-8757-168987384ca4
ff60dc4e-c46b-44b5-9849-40a0638b1916,genus,779cbcf9-dbf5-42f8-be6d-a841140cbc5c,Lippia,Plantae,Spermatopsida,https://vvtaxatree.tbn.org.tw/taxa/ff60dc4e-c46b-44b5-9849-40a0638b1916
f32accc4-dd66-4e53-befc-f1edc9a4dcee,genus,779cbcf9-dbf5-42f8-be6d-a841140cbc5c,Citharexylum,Plantae,Spermatopsida,https://vvtaxatree.tbn.org.tw/taxa/f32accc4-dd66-4e53-befc-f1edc9a4dcee
8d8c7699-3851-47fe-9ff4-74013bb5da94,genus,779cbcf9-dbf5-42f8-be6d-a841140cbc5c,Glandularia,Plantae,Spermatopsida,https://vvtaxatree.tbn.org.tw/taxa/8d8c7699-3851-47fe-9ff4-74013bb5da94
197a6989-18f2-4299-972b-b1d8fc513487,genus,779cbcf9-dbf5-42f8-be6d-a841140cbc5c,Aloysia,Plantae,Spermatopsida,https://vvtaxatree.tbn.org.tw/taxa/197a6989-18f2-4299-972b-b1d8fc513487
9bdc2981-3415-4581-86d7-4d0e76c6c43d,genus,779cbcf9-dbf5-42f8-be6d-a841140cbc5c,Bouchea,Plantae,Spermatopsida,https://vvtaxatree.tbn.org.tw/taxa/9bdc2981-3415-4581-86d7-4d0e76c6c43d
1d4b259c-ca48-4080-bf10-460df4ac0ad9,genus,779cbcf9-dbf5-42f8-be6d-a841140cbc5c,Priva,Plantae,Spermatopsida,https://vvtaxatree.tbn.org.tw/taxa/1d4b259c-ca48-4080-bf10-460df4ac0ad9
606803ef-282b-4c13-8602-714e0dc24e9c,genus,3cf4290a-3f53-4a14-a416-ababa7919408,Thymus,Plantae,Spermatopsida,https://vvtaxatree.tbn.org.tw/taxa/606803ef-282b-4c13-8602-714e0dc24e9c
b522ed53-c5db-44c6-b75b-af63d037a862,genus,3cf4290a-3f53-4a14-a416-ababa7919408,Plectranthus,Plantae,Spermatopsida,https://vvtaxatree.tbn.org.tw/taxa/b522ed53-c5db-44c6-b75b-af63d037a862
71ffc437-e5dd-4f4e-bbba-4697c3447f89,genus,3cf4290a-3f53-4a14-a416-ababa7919408,Dicerandra,Plantae,Spermatopsida,https://vvtaxatree.tbn.org.tw/taxa/71ffc437-e5dd-4f4e-bbba-4697c3447f89
25b076b9-2f7a-4811-ba07-7c02e3e935c4,genus,3cf4290a-3f53-4a14-a416-ababa7919408,Dracocephalum,Plantae,Spermatopsida,https://vvtaxatree.tbn.org.tw/taxa/25b076b9-2f7a-4811-ba07-7c02e3e935c4
022d1601-68b4-4cc7-a272-fc0cd7a43e7e,genus,3cf4290a-3f53-4a14-a416-ababa7919408,Hedeoma,Plantae,Spermatopsida,https://vvtaxatree.tbn.org.tw/taxa/022d1601-68b4-4cc7-a272-fc0cd7a43e7e
5b093d5e-5596-4eeb-a5d7-a0c1451f991c,genus,3cf4290a-3f53-4a14-a416-ababa7919408,Hyssopus,Plantae,Spermatopsida,https://vvtaxatree.tbn.org.tw/taxa/5b093d5e-5596-4eeb-a5d7-a0c1451f991c
d59910bf-6dc5-48e0-9a1e-f43d78e981d9,genus,3cf4290a-3f53-4a14-a416-ababa7919408,Marrubium,Plantae,Spermatopsida,https://vvtaxatree.tbn.org.tw/taxa/d59910bf-6dc5-48e0-9a1e-f43d78e981d9
8355cb27-d110-425c-8c4e-d74d30a4dea7,genus,3cf4290a-3f53-4a14-a416-ababa7919408,Monarda,Plantae,Spermatopsida,https://vvtaxatree.tbn.org.tw/taxa/8355cb27-d110-425c-8c4e-d74d30a4dea7
f84f4632-9d26-4116-97fa-58c46d2c35c3,genus,3cf4290a-3f53-4a14-a416-ababa7919408,Piloblephis,Plantae,Spermatopsida,https://vvtaxatree.tbn.org.tw/taxa/f84f4632-9d26-4116-97fa-58c46d2c35c3
719e8c4d-4bc7-424f-b9d8-187ad9b9c28f,genus,3cf4290a-3f53-4a14-a416-ababa7919408,Pycnanthemum,Plantae,Spermatopsida,https://vvtaxatree.tbn.org.tw/taxa/719e8c4d-4bc7-424f-b9d8-187ad9b9c28f
3ee8a5e5-5576-440c-9540-e9360333b6cb,genus,3cf4290a-3f53-4a14-a416-ababa7919408,Pycnostachys,Plantae,Spermatopsida,https://vvtaxatree.tbn.org.tw/taxa/3ee8a5e5-5576-440c-9540-e9360333b6cb
bfd3b96d-2f3a-4ac2-940b-8b4121909244,genus,3cf4290a-3f53-4a14-a416-ababa7919408,Satureja,Plantae,Spermatopsida,https://vvtaxatree.tbn.org.tw/taxa/bfd3b96d-2f3a-4ac2-940b-8b4121909244
22144057-14f4-4f23-8e0c-229efa8db5b7,genus,3cf4290a-3f53-4a14-a416-ababa7919408,Trichostema,Plantae,Spermatopsida,https://vvtaxatree.tbn.org.tw/taxa/22144057-14f4-4f23-8e0c-229efa8db5b7
f7e2d6e4-aa34-4adf-883c-1429b70f6c58,genus,3cf4290a-3f53-4a14-a416-ababa7919408,Holmskioldia,Plantae,Spermatopsida,https://vvtaxatree.tbn.org.tw/taxa/f7e2d6e4-aa34-4adf-883c-1429b70f6c58
f5e52f48-7216-477e-9df1-14802b9c6a0d,genus,3cf4290a-3f53-4a14-a416-ababa7919408,Leonotis,Plantae,Spermatopsida,https://vvtaxatree.tbn.org.tw/taxa/f5e52f48-7216-477e-9df1-14802b9c6a0d
52a057a8-6c49-42bb-b48c-7fa5fc6bc049,genus,7dc5b12d-4881-459c-8932-26fa6ef7e638,Castilleja,Plantae,Spermatopsida,https://vvtaxatree.tbn.org.tw/taxa/52a057a8-6c49-42bb-b48c-7fa5fc6bc049
c76fe99b-dfa1-4fb2-82f4-7310da790272,genus,7dc5b12d-4881-459c-8932-26fa6ef7e638,Buchnera,Plantae,Spermatopsida,https://vvtaxatree.tbn.org.tw/taxa/c76fe99b-dfa1-4fb2-82f4-7310da790272
b8870429-ff17-4a1c-a58b-509f280ab230,genus,7dc5b12d-4881-459c-8932-26fa6ef7e638,Agalinis,Plantae,Spermatopsida,https://vvtaxatree.tbn.org.tw/taxa/b8870429-ff17-4a1c-a58b-509f280ab230
bfc5c9d3-0339-4ba1-a759-e90e94a2bad7,genus,7dc5b12d-4881-459c-8932-26fa6ef7e638,Harveya,Plantae,Spermatopsida,https://vvtaxatree.tbn.org.tw/taxa/bfc5c9d3-0339-4ba1-a759-e90e94a2bad7
1b3b5ead-04b3-4814-be1f-0b9f530b7ce3,genus,7dc5b12d-4881-459c-8932-26fa6ef7e638,Aureolaria,Plantae,Spermatopsida,https://vvtaxatree.tbn.org.tw/taxa/1b3b5ead-04b3-4814-be1f-0b9f530b7ce3
5c308145-4f9b-4df1-a94f-28d613a03399,genus,7dc5b12d-4881-459c-8932-26fa6ef7e638,Conopholis,Plantae,Spermatopsida,https://vvtaxatree.tbn.org.tw/taxa/5c308145-4f9b-4df1-a94f-28d613a03399
13f1dd13-c23b-4275-91c1-ee57792007f5,genus,7dc5b12d-4881-459c-8932-26fa6ef7e638,Epifagus,Plantae,Spermatopsida,https://vvtaxatree.tbn.org.tw/taxa/13f1dd13-c23b-4275-91c1-ee57792007f5
3e689ef3-e796-43d6-afce-9cb543fa72a0,genus,7dc5b12d-4881-459c-8932-26fa6ef7e638,Orthocarpus,Plantae,Spermatopsida,https://vvtaxatree.tbn.org.tw/taxa/3e689ef3-e796-43d6-afce-9cb543fa72a0
8db8ba63-5e1e-43b4-a27a-5ff4aa01f0f3,genus,7dc5b12d-4881-459c-8932-26fa6ef7e638,Rhinanthus,Plantae,Spermatopsida,https://vvtaxatree.tbn.org.tw/taxa/8db8ba63-5e1e-43b4-a27a-5ff4aa01f0f3
601c50db-1f1a-4ab3-8706-6eac86acbfe3,genus,7dc5b12d-4881-459c-8932-26fa6ef7e638,Seymeria,Plantae,Spermatopsida,https://vvtaxatree.tbn.org.tw/taxa/601c50db-1f1a-4ab3-8706-6eac86acbfe3
3e0709c9-e851-4939-9af5-db1301a5cc13,genus,395f352b-8551-4a89-bf02-5b7021115d91,Centropogon,Plantae,Spermatopsida,https://vvtaxatree.tbn.org.tw/taxa/3e0709c9-e851-4939-9af5-db1301a5cc13
b701a051-78e0-4b88-9fd6-89443b11e0d6,genus,395f352b-8551-4a89-bf02-5b7021115d91,Siphocampylus,Plantae,Spermatopsida,https://vvtaxatree.tbn.org.tw/taxa/b701a051-78e0-4b88-9fd6-89443b11e0d6
c1305f97-a7b7-43a5-8a3b-e77415e1aefd,genus,395f352b-8551-4a89-bf02-5b7021115d91,Downingia,Plantae,Spermatopsida,https://vvtaxatree.tbn.org.tw/taxa/c1305f97-a7b7-43a5-8a3b-e77415e1aefd
0b79fd93-c03e-4c6f-8718-0385240aff9b,genus,395f352b-8551-4a89-bf02-5b7021115d91,Githopsis,Plantae,Spermatopsida,https://vvtaxatree.tbn.org.tw/taxa/0b79fd93-c03e-4c6f-8718-0385240aff9b
8c580c20-8801-46ab-8b0b-d0510747d9eb,genus,395f352b-8551-4a89-bf02-5b7021115d91,Heterocodon,Plantae,Spermatopsida,https://vvtaxatree.tbn.org.tw/taxa/8c580c20-8801-46ab-8b0b-d0510747d9eb
9da19e7c-2225-480f-a5ff-38f03fc592b2,genus,395f352b-8551-4a89-bf02-5b7021115d91,Howellia,Plantae,Spermatopsida,https://vvtaxatree.tbn.org.tw/taxa/9da19e7c-2225-480f-a5ff-38f03fc592b2
e2da65e7-cb23-426c-b56d-71b069e37d5d,genus,395f352b-8551-4a89-bf02-5b7021115d91,Jasione,Plantae,Spermatopsida,https://vvtaxatree.tbn.org.tw/taxa/e2da65e7-cb23-426c-b56d-71b069e37d5d
d9d0d13b-5fab-4465-8ea4-0d9b29676d71,genus,395f352b-8551-4a89-bf02-5b7021115d91,Legenere,Plantae,Spermatopsida,https://vvtaxatree.tbn.org.tw/taxa/d9d0d13b-5fab-4465-8ea4-0d9b29676d71
1dab7e90-9dd2-4f8d-821a-a6a74cf66fbd,genus,395f352b-8551-4a89-bf02-5b7021115d91,Nemacladus,Plantae,Spermatopsida,https://vvtaxatree.tbn.org.tw/taxa/1dab7e90-9dd2-4f8d-821a-a6a74cf66fbd
8b133a1e-92c4-4085-9fc9-279efccbe835,genus,395f352b-8551-4a89-bf02-5b7021115d91,Parishella,Plantae,Spermatopsida,https://vvtaxatree.tbn.org.tw/taxa/8b133a1e-92c4-4085-9fc9-279efccbe835
a11b71f2-0a06-4977-8e1c-2a5208b96d06,genus,395f352b-8551-4a89-bf02-5b7021115d91,Porterella,Plantae,Spermatopsida,https://vvtaxatree.tbn.org.tw/taxa/a11b71f2-0a06-4977-8e1c-2a5208b96d06
18551d36-a128-4a53-a7eb-838166665df6,genus,f50e7746-7c72-4e81-9f6f-68b33de13d71,Cousinia,Plantae,Spermatopsida,https://vvtaxatree.tbn.org.tw/taxa/18551d36-a128-4a53-a7eb-838166665df6
a2e405dd-80e5-4ebc-a9ed-d113ad4aafe7,genus,f50e7746-7c72-4e81-9f6f-68b33de13d71,Baccharis,Plantae,Spermatopsida,https://vvtaxatree.tbn.org.tw/taxa/a2e405dd-80e5-4ebc-a9ed-d113ad4aafe7
8b22adb0-7572-44de-a3ed-1d973504ca1a,genus,f50e7746-7c72-4e81-9f6f-68b33de13d71,Verbesina,Plantae,Spermatopsida,https://vvtaxatree.tbn.org.tw/taxa/8b22adb0-7572-44de-a3ed-1d973504ca1a
61d7a3a6-63cb-4b88-a1ac-7e5525e4b42b,genus,f50e7746-7c72-4e81-9f6f-68b33de13d71,Jurinea,Plantae,Spermatopsida,https://vvtaxatree.tbn.org.tw/taxa/61d7a3a6-63cb-4b88-a1ac-7e5525e4b42b
4ff81ef0-69d5-4929-bddd-79bccbc53ca4,genus,f50e7746-7c72-4e81-9f6f-68b33de13d71,Crepis,Plantae,Spermatopsida,https://vvtaxatree.tbn.org.tw/taxa/4ff81ef0-69d5-4929-bddd-79bccbc53ca4
9a1d17a0-54a0-440f-a077-cd015bc5e1f0,genus,f50e7746-7c72-4e81-9f6f-68b33de13d71,Symphyotrichum,Plantae,Spermatopsida,https://vvtaxatree.tbn.org.tw/taxa/9a1d17a0-54a0-440f-a077-cd015bc5e1f0
5853d1f7-64a0-4555-9413-5c17c1681682,genus,f50e7746-7c72-4e81-9f6f-68b33de13d71,Sericocarpus,Plantae,Spermatopsida,https://vvtaxatree.tbn.org.tw/taxa/5853d1f7-64a0-4555-9413-5c17c1681682
e486773b-f59e-4939-942d-ce1bed220c29,genus,f50e7746-7c72-4e81-9f6f-68b33de13d71,Antennaria,Plantae,Spermatopsida,https://vvtaxatree.tbn.org.tw/taxa/e486773b-f59e-4939-942d-ce1bed220c29
6f1760d8-8509-47c1-807b-fe9e84034495,genus,f50e7746-7c72-4e81-9f6f-68b33de13d71,Arnoglossum,Plantae,Spermatopsida,https://vvtaxatree.tbn.org.tw/taxa/6f1760d8-8509-47c1-807b-fe9e84034495
587a4f4e-1af1-4dc8-9ed2-81a8c3f714d8,genus,f50e7746-7c72-4e81-9f6f-68b33de13d71,Balduina,Plantae,Spermatopsida,https://vvtaxatree.tbn.org.tw/taxa/587a4f4e-1af1-4dc8-9ed2-81a8c3f714d8
f40feb41-0c60-4d52-ac2b-af2935de3093,genus,f50e7746-7c72-4e81-9f6f-68b33de13d71,Berlandiera,Plantae,Spermatopsida,https://vvtaxatree.tbn.org.tw/taxa/f40feb41-0c60-4d52-ac2b-af2935de3093
a33a6ab9-172a-4811-af80-e0de252deb6c,genus,f50e7746-7c72-4e81-9f6f-68b33de13d71,Brickellia,Plantae,Spermatopsida,https://vvtaxatree.tbn.org.tw/taxa/a33a6ab9-172a-4811-af80-e0de252deb6c
a4750ca9-e818-4661-b026-573b3ad04499,genus,f50e7746-7c72-4e81-9f6f-68b33de13d71,Carphephorus,Plantae,Spermatopsida,https://vvtaxatree.tbn.org.tw/taxa/a4750ca9-e818-4661-b026-573b3ad04499
f7539f94-1bca-45cc-866f-eb118349db80,genus,f50e7746-7c72-4e81-9f6f-68b33de13d71,Chrysopsis,Plantae,Spermatopsida,https://vvtaxatree.tbn.org.tw/taxa/f7539f94-1bca-45cc-866f-eb118349db80
194970f3-9382-478d-96b6-478a14445fb0,genus,f50e7746-7c72-4e81-9f6f-68b33de13d71,Croptilon,Plantae,Spermatopsida,https://vvtaxatree.tbn.org.tw/taxa/194970f3-9382-478d-96b6-478a14445fb0
8a5d6a05-67a8-4870-9983-61c514598448,genus,f50e7746-7c72-4e81-9f6f-68b33de13d71,Chaenactis,Plantae,Spermatopsida,https://vvtaxatree.tbn.org.tw/taxa/8a5d6a05-67a8-4870-9983-61c514598448
59cef687-d8d1-4f98-ac1f-32955f6ceaa2,genus,f50e7746-7c72-4e81-9f6f-68b33de13d71,Chrysothamnus,Plantae,Spermatopsida,https://vvtaxatree.tbn.org.tw/taxa/59cef687-d8d1-4f98-ac1f-32955f6ceaa2
c2a95241-27dc-48a8-ae73-d0f6ea8a49d2,genus,f50e7746-7c72-4e81-9f6f-68b33de13d71,Ericameria,Plantae,Spermatopsida,https://vvtaxatree.tbn.org.tw/taxa/c2a95241-27dc-48a8-ae73-d0f6ea8a49d2
a3404235-1653-46e6-a984-5794bf683129,genus,f50e7746-7c72-4e81-9f6f-68b33de13d71,Eriophyllum,Plantae,Spermatopsida,https://vvtaxatree.tbn.org.tw/taxa/a3404235-1653-46e6-a984-5794bf683129
c62148e1-44bc-41ff-9130-0ab52feecb61,genus,f50e7746-7c72-4e81-9f6f-68b33de13d71,Euthamia,Plantae,Spermatopsida,https://vvtaxatree.tbn.org.tw/taxa/c62148e1-44bc-41ff-9130-0ab52feecb61
de5bd559-1236-48c0-a923-525c4f5f44cb,genus,f50e7746-7c72-4e81-9f6f-68b33de13d71,Gamochaeta,Plantae,Spermatopsida,https://vvtaxatree.tbn.org.tw/taxa/de5bd559-1236-48c0-a923-525c4f5f44cb
19b62f2f-d3e0-4f77-a69d-7ffbfa2378ea,genus,f50e7746-7c72-4e81-9f6f-68b33de13d71,Haplopappus,Plantae,Spermatopsida,https://vvtaxatree.tbn.org.tw/taxa/19b62f2f-d3e0-4f77-a69d-7ffbfa2378ea
7bdd4eb7-9a0c-4503-b391-19f698388849,genus,f50e7746-7c72-4e81-9f6f-68b33de13d71,Iva,Plantae,Spermatopsida,https://vvtaxatree.tbn.org.tw/taxa/7bdd4eb7-9a0c-4503-b391-19f698388849
2022152f-de2f-48d6-a78e-397c3bb2dab1,genus,f50e7746-7c72-4e81-9f6f-68b33de13d71,Krigia,Plantae,Spermatopsida,https://vvtaxatree.tbn.org.tw/taxa/2022152f-de2f-48d6-a78e-397c3bb2dab1
1382da86-6b74-4f0b-a466-ef9b719514b4,genus,f50e7746-7c72-4e81-9f6f-68b33de13d71,Layia,Plantae,Spermatopsida,https://vvtaxatree.tbn.org.tw/taxa/1382da86-6b74-4f0b-a466-ef9b719514b4
7cf672fd-976f-4202-9656-014056fe6c1c,genus,f50e7746-7c72-4e81-9f6f-68b33de13d71,Lessingia,Plantae,Spermatopsida,https://vvtaxatree.tbn.org.tw/taxa/7cf672fd-976f-4202-9656-014056fe6c1c
f5117045-9952-4200-8945-3e3fb191378b,genus,f50e7746-7c72-4e81-9f6f-68b33de13d71,Lygodesmia,Plantae,Spermatopsida,https://vvtaxatree.tbn.org.tw/taxa/f5117045-9952-4200-8945-3e3fb191378b
81ecaccd-ae55-467e-bdf7-ddc2b17f192b,genus,f50e7746-7c72-4e81-9f6f-68b33de13d71,Packera,Plantae,Spermatopsida,https://vvtaxatree.tbn.org.tw/taxa/81ecaccd-ae55-467e-bdf7-ddc2b17f192b
70aa1ddb-42e1-4779-b8b7-dcc36e528ab7,genus,f50e7746-7c72-4e81-9f6f-68b33de13d71,Pityopsis,Plantae,Spermatopsida,https://vvtaxatree.tbn.org.tw/taxa/70aa1ddb-42e1-4779-b8b7-dcc36e528ab7
05a79f6f-c17c-411e-99a6-010c1720c742,genus,f50e7746-7c72-4e81-9f6f-68b33de13d71,Prenanthes,Plantae,Spermatopsida,https://vvtaxatree.tbn.org.tw/taxa/05a79f6f-c17c-411e-99a6-010c1720c742
2067abbb-6ea6-417c-b371-44201d30df1b,genus,f50e7746-7c72-4e81-9f6f-68b33de13d71,Silphium,Plantae,Spermatopsida,https://vvtaxatree.tbn.org.tw/taxa/2067abbb-6ea6-417c-b371-44201d30df1b
ebf2c8aa-762e-470e-8fd8-930554fb8267,genus,f50e7746-7c72-4e81-9f6f-68b33de13d71,Pulicaria,Plantae,Spermatopsida,https://vvtaxatree.tbn.org.tw/taxa/ebf2c8aa-762e-470e-8fd8-930554fb8267
3df7d90d-02c8-4ecc-904a-3c2b68279894,genus,f50e7746-7c72-4e81-9f6f-68b33de13d71,Sphagneticola,Plantae,Spermatopsida,https://vvtaxatree.tbn.org.tw/taxa/3df7d90d-02c8-4ecc-904a-3c2b68279894
b3b3e8de-1f0a-417c-87d0-7456d67c67b6,genus,f50e7746-7c72-4e81-9f6f-68b33de13d71,Notoseris,Plantae,Spermatopsida,https://vvtaxatree.tbn.org.tw/taxa/b3b3e8de-1f0a-417c-87d0-7456d67c67b6
fa125d4a-0076-4f9a-be27-67ba08a9e6d3,genus,f50e7746-7c72-4e81-9f6f-68b33de13d71,Gazania,Plantae,Spermatopsida,https://vvtaxatree.tbn.org.tw/taxa/fa125d4a-0076-4f9a-be27-67ba08a9e6d3
056fa34f-315a-42df-a1b2-80fb2b927621,genus,f50e7746-7c72-4e81-9f6f-68b33de13d71,Pseudoconyza,Plantae,Spermatopsida,https://vvtaxatree.tbn.org.tw/taxa/056fa34f-315a-42df-a1b2-80fb2b927621
92b428f4-1616-4908-b805-749155b40d82,genus,f50e7746-7c72-4e81-9f6f-68b33de13d71,Lapsana,Plantae,Spermatopsida,https://vvtaxatree.tbn.org.tw/taxa/92b428f4-1616-4908-b805-749155b40d82
cbd36be7-880a-45bd-8404-4d67a8b02423,genus,e749f097-667f-4585-a6ee-d5c02bc1a2f6,Adoxa,Plantae,Spermatopsida,https://vvtaxatree.tbn.org.tw/taxa/cbd36be7-880a-45bd-8404-4d67a8b02423
558151aa-14d0-4cfc-a122-4d13b3c2a0a2,genus,cc3af2f4-ddea-4b53-8b44-f0756a4135bd,Valerianella,Plantae,Spermatopsida,https://vvtaxatree.tbn.org.tw/taxa/558151aa-14d0-4cfc-a122-4d13b3c2a0a2
1a92bc4b-aca2-47a9-a133-740b2be6f16d,genus,cc3af2f4-ddea-4b53-8b44-f0756a4135bd,Dipsacus,Plantae,Spermatopsida,https://vvtaxatree.tbn.org.tw/taxa/1a92bc4b-aca2-47a9-a133-740b2be6f16d
ba595217-3a29-452b-bdee-b977733ba372,genus,cc3af2f4-ddea-4b53-8b44-f0756a4135bd,Linnaea,Plantae,Spermatopsida,https://vvtaxatree.tbn.org.tw/taxa/ba595217-3a29-452b-bdee-b977733ba372
cfae33cc-907b-4a85-aa34-cce38318f9af,genus,cc3af2f4-ddea-4b53-8b44-f0756a4135bd,Diervilla,Plantae,Spermatopsida,https://vvtaxatree.tbn.org.tw/taxa/cfae33cc-907b-4a85-aa34-cce38318f9af
4246d3a0-24e5-4487-a0e4-ffc5cec0b8f7,genus,cc3af2f4-ddea-4b53-8b44-f0756a4135bd,Weigela,Plantae,Spermatopsida,https://vvtaxatree.tbn.org.tw/taxa/4246d3a0-24e5-4487-a0e4-ffc5cec0b8f7
45dc7303-2124-4241-b627-6a1b094cce23,genus,cc3af2f4-ddea-4b53-8b44-f0756a4135bd,Kolkwitzia,Plantae,Spermatopsida,https://vvtaxatree.tbn.org.tw/taxa/45dc7303-2124-4241-b627-6a1b094cce23
c7098956-54d4-4554-91a1-fa118f63df0c,genus,46c53ce1-7610-4b5e-976e-ca9bf607c8fe,Schefflera,Plantae,Spermatopsida,https://vvtaxatree.tbn.org.tw/taxa/c7098956-54d4-4554-91a1-fa118f63df0c
8d644c5d-e6af-4ce9-9906-26f86e7d1d3a,genus,46c53ce1-7610-4b5e-976e-ca9bf607c8fe,Oreopanax,Plantae,Spermatopsida,https://vvtaxatree.tbn.org.tw/taxa/8d644c5d-e6af-4ce9-9906-26f86e7d1d3a
62026265-4164-4c9d-8479-9c751f4387fc,genus,98ad17db-cdd2-47ab-9663-2e21ca170e6e,Ferula,Plantae,Spermatopsida,https://vvtaxatree.tbn.org.tw/taxa/62026265-4164-4c9d-8479-9c751f4387fc
7a734a98-1315-4a4c-99ae-09aab1548965,genus,98ad17db-cdd2-47ab-9663-2e21ca170e6e,Lomatium,Plantae,Spermatopsida,https://vvtaxatree.tbn.org.tw/taxa/7a734a98-1315-4a4c-99ae-09aab1548965
070f762f-2a01-47ee-805d-dadf14074c76,genus,98ad17db-cdd2-47ab-9663-2e21ca170e6e,Cicuta,Plantae,Spermatopsida,https://vvtaxatree.tbn.org.tw/taxa/070f762f-2a01-47ee-805d-dadf14074c76
44f224f6-3c91-456c-af44-9c7ef4a8a106,genus,98ad17db-cdd2-47ab-9663-2e21ca170e6e,Ligusticum,Plantae,Spermatopsida,https://vvtaxatree.tbn.org.tw/taxa/44f224f6-3c91-456c-af44-9c7ef4a8a106
b1c2d7d0-21a0-471d-be9a-813f8c1ae97c,genus,98ad17db-cdd2-47ab-9663-2e21ca170e6e,Oxypolis,Plantae,Spermatopsida,https://vvtaxatree.tbn.org.tw/taxa/b1c2d7d0-21a0-471d-be9a-813f8c1ae97c
514aae8d-e6f7-4051-8e2e-c9a23cf865c8,genus,98ad17db-cdd2-47ab-9663-2e21ca170e6e,Pastinaca,Plantae,Spermatopsida,https://vvtaxatree.tbn.org.tw/taxa/514aae8d-e6f7-4051-8e2e-c9a23cf865c8
574acd64-db44-4ec7-ac3e-3b49c915ec6f,genus,98ad17db-cdd2-47ab-9663-2e21ca170e6e,Ptilimnium,Plantae,Spermatopsida,https://vvtaxatree.tbn.org.tw/taxa/574acd64-db44-4ec7-ac3e-3b49c915ec6f
9d7c56f0-5071-4f5e-bc29-e480a48bdc84,genus,98ad17db-cdd2-47ab-9663-2e21ca170e6e,Spermolepis,Plantae,Spermatopsida,https://vvtaxatree.tbn.org.tw/taxa/9d7c56f0-5071-4f5e-bc29-e480a48bdc84
14cc2495-cf2d-4683-b55c-8187de2c444d,genus,98ad17db-cdd2-47ab-9663-2e21ca170e6e,Thaspium,Plantae,Spermatopsida,https://vvtaxatree.tbn.org.tw/taxa/14cc2495-cf2d-4683-b55c-8187de2c444d
bcc1a04c-f075-4d29-9969-e0c40fd8454d,genus,98ad17db-cdd2-47ab-9663-2e21ca170e6e,Zizia,Plantae,Spermatopsida,https://vvtaxatree.tbn.org.tw/taxa/bcc1a04c-f075-4d29-9969-e0c40fd8454d
ced4a2af-711e-49b5-96c8-586dd11eee0c,genus,98ad17db-cdd2-47ab-9663-2e21ca170e6e,Cuminum,Plantae,Spermatopsida,https://vvtaxatree.tbn.org.tw/taxa/ced4a2af-711e-49b5-96c8-586dd11eee0c
9bfa09cd-f267-405f-a5cf-00e7f39a5ed7,genus,98ad17db-cdd2-47ab-9663-2e21ca170e6e,Petroselinum,Plantae,Spermatopsida,https://vvtaxatree.tbn.org.tw/taxa/9bfa09cd-f267-405f-a5cf-00e7f39a5ed7
ff7ed51c-97dc-4caf-a023-e96c39564d7d,genus,98ad17db-cdd2-47ab-9663-2e21ca170e6e,Conium,Plantae,Spermatopsida,https://vvtaxatree.tbn.org.tw/taxa/ff7ed51c-97dc-4caf-a023-e96c39564d7d
157f1b7f-5bd0-4510-8c45-28605bfd14ba,genus,f50e7746-7c72-4e81-9f6f-68b33de13d71,Spilanthes,Plantae,Spermatopsida,https://vvtaxatree.tbn.org.tw/taxa/157f1b7f-5bd0-4510-8c45-28605bfd14ba
9eb5fab6-b45d-45bd-aeaf-2954a6db5cd6,genus,10a6aba3-81de-4e81-9f27-55cffb906839,Herissantia,Plantae,Spermatopsida,https://vvtaxatree.tbn.org.tw/taxa/9eb5fab6-b45d-45bd-aeaf-2954a6db5cd6
d7eba461-b915-4d05-9dcd-686d3c69cfa1,genus,f50e7746-7c72-4e81-9f6f-68b33de13d71,Humbertacalia,Plantae,Spermatopsida,https://vvtaxatree.tbn.org.tw/taxa/d7eba461-b915-4d05-9dcd-686d3c69cfa1
d15e0dce-a20f-4078-a39d-cf48fb703c25,genus,3cf4290a-3f53-4a14-a416-ababa7919408,Chelonopsis,Plantae,Spermatopsida,https://vvtaxatree.tbn.org.tw/taxa/d15e0dce-a20f-4078-a39d-cf48fb703c25
0aafe60c-2236-438a-978e-771db5e644e9,genus,e884de67-fd62-4024-a9f8-129016382b5c,Discospaera,Chromista,Coccolithophyceae,https://vvtaxatree.tbn.org.tw/taxa/0aafe60c-2236-438a-978e-771db5e644e9
71117f78-afde-46f2-b58d-259ba8f5f4bd,genus,346fa6a8-fc1d-4fc5-8dc3-080abf6f2412,Peronoplasmopara,Chromista,Peronosporea,https://vvtaxatree.tbn.org.tw/taxa/71117f78-afde-46f2-b58d-259ba8f5f4bd
dbc77ec1-1cde-4412-b68e-47ac3fe4b23d,genus,1d20dd06-e72a-457f-9b1b-1960e06c311e,Rhoicospenia,Chromista,Bacillariophyceae,https://vvtaxatree.tbn.org.tw/taxa/dbc77ec1-1cde-4412-b68e-47ac3fe4b23d
e2687917-a42d-4c63-8a08-8ecd59dc142a,genus,e77c21b1-0f88-475a-8a05-362c70b4e2c1,Corithorn,Chromista,Bacillariophyceae,https://vvtaxatree.tbn.org.tw/taxa/e2687917-a42d-4c63-8a08-8ecd59dc142a
47b6d007-6d5a-41c7-962b-12a6ce77642b,genus,e77c21b1-0f88-475a-8a05-362c70b4e2c1,Fragilariacylin,Chromista,Bacillariophyceae,https://vvtaxatree.tbn.org.tw/taxa/47b6d007-6d5a-41c7-962b-12a6ce77642b
f6251fc2-6eef-41ab-b2d2-70d10bdf1160,genus,e77c21b1-0f88-475a-8a05-362c70b4e2c1,Licomophora,Chromista,Bacillariophyceae,https://vvtaxatree.tbn.org.tw/taxa/f6251fc2-6eef-41ab-b2d2-70d10bdf1160
3fd32dee-1523-432c-a233-bf0b0b5e48b2,genus,e77c21b1-0f88-475a-8a05-362c70b4e2c1,Sticodiscus,Chromista,Bacillariophyceae,https://vvtaxatree.tbn.org.tw/taxa/3fd32dee-1523-432c-a233-bf0b0b5e48b2
e43c6aa4-0269-4195-8cac-5cc737146f1d,genus,288e2411-9b69-4e80-b982-7a7565c95ef1,Nitzschiella,Chromista,Bacillariophyceae,https://vvtaxatree.tbn.org.tw/taxa/e43c6aa4-0269-4195-8cac-5cc737146f1d
96ee8a2e-fa31-434c-91e0-415354af02ce,genus,2579cf5a-98e0-4a73-b6e7-fb2e619f3865,Lieudugeria,Chromista,Coscinodiscophyceae,https://vvtaxatree.tbn.org.tw/taxa/96ee8a2e-fa31-434c-91e0-415354af02ce
719d965a-2d5f-41ac-a975-99573ea7b5e7,genus,afbdf93f-4518-4f0b-b8fe-2518296b8340,Hincksia,Chromista,Phaeophyceae,https://vvtaxatree.tbn.org.tw/taxa/719d965a-2d5f-41ac-a975-99573ea7b5e7
98163e93-f432-4b84-ad69-93fa9f86ce26,genus,2e682617-30a8-48a2-8aaf-202e023b1616,Neurocarpus,Chromista,Phaeophyceae,https://vvtaxatree.tbn.org.tw/taxa/98163e93-f432-4b84-ad69-93fa9f86ce26
849f1fef-7cf9-4de3-bbec-99ec20f83a31,genus,874d9919-9813-470a-8973-fb07926d7ba1,Fomes,Fungi,Agaricomycetes,https://vvtaxatree.tbn.org.tw/taxa/849f1fef-7cf9-4de3-bbec-99ec20f83a31
cab1fae1-94a6-4750-9a5a-8eb41b72ab87,genus,874d9919-9813-470a-8973-fb07926d7ba1,Pachykytospora,Fungi,Agaricomycetes,https://vvtaxatree.tbn.org.tw/taxa/cab1fae1-94a6-4750-9a5a-8eb41b72ab87
1623dab1-c8d5-49f4-957d-344de02c75ef,genus,874d9919-9813-470a-8973-fb07926d7ba1,Polyporellus,Fungi,Agaricomycetes,https://vvtaxatree.tbn.org.tw/taxa/1623dab1-c8d5-49f4-957d-344de02c75ef
7ffcea18-e578-44bf-8516-4ffe9f048b79,genus,874d9919-9813-470a-8973-fb07926d7ba1,Poria,Fungi,Agaricomycetes,https://vvtaxatree.tbn.org.tw/taxa/7ffcea18-e578-44bf-8516-4ffe9f048b79
31d5fef7-cec1-4df6-9617-862f28545f76,genus,29997b7a-76cc-4071-aa74-cf8cd890faf0,Plicatura,Fungi,Agaricomycetes,https://vvtaxatree.tbn.org.tw/taxa/31d5fef7-cec1-4df6-9617-862f28545f76
14c676e5-8ba5-4d10-a1ac-dc37dd824a02,genus,6647110b-4c25-49f1-bd59-1b8f0c681b9b,Merulius,Fungi,Agaricomycetes,https://vvtaxatree.tbn.org.tw/taxa/14c676e5-8ba5-4d10-a1ac-dc37dd824a02
ac23bd28-ba7f-46ca-88f0-376b33a13196,genus,bfc2cfbe-47c5-484b-ab02-512d0ea72583,Pulcherricium,Fungi,Agaricomycetes,https://vvtaxatree.tbn.org.tw/taxa/ac23bd28-ba7f-46ca-88f0-376b33a13196
77a859a2-353c-43ee-a4df-1bf3e1427828,genus,57d8d7f7-7da7-497c-94e7-3d322de9db35,Phlebiella,Fungi,Agaricomycetes,https://vvtaxatree.tbn.org.tw/taxa/77a859a2-353c-43ee-a4df-1bf3e1427828
d91e8168-bd36-4917-b701-38404db9164e,genus,20cc4a51-0ae6-4f52-ba87-041de5a88e7d,Megalocystidium,Fungi,Basidiomycetes,https://vvtaxatree.tbn.org.tw/taxa/d91e8168-bd36-4917-b701-38404db9164e
536beabd-9f80-481e-9dfe-31deb63ccaca,genus,be184ce4-3389-4ff1-8a21-e30e3f1764df,Psalliota,Fungi,Basidiomycetes,https://vvtaxatree.tbn.org.tw/taxa/536beabd-9f80-481e-9dfe-31deb63ccaca
4f9007a8-cfe1-4754-8476-cbe06e05119c,genus,be72946a-efbb-44ab-9c32-db98bdf90cc7,Copelandia,Fungi,Basidiomycetes,https://vvtaxatree.tbn.org.tw/taxa/4f9007a8-cfe1-4754-8476-cbe06e05119c
4dd27ea1-1301-4835-af2b-b4cd551c5187,genus,be72946a-efbb-44ab-9c32-db98bdf90cc7,Pseudocoprinus,Fungi,Basidiomycetes,https://vvtaxatree.tbn.org.tw/taxa/4dd27ea1-1301-4835-af2b-b4cd551c5187
84a1996d-8080-44fd-8d7d-5a4cc51b7cdb,genus,ec6c84aa-1bd0-4401-92df-a78bf77a1875,Armillariella,Fungi,Basidiomycetes,https://vvtaxatree.tbn.org.tw/taxa/84a1996d-8080-44fd-8d7d-5a4cc51b7cdb
8dd6e74b-a64b-40c9-a228-269db71b06c7,genus,3123e255-6380-45a7-be17-31891cd6efd8,Omphalina,Fungi,Basidiomycetes,https://vvtaxatree.tbn.org.tw/taxa/8dd6e74b-a64b-40c9-a228-269db71b06c7
a970efb4-0e18-4ee5-ade5-b2ccd4dce0ce,genus,3123e255-6380-45a7-be17-31891cd6efd8,Sinotermitomyces,Fungi,Basidiomycetes,https://vvtaxatree.tbn.org.tw/taxa/a970efb4-0e18-4ee5-ade5-b2ccd4dce0ce
472b828f-28ac-4d46-9184-8e3cfadf6de9,genus,2979fe54-be08-4f01-a4aa-5f2762870a30,Simblum,Fungi,Basidiomycetes,https://vvtaxatree.tbn.org.tw/taxa/472b828f-28ac-4d46-9184-8e3cfadf6de9
d4e426e0-f19c-4cf7-ad95-a1c9af3355ab,genus,6fa9fd00-a82b-479c-84d0-06f22e07480b,Gastroboletus,Fungi,Agaricomycetes,https://vvtaxatree.tbn.org.tw/taxa/d4e426e0-f19c-4cf7-ad95-a1c9af3355ab
c2afa079-483d-4ac9-8299-4ce5b0dce620,genus,3b00d24a-ba04-431e-bde3-64d1cd50c98e,Paxillus,Fungi,Agaricomycetes,https://vvtaxatree.tbn.org.tw/taxa/c2afa079-483d-4ac9-8299-4ce5b0dce620
f031f0f0-a3ee-4fd0-bbc5-5bb2545d4781,genus,b9ec6da4-3dd7-4951-97df-5f6ddccdcd58,Leifia,Fungi,Basidiomycetes,https://vvtaxatree.tbn.org.tw/taxa/f031f0f0-a3ee-4fd0-bbc5-5bb2545d4781
88560787-1486-4b4f-b788-63718fb2baf0,genus,6b5a7ca8-6232-4be8-b44b-072c99c00227,Femsjonia,Fungi,Basidiomycetes,https://vvtaxatree.tbn.org.tw/taxa/88560787-1486-4b4f-b788-63718fb2baf0
3e5980fb-2670-4dc9-884b-e8f2ad7d313c,genus,1032907e-48c6-4e49-8c6e-16f4a4b920ab,Coleopuccinia,Fungi,Pucciniomycetes,https://vvtaxatree.tbn.org.tw/taxa/3e5980fb-2670-4dc9-884b-e8f2ad7d313c
7189d48b-e9f4-4eeb-9bf0-ac7398e32137,genus,6c458dd5-0347-4a35-8fcf-1068809e6968,Poliotelium,Fungi,Urediniomycetes,https://vvtaxatree.tbn.org.tw/taxa/7189d48b-e9f4-4eeb-9bf0-ac7398e32137
78dd11b2-0d00-4042-a026-01d4d95a2337,genus,048cd2a9-0aeb-4f85-a549-33d9e3fecf80,Empusa,Fungi,Entomophthoromycetes,https://vvtaxatree.tbn.org.tw/taxa/78dd11b2-0d00-4042-a026-01d4d95a2337
4c1fbdf1-2d1d-4a74-9637-4cb5a62ba58c,genus,8f99097b-44a7-4d3b-9508-de0ab86290ea,Haplosporangium,Fungi,Mortierellomycetes,https://vvtaxatree.tbn.org.tw/taxa/4c1fbdf1-2d1d-4a74-9637-4cb5a62ba58c
93e4e404-c98c-452a-a960-1c8075ca8df8,genus,76a69f97-944b-409e-8702-c65e34ea1e80,Trichoconis,Fungi,Dothideomycetes,https://vvtaxatree.tbn.org.tw/taxa/93e4e404-c98c-452a-a960-1c8075ca8df8
38c3b88e-9676-4943-84fd-2ed333f43be0,genus,6394786f-bbf9-4611-8405-1776da86ad5a,Phaeoseptoria,Fungi,Dothideomycetes,https://vvtaxatree.tbn.org.tw/taxa/38c3b88e-9676-4943-84fd-2ed333f43be0
983fe766-3526-4d5d-ac6f-1e5ee24c9795,genus,6394786f-bbf9-4611-8405-1776da86ad5a,Trematosphaerella,Fungi,Dothideomycetes,https://vvtaxatree.tbn.org.tw/taxa/983fe766-3526-4d5d-ac6f-1e5ee24c9795
5888e34c-f121-4694-9452-6f0ed0ae4cb8,genus,ee835ca0-3724-4fe7-9dc7-00fd554677b9,Munkovalsaria,Fungi,Dothideomycetes,https://vvtaxatree.tbn.org.tw/taxa/5888e34c-f121-4694-9452-6f0ed0ae4cb8
414324cc-6f57-4b4f-b398-ffceb291268b,genus,69d90722-1bf4-4880-8bf4-ad0a0d934702,Fumago,Fungi,Dothideomycetes,https://vvtaxatree.tbn.org.tw/taxa/414324cc-6f57-4b4f-b398-ffceb291268b
f050de1c-2265-499d-a4bf-eec6fa742339,genus,7a77fae4-369c-4bcb-9e40-8ad66f35e7b5,Pringshemia,Fungi,Dothideomycetes,https://vvtaxatree.tbn.org.tw/taxa/f050de1c-2265-499d-a4bf-eec6fa742339
d4efe9ed-3d91-4233-8e24-cdc8b351bfa5,genus,6b8580f6-ad23-411f-bfa7-0586c3da28a8,Cercosporidium,Fungi,Dothideomycetes,https://vvtaxatree.tbn.org.tw/taxa/d4efe9ed-3d91-4233-8e24-cdc8b351bfa5
4acf878f-1410-4a9b-989f-e0bce3025e03,genus,6b8580f6-ad23-411f-bfa7-0586c3da28a8,Phaeoramularia,Fungi,Dothideomycetes,https://vvtaxatree.tbn.org.tw/taxa/4acf878f-1410-4a9b-989f-e0bce3025e03
545aab4a-99b2-4558-b4c8-95a7a8022644,genus,04601472-21ba-41c6-b380-d62a39051892,Meria,Fungi,Sordariomycetes,https://vvtaxatree.tbn.org.tw/taxa/545aab4a-99b2-4558-b4c8-95a7a8022644
a0a414f7-30e6-4e40-8705-ac4ac2ff9a9a,genus,04601472-21ba-41c6-b380-d62a39051892,Phytocordyceps,Fungi,Sordariomycetes,https://vvtaxatree.tbn.org.tw/taxa/a0a414f7-30e6-4e40-8705-ac4ac2ff9a9a
d8b6b449-057f-42c2-91f5-24abae1b1281,genus,04601472-21ba-41c6-b380-d62a39051892,Polycephalomyces,Fungi,Sordariomycetes,https://vvtaxatree.tbn.org.tw/taxa/d8b6b449-057f-42c2-91f5-24abae1b1281
e3d2a7e6-759c-405c-a2d8-24e857ba2b69,genus,642f305c-6492-4396-9411-7f581d6e3e9c,Gliocladium,Fungi,Sordariomycetes,https://vvtaxatree.tbn.org.tw/taxa/e3d2a7e6-759c-405c-a2d8-24e857ba2b69
b5210be4-56ba-4fa0-be07-12d371accda1,genus,874fee6d-3c86-442b-b17a-a180ad6f146c,Gonytrichella,Fungi,Sordariomycetes,https://vvtaxatree.tbn.org.tw/taxa/b5210be4-56ba-4fa0-be07-12d371accda1
a5543d9f-52f1-4d00-a2e0-7de920bea086,genus,874fee6d-3c86-442b-b17a-a180ad6f146c,Theissenia,Fungi,Sordariomycetes,https://vvtaxatree.tbn.org.tw/taxa/a5543d9f-52f1-4d00-a2e0-7de920bea086
23f51f34-6929-44c8-8ca9-7366cd282712,genus,2ef79637-475e-4175-b2e4-5107a05fb013,Lopadostoma,Fungi,Sordariomycetes,https://vvtaxatree.tbn.org.tw/taxa/23f51f34-6929-44c8-8ca9-7366cd282712
c4a36056-c882-4fc2-90a0-0306b35c0151,genus,fe869ec6-c1ee-401e-bffd-b214d3a6d74f,Doratomyces,Fungi,Sordariomycetes,https://vvtaxatree.tbn.org.tw/taxa/c4a36056-c882-4fc2-90a0-0306b35c0151
70c5a164-d77c-42b1-a935-1e778a43df7e,genus,fe869ec6-c1ee-401e-bffd-b214d3a6d74f,Trichurus,Fungi,Sordariomycetes,https://vvtaxatree.tbn.org.tw/taxa/70c5a164-d77c-42b1-a935-1e778a43df7e
fe3aa9bd-17b0-469c-9bab-54274e16db8b,genus,112e6e02-e037-4378-8f33-ad2a718c57eb,Schizoparme,Fungi,Sordariomycetes,https://vvtaxatree.tbn.org.tw/taxa/fe3aa9bd-17b0-469c-9bab-54274e16db8b
73ce2b3d-c762-4e74-9ba5-7c4830aee7a2,genus,7ba911c6-b3a0-4a0c-bb4e-d80090330d8f,Graphina,Fungi,Ascomycetes,https://vvtaxatree.tbn.org.tw/taxa/73ce2b3d-c762-4e74-9ba5-7c4830aee7a2
4bc0d059-cd64-47b4-9ea5-16037f4b003d,genus,7ba911c6-b3a0-4a0c-bb4e-d80090330d8f,Gyrostomum,Fungi,Ascomycetes,https://vvtaxatree.tbn.org.tw/taxa/4bc0d059-cd64-47b4-9ea5-16037f4b003d
4582909e-7614-4418-a6e0-73ab4258952b,genus,71d8f0b8-934f-4fbe-b835-3819d8c9bd1e,Sowerbyella,Fungi,Ascomycetes,https://vvtaxatree.tbn.org.tw/taxa/4582909e-7614-4418-a6e0-73ab4258952b
0366e66f-e9ab-4f57-a925-9ba784aeca45,genus,0a914e9c-46e7-46b1-99ea-87125009912e,Galiella,Fungi,Ascomycetes,https://vvtaxatree.tbn.org.tw/taxa/0366e66f-e9ab-4f57-a925-9ba784aeca45
a66eb5f3-90d1-403d-88d8-ecb2769467e7,genus,5740862c-4cfc-4b4f-8661-def6df3e507f,Clavidisculum,Fungi,Leotiomycetes,https://vvtaxatree.tbn.org.tw/taxa/a66eb5f3-90d1-403d-88d8-ecb2769467e7
06a393a8-984e-4c0d-a846-a4b21bdee2c0,genus,9a902720-58b2-42c2-883b-44b741cfff5c,Asterocalyx,Fungi,Leotiomycetes,https://vvtaxatree.tbn.org.tw/taxa/06a393a8-984e-4c0d-a846-a4b21bdee2c0
567a4a4d-967d-4842-a3ab-498c38969040,genus,0605aea4-b222-46f2-838f-364b6d95380b,Coelocaulon,Fungi,Lecanoromycetes,https://vvtaxatree.tbn.org.tw/taxa/567a4a4d-967d-4842-a3ab-498c38969040
b5899a67-6ed8-4072-b496-40c67bbe55d8,genus,0605aea4-b222-46f2-838f-364b6d95380b,Melanelia,Fungi,Lecanoromycetes,https://vvtaxatree.tbn.org.tw/taxa/b5899a67-6ed8-4072-b496-40c67bbe55d8
2b9ea773-e65b-4ffe-b76a-462cc887c9ec,genus,9b8c537f-c588-4abe-ac76-a6b235452d33,Cladina,Fungi,Lecanoromycetes,https://vvtaxatree.tbn.org.tw/taxa/2b9ea773-e65b-4ffe-b76a-462cc887c9ec
eb885389-b2c7-47f1-884b-524905c0d595,genus,f2e8b1d3-e95b-42c5-aec0-b83286088709,Psoroma,Fungi,Lecanoromycetes,https://vvtaxatree.tbn.org.tw/taxa/eb885389-b2c7-47f1-884b-524905c0d595
eb4d3370-5d58-440e-8ce3-69ac1b0c8a87,genus,19f729b6-fdef-4e6b-9648-2b8a7fc0bc5b,Merimbla,Fungi,Eurotiomycetes,https://vvtaxatree.tbn.org.tw/taxa/eb4d3370-5d58-440e-8ce3-69ac1b0c8a87
16c2a1be-62e9-4c20-89b6-e5095481b37a,genus,19f729b6-fdef-4e6b-9648-2b8a7fc0bc5b,Sarophorum,Fungi,Eurotiomycetes,https://vvtaxatree.tbn.org.tw/taxa/16c2a1be-62e9-4c20-89b6-e5095481b37a
20015556-c4e4-43d9-8e4d-8a21c585ccb3,genus,1486d644-585d-4324-9f45-df36d620b3a3,Nematospora,Fungi,Saccharomycetes,https://vvtaxatree.tbn.org.tw/taxa/20015556-c4e4-43d9-8e4d-8a21c585ccb3
90b23b6d-e546-4cf2-b48b-e942463d5b86,genus,520d4b17-b05d-498b-88e2-b447ee76355f,Karlingia,Fungi,Chytridiomycetes,https://vvtaxatree.tbn.org.tw/taxa/90b23b6d-e546-4cf2-b48b-e942463d5b86
ab43fe31-d74b-4bdd-8242-ebd9263e32ab,genus,1703ef78-c560-4905-b34c-9c27ba5a40bc,Amphymenium,Protozoa,Heliozoa,https://vvtaxatree.tbn.org.tw/taxa/ab43fe31-d74b-4bdd-8242-ebd9263e32ab
78870659-d488-4599-b8e6-a3f98276f091,genus,9e37d71a-dbe6-42b4-a52a-bc0d2f735849,Tristephanium,Protozoa,Heliozoa,https://vvtaxatree.tbn.org.tw/taxa/78870659-d488-4599-b8e6-a3f98276f091
ab1b5e85-40f8-4d98-aa9e-4e4a70a16786,genus,e523e02e-a9e2-4af9-bde8-334999ac1848,Zoogloea,Protozoa,Granuloreticulosea,https://vvtaxatree.tbn.org.tw/taxa/ab1b5e85-40f8-4d98-aa9e-4e4a70a16786
b1e2debd-6f50-4cbc-9b1c-702be05585e3,genus,8c233e5a-1fcc-4239-98df-f5e296d55d14,Urostyla,Protozoa,Ciliatea,https://vvtaxatree.tbn.org.tw/taxa/b1e2debd-6f50-4cbc-9b1c-702be05585e3
63b6aeb5-5e64-403e-b337-15d425d901b7,genus,862e9b51-0b75-4ee2-8a9c-ef3fed160d7b,Cononellopsis,Protozoa,Ciliatea,https://vvtaxatree.tbn.org.tw/taxa/63b6aeb5-5e64-403e-b337-15d425d901b7
224d6420-6311-43b7-aa4e-7d51e8343233,genus,47ff2ccc-94d2-4d71-bfc1-08b60001e821,Tintinopsis,Protozoa,Ciliatea,https://vvtaxatree.tbn.org.tw/taxa/224d6420-6311-43b7-aa4e-7d51e8343233
36c91b0b-26d6-4f4a-80ce-491814bc1df7,genus,52594a6a-a4d5-4f29-a353-8b6b563aa5f3,Dictydium,Protozoa,Myxomycetes,https://vvtaxatree.tbn.org.tw/taxa/36c91b0b-26d6-4f4a-80ce-491814bc1df7
5a16df0a-1107-4985-8693-47785ee98e03,genus,926e2b7d-a160-43c2-8338-d1048ff66361,Enteridium,Protozoa,Myxomycetes,https://vvtaxatree.tbn.org.tw/taxa/5a16df0a-1107-4985-8693-47785ee98e03
5f8f57b7-b8ab-4f79-b13f-97167134ef62,genus,89ee55e4-eaa4-4ce2-8994-74024eaec13d,Hartmannia,Plantae,Spermatopsida,https://vvtaxatree.tbn.org.tw/taxa/5f8f57b7-b8ab-4f79-b13f-97167134ef62
56b32ac5-ab08-4d8a-a64c-31bb576a17de,genus,89ee55e4-eaa4-4ce2-8994-74024eaec13d,Xylopleurum,Plantae,Spermatopsida,https://vvtaxatree.tbn.org.tw/taxa/56b32ac5-ab08-4d8a-a64c-31bb576a17de
0cc0d9d8-b045-4afb-a134-a9660c4ab18c,genus,c239022d-6fb0-4108-b6ec-b5806014297f,Homoeogryllus,Animalia,Insecta,https://vvtaxatree.tbn.org.tw/taxa/0cc0d9d8-b045-4afb-a134-a9660c4ab18c
55ff384e-68b8-49f7-918b-c643ed7bf9ea,genus,e4adca9d-a71e-4d44-b26a-d7e776b5f7b3,Oecanthus,Animalia,Insecta,https://vvtaxatree.tbn.org.tw/taxa/55ff384e-68b8-49f7-918b-c643ed7bf9ea
0cc8edd2-f229-4e1b-8a47-5211576b72d6,genus,5e1cab85-41db-4b04-a41a-534e90bb91e5,Opadometa,Animalia,Arachnida,https://vvtaxatree.tbn.org.tw/taxa/0cc8edd2-f229-4e1b-8a47-5211576b72d6
5de8bd5a-3f3f-4a19-9f48-6a5bf5127ac4,genus,8f76b2bd-8697-4b7a-8f77-4a9dbc6bc8cc,Cicurina,Animalia,Arachnida,https://vvtaxatree.tbn.org.tw/taxa/5de8bd5a-3f3f-4a19-9f48-6a5bf5127ac4
8f2b9f22-1c27-4887-8723-c419100c62e6,genus,43ee70b7-a00a-412e-b3ee-580e7562e678,Neoantistea,Animalia,Arachnida,https://vvtaxatree.tbn.org.tw/taxa/8f2b9f22-1c27-4887-8723-c419100c62e6
c94faa63-e076-4cfa-8eee-a6395e31a359,genus,2c0575f6-ddc4-4226-8edc-daab12425843,Lepthyphantes,Animalia,Arachnida,https://vvtaxatree.tbn.org.tw/taxa/c94faa63-e076-4cfa-8eee-a6395e31a359
6189e6a9-c75a-4633-979b-fe451fdfbdc3,genus,b3f048e9-86ca-4b63-b803-feb47f43d735,Ero,Animalia,Arachnida,https://vvtaxatree.tbn.org.tw/taxa/6189e6a9-c75a-4633-979b-fe451fdfbdc3
4187af23-d6cc-42b1-b150-4136a5637444,genus,5e1cab85-41db-4b04-a41a-534e90bb91e5,Menosira,Animalia,Arachnida,https://vvtaxatree.tbn.org.tw/taxa/4187af23-d6cc-42b1-b150-4136a5637444
f46df285-149a-4f13-93d5-a70ada0dcc7f,genus,f6aea42e-f8a5-482b-89aa-57bab7b3b3c7,Parazygiella,Animalia,Arachnida,https://vvtaxatree.tbn.org.tw/taxa/f46df285-149a-4f13-93d5-a70ada0dcc7f
b171dc05-c8fd-4e82-b141-7f117bc01272,genus,13ef7013-3d34-47a3-a024-3fa355fc2408,Pharta,Animalia,Arachnida,https://vvtaxatree.tbn.org.tw/taxa/b171dc05-c8fd-4e82-b141-7f117bc01272
506e7ecb-4a7f-4e3e-b3a4-b2fef6399cb8,genus,2c0575f6-ddc4-4226-8edc-daab12425843,Bathyphantes,Animalia,Arachnida,https://vvtaxatree.tbn.org.tw/taxa/506e7ecb-4a7f-4e3e-b3a4-b2fef6399cb8
510c982a-d7ed-45f6-912f-516752d1856a,genus,2c0575f6-ddc4-4226-8edc-daab12425843,Neolinyphia,Animalia,Arachnida,https://vvtaxatree.tbn.org.tw/taxa/510c982a-d7ed-45f6-912f-516752d1856a
705455ce-00b6-44c2-9039-97d22a0521e8,genus,13ef7013-3d34-47a3-a024-3fa355fc2408,Borboropactus,Animalia,Arachnida,https://vvtaxatree.tbn.org.tw/taxa/705455ce-00b6-44c2-9039-97d22a0521e8
6b0ee843-5e1f-4c91-91d1-269bdb508f67,genus,13ef7013-3d34-47a3-a024-3fa355fc2408,Epidius,Animalia,Arachnida,https://vvtaxatree.tbn.org.tw/taxa/6b0ee843-5e1f-4c91-91d1-269bdb508f67
b8e781e8-5c7a-4d5b-8ae1-334aa265135c,genus,13ef7013-3d34-47a3-a024-3fa355fc2408,Strigoplus,Animalia,Arachnida,https://vvtaxatree.tbn.org.tw/taxa/b8e781e8-5c7a-4d5b-8ae1-334aa265135c
53b89abd-65fa-45fe-9843-b82e1107c808,genus,51658d7c-9356-49ad-8f6c-b02b2c0f4f67,Cyrba,Animalia,Arachnida,https://vvtaxatree.tbn.org.tw/taxa/53b89abd-65fa-45fe-9843-b82e1107c808
2d9c47ed-81d5-4613-8c46-a9f6590cc3f3,genus,51658d7c-9356-49ad-8f6c-b02b2c0f4f67,Icius,Animalia,Arachnida,https://vvtaxatree.tbn.org.tw/taxa/2d9c47ed-81d5-4613-8c46-a9f6590cc3f3
ee4f511e-e133-4be6-b226-c3e6aa97f3ec,genus,51658d7c-9356-49ad-8f6c-b02b2c0f4f67,Phaeacius,Animalia,Arachnida,https://vvtaxatree.tbn.org.tw/taxa/ee4f511e-e133-4be6-b226-c3e6aa97f3ec
64e5a6a3-8851-4e01-872a-228d109ef76b,genus,51658d7c-9356-49ad-8f6c-b02b2c0f4f67,Pseudicius,Animalia,Arachnida,https://vvtaxatree.tbn.org.tw/taxa/64e5a6a3-8851-4e01-872a-228d109ef76b
9b46e617-4d01-4ffd-9fe1-6a15711d772b,genus,51658d7c-9356-49ad-8f6c-b02b2c0f4f67,Simaetha,Animalia,Arachnida,https://vvtaxatree.tbn.org.tw/taxa/9b46e617-4d01-4ffd-9fe1-6a15711d772b
19478c82-76a4-4d3b-9264-f695df84b90d,genus,b3f048e9-86ca-4b63-b803-feb47f43d735,Euryopis,Animalia,Arachnida,https://vvtaxatree.tbn.org.tw/taxa/19478c82-76a4-4d3b-9264-f695df84b90d
6293efc7-f08e-45b4-818c-225d7ef8d470,genus,0baa7c02-e240-4cfa-a3d2-930f666a4065,Trachelas,Animalia,Arachnida,https://vvtaxatree.tbn.org.tw/taxa/6293efc7-f08e-45b4-818c-225d7ef8d470
9c51a25b-d13b-409f-8356-27f2db803ed6,genus,393c1148-f3c6-43c9-911c-a83b19f73761,Gloeocystis,Plantae,Chlorophyceae,https://vvtaxatree.tbn.org.tw/taxa/9c51a25b-d13b-409f-8356-27f2db803ed6
da790fc2-cae4-4317-91ee-8184d9905fbd,genus,23bfdb90-a8a5-44f9-af78-cacd4bd0681b,Sphaerocystis,Plantae,Chlorophyceae,https://vvtaxatree.tbn.org.tw/taxa/da790fc2-cae4-4317-91ee-8184d9905fbd
d6df1f7b-1495-4f43-88a3-17b884ea3db4,genus,8315ece0-df0c-4802-be0b-f5d93a76baa3,Stigeoclonium,Plantae,Chlorophyceae,https://vvtaxatree.tbn.org.tw/taxa/d6df1f7b-1495-4f43-88a3-17b884ea3db4
27017bcf-5ad7-44bd-9846-78ea8d6811a2,genus,d69051d7-3627-4f71-8305-c9b537b5f4a1,Planctonema,Plantae,Ulvophyceae,https://vvtaxatree.tbn.org.tw/taxa/27017bcf-5ad7-44bd-9846-78ea8d6811a2
9815ddbf-17ff-4ec7-8583-8b1ebecd4e7a,genus,b5c53bc4-0e24-44a0-9c02-9f34a050960a,Eudorina,Plantae,Chlorophyceae,https://vvtaxatree.tbn.org.tw/taxa/9815ddbf-17ff-4ec7-8583-8b1ebecd4e7a
bca6c397-2e6c-4476-8c67-c58ae0b3035e,genus,3783aa3a-fb32-4665-8ce6-fe30faa580bf,Staurastrum,Plantae,Zygnematophyceae,https://vvtaxatree.tbn.org.tw/taxa/bca6c397-2e6c-4476-8c67-c58ae0b3035e
85f9e4ab-6ac8-492a-8955-5dd86e65e313,genus,d69051d7-3627-4f71-8305-c9b537b5f4a1,Ulothrix,Plantae,Ulvophyceae,https://vvtaxatree.tbn.org.tw/taxa/85f9e4ab-6ac8-492a-8955-5dd86e65e313
93d6b8ff-4a9f-42bf-b6fb-b435599078ab,superdomain,"",Viruses,"","",https://vvtaxatree.tbn.org.tw/taxa/93d6b8ff-4a9f-42bf-b6fb-b435599078ab
c0ffa93d-32b2-44f7-bb08-99bd843ebcf5,superdomain,"",Viroids,"","",https://vvtaxatree.tbn.org.tw/taxa/c0ffa93d-32b2-44f7-bb08-99bd843ebcf5
68386e0c-b4f4-4055-bc3d-55fb8783909f,family,92129ce1-6357-476d-8939-b73c4952d800,Bryobartramiaceae,Plantae,Bryopsida,https://vvtaxatree.tbn.org.tw/taxa/68386e0c-b4f4-4055-bc3d-55fb8783909f
7b224607-4b6c-492c-9c4a-74d494f2418e,family,fd20e038-ad2d-4d75-901f-a5c97cb99b45,Sphaerocarpaceae,Plantae,Marchantiopsida,https://vvtaxatree.tbn.org.tw/taxa/7b224607-4b6c-492c-9c4a-74d494f2418e
fb20c4c6-ba76-4374-bc34-bfc9b58fa66d,family,fd20e038-ad2d-4d75-901f-a5c97cb99b45,Riellaceae,Plantae,Marchantiopsida,https://vvtaxatree.tbn.org.tw/taxa/fb20c4c6-ba76-4374-bc34-bfc9b58fa66d
de6e301b-9e28-498f-9fe4-cc0534cd5228,family,fd20e038-ad2d-4d75-901f-a5c97cb99b45,Monocarpaceae,Plantae,Marchantiopsida,https://vvtaxatree.tbn.org.tw/taxa/de6e301b-9e28-498f-9fe4-cc0534cd5228
80a4874e-685b-4fec-861d-e01fb2eee7b8,family,5361f0b8-c800-42f5-a8b3-864581f63c99,Neohodgsoniaceae,Plantae,Marchantiopsida,https://vvtaxatree.tbn.org.tw/taxa/80a4874e-685b-4fec-861d-e01fb2eee7b8
c753a948-cce3-4827-842a-9365c40f40e4,family,f08d50b9-1cb3-4cb6-b77f-4dedfddb2156,Corsiniaceae,Plantae,Marchantiopsida,https://vvtaxatree.tbn.org.tw/taxa/c753a948-cce3-4827-842a-9365c40f40e4
c1ce50a2-a4ad-4ffd-8cee-7672faaabc00,family,f08d50b9-1cb3-4cb6-b77f-4dedfddb2156,Monocleaceae,Plantae,Marchantiopsida,https://vvtaxatree.tbn.org.tw/taxa/c1ce50a2-a4ad-4ffd-8cee-7672faaabc00
c46538f7-fbde-46c8-9220-9408e09f9e17,family,f08d50b9-1cb3-4cb6-b77f-4dedfddb2156,Oxymitraceae,Plantae,Marchantiopsida,https://vvtaxatree.tbn.org.tw/taxa/c46538f7-fbde-46c8-9220-9408e09f9e17
7d14a421-caed-48cc-9f52-a73df97fa466,family,03781058-5ed3-4d88-9d32-57d10146c45a,Noterocladaceae,Plantae,Jungermanniopsida,https://vvtaxatree.tbn.org.tw/taxa/7d14a421-caed-48cc-9f52-a73df97fa466
f5986b9b-c478-4d49-860b-a5d57c43e44d,family,5451352b-f855-48ad-82a0-f988c84abf3b,Petalophyllaceae,Plantae,Jungermanniopsida,https://vvtaxatree.tbn.org.tw/taxa/f5986b9b-c478-4d49-860b-a5d57c43e44d
24e1f85d-47b3-474a-935e-e31f1ca7b46a,family,5451352b-f855-48ad-82a0-f988c84abf3b,Allisoniaceae,Plantae,Jungermanniopsida,https://vvtaxatree.tbn.org.tw/taxa/24e1f85d-47b3-474a-935e-e31f1ca7b46a
5c269236-b777-4165-ab39-822e77151fbf,family,da959d59-0e8f-4034-a292-e32e020774b2,Sandeothallaceae,Plantae,Jungermanniopsida,https://vvtaxatree.tbn.org.tw/taxa/5c269236-b777-4165-ab39-822e77151fbf
c935f13d-626e-4864-a503-ac6d848d11fa,family,da959d59-0e8f-4034-a292-e32e020774b2,Moerckiaceae,Plantae,Jungermanniopsida,https://vvtaxatree.tbn.org.tw/taxa/c935f13d-626e-4864-a503-ac6d848d11fa
23f1ed1a-f6a9-4d4b-a1c3-e747a8a4b3ae,family,da959d59-0e8f-4034-a292-e32e020774b2,Hymenophytaceae,Plantae,Jungermanniopsida,https://vvtaxatree.tbn.org.tw/taxa/23f1ed1a-f6a9-4d4b-a1c3-e747a8a4b3ae
1dc79fbf-4d6f-4703-99b3-1759ecb366e6,family,da959d59-0e8f-4034-a292-e32e020774b2,Phyllothalliaceae,Plantae,Jungermanniopsida,https://vvtaxatree.tbn.org.tw/taxa/1dc79fbf-4d6f-4703-99b3-1759ecb366e6
ec72c4b6-c434-471b-88b4-db87b49e8bea,family,bba883ae-ac4c-417d-a475-a0e4501a53f2,Lepidolaenaceae,Plantae,Jungermanniopsida,https://vvtaxatree.tbn.org.tw/taxa/ec72c4b6-c434-471b-88b4-db87b49e8bea
b5616ddf-0e6c-4ea9-b24b-87fa43697b81,family,bba883ae-ac4c-417d-a475-a0e4501a53f2,Goebeliellaceae,Plantae,Jungermanniopsida,https://vvtaxatree.tbn.org.tw/taxa/b5616ddf-0e6c-4ea9-b24b-87fa43697b81
3c134a6d-2e7a-4863-8932-03a82024d5ef,family,f4b3b2a6-91f1-4d5c-9455-642783de7b02,Ptilidiaceae,Plantae,Jungermanniopsida,https://vvtaxatree.tbn.org.tw/taxa/3c134a6d-2e7a-4863-8932-03a82024d5ef
bc55c08a-c48e-43d1-b37c-7504e156fbb9,family,f4b3b2a6-91f1-4d5c-9455-642783de7b02,Herzogianthaceae,Plantae,Jungermanniopsida,https://vvtaxatree.tbn.org.tw/taxa/bc55c08a-c48e-43d1-b37c-7504e156fbb9
9f22f31d-9891-4b8f-be7c-cc0328f8a183,family,1724ea23-3f5c-471f-83d8-266e6df712f8,Balantiopsidaceae,Plantae,Jungermanniopsida,https://vvtaxatree.tbn.org.tw/taxa/9f22f31d-9891-4b8f-be7c-cc0328f8a183
e692d5bd-86bd-4a5e-9901-917f0a697e78,family,1724ea23-3f5c-471f-83d8-266e6df712f8,Geocalycaceae,Plantae,Jungermanniopsida,https://vvtaxatree.tbn.org.tw/taxa/e692d5bd-86bd-4a5e-9901-917f0a697e78
7afaf034-5cc7-4aaf-865e-7455dff54eab,family,1724ea23-3f5c-471f-83d8-266e6df712f8,Grolleaceae,Plantae,Jungermanniopsida,https://vvtaxatree.tbn.org.tw/taxa/7afaf034-5cc7-4aaf-865e-7455dff54eab
e7fa2f52-967e-43c9-bc63-f33155ce6ac4,family,1724ea23-3f5c-471f-83d8-266e6df712f8,Brevianthaceae,Plantae,Jungermanniopsida,https://vvtaxatree.tbn.org.tw/taxa/e7fa2f52-967e-43c9-bc63-f33155ce6ac4
c8d4c184-1d12-4838-a5b2-03dd8ef9ff06,family,1724ea23-3f5c-471f-83d8-266e6df712f8,Trichotemnomataceae,Plantae,Jungermanniopsida,https://vvtaxatree.tbn.org.tw/taxa/c8d4c184-1d12-4838-a5b2-03dd8ef9ff06
293bd4c3-2ac0-489c-af06-14cd10a817de,family,1724ea23-3f5c-471f-83d8-266e6df712f8,Blepharidophyllaceae,Plantae,Jungermanniopsida,https://vvtaxatree.tbn.org.tw/taxa/293bd4c3-2ac0-489c-af06-14cd10a817de
b1c64d27-61be-46bf-be11-5f2e7a459ae4,family,1724ea23-3f5c-471f-83d8-266e6df712f8,Arnelliaceae,Plantae,Jungermanniopsida,https://vvtaxatree.tbn.org.tw/taxa/b1c64d27-61be-46bf-be11-5f2e7a459ae4
a2f3f812-38b3-417a-9d4d-e24ec5ab638a,family,1724ea23-3f5c-471f-83d8-266e6df712f8,Solenostomataceae,Plantae,Jungermanniopsida,https://vvtaxatree.tbn.org.tw/taxa/a2f3f812-38b3-417a-9d4d-e24ec5ab638a
4a1b7e29-e610-4d2c-9f0f-dc647fa15518,family,1724ea23-3f5c-471f-83d8-266e6df712f8,Gyrothyraceae,Plantae,Jungermanniopsida,https://vvtaxatree.tbn.org.tw/taxa/4a1b7e29-e610-4d2c-9f0f-dc647fa15518
960261cc-1ef6-4ecf-a6ee-594730c56082,family,1724ea23-3f5c-471f-83d8-266e6df712f8,Antheliaceae,Plantae,Jungermanniopsida,https://vvtaxatree.tbn.org.tw/taxa/960261cc-1ef6-4ecf-a6ee-594730c56082
fa870835-7473-41e6-b761-6fb6efe6e021,family,2f7e4a05-9761-4e18-9081-06ed46608407,Disceliaceae,Plantae,Bryopsida,https://vvtaxatree.tbn.org.tw/taxa/fa870835-7473-41e6-b761-6fb6efe6e021
9375faad-1fe3-4c2a-acd6-397411686ac9,family,603a4bff-ab5c-4c21-9dba-a0d40bfa6860,Catoscopiaceae,Plantae,Bryopsida,https://vvtaxatree.tbn.org.tw/taxa/9375faad-1fe3-4c2a-acd6-397411686ac9
704b8a37-be26-44ef-affb-fe831a7852df,family,40f45786-910c-4e46-96c5-b6c0f7e380d0,Hedwigiaceae,Plantae,Bryopsida,https://vvtaxatree.tbn.org.tw/taxa/704b8a37-be26-44ef-affb-fe831a7852df
988297e5-8d9b-4604-ab00-d2fb8ba822bb,family,40f45786-910c-4e46-96c5-b6c0f7e380d0,Helicophyllaceae,Plantae,Bryopsida,https://vvtaxatree.tbn.org.tw/taxa/988297e5-8d9b-4604-ab00-d2fb8ba822bb
135fa74d-afe5-4f14-8ccc-cd75104b2fa4,family,40f45786-910c-4e46-96c5-b6c0f7e380d0,Rhacocarpaceae,Plantae,Bryopsida,https://vvtaxatree.tbn.org.tw/taxa/135fa74d-afe5-4f14-8ccc-cd75104b2fa4
8fe28593-ae62-4453-ba87-78a7ff533ace,family,117cbc1f-3b08-4746-bbf1-12bbceb62b85,Splachnaceae,Plantae,Bryopsida,https://vvtaxatree.tbn.org.tw/taxa/8fe28593-ae62-4453-ba87-78a7ff533ace
3d728187-9fe4-4b10-984f-421ae55f6361,family,117cbc1f-3b08-4746-bbf1-12bbceb62b85,Meesiaceae,Plantae,Bryopsida,https://vvtaxatree.tbn.org.tw/taxa/3d728187-9fe4-4b10-984f-421ae55f6361
8af2e3c1-e39a-4ee0-8f3b-b38bcb1fcb18,family,4bc4e701-3ac9-4c3c-8ef5-fa8ebed23465,Orthodontiaceae,Plantae,Bryopsida,https://vvtaxatree.tbn.org.tw/taxa/8af2e3c1-e39a-4ee0-8f3b-b38bcb1fcb18
425d207d-b885-4fdf-a6d6-4d36b642111d,family,17ee2e9b-bf85-4bec-9a73-6b182c713cce,Calomniaceae,Plantae,Bryopsida,https://vvtaxatree.tbn.org.tw/taxa/425d207d-b885-4fdf-a6d6-4d36b642111d
391623f1-83cc-47fc-9f93-8d7501963a53,family,17ee2e9b-bf85-4bec-9a73-6b182c713cce,Mitteniaceae,Plantae,Bryopsida,https://vvtaxatree.tbn.org.tw/taxa/391623f1-83cc-47fc-9f93-8d7501963a53
0a74d7f2-4349-4727-b6d2-6af78b00fc23,family,c0b0b344-b7b1-4117-afcf-3855e9aba4e6,Aulacomniaceae,Plantae,Bryopsida,https://vvtaxatree.tbn.org.tw/taxa/0a74d7f2-4349-4727-b6d2-6af78b00fc23
066deb55-9476-4ade-8f9f-92e9078f763b,family,faf629ad-ad03-4da7-8302-5d2d6232a76d,Braithwaiteaceae,Plantae,Bryopsida,https://vvtaxatree.tbn.org.tw/taxa/066deb55-9476-4ade-8f9f-92e9078f763b
1b6e3e31-240a-4a73-a722-27674c01acc0,family,faf629ad-ad03-4da7-8302-5d2d6232a76d,Pterobryellaceae,Plantae,Bryopsida,https://vvtaxatree.tbn.org.tw/taxa/1b6e3e31-240a-4a73-a722-27674c01acc0
cac01e1b-2395-4d8b-adb9-d911ec0cddda,family,7634c509-3d71-414f-b072-79e8ba2ca7a0,Ptychomniaceae,Plantae,Bryopsida,https://vvtaxatree.tbn.org.tw/taxa/cac01e1b-2395-4d8b-adb9-d911ec0cddda
68b6d0c3-92e0-492e-ac04-a6a2f3a2bfe4,family,7634c509-3d71-414f-b072-79e8ba2ca7a0,Garovagliaceae,Plantae,Bryopsida,https://vvtaxatree.tbn.org.tw/taxa/68b6d0c3-92e0-492e-ac04-a6a2f3a2bfe4
94f7207e-091e-4140-9846-663c401bf43a,family,26ae47bb-ab2b-4896-b8d3-503ac7aa3f54,Leucomiaceae,Plantae,Bryopsida,https://vvtaxatree.tbn.org.tw/taxa/94f7207e-091e-4140-9846-663c401bf43a
bbd57fe6-07b0-4904-abee-3063fbb80d7b,family,26ae47bb-ab2b-4896-b8d3-503ac7aa3f54,Saulomataceae,Plantae,Bryopsida,https://vvtaxatree.tbn.org.tw/taxa/bbd57fe6-07b0-4904-abee-3063fbb80d7b
469957bf-f339-45ce-8e13-7920c1792d75,family,26ae47bb-ab2b-4896-b8d3-503ac7aa3f54,Schimperobryaceae,Plantae,Bryopsida,https://vvtaxatree.tbn.org.tw/taxa/469957bf-f339-45ce-8e13-7920c1792d75
14e21f76-94b6-4abe-bb72-aa0e7f10860b,family,8026fd96-17df-40ef-b67a-583fa2d2245a,Anomodontaceae,Plantae,Bryopsida,https://vvtaxatree.tbn.org.tw/taxa/14e21f76-94b6-4abe-bb72-aa0e7f10860b
3c30124a-200e-45bf-b21d-fc92bc11f4ae,family,8026fd96-17df-40ef-b67a-583fa2d2245a,Calliergonaceae,Plantae,Bryopsida,https://vvtaxatree.tbn.org.tw/taxa/3c30124a-200e-45bf-b21d-fc92bc11f4ae
1d4ed272-85b4-48cb-9a19-344af4cb232e,family,8026fd96-17df-40ef-b67a-583fa2d2245a,Campyliaceae,Plantae,Bryopsida,https://vvtaxatree.tbn.org.tw/taxa/1d4ed272-85b4-48cb-9a19-344af4cb232e
c5da6c41-aa26-4cd7-be4e-568d53840e55,family,8026fd96-17df-40ef-b67a-583fa2d2245a,Cryphaeaceae,Plantae,Bryopsida,https://vvtaxatree.tbn.org.tw/taxa/c5da6c41-aa26-4cd7-be4e-568d53840e55
d560a158-1d0b-4952-88b2-ce6feef08cc5,family,8026fd96-17df-40ef-b67a-583fa2d2245a,Pylaisiadelphaceae,Plantae,Bryopsida,https://vvtaxatree.tbn.org.tw/taxa/d560a158-1d0b-4952-88b2-ce6feef08cc5
a04c2da5-5d41-4934-83cb-0d9f64c2c707,family,8026fd96-17df-40ef-b67a-583fa2d2245a,Trachylomataceae,Plantae,Bryopsida,https://vvtaxatree.tbn.org.tw/taxa/a04c2da5-5d41-4934-83cb-0d9f64c2c707
55ae1d07-3ce3-4826-9e29-da8d1af99c9a,family,33d39113-2582-46fe-9e2d-e9fcea8bbd50,Leiosporocerotaceae,Plantae,Leiosporocerotopsida,https://vvtaxatree.tbn.org.tw/taxa/55ae1d07-3ce3-4826-9e29-da8d1af99c9a
038ac86c-2630-4dd1-8a29-0d9b7087fd05,family,509d9fe0-79de-4ac7-a84a-a74d82110eb6,Phymatocerotaceae,Plantae,Anthocerotopsida,https://vvtaxatree.tbn.org.tw/taxa/038ac86c-2630-4dd1-8a29-0d9b7087fd05
3061d3a0-5053-4395-97c5-e0b13b5fdf10,genus,54451306-ecc6-45fe-a912-e770daa1275c,Flatbergium,Plantae,Sphagnopsida,https://vvtaxatree.tbn.org.tw/taxa/3061d3a0-5053-4395-97c5-e0b13b5fdf10
b7820f52-1ded-469a-991b-d5d4feba5b3c,genus,387a5e38-27ed-446f-848b-8fbbbf9e78a0,Ambuchanania,Plantae,Sphagnopsida,https://vvtaxatree.tbn.org.tw/taxa/b7820f52-1ded-469a-991b-d5d4feba5b3c
900340a5-ee09-4a1c-8d4a-9afae691f914,genus,387a5e38-27ed-446f-848b-8fbbbf9e78a0,Eosphagnum,Plantae,Sphagnopsida,https://vvtaxatree.tbn.org.tw/taxa/900340a5-ee09-4a1c-8d4a-9afae691f914
ff661809-b69c-45d7-9d5a-42fe85a6716b,genus,2ff884d2-eaa5-4777-9df6-0f34fbc2b0bf,Acroschisma,Plantae,Andreaeopsida,https://vvtaxatree.tbn.org.tw/taxa/ff661809-b69c-45d7-9d5a-42fe85a6716b
dcaaea07-27c6-4e0b-9749-db2919e0c47c,genus,19588b4c-a4d2-493d-bbed-223a739870f5,Bruchia,Plantae,Bryopsida,https://vvtaxatree.tbn.org.tw/taxa/dcaaea07-27c6-4e0b-9749-db2919e0c47c
8e115a10-4d72-46c1-9351-33ef033c515c,genus,7bb52968-b510-457c-bf0d-f1c72c6e975d,Eustichia,Plantae,Bryopsida,https://vvtaxatree.tbn.org.tw/taxa/8e115a10-4d72-46c1-9351-33ef033c515c
28a534fa-d004-4e6a-90a8-df6104f3149b,genus,a00164d8-e6d3-4b3f-96aa-1285ca0d4bb8,Rhachithecium,Plantae,Bryopsida,https://vvtaxatree.tbn.org.tw/taxa/28a534fa-d004-4e6a-90a8-df6104f3149b
9e0caf25-5d5f-453f-9499-05a76ac69387,genus,501fc42a-4ec3-4613-b8f6-e7dd35349ccd,Schistostega,Plantae,Bryopsida,https://vvtaxatree.tbn.org.tw/taxa/9e0caf25-5d5f-453f-9499-05a76ac69387
8cf4d8e1-3320-4dd4-a9a6-9c0a4645904a,genus,19567e5f-cf02-4e41-8209-9dc640709aaa,Viridivellus,Plantae,Bryopsida,https://vvtaxatree.tbn.org.tw/taxa/8cf4d8e1-3320-4dd4-a9a6-9c0a4645904a
d71c8c00-2443-43a0-a849-7cdd22539914,genus,2ff68389-3c68-43f3-9ab7-0796975815dd,Giraldiella,Plantae,Bryopsida,https://vvtaxatree.tbn.org.tw/taxa/d71c8c00-2443-43a0-a849-7cdd22539914
e40ecf80-180e-419d-9c56-1bef5354b547,genus,bdf84989-ea22-43d3-97a0-217200e48695,Canalohypopterygium,Plantae,Bryopsida,https://vvtaxatree.tbn.org.tw/taxa/e40ecf80-180e-419d-9c56-1bef5354b547
1bc8daed-2a4a-40d4-aa2f-a82bc4ceb8b0,genus,bdf84989-ea22-43d3-97a0-217200e48695,Dendrohypopterygium,Plantae,Bryopsida,https://vvtaxatree.tbn.org.tw/taxa/1bc8daed-2a4a-40d4-aa2f-a82bc4ceb8b0
93dc8c43-3919-430d-ab5b-44c7386d340f,genus,bdf84989-ea22-43d3-97a0-217200e48695,Cyathophorum,Plantae,Bryopsida,https://vvtaxatree.tbn.org.tw/taxa/93dc8c43-3919-430d-ab5b-44c7386d340f
f95a87cf-99e8-4564-bcbc-2be5b6dd6ba6,genus,bdf84989-ea22-43d3-97a0-217200e48695,Dendrocyathophorum,Plantae,Bryopsida,https://vvtaxatree.tbn.org.tw/taxa/f95a87cf-99e8-4564-bcbc-2be5b6dd6ba6
6a282205-1be8-43b0-85f1-81c105fd4004,genus,bdf84989-ea22-43d3-97a0-217200e48695,Catharomnion,Plantae,Bryopsida,https://vvtaxatree.tbn.org.tw/taxa/6a282205-1be8-43b0-85f1-81c105fd4004
7477cc23-d2a2-47d1-a150-18a623bd63d8,genus,5a0d4e78-a934-4c81-bf17-cd2bfbad62b3,Andreaeobryum,Plantae,Andreaeobryopsida,https://vvtaxatree.tbn.org.tw/taxa/7477cc23-d2a2-47d1-a150-18a623bd63d8
c2538ef7-543f-44fd-9598-3789ab0b2776,genus,b6455d93-d458-4e9d-8fca-28910bd3786a,Oedipodium,Plantae,Oedipodiopsida,https://vvtaxatree.tbn.org.tw/taxa/c2538ef7-543f-44fd-9598-3789ab0b2776
9abd63b3-1d41-4ae1-9add-587336dcdb51,genus,82d47537-130e-4f5e-b935-651b48299234,Gigaspermum,Plantae,Bryopsida,https://vvtaxatree.tbn.org.tw/taxa/9abd63b3-1d41-4ae1-9add-587336dcdb51
15dcc69a-904c-4cd0-8021-31427dde1772,genus,82d47537-130e-4f5e-b935-651b48299234,Chamaebryum,Plantae,Bryopsida,https://vvtaxatree.tbn.org.tw/taxa/15dcc69a-904c-4cd0-8021-31427dde1772
7cfbeb33-bdcb-401a-96a5-3309602958db,genus,82d47537-130e-4f5e-b935-651b48299234,Lorentziella,Plantae,Bryopsida,https://vvtaxatree.tbn.org.tw/taxa/7cfbeb33-bdcb-401a-96a5-3309602958db
52cb6525-82ad-4972-ba3c-0eb3c2baab72,genus,82d47537-130e-4f5e-b935-651b48299234,Oedipodiella,Plantae,Bryopsida,https://vvtaxatree.tbn.org.tw/taxa/52cb6525-82ad-4972-ba3c-0eb3c2baab72
512a1cc0-e759-489b-9c77-9775294b8780,genus,82d47537-130e-4f5e-b935-651b48299234,Costesia,Plantae,Bryopsida,https://vvtaxatree.tbn.org.tw/taxa/512a1cc0-e759-489b-9c77-9775294b8780
3e10a1f3-dc24-4598-b7e8-87aa92bbb92e,genus,a9a4aa5f-2a3c-42ac-8d4a-a17520ac5f1f,Timmia,Plantae,Bryopsida,https://vvtaxatree.tbn.org.tw/taxa/3e10a1f3-dc24-4598-b7e8-87aa92bbb92e
f33919a1-ae28-4d1f-ab82-5fadbbe6cf20,genus,44a651d2-83e2-4e29-a84e-e3928a74c9ab,Erpodium,Plantae,Bryopsida,https://vvtaxatree.tbn.org.tw/taxa/f33919a1-ae28-4d1f-ab82-5fadbbe6cf20
08aa3662-5db0-4fe9-9426-be040f9e9e28,genus,3d5b1529-a73c-45c2-a313-a4a923ce8d27,Treubia,Plantae,Treubiopsida,https://vvtaxatree.tbn.org.tw/taxa/08aa3662-5db0-4fe9-9426-be040f9e9e28
1c7445ca-7ede-45db-a5dc-7470bcc4c5f7,genus,374104ef-c200-4d31-a4a3-5042878ae650,Tetraphis,Plantae,Tetraphidopsida,https://vvtaxatree.tbn.org.tw/taxa/1c7445ca-7ede-45db-a5dc-7470bcc4c5f7
6a92b4a6-11fe-41ed-be9e-bf29041ca655,genus,374104ef-c200-4d31-a4a3-5042878ae650,Tetrodontium,Plantae,Tetraphidopsida,https://vvtaxatree.tbn.org.tw/taxa/6a92b4a6-11fe-41ed-be9e-bf29041ca655
b19ed36b-6ed5-4829-bc44-2118ae130fcc,genus,08190f89-95a4-490d-bc49-00ae2f1e1859,Buxbaumia,Plantae,Bryopsida,https://vvtaxatree.tbn.org.tw/taxa/b19ed36b-6ed5-4829-bc44-2118ae130fcc
3bbef1a3-d248-4db6-a2d8-aa0efc4e3422,genus,0f3220ff-923d-4e52-a3b6-956c80ead766,Funaria,Plantae,Bryopsida,https://vvtaxatree.tbn.org.tw/taxa/3bbef1a3-d248-4db6-a2d8-aa0efc4e3422
410cea60-fc60-41aa-b049-ec8992ab8740,genus,0f3220ff-923d-4e52-a3b6-956c80ead766,Entosthodon,Plantae,Bryopsida,https://vvtaxatree.tbn.org.tw/taxa/410cea60-fc60-41aa-b049-ec8992ab8740
212227b1-e7af-4760-a455-95f0751e6d69,genus,b7085b58-99ab-4c01-a921-1401eff7ea7c,Campylopodium,Plantae,Bryopsida,https://vvtaxatree.tbn.org.tw/taxa/212227b1-e7af-4760-a455-95f0751e6d69
6bf20875-7122-4bc9-a560-7c48cdd89c0e,genus,b7085b58-99ab-4c01-a921-1401eff7ea7c,Holomitrium,Plantae,Bryopsida,https://vvtaxatree.tbn.org.tw/taxa/6bf20875-7122-4bc9-a560-7c48cdd89c0e
293d074d-8a40-43aa-bfde-647b3dfda744,genus,b7085b58-99ab-4c01-a921-1401eff7ea7c,Microcampylopus,Plantae,Bryopsida,https://vvtaxatree.tbn.org.tw/taxa/293d074d-8a40-43aa-bfde-647b3dfda744
31da6393-5f35-4bb8-ac18-0471e8d3ba92,genus,b7085b58-99ab-4c01-a921-1401eff7ea7c,Oreoweisia,Plantae,Bryopsida,https://vvtaxatree.tbn.org.tw/taxa/31da6393-5f35-4bb8-ac18-0471e8d3ba92
3d600a98-1dce-42d5-898c-490e99bbc3f9,genus,9a1ba2f5-d063-41a0-9d9f-b07a72bcdf7b,Exostratum,Plantae,Bryopsida,https://vvtaxatree.tbn.org.tw/taxa/3d600a98-1dce-42d5-898c-490e99bbc3f9
2d21d0c6-aca9-4c52-a84e-c0633837aec5,genus,8dae42a3-d9ce-44e9-a98c-2d618b4c592e,Distichium,Plantae,Bryopsida,https://vvtaxatree.tbn.org.tw/taxa/2d21d0c6-aca9-4c52-a84e-c0633837aec5
7e0b16ab-950e-46d1-aa66-5ab9763f300b,genus,8dae42a3-d9ce-44e9-a98c-2d618b4c592e,Pleuridium,Plantae,Bryopsida,https://vvtaxatree.tbn.org.tw/taxa/7e0b16ab-950e-46d1-aa66-5ab9763f300b
45231fb2-cfc0-4b66-ac3e-560530143415,genus,8dae42a3-d9ce-44e9-a98c-2d618b4c592e,Wilsoniella,Plantae,Bryopsida,https://vvtaxatree.tbn.org.tw/taxa/45231fb2-cfc0-4b66-ac3e-560530143415
f538984a-08ad-457b-aed3-d9b4fa670cea,genus,53e0a27a-1a1e-48ce-9194-e2b67e060862,Brothera,Plantae,Bryopsida,https://vvtaxatree.tbn.org.tw/taxa/f538984a-08ad-457b-aed3-d9b4fa670cea
3307c205-0573-47ce-a267-7d54daf63220,genus,b380d129-4950-4e77-aaa5-6b2008ba58cf,Rhabdoweisia,Plantae,Bryopsida,https://vvtaxatree.tbn.org.tw/taxa/3307c205-0573-47ce-a267-7d54daf63220
cedf83a6-5678-427e-ae4d-4ec14b0a9773,genus,b380d129-4950-4e77-aaa5-6b2008ba58cf,Cynodontium,Plantae,Bryopsida,https://vvtaxatree.tbn.org.tw/taxa/cedf83a6-5678-427e-ae4d-4ec14b0a9773
e69265aa-10c2-4781-8062-dedd64240556,genus,b380d129-4950-4e77-aaa5-6b2008ba58cf,Dichodontium,Plantae,Bryopsida,https://vvtaxatree.tbn.org.tw/taxa/e69265aa-10c2-4781-8062-dedd64240556
ed356d94-2a8b-4bfc-b90b-2ad5174ae377,genus,b380d129-4950-4e77-aaa5-6b2008ba58cf,Symblepharis,Plantae,Bryopsida,https://vvtaxatree.tbn.org.tw/taxa/ed356d94-2a8b-4bfc-b90b-2ad5174ae377
71653a6c-f51c-4d6a-afe5-84ec4bc666af,genus,64652cf8-0ebc-4d3a-ae47-74b7067b92f8,Astomum,Plantae,Bryopsida,https://vvtaxatree.tbn.org.tw/taxa/71653a6c-f51c-4d6a-afe5-84ec4bc666af
01808530-0cc4-4439-9bfb-686184e0a8c4,genus,155bfca5-1669-4c65-9016-c15a3bc4affd,Ephemerum,Plantae,Bryopsida,https://vvtaxatree.tbn.org.tw/taxa/01808530-0cc4-4439-9bfb-686184e0a8c4
b6e46287-eb58-4d90-8ab1-c5f6ab7b8383,genus,31a699f3-3420-4086-8fef-520d398ad2e8,Splachnobryum,Plantae,Bryopsida,https://vvtaxatree.tbn.org.tw/taxa/b6e46287-eb58-4d90-8ab1-c5f6ab7b8383
d942a425-6ee8-4234-beb6-1d38ceda105c,genus,e16b0411-012a-4f52-8d26-8cfa8e9588df,Anacolia,Plantae,Bryopsida,https://vvtaxatree.tbn.org.tw/taxa/d942a425-6ee8-4234-beb6-1d38ceda105c
19b2313c-f1b7-46f8-8581-5644b03af97e,genus,20996a87-f585-4c80-b3b0-02578451c1b5,Leptobryum,Plantae,Bryopsida,https://vvtaxatree.tbn.org.tw/taxa/19b2313c-f1b7-46f8-8581-5644b03af97e
1fded2f1-4926-49b1-99b7-7671759973f5,genus,20996a87-f585-4c80-b3b0-02578451c1b5,Mielichhoferia,Plantae,Bryopsida,https://vvtaxatree.tbn.org.tw/taxa/1fded2f1-4926-49b1-99b7-7671759973f5
cf0abd30-6e4d-431f-8dbe-61b6c20d24ea,genus,20996a87-f585-4c80-b3b0-02578451c1b5,Orthodontium,Plantae,Bryopsida,https://vvtaxatree.tbn.org.tw/taxa/cf0abd30-6e4d-431f-8dbe-61b6c20d24ea
e4c1ab8c-ab7f-4cae-a8cb-d703923dd14b,genus,53d9e23c-17df-4a46-b851-12d5f5ce2943,Orthomnion,Plantae,Bryopsida,https://vvtaxatree.tbn.org.tw/taxa/e4c1ab8c-ab7f-4cae-a8cb-d703923dd14b
32a2ef56-e7a0-4c7d-a12a-5930846af20f,genus,f260c318-78f0-4a74-9d17-62256c8ba4c5,Zygodon,Plantae,Bryopsida,https://vvtaxatree.tbn.org.tw/taxa/32a2ef56-e7a0-4c7d-a12a-5930846af20f
7b2abb24-b263-4525-bb52-7be24f62e226,genus,f260c318-78f0-4a74-9d17-62256c8ba4c5,Orthotrichum,Plantae,Bryopsida,https://vvtaxatree.tbn.org.tw/taxa/7b2abb24-b263-4525-bb52-7be24f62e226
1b565fbb-6421-4de1-b510-b8df7eb6588c,genus,da3cd02a-fd28-4442-99f2-d793c6dd5515,Chaetomitrium,Plantae,Bryopsida,https://vvtaxatree.tbn.org.tw/taxa/1b565fbb-6421-4de1-b510-b8df7eb6588c
b3d7ed23-7df5-4e59-9d7d-bb948047232e,genus,462ad8fb-5cb3-4ebc-84c3-4ab26c81c57b,Amblystegium,Plantae,Bryopsida,https://vvtaxatree.tbn.org.tw/taxa/b3d7ed23-7df5-4e59-9d7d-bb948047232e
63d3feaf-8264-444c-ae84-374d28918ced,genus,1928e8be-10ab-413f-8084-bfd4eaf1d218,Oxyrrhynchium,Plantae,Bryopsida,https://vvtaxatree.tbn.org.tw/taxa/63d3feaf-8264-444c-ae84-374d28918ced
ed8af0cc-88e4-4066-99fa-48fca5c2a0f3,genus,d1147976-5010-4f07-bcdb-e41e166abe2e,Meteorium,Plantae,Bryopsida,https://vvtaxatree.tbn.org.tw/taxa/ed8af0cc-88e4-4066-99fa-48fca5c2a0f3
21476cab-ed4d-4b41-a446-8805a7b04b63,genus,958987b8-c59e-4400-a6c9-41f65e885ff1,Pterobryopsis,Plantae,Bryopsida,https://vvtaxatree.tbn.org.tw/taxa/21476cab-ed4d-4b41-a446-8805a7b04b63
7df4fe3b-bebb-487a-81bb-6fbd4831155f,genus,d2ae769a-4108-4de0-b466-22303fadcfcb,Neacroporium,Plantae,Bryopsida,https://vvtaxatree.tbn.org.tw/taxa/7df4fe3b-bebb-487a-81bb-6fbd4831155f
1eb8ceae-a575-4fe8-a39c-e0f65f8d52f2,genus,d2ae769a-4108-4de0-b466-22303fadcfcb,Clastobryopsis,Plantae,Bryopsida,https://vvtaxatree.tbn.org.tw/taxa/1eb8ceae-a575-4fe8-a39c-e0f65f8d52f2
8c9b156a-d226-4862-aac1-9fb098b584d8,genus,2f435cb8-6d4a-4b7b-a019-17240e6806ec,Anomodon,Plantae,Bryopsida,https://vvtaxatree.tbn.org.tw/taxa/8c9b156a-d226-4862-aac1-9fb098b584d8
2f1bdb53-4594-4702-94fc-1a52de03c116,family,17ee2e9b-bf85-4bec-9a73-6b182c713cce,Cyrtopodaceae,Plantae,Bryopsida,https://vvtaxatree.tbn.org.tw/taxa/2f1bdb53-4594-4702-94fc-1a52de03c116
700c0ede-5999-4580-8510-d3f4fa766889,family,b7960a46-42f9-4458-8cf2-a99935ac358c,Tetraliidae,Animalia,Malacostraca,https://vvtaxatree.tbn.org.tw/taxa/700c0ede-5999-4580-8510-d3f4fa766889
519d85af-2b30-4cf4-ab6c-929268a47e8d,genus,308a4096-5003-40bf-8f51-85a18e57bdb1,Zeuxippa,Animalia,Insecta,https://vvtaxatree.tbn.org.tw/taxa/519d85af-2b30-4cf4-ab6c-929268a47e8d
6d1467ad-5570-4bc6-9e25-54a3cb9b909e,order,4e86a986-6ebd-4820-b814-540ddcf3e170,Microcoryphia,Animalia,Insecta,https://vvtaxatree.tbn.org.tw/taxa/6d1467ad-5570-4bc6-9e25-54a3cb9b909e
547442d6-3e57-4f36-900d-c7ae7cbaefd7,genus,24c32a3f-934c-421e-afc9-6afe8f54929f,Tripartita,Animalia,Insecta,https://vvtaxatree.tbn.org.tw/taxa/547442d6-3e57-4f36-900d-c7ae7cbaefd7
779e18f5-14a4-4669-80ca-dc5d19d6512d,genus,90e2cd58-9d9a-44b4-903b-e121d7fc327b,Omphalomia,Animalia,Insecta,https://vvtaxatree.tbn.org.tw/taxa/779e18f5-14a4-4669-80ca-dc5d19d6512d
0ac1bed9-87d4-48e1-a825-c587c611872d,genus,ba5d0507-de23-4d7e-afa0-80f9ff2ba068,Uliaria,Animalia,Insecta,https://vvtaxatree.tbn.org.tw/taxa/0ac1bed9-87d4-48e1-a825-c587c611872d
3d2b5ee5-68cc-40d3-88e9-5e4c7af11156,genus,462ad8fb-5cb3-4ebc-84c3-4ab26c81c57b,Campylium,Plantae,Bryopsida,https://vvtaxatree.tbn.org.tw/taxa/3d2b5ee5-68cc-40d3-88e9-5e4c7af11156
d54c2752-1c95-4d66-bbe1-2651d60b4076,genus,acddc1c1-a831-4a77-9a00-afc0563f0eeb,Atelerix,Animalia,Mammalia,https://vvtaxatree.tbn.org.tw/taxa/d54c2752-1c95-4d66-bbe1-2651d60b4076
1ad38a59-ff03-42f5-a001-26d8cfdf335f,suborder,40c2602a-1e39-472e-9310-123e599dc26f,Lacertilia,Animalia,Reptilia,https://vvtaxatree.tbn.org.tw/taxa/1ad38a59-ff03-42f5-a001-26d8cfdf335f
291cedc4-013d-4937-806f-1e1a40fd6fca,suborder,48ff9dea-0819-488b-bae4-16dc2d44ea7e,Yangochiroptera,Animalia,Mammalia,https://vvtaxatree.tbn.org.tw/taxa/291cedc4-013d-4937-806f-1e1a40fd6fca
8d778e7d-8fba-4004-a930-16410467724c,suborder,48ff9dea-0819-488b-bae4-16dc2d44ea7e,Yinpterochiroptera,Animalia,Mammalia,https://vvtaxatree.tbn.org.tw/taxa/8d778e7d-8fba-4004-a930-16410467724c
05e367ce-d06e-4a31-98f0-62d159afc840,order,ff368a20-b5a6-4568-89bf-93f238475ae8,Lepidopleurida,Animalia,Polyplacophora,https://vvtaxatree.tbn.org.tw/taxa/05e367ce-d06e-4a31-98f0-62d159afc840
9c6078c0-4e86-4dab-b8fb-88d60a44930c,class,bd25ad9b-46bd-4f27-98df-e6c80e248461,Gordioida,Animalia,Gordioida,https://vvtaxatree.tbn.org.tw/taxa/9c6078c0-4e86-4dab-b8fb-88d60a44930c
7acefabd-e6c5-4382-93f2-ef3bb0adfa04,genus,c1681d98-1571-4cfb-a7d5-549353bf8fd2,Cybaeus,Animalia,Arachnida,https://vvtaxatree.tbn.org.tw/taxa/7acefabd-e6c5-4382-93f2-ef3bb0adfa04
2dc795ab-e2d8-40bf-9203-105ec8ffd1c1,genus,e7d2f286-e7f1-49f7-a1b2-99f7c40a3a45,Sylvirana,Animalia,Amphibia,https://vvtaxatree.tbn.org.tw/taxa/2dc795ab-e2d8-40bf-9203-105ec8ffd1c1
21b6fe21-3d37-493d-a6ec-b6be5f2b1b8d,genus,5716dee6-5186-4e6b-adb1-3df3c4dc6c9e,Debaryozyma,Fungi,Saccharomycetes,https://vvtaxatree.tbn.org.tw/taxa/21b6fe21-3d37-493d-a6ec-b6be5f2b1b8d
4179479e-b49f-439c-877e-e42e984ef931,genus,b4e7ee29-5ebd-4630-9518-6d069f98c5a2,Breonia,Plantae,Spermatopsida,https://vvtaxatree.tbn.org.tw/taxa/4179479e-b49f-439c-877e-e42e984ef931
6b7820f3-181a-4413-815d-5f653d193cc7,genus,cc752439-6ae5-4e73-84ad-f22be8ae3f60,Eriochrysis,Plantae,Spermatopsida,https://vvtaxatree.tbn.org.tw/taxa/6b7820f3-181a-4413-815d-5f653d193cc7
b91b2e61-4741-47bd-a7ab-a3251d73b1bc,genus,b775578f-f770-485c-b1bd-efe745da1e5b,Cassine,Plantae,Spermatopsida,https://vvtaxatree.tbn.org.tw/taxa/b91b2e61-4741-47bd-a7ab-a3251d73b1bc
57d6f9f8-65bd-4e24-b5a6-3ce6d776898d,genus,cc752439-6ae5-4e73-84ad-f22be8ae3f60,Tricholaena,Plantae,Spermatopsida,https://vvtaxatree.tbn.org.tw/taxa/57d6f9f8-65bd-4e24-b5a6-3ce6d776898d
d4462017-0b38-4b00-9bd5-5505d8668eac,hybrid_formula,bcdf74e8-60da-49ff-9b8e-ca09b9224035,Pycnonotus sinensis formosae × Pycnonotus taivanus,Animalia,Aves,https://vvtaxatree.tbn.org.tw/taxa/d4462017-0b38-4b00-9bd5-5505d8668eac
a50fc7b8-0829-48ab-ad5f-2f6eda2f9379,hybrid_formula,ece66baa-a031-4745-b2e4-4eb183470ef0,Garrulax canorus × Garrulax taewanus,Animalia,Aves,https://vvtaxatree.tbn.org.tw/taxa/a50fc7b8-0829-48ab-ad5f-2f6eda2f9379
e17e96ea-56c7-4826-a9c6-22dcc2fa33bf,order,1a0d2ffb-12fc-4346-80d1-6b51057d1143,Gastropoda ordo incertae sedis,Animalia,Gastropoda,https://vvtaxatree.tbn.org.tw/taxa/e17e96ea-56c7-4826-a9c6-22dcc2fa33bf
9f436600-6456-4262-84b7-90ce760b00f7,family,18d524d4-ac32-4db7-b59f-e008efb3b52a,Chloropseidae,Animalia,Aves,https://vvtaxatree.tbn.org.tw/taxa/9f436600-6456-4262-84b7-90ce760b00f7
b26cd335-4e3c-4dd6-b06d-41f16f44473f,subkingdom,88a7facc-492e-457e-98c7-73ce5329017e,Rhodobiotina,Plantae,"",https://vvtaxatree.tbn.org.tw/taxa/b26cd335-4e3c-4dd6-b06d-41f16f44473f
1c69ce3c-2843-40e1-8645-87ef85dbd256,subkingdom,88a7facc-492e-457e-98c7-73ce5329017e,Glaucobiotina,Plantae,"",https://vvtaxatree.tbn.org.tw/taxa/1c69ce3c-2843-40e1-8645-87ef85dbd256
62b74754-a3a3-4911-88e6-10fd62ff8aea,phylum,9a5dce40-034b-4d6c-b38b-e300d7a85737,Mesostigmatophyta,Plantae,"",https://vvtaxatree.tbn.org.tw/taxa/62b74754-a3a3-4911-88e6-10fd62ff8aea
621bea93-b428-4316-bb18-7c45777ce458,phylum,9a5dce40-034b-4d6c-b38b-e300d7a85737,Chlorokybophyta,Plantae,"",https://vvtaxatree.tbn.org.tw/taxa/621bea93-b428-4316-bb18-7c45777ce458
7939fe3f-1ec8-4dd2-b984-01264150593a,phylum,0ea931ec-3d72-4ea9-9848-f42a1f973bef,Klebsormidiophyta,Plantae,"",https://vvtaxatree.tbn.org.tw/taxa/7939fe3f-1ec8-4dd2-b984-01264150593a
8d178d11-0730-488e-9443-b959640015c6,phylum,0ea931ec-3d72-4ea9-9848-f42a1f973bef,Charophyta,Plantae,"",https://vvtaxatree.tbn.org.tw/taxa/8d178d11-0730-488e-9443-b959640015c6
181e8538-d3b3-4831-a0b0-7fb513747d1e,phylum,0ea931ec-3d72-4ea9-9848-f42a1f973bef,Coleochaetophyta,Plantae,"",https://vvtaxatree.tbn.org.tw/taxa/181e8538-d3b3-4831-a0b0-7fb513747d1e
e20157c3-77e3-4e69-806d-b099db415030,phylum,0ea931ec-3d72-4ea9-9848-f42a1f973bef,Zygnematophycota,Plantae,"",https://vvtaxatree.tbn.org.tw/taxa/e20157c3-77e3-4e69-806d-b099db415030
6f09ac00-849e-488c-83cb-4b30e8e2c277,phylum,9f92662d-1859-49e7-a0be-9272a8ab6e80,Rozellomycota,Podiata,"",https://vvtaxatree.tbn.org.tw/taxa/6f09ac00-849e-488c-83cb-4b30e8e2c277
9bd0f7a0-166b-4c04-91d4-44bc997ae3e8,phylum,9f92662d-1859-49e7-a0be-9272a8ab6e80,Basidiomycota,Podiata,"",https://vvtaxatree.tbn.org.tw/taxa/9bd0f7a0-166b-4c04-91d4-44bc997ae3e8
c41ced75-be85-4a7c-a223-8dfe267cc4fd,phylum,9f92662d-1859-49e7-a0be-9272a8ab6e80,Microsporidia,Podiata,"",https://vvtaxatree.tbn.org.tw/taxa/c41ced75-be85-4a7c-a223-8dfe267cc4fd
9417f07e-e4cd-42ca-a55c-d16f290fed97,subclass,b99a6707-0557-4f5a-95f8-ca94b8bfbf0d,Lecanoromycetidae,Fungi,Lecanoromycetes,https://vvtaxatree.tbn.org.tw/taxa/9417f07e-e4cd-42ca-a55c-d16f290fed97
70c38cae-b45a-443d-beac-b8dd5bc597c3,superclass,4907ba20-2030-4968-8492-65c1d47f7676,Leotiomyceta,Podiata,"",https://vvtaxatree.tbn.org.tw/taxa/70c38cae-b45a-443d-beac-b8dd5bc597c3
4de8f823-779f-4b5d-9230-a9b25937730f,order,b5f41e78-1f85-45a3-b384-a5f899a9e717,Polychaeta ordo incertae sedis,Animalia,Polychaeta,https://vvtaxatree.tbn.org.tw/taxa/4de8f823-779f-4b5d-9230-a9b25937730f
c16e3c04-c517-4784-9a48-4c61ba2ebb2d,order,aab656bf-60d5-4db4-9a09-a533026836c9,Desmidiales,Plantae,Zygnematophyceae,https://vvtaxatree.tbn.org.tw/taxa/c16e3c04-c517-4784-9a48-4c61ba2ebb2d
62975737-a341-4bc6-b060-687df2db5a55,order,35098854-7b53-4742-aeef-00ffefad6a4c,Sphaeropleales,Plantae,Chlorophyceae,https://vvtaxatree.tbn.org.tw/taxa/62975737-a341-4bc6-b060-687df2db5a55
070cfbe2-789a-4c1b-b8ae-c1008ee97513,genus,4fce3eb4-3455-4d1c-b7a6-00ebc1a261a5,Satyrium,Plantae,Spermatopsida,https://vvtaxatree.tbn.org.tw/taxa/070cfbe2-789a-4c1b-b8ae-c1008ee97513
ede9e574-b395-4187-ab74-246891d9da83,genus,cc752439-6ae5-4e73-84ad-f22be8ae3f60,Aira,Plantae,Spermatopsida,https://vvtaxatree.tbn.org.tw/taxa/ede9e574-b395-4187-ab74-246891d9da83
b7268b71-85b9-4996-b26f-e2309a592474,genus,315b6de4-3201-4841-b84c-de8d77b1faf7,Tournefortia,Plantae,Spermatopsida,https://vvtaxatree.tbn.org.tw/taxa/b7268b71-85b9-4996-b26f-e2309a592474
6c008fe9-debf-4d46-b938-c5502fefcab3,genus,b6c1e049-e9e0-4af4-af3f-71804fe2e869,Meyenia,Plantae,Spermatopsida,https://vvtaxatree.tbn.org.tw/taxa/6c008fe9-debf-4d46-b938-c5502fefcab3
df3af8b3-91c7-49ba-a472-5dd97329f03b,genus,b6c1e049-e9e0-4af4-af3f-71804fe2e869,Hexacentris,Plantae,Spermatopsida,https://vvtaxatree.tbn.org.tw/taxa/df3af8b3-91c7-49ba-a472-5dd97329f03b
ad724aea-a658-4c9c-b0ec-13944569e615,genus,3cf4290a-3f53-4a14-a416-ababa7919408,Acrocephalus,Plantae,Spermatopsida,https://vvtaxatree.tbn.org.tw/taxa/ad724aea-a658-4c9c-b0ec-13944569e615
d855c397-e92e-4b74-9f53-032af8fcccf2,genus,3cf4290a-3f53-4a14-a416-ababa7919408,Haumaniastrum,Plantae,Spermatopsida,https://vvtaxatree.tbn.org.tw/taxa/d855c397-e92e-4b74-9f53-032af8fcccf2
076c44a0-86b1-42a4-bcf5-0c52c5cf5943,family,1cec1d17-83a2-4ab6-b258-46b757d6fd0b,Coprinaceae,Fungi,Basidiomycetes,https://vvtaxatree.tbn.org.tw/taxa/076c44a0-86b1-42a4-bcf5-0c52c5cf5943
e3858360-3ba8-4361-addc-a748c87ee1dd,genus,468e1e54-0fa1-4962-a45d-e1d0290fe250,Kishinouyepenaeopsis,Animalia,Malacostraca,https://vvtaxatree.tbn.org.tw/taxa/e3858360-3ba8-4361-addc-a748c87ee1dd
cc4d9136-4b05-4fdf-b22c-bf58d843a84f,genus,c3080b68-aa50-4661-939b-68e1725d3a4e,Nematopogon,Animalia,Insecta,https://vvtaxatree.tbn.org.tw/taxa/cc4d9136-4b05-4fdf-b22c-bf58d843a84f
2860a168-5cfc-41d4-b808-b22e1c102ca2,genus,51658d7c-9356-49ad-8f6c-b02b2c0f4f67,Plexippoides,Animalia,Arachnida,https://vvtaxatree.tbn.org.tw/taxa/2860a168-5cfc-41d4-b808-b22e1c102ca2
44acf615-4763-4ddd-911e-def627014804,family,2fb6fe5c-1937-483e-ac70-222230712e5a,Paronellidae,Animalia,Collembola,https://vvtaxatree.tbn.org.tw/taxa/44acf615-4763-4ddd-911e-def627014804
1eaf964d-be08-47ae-a0f1-35db6490e3bb,genus,fd232276-4805-47ce-9045-c604e00a6878,Chondrus,Plantae,Florideophyceae,https://vvtaxatree.tbn.org.tw/taxa/1eaf964d-be08-47ae-a0f1-35db6490e3bb
738c7842-4492-4e3e-b909-3ed3c1a6aed3,genus,cc752439-6ae5-4e73-84ad-f22be8ae3f60,Avenella,Plantae,Spermatopsida,https://vvtaxatree.tbn.org.tw/taxa/738c7842-4492-4e3e-b909-3ed3c1a6aed3
b4ecf676-aaf8-4987-9ccd-1c20cdeec7b9,genus,8b1518f4-37a2-4cd0-be88-35cb299ce0e7,Rhodotypos,Plantae,Spermatopsida,https://vvtaxatree.tbn.org.tw/taxa/b4ecf676-aaf8-4987-9ccd-1c20cdeec7b9
1027baf9-badd-47c6-807b-b45fec382348,genus,8b1518f4-37a2-4cd0-be88-35cb299ce0e7,× Rhaphiobotrya,Plantae,Spermatopsida,https://vvtaxatree.tbn.org.tw/taxa/1027baf9-badd-47c6-807b-b45fec382348
aeadab76-407e-478b-906d-a012472b1f0f,genus,2496c7c5-945c-4739-a542-9b16be13a2a5,Anisophyllum,Plantae,Spermatopsida,https://vvtaxatree.tbn.org.tw/taxa/aeadab76-407e-478b-906d-a012472b1f0f
c1f9d798-5060-43c2-8e18-c66deada6d84,genus,2496c7c5-945c-4739-a542-9b16be13a2a5,Anisophyllea,Plantae,Spermatopsida,https://vvtaxatree.tbn.org.tw/taxa/c1f9d798-5060-43c2-8e18-c66deada6d84
2896e0d0-dc8f-4ac8-a475-fc67cddc7e29,genus,b4e7ee29-5ebd-4630-9518-6d069f98c5a2,Arcytophyllum,Plantae,Spermatopsida,https://vvtaxatree.tbn.org.tw/taxa/2896e0d0-dc8f-4ac8-a475-fc67cddc7e29
d33d1ffa-3da6-4849-b9af-f41c2d48cb45,genus,f469b8d1-b347-426f-ae17-bbfb5e9a52ae,Rathouisia,Animalia,Gastropoda,https://vvtaxatree.tbn.org.tw/taxa/d33d1ffa-3da6-4849-b9af-f41c2d48cb45
0348902f-213e-4f2e-b26e-25ab428e8080,genus,45132239-4f19-4ba2-9db4-1f84d95fe755,Mystropetalon,Plantae,Spermatopsida,https://vvtaxatree.tbn.org.tw/taxa/0348902f-213e-4f2e-b26e-25ab428e8080
859a3904-94aa-477e-a5c2-1860f683c997,genus,37794e06-2dfb-457f-a143-80c0a9c68919,Wightia,Plantae,Spermatopsida,https://vvtaxatree.tbn.org.tw/taxa/859a3904-94aa-477e-a5c2-1860f683c997
01982fcf-9404-46a5-bf79-24a5a4f70d8f,family,dd55447a-5bc9-4a62-8002-823fe3d45f94,Hydnoraceae,Plantae,Spermatopsida,https://vvtaxatree.tbn.org.tw/taxa/01982fcf-9404-46a5-bf79-24a5a4f70d8f
bcfe5d75-fe92-4a73-8a55-88829755d4c4,genus,929ea977-ad32-4f3a-8e86-e1935562ac34,Hedysarum,Plantae,Spermatopsida,https://vvtaxatree.tbn.org.tw/taxa/bcfe5d75-fe92-4a73-8a55-88829755d4c4
e7fcc177-ddde-4e80-8519-e09dd930bb17,hybrid_formula,f45ac733-9f5c-47cf-9d6e-b7b2c3efa53f,Epinephelus fuscoguttatus × Epinephelus lanceolatus,Animalia,Actinopteri,https://vvtaxatree.tbn.org.tw/taxa/e7fcc177-ddde-4e80-8519-e09dd930bb17
51029e95-cde9-4094-92b7-f17e11743c58,genus,1a57a71d-8b60-4189-a6a9-d3fc25fa2694,Nostoc,Bacteria,Cyanophyceae,https://vvtaxatree.tbn.org.tw/taxa/51029e95-cde9-4094-92b7-f17e11743c58
fa7a64e8-23bd-4a16-b90f-aebdcb385717,genus,929ea977-ad32-4f3a-8e86-e1935562ac34,Cytisophyllum,Plantae,Spermatopsida,https://vvtaxatree.tbn.org.tw/taxa/fa7a64e8-23bd-4a16-b90f-aebdcb385717
d909fe6d-dd5d-475a-9b5b-dfbd80629771,genus,46c53ce1-7610-4b5e-976e-ca9bf607c8fe,Brassaiopsis,Plantae,Spermatopsida,https://vvtaxatree.tbn.org.tw/taxa/d909fe6d-dd5d-475a-9b5b-dfbd80629771
d9b11d30-0c58-4f5d-b894-81050b1a110d,hybrid_formula,a8c07dbb-b246-4d86-b1d8-4e87dfbf260e,Anas platyrhynchos × Anas zonorhyncha,Animalia,Aves,https://vvtaxatree.tbn.org.tw/taxa/d9b11d30-0c58-4f5d-b894-81050b1a110d
4434dd52-ae65-483d-9a96-b980f528d42c,hybrid_formula,98ad9956-3289-43d2-9715-fb9a6f87ae0f,Anser anser × Anser cygnoides,Animalia,Aves,https://vvtaxatree.tbn.org.tw/taxa/4434dd52-ae65-483d-9a96-b980f528d42c
a02c7882-bc86-456d-bfd3-807215ae54ee,hybrid_formula,bf379ec6-df6a-4498-a80a-0dc65b512988,Aythya fuligula × Aythya marila,Animalia,Aves,https://vvtaxatree.tbn.org.tw/taxa/a02c7882-bc86-456d-bfd3-807215ae54ee
5d947327-9213-40e4-a0ae-1553675dbffd,hybrid_formula,bf379ec6-df6a-4498-a80a-0dc65b512988,Aythya nyroca × Aythya baeri,Animalia,Aves,https://vvtaxatree.tbn.org.tw/taxa/5d947327-9213-40e4-a0ae-1553675dbffd
baeb660b-b9e1-46fc-8cd5-7c931d92f5d3,hybrid_formula,bf379ec6-df6a-4498-a80a-0dc65b512988,Aythya nyroca × Aythya fuligula,Animalia,Aves,https://vvtaxatree.tbn.org.tw/taxa/baeb660b-b9e1-46fc-8cd5-7c931d92f5d3
ad333b7e-3695-4b54-b126-9f585a698ddb,hybrid_formula,3b1115be-78dc-406f-bfdb-8572ffdbc390,Cairina moschata × Anas platyrhynchos,Animalia,Aves,https://vvtaxatree.tbn.org.tw/taxa/ad333b7e-3695-4b54-b126-9f585a698ddb
aa8e1560-a3d3-4ef8-9a4f-5b249356374c,hybrid_formula,ead83f1f-2312-4657-ba49-2bc2dd53880f,Mareca penelope × Mareca americana,Animalia,Aves,https://vvtaxatree.tbn.org.tw/taxa/aa8e1560-a3d3-4ef8-9a4f-5b249356374c
7d829265-d00f-4386-a4b4-0748f7c7012f,hybrid_formula,1c6a2d6c-c1c5-4c03-bcdd-3417ab3337a1,Nycticorax nycticorax × Nycticorax caledonicus,Animalia,Aves,https://vvtaxatree.tbn.org.tw/taxa/7d829265-d00f-4386-a4b4-0748f7c7012f
2c16ea40-6145-4fd1-ad95-e23c3bc996a3,hybrid_formula,b3b76396-3264-4c9c-bf4e-cb55d903bb7b,Platalea leucorodia × Platalea minor,Animalia,Aves,https://vvtaxatree.tbn.org.tw/taxa/2c16ea40-6145-4fd1-ad95-e23c3bc996a3
fbb610de-e522-4025-8e9b-3a77e70bb3cd,hybrid_formula,3b1115be-78dc-406f-bfdb-8572ffdbc390,Spatula clypeata × Mareca strepera,Animalia,Aves,https://vvtaxatree.tbn.org.tw/taxa/fbb610de-e522-4025-8e9b-3a77e70bb3cd
ad62fe48-a0f2-4f21-8f00-48b6434d0dcb,hybrid_formula,8ef09401-2759-4f88-9de6-67e739b388d3,Spatula discors × Spatula clypeata,Animalia,Aves,https://vvtaxatree.tbn.org.tw/taxa/ad62fe48-a0f2-4f21-8f00-48b6434d0dcb
f70e12da-481c-4b20-9195-06a221800789,hybrid_formula,35ac98ef-a022-4fb3-a272-5786b0b6a47d,Thalasseus bergii × Thalasseus bernsteini,Animalia,Aves,https://vvtaxatree.tbn.org.tw/taxa/f70e12da-481c-4b20-9195-06a221800789
e26461dc-0c39-47cd-9916-88d998263aae,hybrid_formula,a98650b3-392c-4513-a514-753cabe286d4,Turdus atrogularis × Turdus ruficollis,Animalia,Aves,https://vvtaxatree.tbn.org.tw/taxa/e26461dc-0c39-47cd-9916-88d998263aae
4527a4e4-f185-4874-accc-14026d37300e,hybrid_formula,a98650b3-392c-4513-a514-753cabe286d4,Turdus eunomus × Turdus naumanni,Animalia,Aves,https://vvtaxatree.tbn.org.tw/taxa/4527a4e4-f185-4874-accc-14026d37300e
1b34e7b4-28ed-45cb-a5f3-db486685e086,genus,d3b01dbf-3eec-4f03-af6f-d980be656b27,Xyroptila,Animalia,Insecta,https://vvtaxatree.tbn.org.tw/taxa/1b34e7b4-28ed-45cb-a5f3-db486685e086
45e2bbab-e381-416c-880a-e332f4458f31,genus,2c6d6383-133e-4523-8a76-290bbc0c43ee,Heterodon,Animalia,Actinopteri,https://vvtaxatree.tbn.org.tw/taxa/45e2bbab-e381-416c-880a-e332f4458f31
f29636b7-8e0b-472f-bbd5-8f2e6ca14281,genus,b775578f-f770-485c-b1bd-efe745da1e5b,Glyptopetalum,Plantae,Spermatopsida,https://vvtaxatree.tbn.org.tw/taxa/f29636b7-8e0b-472f-bbd5-8f2e6ca14281
ee3855c1-3460-4722-8136-549cfc6ccd19,genus,a07b2eb3-9862-4b97-9e9a-36180ac6ad36,Parashorea,Plantae,Spermatopsida,https://vvtaxatree.tbn.org.tw/taxa/ee3855c1-3460-4722-8136-549cfc6ccd19
cdd9b6d8-5910-4991-add1-cf3c6fdb95e4,genus,bc87a10d-fc2a-4701-abd6-b2ced8c08ded,Cayratia,Plantae,Spermatopsida,https://vvtaxatree.tbn.org.tw/taxa/cdd9b6d8-5910-4991-add1-cf3c6fdb95e4
099aee59-9fa7-415c-84d7-7e107571280d,class,d44245c6-38bb-460d-98f8-98eacd8395dc,Anthozoa,Animalia,Anthozoa,https://vvtaxatree.tbn.org.tw/taxa/099aee59-9fa7-415c-84d7-7e107571280d
76404125-1032-4163-a1ff-b52c8c5e5b4f,class,2dfc8e32-ed71-42e0-8c40-a1c7a1b8e847,Cephalaspidomorphi,Animalia,Cephalaspidomorphi,https://vvtaxatree.tbn.org.tw/taxa/76404125-1032-4163-a1ff-b52c8c5e5b4f
d629872a-834e-429e-aac2-ac0ee46a4084,class,ea80daeb-8586-47b6-9f06-ffe72c2932c7,Cladistei,Animalia,Cladistei,https://vvtaxatree.tbn.org.tw/taxa/d629872a-834e-429e-aac2-ac0ee46a4084
c8f13e42-9a72-4cd9-8a88-015289ba1524,class,9a1a4b4a-3bb2-4466-86de-e315e609af37,Micrognathozoa,Animalia,Micrognathozoa,https://vvtaxatree.tbn.org.tw/taxa/c8f13e42-9a72-4cd9-8a88-015289ba1524
b34b81a9-249c-489c-9da1-6d5e9766a190,class,5c0e913e-08b2-4ab3-b5a9-066512a9970f,Placozoa,Animalia,Placozoa,https://vvtaxatree.tbn.org.tw/taxa/b34b81a9-249c-489c-9da1-6d5e9766a190
68a465c7-bcbf-45bb-9539-fc19a64363f2,class,ea80daeb-8586-47b6-9f06-ffe72c2932c7,Cladistia,Animalia,Cladistia,https://vvtaxatree.tbn.org.tw/taxa/68a465c7-bcbf-45bb-9539-fc19a64363f2
c58a0d08-783d-4f49-811d-0413269c1b43,class,dd3aec55-6836-4d8a-9926-9d06bd86536e,Coelacanthimorpha,Animalia,Coelacanthimorpha,https://vvtaxatree.tbn.org.tw/taxa/c58a0d08-783d-4f49-811d-0413269c1b43
a6c98178-eeba-48d8-a0ef-c5268607534c,subclass,33faa3f8-689a-48d6-b07e-4892c66051f8,Crocodylomorpha,Animalia,Reptilia,https://vvtaxatree.tbn.org.tw/taxa/a6c98178-eeba-48d8-a0ef-c5268607534c
839e1bc6-4e38-4ed9-81cb-29c422d30271,subclass,3951fb9b-a076-484f-b92e-3acf6479c425,Nautiloidea,Animalia,Cephalopoda,https://vvtaxatree.tbn.org.tw/taxa/839e1bc6-4e38-4ed9-81cb-29c422d30271
a8e00ce3-a3c9-44aa-b79f-381541d0df1d,subclass,33faa3f8-689a-48d6-b07e-4892c66051f8,Testudinata,Animalia,Reptilia,https://vvtaxatree.tbn.org.tw/taxa/a8e00ce3-a3c9-44aa-b79f-381541d0df1d
1b35ddd4-c674-43cb-a458-9b5d12e25176,subclass,4a278e8f-3f34-4f9b-a19b-0a1d87576f64,Chondrostei,Animalia,Actinopteri,https://vvtaxatree.tbn.org.tw/taxa/1b35ddd4-c674-43cb-a458-9b5d12e25176
53b9bba0-92b4-471d-80f9-fe8fb1b01251,subclass,a48557b4-a683-444e-8364-83054864a72f,Tetrapodomorpha,Animalia,Dipnotetrapodomorpha,https://vvtaxatree.tbn.org.tw/taxa/53b9bba0-92b4-471d-80f9-fe8fb1b01251
ef3509e7-72e2-4b02-8e38-8a0e1362a319,subclass,1a0d2ffb-12fc-4346-80d1-6b51057d1143,Vetigastropoda,Animalia,Gastropoda,https://vvtaxatree.tbn.org.tw/taxa/ef3509e7-72e2-4b02-8e38-8a0e1362a319
7e453f83-7444-43d3-a045-3ec89ea472e3,infraclass,da59cbf4-dad1-419e-ba04-2b60740c299e,Holostei,Animalia,Actinopteri,https://vvtaxatree.tbn.org.tw/taxa/7e453f83-7444-43d3-a045-3ec89ea472e3
8ffe0798-3ea1-4640-9a21-0937d091abe6,infraclass,dbf43134-8dcb-4246-95c0-d9aa3e83243d,Scolecida,Animalia,Polychaeta,https://vvtaxatree.tbn.org.tw/taxa/8ffe0798-3ea1-4640-9a21-0937d091abe6
273aed08-d87f-4e37-9209-ec9cd1b2c73a,superorder,ad8a6c60-9e70-4ee8-bd39-f258c337bee3,Galloanseri,Animalia,Aves,https://vvtaxatree.tbn.org.tw/taxa/273aed08-d87f-4e37-9209-ec9cd1b2c73a
bcf8eca8-f3f4-484f-91a8-3573c5b9a54e,superorder,d00392ff-779f-42ae-bccd-df0bdcf4c747,Cichlomorphae,Animalia,Actinopteri,https://vvtaxatree.tbn.org.tw/taxa/bcf8eca8-f3f4-484f-91a8-3573c5b9a54e
c099911f-7550-4b8d-a5e9-a74b27603aa5,superorder,c8aa0274-9b99-456e-990a-4b42d5276750,Ceratodontae,Animalia,Dipnotetrapodomorpha,https://vvtaxatree.tbn.org.tw/taxa/c099911f-7550-4b8d-a5e9-a74b27603aa5
5bfd9125-8de7-4064-b2b7-6a0f32aa0e2e,order,718bc38c-8267-496a-b429-059761879cc9,Acanthobdellida,Animalia,Clitellata,https://vvtaxatree.tbn.org.tw/taxa/5bfd9125-8de7-4064-b2b7-6a0f32aa0e2e
99fbe681-bce2-4426-a233-ee8cd6faf34a,order,c80f0f35-4487-4123-bd03-5d40108ff37d,Acerentomata,Animalia,Protura,https://vvtaxatree.tbn.org.tw/taxa/99fbe681-bce2-4426-a233-ee8cd6faf34a
5b899776-181b-4c07-88f0-eae3d68ce0fa,order,29226dd4-8a74-4778-9b42-44bcfe022497,Acochlidioidea,Animalia,Gastropoda,https://vvtaxatree.tbn.org.tw/taxa/5b899776-181b-4c07-88f0-eae3d68ce0fa
58917bb3-2694-4286-9f44-fd36f7d7c60d,order,9d8e4f79-3b89-4ed7-a5ba-14d9e918ca12,Actinulida,Animalia,Hydrozoa,https://vvtaxatree.tbn.org.tw/taxa/58917bb3-2694-4286-9f44-fd36f7d7c60d
a986eed6-3ea8-4df7-b0fc-1b4407098a84,order,7b206e9d-00b6-4008-8986-4c2fed116f44,Afrosoricida,Animalia,Mammalia,https://vvtaxatree.tbn.org.tw/taxa/a986eed6-3ea8-4df7-b0fc-1b4407098a84
49a6df2d-bbd3-4fd5-8c5a-a29de40a0985,order,6f0452e7-6c0c-4a5e-bb55-781d849433a1,Akentrogonida,Animalia,Thecostraca,https://vvtaxatree.tbn.org.tw/taxa/49a6df2d-bbd3-4fd5-8c5a-a29de40a0985
8cb65df8-3d32-41a1-8b7f-0ad24cf56d73,order,d7abd8b7-590d-4429-9c61-132d5a9b72db,Alaimida,Animalia,Enoplea,https://vvtaxatree.tbn.org.tw/taxa/8cb65df8-3d32-41a1-8b7f-0ad24cf56d73
2dc9885b-d2b6-49a7-8ec9-ff4049a28985,order,12ed0ca0-baac-4446-9406-5db534377583,Amphidiscosida,Animalia,Hexactinellida,https://vvtaxatree.tbn.org.tw/taxa/2dc9885b-d2b6-49a7-8ec9-ff4049a28985
47c301aa-1709-4bc7-998d-d0ceaa24a18a,order,7ace2c07-874c-4b63-8ac5-8e6f1ab30334,Amphilinidea,Animalia,Neoophora,https://vvtaxatree.tbn.org.tw/taxa/47c301aa-1709-4bc7-998d-d0ceaa24a18a
84912337-93e9-4c04-a17e-738abbbfbbc8,order,6b7491ff-9c9f-4c05-af92-6812ad4a94d1,Amphionidacea,Animalia,Malacostraca,https://vvtaxatree.tbn.org.tw/taxa/84912337-93e9-4c04-a17e-738abbbfbbc8
f2a37f97-da28-4cd4-aab4-ea8719c6c3e5,order,491c9422-5fa6-4813-831a-f868d376a87b,Anaspidacea,Animalia,Malacostraca,https://vvtaxatree.tbn.org.tw/taxa/f2a37f97-da28-4cd4-aab4-ea8719c6c3e5
255819cf-a79a-4cdc-9a10-af728c8145d8,order,b544caf9-bb6b-4c97-8211-3aac39593715,Anguimorpha,Animalia,Reptilia,https://vvtaxatree.tbn.org.tw/taxa/255819cf-a79a-4cdc-9a10-af728c8145d8
bdc10daf-228d-4f22-bb14-a9707715ea1d,order,dc74a9fc-22c5-4549-8bd3-1c5bfe8e1e2b,Anthoathecata,Animalia,Hydrozoa,https://vvtaxatree.tbn.org.tw/taxa/bdc10daf-228d-4f22-bb14-a9707715ea1d
3f9bf33c-9bc5-4ef0-bad0-2aacc9e8524d,order,5fd07eb1-a811-45a6-a9a5-ffd635a71856,Apororhynchida,Animalia,Archiacanthocephala,https://vvtaxatree.tbn.org.tw/taxa/3f9bf33c-9bc5-4ef0-bad0-2aacc9e8524d
f0337432-00d8-439a-9796-f7619ceb55b9,order,37cb813e-6443-42da-93fd-c9d62cf35d23,Apterygiformes,Animalia,Aves,https://vvtaxatree.tbn.org.tw/taxa/f0337432-00d8-439a-9796-f7619ceb55b9
c90f8fca-6c54-40b3-ad75-5854d1b369a3,order,d55d85e8-e9e7-4d12-b21f-ecf299fa90be,Arguloida,Animalia,Maxillopoda,https://vvtaxatree.tbn.org.tw/taxa/c90f8fca-6c54-40b3-ad75-5854d1b369a3
65ab2653-78b5-40c6-8a38-af94651dc844,order,f981deeb-c3b2-4080-93b1-5bf882a2f6fb,Arthrotardigrada,Animalia,Heterotardigrada,https://vvtaxatree.tbn.org.tw/taxa/65ab2653-78b5-40c6-8a38-af94651dc844
6d749a38-df7c-4376-a461-47d5e944ab0d,order,b1ebfe5a-0dee-46fe-8d40-82afb230e5d0,Aspidochirotida,Animalia,Holothuroidea,https://vvtaxatree.tbn.org.tw/taxa/6d749a38-df7c-4376-a461-47d5e944ab0d
5208c0a6-3385-4588-849c-d43c8a8f3f32,order,e2a75567-c0ce-4c20-b3cc-137eb5321b95,Aspidodiadematoida,Animalia,Echinoidea,https://vvtaxatree.tbn.org.tw/taxa/5208c0a6-3385-4588-849c-d43c8a8f3f32
f3e2ce8f-347c-4199-b758-c5736d81d438,order,45ef731e-4026-49a5-9a95-4868b91104fe,Aspidogastrida,Animalia,Neoophora,https://vvtaxatree.tbn.org.tw/taxa/f3e2ce8f-347c-4199-b758-c5736d81d438
2e8be6cc-99a5-4998-be17-3fafd2d6f456,order,12ed0ca0-baac-4446-9406-5db534377583,Aulocalycoida,Animalia,Hexactinellida,https://vvtaxatree.tbn.org.tw/taxa/2e8be6cc-99a5-4998-be17-3fafd2d6f456
50d1cfad-69c6-4b9d-866e-2c9e63fbfa68,order,13c1a99f-a032-4b18-a26b-3bd87d80a82e,Baerida,Animalia,Calcarea,https://vvtaxatree.tbn.org.tw/taxa/50d1cfad-69c6-4b9d-866e-2c9e63fbfa68
373f0d16-56be-4700-becc-d63e1f230870,order,491c9422-5fa6-4813-831a-f868d376a87b,Bathynellacea,Animalia,Malacostraca,https://vvtaxatree.tbn.org.tw/taxa/373f0d16-56be-4700-becc-d63e1f230870
8945334d-fd7e-41d3-aaa4-86ff8c752f10,order,bb7334ab-f171-41e3-bf71-042e4d00f881,Bathyodontida,Animalia,Dorylaimea,https://vvtaxatree.tbn.org.tw/taxa/8945334d-fd7e-41d3-aaa4-86ff8c752f10
68ca9c2b-dcda-439f-b33a-7abed9ed91be,order,f48859c5-a6db-48c9-8d96-cbf749e7b29b,Benthimermithida,Animalia,Chromadorea,https://vvtaxatree.tbn.org.tw/taxa/68ca9c2b-dcda-439f-b33a-7abed9ed91be
576e9aad-7878-40e1-8f67-8ea83dc97b5f,order,84cc5f71-0473-477a-9798-03c49aa3c189,Beroida,Animalia,Nuda,https://vvtaxatree.tbn.org.tw/taxa/576e9aad-7878-40e1-8f67-8ea83dc97b5f
bd8ecc9f-e24f-49cf-be42-5d9e21d46d56,order,05cddddc-c20f-455d-86dd-cfdda6239f08,Bochusacea,Animalia,Malacostraca,https://vvtaxatree.tbn.org.tw/taxa/bd8ecc9f-e24f-49cf-be42-5d9e21d46d56
ed29369a-affa-45b5-8f2e-3b7103cd8eeb,order,7ace2c07-874c-4b63-8ac5-8e6f1ab30334,Bothriocephalidea,Animalia,Neoophora,https://vvtaxatree.tbn.org.tw/taxa/ed29369a-affa-45b5-8f2e-3b7103cd8eeb
bb755607-90ea-40ad-9f71-16dd32f24da0,order,268defb4-0d7f-41b4-96e7-f4fd24c8aa95,Brachypoda,Animalia,Cephalocarida,https://vvtaxatree.tbn.org.tw/taxa/bb755607-90ea-40ad-9f71-16dd32f24da0
4ae080f4-2cec-4ef5-bf96-f449a4913c29,order,16d4fb88-fa6b-4dd0-bd7a-e3945b0304dd,Brisingida,Animalia,Asteroidea,https://vvtaxatree.tbn.org.tw/taxa/4ae080f4-2cec-4ef5-bf96-f449a4913c29
16dfd714-d238-4880-a3ac-09d2568958e5,order,04754f4b-f558-44a8-8fdc-b2077e0fd552,Bursovaginoidea,Animalia,"",https://vvtaxatree.tbn.org.tw/taxa/16dfd714-d238-4880-a3ac-09d2568958e5
ed80e906-8d9a-4f65-99ae-8bd10691e480,order,1c195e79-8c90-493b-8ff9-b366005ed927,Callipodida,Animalia,Diplopoda,https://vvtaxatree.tbn.org.tw/taxa/ed80e906-8d9a-4f65-99ae-8bd10691e480
be5c9766-06ce-4fdf-8d91-bba4a4efab4f,order,d9add79b-37af-48fb-a309-0cfdddc65301,Camarodonta,Animalia,Echinoidea,https://vvtaxatree.tbn.org.tw/taxa/be5c9766-06ce-4fdf-8d91-bba4a4efab4f
de262ff6-2564-4e2d-a0d5-5d7d13d8ae31,order,4c11b834-a237-43aa-a7a4-070befd7207a,Cambojiida,Animalia,Tentaculata,https://vvtaxatree.tbn.org.tw/taxa/de262ff6-2564-4e2d-a0d5-5d7d13d8ae31
151f96c7-806c-4e18-b1a8-ba30e60c592d,order,31a094ae-eea7-4a9a-89dd-1dbc3000c855,Capsalidea,Animalia,Neoophora,https://vvtaxatree.tbn.org.tw/taxa/151f96c7-806c-4e18-b1a8-ba30e60c592d
443fb056-da26-4aad-b2f2-3e580aefaa46,order,0c4b1393-4383-4026-a958-581d3a12c6b2,Cariamiformes,Animalia,Aves,https://vvtaxatree.tbn.org.tw/taxa/443fb056-da26-4aad-b2f2-3e580aefaa46
f45ec2a2-d8d8-4f98-b16b-6af6cc4b64e5,order,a4c9b415-3fdf-4122-ae0b-f42e0cf151cb,Carybdeida,Animalia,Cubozoa,https://vvtaxatree.tbn.org.tw/taxa/f45ec2a2-d8d8-4f98-b16b-6af6cc4b64e5
7422f586-9a69-48b7-9496-ec3c24e17a51,order,7ace2c07-874c-4b63-8ac5-8e6f1ab30334,Caryophyllidea,Animalia,Neoophora,https://vvtaxatree.tbn.org.tw/taxa/7422f586-9a69-48b7-9496-ec3c24e17a51
09f0d1f9-7764-4283-b820-4a2f2b0eb08b,order,5dc49e0a-ec9e-448a-81f2-017bb180f0ff,Cassiduloida,Animalia,Echinoidea,https://vvtaxatree.tbn.org.tw/taxa/09f0d1f9-7764-4283-b820-4a2f2b0eb08b
68ddae47-49e9-4e1f-a2fd-c592af944b75,order,37cb813e-6443-42da-93fd-c9d62cf35d23,Casuariiformes,Animalia,Aves,https://vvtaxatree.tbn.org.tw/taxa/68ddae47-49e9-4e1f-a2fd-c592af944b75
bbba4efa-8621-4264-b582-c34fa037e17a,order,b96152ca-e430-4ee8-96ce-419e387c4ae2,Catenulida,Animalia,"",https://vvtaxatree.tbn.org.tw/taxa/bbba4efa-8621-4264-b582-c34fa037e17a
3fd554cb-922b-4e55-b01c-cf0fbe233017,order,095641d3-abe9-4b34-9e2d-ada9fa55a376,Cephalobaenida,Animalia,Ichthyostraca,https://vvtaxatree.tbn.org.tw/taxa/3fd554cb-922b-4e55-b01c-cf0fbe233017
8b1d1b07-f6de-4a93-9238-7b88bcf0ecc7,order,2ebfc5bd-50ab-4d69-927a-9804721ad6dd,Ceriantharia,Animalia,Hexacorallia,https://vvtaxatree.tbn.org.tw/taxa/8b1d1b07-f6de-4a93-9238-7b88bcf0ecc7
26b22ec2-5ac4-478d-9f9e-d8f1e12a03c8,order,4c11b834-a237-43aa-a7a4-070befd7207a,Cestida,Animalia,Tentaculata,https://vvtaxatree.tbn.org.tw/taxa/26b22ec2-5ac4-478d-9f9e-d8f1e12a03c8
d0fcf4a7-2b4a-4db8-8d60-5e1c38b86685,order,13b2b3f8-5e13-47bd-8841-477f69d6dcac,Chaetodermatida,Animalia,Caudofoveata,https://vvtaxatree.tbn.org.tw/taxa/d0fcf4a7-2b4a-4db8-8d60-5e1c38b86685
537638a7-466f-4b65-88ee-69b6f23e43a2,order,322abf45-e72d-460d-9720-e371d1adf042,Chaetonotida,Animalia,"",https://vvtaxatree.tbn.org.tw/taxa/537638a7-466f-4b65-88ee-69b6f23e43a2
be40d608-e479-4471-8af2-c2c470dcd863,order,31a094ae-eea7-4a9a-89dd-1dbc3000c855,Chimaericolidea,Animalia,Neoophora,https://vvtaxatree.tbn.org.tw/taxa/be40d608-e479-4471-8af2-c2c470dcd863
9cc0f279-a7f3-4b82-8558-62732fcdea98,order,a4c9b415-3fdf-4122-ae0b-f42e0cf151cb,Chirodropida,Animalia,Cubozoa,https://vvtaxatree.tbn.org.tw/taxa/9cc0f279-a7f3-4b82-8558-62732fcdea98
9158156c-e31a-451f-84af-10a6fe941300,order,6e6968c1-e48f-4bbd-bf59-9eba0921bb90,Chromadorida,Animalia,Chromadorea,https://vvtaxatree.tbn.org.tw/taxa/9158156c-e31a-451f-84af-10a6fe941300
f822f33c-43ab-4581-8b81-3cba0f6d1c73,order,d00392ff-779f-42ae-bccd-df0bdcf4c747,Cirrhitiformes,Animalia,Actinopteri,https://vvtaxatree.tbn.org.tw/taxa/f822f33c-43ab-4581-8b81-3cba0f6d1c73
4a03eb28-a454-40bb-9f61-8a3e0d58f64d,order,0c4b1393-4383-4026-a958-581d3a12c6b2,Coliiformes,Animalia,Aves,https://vvtaxatree.tbn.org.tw/taxa/4a03eb28-a454-40bb-9f61-8a3e0d58f64d
8480fa04-51ed-4440-ab6d-51c819296e02,order,080fb27d-57a7-4eb4-a0b6-23647327357f,Collothecaceae,Animalia,Eurotatoria,https://vvtaxatree.tbn.org.tw/taxa/8480fa04-51ed-4440-ab6d-51c819296e02
792ceb05-2179-4f0b-8647-d6abad570ea8,order,07afdbc9-5dad-4ffc-b9ad-8a5851fc6d94,Coloniales,Animalia,"",https://vvtaxatree.tbn.org.tw/taxa/792ceb05-2179-4f0b-8647-d6abad570ea8
85194bd5-d983-4ab1-998c-cd1ffe086b87,order,0c1468f2-251d-4438-bc24-f8957ef677c8,Copelata,Animalia,Appendicularia,https://vvtaxatree.tbn.org.tw/taxa/85194bd5-d983-4ab1-998c-cd1ffe086b87
f23bd57b-260b-4d06-a9ac-79976717f6a7,order,2ebfc5bd-50ab-4d69-927a-9804721ad6dd,Corallimorpharia,Animalia,Hexacorallia,https://vvtaxatree.tbn.org.tw/taxa/f23bd57b-260b-4d06-a9ac-79976717f6a7
12bbbf45-9998-4f25-9f32-b586c112e7c8,order,5adebc00-3d08-49ef-b21b-2d765a9c7908,Coronatae,Animalia,Scyphozoa,https://vvtaxatree.tbn.org.tw/taxa/12bbbf45-9998-4f25-9f32-b586c112e7c8
b0b2b211-b686-485d-a832-cd856684c1b5,order,eed3b24e-38fa-4543-a225-95e2bd8ae31a,Craniida,Animalia,Craniata,https://vvtaxatree.tbn.org.tw/taxa/b0b2b211-b686-485d-a832-cd856684c1b5
9bbea23c-70af-44f6-892e-08930a6bdcdd,order,61c435a6-2f76-4d87-be14-b17e0b4b4a64,Craterostigmomorpha,Animalia,Chilopoda,https://vvtaxatree.tbn.org.tw/taxa/9bbea23c-70af-44f6-892e-08930a6bdcdd
f9163098-5429-4810-994c-e6586c5a5bb9,order,4c11b834-a237-43aa-a7a4-070befd7207a,Cryptolobiferida,Animalia,Tentaculata,https://vvtaxatree.tbn.org.tw/taxa/f9163098-5429-4810-994c-e6586c5a5bb9
2abfda50-26fc-44c0-b177-319cf5b3946e,order,ad034a7b-9aa2-472d-8433-65f141ecae02,Cryptophialida,Animalia,Thecostraca,https://vvtaxatree.tbn.org.tw/taxa/2abfda50-26fc-44c0-b177-319cf5b3946e
347fc76c-3ea2-44e1-a131-c89203a6c2db,order,f55731ca-ca4e-4231-9155-3d032ce79e04,Ctenostomata,Animalia,Gymnolaemata,https://vvtaxatree.tbn.org.tw/taxa/347fc76c-3ea2-44e1-a131-c89203a6c2db
ee51221e-b876-4d2b-ac9a-b5b2608e576f,order,50b56696-7b2e-4a32-8591-1b85c8c382fd,Cycloneritimorpha,Animalia,Gastropoda,https://vvtaxatree.tbn.org.tw/taxa/ee51221e-b876-4d2b-ac9a-b5b2608e576f
59c1770c-b646-40a6-a152-bb7106027369,order,9199b52f-6ed6-4e37-8d33-bd2a24e745ff,Cyclorhagida,Animalia,"",https://vvtaxatree.tbn.org.tw/taxa/59c1770c-b646-40a6-a152-bb7106027369
8955c3f6-41b9-428b-b4c3-1ea009b3a0ea,order,4c11b834-a237-43aa-a7a4-070befd7207a,Cydippida,Animalia,Tentaculata,https://vvtaxatree.tbn.org.tw/taxa/8955c3f6-41b9-428b-b4c3-1ea009b3a0ea
ce1974dc-080f-4553-a48a-baed262fc9e9,order,dc9b5389-e645-4182-8d24-d262f31e92c2,Cyrtocrinida,Animalia,Crinoidea,https://vvtaxatree.tbn.org.tw/taxa/ce1974dc-080f-4553-a48a-baed262fc9e9
603790c5-756c-4eb5-94ef-b102a7b705db,order,31a094ae-eea7-4a9a-89dd-1dbc3000c855,Dactylogyridea,Animalia,Neoophora,https://vvtaxatree.tbn.org.tw/taxa/603790c5-756c-4eb5-94ef-b102a7b705db
b8cd78ea-9519-442e-84c2-1ceac0d5ab03,order,d19774ba-a0a9-4170-ad24-b838f0bb7c6d,Dalytyphloplanida,Animalia,Neoophora,https://vvtaxatree.tbn.org.tw/taxa/b8cd78ea-9519-442e-84c2-1ceac0d5ab03
50bd12db-bf35-4926-ae5e-491c8ff57d0d,order,83a9bce3-8fa5-4368-b298-32858c42dd4c,Dendroceratida,Animalia,Demospongiae,https://vvtaxatree.tbn.org.tw/taxa/50bd12db-bf35-4926-ae5e-491c8ff57d0d
90661c44-cca4-48eb-bb72-0f0f3be90a9a,order,36a53c06-bf2a-436e-92b5-8fa09c900eb8,Dendrogastrida,Animalia,Thecostraca,https://vvtaxatree.tbn.org.tw/taxa/90661c44-cca4-48eb-bb72-0f0f3be90a9a
05559699-24b0-4619-9d28-9832fbf23304,order,7b206e9d-00b6-4008-8986-4c2fed116f44,Dermoptera,Animalia,Mammalia,https://vvtaxatree.tbn.org.tw/taxa/05559699-24b0-4619-9d28-9832fbf23304
fcbbc345-0759-4837-bdd0-8dac4096eb14,order,6e6968c1-e48f-4bbd-bf59-9eba0921bb90,Desmodorida,Animalia,Chromadorea,https://vvtaxatree.tbn.org.tw/taxa/fcbbc345-0759-4837-bdd0-8dac4096eb14
db1e6434-2d91-4772-8f52-0b28d56c8296,order,6e6968c1-e48f-4bbd-bf59-9eba0921bb90,Desmoscolecida,Animalia,Chromadorea,https://vvtaxatree.tbn.org.tw/taxa/db1e6434-2d91-4772-8f52-0b28d56c8296
10739667-3e40-434b-85a2-8a021f13c21f,order,31a094ae-eea7-4a9a-89dd-1dbc3000c855,Diclybothriidea,Animalia,Neoophora,https://vvtaxatree.tbn.org.tw/taxa/10739667-3e40-434b-85a2-8a021f13c21f
ec5b4e66-4eb7-4f5f-9345-617e8745a6ea,order,8888c8b0-7ca5-4a14-894a-1efe47fff01d,Dicyemida,Animalia,"",https://vvtaxatree.tbn.org.tw/taxa/ec5b4e66-4eb7-4f5f-9345-617e8745a6ea
8c5da1ba-96fa-4687-863a-f5b750a53e99,order,777478a1-d193-4f3f-b88c-23646f25c1b4,Didelphimorphia,Animalia,Mammalia,https://vvtaxatree.tbn.org.tw/taxa/8c5da1ba-96fa-4687-863a-f5b750a53e99
dfbc569f-5d4e-47be-bbf4-7dabf5aa9761,order,8cea5fb8-cd17-4302-89b5-9cfabf3225ee,Dioctophymatida,Animalia,Dorylaimea,https://vvtaxatree.tbn.org.tw/taxa/dfbc569f-5d4e-47be-bbf4-7dabf5aa9761
85d95f92-a1ef-4f4e-a753-eab08c24f22d,order,7ace2c07-874c-4b63-8ac5-8e6f1ab30334,Diphyllidea,Animalia,Neoophora,https://vvtaxatree.tbn.org.tw/taxa/85d95f92-a1ef-4f4e-a753-eab08c24f22d
3a279a61-b51a-40f3-be5f-e81679188cb3,order,7ace2c07-874c-4b63-8ac5-8e6f1ab30334,Diphyllobothriidea,Animalia,Neoophora,https://vvtaxatree.tbn.org.tw/taxa/3a279a61-b51a-40f3-be5f-e81679188cb3
37a4dbce-3618-43c5-9d37-bae93c6f3ae7,order,cd95bb55-82fe-4810-add5-f36116093be8,Diplogasterida,Animalia,Chromadorea,https://vvtaxatree.tbn.org.tw/taxa/37a4dbce-3618-43c5-9d37-bae93c6f3ae7
530dfde4-0d10-4369-8540-53cbb409f821,order,0138a9ad-db19-4b58-b006-5eebb4e12c43,Dorylaimida,Animalia,Dorylaimea,https://vvtaxatree.tbn.org.tw/taxa/530dfde4-0d10-4369-8540-53cbb409f821
e8e26625-1264-4af6-a980-2afa05a3de2c,order,cd95bb55-82fe-4810-add5-f36116093be8,Drilonematida,Animalia,Chromadorea,https://vvtaxatree.tbn.org.tw/taxa/e8e26625-1264-4af6-a980-2afa05a3de2c
3e5dd87f-e375-43f4-8761-e5042c466874,order,5dc49e0a-ec9e-448a-81f2-017bb180f0ff,Echinolampadoida,Animalia,Echinoidea,https://vvtaxatree.tbn.org.tw/taxa/3e5dd87f-e375-43f4-8761-e5042c466874
affe3ac9-9dcb-4352-8c89-a0fd2aae4cd5,order,033b94a4-1e1c-4482-8c6f-647e5f8fb89f,Echinorhynchida,Animalia,Palaeacanthocephala,https://vvtaxatree.tbn.org.tw/taxa/affe3ac9-9dcb-4352-8c89-a0fd2aae4cd5
a7bee127-ca1a-4d9e-824b-ff27412dd69b,order,ceab6830-ec4a-4754-bf01-3edd5fcb86aa,Echiuroinea,Animalia,Polychaeta,https://vvtaxatree.tbn.org.tw/taxa/a7bee127-ca1a-4d9e-824b-ff27412dd69b
cc183a5a-5c83-40cd-8679-96dc36c7fb5f,order,b1ebfe5a-0dee-46fe-8d40-82afb230e5d0,Elasipodida,Animalia,Holothuroidea,https://vvtaxatree.tbn.org.tw/taxa/cc183a5a-5c83-40cd-8679-96dc36c7fb5f
700d902d-d27d-4d37-b664-3fca35bc01dd,order,a24c791a-71a3-4df3-a329-42318abcfaf6,Enchytraeida,Animalia,Clitellata,https://vvtaxatree.tbn.org.tw/taxa/700d902d-d27d-4d37-b664-3fca35bc01dd
e3b5a270-954c-4c90-9460-9ea1f9521f9f,order,d19774ba-a0a9-4170-ad24-b838f0bb7c6d,Endoaxonemata,Animalia,Neoophora,https://vvtaxatree.tbn.org.tw/taxa/e3b5a270-954c-4c90-9460-9ea1f9521f9f
0c1a0ec9-2c6a-4acf-8b53-4bf5071f32f8,order,1682d8c0-6dd0-43c2-b7c0-afbd412f87bb,Enterogona,Animalia,Ascidiacea,https://vvtaxatree.tbn.org.tw/taxa/0c1a0ec9-2c6a-4acf-8b53-4bf5071f32f8
b5f36105-5028-4518-9d1a-bef886a68a97,order,c80f0f35-4487-4123-bd03-5d40108ff37d,Eosentomata,Animalia,Protura,https://vvtaxatree.tbn.org.tw/taxa/b5f36105-5028-4518-9d1a-bef886a68a97
86657492-28b4-4fd8-9303-39730a4c8710,order,d00392ff-779f-42ae-bccd-df0bdcf4c747,Ephippiformes,Animalia,Actinopteri,https://vvtaxatree.tbn.org.tw/taxa/86657492-28b4-4fd8-9303-39730a4c8710
c6d3d926-a887-4761-b485-2df2c97569c4,order,d00392ff-779f-42ae-bccd-df0bdcf4c747,Esociformes,Animalia,Actinopteri,https://vvtaxatree.tbn.org.tw/taxa/c6d3d926-a887-4761-b485-2df2c97569c4
6bef929d-f747-44f5-8f6d-064326a05e13,order,093b161f-d4ca-4140-afa5-a78206ff3328,Euonycophora,Animalia,Udeonycophora,https://vvtaxatree.tbn.org.tw/taxa/6bef929d-f747-44f5-8f6d-064326a05e13
52165846-fd2a-4530-a46b-505d34ecac1e,order,100d0a3a-cae0-455d-958f-a3cd91bd97c5,Euryalida,Animalia,Ophiuroidea,https://vvtaxatree.tbn.org.tw/taxa/52165846-fd2a-4530-a46b-505d34ecac1e
632c3a0d-cec2-4531-9c20-be60c3121fa2,order,2b7b93c0-f1b5-483f-bd3b-34e2e5186d1b,Fecampiida,Animalia,Neoophora,https://vvtaxatree.tbn.org.tw/taxa/632c3a0d-cec2-4531-9c20-be60c3121fa2
d190d568-7e9e-400c-a9a8-b45cfcc027ed,order,12ed0ca0-baac-4446-9406-5db534377583,Fieldingida,Animalia,Hexactinellida,https://vvtaxatree.tbn.org.tw/taxa/d190d568-7e9e-400c-a9a8-b45cfcc027ed
b4852c9a-fa45-4e76-ab60-076d32aa8653,order,04754f4b-f558-44a8-8fdc-b2077e0fd552,Filospermoidea,Animalia,"",https://vvtaxatree.tbn.org.tw/taxa/b4852c9a-fa45-4e76-ab60-076d32aa8653
40c577b0-fa8b-49b3-9f2a-594d23cabb70,order,080fb27d-57a7-4eb4-a0b6-23647327357f,Flosculariaceae,Animalia,Eurotatoria,https://vvtaxatree.tbn.org.tw/taxa/40c577b0-fa8b-49b3-9f2a-594d23cabb70
62e7d40c-0c84-4ec9-ba55-9027df6df447,order,4c11b834-a237-43aa-a7a4-070befd7207a,Ganeshida,Animalia,Tentaculata,https://vvtaxatree.tbn.org.tw/taxa/62e7d40c-0c84-4ec9-ba55-9027df6df447
47fbbb8c-6c55-4f38-ba93-76fcdae0c4f1,order,42497bbb-dace-45c8-9176-a49e824d0867,Gelyelloida,Animalia,Copepoda,https://vvtaxatree.tbn.org.tw/taxa/47fbbb8c-6c55-4f38-ba93-76fcdae0c4f1
20db5280-f165-4118-9b6f-e8b60baa5321,order,519d17f4-ad08-4b9d-8168-0d0bba053b1d,Glomeridesmida,Animalia,Diplopoda,https://vvtaxatree.tbn.org.tw/taxa/20db5280-f165-4118-9b6f-e8b60baa5321
f018b185-9ab9-4264-a13a-9f067784ec09,order,dc74a9fc-22c5-4549-8bd3-1c5bfe8e1e2b,Gonoproxima,Animalia,Hydrozoa,https://vvtaxatree.tbn.org.tw/taxa/f018b185-9ab9-4264-a13a-9f067784ec09
5ffeae17-e54f-475b-a755-117936ac7121,order,f684d7e1-9074-4980-bac6-496177b566b5,Grylloblattodea,Animalia,Insecta,https://vvtaxatree.tbn.org.tw/taxa/5ffeae17-e54f-475b-a755-117936ac7121
33c2e305-b8f3-4972-bbb3-58ba6ca36122,order,559ea8e2-0d3d-4aaf-97d5-d047ae9680f5,Gymnophiona,Animalia,Amphibia,https://vvtaxatree.tbn.org.tw/taxa/33c2e305-b8f3-4972-bbb3-58ba6ca36122
84591c5f-668b-4f45-8e32-cbe39ecc897d,order,0a24c10d-65f8-42db-aaad-b6d889b7d5e0,Gyracanthocephala,Animalia,Eoacanthocephala,https://vvtaxatree.tbn.org.tw/taxa/84591c5f-668b-4f45-8e32-cbe39ecc897d
5ea96ff7-2893-4e54-9b8b-5fdf2441c42f,order,7ace2c07-874c-4b63-8ac5-8e6f1ab30334,Gyrocotylidea,Animalia,Neoophora,https://vvtaxatree.tbn.org.tw/taxa/5ea96ff7-2893-4e54-9b8b-5fdf2441c42f
befae4e4-b55f-426f-b3d8-e27fefce2d6f,order,31a094ae-eea7-4a9a-89dd-1dbc3000c855,Gyrodactylidea,Animalia,Neoophora,https://vvtaxatree.tbn.org.tw/taxa/befae4e4-b55f-426f-b3d8-e27fefce2d6f
b804a7f9-31bf-4173-a077-85f14949acdb,order,aadc88b6-c9a0-47e8-b601-68e07d3d994b,Haplopharyngida,Animalia,Macrostomorpha,https://vvtaxatree.tbn.org.tw/taxa/b804a7f9-31bf-4173-a077-85f14949acdb
7254a3af-6bee-4790-8db7-473c91794fee,order,83a9bce3-8fa5-4368-b298-32858c42dd4c,Haplosclerida,Animalia,Demospongiae,https://vvtaxatree.tbn.org.tw/taxa/7254a3af-6bee-4790-8db7-473c91794fee
70bdbd93-fdec-42e0-beb8-c55d0a28770a,order,5867f304-bbb8-468f-bed3-e810545a7c22,Helioporacea,Animalia,Octocorallia,https://vvtaxatree.tbn.org.tw/taxa/70bdbd93-fdec-42e0-beb8-c55d0a28770a
9452ba54-d430-41f5-abfb-9b2b45d7bcc4,order,033b94a4-1e1c-4482-8c6f-647e5f8fb89f,Heteramorphida,Animalia,Palaeacanthocephala,https://vvtaxatree.tbn.org.tw/taxa/9452ba54-d430-41f5-abfb-9b2b45d7bcc4
d0e4ed52-cbaa-4f96-a34f-55f46b7e1882,order,8888c8b0-7ca5-4a14-894a-1efe47fff01d,Heterocyemida,Animalia,"",https://vvtaxatree.tbn.org.tw/taxa/d0e4ed52-cbaa-4f96-a34f-55f46b7e1882
874d030b-7ec1-455e-bfc6-85bebc192f2d,order,ceab6830-ec4a-4754-bf01-3edd5fcb86aa,Heteromyota,Animalia,Polychaeta,https://vvtaxatree.tbn.org.tw/taxa/874d030b-7ec1-455e-bfc6-85bebc192f2d
abba5852-0eb5-4718-8fd3-96c0336cbb3b,order,12ed0ca0-baac-4446-9406-5db534377583,Hexactinosida,Animalia,Hexactinellida,https://vvtaxatree.tbn.org.tw/taxa/abba5852-0eb5-4718-8fd3-96c0336cbb3b
995f78e8-8e68-41e3-adb4-6ddc0d87c6cf,order,950c5ca0-65b3-404a-9429-260e026b5d0b,Hexamerocerata,Animalia,Pauropoda,https://vvtaxatree.tbn.org.tw/taxa/995f78e8-8e68-41e3-adb4-6ddc0d87c6cf
c4cc2d2a-2d94-451b-a6ef-87a1299c62f0,order,d00392ff-779f-42ae-bccd-df0bdcf4c747,Hidontiformes,Animalia,Actinopteri,https://vvtaxatree.tbn.org.tw/taxa/c4cc2d2a-2d94-451b-a6ef-87a1299c62f0
0009b266-7906-4086-bd33-e3c8530c019f,order,5dc49e0a-ec9e-448a-81f2-017bb180f0ff,Holasteroida,Animalia,Echinoidea,https://vvtaxatree.tbn.org.tw/taxa/0009b266-7906-4086-bd33-e3c8530c019f
e73030cf-da73-467c-9f0c-2f746ce2db95,order,d00392ff-779f-42ae-bccd-df0bdcf4c747,Holocentriformes,Animalia,Actinopteri,https://vvtaxatree.tbn.org.tw/taxa/e73030cf-da73-467c-9f0c-2f746ce2db95
574aaf6c-6f0b-477d-91d5-aa868d411ffe,order,c37a1021-0d04-454d-a55a-a3751540da5e,Holothyrida,Animalia,Arachnida,https://vvtaxatree.tbn.org.tw/taxa/574aaf6c-6f0b-477d-91d5-aa868d411ffe
15194037-0ef1-4a0c-bc13-af0a0c08599e,order,9199b52f-6ed6-4e37-8d33-bd2a24e745ff,Homalorhagida,Animalia,"",https://vvtaxatree.tbn.org.tw/taxa/15194037-0ef1-4a0c-bc13-af0a0c08599e
2d6dcfd5-2c93-48c8-b014-59caeecf8eba,order,dc9b5389-e645-4182-8d24-d262f31e92c2,Hyocrinida,Animalia,Crinoidea,https://vvtaxatree.tbn.org.tw/taxa/2d6dcfd5-2c93-48c8-b014-59caeecf8eba
d0e0d6dc-7565-4ce3-b883-b29f469816cd,order,7b206e9d-00b6-4008-8986-4c2fed116f44,Hyracoidea,Animalia,Mammalia,https://vvtaxatree.tbn.org.tw/taxa/d0e0d6dc-7565-4ce3-b883-b29f469816cd
0f7412c1-d1f9-4260-b8d0-07c157e42e9f,order,b544caf9-bb6b-4c97-8211-3aac39593715,Inguania,Animalia,Reptilia,https://vvtaxatree.tbn.org.tw/taxa/0f7412c1-d1f9-4260-b8d0-07c157e42e9f
b83a108b-298d-40d0-9f11-a5a34531c529,order,d7abd8b7-590d-4429-9c61-132d5a9b72db,Ironida,Animalia,Enoplea,https://vvtaxatree.tbn.org.tw/taxa/b83a108b-298d-40d0-9f11-a5a34531c529
66aba2c1-4cd5-403a-acc6-7f78340f9c27,order,d00392ff-779f-42ae-bccd-df0bdcf4c747,Istiophoriformes,Animalia,Actinopteri,https://vvtaxatree.tbn.org.tw/taxa/66aba2c1-4cd5-403a-acc6-7f78340f9c27
370c9561-a8b2-4795-bcb2-e35bd1e57e47,order,d19774ba-a0a9-4170-ad24-b838f0bb7c6d,Kalyptorhynchia,Animalia,Neoophora,https://vvtaxatree.tbn.org.tw/taxa/370c9561-a8b2-4795-bcb2-e35bd1e57e47
789ffb1b-440c-4d9e-b883-68ef6dbd3149,order,fed1e06f-3d52-4f12-8dcf-7aeed0552eb0,Laevicaudata,Animalia,Branchiopoda,https://vvtaxatree.tbn.org.tw/taxa/789ffb1b-440c-4d9e-b883-68ef6dbd3149
d611fe19-0c28-40b3-a332-fcb3adfc62f9,order,7ace2c07-874c-4b63-8ac5-8e6f1ab30334,Lecanicephalidea,Animalia,Neoophora,https://vvtaxatree.tbn.org.tw/taxa/d611fe19-0c28-40b3-a332-fcb3adfc62f9
2fb259ab-b654-4830-9b79-8382ceaa7443,order,1248f0e7-b122-4789-bce2-857ffcbf0a08,Lecithoepitheliata,Animalia,Polycladidea,https://vvtaxatree.tbn.org.tw/taxa/2fb259ab-b654-4830-9b79-8382ceaa7443
a2b57ec4-a52b-4a82-aed5-b10b4fc5afe9,order,19dfd03a-da16-46f6-b045-b0d444378ac1,Lepidosirenoformes,Animalia,Dipnoi,https://vvtaxatree.tbn.org.tw/taxa/a2b57ec4-a52b-4a82-aed5-b10b4fc5afe9
716c1b3f-8556-4ff4-b336-e8d105bbb26e,order,f48859c5-a6db-48c9-8d96-cbf749e7b29b,Leptolaimida,Animalia,Chromadorea,https://vvtaxatree.tbn.org.tw/taxa/716c1b3f-8556-4ff4-b336-e8d105bbb26e
fcc96ce6-9099-4e96-8dbc-1b2135d10c1e,order,0c4b1393-4383-4026-a958-581d3a12c6b2,Leptosomiformes,Animalia,Aves,https://vvtaxatree.tbn.org.tw/taxa/fcc96ce6-9099-4e96-8dbc-1b2135d10c1e
368fb9f9-7be7-4f8c-b1b7-c717fd285d34,order,f0e6b04d-5828-45a3-a1a6-4605d96f685a,Leptostraca,Animalia,Malacostraca,https://vvtaxatree.tbn.org.tw/taxa/368fb9f9-7be7-4f8c-b1b7-c717fd285d34
b521dcd1-59da-4afb-971f-d7f0b23b08db,order,13c1a99f-a032-4b18-a26b-3bd87d80a82e,Leucosolenida,Animalia,Calcarea,https://vvtaxatree.tbn.org.tw/taxa/b521dcd1-59da-4afb-971f-d7f0b23b08db
ac387b29-6309-4b1b-890c-58ea677a4fb7,order,9a1a4b4a-3bb2-4466-86de-e315e609af37,Limnognathida,Animalia,"",https://vvtaxatree.tbn.org.tw/taxa/ac387b29-6309-4b1b-890c-58ea677a4fb7
69eb133f-afcb-4f67-bd31-fe694981dae1,order,9d8e4f79-3b89-4ed7-a5ba-14d9e918ca12,Limnomedusae,Animalia,Hydrozoa,https://vvtaxatree.tbn.org.tw/taxa/69eb133f-afcb-4f67-bd31-fe694981dae1
a2100ee6-686d-4cad-ae04-f1bb18f33abb,order,ad034a7b-9aa2-472d-8433-65f141ecae02,Lithoglyptida,Animalia,Thecostraca,https://vvtaxatree.tbn.org.tw/taxa/a2100ee6-686d-4cad-ae04-f1bb18f33abb
8bbc3823-de60-48fc-a947-e2cbf6d615ba,order,13c1a99f-a032-4b18-a26b-3bd87d80a82e,Lithonida,Animalia,Calcarea,https://vvtaxatree.tbn.org.tw/taxa/8bbc3823-de60-48fc-a947-e2cbf6d615ba
aa6027cd-2d31-4633-a709-95bf50eb6314,order,7ace2c07-874c-4b63-8ac5-8e6f1ab30334,Litobothridea,Animalia,Neoophora,https://vvtaxatree.tbn.org.tw/taxa/aa6027cd-2d31-4633-a709-95bf50eb6314
26bd22ab-e72f-40af-a00b-326d7194165d,order,4c11b834-a237-43aa-a7a4-070befd7207a,Lobata,Animalia,Tentaculata,https://vvtaxatree.tbn.org.tw/taxa/26bd22ab-e72f-40af-a00b-326d7194165d
a9ad7e79-bd83-4e9a-aa3b-e871a0e040de,order,a24c791a-71a3-4df3-a329-42318abcfaf6,Lumbriculida,Animalia,Clitellata,https://vvtaxatree.tbn.org.tw/taxa/a9ad7e79-bd83-4e9a-aa3b-e871a0e040de
c9c0e1b5-7625-44c5-b31a-df7d25d3642a,order,12ed0ca0-baac-4446-9406-5db534377583,Lychniscosida,Animalia,Hexactinellida,https://vvtaxatree.tbn.org.tw/taxa/c9c0e1b5-7625-44c5-b31a-df7d25d3642a
3bf6f730-c1fc-4a9c-a6bd-2a088607a385,order,12ed0ca0-baac-4446-9406-5db534377583,Lyssacinosida,Animalia,Hexactinellida,https://vvtaxatree.tbn.org.tw/taxa/3bf6f730-c1fc-4a9c-a6bd-2a088607a385
6429ea8f-41db-42c5-ac1c-70d1d0226de8,order,322abf45-e72d-460d-9720-e371d1adf042,Macrodasyida,Animalia,"",https://vvtaxatree.tbn.org.tw/taxa/6429ea8f-41db-42c5-ac1c-70d1d0226de8
8427ef5a-383a-40cd-9e59-bd2fef770687,order,7b206e9d-00b6-4008-8986-4c2fed116f44,Macroscelidea,Animalia,Mammalia,https://vvtaxatree.tbn.org.tw/taxa/8427ef5a-383a-40cd-9e59-bd2fef770687
d20cf0d0-8a29-402e-9fd9-3555bcd9aeca,order,aadc88b6-c9a0-47e8-b601-68e07d3d994b,Macrostomida,Animalia,Macrostomorpha,https://vvtaxatree.tbn.org.tw/taxa/d20cf0d0-8a29-402e-9fd9-3555bcd9aeca
f3bf770e-04e4-4b4c-af6f-9a07851d3bf4,order,920ed61e-64a3-4ceb-b3e3-0a94d3a8ebdc,Malacovalvulida,Animalia,Malacosporea,https://vvtaxatree.tbn.org.tw/taxa/f3bf770e-04e4-4b4c-af6f-9a07851d3bf4
e57c99c7-3115-4bff-8d56-9a357b0943e7,order,f684d7e1-9074-4980-bac6-496177b566b5,Mantophasmatodea,Animalia,Insecta,https://vvtaxatree.tbn.org.tw/taxa/e57c99c7-3115-4bff-8d56-9a357b0943e7
3b4375b6-d6e3-496b-87bb-f2ef04ff617e,order,8cea5fb8-cd17-4302-89b5-9cfabf3225ee,Marimermithida,Animalia,Dorylaimea,https://vvtaxatree.tbn.org.tw/taxa/3b4375b6-d6e3-496b-87bb-f2ef04ff617e
91aef90d-a478-409a-9c29-d2b26254f57c,order,31a094ae-eea7-4a9a-89dd-1dbc3000c855,Mazocraeidea,Animalia,Neoophora,https://vvtaxatree.tbn.org.tw/taxa/91aef90d-a478-409a-9c29-d2b26254f57c
7bfa30fd-25d5-489f-9310-d9560177520a,order,44b63cb0-284d-4f01-bb3f-fb22a5aecb78,Megaloptera,Animalia,Insecta,https://vvtaxatree.tbn.org.tw/taxa/7bfa30fd-25d5-489f-9310-d9560177520a
0573f918-81f4-42dc-bf5b-efc4740867ac,order,0c4b1393-4383-4026-a958-581d3a12c6b2,Mesitornithiformes,Animalia,Aves,https://vvtaxatree.tbn.org.tw/taxa/0573f918-81f4-42dc-bf5b-efc4740867ac
97826240-06d6-45ec-8ac0-bc83f5850a1f,order,777478a1-d193-4f3f-b88c-23646f25c1b4,Microbiotheria,Animalia,Mammalia,https://vvtaxatree.tbn.org.tw/taxa/97826240-06d6-45ec-8ac0-bc83f5850a1f
5ff279ca-46fe-44de-afac-2fe67290a263,order,e2a75567-c0ce-4c20-b3cc-137eb5321b95,Micropygoida,Animalia,Echinoidea,https://vvtaxatree.tbn.org.tw/taxa/5ff279ca-46fe-44de-afac-2fe67290a263
81b59142-a60e-49f0-a888-280550389161,order,05cddddc-c20f-455d-86dd-cfdda6239f08,Mictacea,Animalia,Malacostraca,https://vvtaxatree.tbn.org.tw/taxa/81b59142-a60e-49f0-a888-280550389161
746a2613-325a-4d12-9519-2855206ff39e,order,5fd07eb1-a811-45a6-a9a5-ffd635a71856,Moniliformida,Animalia,Archiacanthocephala,https://vvtaxatree.tbn.org.tw/taxa/746a2613-325a-4d12-9519-2855206ff39e
e11423fd-6848-429d-9985-5b86648af7e2,order,31a094ae-eea7-4a9a-89dd-1dbc3000c855,Monocotylidea,Animalia,Neoophora,https://vvtaxatree.tbn.org.tw/taxa/e11423fd-6848-429d-9985-5b86648af7e2
86b814e2-fe12-4aae-8fac-b4b009875f88,order,bb7334ab-f171-41e3-bf71-042e4d00f881,Mononchida,Animalia,Dorylaimea,https://vvtaxatree.tbn.org.tw/taxa/86b814e2-fe12-4aae-8fac-b4b009875f88
4bbf916b-52bd-40e2-8d05-2e6303214dc9,order,fe963417-63f3-47c6-a065-a4fe5bbe3db6,Monostilifera,Animalia,Enopla,https://vvtaxatree.tbn.org.tw/taxa/4bbf916b-52bd-40e2-8d05-2e6303214dc9
da7c5ad0-3b3b-4e32-8c5e-606b6f28b351,order,31a094ae-eea7-4a9a-89dd-1dbc3000c855,Montchadskyellidea,Animalia,Neoophora,https://vvtaxatree.tbn.org.tw/taxa/da7c5ad0-3b3b-4e32-8c5e-606b6f28b351
5bd32835-e7dc-444d-abd4-ef443b6cc68e,order,13c1a99f-a032-4b18-a26b-3bd87d80a82e,Murrayonida,Animalia,Calcarea,https://vvtaxatree.tbn.org.tw/taxa/5bd32835-e7dc-444d-abd4-ef443b6cc68e
ef9e3c8e-efbc-4cfe-b13c-acca1f99549a,order,8cea5fb8-cd17-4302-89b5-9cfabf3225ee,Muspiceida,Animalia,Dorylaimea,https://vvtaxatree.tbn.org.tw/taxa/ef9e3c8e-efbc-4cfe-b13c-acca1f99549a
90bd1b10-91ce-4a6a-84ee-3e66a43736f4,order,ece8f8a3-5f59-4d26-8c08-72114f4d2d6b,Mystacocaridida,Animalia,Maxillopoda,https://vvtaxatree.tbn.org.tw/taxa/90bd1b10-91ce-4a6a-84ee-3e66a43736f4
2f40d1fe-94f5-4cc0-99e1-bdae6f55b433,order,d1ce1bd4-5392-4206-8be0-93f665078fb8,Myzostomida,Animalia,"",https://vvtaxatree.tbn.org.tw/taxa/2f40d1fe-94f5-4cc0-99e1-bdae6f55b433
53eed0c2-34ec-4e3e-af1d-1e42166b68f2,order,61eff620-7322-458e-a1c1-d894cdfcce02,Nanaloricida,Animalia,"",https://vvtaxatree.tbn.org.tw/taxa/53eed0c2-34ec-4e3e-af1d-1e42166b68f2
b863bf8d-575c-48b8-bb49-cda2c850c636,order,9d8e4f79-3b89-4ed7-a5ba-14d9e918ca12,Narcomedusae,Animalia,Hydrozoa,https://vvtaxatree.tbn.org.tw/taxa/b863bf8d-575c-48b8-bb49-cda2c850c636
fcb74329-25d8-43f8-a3c5-a6641ea7c2b6,order,e8de5a2f-9a82-4866-a2a9-995a4bbf106f,Nautilida,Animalia,Cephalopoda,https://vvtaxatree.tbn.org.tw/taxa/fcb74329-25d8-43f8-a3c5-a6641ea7c2b6
a8660aaa-1d28-4442-9373-da70d86487a1,order,733fff7f-f551-4e21-b120-0bb8a382be4d,Nectiopoda,Animalia,Remipedia,https://vvtaxatree.tbn.org.tw/taxa/a8660aaa-1d28-4442-9373-da70d86487a1
b5cacb61-29a5-4e8e-8e25-73ef09501a12,order,bd25ad9b-46bd-4f27-98df-e6c80e248461,Nectonematoidea,Animalia,"",https://vvtaxatree.tbn.org.tw/taxa/b5cacb61-29a5-4e8e-8e25-73ef09501a12
abc3b7a8-04c8-46ee-83cf-5e5bdc696e22,order,381c9d62-c4ff-4d01-88ec-d825bd36d366,Neelipleona,Animalia,Collembola,https://vvtaxatree.tbn.org.tw/taxa/abc3b7a8-04c8-46ee-83cf-5e5bdc696e22
d6bfb8dd-13ac-4b5a-89a9-dc9f22d97086,order,0a24c10d-65f8-42db-aaad-b6d889b7d5e0,Neoechinorhynchida,Animalia,Eoacanthocephala,https://vvtaxatree.tbn.org.tw/taxa/d6bfb8dd-13ac-4b5a-89a9-dc9f22d97086
25907a16-c52f-46f9-af4b-2836eef6d2e5,order,f8441415-6147-4126-8a75-e66532e045e4,Neomeniamorpha,Animalia,Solenogastres,https://vvtaxatree.tbn.org.tw/taxa/25907a16-c52f-46f9-af4b-2836eef6d2e5
5d7d77b9-b5ea-4b43-8f8c-caaf2ec40ba3,order,16d4fb88-fa6b-4dd0-bd7a-e3945b0304dd,Notomyotida,Animalia,Asteroidea,https://vvtaxatree.tbn.org.tw/taxa/5d7d77b9-b5ea-4b43-8f8c-caaf2ec40ba3
91f7e226-2274-460a-8469-215e1125b6ea,order,777478a1-d193-4f3f-b88c-23646f25c1b4,Notoryctemorphia,Animalia,Mammalia,https://vvtaxatree.tbn.org.tw/taxa/91f7e226-2274-460a-8469-215e1125b6ea
a44153b7-a530-4ca8-90a0-dd471bc53eb8,order,fed1e06f-3d52-4f12-8dcf-7aeed0552eb0,Notostraca,Animalia,Branchiopoda,https://vvtaxatree.tbn.org.tw/taxa/a44153b7-a530-4ca8-90a0-dd471bc53eb8
7c92237b-5ab3-4cc3-a5bf-9cb04505052a,order,5fd07eb1-a811-45a6-a9a5-ffd635a71856,Oligacanthorhynchida,Animalia,Archiacanthocephala,https://vvtaxatree.tbn.org.tw/taxa/7c92237b-5ab3-4cc3-a5bf-9cb04505052a
84fdba9a-89ba-4113-a587-dd4dec1663a5,order,a2faf0df-57b4-48b6-8249-2ef53275a479,Oncholaimida,Animalia,Enoplea,https://vvtaxatree.tbn.org.tw/taxa/84fdba9a-89ba-4113-a587-dd4dec1663a5
2f4ec9c0-133a-44ea-b4ff-072c8cecb4b6,order,c37a1021-0d04-454d-a55a-a3751540da5e,Opilioacarida,Animalia,Arachnida,https://vvtaxatree.tbn.org.tw/taxa/2f4ec9c0-133a-44ea-b4ff-072c8cecb4b6
7f5c82ce-483e-43b4-b96f-2be3cf1a19af,order,0c4b1393-4383-4026-a958-581d3a12c6b2,Opisthocomiformes,Animalia,Aves,https://vvtaxatree.tbn.org.tw/taxa/7f5c82ce-483e-43b4-b96f-2be3cf1a19af
7541c233-5dac-48b2-943c-c27439c9843a,order,e4d5b02a-71e4-4df7-bf4a-c15760f7b88a,Opistophora,Animalia,Clitellata,https://vvtaxatree.tbn.org.tw/taxa/7541c233-5dac-48b2-943c-c27439c9843a
37fb2e0f-62dd-4f04-9eed-46261008a212,order,0c4b1393-4383-4026-a958-581d3a12c6b2,Otidiformes,Animalia,Aves,https://vvtaxatree.tbn.org.tw/taxa/37fb2e0f-62dd-4f04-9eed-46261008a212
4db2a823-d147-4820-8d67-69df8b193fa6,order,1daf6032-f8df-4937-9bdb-a884da4b1e6d,Paleocopida,Animalia,Ostracoda,https://vvtaxatree.tbn.org.tw/taxa/4db2a823-d147-4820-8d67-69df8b193fa6
a6f39f65-0ea5-4938-83e2-f83b6f73fbfe,order,7145922d-56e8-4335-9ace-26199be88a52,Palpigradi,Animalia,Arachnida,https://vvtaxatree.tbn.org.tw/taxa/a6f39f65-0ea5-4938-83e2-f83b6f73fbfe
623dc66a-7e32-4653-a696-ee52d4a348c7,order,cd95bb55-82fe-4810-add5-f36116093be8,Panagrolaimida,Animalia,Chromadorea,https://vvtaxatree.tbn.org.tw/taxa/623dc66a-7e32-4653-a696-ee52d4a348c7
f87f3699-89eb-4daa-8197-43d0bb720116,order,777478a1-d193-4f3f-b88c-23646f25c1b4,Paucituberculata,Animalia,Mammalia,https://vvtaxatree.tbn.org.tw/taxa/f87f3699-89eb-4daa-8197-43d0bb720116
f43e4e7c-f88c-4ee6-b526-be864630b113,order,e2a75567-c0ce-4c20-b3cc-137eb5321b95,Pedinoida,Animalia,Echinoidea,https://vvtaxatree.tbn.org.tw/taxa/f43e4e7c-f88c-4ee6-b526-be864630b113
c7557d26-7a85-40a8-9774-c7da51f06577,order,d00392ff-779f-42ae-bccd-df0bdcf4c747,Pempheriformes,Animalia,Actinopteri,https://vvtaxatree.tbn.org.tw/taxa/c7557d26-7a85-40a8-9774-c7da51f06577
c7df1c58-bdd2-4660-b743-202cd9baf289,order,16d4fb88-fa6b-4dd0-bd7a-e3945b0304dd,Peripoda,Animalia,Asteroidea,https://vvtaxatree.tbn.org.tw/taxa/c7df1c58-bdd2-4660-b743-202cd9baf289
d391feac-4759-4083-9c22-d4a6951cb9f5,order,75b28577-52ee-4f6b-8162-247416c382b9,Pholadomyida,Animalia,Bivalvia,https://vvtaxatree.tbn.org.tw/taxa/d391feac-4759-4083-9c22-d4a6951cb9f5
82ba4c37-3e64-4359-878b-e72b011b010a,order,d00392ff-779f-42ae-bccd-df0bdcf4c747,Pholidichthyiformes,Animalia,Actinopteri,https://vvtaxatree.tbn.org.tw/taxa/82ba4c37-3e64-4359-878b-e72b011b010a
adf13dd4-b9cb-471e-a295-91d57613c788,order,f8441415-6147-4126-8a75-e66532e045e4,Pholidoskepia,Animalia,Solenogastres,https://vvtaxatree.tbn.org.tw/taxa/adf13dd4-b9cb-471e-a295-91d57613c788
ca760ea3-5ef5-47b5-bdfe-943e06cb6a27,order,9bd88952-8734-47fd-972f-963e879ed961,Plasmodigenea,Animalia,"",https://vvtaxatree.tbn.org.tw/taxa/ca760ea3-5ef5-47b5-bdfe-943e06cb6a27
68bfdb43-c11d-4778-b4c9-05ca8d61bd53,order,1daf6032-f8df-4937-9bdb-a884da4b1e6d,Platycopida,Animalia,Ostracoda,https://vvtaxatree.tbn.org.tw/taxa/68bfdb43-c11d-4778-b4c9-05ca8d61bd53
55ecb22e-91ad-4c66-9a3b-5bb23556964a,order,ce46388c-86bc-43e5-ad30-c6d28fef03f8,Platycopioida,Animalia,Copepoda,https://vvtaxatree.tbn.org.tw/taxa/55ecb22e-91ad-4c66-9a3b-5bb23556964a
bc2ac370-76ff-42bd-8265-345b1d02217a,order,4c11b834-a237-43aa-a7a4-070befd7207a,Platyctenida,Animalia,Tentaculata,https://vvtaxatree.tbn.org.tw/taxa/bc2ac370-76ff-42bd-8265-345b1d02217a
e751d3e2-8450-401c-b0d1-8306ff07a0b7,order,f48859c5-a6db-48c9-8d96-cbf749e7b29b,Plectida,Animalia,Chromadorea,https://vvtaxatree.tbn.org.tw/taxa/e751d3e2-8450-401c-b0d1-8306ff07a0b7
c11c8c29-9fb8-4e88-bfa7-82f190aac8fb,order,29226dd4-8a74-4778-9b42-44bcfe022497,Pleurobranchomorpha,Animalia,Gastropoda,https://vvtaxatree.tbn.org.tw/taxa/c11c8c29-9fb8-4e88-bfa7-82f190aac8fb
e2ca1664-8e7d-48b8-ad5b-a139db335ae6,order,1682d8c0-6dd0-43c2-b7c0-afbd412f87bb,Pleurogona,Animalia,Ascidiacea,https://vvtaxatree.tbn.org.tw/taxa/e2ca1664-8e7d-48b8-ad5b-a139db335ae6
9046b4e5-ab1d-4c58-9d0f-d1eaf9e3feac,order,d3485778-b4a2-4a57-acbf-a14d6d4a2257,Plumatellida,Animalia,Phylactolaemata,https://vvtaxatree.tbn.org.tw/taxa/9046b4e5-ab1d-4c58-9d0f-d1eaf9e3feac
9882b659-5547-4bca-bfac-d50ab7a638de,order,2e0683b5-cc96-40f5-a450-a825c369f278,Polyacanthorhynchida,Animalia,Polyacanthocephala,https://vvtaxatree.tbn.org.tw/taxa/9882b659-5547-4bca-bfac-d50ab7a638de
ed091ee4-329b-4a56-8b6d-b110bfdc90bb,order,318125a7-5cf9-4404-a915-83b455dc5e0c,Polypodiidea,Animalia,Polypodiozoa,https://vvtaxatree.tbn.org.tw/taxa/ed091ee4-329b-4a56-8b6d-b110bfdc90bb
f3fe0fc7-a397-451b-8fa1-bcf006dea9e0,order,fe963417-63f3-47c6-a065-a4fe5bbe3db6,Polystilifera,Animalia,Enopla,https://vvtaxatree.tbn.org.tw/taxa/f3fe0fc7-a397-451b-8fa1-bcf006dea9e0
f8a00283-57a6-40c1-ada0-07632db87252,order,2b7b93c0-f1b5-483f-bd3b-34e2e5186d1b,Prolecithophora,Animalia,Neoophora,https://vvtaxatree.tbn.org.tw/taxa/f8a00283-57a6-40c1-ada0-07632db87252
1cf24cdc-f83f-44df-9a6e-23646faaf88d,order,ea99191b-20b6-4223-bd8d-80376b4ee24a,Proseriata,Animalia,Polycladidea,https://vvtaxatree.tbn.org.tw/taxa/1cf24cdc-f83f-44df-9a6e-23646faaf88d
17f654ef-ab38-4e47-8d62-878c28bd3925,order,7073fced-85ae-40ea-8301-6c1bcc61c140,Pteriida,Animalia,Bivalvia,https://vvtaxatree.tbn.org.tw/taxa/17f654ef-ab38-4e47-8d62-878c28bd3925
31291e43-20ef-445c-b825-5ad9cf882b67,order,0c4b1393-4383-4026-a958-581d3a12c6b2,Pteroclidiformes,Animalia,Aves,https://vvtaxatree.tbn.org.tw/taxa/31291e43-20ef-445c-b825-5ad9cf882b67
9cc96234-ab3e-4fcf-bd2b-efc40fb50be5,order,c2eaaab4-6e4d-4972-9da2-cd0eff620e06,Pyrosomida,Animalia,Thaliacea,https://vvtaxatree.tbn.org.tw/taxa/9cc96234-ab3e-4fcf-bd2b-efc40fb50be5
e5acf6ef-e768-4291-b04c-8cfab97096bc,order,44b63cb0-284d-4f01-bb3f-fb22a5aecb78,Raphidioptera,Animalia,Insecta,https://vvtaxatree.tbn.org.tw/taxa/e5acf6ef-e768-4291-b04c-8cfab97096bc
b1a07875-fccf-425d-acb1-6b41d5d613d8,order,577c4abb-55d0-4d5d-a103-86d51f4101f5,Rhabdopleurida,Animalia,Pterobranchia,https://vvtaxatree.tbn.org.tw/taxa/b1a07875-fccf-425d-acb1-6b41d5d613d8
5f5d0194-9320-42c0-b056-2f727f3f06dc,order,d7abd8b7-590d-4429-9c61-132d5a9b72db,Rhaptothyreida,Animalia,Enoplea,https://vvtaxatree.tbn.org.tw/taxa/5f5d0194-9320-42c0-b056-2f727f3f06dc
14e7cc7d-7426-489d-939f-cf337ba6e251,order,7ace2c07-874c-4b63-8ac5-8e6f1ab30334,Rhinebothriidea,Animalia,Neoophora,https://vvtaxatree.tbn.org.tw/taxa/14e7cc7d-7426-489d-939f-cf337ba6e251
19dc45de-eefe-44ac-a08c-52330e3d6167,order,403af38f-27bc-4d63-b436-b883cb1aba0d,Rhynchonellida,Animalia,Rhynchonellata,https://vvtaxatree.tbn.org.tw/taxa/19dc45de-eefe-44ac-a08c-52330e3d6167
a1fc6731-2f53-4a92-b675-9ec6b8df5d2d,order,7145922d-56e8-4335-9ace-26199be88a52,Ricinulei,Animalia,Arachnida,https://vvtaxatree.tbn.org.tw/taxa/a1fc6731-2f53-4a92-b675-9ec6b8df5d2d
895a455b-7e59-49af-a22c-501560529eb8,order,29226dd4-8a74-4778-9b42-44bcfe022497,Runcinacea,Animalia,Gastropoda,https://vvtaxatree.tbn.org.tw/taxa/895a455b-7e59-49af-a22c-501560529eb8
e00b4b97-241b-428f-8374-2f0297d1c3f1,order,d9add79b-37af-48fb-a309-0cfdddc65301,Salenioida,Animalia,Echinoidea,https://vvtaxatree.tbn.org.tw/taxa/e00b4b97-241b-428f-8374-2f0297d1c3f1
0dacd4fd-e184-4af4-9593-cb863d818daf,order,7b206e9d-00b6-4008-8986-4c2fed116f44,Scandentia,Animalia,Mammalia,https://vvtaxatree.tbn.org.tw/taxa/0dacd4fd-e184-4af4-9593-cb863d818daf
218e568a-4a0c-4eff-a40c-00c4bea038b0,order,b544caf9-bb6b-4c97-8211-3aac39593715,Scincoidea,Animalia,Reptilia,https://vvtaxatree.tbn.org.tw/taxa/218e568a-4a0c-4eff-a40c-00c4bea038b0
151cc98b-1f72-4b5e-9459-0a0fd03a7bdb,order,f8743717-e751-41ea-ac1c-4069d443f998,Seisonacea,Animalia,Pararotatoria,https://vvtaxatree.tbn.org.tw/taxa/151cc98b-1f72-4b5e-9459-0a0fd03a7bdb
d430a178-be22-4116-af33-7027f8bbf617,order,6e6968c1-e48f-4bbd-bf59-9eba0921bb90,Selachinematida,Animalia,Chromadorea,https://vvtaxatree.tbn.org.tw/taxa/d430a178-be22-4116-af33-7027f8bbf617
23063182-cd2e-450a-966a-be7e8add9e4e,order,5adebc00-3d08-49ef-b21b-2d765a9c7908,Semaeostomeae,Animalia,Scyphozoa,https://vvtaxatree.tbn.org.tw/taxa/23063182-cd2e-450a-966a-be7e8add9e4e
7944c36c-6413-43f4-9fd6-ede1b91001f8,order,c80f0f35-4487-4123-bd03-5d40108ff37d,Sinentomata,Animalia,Protura,https://vvtaxatree.tbn.org.tw/taxa/7944c36c-6413-43f4-9fd6-ede1b91001f8
206e7c39-edcb-4776-9200-bb2d82902b92,order,1c195e79-8c90-493b-8ff9-b366005ed927,Siphoniulida,Animalia,Diplopoda,https://vvtaxatree.tbn.org.tw/taxa/206e7c39-edcb-4776-9200-bb2d82902b92
d8ea492d-fc7d-4a38-9af0-2ecc7f7879d1,order,0de64fa3-43f7-42e0-9331-946032edc8bd,Siphonocryptida,Animalia,Diplopoda,https://vvtaxatree.tbn.org.tw/taxa/d8ea492d-fc7d-4a38-9af0-2ecc7f7879d1
01321581-00d3-4b63-a16a-d539a92e43ba,order,0de64fa3-43f7-42e0-9331-946032edc8bd,Siphonophorida,Animalia,Diplopoda,https://vvtaxatree.tbn.org.tw/taxa/01321581-00d3-4b63-a16a-d539a92e43ba
f0a3b4b4-fe22-42ba-9b05-1cda8d888fee,order,7145922d-56e8-4335-9ace-26199be88a52,Solifugae,Animalia,Arachnida,https://vvtaxatree.tbn.org.tw/taxa/f0a3b4b4-fe22-42ba-9b05-1cda8d888fee
e462dc93-3324-4389-b57a-31e9a8b49baa,order,07afdbc9-5dad-4ffc-b9ad-8a5851fc6d94,Solitaria,Animalia,"",https://vvtaxatree.tbn.org.tw/taxa/e462dc93-3324-4389-b57a-31e9a8b49baa
934a7d0c-f0fb-4e2d-9438-acb7afa54ed0,order,d00392ff-779f-42ae-bccd-df0bdcf4c747,Spariformes,Animalia,Actinopteri,https://vvtaxatree.tbn.org.tw/taxa/934a7d0c-f0fb-4e2d-9438-acb7afa54ed0
e603e5a0-6dce-481a-a32e-864f2bc48fe0,order,7ace2c07-874c-4b63-8ac5-8e6f1ab30334,Spathebothriidea,Animalia,Neoophora,https://vvtaxatree.tbn.org.tw/taxa/e603e5a0-6dce-481a-a32e-864f2bc48fe0
76445e72-69bb-4f47-8d13-36b0c4719e3c,order,05cddddc-c20f-455d-86dd-cfdda6239f08,Spelaeogriphacea,Animalia,Malacostraca,https://vvtaxatree.tbn.org.tw/taxa/76445e72-69bb-4f47-8d13-36b0c4719e3c
a392ad7e-7021-4c95-933a-3117db49c293,order,519d17f4-ad08-4b9d-8168-0d0bba053b1d,Sphaerotheriida,Animalia,Diplopoda,https://vvtaxatree.tbn.org.tw/taxa/a392ad7e-7021-4c95-933a-3117db49c293
aefd56dc-6f74-4c46-9e4b-98ec04163ffc,order,48a34803-928b-4d85-90ed-037fb6a4000e,Spirulida,Animalia,Cephalopoda,https://vvtaxatree.tbn.org.tw/taxa/aefd56dc-6f74-4c46-9e4b-98ec04163ffc
b8303132-cdd8-4131-be7d-a48241659b12,order,cd95bb55-82fe-4810-add5-f36116093be8,Spirurida,Animalia,Chromadorea,https://vvtaxatree.tbn.org.tw/taxa/b8303132-cdd8-4131-be7d-a48241659b12
e7251759-fc28-44b9-b7a3-c5c78f0d0f2d,order,10362770-4304-4145-9013-d110b6e05c43,Stauromedusae,Animalia,Staurozoa,https://vvtaxatree.tbn.org.tw/taxa/e7251759-fc28-44b9-b7a3-c5c78f0d0f2d
37230814-1082-4aac-bf38-4537a84b394a,order,1c195e79-8c90-493b-8ff9-b366005ed927,Stemmiulida,Animalia,Diplopoda,https://vvtaxatree.tbn.org.tw/taxa/37230814-1082-4aac-bf38-4537a84b394a
43d296a1-2206-4a17-99fa-9aacb93103f5,order,f5889d3a-0991-4acc-9026-e0104351731f,Sterrofustia,Animalia,Solenogastres,https://vvtaxatree.tbn.org.tw/taxa/43d296a1-2206-4a17-99fa-9aacb93103f5
68e242e0-8274-4c37-9b34-63d1a4ee5927,order,45ef731e-4026-49a5-9a95-4868b91104fe,Stichocotylida,Animalia,Neoophora,https://vvtaxatree.tbn.org.tw/taxa/68e242e0-8274-4c37-9b34-63d1a4ee5927
29d093cc-4ec2-4e97-a27f-76f30e4fd6ba,order,d9add79b-37af-48fb-a309-0cfdddc65301,Stomopneustoida,Animalia,Echinoidea,https://vvtaxatree.tbn.org.tw/taxa/29d093cc-4ec2-4e97-a27f-76f30e4fd6ba
aa9684f2-0814-4ad3-bc67-9dc95a2032a2,order,d00392ff-779f-42ae-bccd-df0bdcf4c747,Stylephoriformes,Animalia,Actinopteri,https://vvtaxatree.tbn.org.tw/taxa/aa9684f2-0814-4ad3-bc67-9dc95a2032a2
3ee9049f-e63d-403e-bb49-3bca0d82c710,order,d2714b0a-d45a-4f22-8cd9-7066983d19bd,Symbiida,Animalia,Eucycliophora,https://vvtaxatree.tbn.org.tw/taxa/3ee9049f-e63d-403e-bb49-3bca0d82c710
9ac0233f-7be1-4b95-8ac2-9c112150c8db,order,d00392ff-779f-42ae-bccd-df0bdcf4c747,Terapontiformes,Animalia,Actinopteri,https://vvtaxatree.tbn.org.tw/taxa/9ac0233f-7be1-4b95-8ac2-9c112150c8db
a6c226e9-04b4-4dfb-ae45-c9e563f6aa41,order,e941c5d9-aca3-4821-8780-cd4b3bf67ca3,Teratocephalida,Animalia,Chromadorea,https://vvtaxatree.tbn.org.tw/taxa/a6c226e9-04b4-4dfb-ae45-c9e563f6aa41
610aa778-315a-4642-9fba-1c917daccc6f,order,403af38f-27bc-4d63-b436-b883cb1aba0d,Terebratulida,Animalia,Rhynchonellata,https://vvtaxatree.tbn.org.tw/taxa/610aa778-315a-4642-9fba-1c917daccc6f
4341be85-63bf-4170-9742-e891c3db6bf6,order,7ace2c07-874c-4b63-8ac5-8e6f1ab30334,Tetrabothriidea,Animalia,Neoophora,https://vvtaxatree.tbn.org.tw/taxa/4341be85-63bf-4170-9742-e891c3db6bf6
b5e7fd8e-35e1-4528-a399-c41435617714,order,950c5ca0-65b3-404a-9429-260e026b5d0b,Tetramerocerata,Animalia,Pauropoda,https://vvtaxatree.tbn.org.tw/taxa/b5e7fd8e-35e1-4528-a399-c41435617714
5783e5e9-82f0-4758-a87a-1a553fc5bbc8,order,7ace2c07-874c-4b63-8ac5-8e6f1ab30334,Tetraphyllidea,Animalia,Neoophora,https://vvtaxatree.tbn.org.tw/taxa/5783e5e9-82f0-4758-a87a-1a553fc5bbc8
d10e84cf-7702-455c-9eb9-cf44706a5d52,order,4c11b834-a237-43aa-a7a4-070befd7207a,Thalassocalycida,Animalia,Tentaculata,https://vvtaxatree.tbn.org.tw/taxa/d10e84cf-7702-455c-9eb9-cf44706a5d52
c53454fc-f2c7-40da-8536-09259ed49551,order,403af38f-27bc-4d63-b436-b883cb1aba0d,Thecideida,Animalia,Rhynchonellata,https://vvtaxatree.tbn.org.tw/taxa/c53454fc-f2c7-40da-8536-09259ed49551
d5543ea8-ab10-486c-88b6-136fd22bc8e7,order,05cddddc-c20f-455d-86dd-cfdda6239f08,Thermosbaenacea,Animalia,Malacostraca,https://vvtaxatree.tbn.org.tw/taxa/d5543ea8-ab10-486c-88b6-136fd22bc8e7
cce8188b-f37c-4c27-88e8-fb3a5719e1b1,order,9d8e4f79-3b89-4ed7-a5ba-14d9e918ca12,Trachymedusae,Animalia,Hydrozoa,https://vvtaxatree.tbn.org.tw/taxa/cce8188b-f37c-4c27-88e8-fb3a5719e1b1
512089b1-7028-48cf-baac-ed79e671a9ca,order,8cea5fb8-cd17-4302-89b5-9cfabf3225ee,Trichocephalida,Animalia,Dorylaimea,https://vvtaxatree.tbn.org.tw/taxa/512089b1-7028-48cf-baac-ed79e671a9ca
18ec118d-e321-46d5-a92f-54bcd59d2d0a,order,d7abd8b7-590d-4429-9c61-132d5a9b72db,Trifusiida,Animalia,Enoplea,https://vvtaxatree.tbn.org.tw/taxa/18ec118d-e321-46d5-a92f-54bcd59d2d0a
ccf2bed7-89af-4b23-9508-507011c93a56,order,5646ef8f-9e56-4830-a29f-3121616d8f58,Triplonchida,Animalia,Enoplea,https://vvtaxatree.tbn.org.tw/taxa/ccf2bed7-89af-4b23-9508-507011c93a56
91e99c83-0ac1-4cc9-974f-19c244c7a0f0,order,5646ef8f-9e56-4830-a29f-3121616d8f58,Tripylida,Animalia,Enoplea,https://vvtaxatree.tbn.org.tw/taxa/91e99c83-0ac1-4cc9-974f-19c244c7a0f0
1ce50b24-75b8-4c61-95ed-60fea6215f75,order,d7abd8b7-590d-4429-9c61-132d5a9b72db,Tripyloidida,Animalia,Enoplea,https://vvtaxatree.tbn.org.tw/taxa/1ce50b24-75b8-4c61-95ed-60fea6215f75
6144cec5-83a5-4f36-b249-33b084ba4290,order,7ace2c07-874c-4b63-8ac5-8e6f1ab30334,Trypanorhyncha,Animalia,Neoophora,https://vvtaxatree.tbn.org.tw/taxa/6144cec5-83a5-4f36-b249-33b084ba4290
fd05b4c0-ecb0-4496-999f-7182f57ebbef,order,7b206e9d-00b6-4008-8986-4c2fed116f44,Tubulidentata,Animalia,Mammalia,https://vvtaxatree.tbn.org.tw/taxa/fd05b4c0-ecb0-4496-999f-7182f57ebbef
3c90b73a-6415-43f3-9434-f14ffcc79350,order,d00392ff-779f-42ae-bccd-df0bdcf4c747,Uranoscopiformes,Animalia,Actinopteri,https://vvtaxatree.tbn.org.tw/taxa/3c90b73a-6415-43f3-9434-f14ffcc79350
b105f92d-a1e4-46b2-86c8-bbacba114bed,order,8776af43-e996-4f18-ba7d-1bb62e1c48d9,Vampyromorphida,Animalia,Cephalopoda,https://vvtaxatree.tbn.org.tw/taxa/b105f92d-a1e4-46b2-86c8-bbacba114bed
d755095e-11d6-4849-889e-e86fcf5ee12d,order,75b28577-52ee-4f6b-8162-247416c382b9,Veneroida,Animalia,Bivalvia,https://vvtaxatree.tbn.org.tw/taxa/d755095e-11d6-4849-889e-e86fcf5ee12d
3e086359-efde-4d21-b5c3-0b89fae5b1af,order,ceab6830-ec4a-4754-bf01-3edd5fcb86aa,Xenopneusta,Animalia,Polychaeta,https://vvtaxatree.tbn.org.tw/taxa/3e086359-efde-4d21-b5c3-0b89fae5b1af
80142ce0-1cd2-47b7-9807-5c8d90c636ae,order,07f584bd-c69f-4d35-b055-2f15097dfac0,Xiphosura,Animalia,Merostomata,https://vvtaxatree.tbn.org.tw/taxa/80142ce0-1cd2-47b7-9807-5c8d90c636ae
545a8cb2-a1e1-489b-bfcc-2ecf1e5d37c0,order,2a60d3ad-1404-4fa0-8f18-6d8e53643121,Collembola,Animalia,"",https://vvtaxatree.tbn.org.tw/taxa/545a8cb2-a1e1-489b-bfcc-2ecf1e5d37c0
3c05b0aa-41e9-4034-b3d5-c94fdfa9aa34,order,a0e5d1c2-fdec-4c20-9956-f44775d0e944,Arcoida,Animalia,Bivalvia,https://vvtaxatree.tbn.org.tw/taxa/3c05b0aa-41e9-4034-b3d5-c94fdfa9aa34
ab74c01f-1167-4b9e-bcf5-0094114715a5,order,d00392ff-779f-42ae-bccd-df0bdcf4c747,Gerreiformes,Animalia,Actinopteri,https://vvtaxatree.tbn.org.tw/taxa/ab74c01f-1167-4b9e-bcf5-0094114715a5
41d43f96-8cb0-4d62-80ae-59db55558f0d,order,d00392ff-779f-42ae-bccd-df0bdcf4c747,Chaetodontiformes,Animalia,Actinopteri,https://vvtaxatree.tbn.org.tw/taxa/41d43f96-8cb0-4d62-80ae-59db55558f0d
dff21afd-4851-4de7-87df-e7fc5bdc72f1,order,d00392ff-779f-42ae-bccd-df0bdcf4c747,Lutjaniformes,Animalia,Actinopteri,https://vvtaxatree.tbn.org.tw/taxa/dff21afd-4851-4de7-87df-e7fc5bdc72f1
10ba50f6-2a01-4b6b-b148-ebd19f4df31f,order,d00392ff-779f-42ae-bccd-df0bdcf4c747,Priacanthiformes,Animalia,Actinopteri,https://vvtaxatree.tbn.org.tw/taxa/10ba50f6-2a01-4b6b-b148-ebd19f4df31f
295766ac-4a77-4e62-8bfb-5876633d11e8,order,d00392ff-779f-42ae-bccd-df0bdcf4c747,Caproiformes,Animalia,Actinopteri,https://vvtaxatree.tbn.org.tw/taxa/295766ac-4a77-4e62-8bfb-5876633d11e8
01314f93-d284-49ad-b478-ca6151c46de7,order,77382146-3f62-4916-9b21-7e5ac2e31299,Eolepadomorpha,Animalia,Thecostraca,https://vvtaxatree.tbn.org.tw/taxa/01314f93-d284-49ad-b478-ca6151c46de7
4f90a19a-9383-48bb-9cdb-a224da32236a,order,dc613415-0aa4-49b7-9867-45f810a44f3b,Cetartiodactyla,Animalia,Mammalia,https://vvtaxatree.tbn.org.tw/taxa/4f90a19a-9383-48bb-9cdb-a224da32236a
39944827-98c1-4ad5-aac6-8f421d29c8f8,suborder,8bc9a934-6ff0-4e1a-ac48-af2a6516b767,Gymnotoidei,Animalia,Actinopteri,https://vvtaxatree.tbn.org.tw/taxa/39944827-98c1-4ad5-aac6-8f421d29c8f8
8938e4a1-7bfd-4571-a6c3-e9d3584db9c9,suborder,8bc9a934-6ff0-4e1a-ac48-af2a6516b767,Sternopygoidei,Animalia,Actinopteri,https://vvtaxatree.tbn.org.tw/taxa/8938e4a1-7bfd-4571-a6c3-e9d3584db9c9
b7cd8cfc-ee8f-45cc-b6ca-ab92f7da2c63,suborder,3fd9785b-ce8b-486a-84d4-74f676735fbe,Aulopoidei,Animalia,Actinopteri,https://vvtaxatree.tbn.org.tw/taxa/b7cd8cfc-ee8f-45cc-b6ca-ab92f7da2c63
f8d8741e-22d9-4d5f-84c5-a6639bf04b75,suborder,3fd9785b-ce8b-486a-84d4-74f676735fbe,Paraulopoidei,Animalia,Actinopteri,https://vvtaxatree.tbn.org.tw/taxa/f8d8741e-22d9-4d5f-84c5-a6639bf04b75
2c3c18fb-6fc5-401f-a26d-84a8c5945fed,suborder,4f6f151c-96e5-4d15-bca5-2cfd6e588c82,Psettodoidei,Animalia,Actinopteri,https://vvtaxatree.tbn.org.tw/taxa/2c3c18fb-6fc5-401f-a26d-84a8c5945fed
9aac377a-9746-4100-8db8-36213f468fac,suborder,d47535d1-1885-44fc-b023-e785b6b4fcae,Atherinoidei,Animalia,Actinopteri,https://vvtaxatree.tbn.org.tw/taxa/9aac377a-9746-4100-8db8-36213f468fac
2557e109-3d1d-47da-9d93-f14967108f78,suborder,d47535d1-1885-44fc-b023-e785b6b4fcae,Atherinopsoidei,Animalia,Actinopteri,https://vvtaxatree.tbn.org.tw/taxa/2557e109-3d1d-47da-9d93-f14967108f78
71898edf-f285-469d-bc3c-388d16a48e96,suborder,e316da58-ccfa-4ab0-8b37-a4739db5769d,Adrianichthyoidei,Animalia,Actinopteri,https://vvtaxatree.tbn.org.tw/taxa/71898edf-f285-469d-bc3c-388d16a48e96
1f27f746-fd0d-4689-a84c-65be7733d65e,suborder,e316da58-ccfa-4ab0-8b37-a4739db5769d,Belonoidei,Animalia,Actinopteri,https://vvtaxatree.tbn.org.tw/taxa/1f27f746-fd0d-4689-a84c-65be7733d65e
bf5a28be-cd70-4183-8df2-4ad70da0152f,suborder,88d260ab-ad79-47cf-a165-5b287bb99285,Triodontoidei,Animalia,Actinopteri,https://vvtaxatree.tbn.org.tw/taxa/bf5a28be-cd70-4183-8df2-4ad70da0152f
7aea3bcf-1e2c-4e80-b12a-e924519aff83,suborder,88d260ab-ad79-47cf-a165-5b287bb99285,Triacanthoidei,Animalia,Actinopteri,https://vvtaxatree.tbn.org.tw/taxa/7aea3bcf-1e2c-4e80-b12a-e924519aff83
df7fbbfd-4c7f-47ec-bc3d-5503dbfc5a56,suborder,88d260ab-ad79-47cf-a165-5b287bb99285,Moloidei,Animalia,Actinopteri,https://vvtaxatree.tbn.org.tw/taxa/df7fbbfd-4c7f-47ec-bc3d-5503dbfc5a56
68c07466-5ce0-43af-bee0-ee8dd481d583,suborder,88d260ab-ad79-47cf-a165-5b287bb99285,Ostracioidei,Animalia,Actinopteri,https://vvtaxatree.tbn.org.tw/taxa/68c07466-5ce0-43af-bee0-ee8dd481d583
ad17be4e-5a01-4334-8592-0b990619d951,suborder,3c9740c6-f604-4e53-b4f3-39fd6fea5f02,Cirrhitoidei,Animalia,Actinopteri,https://vvtaxatree.tbn.org.tw/taxa/ad17be4e-5a01-4334-8592-0b990619d951
7aacbb2f-6eee-47e8-9dd8-7cfb38f82c7d,suborder,3c9740c6-f604-4e53-b4f3-39fd6fea5f02,Percichthyoidei,Animalia,Actinopteri,https://vvtaxatree.tbn.org.tw/taxa/7aacbb2f-6eee-47e8-9dd8-7cfb38f82c7d
9f8851d2-f910-4cae-b714-d3dd63cae341,suborder,3c9740c6-f604-4e53-b4f3-39fd6fea5f02,Percalatoidei,Animalia,Actinopteri,https://vvtaxatree.tbn.org.tw/taxa/9f8851d2-f910-4cae-b714-d3dd63cae341
108d0f28-cf2e-4a80-b2fa-85da760ff9e4,suborder,6fbceccf-5e43-40b5-9f32-718bff3861f9,Bembropoidei,Animalia,Actinopteri,https://vvtaxatree.tbn.org.tw/taxa/108d0f28-cf2e-4a80-b2fa-85da760ff9e4
32a921c1-7b5c-4dd7-8184-720ead6e6884,suborder,6fbceccf-5e43-40b5-9f32-718bff3861f9,Normanichthyoidei,Animalia,Actinopteri,https://vvtaxatree.tbn.org.tw/taxa/32a921c1-7b5c-4dd7-8184-720ead6e6884
b81ede03-f359-4bba-bed3-42e17fe9275e,suborder,6fbceccf-5e43-40b5-9f32-718bff3861f9,Serranoidei,Animalia,Actinopteri,https://vvtaxatree.tbn.org.tw/taxa/b81ede03-f359-4bba-bed3-42e17fe9275e
e6b6db17-6752-4c2d-bf3c-9a7af84b3b22,suborder,61898d93-3e4b-40fa-9142-b2cb7fc631ad,Cymothoida,Animalia,Malacostraca,https://vvtaxatree.tbn.org.tw/taxa/e6b6db17-6752-4c2d-bf3c-9a7af84b3b22
fd05f73b-deb9-463e-8916-41086b523f58,suborder,3d965725-69bd-4814-87a4-f38974042359,Trachichthyoidei,Animalia,Actinopteri,https://vvtaxatree.tbn.org.tw/taxa/fd05f73b-deb9-463e-8916-41086b523f58
7fddf45e-fd7a-4051-bb45-3828533033c9,suborder,db627722-5fe7-4c21-b33b-32188dcc5477,Saccopharyngoidei,Animalia,"",https://vvtaxatree.tbn.org.tw/taxa/7fddf45e-fd7a-4051-bb45-3828533033c9
de51ff42-8668-4eb6-add9-ab5321e65927,suborder,fc330d59-91f8-49db-8731-6c8c252e5037,Platyrhinoidei,Animalia,Elasmobranchii,https://vvtaxatree.tbn.org.tw/taxa/de51ff42-8668-4eb6-add9-ab5321e65927
4fa19b2b-538f-4b6e-a2f1-bd73dd5eb122,suborder,6fbceccf-5e43-40b5-9f32-718bff3861f9,Acanthuroidei,Animalia,Actinopteri,https://vvtaxatree.tbn.org.tw/taxa/4fa19b2b-538f-4b6e-a2f1-bd73dd5eb122
4996c988-ed39-4b8a-adfe-5c4592217d63,suborder,81708a9a-b527-4c35-9185-0c41760a77b7,Alepocephaloidei,Animalia,Actinopteri,https://vvtaxatree.tbn.org.tw/taxa/4996c988-ed39-4b8a-adfe-5c4592217d63
003af74c-0b0a-4fca-990f-634f97176e64,suborder,6fbceccf-5e43-40b5-9f32-718bff3861f9,Caproidei,Animalia,Actinopteri,https://vvtaxatree.tbn.org.tw/taxa/003af74c-0b0a-4fca-990f-634f97176e64
bdc15ad2-4cba-47f5-afa6-697659b3181a,suborder,0bd3c195-0a4f-4493-9cee-dffe205f7aab,Notacanthoidei,Animalia,Actinopteri,https://vvtaxatree.tbn.org.tw/taxa/bdc15ad2-4cba-47f5-afa6-697659b3181a
66932019-f1ed-4d4b-8407-25e5a0261a50,suborder,94f604bc-766d-4f81-a437-2638623c9b87,Gobiesocoidei,Animalia,Actinopteri,https://vvtaxatree.tbn.org.tw/taxa/66932019-f1ed-4d4b-8407-25e5a0261a50
e8898c65-80a7-4f56-ac5b-99191bddbda7,suborder,48ff9dea-0819-488b-bae4-16dc2d44ea7e,Yangochiroptera,Animalia,Mammalia,https://vvtaxatree.tbn.org.tw/taxa/e8898c65-80a7-4f56-ac5b-99191bddbda7
75d24e1e-9d0f-4a31-85f8-369ec41f8989,suborder,48ff9dea-0819-488b-bae4-16dc2d44ea7e,Yinpterochiroptera,Animalia,Mammalia,https://vvtaxatree.tbn.org.tw/taxa/75d24e1e-9d0f-4a31-85f8-369ec41f8989
66b1efd1-f0ce-4c65-919d-3258113cce2c,infraorder,5fe45183-7be3-41d3-b523-326dfaf3edab,Anoplopomatales,Animalia,Actinopteri,https://vvtaxatree.tbn.org.tw/taxa/66b1efd1-f0ce-4c65-919d-3258113cce2c
edc3d946-0ac8-4a9f-af66-b6250e399cf7,infraorder,5fe45183-7be3-41d3-b523-326dfaf3edab,Zoarcales,Animalia,Actinopteri,https://vvtaxatree.tbn.org.tw/taxa/edc3d946-0ac8-4a9f-af66-b6250e399cf7
912144e5-5b91-458e-bdff-df6c59047075,infraorder,5fe45183-7be3-41d3-b523-326dfaf3edab,Gasterosteales,Animalia,Actinopteri,https://vvtaxatree.tbn.org.tw/taxa/912144e5-5b91-458e-bdff-df6c59047075
1cb4e73c-f8e6-4523-a726-743d7ec95a51,infraorder,5fe45183-7be3-41d3-b523-326dfaf3edab,Zaniolepidoales,Animalia,Actinopteri,https://vvtaxatree.tbn.org.tw/taxa/1cb4e73c-f8e6-4523-a726-743d7ec95a51
fc4c3736-2f45-4ce4-b5ff-fbc59fbbab3f,infraorder,5fe45183-7be3-41d3-b523-326dfaf3edab,Hexagrammales,Animalia,Actinopteri,https://vvtaxatree.tbn.org.tw/taxa/fc4c3736-2f45-4ce4-b5ff-fbc59fbbab3f
c8880312-f2dc-40c8-963c-07ca5fd9ca5f,infraorder,032209f0-0b53-47af-aad4-5739b0d9ea04,Alethinophidia,Animalia,Reptilia,https://vvtaxatree.tbn.org.tw/taxa/c8880312-f2dc-40c8-963c-07ca5fd9ca5f
5bcad937-d781-4e01-81e1-66370db6c2a6,superfamily,41ff8b45-f814-4a1a-b746-66ee9b83c423,Derodontoidea,Animalia,Insecta,https://vvtaxatree.tbn.org.tw/taxa/5bcad937-d781-4e01-81e1-66370db6c2a6
fa5ddf98-0b46-461b-a0e2-e2171bfe432a,superfamily,fb4206ff-ffa3-4fb7-8785-14ab74d954db,Neolepadoidea,Animalia,Thecostraca,https://vvtaxatree.tbn.org.tw/taxa/fa5ddf98-0b46-461b-a0e2-e2171bfe432a
0ff72cff-37d5-42cf-9a91-ec0b9989d7c2,superfamily,21bf0416-ce5b-4f77-9faf-df15ac5b127b,Elminoidea,Animalia,Thecostraca,https://vvtaxatree.tbn.org.tw/taxa/0ff72cff-37d5-42cf-9a91-ec0b9989d7c2
888ed06d-3ef2-4a8e-82bd-64ed5a1f4789,superfamily,d4572a92-02d5-464c-bd09-c4dfef2e0091,Carpilioidea,Animalia,Malacostraca,https://vvtaxatree.tbn.org.tw/taxa/888ed06d-3ef2-4a8e-82bd-64ed5a1f4789
0398c760-e027-44a2-8fab-e58842cc11f6,superfamily,d4572a92-02d5-464c-bd09-c4dfef2e0091,Gecarcinucoidea,Animalia,Malacostraca,https://vvtaxatree.tbn.org.tw/taxa/0398c760-e027-44a2-8fab-e58842cc11f6
e37ef20e-f485-4cd5-8075-f257fc1c5c67,superfamily,d4572a92-02d5-464c-bd09-c4dfef2e0091,Potamoidea,Animalia,Malacostraca,https://vvtaxatree.tbn.org.tw/taxa/e37ef20e-f485-4cd5-8075-f257fc1c5c67
d35a4719-ffa2-4479-a3f5-0ef0c3c86b4f,superfamily,d4572a92-02d5-464c-bd09-c4dfef2e0091,Xanthoidea,Animalia,Malacostraca,https://vvtaxatree.tbn.org.tw/taxa/d35a4719-ffa2-4479-a3f5-0ef0c3c86b4f
baf39b1e-d284-40c0-bb68-c8e04408ad30,superfamily,d4572a92-02d5-464c-bd09-c4dfef2e0091,Cryptochiroidea,Animalia,Malacostraca,https://vvtaxatree.tbn.org.tw/taxa/baf39b1e-d284-40c0-bb68-c8e04408ad30
d6d39480-c2b5-4b5a-9e20-dc96678a8bed,family,85381012-88ce-4d66-abaa-68c189d64877,Adinetidae,Animalia,Eurotatoria,https://vvtaxatree.tbn.org.tw/taxa/d6d39480-c2b5-4b5a-9e20-dc96678a8bed
69c3b49d-8674-4cd4-bf9c-a6fc98d70fc7,family,8acc098c-8f02-4890-885b-256666018775,Arenicolidae,Animalia,Polychaeta,https://vvtaxatree.tbn.org.tw/taxa/69c3b49d-8674-4cd4-bf9c-a6fc98d70fc7
0dddca55-bd65-4680-8af1-4619c96c785d,family,7840f146-d98d-45c0-ae13-200ed61df406,Ataphridae,Animalia,Gastropoda,https://vvtaxatree.tbn.org.tw/taxa/0dddca55-bd65-4680-8af1-4619c96c785d
4e19553b-27c9-4acf-99e6-d18c13cd501b,family,8db55e81-1101-466d-810c-2df5c8f96993,Basipodellidae,Animalia,Maxillopoda,https://vvtaxatree.tbn.org.tw/taxa/4e19553b-27c9-4acf-99e6-d18c13cd501b
5a3c63fe-d882-416e-b594-288737ff27c7,family,eecb757a-0b98-48c9-8e35-3cb7556adc9d,Carinomidae,Animalia,Paleonemertea,https://vvtaxatree.tbn.org.tw/taxa/5a3c63fe-d882-416e-b594-288737ff27c7
c144421c-aff7-47e8-8e45-ed69f99c7fb6,family,d9674664-5e27-4a9d-bdbd-c73754114bb0,Diopisthoporidae,Animalia,Acoela,https://vvtaxatree.tbn.org.tw/taxa/c144421c-aff7-47e8-8e45-ed69f99c7fb6
5dcc72ca-f029-4f4e-abfe-45cda59ecd62,family,81cf66f2-68c6-4ae3-bf9a-4b02adf3bdfa,Gorgonorhynchidae,Animalia,Anopla,https://vvtaxatree.tbn.org.tw/taxa/5dcc72ca-f029-4f4e-abfe-45cda59ecd62
935919ce-26ce-4d38-bcce-afbf0747e5fd,family,9ebd850c-91d0-46f6-bf33-4db10bfcb8e3,Harrimaniidae,Animalia,Enteropneusta,https://vvtaxatree.tbn.org.tw/taxa/935919ce-26ce-4d38-bcce-afbf0747e5fd
1e733fae-5eb6-4e69-897d-b3c1a955b0f7,family,5b5d050b-34e2-4a69-99b2-787665e11192,Japygidae,Animalia,Diplura,https://vvtaxatree.tbn.org.tw/taxa/1e733fae-5eb6-4e69-897d-b3c1a955b0f7
a18dbdde-7559-4515-93cb-064e8effefd3,family,7bdfd141-df92-431a-a1b5-1564509c57ef,Nemertodermatidae,Animalia,Nemertodermatida,https://vvtaxatree.tbn.org.tw/taxa/a18dbdde-7559-4515-93cb-064e8effefd3
e74cab54-290d-448f-863e-a266ec680ee3,family,d567d232-8d67-4414-953e-4b50ec344442,Neomphalidae,Animalia,Gastropoda,https://vvtaxatree.tbn.org.tw/taxa/e74cab54-290d-448f-863e-a266ec680ee3
aef5cbbf-54dd-4b4d-8bea-74711724e36b,family,b5f41e78-1f85-45a3-b384-a5f899a9e717,Nerillidae,Animalia,Polychaeta,https://vvtaxatree.tbn.org.tw/taxa/aef5cbbf-54dd-4b4d-8bea-74711724e36b
4d5943b3-8e04-40a2-ad3d-683a5c9936b1,family,e9ebb863-2724-4bfa-856d-dfacf948896c,Priapulidae,Animalia,"",https://vvtaxatree.tbn.org.tw/taxa/4d5943b3-8e04-40a2-ad3d-683a5c9936b1
8378e514-0c57-4711-9cd0-3b0f9ccebdea,family,d884dc50-188a-417d-996b-2d928b4e6002,Scolopendrellidae,Animalia,Symphyla,https://vvtaxatree.tbn.org.tw/taxa/8378e514-0c57-4711-9cd0-3b0f9ccebdea
dd81d1c4-fa90-4a82-a193-1d30647e3f1c,family,1a1af733-c566-4cbf-b37c-1aa56b30c227,Xenoturbellidae,Animalia,"",https://vvtaxatree.tbn.org.tw/taxa/dd81d1c4-fa90-4a82-a193-1d30647e3f1c
ec5d765d-dfc8-458d-b754-7bf2316945ad,family,261b848a-4b37-4d19-b0b9-ca210ae38d87,Myridae,Animalia,Insecta,https://vvtaxatree.tbn.org.tw/taxa/ec5d765d-dfc8-458d-b754-7bf2316945ad
5298f0b0-4791-45bd-981e-3d8a787a87f6,family,0cae7204-161f-4c73-b52e-ed91c57727cf,Nanhermanniidea,Animalia,Arachnida,https://vvtaxatree.tbn.org.tw/taxa/5298f0b0-4791-45bd-981e-3d8a787a87f6
10e54515-2e64-46c3-8d12-fdc2bea51cf3,family,75705ee0-008f-44d3-ba15-ef5af474a3a3,Octochaetidae,Animalia,Clitellata,https://vvtaxatree.tbn.org.tw/taxa/10e54515-2e64-46c3-8d12-fdc2bea51cf3
2dbd833d-dfd0-4111-acd3-e0b6061cf039,family,0cae7204-161f-4c73-b52e-ed91c57727cf,Peloppiidae,Animalia,Arachnida,https://vvtaxatree.tbn.org.tw/taxa/2dbd833d-dfd0-4111-acd3-e0b6061cf039
05b85dbe-b92c-4b77-9d43-3d420938708d,family,d5c3d8cc-6315-482b-8ca6-127819e57243,Pseudoziidae,Animalia,Malacostraca,https://vvtaxatree.tbn.org.tw/taxa/05b85dbe-b92c-4b77-9d43-3d420938708d
747310a5-4af2-4955-89fc-5996bc37bc25,family,261b848a-4b37-4d19-b0b9-ca210ae38d87,Sciomyzinae,Animalia,Insecta,https://vvtaxatree.tbn.org.tw/taxa/747310a5-4af2-4955-89fc-5996bc37bc25
330393bf-c255-4d51-ba5c-fd6d488c6b54,family,e97cdf80-e8af-4931-be13-1e3172268e5d,Sphaeridae,Animalia,Bivalvia,https://vvtaxatree.tbn.org.tw/taxa/330393bf-c255-4d51-ba5c-fd6d488c6b54
c2b68306-0403-4f93-87c3-5a8f7df5633f,family,51f8755a-bad0-4e45-92fd-6d5ca0d65d24,Caliphyllidae,Animalia,Gastropoda,https://vvtaxatree.tbn.org.tw/taxa/c2b68306-0403-4f93-87c3-5a8f7df5633f
95cdf4bd-0a31-4464-92bd-2c4bbbd50816,family,261b848a-4b37-4d19-b0b9-ca210ae38d87,Canaceidae,Animalia,Insecta,https://vvtaxatree.tbn.org.tw/taxa/95cdf4bd-0a31-4464-92bd-2c4bbbd50816
e75ceff1-5180-4102-b57b-3d086af25de6,family,51f8755a-bad0-4e45-92fd-6d5ca0d65d24,Elysiidae,Animalia,Gastropoda,https://vvtaxatree.tbn.org.tw/taxa/e75ceff1-5180-4102-b57b-3d086af25de6
3bab0fc3-ca43-40ef-9de2-49508c3e0829,family,94c9718f-53e0-4a23-abe6-970931ff3b21,Harpyrinchidae,Animalia,Arachnida,https://vvtaxatree.tbn.org.tw/taxa/3bab0fc3-ca43-40ef-9de2-49508c3e0829
f4936924-c3a0-4277-a698-9181dc1ae85f,family,0cae7204-161f-4c73-b52e-ed91c57727cf,Kemidokoptidae,Animalia,Arachnida,https://vvtaxatree.tbn.org.tw/taxa/f4936924-c3a0-4277-a698-9181dc1ae85f
579dfd32-c2e7-4d80-90df-fbd85d8f93a8,family,1716b0a3-17e3-4bd9-8bbe-7dfb5a0c3e10,Liturgusidae,Animalia,Insecta,https://vvtaxatree.tbn.org.tw/taxa/579dfd32-c2e7-4d80-90df-fbd85d8f93a8
9accc30a-88c4-4734-9035-6e9fa5c134b8,family,4743d4ce-27f1-4399-8490-783bbbc69868,Micronectidae,Animalia,Insecta,https://vvtaxatree.tbn.org.tw/taxa/9accc30a-88c4-4734-9035-6e9fa5c134b8
88bb6e44-54d3-4bc1-82cc-63ca59ca3912,family,4d1a9bee-dcee-4d7a-b645-640261a6c188,Archaeocardiidae,Animalia,Bivalvia,https://vvtaxatree.tbn.org.tw/taxa/88bb6e44-54d3-4bc1-82cc-63ca59ca3912
ee592ddd-7dfd-4d85-a48f-9970434bce81,family,e7d09dc9-0c01-4839-ad4e-78dd0f679211,Creseidae,Animalia,Gastropoda,https://vvtaxatree.tbn.org.tw/taxa/ee592ddd-7dfd-4d85-a48f-9970434bce81
79af50bf-d22f-4456-bae0-ebecced0e611,family,105f5dcd-04d0-48d7-9cd2-8f20a967cf78,Nyctiboridae,Animalia,Insecta,https://vvtaxatree.tbn.org.tw/taxa/79af50bf-d22f-4456-bae0-ebecced0e611
9f6d9d96-9621-42c7-81b1-b7cce3c7a2e0,family,e10d98fb-2f8f-4fdd-9f72-ada1e9a2e056,Cyclopicinidae,Animalia,Copepoda,https://vvtaxatree.tbn.org.tw/taxa/9f6d9d96-9621-42c7-81b1-b7cce3c7a2e0
b0ba7e7e-6cc7-4a63-8716-2552d741fa3a,family,e10d98fb-2f8f-4fdd-9f72-ada1e9a2e056,Smirnovipinidae,Animalia,Copepoda,https://vvtaxatree.tbn.org.tw/taxa/b0ba7e7e-6cc7-4a63-8716-2552d741fa3a
17d64c6e-49dc-4651-8031-59632943cecd,family,2eacc9b1-86e2-4aa4-a651-a0e19c7e185c,Polyodontidae,Animalia,Chondrostei,https://vvtaxatree.tbn.org.tw/taxa/17d64c6e-49dc-4651-8031-59632943cecd
8081693c-31ef-4da5-ba5c-cd0223ddd3b9,family,05449d0e-b9ea-4310-950a-cd2862a09d76,Amiidae,Animalia,Holostei,https://vvtaxatree.tbn.org.tw/taxa/8081693c-31ef-4da5-ba5c-cd0223ddd3b9
50b51768-282d-42dc-8961-1134862ce7f3,family,591eecbe-7de4-44d9-b76a-bc36e62b322e,Lepisosteidae,Animalia,Holostei,https://vvtaxatree.tbn.org.tw/taxa/50b51768-282d-42dc-8961-1134862ce7f3
cd9b3cb0-d090-441a-a09e-b14bbce5f43a,family,f0286ce5-b13b-432c-a148-c61d6e928864,Saccopharyngidae,Animalia,Actinopteri,https://vvtaxatree.tbn.org.tw/taxa/cd9b3cb0-d090-441a-a09e-b14bbce5f43a
80d1124a-52e3-49cc-829f-8cb9d42b7470,family,3f9fdb9d-8e3a-41b9-9427-a41a2568b553,Hiodontidae,Animalia,Actinopteri,https://vvtaxatree.tbn.org.tw/taxa/80d1124a-52e3-49cc-829f-8cb9d42b7470
2ec9fcae-c559-444f-93e3-32089fa5afca,family,194807cc-a5e0-42d2-afd7-622a203b47a2,Gymnarchidae,Animalia,Actinopteri,https://vvtaxatree.tbn.org.tw/taxa/2ec9fcae-c559-444f-93e3-32089fa5afca
589abeb1-72b3-48ff-8200-1106969eab7d,family,b95bb033-420e-4612-9c53-a4313ae74121,Denticipitidae,Animalia,Actinopteri,https://vvtaxatree.tbn.org.tw/taxa/589abeb1-72b3-48ff-8200-1106969eab7d
d3356e9c-9067-41e3-87b7-228c55c16112,family,a6a8b566-08ef-42b6-b5fc-8a7ab7964e44,Platytroctidae,Animalia,Actinopteri,https://vvtaxatree.tbn.org.tw/taxa/d3356e9c-9067-41e3-87b7-228c55c16112
4cdd20a8-d5dd-49b1-8572-db677cd3c5cf,family,82540dfc-8294-4855-8f5a-c2a3f8af96c7,Kneriidae,Animalia,Actinopteri,https://vvtaxatree.tbn.org.tw/taxa/4cdd20a8-d5dd-49b1-8572-db677cd3c5cf
25ff1b00-c8a1-4703-adee-ae02eb545492,family,2d26bf07-7ac8-4809-b5dc-b0c2a630f77e,Gyrinocheilidae,Animalia,Actinopteri,https://vvtaxatree.tbn.org.tw/taxa/25ff1b00-c8a1-4703-adee-ae02eb545492
13ed0703-fa43-4bf5-8d4a-0c8e5780fc98,family,55e8ffc0-7328-4c90-97f5-d745a16cbad0,Gastromyzontidae,Animalia,Actinopteri,https://vvtaxatree.tbn.org.tw/taxa/13ed0703-fa43-4bf5-8d4a-0c8e5780fc98
c42d203b-0f53-4c4b-83c2-f0244eeff9f2,family,55e8ffc0-7328-4c90-97f5-d745a16cbad0,Vaillantellidae,Animalia,Actinopteri,https://vvtaxatree.tbn.org.tw/taxa/c42d203b-0f53-4c4b-83c2-f0244eeff9f2
bcd4166b-8198-404b-9101-0e44492f4e06,family,517ee26e-6c2f-44b8-bc42-dc7b77068f60,Gobionidae,Animalia,Actinopteri,https://vvtaxatree.tbn.org.tw/taxa/bcd4166b-8198-404b-9101-0e44492f4e06
f040547e-bc52-4b2c-ae3b-67ceaf2a6c8c,family,517ee26e-6c2f-44b8-bc42-dc7b77068f60,Paedocyprididae,Animalia,Actinopteri,https://vvtaxatree.tbn.org.tw/taxa/f040547e-bc52-4b2c-ae3b-67ceaf2a6c8c
8582d7ef-92bb-4b3e-a356-c36dc99621d1,family,517ee26e-6c2f-44b8-bc42-dc7b77068f60,Sundadanionidae,Animalia,Actinopteri,https://vvtaxatree.tbn.org.tw/taxa/8582d7ef-92bb-4b3e-a356-c36dc99621d1
8c2210e3-bf18-48ad-9e87-d7b9fdddaf55,family,517ee26e-6c2f-44b8-bc42-dc7b77068f60,Tanichthyidae,Animalia,Actinopteri,https://vvtaxatree.tbn.org.tw/taxa/8c2210e3-bf18-48ad-9e87-d7b9fdddaf55
ed7d0b71-5907-458a-b43d-6f2cb02bb94c,family,517ee26e-6c2f-44b8-bc42-dc7b77068f60,Xenocyprididae,Animalia,Actinopteri,https://vvtaxatree.tbn.org.tw/taxa/ed7d0b71-5907-458a-b43d-6f2cb02bb94c
0e315507-518f-4fe7-b22c-ea9538b574e8,family,94c09387-b794-4c87-9d1d-9685452ca6ac,Citharinidae,Animalia,Actinopteri,https://vvtaxatree.tbn.org.tw/taxa/0e315507-518f-4fe7-b22c-ea9538b574e8
1af2ac2f-5f47-4e30-811f-a32988ae10ce,family,94c09387-b794-4c87-9d1d-9685452ca6ac,Distichodontidae,Animalia,Actinopteri,https://vvtaxatree.tbn.org.tw/taxa/1af2ac2f-5f47-4e30-811f-a32988ae10ce
1be62a06-d9a2-454e-90e7-b4d05954bb9a,family,a05f99f5-2709-4876-af60-61ff9f87a887,Chalceidae,Animalia,Actinopteri,https://vvtaxatree.tbn.org.tw/taxa/1be62a06-d9a2-454e-90e7-b4d05954bb9a
09f5cda0-e5e5-4b48-abc6-3cd85fa8caba,family,a05f99f5-2709-4876-af60-61ff9f87a887,Chilodontidae,Animalia,Actinopteri,https://vvtaxatree.tbn.org.tw/taxa/09f5cda0-e5e5-4b48-abc6-3cd85fa8caba
b4f2a87f-21f2-4adc-931d-e0fd74165841,family,a05f99f5-2709-4876-af60-61ff9f87a887,Ctenoluciidae,Animalia,Actinopteri,https://vvtaxatree.tbn.org.tw/taxa/b4f2a87f-21f2-4adc-931d-e0fd74165841
773071fb-89f3-4427-a15c-6d8a098b5e5b,family,a05f99f5-2709-4876-af60-61ff9f87a887,Curimatidae,Animalia,Actinopteri,https://vvtaxatree.tbn.org.tw/taxa/773071fb-89f3-4427-a15c-6d8a098b5e5b
7f439dd1-74f2-4a0b-8a2b-2c685ac12f14,family,a05f99f5-2709-4876-af60-61ff9f87a887,Gasteropelecidae,Animalia,Actinopteri,https://vvtaxatree.tbn.org.tw/taxa/7f439dd1-74f2-4a0b-8a2b-2c685ac12f14
486581ea-7338-4224-be17-2152ba2f15b9,family,a05f99f5-2709-4876-af60-61ff9f87a887,Hemiodontidae,Animalia,Actinopteri,https://vvtaxatree.tbn.org.tw/taxa/486581ea-7338-4224-be17-2152ba2f15b9
68b92766-05cd-49c9-a008-a55e08c1af1c,family,a05f99f5-2709-4876-af60-61ff9f87a887,Hepsetidae,Animalia,Actinopteri,https://vvtaxatree.tbn.org.tw/taxa/68b92766-05cd-49c9-a008-a55e08c1af1c
9be4628b-2a7a-4952-9ca7-5b6a8d00ae58,family,a05f99f5-2709-4876-af60-61ff9f87a887,Iguanodectidae,Animalia,Actinopteri,https://vvtaxatree.tbn.org.tw/taxa/9be4628b-2a7a-4952-9ca7-5b6a8d00ae58
ed1364bf-2a27-41b2-9337-d1a5a43e0096,family,a05f99f5-2709-4876-af60-61ff9f87a887,Parodontidae,Animalia,Actinopteri,https://vvtaxatree.tbn.org.tw/taxa/ed1364bf-2a27-41b2-9337-d1a5a43e0096
eb1202a6-924f-411b-9cd3-2a35c700390e,family,a05f99f5-2709-4876-af60-61ff9f87a887,Prochilodontidae,Animalia,Actinopteri,https://vvtaxatree.tbn.org.tw/taxa/eb1202a6-924f-411b-9cd3-2a35c700390e
d1727fe5-794a-4552-93f6-e6e76fa9f690,family,8bc9a934-6ff0-4e1a-ac48-af2a6516b767,Hypopomidae,Animalia,Actinopteri,https://vvtaxatree.tbn.org.tw/taxa/d1727fe5-794a-4552-93f6-e6e76fa9f690
1e59aa76-7cac-4635-8572-ee0aa5222a99,family,8bc9a934-6ff0-4e1a-ac48-af2a6516b767,Rhamphichthyidae,Animalia,Actinopteri,https://vvtaxatree.tbn.org.tw/taxa/1e59aa76-7cac-4635-8572-ee0aa5222a99
ecf06e41-04eb-426d-ba15-3c6c0d334221,family,69e549d7-bd10-4fc8-ac94-f6cf0abf45b7,Astroblepidae,Animalia,Actinopteri,https://vvtaxatree.tbn.org.tw/taxa/ecf06e41-04eb-426d-ba15-3c6c0d334221
180eb9d7-f9bd-412f-8d62-f71f470f168f,family,69e549d7-bd10-4fc8-ac94-f6cf0abf45b7,Nematogenyidae,Animalia,Actinopteri,https://vvtaxatree.tbn.org.tw/taxa/180eb9d7-f9bd-412f-8d62-f71f470f168f
b9d9b16d-e204-4007-bbbb-23b168956c7e,family,21683f7c-31ad-4c72-8994-44f25788ae43,Ailiidae,Animalia,Actinopteri,https://vvtaxatree.tbn.org.tw/taxa/b9d9b16d-e204-4007-bbbb-23b168956c7e
7d2f3577-b6cb-467b-8639-efa42f8828d1,family,21683f7c-31ad-4c72-8994-44f25788ae43,Claroteidae,Animalia,Actinopteri,https://vvtaxatree.tbn.org.tw/taxa/7d2f3577-b6cb-467b-8639-efa42f8828d1
21bbf8b4-c274-4000-9447-82e6c7224df4,family,21683f7c-31ad-4c72-8994-44f25788ae43,Ictaluridae,Animalia,Actinopteri,https://vvtaxatree.tbn.org.tw/taxa/21bbf8b4-c274-4000-9447-82e6c7224df4
0371278b-e566-4494-93a9-f573e97c35b3,family,c076aa33-2452-4ae9-9c6c-f900b279a91f,Lepidogalaxiidae,Animalia,Actinopteri,https://vvtaxatree.tbn.org.tw/taxa/0371278b-e566-4494-93a9-f573e97c35b3
affbbc4a-194f-4a3b-9118-66433d06a264,family,3e3c4bcc-db42-4d1f-ad7a-532c3df80562,Opisthoproctidae,Animalia,Actinopteri,https://vvtaxatree.tbn.org.tw/taxa/affbbc4a-194f-4a3b-9118-66433d06a264
79d2840d-e92f-45dd-bb84-12e65f416ca8,family,84ac9ed3-329e-42db-9723-6bb0b74294fc,Umbridae,Animalia,Actinopteri,https://vvtaxatree.tbn.org.tw/taxa/79d2840d-e92f-45dd-bb84-12e65f416ca8
22115fbf-5a66-4745-9e2d-c92b8eb6f5f2,family,c9e07fb5-d59e-4352-ad85-eb25fa49800d,Plecoglossidae,Animalia,Actinopteri,https://vvtaxatree.tbn.org.tw/taxa/22115fbf-5a66-4745-9e2d-c92b8eb6f5f2
88f99534-2a01-41ae-bb29-39cf03cc3364,family,c9e07fb5-d59e-4352-ad85-eb25fa49800d,Salangidae,Animalia,Actinopteri,https://vvtaxatree.tbn.org.tw/taxa/88f99534-2a01-41ae-bb29-39cf03cc3364
ad890706-2cca-4d28-b3b9-d2e6e6540bda,family,fc6594df-366b-4b44-b21a-7704780f4d8a,Pseudotrichonotidae,Animalia,Actinopteri,https://vvtaxatree.tbn.org.tw/taxa/ad890706-2cca-4d28-b3b9-d2e6e6540bda
c700ad03-4db6-4999-892f-c12d2193755a,family,cc89f3c6-d5ba-422d-bdaa-f3430e6ec88f,Lestidiidae,Animalia,Actinopteri,https://vvtaxatree.tbn.org.tw/taxa/c700ad03-4db6-4999-892f-c12d2193755a
a72b404c-3319-4e2d-9035-ecc000bb746e,family,cc89f3c6-d5ba-422d-bdaa-f3430e6ec88f,Sudidae,Animalia,Actinopteri,https://vvtaxatree.tbn.org.tw/taxa/a72b404c-3319-4e2d-9035-ecc000bb746e
9a0b4251-bf5e-48a2-9d48-46c891202a95,family,b22a8e5b-33fe-4435-88ad-d51d0aeb1a53,Amblyopsidae,Animalia,Actinopteri,https://vvtaxatree.tbn.org.tw/taxa/9a0b4251-bf5e-48a2-9d48-46c891202a95
967f00df-2fea-495d-9d71-b3c220799823,family,b22a8e5b-33fe-4435-88ad-d51d0aeb1a53,Aphredoderidae,Animalia,Actinopteri,https://vvtaxatree.tbn.org.tw/taxa/967f00df-2fea-495d-9d71-b3c220799823
16bc2048-5814-419f-9bda-f8e101812df2,family,b22a8e5b-33fe-4435-88ad-d51d0aeb1a53,Percopsidae,Animalia,Actinopteri,https://vvtaxatree.tbn.org.tw/taxa/16bc2048-5814-419f-9bda-f8e101812df2
244c4ce2-1156-4f05-8dd2-53a655d5b4a6,family,66aa3fb7-beb7-484e-8c40-adb5985f2393,Stylephoridae,Animalia,Actinopteri,https://vvtaxatree.tbn.org.tw/taxa/244c4ce2-1156-4f05-8dd2-53a655d5b4a6
fc05263c-b8da-4aef-bb29-00c67fa4f6af,family,451bdef1-d6d5-4531-a9a7-f99a4b04b616,Gaidropsaridae,Animalia,Actinopteri,https://vvtaxatree.tbn.org.tw/taxa/fc05263c-b8da-4aef-bb29-00c67fa4f6af
aa55179d-af5a-48e7-a443-8f7bd3fd0c8b,family,b4bd1b00-e906-43b6-be42-45ad490c9097,Macruronidae,Animalia,Actinopteri,https://vvtaxatree.tbn.org.tw/taxa/aa55179d-af5a-48e7-a443-8f7bd3fd0c8b
aaa7c8e0-714b-4abe-9880-17ea611271e5,family,8223d6b2-693a-4fe0-8524-2707a347b517,Merlucciidae,Animalia,Actinopteri,https://vvtaxatree.tbn.org.tw/taxa/aaa7c8e0-714b-4abe-9880-17ea611271e5
bdfa9aa1-fd59-4f29-8b3c-868555b368fa,family,b4bd1b00-e906-43b6-be42-45ad490c9097,Muraenolepididae,Animalia,Actinopteri,https://vvtaxatree.tbn.org.tw/taxa/bdfa9aa1-fd59-4f29-8b3c-868555b368fa
2c3b4e10-188c-4d8e-9838-815d4f6fd488,family,451bdef1-d6d5-4531-a9a7-f99a4b04b616,Phycidae,Animalia,Actinopteri,https://vvtaxatree.tbn.org.tw/taxa/2c3b4e10-188c-4d8e-9838-815d4f6fd488
d222b425-3c25-4e5a-b5f0-bd3e4c246425,family,b4bd1b00-e906-43b6-be42-45ad490c9097,Steindachneriidae,Animalia,Actinopteri,https://vvtaxatree.tbn.org.tw/taxa/d222b425-3c25-4e5a-b5f0-bd3e4c246425
61df5ea3-365f-47c7-abf8-ec8e52d4c228,family,bd834b3b-489f-4607-981f-10ce9d161846,Stephanoberycidae,Animalia,Actinopteri,https://vvtaxatree.tbn.org.tw/taxa/61df5ea3-365f-47c7-abf8-ec8e52d4c228
185fd70a-699b-4281-98c8-9dd5bbff1149,family,0bcd6e7d-635c-4fac-8cc0-c5802d1d5af3,Anoplogastridae,Animalia,Actinopteri,https://vvtaxatree.tbn.org.tw/taxa/185fd70a-699b-4281-98c8-9dd5bbff1149
0c43b8db-687a-4ddb-b3eb-39967a60b584,family,4a08040b-e7c8-4b21-9ae9-33fb900e3310,Dinematichthyidae,Animalia,Actinopteri,https://vvtaxatree.tbn.org.tw/taxa/0c43b8db-687a-4ddb-b3eb-39967a60b584
542e29a3-0a63-47be-930d-cc2ad291dea3,family,a9c8da9c-6019-44f9-8dff-8355d9b51ed1,Arripidae,Animalia,Actinopteri,https://vvtaxatree.tbn.org.tw/taxa/542e29a3-0a63-47be-930d-cc2ad291dea3
5532f14f-f3ad-45e9-91d9-2d10b101c642,family,a9c8da9c-6019-44f9-8dff-8355d9b51ed1,Icosteidae,Animalia,Actinopteri,https://vvtaxatree.tbn.org.tw/taxa/5532f14f-f3ad-45e9-91d9-2d10b101c642
d1089fe4-4a16-422c-ace9-ee5bd9de85bb,family,46d9f608-320c-4a44-bc3d-dfa7f680da70,Kurtidae,Animalia,Actinopteri,https://vvtaxatree.tbn.org.tw/taxa/d1089fe4-4a16-422c-ace9-ee5bd9de85bb
23587650-bb7b-4b48-bfcf-5131f3fc6ae4,family,faa3f490-58d3-4bbb-b4bf-bb8b0718677a,Indostomidae,Animalia,Actinopteri,https://vvtaxatree.tbn.org.tw/taxa/23587650-bb7b-4b48-bfcf-5131f3fc6ae4
800b6f17-2e58-4834-9135-3f1997374adc,family,4297e6bd-38a4-4873-beb2-d3a4da11fb69,Helostomatidae,Animalia,Actinopteri,https://vvtaxatree.tbn.org.tw/taxa/800b6f17-2e58-4834-9135-3f1997374adc
22a4ab8d-70e0-472a-8975-c2db7e8e2cc2,family,d4bc5f71-0588-4f56-b5dc-b1e950fd9001,Badidae,Animalia,Actinopteri,https://vvtaxatree.tbn.org.tw/taxa/22a4ab8d-70e0-472a-8975-c2db7e8e2cc2
d225924d-72f8-4a9d-b750-08d8567a71d9,family,d4bc5f71-0588-4f56-b5dc-b1e950fd9001,Nandidae,Animalia,Actinopteri,https://vvtaxatree.tbn.org.tw/taxa/d225924d-72f8-4a9d-b750-08d8567a71d9
6508875b-d1e3-48ae-9c84-b43842b046b8,family,d4bc5f71-0588-4f56-b5dc-b1e950fd9001,Pristolepididae,Animalia,Actinopteri,https://vvtaxatree.tbn.org.tw/taxa/6508875b-d1e3-48ae-9c84-b43842b046b8
a48674db-6828-493c-ab9f-e94b3f0dde55,family,4bea36be-c2e4-4d0f-8b68-fc7b1fe22e86,Nematistiidae,Animalia,Actinopteri,https://vvtaxatree.tbn.org.tw/taxa/a48674db-6828-493c-ab9f-e94b3f0dde55
6eb911e6-5355-4040-9d34-e6a0364d35c3,family,9e53345a-a6d3-4a99-9c13-588458d7168f,Achiridae,Animalia,Actinopteri,https://vvtaxatree.tbn.org.tw/taxa/6eb911e6-5355-4040-9d34-e6a0364d35c3
8ad7b552-6a47-4508-acd9-05496da45f33,family,9e53345a-a6d3-4a99-9c13-588458d7168f,Rhombosoleidae,Animalia,Actinopteri,https://vvtaxatree.tbn.org.tw/taxa/8ad7b552-6a47-4508-acd9-05496da45f33
a660f1ca-d932-4fe0-b0f3-7c18f48438dc,family,9e53345a-a6d3-4a99-9c13-588458d7168f,Scophthalmidae,Animalia,Actinopteri,https://vvtaxatree.tbn.org.tw/taxa/a660f1ca-d932-4fe0-b0f3-7c18f48438dc
319eb219-24cb-412e-8388-66404d393167,family,77e70120-9c05-4b29-9b22-9441c0e6c81c,Pholidichthyidae,Animalia,Actinopteri,https://vvtaxatree.tbn.org.tw/taxa/319eb219-24cb-412e-8388-66404d393167
06b53bb6-df32-4751-b720-3d3571b66be3,family,d47535d1-1885-44fc-b023-e785b6b4fcae,Bedotiidae,Animalia,Actinopteri,https://vvtaxatree.tbn.org.tw/taxa/06b53bb6-df32-4751-b720-3d3571b66be3
5b043eac-6597-4c6e-b62c-f45bb8772ba4,family,d47535d1-1885-44fc-b023-e785b6b4fcae,Isonidae,Animalia,Actinopteri,https://vvtaxatree.tbn.org.tw/taxa/5b043eac-6597-4c6e-b62c-f45bb8772ba4
2cb28330-68d8-43ee-a37a-cbe5e2b29704,family,d47535d1-1885-44fc-b023-e785b6b4fcae,Phallostethidae,Animalia,Actinopteri,https://vvtaxatree.tbn.org.tw/taxa/2cb28330-68d8-43ee-a37a-cbe5e2b29704
399651d7-1e8a-448b-84e2-3f8995bfce24,family,d47535d1-1885-44fc-b023-e785b6b4fcae,Pseudomugilidae,Animalia,Actinopteri,https://vvtaxatree.tbn.org.tw/taxa/399651d7-1e8a-448b-84e2-3f8995bfce24
790553fa-2bcc-49d0-a3f3-c68c1672aa39,family,d47535d1-1885-44fc-b023-e785b6b4fcae,Telmatherinidae,Animalia,Actinopteri,https://vvtaxatree.tbn.org.tw/taxa/790553fa-2bcc-49d0-a3f3-c68c1672aa39
e56b747c-ea75-4712-8048-b46481ef90a2,family,e316da58-ccfa-4ab0-8b37-a4739db5769d,Zenarchopteridae,Animalia,Actinopteri,https://vvtaxatree.tbn.org.tw/taxa/e56b747c-ea75-4712-8048-b46481ef90a2
0d3ea455-1438-4be5-811c-11d010e24f53,family,dc429381-091e-4e81-8f85-85e397ca1624,Fundulidae,Animalia,Actinopteri,https://vvtaxatree.tbn.org.tw/taxa/0d3ea455-1438-4be5-811c-11d010e24f53
0e7ea222-f03c-4355-8177-f219890f42c2,family,3a633269-cf4e-442a-84d9-1979e2dcb55a,Dactyloscopidae,Animalia,Actinopteri,https://vvtaxatree.tbn.org.tw/taxa/0e7ea222-f03c-4355-8177-f219890f42c2
aa521faa-f5bc-46ca-ad13-4ce6762f9660,family,3a633269-cf4e-442a-84d9-1979e2dcb55a,Labrisomidae,Animalia,Actinopteri,https://vvtaxatree.tbn.org.tw/taxa/aa521faa-f5bc-46ca-ad13-4ce6762f9660
10c68515-f8ca-4c42-a45c-506ef78fae81,family,b46154ab-90ef-4743-82b3-27750b3bb42d,Cheimarrichthyidae,Animalia,Actinopteri,https://vvtaxatree.tbn.org.tw/taxa/10c68515-f8ca-4c42-a45c-506ef78fae81
78f68ec6-d0d9-4ca3-b7ad-d7a28ce471bb,family,4d6b96fe-7bc3-4de6-8b64-20694fb0718f,Luvaridae,Animalia,Actinopteri,https://vvtaxatree.tbn.org.tw/taxa/78f68ec6-d0d9-4ca3-b7ad-d7a28ce471bb
b31b5b7a-7c10-4e0e-af12-17b329b91aa5,family,b1e4f012-f5b5-4fca-8937-0bc587263659,Hapalogenyidae,Animalia,Actinopteri,https://vvtaxatree.tbn.org.tw/taxa/b31b5b7a-7c10-4e0e-af12-17b329b91aa5
117d7917-755e-4084-9ee6-9b3811fdfbdf,family,b1e4f012-f5b5-4fca-8937-0bc587263659,Datnioididae,Animalia,Actinopteri,https://vvtaxatree.tbn.org.tw/taxa/117d7917-755e-4084-9ee6-9b3811fdfbdf
ae2faf24-d5fd-48de-a6dd-6b679b26a616,family,6204e3fe-fe7a-462a-9c05-1d7b8628f6b6,Lateolabracidae,Animalia,Actinopteri,https://vvtaxatree.tbn.org.tw/taxa/ae2faf24-d5fd-48de-a6dd-6b679b26a616
03fcfbe6-e65c-4b5b-a2fd-65df4c05d1ad,family,6204e3fe-fe7a-462a-9c05-1d7b8628f6b6,Polyprionidae,Animalia,Actinopteri,https://vvtaxatree.tbn.org.tw/taxa/03fcfbe6-e65c-4b5b-a2fd-65df4c05d1ad
f78d6542-b9ab-49f9-800b-4ce42357f3e8,family,8a0020ba-ae9c-4a3c-9c55-230f960e99a1,Elassomatidae,Animalia,Actinopteri,https://vvtaxatree.tbn.org.tw/taxa/f78d6542-b9ab-49f9-800b-4ce42357f3e8
f320b624-f543-4eba-b64a-1e6822277aa7,family,8a0020ba-ae9c-4a3c-9c55-230f960e99a1,Enoplosidae,Animalia,Actinopteri,https://vvtaxatree.tbn.org.tw/taxa/f320b624-f543-4eba-b64a-1e6822277aa7
b69f09ae-fe3b-427a-bc78-a72bee284288,family,8a0020ba-ae9c-4a3c-9c55-230f960e99a1,Sinipercidae,Animalia,Actinopteri,https://vvtaxatree.tbn.org.tw/taxa/b69f09ae-fe3b-427a-bc78-a72bee284288
5cbda699-c21c-45bf-b7bc-6fc370b34424,family,4cba8797-1c20-4183-9747-a0e0cf31f3d3,Aplodactylidae,Animalia,Actinopteri,https://vvtaxatree.tbn.org.tw/taxa/5cbda699-c21c-45bf-b7bc-6fc370b34424
f18873c3-6b81-4302-8d4a-fc7a697bb393,family,4cba8797-1c20-4183-9747-a0e0cf31f3d3,Chironemidae,Animalia,Actinopteri,https://vvtaxatree.tbn.org.tw/taxa/f18873c3-6b81-4302-8d4a-fc7a697bb393
8186498c-7920-400c-b34f-3b8f9345916b,family,4cba8797-1c20-4183-9747-a0e0cf31f3d3,Latridae,Animalia,Actinopteri,https://vvtaxatree.tbn.org.tw/taxa/8186498c-7920-400c-b34f-3b8f9345916b
b8f27961-16a1-4dc2-b4bb-9e70ef5315e3,family,59a40839-b81f-4072-b332-1c529ac6d78b,Dichistiidae,Animalia,Actinopteri,https://vvtaxatree.tbn.org.tw/taxa/b8f27961-16a1-4dc2-b4bb-9e70ef5315e3
2b775af3-1464-4930-9d78-9643ea72da68,family,59a40839-b81f-4072-b332-1c529ac6d78b,Girellidae,Animalia,Actinopteri,https://vvtaxatree.tbn.org.tw/taxa/2b775af3-1464-4930-9d78-9643ea72da68
cb750f58-02b4-4659-aa5c-cee8753fc012,family,cb92a8c7-9559-4519-b2c8-9c0c27748bde,Niphonidae,Animalia,Actinopteri,https://vvtaxatree.tbn.org.tw/taxa/cb750f58-02b4-4659-aa5c-cee8753fc012
71c7ea2c-a5b4-4f23-adee-c957fe642880,family,93faba7e-0a00-42b3-8830-b1a08ba31657,Artedidraconidae,Animalia,Actinopteri,https://vvtaxatree.tbn.org.tw/taxa/71c7ea2c-a5b4-4f23-adee-c957fe642880
a512b281-3936-401d-9ab4-438acf2243e2,family,93faba7e-0a00-42b3-8830-b1a08ba31657,Bovichtidae,Animalia,Actinopteri,https://vvtaxatree.tbn.org.tw/taxa/a512b281-3936-401d-9ab4-438acf2243e2
6ea3d663-df2a-4177-b52b-b30ecde375ea,family,93faba7e-0a00-42b3-8830-b1a08ba31657,Eleginopsidae,Animalia,Actinopteri,https://vvtaxatree.tbn.org.tw/taxa/6ea3d663-df2a-4177-b52b-b30ecde375ea
6b39e0c4-44b8-46a8-ae2f-62aa136bd779,family,93faba7e-0a00-42b3-8830-b1a08ba31657,Pseudaphritidae,Animalia,Actinopteri,https://vvtaxatree.tbn.org.tw/taxa/6b39e0c4-44b8-46a8-ae2f-62aa136bd779
7b0e4218-184a-449f-8cd2-5d0dd93794ba,family,fef15978-2fbf-43d4-8412-3be94758de09,Setarchidae,Animalia,Actinopteri,https://vvtaxatree.tbn.org.tw/taxa/7b0e4218-184a-449f-8cd2-5d0dd93794ba
ae922a35-1bcc-4187-b877-342f01ee5d85,family,fef15978-2fbf-43d4-8412-3be94758de09,Parabembridae,Animalia,Actinopteri,https://vvtaxatree.tbn.org.tw/taxa/ae922a35-1bcc-4187-b877-342f01ee5d85
540755d7-589b-40e8-b09c-c6f0f8fcd9a6,family,5fe45183-7be3-41d3-b523-326dfaf3edab,Anoplopomatidae,Animalia,Actinopteri,https://vvtaxatree.tbn.org.tw/taxa/540755d7-589b-40e8-b09c-c6f0f8fcd9a6
f5bcfa9a-1952-4558-a06e-57d6ae211236,family,79a8767e-fe7c-41a1-b9b6-e87abb3b241d,Anarhichadidae,Animalia,Actinopteri,https://vvtaxatree.tbn.org.tw/taxa/f5bcfa9a-1952-4558-a06e-57d6ae211236
334a59fa-d579-4af7-bbc4-31ca10817f23,family,79a8767e-fe7c-41a1-b9b6-e87abb3b241d,Bathymasteridae,Animalia,Actinopteri,https://vvtaxatree.tbn.org.tw/taxa/334a59fa-d579-4af7-bbc4-31ca10817f23
62c71765-bb3c-42b5-a717-fb2eb3c073f0,family,79a8767e-fe7c-41a1-b9b6-e87abb3b241d,Cryptacanthodidae,Animalia,Actinopteri,https://vvtaxatree.tbn.org.tw/taxa/62c71765-bb3c-42b5-a717-fb2eb3c073f0
9e4e6afa-3bbb-4742-8fbe-59d0cf9b1642,family,79a8767e-fe7c-41a1-b9b6-e87abb3b241d,Zaproridae,Animalia,Actinopteri,https://vvtaxatree.tbn.org.tw/taxa/9e4e6afa-3bbb-4742-8fbe-59d0cf9b1642
62a5ac64-a80b-4b55-acf5-13c9974a3206,family,c2cd9345-9359-4324-9340-c168f2dcf084,Aulorhynchidae,Animalia,Actinopteri,https://vvtaxatree.tbn.org.tw/taxa/62a5ac64-a80b-4b55-acf5-13c9974a3206
497d3e41-9252-4c32-b3a6-624722fa6e3c,family,c2cd9345-9359-4324-9340-c168f2dcf084,Gasterosteidae,Animalia,Actinopteri,https://vvtaxatree.tbn.org.tw/taxa/497d3e41-9252-4c32-b3a6-624722fa6e3c
c52faea2-c906-4cbd-a258-bdce45f3ee98,family,c2cd9345-9359-4324-9340-c168f2dcf084,Hypoptychidae,Animalia,Actinopteri,https://vvtaxatree.tbn.org.tw/taxa/c52faea2-c906-4cbd-a258-bdce45f3ee98
56fed48c-dedf-4757-b301-426b5d5e5c0a,family,5fe45183-7be3-41d3-b523-326dfaf3edab,Zaniolepididae,Animalia,Actinopteri,https://vvtaxatree.tbn.org.tw/taxa/56fed48c-dedf-4757-b301-426b5d5e5c0a
767e4d87-3e6e-400c-875e-343469b18644,family,5fe45183-7be3-41d3-b523-326dfaf3edab,Liparidae,Animalia,Actinopteri,https://vvtaxatree.tbn.org.tw/taxa/767e4d87-3e6e-400c-875e-343469b18644
c897bdc6-b71e-402a-91a8-f3cec7eb5e61,family,48cd7028-1c3a-4b3f-9585-c45568919470,Scorpaenichthyidae,Animalia,Actinopteri,https://vvtaxatree.tbn.org.tw/taxa/c897bdc6-b71e-402a-91a8-f3cec7eb5e61
6f0e6283-ada9-4a5b-96d8-8451a890943b,family,ec67ecdd-fc08-4b85-8395-0d4db772a503,Neoceratodontidae,Animalia,Dipneusti,https://vvtaxatree.tbn.org.tw/taxa/6f0e6283-ada9-4a5b-96d8-8451a890943b
ed14ed83-1ece-4a08-bc20-896d763e4217,family,7ef23747-9943-4c9d-953d-81ddf455e9a3,Lepidosirenidae,Animalia,Dipneusti,https://vvtaxatree.tbn.org.tw/taxa/ed14ed83-1ece-4a08-bc20-896d763e4217
689abd18-3237-4f69-9db1-5cb3cc648167,family,3ecc15e1-356d-430c-8f26-83196453a7de,Heteralepadidae,Animalia,Thecostraca,https://vvtaxatree.tbn.org.tw/taxa/689abd18-3237-4f69-9db1-5cb3cc648167
921f6b3c-a2f9-43e8-8153-fb46d985c6e2,family,ca9f4648-3c8c-4891-8752-df91e0876726,Brachylepadidae,Animalia,Thecostraca,https://vvtaxatree.tbn.org.tw/taxa/921f6b3c-a2f9-43e8-8153-fb46d985c6e2
676b2dd2-be6f-4a9a-a4e7-6f99e18f4edf,family,32bb050f-6455-4b99-8e32-ae61169fc280,Pachydiadematidae,Animalia,Thecostraca,https://vvtaxatree.tbn.org.tw/taxa/676b2dd2-be6f-4a9a-a4e7-6f99e18f4edf
f0a69a4b-b5ed-470d-be0d-6b19cba774cd,family,44ce135c-51f4-4239-8814-e5f261b263bd,Machaerotidae,Animalia,Insecta,https://vvtaxatree.tbn.org.tw/taxa/f0a69a4b-b5ed-470d-be0d-6b19cba774cd
4374b1fe-b48d-4d1e-b988-8a6d9f0a96c7,family,40c2602a-1e39-472e-9310-123e599dc26f,Natricidae,Animalia,Reptilia,https://vvtaxatree.tbn.org.tw/taxa/4374b1fe-b48d-4d1e-b988-8a6d9f0a96c7
617a15c6-9d4f-4d44-ba4d-6717107cf471,family,66952e88-c5df-47bb-947d-d613e900543d,Cheirogaleidae,Animalia,Mammalia,https://vvtaxatree.tbn.org.tw/taxa/617a15c6-9d4f-4d44-ba4d-6717107cf471
0d796402-0369-4524-8294-d519d6f8562d,family,66952e88-c5df-47bb-947d-d613e900543d,Hylobatidae,Animalia,Mammalia,https://vvtaxatree.tbn.org.tw/taxa/0d796402-0369-4524-8294-d519d6f8562d
f4d4fa88-764a-42ef-a50b-c6bfb2e0e329,family,66952e88-c5df-47bb-947d-d613e900543d,Indriidae,Animalia,Mammalia,https://vvtaxatree.tbn.org.tw/taxa/f4d4fa88-764a-42ef-a50b-c6bfb2e0e329
89beee1a-1db3-423f-a897-ef02866bdcba,family,66952e88-c5df-47bb-947d-d613e900543d,Lemuridae,Animalia,Mammalia,https://vvtaxatree.tbn.org.tw/taxa/89beee1a-1db3-423f-a897-ef02866bdcba
11622fd3-508c-4607-9f13-669d89f70f67,family,66952e88-c5df-47bb-947d-d613e900543d,Lepilemuridae,Animalia,Mammalia,https://vvtaxatree.tbn.org.tw/taxa/11622fd3-508c-4607-9f13-669d89f70f67
de9d746d-73c9-44f6-a71a-ceeb6033c217,family,70f1c5fe-e316-48f3-8ee1-36155e7979ee,Lanthanotidae,Animalia,Reptilia,https://vvtaxatree.tbn.org.tw/taxa/de9d746d-73c9-44f6-a71a-ceeb6033c217
9525b68b-efa2-4bdd-a087-25c368bff0c5,family,032209f0-0b53-47af-aad4-5739b0d9ea04,Tropidophiidae,Animalia,Reptilia,https://vvtaxatree.tbn.org.tw/taxa/9525b68b-efa2-4bdd-a087-25c368bff0c5
4893cf9e-5d43-45e3-829b-843bddba99bd,family,615be877-d560-44df-ab4e-405a67f8b104,Platysternidae,Animalia,Reptilia,https://vvtaxatree.tbn.org.tw/taxa/4893cf9e-5d43-45e3-829b-843bddba99bd
d19675ae-e400-4425-bcff-91bd3c4c9fa4,family,53ef2624-0400-4988-b905-e4d6a636de84,Spirorchiidae,Animalia,Neoophora,https://vvtaxatree.tbn.org.tw/taxa/d19675ae-e400-4425-bcff-91bd3c4c9fa4
2d7f90f6-b76c-4673-8b86-4bcf552b25c5,family,965c092e-7e28-47f3-bed3-bcb1fca94984,Molannidae,Animalia,Insecta,https://vvtaxatree.tbn.org.tw/taxa/2d7f90f6-b76c-4673-8b86-4bcf552b25c5
0cfc72cb-a926-4589-b747-00530c577907,family,3d725919-6fe5-451d-bdd5-82ee01653101,Geotriidae,Animalia,Petromyzonti,https://vvtaxatree.tbn.org.tw/taxa/0cfc72cb-a926-4589-b747-00530c577907
ac97d2e1-f8b7-4c78-a437-b9e4e4db172d,family,3d725919-6fe5-451d-bdd5-82ee01653101,Mordaciidae,Animalia,Petromyzonti,https://vvtaxatree.tbn.org.tw/taxa/ac97d2e1-f8b7-4c78-a437-b9e4e4db172d
764b511d-f979-43f5-a75f-dc8ab2fee10e,family,71b8c57f-f699-4c36-a851-77511d1d9fe6,Brachaeluridae,Animalia,Elasmobranchii,https://vvtaxatree.tbn.org.tw/taxa/764b511d-f979-43f5-a75f-dc8ab2fee10e
abc36c15-f4a8-447e-8711-0ac0a5648602,family,62921288-6d7c-4ef6-a6c9-7be283fed221,Atelomycteridae,Animalia,Elasmobranchii,https://vvtaxatree.tbn.org.tw/taxa/abc36c15-f4a8-447e-8711-0ac0a5648602
e284c1fb-ec63-4707-83ea-e23b8a89d848,family,62921288-6d7c-4ef6-a6c9-7be283fed221,Leptochariidae,Animalia,Elasmobranchii,https://vvtaxatree.tbn.org.tw/taxa/e284c1fb-ec63-4707-83ea-e23b8a89d848
c778fcb0-44a1-4f77-9648-88e754037cb1,family,6991bff0-5c77-4044-9f81-c2625e9e97cb,Oxynotidae,Animalia,Elasmobranchii,https://vvtaxatree.tbn.org.tw/taxa/c778fcb0-44a1-4f77-9648-88e754037cb1
88b12828-94c9-4ed9-b1f2-7d65cae5f9df,family,18d8f214-2e30-4851-a434-9782b781e6e6,Hypnidae,Animalia,Elasmobranchii,https://vvtaxatree.tbn.org.tw/taxa/88b12828-94c9-4ed9-b1f2-7d65cae5f9df
8e5aa870-b482-481f-b2a1-23dac09f8c31,family,8d1d354b-adfd-4084-8bc9-f594446dbed9,Trygonorrhinidae,Animalia,Elasmobranchii,https://vvtaxatree.tbn.org.tw/taxa/8e5aa870-b482-481f-b2a1-23dac09f8c31
8bd959fd-24c9-4d02-b869-5710fdd6bb83,family,8d1d354b-adfd-4084-8bc9-f594446dbed9,Glaucostegidae,Animalia,Elasmobranchii,https://vvtaxatree.tbn.org.tw/taxa/8bd959fd-24c9-4d02-b869-5710fdd6bb83
7ea7456d-e3b1-422b-afcd-731b9ea32ae6,family,eb565046-8437-4fa2-995f-0679607c6449,Gurgesiellidae,Animalia,Elasmobranchii,https://vvtaxatree.tbn.org.tw/taxa/7ea7456d-e3b1-422b-afcd-731b9ea32ae6
a10e2d0e-4dde-4856-90c5-fa91e1ec3870,family,6c997176-51c4-4860-bf07-b638521d375d,Zanobatidae,Animalia,Elasmobranchii,https://vvtaxatree.tbn.org.tw/taxa/a10e2d0e-4dde-4856-90c5-fa91e1ec3870
144325c3-c0a1-46cf-a646-18e0a6c7e74a,family,7fa83672-f7d0-4245-8a0f-d2743d3384cd,Urotrygonidae,Animalia,Elasmobranchii,https://vvtaxatree.tbn.org.tw/taxa/144325c3-c0a1-46cf-a646-18e0a6c7e74a
67f951ec-fd7b-436e-a06e-bf22af018d71,family,7fa83672-f7d0-4245-8a0f-d2743d3384cd,Rhinopteridae,Animalia,Elasmobranchii,https://vvtaxatree.tbn.org.tw/taxa/67f951ec-fd7b-436e-a06e-bf22af018d71
e48dea30-afa2-41bb-affc-a338fbf0a043,family,7f5a8c65-0a7f-4c86-911b-6805eebfcd84,Callorhinchidae,Animalia,Holocephali,https://vvtaxatree.tbn.org.tw/taxa/e48dea30-afa2-41bb-affc-a338fbf0a043
dceac3db-57f6-42c0-86c3-9ae08ea11b20,family,194807cc-a5e0-42d2-afd7-622a203b47a2,Arapaimidae,Animalia,Actinopteri,https://vvtaxatree.tbn.org.tw/taxa/dceac3db-57f6-42c0-86c3-9ae08ea11b20
7bb04eb1-8fa1-4db6-b492-03a1db3a893d,family,dd2a80cd-bc3a-4aae-bee9-10bffe4142a0,Protanguillidae,Animalia,Actinopteri,https://vvtaxatree.tbn.org.tw/taxa/7bb04eb1-8fa1-4db6-b492-03a1db3a893d
74552f82-dd09-402b-b4cb-09fcb79855ee,family,f0286ce5-b13b-432c-a148-c61d6e928864,Cyematidae,Animalia,Actinopteri,https://vvtaxatree.tbn.org.tw/taxa/74552f82-dd09-402b-b4cb-09fcb79855ee
66b4a325-8f8a-4302-be08-334ee8e9c385,family,f0286ce5-b13b-432c-a148-c61d6e928864,Monognathidae,Animalia,Actinopteri,https://vvtaxatree.tbn.org.tw/taxa/66b4a325-8f8a-4302-be08-334ee8e9c385
fbf453cf-06da-41d5-bd4c-53936f65aa0a,family,f0286ce5-b13b-432c-a148-c61d6e928864,Neocyematidae,Animalia,Actinopteri,https://vvtaxatree.tbn.org.tw/taxa/fbf453cf-06da-41d5-bd4c-53936f65aa0a
b25a82e9-06a6-496c-adff-935f36f372fc,family,1b3f5083-5645-4422-a054-6d1172f5b9f7,Heterenchelyidae,Animalia,Actinopteri,https://vvtaxatree.tbn.org.tw/taxa/b25a82e9-06a6-496c-adff-935f36f372fc
fc1a903b-ddfb-45af-8d16-a77b91fed4ba,family,1b3f5083-5645-4422-a054-6d1172f5b9f7,Myrocongridae,Animalia,Actinopteri,https://vvtaxatree.tbn.org.tw/taxa/fc1a903b-ddfb-45af-8d16-a77b91fed4ba
f86a806c-32a8-47ce-b47d-79768dae40cc,family,037d89f0-cbe1-43ba-98f8-0f1fe8598bd6,Spratelloididae,Animalia,Actinopteri,https://vvtaxatree.tbn.org.tw/taxa/f86a806c-32a8-47ce-b47d-79768dae40cc
9c6aef75-21d4-47cb-8453-ac4a7472f47d,family,037d89f0-cbe1-43ba-98f8-0f1fe8598bd6,Dussumieriidae,Animalia,Actinopteri,https://vvtaxatree.tbn.org.tw/taxa/9c6aef75-21d4-47cb-8453-ac4a7472f47d
b1fd8512-9a47-40c7-98be-8674cd23db30,family,037d89f0-cbe1-43ba-98f8-0f1fe8598bd6,Ehiravidae,Animalia,Actinopteri,https://vvtaxatree.tbn.org.tw/taxa/b1fd8512-9a47-40c7-98be-8674cd23db30
73f6e2b6-76ec-4362-a780-c3a9e26ed357,family,037d89f0-cbe1-43ba-98f8-0f1fe8598bd6,Alosidae,Animalia,Actinopteri,https://vvtaxatree.tbn.org.tw/taxa/73f6e2b6-76ec-4362-a780-c3a9e26ed357
f68febcc-136e-4823-9cb7-8836e3f7cbb6,family,037d89f0-cbe1-43ba-98f8-0f1fe8598bd6,Dorosomatidae,Animalia,Actinopteri,https://vvtaxatree.tbn.org.tw/taxa/f68febcc-136e-4823-9cb7-8836e3f7cbb6
f2216750-0e04-4715-b156-2fa39d710bcc,family,82540dfc-8294-4855-8f5a-c2a3f8af96c7,Phractolaemidae,Animalia,Actinopteri,https://vvtaxatree.tbn.org.tw/taxa/f2216750-0e04-4715-b156-2fa39d710bcc
29b73073-1d29-447d-8c2a-2de425adc9dd,family,55e8ffc0-7328-4c90-97f5-d745a16cbad0,Barbuccidae,Animalia,Actinopteri,https://vvtaxatree.tbn.org.tw/taxa/29b73073-1d29-447d-8c2a-2de425adc9dd
9ce2c416-fa7e-4a45-8229-fe44f133efec,family,55e8ffc0-7328-4c90-97f5-d745a16cbad0,Serpenticobitidae,Animalia,Actinopteri,https://vvtaxatree.tbn.org.tw/taxa/9ce2c416-fa7e-4a45-8229-fe44f133efec
47551dd0-91c4-4265-9848-b888e97a5c76,family,55e8ffc0-7328-4c90-97f5-d745a16cbad0,Ellopostomatidae,Animalia,Actinopteri,https://vvtaxatree.tbn.org.tw/taxa/47551dd0-91c4-4265-9848-b888e97a5c76
573f29ca-604b-473a-a368-6a3a48645402,family,517ee26e-6c2f-44b8-bc42-dc7b77068f60,Psilorhynchidae,Animalia,Actinopteri,https://vvtaxatree.tbn.org.tw/taxa/573f29ca-604b-473a-a368-6a3a48645402
16aadf66-9da6-4a80-ae41-4a64b4c0cf31,family,517ee26e-6c2f-44b8-bc42-dc7b77068f60,Leptobarbidae,Animalia,Actinopteri,https://vvtaxatree.tbn.org.tw/taxa/16aadf66-9da6-4a80-ae41-4a64b4c0cf31
11674240-1fb6-46dc-bd85-ed8b7bb175b3,family,517ee26e-6c2f-44b8-bc42-dc7b77068f60,Tincidae,Animalia,Actinopteri,https://vvtaxatree.tbn.org.tw/taxa/11674240-1fb6-46dc-bd85-ed8b7bb175b3
492fa852-f3e6-46e6-a353-1a773f88ee6c,family,a05f99f5-2709-4876-af60-61ff9f87a887,Lepidarchidae,Animalia,Actinopteri,https://vvtaxatree.tbn.org.tw/taxa/492fa852-f3e6-46e6-a353-1a773f88ee6c
39386c31-079b-46d0-926e-f0f572031a71,family,a05f99f5-2709-4876-af60-61ff9f87a887,Tarumaniidae,Animalia,Actinopteri,https://vvtaxatree.tbn.org.tw/taxa/39386c31-079b-46d0-926e-f0f572031a71
0f514bb4-c7a7-4345-9ed6-abf9fc9aa0da,family,a05f99f5-2709-4876-af60-61ff9f87a887,Chilodidae,Animalia,Actinopteri,https://vvtaxatree.tbn.org.tw/taxa/0f514bb4-c7a7-4345-9ed6-abf9fc9aa0da
d0b02316-e630-4918-8c6b-4a50f5a1824e,family,a05f99f5-2709-4876-af60-61ff9f87a887,Spintherobolidae,Animalia,Actinopteri,https://vvtaxatree.tbn.org.tw/taxa/d0b02316-e630-4918-8c6b-4a50f5a1824e
bdfd3411-255e-43ff-9fbe-881835b2ff6d,family,e91eedfc-9c42-46e4-a846-73da1b69fdba,Diplomystidae,Animalia,Actinopteri,https://vvtaxatree.tbn.org.tw/taxa/bdfd3411-255e-43ff-9fbe-881835b2ff6d
5ef16d3b-72a1-4660-94b5-1bce201365df,family,69e549d7-bd10-4fc8-ac94-f6cf0abf45b7,Scoloplacidae,Animalia,Actinopteri,https://vvtaxatree.tbn.org.tw/taxa/5ef16d3b-72a1-4660-94b5-1bce201365df
8cfb51fa-cf96-472a-bbac-e1bae6b8fe2c,family,21683f7c-31ad-4c72-8994-44f25788ae43,Chacidae,Animalia,Actinopteri,https://vvtaxatree.tbn.org.tw/taxa/8cfb51fa-cf96-472a-bbac-e1bae6b8fe2c
4781939d-8633-44ac-a5ef-05a91c992e82,family,21683f7c-31ad-4c72-8994-44f25788ae43,Ritidae,Animalia,Actinopteri,https://vvtaxatree.tbn.org.tw/taxa/4781939d-8633-44ac-a5ef-05a91c992e82
9e94e9f0-2b91-4250-9db4-8700407a2c59,family,21683f7c-31ad-4c72-8994-44f25788ae43,Horabagridae,Animalia,Actinopteri,https://vvtaxatree.tbn.org.tw/taxa/9e94e9f0-2b91-4250-9db4-8700407a2c59
8a448d40-92c6-4ef1-8769-afda2ef24f29,family,21683f7c-31ad-4c72-8994-44f25788ae43,Kryptoglanidae,Animalia,Actinopteri,https://vvtaxatree.tbn.org.tw/taxa/8a448d40-92c6-4ef1-8769-afda2ef24f29
839b4d81-d985-483d-8397-b21b11b9538f,family,21683f7c-31ad-4c72-8994-44f25788ae43,Phreatobiidae,Animalia,Actinopteri,https://vvtaxatree.tbn.org.tw/taxa/839b4d81-d985-483d-8397-b21b11b9538f
25ce443e-3006-4412-8da3-53e2cea6f304,family,21683f7c-31ad-4c72-8994-44f25788ae43,Heteropneustidae,Animalia,Actinopteri,https://vvtaxatree.tbn.org.tw/taxa/25ce443e-3006-4412-8da3-53e2cea6f304
1f878c36-e7cc-4ba3-8d8e-9637bebdebf7,family,21683f7c-31ad-4c72-8994-44f25788ae43,Anchariidae,Animalia,Actinopteri,https://vvtaxatree.tbn.org.tw/taxa/1f878c36-e7cc-4ba3-8d8e-9637bebdebf7
f14da506-46a2-4f96-8eee-6b60126fa6a8,family,21683f7c-31ad-4c72-8994-44f25788ae43,Austroglanididae,Animalia,Actinopteri,https://vvtaxatree.tbn.org.tw/taxa/f14da506-46a2-4f96-8eee-6b60126fa6a8
d8cea21d-242d-41a4-b9d3-7c2c1fca3f36,family,21683f7c-31ad-4c72-8994-44f25788ae43,Cranoglanididae,Animalia,Actinopteri,https://vvtaxatree.tbn.org.tw/taxa/d8cea21d-242d-41a4-b9d3-7c2c1fca3f36
1f532aba-be1e-4014-ba84-aa4f8b25920a,family,21683f7c-31ad-4c72-8994-44f25788ae43,Lacantuniidae,Animalia,Actinopteri,https://vvtaxatree.tbn.org.tw/taxa/1f532aba-be1e-4014-ba84-aa4f8b25920a
b8462092-681e-4296-824e-caef75463e3b,family,21683f7c-31ad-4c72-8994-44f25788ae43,Malapteruridae,Animalia,Actinopteri,https://vvtaxatree.tbn.org.tw/taxa/b8462092-681e-4296-824e-caef75463e3b
d2b7c710-863a-40e9-8631-fb7f0eb06fe9,family,21683f7c-31ad-4c72-8994-44f25788ae43,Auchenoglanididae,Animalia,Actinopteri,https://vvtaxatree.tbn.org.tw/taxa/d2b7c710-863a-40e9-8631-fb7f0eb06fe9
5d8528cf-f822-4055-a720-f36ea3e71c55,family,21683f7c-31ad-4c72-8994-44f25788ae43,Schilbeidae,Animalia,Actinopteri,https://vvtaxatree.tbn.org.tw/taxa/5d8528cf-f822-4055-a720-f36ea3e71c55
557a9a26-1b09-4105-9429-07bcdfcccc78,family,cc89f3c6-d5ba-422d-bdaa-f3430e6ec88f,Anotopteridae,Animalia,Actinopteri,https://vvtaxatree.tbn.org.tw/taxa/557a9a26-1b09-4105-9429-07bcdfcccc78
4799ccfe-515f-42b4-9071-b2827bd5f032,family,cc89f3c6-d5ba-422d-bdaa-f3430e6ec88f,Omosudidae,Animalia,Actinopteri,https://vvtaxatree.tbn.org.tw/taxa/4799ccfe-515f-42b4-9071-b2827bd5f032
e03a943e-86df-4008-bdbe-d11ad409c4d6,family,f1af890b-60dc-4afc-a70a-7d9f81ea626b,Cyttidae,Animalia,Actinopteri,https://vvtaxatree.tbn.org.tw/taxa/e03a943e-86df-4008-bdbe-d11ad409c4d6
a08799e3-ee70-47a5-b9dc-96c2ec1f86fc,family,451bdef1-d6d5-4531-a9a7-f99a4b04b616,Lotidae,Animalia,Actinopteri,https://vvtaxatree.tbn.org.tw/taxa/a08799e3-ee70-47a5-b9dc-96c2ec1f86fc
c2d3843a-e1c7-4a99-8d61-cccc83aeb9f9,family,a46424f1-7261-4b56-a27e-ec397d30dfef,Ranicipitidae,Animalia,Actinopteri,https://vvtaxatree.tbn.org.tw/taxa/c2d3843a-e1c7-4a99-8d61-cccc83aeb9f9
45f22515-e00a-49d8-a5e0-2738db455618,family,b4bd1b00-e906-43b6-be42-45ad490c9097,Euclichthyidae,Animalia,Actinopteri,https://vvtaxatree.tbn.org.tw/taxa/45f22515-e00a-49d8-a5e0-2738db455618
be57293c-8656-4b3d-915d-9c8aac418b8a,family,b4bd1b00-e906-43b6-be42-45ad490c9097,Trachyrincidae,Animalia,Actinopteri,https://vvtaxatree.tbn.org.tw/taxa/be57293c-8656-4b3d-915d-9c8aac418b8a
c5e1ad16-e487-4b35-95ec-3207f79c3381,family,b4bd1b00-e906-43b6-be42-45ad490c9097,Lyconidae,Animalia,Actinopteri,https://vvtaxatree.tbn.org.tw/taxa/c5e1ad16-e487-4b35-95ec-3207f79c3381
822c2a13-cb8f-4570-a80a-af7ed408a0d5,family,023e80d9-41c7-4b6b-a799-1cdc54d67531,Acanthonidae,Animalia,Actinopteri,https://vvtaxatree.tbn.org.tw/taxa/822c2a13-cb8f-4570-a80a-af7ed408a0d5
4fe631a3-db87-4547-a19f-e9925e07b815,family,4a08040b-e7c8-4b21-9ae9-33fb900e3310,Brotulidae,Animalia,Actinopteri,https://vvtaxatree.tbn.org.tw/taxa/4fe631a3-db87-4547-a19f-e9925e07b815
89424d2d-5c11-4264-90f4-071a12931476,family,473379c3-dc26-4563-aaac-85ca13e02eb1,Milyeringidae,Animalia,Actinopteri,https://vvtaxatree.tbn.org.tw/taxa/89424d2d-5c11-4264-90f4-071a12931476
a05cd148-c17c-4c81-bbeb-98737e510bbc,family,473379c3-dc26-4563-aaac-85ca13e02eb1,Butidae,Animalia,Actinopteri,https://vvtaxatree.tbn.org.tw/taxa/a05cd148-c17c-4c81-bbeb-98737e510bbc
d1c031cf-b1bb-4d00-8e60-3ed377663dd7,family,473379c3-dc26-4563-aaac-85ca13e02eb1,Thalasseleotrididae,Animalia,Actinopteri,https://vvtaxatree.tbn.org.tw/taxa/d1c031cf-b1bb-4d00-8e60-3ed377663dd7
8420484d-361f-41b2-8e0a-6ac1cc470bb1,family,2e1eb6b8-ec77-436f-beaa-c3965877963b,Chaudhuriidae,Animalia,Actinopteri,https://vvtaxatree.tbn.org.tw/taxa/8420484d-361f-41b2-8e0a-6ac1cc470bb1
732eedb9-dffa-4283-acba-56a061580777,family,2f44db8c-1506-4856-922c-12f11f029484,Aenigmachannidae,Animalia,Actinopteri,https://vvtaxatree.tbn.org.tw/taxa/732eedb9-dffa-4283-acba-56a061580777
3757a1d9-b22f-4428-8ff4-6dfd168f009b,family,aac259c3-38cb-4cb9-b874-21301ee9ef37,Centropomidae,Animalia,Actinopteri,https://vvtaxatree.tbn.org.tw/taxa/3757a1d9-b22f-4428-8ff4-6dfd168f009b
46462867-ff3d-4de7-8275-07199fdfa284,family,9e53345a-a6d3-4a99-9c13-588458d7168f,Cyclopsettidae,Animalia,Actinopteri,https://vvtaxatree.tbn.org.tw/taxa/46462867-ff3d-4de7-8275-07199fdfa284
69c68c19-4f88-4457-86f5-ae35f9ba77a8,family,9e53345a-a6d3-4a99-9c13-588458d7168f,Paralichthodidae,Animalia,Actinopteri,https://vvtaxatree.tbn.org.tw/taxa/69c68c19-4f88-4457-86f5-ae35f9ba77a8
f84873da-e0c2-4ac2-ad3e-2d3951a29e87,family,9e53345a-a6d3-4a99-9c13-588458d7168f,Oncopteridae,Animalia,Actinopteri,https://vvtaxatree.tbn.org.tw/taxa/f84873da-e0c2-4ac2-ad3e-2d3951a29e87
29e6b315-e291-4c30-803b-57c306a12105,family,9e53345a-a6d3-4a99-9c13-588458d7168f,Achiropsettidae,Animalia,Actinopteri,https://vvtaxatree.tbn.org.tw/taxa/29e6b315-e291-4c30-803b-57c306a12105
8289d2bf-55d6-4972-a17c-71b293e53f1a,family,aa3eb8ae-5794-4bb0-84a7-45e10f6f2a63,Leptobramidae,Animalia,Actinopteri,https://vvtaxatree.tbn.org.tw/taxa/8289d2bf-55d6-4972-a17c-71b293e53f1a
b35d47fd-2596-4c30-a32c-7ff1513d7258,family,aa3eb8ae-5794-4bb0-84a7-45e10f6f2a63,Toxotidae,Animalia,Actinopteri,https://vvtaxatree.tbn.org.tw/taxa/b35d47fd-2596-4c30-a32c-7ff1513d7258
912d1561-401f-4046-a397-7329c046a0c0,family,d47535d1-1885-44fc-b023-e785b6b4fcae,Dentatherinidae,Animalia,Actinopteri,https://vvtaxatree.tbn.org.tw/taxa/912d1561-401f-4046-a397-7329c046a0c0
0aaa55f6-2f47-4910-b557-8c66da55e391,family,20dafd70-ce58-4346-b746-dcacbc70c468,Nothobranchiidae,Animalia,Actinopteri,https://vvtaxatree.tbn.org.tw/taxa/0aaa55f6-2f47-4910-b557-8c66da55e391
13987011-2d64-4cc6-b6b8-f7e2f0f31960,family,dc429381-091e-4e81-8f85-85e397ca1624,Pantanodontidae,Animalia,Actinopteri,https://vvtaxatree.tbn.org.tw/taxa/13987011-2d64-4cc6-b6b8-f7e2f0f31960
a605ffe8-bc46-4c21-af67-53909fe7be34,family,dc429381-091e-4e81-8f85-85e397ca1624,Profundulidae,Animalia,Actinopteri,https://vvtaxatree.tbn.org.tw/taxa/a605ffe8-bc46-4c21-af67-53909fe7be34
62f1a1f0-5d30-4f5a-9a48-60ae4a04a57c,family,dc429381-091e-4e81-8f85-85e397ca1624,Fluviphylacidae,Animalia,Actinopteri,https://vvtaxatree.tbn.org.tw/taxa/62f1a1f0-5d30-4f5a-9a48-60ae4a04a57c
e9a3fb2e-a048-4fbf-b9fb-2f76fe1d4165,family,dc429381-091e-4e81-8f85-85e397ca1624,Aphaniidae,Animalia,Actinopteri,https://vvtaxatree.tbn.org.tw/taxa/e9a3fb2e-a048-4fbf-b9fb-2f76fe1d4165
f141ba63-da71-4210-b516-51c5937dbb17,family,dc429381-091e-4e81-8f85-85e397ca1624,Valenciidae,Animalia,Actinopteri,https://vvtaxatree.tbn.org.tw/taxa/f141ba63-da71-4210-b516-51c5937dbb17
5dee52cd-0d66-4583-9814-83dc2c5dc1be,family,77e70120-9c05-4b29-9b22-9441c0e6c81c,Polycentridae,Animalia,Actinopteri,https://vvtaxatree.tbn.org.tw/taxa/5dee52cd-0d66-4583-9814-83dc2c5dc1be
ab98a0b7-adbb-4eb3-a82c-fda737ef5904,family,94f604bc-766d-4f81-a437-2638623c9b87,Embiotocidae,Animalia,Actinopteri,https://vvtaxatree.tbn.org.tw/taxa/ab98a0b7-adbb-4eb3-a82c-fda737ef5904
f297d0d8-5410-4fe1-aba5-7d90189937cf,family,94f604bc-766d-4f81-a437-2638623c9b87,Grammatidae,Animalia,Actinopteri,https://vvtaxatree.tbn.org.tw/taxa/f297d0d8-5410-4fe1-aba5-7d90189937cf
666e44c2-1216-4a52-b8ac-017f13fa039b,family,cb92a8c7-9559-4519-b2c8-9c0c27748bde,Anthiadidae,Animalia,Actinopteri,https://vvtaxatree.tbn.org.tw/taxa/666e44c2-1216-4a52-b8ac-017f13fa039b
7094eeff-a795-4811-9e54-f8327c5236b5,family,cb92a8c7-9559-4519-b2c8-9c0c27748bde,Grammistidae,Animalia,Actinopteri,https://vvtaxatree.tbn.org.tw/taxa/7094eeff-a795-4811-9e54-f8327c5236b5
883bbfdd-99fb-45e9-9041-19a263dbe1d8,family,cb92a8c7-9559-4519-b2c8-9c0c27748bde,Trachinidae,Animalia,Actinopteri,https://vvtaxatree.tbn.org.tw/taxa/883bbfdd-99fb-45e9-9041-19a263dbe1d8
b361f92b-63c8-4b9e-b606-55263bdff44b,family,93faba7e-0a00-42b3-8830-b1a08ba31657,Eleginopidae,Animalia,Actinopteri,https://vvtaxatree.tbn.org.tw/taxa/b361f92b-63c8-4b9e-b606-55263bdff44b
706c15e3-848b-4366-9ec0-086707dc4826,family,fef15978-2fbf-43d4-8412-3be94758de09,Neosebastidae,Animalia,Actinopteri,https://vvtaxatree.tbn.org.tw/taxa/706c15e3-848b-4366-9ec0-086707dc4826
7e39ce07-88a7-4ec0-9d56-cc612245df3d,family,fef15978-2fbf-43d4-8412-3be94758de09,Zanclorhynchidae,Animalia,Actinopteri,https://vvtaxatree.tbn.org.tw/taxa/7e39ce07-88a7-4ec0-9d56-cc612245df3d
6f0d683a-41ef-4999-acf0-01c89970193b,family,fef15978-2fbf-43d4-8412-3be94758de09,Normanichthyidae,Animalia,Actinopteri,https://vvtaxatree.tbn.org.tw/taxa/6f0d683a-41ef-4999-acf0-01c89970193b
8fed8f6d-6a42-4819-8ff5-bd27cb87df73,family,5fe45183-7be3-41d3-b523-326dfaf3edab,Jordaniidae,Animalia,Actinopteri,https://vvtaxatree.tbn.org.tw/taxa/8fed8f6d-6a42-4819-8ff5-bd27cb87df73
85df4212-87d5-48fe-ad6c-d0a94003d60e,family,79a8767e-fe7c-41a1-b9b6-e87abb3b241d,Cebidichthyidae,Animalia,Actinopteri,https://vvtaxatree.tbn.org.tw/taxa/85df4212-87d5-48fe-ad6c-d0a94003d60e
033b6dbd-7973-4e4b-b128-c311c505e676,family,79a8767e-fe7c-41a1-b9b6-e87abb3b241d,Scytalinidae,Animalia,Actinopteri,https://vvtaxatree.tbn.org.tw/taxa/033b6dbd-7973-4e4b-b128-c311c505e676
ec222b17-78c4-4e00-ad68-21569b350635,family,79a8767e-fe7c-41a1-b9b6-e87abb3b241d,Opisthocentridae,Animalia,Actinopteri,https://vvtaxatree.tbn.org.tw/taxa/ec222b17-78c4-4e00-ad68-21569b350635
bce12228-51ca-4c81-bc35-650f6321475d,family,79a8767e-fe7c-41a1-b9b6-e87abb3b241d,Ptilichthyidae,Animalia,Actinopteri,https://vvtaxatree.tbn.org.tw/taxa/bce12228-51ca-4c81-bc35-650f6321475d
99ec40e1-b665-40a9-86ab-88804a6de755,family,79a8767e-fe7c-41a1-b9b6-e87abb3b241d,Lumpenidae,Animalia,Actinopteri,https://vvtaxatree.tbn.org.tw/taxa/99ec40e1-b665-40a9-86ab-88804a6de755
44fe0901-77ea-4e2f-9066-7a809f4f516f,family,79a8767e-fe7c-41a1-b9b6-e87abb3b241d,Eulophiidae,Animalia,Actinopteri,https://vvtaxatree.tbn.org.tw/taxa/44fe0901-77ea-4e2f-9066-7a809f4f516f
8c5591fc-8e5f-4709-a05f-550aee83fd83,family,79a8767e-fe7c-41a1-b9b6-e87abb3b241d,Neozoarcidae,Animalia,Actinopteri,https://vvtaxatree.tbn.org.tw/taxa/8c5591fc-8e5f-4709-a05f-550aee83fd83
0eda9250-0eda-4cec-a6db-22a54c1e619a,family,59a40839-b81f-4072-b332-1c529ac6d78b,Scorpididae,Animalia,Actinopteri,https://vvtaxatree.tbn.org.tw/taxa/0eda9250-0eda-4cec-a6db-22a54c1e619a
37daf610-f484-449a-be82-945d9bbd5ea2,family,59a40839-b81f-4072-b332-1c529ac6d78b,Caesioscorpididae,Animalia,Actinopteri,https://vvtaxatree.tbn.org.tw/taxa/37daf610-f484-449a-be82-945d9bbd5ea2
09d7e771-5502-415b-b731-2a67a92b1b9f,family,59a40839-b81f-4072-b332-1c529ac6d78b,Microcanthidae,Animalia,Actinopteri,https://vvtaxatree.tbn.org.tw/taxa/09d7e771-5502-415b-b731-2a67a92b1b9f
e96c0186-4b64-4c87-9ee2-8929750915d6,family,8a0020ba-ae9c-4a3c-9c55-230f960e99a1,Perciliidae,Animalia,Actinopteri,https://vvtaxatree.tbn.org.tw/taxa/e96c0186-4b64-4c87-9ee2-8929750915d6
c53115d3-c381-4e40-82b0-b0d207fd88c0,family,8a0020ba-ae9c-4a3c-9c55-230f960e99a1,Parascorpididae,Animalia,Actinopteri,https://vvtaxatree.tbn.org.tw/taxa/c53115d3-c381-4e40-82b0-b0d207fd88c0
4c0cfa11-6a1e-4df1-9a4d-92b7a56b3d70,family,e4d3ecc4-32fa-43b5-8bef-cacc663aef0b,Centrogenyidae,Animalia,Actinopteri,https://vvtaxatree.tbn.org.tw/taxa/4c0cfa11-6a1e-4df1-9a4d-92b7a56b3d70
1ef666d9-e5ef-4b4b-96e5-70f63da5f5af,family,b46154ab-90ef-4743-82b3-27750b3bb42d,Leptoscopidae,Animalia,Actinopteri,https://vvtaxatree.tbn.org.tw/taxa/1ef666d9-e5ef-4b4b-96e5-70f63da5f5af
8d4e35ef-c3ad-44cc-a903-3c7135f24b09,family,6204e3fe-fe7a-462a-9c05-1d7b8628f6b6,Dinolestidae,Animalia,Actinopteri,https://vvtaxatree.tbn.org.tw/taxa/8d4e35ef-c3ad-44cc-a903-3c7135f24b09
28a82ec2-3c01-4ab7-b062-3497526bc561,family,6204e3fe-fe7a-462a-9c05-1d7b8628f6b6,Hemerocoetidae,Animalia,Actinopteri,https://vvtaxatree.tbn.org.tw/taxa/28a82ec2-3c01-4ab7-b062-3497526bc561
0c15e61e-3206-4d7c-9b98-6306c161aa4a,family,4d6b96fe-7bc3-4de6-8b64-20694fb0718f,Dinopercidae,Animalia,Actinopteri,https://vvtaxatree.tbn.org.tw/taxa/0c15e61e-3206-4d7c-9b98-6306c161aa4a
ad973c5a-c718-425b-ae99-b463510fc63c,family,4d6b96fe-7bc3-4de6-8b64-20694fb0718f,Latilidae,Animalia,Actinopteri,https://vvtaxatree.tbn.org.tw/taxa/ad973c5a-c718-425b-ae99-b463510fc63c
939e1326-d103-40df-bf24-06e86b6441ef,family,4d6b96fe-7bc3-4de6-8b64-20694fb0718f,Antigoniidae,Animalia,Actinopteri,https://vvtaxatree.tbn.org.tw/taxa/939e1326-d103-40df-bf24-06e86b6441ef
878f8c4e-c28e-4bb6-ae94-3d9584f25a71,family,10ce59af-a8db-4a85-b406-d038c996117a,Scranciidae,Animalia,Insecta,https://vvtaxatree.tbn.org.tw/taxa/878f8c4e-c28e-4bb6-ae94-3d9584f25a71
0d459e60-450b-43b4-947a-2dfb8303cc8e,family,79adde02-7329-4a17-a7a0-3e0aeebaec38,Kinosternidae,Animalia,Reptilia,https://vvtaxatree.tbn.org.tw/taxa/0d459e60-450b-43b4-947a-2dfb8303cc8e
b93bbc29-7c51-46a2-bd8f-3d61949f2705,family,e6075883-3879-4200-819a-2b17b2c24b40,Pelomedusidae,Animalia,Reptilia,https://vvtaxatree.tbn.org.tw/taxa/b93bbc29-7c51-46a2-bd8f-3d61949f2705
d376eac1-fcad-41aa-89df-e53be56a8689,family,45bc8548-50e8-4f2e-a2f1-029adc26d14a,Corytophanidae,Animalia,Reptilia,https://vvtaxatree.tbn.org.tw/taxa/d376eac1-fcad-41aa-89df-e53be56a8689
6e5eb5d8-22bd-49be-b53a-36d22d28edbc,family,45bc8548-50e8-4f2e-a2f1-029adc26d14a,Crotaphytidae,Animalia,Reptilia,https://vvtaxatree.tbn.org.tw/taxa/6e5eb5d8-22bd-49be-b53a-36d22d28edbc
7f3b8e65-ff3e-4fc3-9347-58977183d663,family,45bc8548-50e8-4f2e-a2f1-029adc26d14a,Anolidae,Animalia,Reptilia,https://vvtaxatree.tbn.org.tw/taxa/7f3b8e65-ff3e-4fc3-9347-58977183d663
cd356871-abbc-4fa9-a9a0-2b8b805e4b5c,family,45bc8548-50e8-4f2e-a2f1-029adc26d14a,Hoplocercidae,Animalia,Reptilia,https://vvtaxatree.tbn.org.tw/taxa/cd356871-abbc-4fa9-a9a0-2b8b805e4b5c
5d5ddf73-77cf-4e82-af26-5f7e539bcba8,family,45bc8548-50e8-4f2e-a2f1-029adc26d14a,Leiocephalidae,Animalia,Reptilia,https://vvtaxatree.tbn.org.tw/taxa/5d5ddf73-77cf-4e82-af26-5f7e539bcba8
038f3a09-0d4a-4cd9-9141-6afd32361d57,family,45bc8548-50e8-4f2e-a2f1-029adc26d14a,Leiosauridae,Animalia,Reptilia,https://vvtaxatree.tbn.org.tw/taxa/038f3a09-0d4a-4cd9-9141-6afd32361d57
242729ed-8865-4d7c-88ab-3e99b9cc86fe,family,45bc8548-50e8-4f2e-a2f1-029adc26d14a,Liolaemidae,Animalia,Reptilia,https://vvtaxatree.tbn.org.tw/taxa/242729ed-8865-4d7c-88ab-3e99b9cc86fe
ff156f5f-c004-4877-9d23-1c580758f4f4,family,45bc8548-50e8-4f2e-a2f1-029adc26d14a,Opluridae,Animalia,Reptilia,https://vvtaxatree.tbn.org.tw/taxa/ff156f5f-c004-4877-9d23-1c580758f4f4
b9ab83ee-1472-43fb-8f0a-c081d125e8d2,family,45bc8548-50e8-4f2e-a2f1-029adc26d14a,Phrynosomatidae,Animalia,Reptilia,https://vvtaxatree.tbn.org.tw/taxa/b9ab83ee-1472-43fb-8f0a-c081d125e8d2
1d98c309-2261-4b59-a765-b49bcd5e14bd,family,45bc8548-50e8-4f2e-a2f1-029adc26d14a,Tropiduridae,Animalia,Reptilia,https://vvtaxatree.tbn.org.tw/taxa/1d98c309-2261-4b59-a765-b49bcd5e14bd
c45a4a32-20ad-4f39-bd0a-fe3af72ee262,family,51bffac3-4a8a-4b23-b2eb-ee3ba6cf761b,Carphodactylidae,Animalia,Reptilia,https://vvtaxatree.tbn.org.tw/taxa/c45a4a32-20ad-4f39-bd0a-fe3af72ee262
aa333621-172f-4639-965f-4a876688ebdc,family,51bffac3-4a8a-4b23-b2eb-ee3ba6cf761b,Diplodactylidae,Animalia,Reptilia,https://vvtaxatree.tbn.org.tw/taxa/aa333621-172f-4639-965f-4a876688ebdc
15bb2ce2-83ad-4231-b769-41ad5c97eaed,family,51bffac3-4a8a-4b23-b2eb-ee3ba6cf761b,Eublepharidae,Animalia,Reptilia,https://vvtaxatree.tbn.org.tw/taxa/15bb2ce2-83ad-4231-b769-41ad5c97eaed
abdb5718-5f92-4d4c-8590-f8e77f90bfc0,family,51bffac3-4a8a-4b23-b2eb-ee3ba6cf761b,Phyllodactylidae,Animalia,Reptilia,https://vvtaxatree.tbn.org.tw/taxa/abdb5718-5f92-4d4c-8590-f8e77f90bfc0
45cfa91e-4cdc-4ca1-9046-356212876b83,family,51bffac3-4a8a-4b23-b2eb-ee3ba6cf761b,Sphaerodactylidae,Animalia,Reptilia,https://vvtaxatree.tbn.org.tw/taxa/45cfa91e-4cdc-4ca1-9046-356212876b83
f94af32d-9263-40b2-86d3-e62ab8952d75,family,51bffac3-4a8a-4b23-b2eb-ee3ba6cf761b,Pygopodidae,Animalia,Reptilia,https://vvtaxatree.tbn.org.tw/taxa/f94af32d-9263-40b2-86d3-e62ab8952d75
c11e6b67-03cf-44b4-b02c-6a1b84208a31,family,f6d5bd67-0859-4425-9acc-f853fc573d0e,Gerrhosauridae,Animalia,Reptilia,https://vvtaxatree.tbn.org.tw/taxa/c11e6b67-03cf-44b4-b02c-6a1b84208a31
c9eca0ca-2fd7-4950-8370-62e34f53a14f,family,bd95cfad-07cf-4d82-a000-21085af69323,Alopoglossidae,Animalia,Reptilia,https://vvtaxatree.tbn.org.tw/taxa/c9eca0ca-2fd7-4950-8370-62e34f53a14f
f8e967ce-d0cb-419d-a0aa-6e1e394a772d,family,bd95cfad-07cf-4d82-a000-21085af69323,Gymnophthalmidae,Animalia,Reptilia,https://vvtaxatree.tbn.org.tw/taxa/f8e967ce-d0cb-419d-a0aa-6e1e394a772d
b4430dbc-bba4-4ea1-ba20-b5c16d933881,family,fe95ac9c-ef17-43b3-b701-3eae0d81210e,Diploglossidae,Animalia,Reptilia,https://vvtaxatree.tbn.org.tw/taxa/b4430dbc-bba4-4ea1-ba20-b5c16d933881
bd6ac0f0-c702-470a-aca4-a3131ea5e8ad,family,2f72882d-2681-4922-8981-caee72263cf7,Shinisauridae,Animalia,Reptilia,https://vvtaxatree.tbn.org.tw/taxa/bd6ac0f0-c702-470a-aca4-a3131ea5e8ad
5615738b-3a78-4d0c-ad80-a6a2d2012e00,family,0fd065e4-d6ec-4bfe-90a8-064f5fedb366,Amphisbaenidae,Animalia,Reptilia,https://vvtaxatree.tbn.org.tw/taxa/5615738b-3a78-4d0c-ad80-a6a2d2012e00
7d172237-7786-446d-aa2d-fc2d1d869a31,family,0fd065e4-d6ec-4bfe-90a8-064f5fedb366,Bipedidae,Animalia,Reptilia,https://vvtaxatree.tbn.org.tw/taxa/7d172237-7786-446d-aa2d-fc2d1d869a31
c8c74d1d-1174-46a4-b766-951abe5477d8,family,0fd065e4-d6ec-4bfe-90a8-064f5fedb366,Blanidae,Animalia,Reptilia,https://vvtaxatree.tbn.org.tw/taxa/c8c74d1d-1174-46a4-b766-951abe5477d8
b656e8e7-7539-420c-acf8-5a049beeb3dc,family,0fd065e4-d6ec-4bfe-90a8-064f5fedb366,Cadeidae,Animalia,Reptilia,https://vvtaxatree.tbn.org.tw/taxa/b656e8e7-7539-420c-acf8-5a049beeb3dc
50c3e9b9-2e5d-4faf-b31e-06f1bf21dd75,family,0fd065e4-d6ec-4bfe-90a8-064f5fedb366,Rhineuridae,Animalia,Reptilia,https://vvtaxatree.tbn.org.tw/taxa/50c3e9b9-2e5d-4faf-b31e-06f1bf21dd75
d080bff8-482c-4bfd-a6cf-05e8a33fb632,family,0fd065e4-d6ec-4bfe-90a8-064f5fedb366,Trogonophidae,Animalia,Reptilia,https://vvtaxatree.tbn.org.tw/taxa/d080bff8-482c-4bfd-a6cf-05e8a33fb632
0ec7c074-bb43-4e0e-8129-5377054c26a0,family,e8f662d5-638c-4dcd-8b32-a2cbbf74fbd4,Dibamidae,Animalia,Reptilia,https://vvtaxatree.tbn.org.tw/taxa/0ec7c074-bb43-4e0e-8129-5377054c26a0
fd2ef875-96c0-4ece-9de1-3c4abbfc0580,family,b8e5d070-5c7a-4ff3-ab0f-b4f17fe6a812,Anomochilidae,Animalia,Reptilia,https://vvtaxatree.tbn.org.tw/taxa/fd2ef875-96c0-4ece-9de1-3c4abbfc0580
09214f13-b5aa-4eac-9934-7b4a119bf712,family,b8e5d070-5c7a-4ff3-ab0f-b4f17fe6a812,Cylindrophiidae,Animalia,Reptilia,https://vvtaxatree.tbn.org.tw/taxa/09214f13-b5aa-4eac-9934-7b4a119bf712
9bc8fe71-c9c3-4ae9-894b-75c32462c310,family,b8e5d070-5c7a-4ff3-ab0f-b4f17fe6a812,Uropeltidae,Animalia,Reptilia,https://vvtaxatree.tbn.org.tw/taxa/9bc8fe71-c9c3-4ae9-894b-75c32462c310
6ec6e6ab-02f8-42b2-b853-15e9b7045e99,family,3ecf8869-c7eb-4acd-9d5f-1ec40acbdcb3,Loxocemidae,Animalia,Reptilia,https://vvtaxatree.tbn.org.tw/taxa/6ec6e6ab-02f8-42b2-b853-15e9b7045e99
4e0ed1aa-8bec-46f7-9c7c-5d1c56860769,family,3ecf8869-c7eb-4acd-9d5f-1ec40acbdcb3,Xenopeltidae,Animalia,Reptilia,https://vvtaxatree.tbn.org.tw/taxa/4e0ed1aa-8bec-46f7-9c7c-5d1c56860769
a66c9cbb-ec17-4dd1-b7c8-1b3b8fc967fd,family,33eae638-c866-4875-91a0-5231a3f54bb8,Cyclocoridae,Animalia,Reptilia,https://vvtaxatree.tbn.org.tw/taxa/a66c9cbb-ec17-4dd1-b7c8-1b3b8fc967fd
eef0feae-0e81-467e-bff2-13c8296c415f,family,33eae638-c866-4875-91a0-5231a3f54bb8,Micrelapidae,Animalia,Reptilia,https://vvtaxatree.tbn.org.tw/taxa/eef0feae-0e81-467e-bff2-13c8296c415f
a9c0e993-93c9-4967-933f-121f4db4d415,family,33eae638-c866-4875-91a0-5231a3f54bb8,Lamprophiidae,Animalia,Reptilia,https://vvtaxatree.tbn.org.tw/taxa/a9c0e993-93c9-4967-933f-121f4db4d415
f58ac07b-e67e-4740-91d3-680c7ac38791,family,33eae638-c866-4875-91a0-5231a3f54bb8,Prosymnidae,Animalia,Reptilia,https://vvtaxatree.tbn.org.tw/taxa/f58ac07b-e67e-4740-91d3-680c7ac38791
fc430880-1d5c-406e-a28f-ac533de62410,family,33eae638-c866-4875-91a0-5231a3f54bb8,Psammodynastidae,Animalia,Reptilia,https://vvtaxatree.tbn.org.tw/taxa/fc430880-1d5c-406e-a28f-ac533de62410
2565c1ca-6213-4fbe-b349-e7f8476a387d,family,33eae638-c866-4875-91a0-5231a3f54bb8,Psammophiidae,Animalia,Reptilia,https://vvtaxatree.tbn.org.tw/taxa/2565c1ca-6213-4fbe-b349-e7f8476a387d
35269777-5318-4237-94d5-f7c11b0d5fa6,family,33eae638-c866-4875-91a0-5231a3f54bb8,Pseudaspididae,Animalia,Reptilia,https://vvtaxatree.tbn.org.tw/taxa/35269777-5318-4237-94d5-f7c11b0d5fa6
07c7f2a3-6381-4ae4-969c-bccfb70c732b,family,63aefc40-de62-4cf7-85e9-c99f740340c4,Anomalepididae,Animalia,Reptilia,https://vvtaxatree.tbn.org.tw/taxa/07c7f2a3-6381-4ae4-969c-bccfb70c732b
40f30945-8d8a-4206-8b34-8465bb170603,family,63aefc40-de62-4cf7-85e9-c99f740340c4,Gerrhopilidae,Animalia,Reptilia,https://vvtaxatree.tbn.org.tw/taxa/40f30945-8d8a-4206-8b34-8465bb170603
3a3ab407-6ac2-457c-9e28-a85b6cafb844,family,63aefc40-de62-4cf7-85e9-c99f740340c4,Xenotyphlopidae,Animalia,Reptilia,https://vvtaxatree.tbn.org.tw/taxa/3a3ab407-6ac2-457c-9e28-a85b6cafb844
c9e41810-4a16-4e7a-b0b2-8a8191373bb3,family,032209f0-0b53-47af-aad4-5739b0d9ea04,Aniliidae,Animalia,Reptilia,https://vvtaxatree.tbn.org.tw/taxa/c9e41810-4a16-4e7a-b0b2-8a8191373bb3
1515ce8d-53e3-49dd-8ae4-e6abdf90788b,family,032209f0-0b53-47af-aad4-5739b0d9ea04,Pareidae,Animalia,Reptilia,https://vvtaxatree.tbn.org.tw/taxa/1515ce8d-53e3-49dd-8ae4-e6abdf90788b
1cbbf2d8-7c20-4212-989c-7573a1b3570f,family,aeb566ae-3d8d-4e14-9664-8e45431c55e9,Xenophidiidae,Animalia,Reptilia,https://vvtaxatree.tbn.org.tw/taxa/1cbbf2d8-7c20-4212-989c-7573a1b3570f
f58f6f48-9051-481d-af4c-1be30dcd3392,family,01fe8b51-0315-4e9c-b72c-6d6e596513ed,Meruidae,Animalia,Insecta,https://vvtaxatree.tbn.org.tw/taxa/f58f6f48-9051-481d-af4c-1be30dcd3392
f314d372-df2d-4a5f-a82f-0cb6e98d787c,family,01fe8b51-0315-4e9c-b72c-6d6e596513ed,Aspidytidae,Animalia,Insecta,https://vvtaxatree.tbn.org.tw/taxa/f314d372-df2d-4a5f-a82f-0cb6e98d787c
e6ef0780-8175-4b36-9936-6ac21522048f,family,01fe8b51-0315-4e9c-b72c-6d6e596513ed,Amphizoidae,Animalia,Insecta,https://vvtaxatree.tbn.org.tw/taxa/e6ef0780-8175-4b36-9936-6ac21522048f
dbc59167-5ab9-4b03-a7b9-25fb681738e6,family,01fe8b51-0315-4e9c-b72c-6d6e596513ed,Hygrobiidae,Animalia,Insecta,https://vvtaxatree.tbn.org.tw/taxa/dbc59167-5ab9-4b03-a7b9-25fb681738e6
2f510d29-1eeb-406a-b68f-348a1aba620a,family,01fe8b51-0315-4e9c-b72c-6d6e596513ed,Trachypachidae,Animalia,Insecta,https://vvtaxatree.tbn.org.tw/taxa/2f510d29-1eeb-406a-b68f-348a1aba620a
9700235c-6af0-4088-b2a5-57dce0ba0a6d,family,01fe8b51-0315-4e9c-b72c-6d6e596513ed,Cicindelidae,Animalia,Insecta,https://vvtaxatree.tbn.org.tw/taxa/9700235c-6af0-4088-b2a5-57dce0ba0a6d
7cc3e4c1-594d-49ca-92d6-5c162c52bba8,family,a1cfb0af-284f-4762-a06b-1b46e7e85b8d,Crowsoniellidae,Animalia,Insecta,https://vvtaxatree.tbn.org.tw/taxa/7cc3e4c1-594d-49ca-92d6-5c162c52bba8
c65c0f26-a915-49c0-b3fd-2f6edcbe2a46,family,a1cfb0af-284f-4762-a06b-1b46e7e85b8d,Micromalthidae,Animalia,Insecta,https://vvtaxatree.tbn.org.tw/taxa/c65c0f26-a915-49c0-b3fd-2f6edcbe2a46
1353de93-b91e-4ce3-a34e-67dd670864e5,family,a1cfb0af-284f-4762-a06b-1b46e7e85b8d,Ommatidae,Animalia,Insecta,https://vvtaxatree.tbn.org.tw/taxa/1353de93-b91e-4ce3-a34e-67dd670864e5
d0e5648b-f11a-4d6b-9da4-89d94c5a1d10,family,1d3f3980-30f1-4411-9210-b544e3275dec,Lepiceridae,Animalia,Insecta,https://vvtaxatree.tbn.org.tw/taxa/d0e5648b-f11a-4d6b-9da4-89d94c5a1d10
d4b68cbc-d099-4123-b15d-4e35b3899de3,family,f9f0f3a9-7ce0-4919-8554-2581d374c8fa,Torridincolidae,Animalia,Insecta,https://vvtaxatree.tbn.org.tw/taxa/d4b68cbc-d099-4123-b15d-4e35b3899de3
7ac3f622-df75-4657-bf7e-4f21d5b435f4,family,f9f0f3a9-7ce0-4919-8554-2581d374c8fa,Sphaeriusidae,Animalia,Insecta,https://vvtaxatree.tbn.org.tw/taxa/7ac3f622-df75-4657-bf7e-4f21d5b435f4
6925a237-2095-489d-92af-8ba6c0ff3f86,family,102694a7-fcf7-49c0-9d1d-c454b100a092,Decliniidae,Animalia,Insecta,https://vvtaxatree.tbn.org.tw/taxa/6925a237-2095-489d-92af-8ba6c0ff3f86
97b4f5b9-5cdb-4cb7-ba36-ee316142d87c,family,48670d0d-182a-403c-95ec-bc95e47cb508,Rhinorhipidae,Animalia,Insecta,https://vvtaxatree.tbn.org.tw/taxa/97b4f5b9-5cdb-4cb7-ba36-ee316142d87c
d9dc75a9-1077-4faf-93ad-ee84a1db3162,family,6644d97b-1faa-452f-a43a-e09158ea54cb,Schizopodidae,Animalia,Insecta,https://vvtaxatree.tbn.org.tw/taxa/d9dc75a9-1077-4faf-93ad-ee84a1db3162
fb9f55aa-a9f7-4760-a880-53c61126ebb0,family,6a5c033a-91bb-43ab-a72e-3e3d998194c4,Lutrochidae,Animalia,Insecta,https://vvtaxatree.tbn.org.tw/taxa/fb9f55aa-a9f7-4760-a880-53c61126ebb0
4fdcafb3-88c8-4879-84ea-650dfcb93d09,family,6a5c033a-91bb-43ab-a72e-3e3d998194c4,Eulichadidae,Animalia,Insecta,https://vvtaxatree.tbn.org.tw/taxa/4fdcafb3-88c8-4879-84ea-650dfcb93d09
9bf183dd-7a3d-4f65-b46a-1c8066acc59b,family,6a5c033a-91bb-43ab-a72e-3e3d998194c4,Cneoglossidae,Animalia,Insecta,https://vvtaxatree.tbn.org.tw/taxa/9bf183dd-7a3d-4f65-b46a-1c8066acc59b
f4a4134e-e569-4434-8b51-65c4d5ea16b6,family,6a5c033a-91bb-43ab-a72e-3e3d998194c4,Protelmidae,Animalia,Insecta,https://vvtaxatree.tbn.org.tw/taxa/f4a4134e-e569-4434-8b51-65c4d5ea16b6
731a5c27-19d8-478f-b93c-3c257f32faa1,family,a457acab-07d7-4f08-817e-94b60f49cb7d,Omethidae,Animalia,Insecta,https://vvtaxatree.tbn.org.tw/taxa/731a5c27-19d8-478f-b93c-3c257f32faa1
82323c7f-44b5-4c93-ab06-98d4ba467981,family,a457acab-07d7-4f08-817e-94b60f49cb7d,Brachypsectridae,Animalia,Insecta,https://vvtaxatree.tbn.org.tw/taxa/82323c7f-44b5-4c93-ab06-98d4ba467981
5917fa74-690b-48ff-ae00-9d84b76e8680,family,a457acab-07d7-4f08-817e-94b60f49cb7d,Throscidae,Animalia,Insecta,https://vvtaxatree.tbn.org.tw/taxa/5917fa74-690b-48ff-ae00-9d84b76e8680
df7f14e3-e44f-455a-8ff7-3e72fe5a101f,family,a457acab-07d7-4f08-817e-94b60f49cb7d,Cerophytidae,Animalia,Insecta,https://vvtaxatree.tbn.org.tw/taxa/df7f14e3-e44f-455a-8ff7-3e72fe5a101f
4f206cab-794c-4db5-8d29-901b435ece45,family,a457acab-07d7-4f08-817e-94b60f49cb7d,Jurasaidae,Animalia,Insecta,https://vvtaxatree.tbn.org.tw/taxa/4f206cab-794c-4db5-8d29-901b435ece45
1951ef25-7748-4a3d-b390-edbf65c82ce1,family,a457acab-07d7-4f08-817e-94b60f49cb7d,Sinopyrophoridae,Animalia,Insecta,https://vvtaxatree.tbn.org.tw/taxa/1951ef25-7748-4a3d-b390-edbf65c82ce1
35189c79-a5b8-4508-98ee-210786a56b7b,family,a457acab-07d7-4f08-817e-94b60f49cb7d,Badmaateridae,Animalia,Insecta,https://vvtaxatree.tbn.org.tw/taxa/35189c79-a5b8-4508-98ee-210786a56b7b
a36c0291-d321-4e6e-b6fd-2d7810a30538,family,a457acab-07d7-4f08-817e-94b60f49cb7d,Iberobaeniidae,Animalia,Insecta,https://vvtaxatree.tbn.org.tw/taxa/a36c0291-d321-4e6e-b6fd-2d7810a30538
a3c7257a-d344-479f-8c36-95766876a839,family,a457acab-07d7-4f08-817e-94b60f49cb7d,Phengodidae,Animalia,Insecta,https://vvtaxatree.tbn.org.tw/taxa/a3c7257a-d344-479f-8c36-95766876a839
4449af44-ff93-4c1d-9675-9026dc7538fb,family,d27114f2-20a3-4c16-b436-30234afe4950,Sphaeritidae,Animalia,Insecta,https://vvtaxatree.tbn.org.tw/taxa/4449af44-ff93-4c1d-9675-9026dc7538fb
ba709969-d3e7-45d5-916e-4f57c6b3954c,family,d27114f2-20a3-4c16-b436-30234afe4950,Synteliidae,Animalia,Insecta,https://vvtaxatree.tbn.org.tw/taxa/ba709969-d3e7-45d5-916e-4f57c6b3954c
d1d64bdc-9703-4439-8916-111edf3f8dcf,family,cc8f9343-8063-4ef1-8678-ba3caa72b0c5,Helophoridae,Animalia,Insecta,https://vvtaxatree.tbn.org.tw/taxa/d1d64bdc-9703-4439-8916-111edf3f8dcf
fb89442a-b5a5-498e-9871-5d576a9a77a8,family,cc8f9343-8063-4ef1-8678-ba3caa72b0c5,Epimetopidae,Animalia,Insecta,https://vvtaxatree.tbn.org.tw/taxa/fb89442a-b5a5-498e-9871-5d576a9a77a8
71a53c41-d367-474f-8357-909a7a5b55bf,family,f04173db-5fd4-4342-8d5f-b02be4426a3f,Glaresidae,Animalia,Insecta,https://vvtaxatree.tbn.org.tw/taxa/71a53c41-d367-474f-8357-909a7a5b55bf
1c9712e5-373a-4e24-b0bc-be94f470e8ca,family,f04173db-5fd4-4342-8d5f-b02be4426a3f,Pleocomidae,Animalia,Insecta,https://vvtaxatree.tbn.org.tw/taxa/1c9712e5-373a-4e24-b0bc-be94f470e8ca
95016df2-d342-4d82-a9f7-dba624000eee,family,f04173db-5fd4-4342-8d5f-b02be4426a3f,Diphyllostomatidae,Animalia,Insecta,https://vvtaxatree.tbn.org.tw/taxa/95016df2-d342-4d82-a9f7-dba624000eee
3305b82e-9d35-4eb5-8262-c81c67d3c8a2,family,f04173db-5fd4-4342-8d5f-b02be4426a3f,Belohinidae,Animalia,Insecta,https://vvtaxatree.tbn.org.tw/taxa/3305b82e-9d35-4eb5-8262-c81c67d3c8a2
5b0ab4ad-2e9d-47fb-9d71-38a8b7156ca6,family,f04173db-5fd4-4342-8d5f-b02be4426a3f,Glaphyridae,Animalia,Insecta,https://vvtaxatree.tbn.org.tw/taxa/5b0ab4ad-2e9d-47fb-9d71-38a8b7156ca6
6aff1db6-f3a7-4746-a29f-25a7e355aea4,family,bfac8ee5-0277-47f3-bb4e-743c16c7645a,Jacobsoniidae,Animalia,Insecta,https://vvtaxatree.tbn.org.tw/taxa/6aff1db6-f3a7-4746-a29f-25a7e355aea4
90c70c30-e18d-4e97-b97f-f63e444ae01b,family,bfac8ee5-0277-47f3-bb4e-743c16c7645a,Colonidae,Animalia,Insecta,https://vvtaxatree.tbn.org.tw/taxa/90c70c30-e18d-4e97-b97f-f63e444ae01b
1c5fd380-d4a8-48b9-9872-0d42c5bfe716,family,bfac8ee5-0277-47f3-bb4e-743c16c7645a,Agyrtidae,Animalia,Insecta,https://vvtaxatree.tbn.org.tw/taxa/1c5fd380-d4a8-48b9-9872-0d42c5bfe716
5c68dc49-41df-427a-84b7-688b2a9e0365,family,054d3710-7747-43a8-ac85-085f834cb1bb,Rentoniidae,Animalia,Insecta,https://vvtaxatree.tbn.org.tw/taxa/5c68dc49-41df-427a-84b7-688b2a9e0365
81c45fbe-a578-4313-8dcb-861d3c866743,family,054d3710-7747-43a8-ac85-085f834cb1bb,Acanthocnemidae,Animalia,Insecta,https://vvtaxatree.tbn.org.tw/taxa/81c45fbe-a578-4313-8dcb-861d3c866743
4dfdf068-fd76-4d38-9b24-10a961743d62,family,054d3710-7747-43a8-ac85-085f834cb1bb,Protopeltidae,Animalia,Insecta,https://vvtaxatree.tbn.org.tw/taxa/4dfdf068-fd76-4d38-9b24-10a961743d62
31b5fd0e-533c-49ef-abc7-93c173094525,family,054d3710-7747-43a8-ac85-085f834cb1bb,Peltidae,Animalia,Insecta,https://vvtaxatree.tbn.org.tw/taxa/31b5fd0e-533c-49ef-abc7-93c173094525
cbc63f65-73d6-4d71-946b-8210bc4a8651,family,054d3710-7747-43a8-ac85-085f834cb1bb,Lophocateridae,Animalia,Insecta,https://vvtaxatree.tbn.org.tw/taxa/cbc63f65-73d6-4d71-946b-8210bc4a8651
bea10672-af8d-40e4-a238-6d3ab7ae079f,family,054d3710-7747-43a8-ac85-085f834cb1bb,Phycosecidae,Animalia,Insecta,https://vvtaxatree.tbn.org.tw/taxa/bea10672-af8d-40e4-a238-6d3ab7ae079f
08f2dcb8-f96f-4796-98e9-54f9f01320f9,family,054d3710-7747-43a8-ac85-085f834cb1bb,Mauroniscidae,Animalia,Insecta,https://vvtaxatree.tbn.org.tw/taxa/08f2dcb8-f96f-4796-98e9-54f9f01320f9
18174020-4cf6-416d-bcb2-3dc028e3f516,family,054d3710-7747-43a8-ac85-085f834cb1bb,Rhadalidae,Animalia,Insecta,https://vvtaxatree.tbn.org.tw/taxa/18174020-4cf6-416d-bcb2-3dc028e3f516
a2fd2320-dd2b-4950-a47d-ecf333e37005,family,054d3710-7747-43a8-ac85-085f834cb1bb,Melyridae,Animalia,Insecta,https://vvtaxatree.tbn.org.tw/taxa/a2fd2320-dd2b-4950-a47d-ecf333e37005
a238e944-3e79-40a9-ade5-3e377b78e8c6,family,054d3710-7747-43a8-ac85-085f834cb1bb,Phloiophilidae,Animalia,Insecta,https://vvtaxatree.tbn.org.tw/taxa/a238e944-3e79-40a9-ade5-3e377b78e8c6
6144946a-fada-4661-b699-4787f03c69a3,family,054d3710-7747-43a8-ac85-085f834cb1bb,Chaetosomatidae,Animalia,Insecta,https://vvtaxatree.tbn.org.tw/taxa/6144946a-fada-4661-b699-4787f03c69a3
a15de887-3dbd-4785-88db-8c7da0a284c2,family,c48075f2-0c19-49cf-8c73-8260cd1ea232,Boridae,Animalia,Insecta,https://vvtaxatree.tbn.org.tw/taxa/a15de887-3dbd-4785-88db-8c7da0a284c2
91cb1940-514f-4fef-aefc-05fbfccab8e1,family,c48075f2-0c19-49cf-8c73-8260cd1ea232,Pythidae,Animalia,Insecta,https://vvtaxatree.tbn.org.tw/taxa/91cb1940-514f-4fef-aefc-05fbfccab8e1
7cf89e86-7084-4a81-8100-fe138c74d02d,family,c48075f2-0c19-49cf-8c73-8260cd1ea232,Stenotrachelidae,Animalia,Insecta,https://vvtaxatree.tbn.org.tw/taxa/7cf89e86-7084-4a81-8100-fe138c74d02d
6e749657-07e0-478a-a04c-fb2422dd34d3,family,c48075f2-0c19-49cf-8c73-8260cd1ea232,Osphyidae,Animalia,Insecta,https://vvtaxatree.tbn.org.tw/taxa/6e749657-07e0-478a-a04c-fb2422dd34d3
d5020b4a-c4de-4865-85be-6314dbb0bb26,family,c48075f2-0c19-49cf-8c73-8260cd1ea232,Ulodidae,Animalia,Insecta,https://vvtaxatree.tbn.org.tw/taxa/d5020b4a-c4de-4865-85be-6314dbb0bb26
7b27a247-442d-4798-b7c0-6b6c93737086,family,c48075f2-0c19-49cf-8c73-8260cd1ea232,Pterogeniidae,Animalia,Insecta,https://vvtaxatree.tbn.org.tw/taxa/7b27a247-442d-4798-b7c0-6b6c93737086
4ddb06b2-58ee-45ba-8c8e-be433e6f9d44,family,c48075f2-0c19-49cf-8c73-8260cd1ea232,Promecheilidae,Animalia,Insecta,https://vvtaxatree.tbn.org.tw/taxa/4ddb06b2-58ee-45ba-8c8e-be433e6f9d44
82d0bd17-688d-450d-81e0-6c85a6c6b29f,family,c48075f2-0c19-49cf-8c73-8260cd1ea232,Chalcodryidae,Animalia,Insecta,https://vvtaxatree.tbn.org.tw/taxa/82d0bd17-688d-450d-81e0-6c85a6c6b29f
ff4f2319-e298-4b88-b351-87d04af22432,family,c48075f2-0c19-49cf-8c73-8260cd1ea232,Lagrioididae,Animalia,Insecta,https://vvtaxatree.tbn.org.tw/taxa/ff4f2319-e298-4b88-b351-87d04af22432
3a658008-4526-4b68-ab6d-2591cfcbe05d,family,28c31b3d-14c1-49f0-bb10-035a3d143bce,Murmidiidae,Animalia,Insecta,https://vvtaxatree.tbn.org.tw/taxa/3a658008-4526-4b68-ab6d-2591cfcbe05d
0e61e219-bf28-4d70-aebf-ddb28b1e0762,family,28c31b3d-14c1-49f0-bb10-035a3d143bce,Teredidae,Animalia,Insecta,https://vvtaxatree.tbn.org.tw/taxa/0e61e219-bf28-4d70-aebf-ddb28b1e0762
bf3ee3da-f77c-4631-bc4a-a14cb1d334ce,family,28c31b3d-14c1-49f0-bb10-035a3d143bce,Alexiidae,Animalia,Insecta,https://vvtaxatree.tbn.org.tw/taxa/bf3ee3da-f77c-4631-bc4a-a14cb1d334ce
a4b43533-a4d7-4b49-b5f3-a721f2379b98,family,28c31b3d-14c1-49f0-bb10-035a3d143bce,Akalyptoischiidae,Animalia,Insecta,https://vvtaxatree.tbn.org.tw/taxa/a4b43533-a4d7-4b49-b5f3-a721f2379b98
d8164d3a-0d93-4f06-a2e6-d4c135badc2e,family,28c31b3d-14c1-49f0-bb10-035a3d143bce,Mycetaeidae,Animalia,Insecta,https://vvtaxatree.tbn.org.tw/taxa/d8164d3a-0d93-4f06-a2e6-d4c135badc2e
b5b17536-af05-4d8e-9654-41169ef2e812,family,28c31b3d-14c1-49f0-bb10-035a3d143bce,Cerasommatidiidae,Animalia,Insecta,https://vvtaxatree.tbn.org.tw/taxa/b5b17536-af05-4d8e-9654-41169ef2e812
3a4ed71a-a2ae-46a7-93ec-4f2c9313a13e,family,28c31b3d-14c1-49f0-bb10-035a3d143bce,Eupsilobiidae,Animalia,Insecta,https://vvtaxatree.tbn.org.tw/taxa/3a4ed71a-a2ae-46a7-93ec-4f2c9313a13e
99f8bc8f-5c4a-4936-b192-56356ec69392,family,5f8bdf88-93f2-4476-904f-0ed212420006,Boganiidae,Animalia,Insecta,https://vvtaxatree.tbn.org.tw/taxa/99f8bc8f-5c4a-4936-b192-56356ec69392
f97a0c28-3a57-48c9-9a6f-67ad8d705cbf,family,19bfd0d8-c3cf-4b05-b8a5-6d78db1a3663,Sphindidae,Animalia,Insecta,https://vvtaxatree.tbn.org.tw/taxa/f97a0c28-3a57-48c9-9a6f-67ad8d705cbf
f14c55ce-3a87-4214-8932-a72445383aac,family,19bfd0d8-c3cf-4b05-b8a5-6d78db1a3663,Protocucujidae,Animalia,Insecta,https://vvtaxatree.tbn.org.tw/taxa/f14c55ce-3a87-4214-8932-a72445383aac
6c4a7133-d8cc-4c28-b9cd-6259e32f5369,family,19bfd0d8-c3cf-4b05-b8a5-6d78db1a3663,Smicripidae,Animalia,Insecta,https://vvtaxatree.tbn.org.tw/taxa/6c4a7133-d8cc-4c28-b9cd-6259e32f5369
48b8b2c5-e961-4658-bb9f-b7aab62c21be,family,5103927e-f24e-4a64-b085-4a45aaf1dd83,Hobartiidae,Animalia,Insecta,https://vvtaxatree.tbn.org.tw/taxa/48b8b2c5-e961-4658-bb9f-b7aab62c21be
858668cd-fb7f-4674-a6ac-4030b25e44b2,family,5103927e-f24e-4a64-b085-4a45aaf1dd83,Phloeostichidae,Animalia,Insecta,https://vvtaxatree.tbn.org.tw/taxa/858668cd-fb7f-4674-a6ac-4030b25e44b2
bd255f17-7aff-4378-b13b-222a91eb35c2,family,5103927e-f24e-4a64-b085-4a45aaf1dd83,Agapythidae,Animalia,Insecta,https://vvtaxatree.tbn.org.tw/taxa/bd255f17-7aff-4378-b13b-222a91eb35c2
982e24df-698b-476d-92c8-45bb7549935a,family,5103927e-f24e-4a64-b085-4a45aaf1dd83,Priasilphidae,Animalia,Insecta,https://vvtaxatree.tbn.org.tw/taxa/982e24df-698b-476d-92c8-45bb7549935a
40485e12-1d3f-4502-9203-3c7ec97588f5,family,5103927e-f24e-4a64-b085-4a45aaf1dd83,Cavognathidae,Animalia,Insecta,https://vvtaxatree.tbn.org.tw/taxa/40485e12-1d3f-4502-9203-3c7ec97588f5
02eb18d1-053d-4443-a113-4870037df9e3,family,5103927e-f24e-4a64-b085-4a45aaf1dd83,Lamingtoniidae,Animalia,Insecta,https://vvtaxatree.tbn.org.tw/taxa/02eb18d1-053d-4443-a113-4870037df9e3
d41c26ed-e719-415c-bfa1-e8b6d57b67a9,family,5103927e-f24e-4a64-b085-4a45aaf1dd83,Tasmosalpingidae,Animalia,Insecta,https://vvtaxatree.tbn.org.tw/taxa/d41c26ed-e719-415c-bfa1-e8b6d57b67a9
ae2ddeba-95a8-48af-8ce3-289fc6ff8a96,family,5103927e-f24e-4a64-b085-4a45aaf1dd83,Cyclaxyridae,Animalia,Insecta,https://vvtaxatree.tbn.org.tw/taxa/ae2ddeba-95a8-48af-8ce3-289fc6ff8a96
c5313056-bf55-4c73-aaf0-a2ed8510a43d,family,5103927e-f24e-4a64-b085-4a45aaf1dd83,Myraboliidae,Animalia,Insecta,https://vvtaxatree.tbn.org.tw/taxa/c5313056-bf55-4c73-aaf0-a2ed8510a43d
eeee1f94-edd0-4271-8442-9187055f7d3a,family,c00a0d73-5d5c-4db8-a249-2b1746484d3a,Cimberididae,Animalia,Insecta,https://vvtaxatree.tbn.org.tw/taxa/eeee1f94-edd0-4271-8442-9187055f7d3a
d77ef0b0-af98-4893-a544-77c576d78b06,family,c00a0d73-5d5c-4db8-a249-2b1746484d3a,Nemonychidae,Animalia,Insecta,https://vvtaxatree.tbn.org.tw/taxa/d77ef0b0-af98-4893-a544-77c576d78b06
014bb27a-2064-46bd-af30-b8ce0f2d4c9a,family,c00a0d73-5d5c-4db8-a249-2b1746484d3a,Belidae,Animalia,Insecta,https://vvtaxatree.tbn.org.tw/taxa/014bb27a-2064-46bd-af30-b8ce0f2d4c9a
09bad5a2-2fc2-4955-a11e-ff9b8c9baa07,family,c00a0d73-5d5c-4db8-a249-2b1746484d3a,Caridae,Animalia,Insecta,https://vvtaxatree.tbn.org.tw/taxa/09bad5a2-2fc2-4955-a11e-ff9b8c9baa07
5b4b23c6-3e75-4b00-ba08-5327d38d2c3f,family,cbea9918-d5f8-45c8-98d6-1560c8da8b40,Oxypeltidae,Animalia,Insecta,https://vvtaxatree.tbn.org.tw/taxa/5b4b23c6-3e75-4b00-ba08-5327d38d2c3f
a0bdc709-12c7-42a1-a7aa-f6df4ff705cc,family,cbea9918-d5f8-45c8-98d6-1560c8da8b40,Vesperidae,Animalia,Insecta,https://vvtaxatree.tbn.org.tw/taxa/a0bdc709-12c7-42a1-a7aa-f6df4ff705cc
00a0ba96-5172-4e79-a35d-94500a5b86cc,family,cbea9918-d5f8-45c8-98d6-1560c8da8b40,Disteniidae,Animalia,Insecta,https://vvtaxatree.tbn.org.tw/taxa/00a0ba96-5172-4e79-a35d-94500a5b86cc
87ad81e6-99c4-4edd-9e86-950b53a13086,family,cbea9918-d5f8-45c8-98d6-1560c8da8b40,Orsodacnidae,Animalia,Insecta,https://vvtaxatree.tbn.org.tw/taxa/87ad81e6-99c4-4edd-9e86-950b53a13086
51a9d178-8e7f-4468-a514-2104f4a5495c,family,3909b82d-a281-4143-b926-da12a48faefe,Jurodidae,Animalia,Insecta,https://vvtaxatree.tbn.org.tw/taxa/51a9d178-8e7f-4468-a514-2104f4a5495c
31c1bd04-8451-46a6-bf02-fd4d97d4f717,family,ec5bdc2b-e4f2-462b-a7d1-443e0c40f9b8,Synthemistidae,Animalia,Insecta,https://vvtaxatree.tbn.org.tw/taxa/31c1bd04-8451-46a6-bf02-fd4d97d4f717
31583fa8-9295-4249-b767-36cea403214f,family,6e13946c-a874-4aa4-bd47-0957bdc0a7a6,Philobryidae,Animalia,Bivalvia,https://vvtaxatree.tbn.org.tw/taxa/31583fa8-9295-4249-b767-36cea403214f
ae171096-24fd-4bc0-9e82-a3341773f150,family,f2d31914-d0f3-4e2a-9ec8-3f3591dfd979,Propeamussidae,Animalia,Bivalvia,https://vvtaxatree.tbn.org.tw/taxa/ae171096-24fd-4bc0-9e82-a3341773f150
40772ab3-9aac-4c3f-9966-e87678985e58,family,93db83c8-1834-4a4a-b3fc-0948b6f04504,Pecctinidae,Animalia,Bivalvia,https://vvtaxatree.tbn.org.tw/taxa/40772ab3-9aac-4c3f-9966-e87678985e58
127acad7-255d-4634-a576-116d58cd1f2a,family,8e8db56c-70f3-47aa-b166-b3e6ef6dd76e,Gryphaeidae,Animalia,Bivalvia,https://vvtaxatree.tbn.org.tw/taxa/127acad7-255d-4634-a576-116d58cd1f2a
90160b47-e27f-4e93-8d93-22f08515cf42,family,e32abb5e-1466-4cc3-b98f-f643aaa9b4d2,Trigoniidae,Animalia,Bivalvia,https://vvtaxatree.tbn.org.tw/taxa/90160b47-e27f-4e93-8d93-22f08515cf42
44ca5d3b-3739-4ac9-a180-e24e4e4ad030,family,89c5a5b2-bbee-4c1e-bd4d-7bde68eb2cb5,Etheriidae,Animalia,Bivalvia,https://vvtaxatree.tbn.org.tw/taxa/44ca5d3b-3739-4ac9-a180-e24e4e4ad030
44c2b866-a697-4279-bbc9-0ec114b54996,family,89c5a5b2-bbee-4c1e-bd4d-7bde68eb2cb5,Iridinidae,Animalia,Bivalvia,https://vvtaxatree.tbn.org.tw/taxa/44c2b866-a697-4279-bbc9-0ec114b54996
5484131d-c458-497f-b301-7af2c0df4841,family,f6921024-7548-4210-8f5c-cbfe7a52dfa6,Margaritiferidae,Animalia,Bivalvia,https://vvtaxatree.tbn.org.tw/taxa/5484131d-c458-497f-b301-7af2c0df4841
365e6eb5-3dbc-4158-b0fe-3e9a0dff0701,family,0cab167f-deb2-4888-8456-51ff9b932e2b,Thrasciidae,Animalia,Bivalvia,https://vvtaxatree.tbn.org.tw/taxa/365e6eb5-3dbc-4158-b0fe-3e9a0dff0701
2933715f-6374-49a8-9485-9db0ddf0b959,family,e1491cf7-f47a-4ae9-91cf-420c41b1d93c,Cyrenoididae,Animalia,Bivalvia,https://vvtaxatree.tbn.org.tw/taxa/2933715f-6374-49a8-9485-9db0ddf0b959
5adcf794-fb7c-4f0a-a3fd-8765d1a4f65a,family,208e5993-2b59-43ff-b112-67e64009cfaa,Hemidonacidae,Animalia,Bivalvia,https://vvtaxatree.tbn.org.tw/taxa/5adcf794-fb7c-4f0a-a3fd-8765d1a4f65a
a6eaf629-c7e6-4493-906a-f619f1e415a5,family,2576a888-d0ad-4fd4-b023-5be5eb4d68b3,Vesicomyidae,Animalia,Bivalvia,https://vvtaxatree.tbn.org.tw/taxa/a6eaf629-c7e6-4493-906a-f619f1e415a5
84efde92-b08b-4c51-9403-e6c04a43b4e1,family,d1e03ed8-e858-45a5-af1d-c991f44f6e3b,Neopilinidae,Animalia,Monoplacophora,https://vvtaxatree.tbn.org.tw/taxa/84efde92-b08b-4c51-9403-e6c04a43b4e1
c038051e-8c2d-425c-9362-c341f5e1d525,family,5b231ff8-6606-4d94-97a9-b839dd42c44b,Rissoinidae,Animalia,Gastropoda,https://vvtaxatree.tbn.org.tw/taxa/c038051e-8c2d-425c-9362-c341f5e1d525
50c72937-57e0-4f0d-b9ca-fe765743e624,family,234a0e79-785a-43a9-9c78-a1f39d904f83,Lichenoporidae,Animalia,Stenolaemata,https://vvtaxatree.tbn.org.tw/taxa/50c72937-57e0-4f0d-b9ca-fe765743e624
32bccb74-f897-4a08-9f33-83439d0bbf8c,family,3093ad31-10bb-4395-b289-2d55e944021b,Piscicolidae,Animalia,Clitellata,https://vvtaxatree.tbn.org.tw/taxa/32bccb74-f897-4a08-9f33-83439d0bbf8c
d1d5b7b3-65c4-4a70-b575-9c7224c6e05e,family,5dac49a6-e8be-4de9-b903-3f83f6aa7e89,Ampeliscidae,Animalia,Malacostraca,https://vvtaxatree.tbn.org.tw/taxa/d1d5b7b3-65c4-4a70-b575-9c7224c6e05e
7563a01c-a60c-46b1-b784-d24a6bc93963,family,dcb9fc17-e65e-47e9-8ff6-eb0e1e32069c,Ampharetidae,Animalia,Polychaeta,https://vvtaxatree.tbn.org.tw/taxa/7563a01c-a60c-46b1-b784-d24a6bc93963
eb069a07-120d-4bb2-bda6-f75e7b888c38,family,61898d93-3e4b-40fa-9142-b2cb7fc631ad,Holognathidae,Animalia,Malacostraca,https://vvtaxatree.tbn.org.tw/taxa/eb069a07-120d-4bb2-bda6-f75e7b888c38
6fa2d28f-adfc-4388-b539-6e5afd7408a2,family,61898d93-3e4b-40fa-9142-b2cb7fc631ad,Idoteidae,Animalia,Malacostraca,https://vvtaxatree.tbn.org.tw/taxa/6fa2d28f-adfc-4388-b539-6e5afd7408a2
caa798f6-f46d-46a8-8f9b-8637ae12bec6,family,5dac49a6-e8be-4de9-b903-3f83f6aa7e89,Oedicerotidae,Animalia,Malacostraca,https://vvtaxatree.tbn.org.tw/taxa/caa798f6-f46d-46a8-8f9b-8637ae12bec6
181561c1-5f44-4b63-ad4a-7cd06ae237da,family,b6354175-69fb-4780-a313-fda44648ef61,Oweniidae,Animalia,Polychaeta,https://vvtaxatree.tbn.org.tw/taxa/181561c1-5f44-4b63-ad4a-7cd06ae237da
fcd290bf-592a-421c-a1f4-6c2feeca799f,family,ae244267-7648-49c1-9837-cb9b616538da,Parapinnixidae,Animalia,Malacostraca,https://vvtaxatree.tbn.org.tw/taxa/fcd290bf-592a-421c-a1f4-6c2feeca799f
3ce077c1-8228-46fd-842b-d95d01a54f6f,family,5dac49a6-e8be-4de9-b903-3f83f6aa7e89,Podoceridae,Animalia,Malacostraca,https://vvtaxatree.tbn.org.tw/taxa/3ce077c1-8228-46fd-842b-d95d01a54f6f
a028260e-4b10-4409-ad34-5a5d7031d3d4,family,b6354175-69fb-4780-a313-fda44648ef61,Sabellariidae,Animalia,Polychaeta,https://vvtaxatree.tbn.org.tw/taxa/a028260e-4b10-4409-ad34-5a5d7031d3d4
3727ef87-914c-4c63-931e-16dbe2e483f1,family,23dd764d-f4ef-48c5-ac7a-fd116de58aaf,Sertulariidae,Animalia,Hydrozoa,https://vvtaxatree.tbn.org.tw/taxa/3727ef87-914c-4c63-931e-16dbe2e483f1
9fe71601-dc7e-451e-a652-c2abee18dca7,family,26b32146-50c5-4211-81da-a6c1bb549c2b,Sigalionidae,Animalia,Polychaeta,https://vvtaxatree.tbn.org.tw/taxa/9fe71601-dc7e-451e-a652-c2abee18dca7
e3e3dcb3-908e-4c58-830c-84e98cf60d10,family,5dac49a6-e8be-4de9-b903-3f83f6aa7e89,Stenothoidae,Animalia,Malacostraca,https://vvtaxatree.tbn.org.tw/taxa/e3e3dcb3-908e-4c58-830c-84e98cf60d10
8f80c26f-807e-43d9-a1f3-9ac7216918e4,family,c75d3408-1bdb-448f-b642-46494d0eaf22,Styelidae,Animalia,Ascidiacea,https://vvtaxatree.tbn.org.tw/taxa/8f80c26f-807e-43d9-a1f3-9ac7216918e4
ac34d30f-3337-416a-890b-67593726eecd,family,bb9b3f63-2ba3-43b8-b3de-e6c866e2e6cd,Xylophagaidae,Animalia,Bivalvia,https://vvtaxatree.tbn.org.tw/taxa/ac34d30f-3337-416a-890b-67593726eecd
7607be59-085a-473c-b66d-d19f2d274ceb,family,c2b28618-84f1-4dc2-9ce9-c94129caa9f2,Oceanitidae,Animalia,Aves,https://vvtaxatree.tbn.org.tw/taxa/7607be59-085a-473c-b66d-d19f2d274ceb
8978bb7a-4bb9-4af7-bd5e-af48138f77bf,family,18d524d4-ac32-4db7-b59f-e008efb3b52a,Chloropseidae,Animalia,Aves,https://vvtaxatree.tbn.org.tw/taxa/8978bb7a-4bb9-4af7-bd5e-af48138f77bf
546fe6f2-d332-4327-82fa-08c5118f238c,family,b9b3a3b3-b8ce-4cd0-9c03-5f2dd7279f6e,Prodidomidae,Animalia,Arachnida,https://vvtaxatree.tbn.org.tw/taxa/546fe6f2-d332-4327-82fa-08c5118f238c
68f3e3ea-8855-440e-a3a7-e03ed68022e7,subfamily,4c4917ba-64f5-4110-b7e4-d507bf8fd3d1,Colydiinae,Animalia,Insecta,https://vvtaxatree.tbn.org.tw/taxa/68f3e3ea-8855-440e-a3a7-e03ed68022e7
7ec44b21-5860-4f74-847f-5c3bb7159561,subfamily,a08438f0-f166-4dd6-b00c-c24f14a39feb,Crotophaginae,Animalia,Aves,https://vvtaxatree.tbn.org.tw/taxa/7ec44b21-5860-4f74-847f-5c3bb7159561
993ff0b7-1fd8-458a-bb40-bc2029cf35c9,subfamily,262ae9aa-a984-4f03-aba9-7a8a6e4914c2,Anaplectinae,Animalia,Insecta,https://vvtaxatree.tbn.org.tw/taxa/993ff0b7-1fd8-458a-bb40-bc2029cf35c9
8c730819-b2c1-4bb8-89c8-84ca63038ec0,subfamily,336d2f06-572e-4c59-a749-3706013d3adf,Gyninae,Animalia,Insecta,https://vvtaxatree.tbn.org.tw/taxa/8c730819-b2c1-4bb8-89c8-84ca63038ec0
8f6d4f93-37df-45e3-a6fc-248d7599c4b6,subfamily,336d2f06-572e-4c59-a749-3706013d3adf,Panchlorinae,Animalia,Insecta,https://vvtaxatree.tbn.org.tw/taxa/8f6d4f93-37df-45e3-a6fc-248d7599c4b6
21fc8fa4-df6e-4df8-a58c-4e620b73cdba,subfamily,336d2f06-572e-4c59-a749-3706013d3adf,Blaberinae,Animalia,Insecta,https://vvtaxatree.tbn.org.tw/taxa/21fc8fa4-df6e-4df8-a58c-4e620b73cdba
d9e81fc8-8a0f-41a0-8244-a62946554ab5,subfamily,336d2f06-572e-4c59-a749-3706013d3adf,Zetoborinae,Animalia,Insecta,https://vvtaxatree.tbn.org.tw/taxa/d9e81fc8-8a0f-41a0-8244-a62946554ab5
ac9f6089-b72f-47e0-a445-29cb1647bbcc,subfamily,4c243c00-9816-4754-9b48-47e4877c949d,Anallactinae,Animalia,Insecta,https://vvtaxatree.tbn.org.tw/taxa/ac9f6089-b72f-47e0-a445-29cb1647bbcc
fbff0147-4699-4034-83d0-aa1751943acc,subfamily,0dfcc5c0-8621-474b-b426-5b5d757897cf,Amelinae,Animalia,Insecta,https://vvtaxatree.tbn.org.tw/taxa/fbff0147-4699-4034-83d0-aa1751943acc
f6204205-5e2b-4f05-a719-6e320d0631ca,subfamily,945f8620-b759-4b1d-97fa-29e8e9380fe9,Fusinae,Animalia,Gastropoda,https://vvtaxatree.tbn.org.tw/taxa/f6204205-5e2b-4f05-a719-6e320d0631ca
864f4777-b091-4a5d-ba3c-c5c0663c3668,subfamily,0fb97e1c-5686-487e-8ed8-77199dbd4096,Lampriminae,Animalia,Insecta,https://vvtaxatree.tbn.org.tw/taxa/864f4777-b091-4a5d-ba3c-c5c0663c3668
5aa29873-a255-4355-a26a-34f369b7f6b7,subfamily,dd1754a9-a071-4f9f-b4df-9af761ab545e,Ceratoconchinae,Animalia,Thecostraca,https://vvtaxatree.tbn.org.tw/taxa/5aa29873-a255-4355-a26a-34f369b7f6b7
ee78ce73-2432-4496-ae2e-33790b10bcac,subfamily,e55d4195-6024-4db2-a8fa-6b7a396b3ac2,Nothopodinae,Animalia,Arachnida,https://vvtaxatree.tbn.org.tw/taxa/ee78ce73-2432-4496-ae2e-33790b10bcac
8f9e74f2-8410-439c-aadb-36dac1e593fe,subfamily,7322d8cd-5d2e-4f77-8af0-2d0041e09dd0,Psammotermitinae,Animalia,Insecta,https://vvtaxatree.tbn.org.tw/taxa/8f9e74f2-8410-439c-aadb-36dac1e593fe
2b430841-4017-405e-9400-bdf3fa99b232,subfamily,e34f7558-bd6a-4ee7-a27a-fd55b8c32a9e,Phaloriinae,Animalia,Insecta,https://vvtaxatree.tbn.org.tw/taxa/2b430841-4017-405e-9400-bdf3fa99b232
7060537c-dfa3-4d62-a8d4-181c4e84baf8,subfamily,4acb7218-5e23-4697-9bf5-df5c38440a6a,Trigonidiinae,Animalia,Insecta,https://vvtaxatree.tbn.org.tw/taxa/7060537c-dfa3-4d62-a8d4-181c4e84baf8
659b44dc-5541-4d87-9b69-b44e727085b7,subfamily,c7a393e8-9e40-4b4f-af03-025616f31901,Mogoplistinae,Animalia,Insecta,https://vvtaxatree.tbn.org.tw/taxa/659b44dc-5541-4d87-9b69-b44e727085b7
c09b3088-cb3f-45ab-bf81-c925c03b155a,subfamily,0f2c9a4f-e96d-4fa0-a3b0-03a19e671a75,Scomberoidinae,Animalia,Actinopteri,https://vvtaxatree.tbn.org.tw/taxa/c09b3088-cb3f-45ab-bf81-c925c03b155a
da6664d0-c0b8-4097-88f2-c263bca5c86b,subfamily,705dc984-8241-4f2b-bd0e-fbf942569436,Xenostrobinae,Animalia,Bivalvia,https://vvtaxatree.tbn.org.tw/taxa/da6664d0-c0b8-4097-88f2-c263bca5c86b
57283f37-8645-4b82-b60a-fdf9382f21c2,subfamily,bc6eb783-ef87-418a-935d-41ca42eface7,Macronychiinae,Animalia,Insecta,https://vvtaxatree.tbn.org.tw/taxa/57283f37-8645-4b82-b60a-fdf9382f21c2
292e483f-c245-4a18-98a3-2082c8c8aa1b,subfamily,07a43c8b-ce8c-4301-a058-6e871c436318,Rubicundinae,Animalia,Myxini,https://vvtaxatree.tbn.org.tw/taxa/292e483f-c245-4a18-98a3-2082c8c8aa1b
fb00b54b-dbde-46f2-b71b-c1f677f80a9e,subfamily,07a43c8b-ce8c-4301-a058-6e871c436318,Eptatretinae,Animalia,Myxini,https://vvtaxatree.tbn.org.tw/taxa/fb00b54b-dbde-46f2-b71b-c1f677f80a9e
9b1db731-38bf-42b5-86a3-e3c980983e21,subfamily,07a43c8b-ce8c-4301-a058-6e871c436318,Myxininae,Animalia,Myxini,https://vvtaxatree.tbn.org.tw/taxa/9b1db731-38bf-42b5-86a3-e3c980983e21
ffd0f436-493e-417b-9b78-73c44088565d,subfamily,3bf04403-545b-4aba-b541-0e8d373a3afb,Triakinae,Animalia,Elasmobranchii,https://vvtaxatree.tbn.org.tw/taxa/ffd0f436-493e-417b-9b78-73c44088565d
0a3f2f19-c2a1-457e-9f74-0f5b35efa715,subfamily,3bf04403-545b-4aba-b541-0e8d373a3afb,Galeorhininae,Animalia,Elasmobranchii,https://vvtaxatree.tbn.org.tw/taxa/0a3f2f19-c2a1-457e-9f74-0f5b35efa715
9fd16393-f897-4788-a25f-e2ea04e774b7,subfamily,81b6cb79-568e-4eb0-a377-37c09bba583e,Dasyatinae,Animalia,Elasmobranchii,https://vvtaxatree.tbn.org.tw/taxa/9fd16393-f897-4788-a25f-e2ea04e774b7
ddcf0c60-1b4d-43f3-a57a-c8ee1f03fdd7,subfamily,81b6cb79-568e-4eb0-a377-37c09bba583e,Neotrygoninae,Animalia,Elasmobranchii,https://vvtaxatree.tbn.org.tw/taxa/ddcf0c60-1b4d-43f3-a57a-c8ee1f03fdd7
8d3e4f34-844f-452f-a346-81ff047b2ba5,subfamily,81b6cb79-568e-4eb0-a377-37c09bba583e,Urogymninae,Animalia,Elasmobranchii,https://vvtaxatree.tbn.org.tw/taxa/8d3e4f34-844f-452f-a346-81ff047b2ba5
59b4a614-2ed9-43ba-b896-25856fbcd6cf,subfamily,81b6cb79-568e-4eb0-a377-37c09bba583e,Hypolophinae,Animalia,Elasmobranchii,https://vvtaxatree.tbn.org.tw/taxa/59b4a614-2ed9-43ba-b896-25856fbcd6cf
b1d13516-fb8e-483c-8497-a5af30c33f2e,subfamily,393f9426-9437-49de-95dd-a61312dca029,Styracurinae,Animalia,Elasmobranchii,https://vvtaxatree.tbn.org.tw/taxa/b1d13516-fb8e-483c-8497-a5af30c33f2e
6c413507-ace3-4bd8-a1fd-59ded497d1f5,subfamily,393f9426-9437-49de-95dd-a61312dca029,Potamotrygoninae,Animalia,Elasmobranchii,https://vvtaxatree.tbn.org.tw/taxa/6c413507-ace3-4bd8-a1fd-59ded497d1f5
98a416d9-0062-41b2-8986-ab743cfb85a1,subfamily,85afeaa9-e81f-4058-9469-3b7c533d23cb,Notopterinae,Animalia,Actinopteri,https://vvtaxatree.tbn.org.tw/taxa/98a416d9-0062-41b2-8986-ab743cfb85a1
0656b5b4-a051-4ce0-9519-e5194a19f485,subfamily,85afeaa9-e81f-4058-9469-3b7c533d23cb,Xenomystinae,Animalia,Actinopteri,https://vvtaxatree.tbn.org.tw/taxa/0656b5b4-a051-4ce0-9519-e5194a19f485
810cb71d-b666-4a70-aa7c-9db983a1e0e3,subfamily,e0badc06-948e-4159-b357-e12f491ed297,Albulinae,Animalia,Actinopteri,https://vvtaxatree.tbn.org.tw/taxa/810cb71d-b666-4a70-aa7c-9db983a1e0e3
2cda0f0d-f60a-495f-9638-ef85d872056c,subfamily,e0badc06-948e-4159-b357-e12f491ed297,Pterothrissinae,Animalia,Actinopteri,https://vvtaxatree.tbn.org.tw/taxa/2cda0f0d-f60a-495f-9638-ef85d872056c
2bc0ada5-1644-4502-b3b2-44ab49c4240a,subfamily,5779ccd5-9dfd-4119-beff-94169b25b93b,Simenchelyinae,Animalia,Actinopteri,https://vvtaxatree.tbn.org.tw/taxa/2bc0ada5-1644-4502-b3b2-44ab49c4240a
8ea4dc89-7761-4537-bbdf-4308a3623e02,subfamily,5779ccd5-9dfd-4119-beff-94169b25b93b,Ilyophinae,Animalia,Actinopteri,https://vvtaxatree.tbn.org.tw/taxa/8ea4dc89-7761-4537-bbdf-4308a3623e02
efc7b2f6-5e60-4db2-a505-079fad479189,subfamily,5779ccd5-9dfd-4119-beff-94169b25b93b,Synaphobranchinae,Animalia,Actinopteri,https://vvtaxatree.tbn.org.tw/taxa/efc7b2f6-5e60-4db2-a505-079fad479189
e0871fc4-220f-444a-ba54-140847f0df7a,subfamily,b4eb75be-af97-40f8-9af6-2dbb6ad59336,Uropterygiinae,Animalia,Actinopteri,https://vvtaxatree.tbn.org.tw/taxa/e0871fc4-220f-444a-ba54-140847f0df7a
21480286-339c-4c86-92df-f826a1298f39,subfamily,b4eb75be-af97-40f8-9af6-2dbb6ad59336,Muraeninae,Animalia,Actinopteri,https://vvtaxatree.tbn.org.tw/taxa/21480286-339c-4c86-92df-f826a1298f39
ea8fd684-c1a7-42d7-bfad-131d866ce108,subfamily,975b6843-473c-42e9-8646-24b96daada45,Myrophinae,Animalia,Actinopteri,https://vvtaxatree.tbn.org.tw/taxa/ea8fd684-c1a7-42d7-bfad-131d866ce108
600b7ddb-4611-4278-86ae-055ec03814ef,subfamily,975b6843-473c-42e9-8646-24b96daada45,Ophichthinae,Animalia,Actinopteri,https://vvtaxatree.tbn.org.tw/taxa/600b7ddb-4611-4278-86ae-055ec03814ef
d053d573-caa6-4f7e-87e8-e78c4a4689b7,subfamily,7e3a44ad-74f1-4f3b-8b9f-da188ed3252b,Congrinae,Animalia,Actinopteri,https://vvtaxatree.tbn.org.tw/taxa/d053d573-caa6-4f7e-87e8-e78c4a4689b7
00b099b8-94f6-4988-833c-1a329c615441,subfamily,7e3a44ad-74f1-4f3b-8b9f-da188ed3252b,Bathymyrinae,Animalia,Actinopteri,https://vvtaxatree.tbn.org.tw/taxa/00b099b8-94f6-4988-833c-1a329c615441
90626afc-b2d8-479a-b434-0d5c506bce99,subfamily,7e3a44ad-74f1-4f3b-8b9f-da188ed3252b,Heterocongrinae,Animalia,Actinopteri,https://vvtaxatree.tbn.org.tw/taxa/90626afc-b2d8-479a-b434-0d5c506bce99
20d1614a-f7ab-406b-8116-079706769a43,subfamily,d4f9fc67-13d2-4352-b85f-62b7dce4a55d,Coiliinae,Animalia,Actinopteri,https://vvtaxatree.tbn.org.tw/taxa/20d1614a-f7ab-406b-8116-079706769a43
4f740682-f48e-4b50-93f6-39928d1e873c,subfamily,d4f9fc67-13d2-4352-b85f-62b7dce4a55d,Engraulinae,Animalia,Actinopteri,https://vvtaxatree.tbn.org.tw/taxa/4f740682-f48e-4b50-93f6-39928d1e873c
831cb2ba-8e3a-4d02-82e6-0a41c5c0365d,subfamily,d5186309-b67f-4195-9d89-973c19d1a8fd,Myxocyprininae,Animalia,Actinopteri,https://vvtaxatree.tbn.org.tw/taxa/831cb2ba-8e3a-4d02-82e6-0a41c5c0365d
8cb992dc-1cea-40ab-89a8-95d6d5e6f214,subfamily,d5186309-b67f-4195-9d89-973c19d1a8fd,Cycleptinae,Animalia,Actinopteri,https://vvtaxatree.tbn.org.tw/taxa/8cb992dc-1cea-40ab-89a8-95d6d5e6f214
af1ad03f-ad60-4821-b7ec-6af92c556893,subfamily,d5186309-b67f-4195-9d89-973c19d1a8fd,Ictiobinae,Animalia,Actinopteri,https://vvtaxatree.tbn.org.tw/taxa/af1ad03f-ad60-4821-b7ec-6af92c556893
e8505ef5-307a-454b-ae85-315ae807f19b,subfamily,d5186309-b67f-4195-9d89-973c19d1a8fd,Catostominae,Animalia,Actinopteri,https://vvtaxatree.tbn.org.tw/taxa/e8505ef5-307a-454b-ae85-315ae807f19b
ba1f6145-f36e-46d0-95fb-89bb8d32ad38,subfamily,73f7c8c6-22b9-4c3f-b5a6-8e6633318930,Leptobotiinae,Animalia,Actinopteri,https://vvtaxatree.tbn.org.tw/taxa/ba1f6145-f36e-46d0-95fb-89bb8d32ad38
2648612e-abd7-4cc1-8a44-acb108787bcc,subfamily,73f7c8c6-22b9-4c3f-b5a6-8e6633318930,Botiinae,Animalia,Actinopteri,https://vvtaxatree.tbn.org.tw/taxa/2648612e-abd7-4cc1-8a44-acb108787bcc
3a9c0f81-5b6a-42c6-8d7c-a9ea288089e7,subfamily,9976cd9b-eb35-46eb-8e2e-fed700c0c9e9,Labeoninae,Animalia,Actinopteri,https://vvtaxatree.tbn.org.tw/taxa/3a9c0f81-5b6a-42c6-8d7c-a9ea288089e7
29e892de-afd5-408b-8141-357daffb6141,subfamily,9976cd9b-eb35-46eb-8e2e-fed700c0c9e9,Probarbinae,Animalia,Actinopteri,https://vvtaxatree.tbn.org.tw/taxa/29e892de-afd5-408b-8141-357daffb6141
3dbec041-09db-4cec-bce3-0506a6859e58,subfamily,9976cd9b-eb35-46eb-8e2e-fed700c0c9e9,Torinae,Animalia,Actinopteri,https://vvtaxatree.tbn.org.tw/taxa/3dbec041-09db-4cec-bce3-0506a6859e58
b68a3884-40b7-44ae-b9c7-1deeac4bde97,subfamily,9976cd9b-eb35-46eb-8e2e-fed700c0c9e9,Smiliogastrinae,Animalia,Actinopteri,https://vvtaxatree.tbn.org.tw/taxa/b68a3884-40b7-44ae-b9c7-1deeac4bde97
f640bf50-2c83-4411-8968-61de44ee8b47,subfamily,9976cd9b-eb35-46eb-8e2e-fed700c0c9e9,Cyprininae,Animalia,Actinopteri,https://vvtaxatree.tbn.org.tw/taxa/f640bf50-2c83-4411-8968-61de44ee8b47
5224e996-f118-4bab-98fc-3c27b06e37a7,subfamily,9976cd9b-eb35-46eb-8e2e-fed700c0c9e9,Barbinae,Animalia,Actinopteri,https://vvtaxatree.tbn.org.tw/taxa/5224e996-f118-4bab-98fc-3c27b06e37a7
bc7af1b2-b590-4f88-a69c-74fec0176eeb,subfamily,9976cd9b-eb35-46eb-8e2e-fed700c0c9e9,Spinibarbinae,Animalia,Actinopteri,https://vvtaxatree.tbn.org.tw/taxa/bc7af1b2-b590-4f88-a69c-74fec0176eeb
7937c4a9-8af7-457c-aa1a-6adc1f042de3,subfamily,9976cd9b-eb35-46eb-8e2e-fed700c0c9e9,Schizothoracinae,Animalia,Actinopteri,https://vvtaxatree.tbn.org.tw/taxa/7937c4a9-8af7-457c-aa1a-6adc1f042de3
5d0665b6-0716-4a6d-bc5a-9cf8486da0e7,subfamily,9976cd9b-eb35-46eb-8e2e-fed700c0c9e9,Schizopygopsinae,Animalia,Actinopteri,https://vvtaxatree.tbn.org.tw/taxa/5d0665b6-0716-4a6d-bc5a-9cf8486da0e7
119a97ad-b20b-4a95-9921-7f4dd8827fbd,subfamily,a4f703dd-e817-470e-a46f-5345a3d1e010,Chedrinae,Animalia,Actinopteri,https://vvtaxatree.tbn.org.tw/taxa/119a97ad-b20b-4a95-9921-7f4dd8827fbd
73898d06-8eb1-4d3c-9727-ca949fe24993,subfamily,a4f703dd-e817-470e-a46f-5345a3d1e010,Rasborinae,Animalia,Actinopteri,https://vvtaxatree.tbn.org.tw/taxa/73898d06-8eb1-4d3c-9727-ca949fe24993
e9eec0f1-fdd7-49e5-87f8-79a6a22d711d,subfamily,a4f703dd-e817-470e-a46f-5345a3d1e010,Danioninae,Animalia,Actinopteri,https://vvtaxatree.tbn.org.tw/taxa/e9eec0f1-fdd7-49e5-87f8-79a6a22d711d
230ee93f-26dc-459f-bced-aa5f3db626d7,subfamily,a4f703dd-e817-470e-a46f-5345a3d1e010,Esominae,Animalia,Actinopteri,https://vvtaxatree.tbn.org.tw/taxa/230ee93f-26dc-459f-bced-aa5f3db626d7
3e18b368-9b87-479d-8edd-5fd854564363,subfamily,f84abaf9-ef89-4c58-b301-161e173866fa,Pseudaspininae,Animalia,Actinopteri,https://vvtaxatree.tbn.org.tw/taxa/3e18b368-9b87-479d-8edd-5fd854564363
80050a0c-1e74-4cf6-8cad-8147e78e84c5,subfamily,f84abaf9-ef89-4c58-b301-161e173866fa,Laviniinae,Animalia,Actinopteri,https://vvtaxatree.tbn.org.tw/taxa/80050a0c-1e74-4cf6-8cad-8147e78e84c5
7ff68084-d3f8-4bbe-8371-6e4aef45a3cd,subfamily,f84abaf9-ef89-4c58-b301-161e173866fa,Plagopterinae,Animalia,Actinopteri,https://vvtaxatree.tbn.org.tw/taxa/7ff68084-d3f8-4bbe-8371-6e4aef45a3cd
25f6e462-e91c-41ea-a64f-39330b8ef209,subfamily,f84abaf9-ef89-4c58-b301-161e173866fa,Leuciscinae,Animalia,Actinopteri,https://vvtaxatree.tbn.org.tw/taxa/25f6e462-e91c-41ea-a64f-39330b8ef209
a686e14a-f28a-4b65-ac35-f00b18d981b0,subfamily,f84abaf9-ef89-4c58-b301-161e173866fa,Phoxininae,Animalia,Actinopteri,https://vvtaxatree.tbn.org.tw/taxa/a686e14a-f28a-4b65-ac35-f00b18d981b0
328371d0-1aec-4d2f-bc56-6baed42cdd78,subfamily,f84abaf9-ef89-4c58-b301-161e173866fa,Pogonichthyinae,Animalia,Actinopteri,https://vvtaxatree.tbn.org.tw/taxa/328371d0-1aec-4d2f-bc56-6baed42cdd78
8d2b56a6-e650-45be-aaae-648fb6d647d5,subfamily,e0cb607f-05e1-47b6-823f-7dae2965ba67,Sternarchorhamphinae,Animalia,Actinopteri,https://vvtaxatree.tbn.org.tw/taxa/8d2b56a6-e650-45be-aaae-648fb6d647d5
16a9f354-1fe8-4272-ae1f-4dcdaf3ba129,subfamily,e0cb607f-05e1-47b6-823f-7dae2965ba67,Apteronotinae,Animalia,Actinopteri,https://vvtaxatree.tbn.org.tw/taxa/16a9f354-1fe8-4272-ae1f-4dcdaf3ba129
a8a5ce81-59f5-457b-b586-f38c6a7195bf,subfamily,2611182d-80df-427f-85d2-8c9202c29066,Sternopyginae,Animalia,Actinopteri,https://vvtaxatree.tbn.org.tw/taxa/a8a5ce81-59f5-457b-b586-f38c6a7195bf
becf4330-cbb7-4090-b5cb-90f4503c1bfb,subfamily,2611182d-80df-427f-85d2-8c9202c29066,Eigenmanninae,Animalia,Actinopteri,https://vvtaxatree.tbn.org.tw/taxa/becf4330-cbb7-4090-b5cb-90f4503c1bfb
6f179c92-4e28-40e8-b682-f99db4502100,subfamily,31d816f5-717d-4d68-af57-c198e662dc78,Electrophorinae,Animalia,Actinopteri,https://vvtaxatree.tbn.org.tw/taxa/6f179c92-4e28-40e8-b682-f99db4502100
12d8d91d-bd50-4ff8-8fca-d610a7a2e06d,subfamily,31d816f5-717d-4d68-af57-c198e662dc78,Gymnotinae,Animalia,Actinopteri,https://vvtaxatree.tbn.org.tw/taxa/12d8d91d-bd50-4ff8-8fca-d610a7a2e06d
8a5a9f00-5e22-467e-aa70-9e70fb0535ad,subfamily,05de7caf-7dbc-44cc-9f6e-f3feca62cb18,Crenuchinae,Animalia,Actinopteri,https://vvtaxatree.tbn.org.tw/taxa/8a5a9f00-5e22-467e-aa70-9e70fb0535ad
09fce7a3-b1a9-44a0-94de-b21973c08022,subfamily,05de7caf-7dbc-44cc-9f6e-f3feca62cb18,Characidiinae,Animalia,Actinopteri,https://vvtaxatree.tbn.org.tw/taxa/09fce7a3-b1a9-44a0-94de-b21973c08022
ad02ba59-da2a-4eb1-b4cb-cada8fb192dd,subfamily,8b61603e-38d4-4e74-91f9-0b4fe01985dc,Colossomatinae,Animalia,Actinopteri,https://vvtaxatree.tbn.org.tw/taxa/ad02ba59-da2a-4eb1-b4cb-cada8fb192dd
e416c8a6-e513-4231-a53b-38d5c7ad8684,subfamily,8b61603e-38d4-4e74-91f9-0b4fe01985dc,Myleinae,Animalia,Actinopteri,https://vvtaxatree.tbn.org.tw/taxa/e416c8a6-e513-4231-a53b-38d5c7ad8684
55f748a5-e79a-4459-8f51-89cfcb9c49eb,subfamily,8b61603e-38d4-4e74-91f9-0b4fe01985dc,Serrasalminae,Animalia,Actinopteri,https://vvtaxatree.tbn.org.tw/taxa/55f748a5-e79a-4459-8f51-89cfcb9c49eb
94547747-53de-4178-a04e-c45a8fff6855,subfamily,8fa3384b-3449-4078-8413-dd07cfd01256,Leporellinae,Animalia,Actinopteri,https://vvtaxatree.tbn.org.tw/taxa/94547747-53de-4178-a04e-c45a8fff6855
6949e692-4629-4852-9b14-1745be7b7741,subfamily,8fa3384b-3449-4078-8413-dd07cfd01256,Anostominae,Animalia,Actinopteri,https://vvtaxatree.tbn.org.tw/taxa/6949e692-4629-4852-9b14-1745be7b7741
54355e8d-e4c1-41ab-89b4-9130ff4eeb91,subfamily,8fa3384b-3449-4078-8413-dd07cfd01256,Leporininae,Animalia,Actinopteri,https://vvtaxatree.tbn.org.tw/taxa/54355e8d-e4c1-41ab-89b4-9130ff4eeb91
7d8972ce-0590-40bc-8fc4-2eef08940eea,subfamily,03d74674-72d3-4352-ac11-82d499e69c16,Lebiasininae,Animalia,Actinopteri,https://vvtaxatree.tbn.org.tw/taxa/7d8972ce-0590-40bc-8fc4-2eef08940eea
439be1d7-8518-4017-967c-6ec81ea31963,subfamily,03d74674-72d3-4352-ac11-82d499e69c16,Pyrrhulininae,Animalia,Actinopteri,https://vvtaxatree.tbn.org.tw/taxa/439be1d7-8518-4017-967c-6ec81ea31963
67f52e7a-0b78-4faa-bfd1-0726dff981b4,subfamily,e892f5ca-1533-4129-b34a-11a36fd89cd1,Triportheinae,Animalia,Actinopteri,https://vvtaxatree.tbn.org.tw/taxa/67f52e7a-0b78-4faa-bfd1-0726dff981b4
4bb238c5-2515-44f7-9500-624fd9fee6de,subfamily,e892f5ca-1533-4129-b34a-11a36fd89cd1,Agoniatinae,Animalia,Actinopteri,https://vvtaxatree.tbn.org.tw/taxa/4bb238c5-2515-44f7-9500-624fd9fee6de
2371c71d-bc6a-4f72-83f4-e835ac942bca,subfamily,e892f5ca-1533-4129-b34a-11a36fd89cd1,Clupeacharacinae,Animalia,Actinopteri,https://vvtaxatree.tbn.org.tw/taxa/2371c71d-bc6a-4f72-83f4-e835ac942bca
840d4c9d-aa8f-4532-9e18-d85bb4438d39,subfamily,a1c3a0eb-3e28-4070-997c-7cf667846bb7,Bryconinae,Animalia,Actinopteri,https://vvtaxatree.tbn.org.tw/taxa/840d4c9d-aa8f-4532-9e18-d85bb4438d39
b2b75f39-b8f2-4249-b110-f7053e99cda9,subfamily,a1c3a0eb-3e28-4070-997c-7cf667846bb7,Salmininae,Animalia,Actinopteri,https://vvtaxatree.tbn.org.tw/taxa/b2b75f39-b8f2-4249-b110-f7053e99cda9
2e07320c-b5e3-4b68-8c00-5225ae8284b2,subfamily,cbb2ddd1-c5dd-4006-a70f-60ecae1a9184,Acestrorhynchinae,Animalia,Actinopteri,https://vvtaxatree.tbn.org.tw/taxa/2e07320c-b5e3-4b68-8c00-5225ae8284b2
6feae39a-8667-4479-80fc-20113aa38ecc,subfamily,cbb2ddd1-c5dd-4006-a70f-60ecae1a9184,Roestinae,Animalia,Actinopteri,https://vvtaxatree.tbn.org.tw/taxa/6feae39a-8667-4479-80fc-20113aa38ecc
ec3f4281-127e-4a13-b695-854fa3798e54,subfamily,cbb2ddd1-c5dd-4006-a70f-60ecae1a9184,Heterocharacinae,Animalia,Actinopteri,https://vvtaxatree.tbn.org.tw/taxa/ec3f4281-127e-4a13-b695-854fa3798e54
bc059adb-bac3-4567-b6f0-bca6f15cdfde,subfamily,59a17a55-d888-438d-b926-a134bb44a21c,Landoninae,Animalia,Actinopteri,https://vvtaxatree.tbn.org.tw/taxa/bc059adb-bac3-4567-b6f0-bca6f15cdfde
133e4469-48e5-4a9f-91e2-ef1715df0f53,subfamily,59a17a55-d888-438d-b926-a134bb44a21c,Xenurobryconinae,Animalia,Actinopteri,https://vvtaxatree.tbn.org.tw/taxa/133e4469-48e5-4a9f-91e2-ef1715df0f53
91cc2162-281a-471b-b780-2b0ce993c6d9,subfamily,59a17a55-d888-438d-b926-a134bb44a21c,Glandulocaudinae,Animalia,Actinopteri,https://vvtaxatree.tbn.org.tw/taxa/91cc2162-281a-471b-b780-2b0ce993c6d9
dc2e3796-ef42-498d-9f8c-a69e391759f4,subfamily,59a17a55-d888-438d-b926-a134bb44a21c,Argopleurinae,Animalia,Actinopteri,https://vvtaxatree.tbn.org.tw/taxa/dc2e3796-ef42-498d-9f8c-a69e391759f4
1c7b0907-2192-4e4d-ba46-3c7ff0af5025,subfamily,59a17a55-d888-438d-b926-a134bb44a21c,Hemibryconinae,Animalia,Actinopteri,https://vvtaxatree.tbn.org.tw/taxa/1c7b0907-2192-4e4d-ba46-3c7ff0af5025
64ece964-59b6-4772-9d4e-c50890e6d14d,subfamily,59a17a55-d888-438d-b926-a134bb44a21c,Stevardiinae,Animalia,Actinopteri,https://vvtaxatree.tbn.org.tw/taxa/64ece964-59b6-4772-9d4e-c50890e6d14d
4e37467a-3cc5-4825-a37f-331e6c6a7b4c,subfamily,59a17a55-d888-438d-b926-a134bb44a21c,Planaltininae,Animalia,Actinopteri,https://vvtaxatree.tbn.org.tw/taxa/4e37467a-3cc5-4825-a37f-331e6c6a7b4c
a4b50946-1f23-4435-ac7c-f68aea270f47,subfamily,59a17a55-d888-438d-b926-a134bb44a21c,Creagrutinae,Animalia,Actinopteri,https://vvtaxatree.tbn.org.tw/taxa/a4b50946-1f23-4435-ac7c-f68aea270f47
52156bb9-343a-45da-b109-3e2a0dbc8270,subfamily,59a17a55-d888-438d-b926-a134bb44a21c,Diapominae,Animalia,Actinopteri,https://vvtaxatree.tbn.org.tw/taxa/52156bb9-343a-45da-b109-3e2a0dbc8270
2f4152ce-74b0-4ec5-bdf3-4d831d46cfa2,subfamily,b6810d31-02ed-4a65-bae7-cd89c51d61e5,Aphyocharacinae,Animalia,Actinopteri,https://vvtaxatree.tbn.org.tw/taxa/2f4152ce-74b0-4ec5-bdf3-4d831d46cfa2
60b1cbfe-be4b-49b0-a913-f78bad8f3c2d,subfamily,b6810d31-02ed-4a65-bae7-cd89c51d61e5,Cheirodontinae,Animalia,Actinopteri,https://vvtaxatree.tbn.org.tw/taxa/60b1cbfe-be4b-49b0-a913-f78bad8f3c2d
561ce09b-1cd5-4dcf-a009-bd95f0d8d973,subfamily,b6810d31-02ed-4a65-bae7-cd89c51d61e5,Exodontinae,Animalia,Actinopteri,https://vvtaxatree.tbn.org.tw/taxa/561ce09b-1cd5-4dcf-a009-bd95f0d8d973
98402e08-033e-407a-b58f-db36cc85d1c7,subfamily,b6810d31-02ed-4a65-bae7-cd89c51d61e5,Tetragonopterinae,Animalia,Actinopteri,https://vvtaxatree.tbn.org.tw/taxa/98402e08-033e-407a-b58f-db36cc85d1c7
f049eca5-c375-44f8-af54-9320be96832c,subfamily,b6810d31-02ed-4a65-bae7-cd89c51d61e5,Characinae,Animalia,Actinopteri,https://vvtaxatree.tbn.org.tw/taxa/f049eca5-c375-44f8-af54-9320be96832c
5b935a08-e966-4f94-ae27-deb0c2448a8c,subfamily,82742eaa-db98-4444-a65b-999005a07ff4,Oxybryconinae,Animalia,Actinopteri,https://vvtaxatree.tbn.org.tw/taxa/5b935a08-e966-4f94-ae27-deb0c2448a8c
e2547594-024e-4cad-9fe7-c2ae34af3732,subfamily,82742eaa-db98-4444-a65b-999005a07ff4,Trochilocharacinae,Animalia,Actinopteri,https://vvtaxatree.tbn.org.tw/taxa/e2547594-024e-4cad-9fe7-c2ae34af3732
3de9130e-e327-4000-87e7-ff3533eb4c62,subfamily,82742eaa-db98-4444-a65b-999005a07ff4,Stygichthyinae,Animalia,Actinopteri,https://vvtaxatree.tbn.org.tw/taxa/3de9130e-e327-4000-87e7-ff3533eb4c62
3a342dd7-cb02-45a6-80a3-9abf744e7eca,subfamily,82742eaa-db98-4444-a65b-999005a07ff4,Megalamphodinae,Animalia,Actinopteri,https://vvtaxatree.tbn.org.tw/taxa/3a342dd7-cb02-45a6-80a3-9abf744e7eca
2198ed2d-006d-4e92-b90d-632f4c642266,subfamily,82742eaa-db98-4444-a65b-999005a07ff4,Stichonodontinae,Animalia,Actinopteri,https://vvtaxatree.tbn.org.tw/taxa/2198ed2d-006d-4e92-b90d-632f4c642266
a674e24b-c8d2-44e7-9dbc-cb304d1c1af7,subfamily,82742eaa-db98-4444-a65b-999005a07ff4,Stethaprioninae,Animalia,Actinopteri,https://vvtaxatree.tbn.org.tw/taxa/a674e24b-c8d2-44e7-9dbc-cb304d1c1af7
2e02c19c-ea8c-4b41-b666-2d6d2f0600b2,subfamily,82742eaa-db98-4444-a65b-999005a07ff4,Pristellinae,Animalia,Actinopteri,https://vvtaxatree.tbn.org.tw/taxa/2e02c19c-ea8c-4b41-b666-2d6d2f0600b2
9555228f-f5b2-42c9-89f0-9acbf37ad449,subfamily,82742eaa-db98-4444-a65b-999005a07ff4,Jupiabinae,Animalia,Actinopteri,https://vvtaxatree.tbn.org.tw/taxa/9555228f-f5b2-42c9-89f0-9acbf37ad449
f25e661d-e660-465f-a695-e777153689f5,subfamily,82742eaa-db98-4444-a65b-999005a07ff4,Tyttobryconinae,Animalia,Actinopteri,https://vvtaxatree.tbn.org.tw/taxa/f25e661d-e660-465f-a695-e777153689f5
6bd8234b-beaf-4d22-81e4-5bc1c1995a16,subfamily,82742eaa-db98-4444-a65b-999005a07ff4,Hyphessobryconinae,Animalia,Actinopteri,https://vvtaxatree.tbn.org.tw/taxa/6bd8234b-beaf-4d22-81e4-5bc1c1995a16
271e0eec-a334-4184-9283-b674e3261924,subfamily,82742eaa-db98-4444-a65b-999005a07ff4,Thayeriinae,Animalia,Actinopteri,https://vvtaxatree.tbn.org.tw/taxa/271e0eec-a334-4184-9283-b674e3261924
98a73cb3-5a8c-4d2d-a1ab-03feb224e023,subfamily,82742eaa-db98-4444-a65b-999005a07ff4,Rhoadsiinae,Animalia,Actinopteri,https://vvtaxatree.tbn.org.tw/taxa/98a73cb3-5a8c-4d2d-a1ab-03feb224e023
7a6eee04-7e58-4d69-be94-7c1111f530b5,subfamily,82742eaa-db98-4444-a65b-999005a07ff4,Grundulinae,Animalia,Actinopteri,https://vvtaxatree.tbn.org.tw/taxa/7a6eee04-7e58-4d69-be94-7c1111f530b5
2e28d162-e73e-4e9b-9939-a166c0f6e32e,subfamily,82742eaa-db98-4444-a65b-999005a07ff4,Acestrorhamphinae,Animalia,Actinopteri,https://vvtaxatree.tbn.org.tw/taxa/2e28d162-e73e-4e9b-9939-a166c0f6e32e
33e8ba6a-9f61-48e6-b32d-242a91fbb94c,subfamily,65557258-419a-455c-b954-40d0417b62fd,Cetopsinae,Animalia,Actinopteri,https://vvtaxatree.tbn.org.tw/taxa/33e8ba6a-9f61-48e6-b32d-242a91fbb94c
0c05c14c-d72e-4c59-b810-507d5b8e0b6e,subfamily,65557258-419a-455c-b954-40d0417b62fd,Helogeninae,Animalia,Actinopteri,https://vvtaxatree.tbn.org.tw/taxa/0c05c14c-d72e-4c59-b810-507d5b8e0b6e
35171d32-3979-411c-9f68-32aaf7f81fa7,subfamily,ee114ad7-7f4b-46e7-991b-7492c489d8ce,Copionodontinae,Animalia,Actinopteri,https://vvtaxatree.tbn.org.tw/taxa/35171d32-3979-411c-9f68-32aaf7f81fa7
dfcbc2bd-5069-4f64-bb86-bc402a49543f,subfamily,ee114ad7-7f4b-46e7-991b-7492c489d8ce,Trichogeninae,Animalia,Actinopteri,https://vvtaxatree.tbn.org.tw/taxa/dfcbc2bd-5069-4f64-bb86-bc402a49543f
1d55f957-32d6-493c-9b51-6cea0bb5530d,subfamily,ee114ad7-7f4b-46e7-991b-7492c489d8ce,Trichomycterinae,Animalia,Actinopteri,https://vvtaxatree.tbn.org.tw/taxa/1d55f957-32d6-493c-9b51-6cea0bb5530d
b84601d7-f45f-4194-ade8-1f84871b176e,subfamily,ee114ad7-7f4b-46e7-991b-7492c489d8ce,Microcambevinae,Animalia,Actinopteri,https://vvtaxatree.tbn.org.tw/taxa/b84601d7-f45f-4194-ade8-1f84871b176e
0e356502-d5b1-4fdc-ac6a-49db7e173d6d,subfamily,ee114ad7-7f4b-46e7-991b-7492c489d8ce,Glanapteryginae,Animalia,Actinopteri,https://vvtaxatree.tbn.org.tw/taxa/0e356502-d5b1-4fdc-ac6a-49db7e173d6d
b67f61d9-4ab2-4557-ab96-decbb3fa8ef3,subfamily,ee114ad7-7f4b-46e7-991b-7492c489d8ce,Sarcoglanidinae,Animalia,Actinopteri,https://vvtaxatree.tbn.org.tw/taxa/b67f61d9-4ab2-4557-ab96-decbb3fa8ef3
61dbd1bd-dd3b-48e8-8a61-6b3635a3c100,subfamily,ee114ad7-7f4b-46e7-991b-7492c489d8ce,Tridentinae,Animalia,Actinopteri,https://vvtaxatree.tbn.org.tw/taxa/61dbd1bd-dd3b-48e8-8a61-6b3635a3c100
0c900a4b-46d9-443c-b442-3570feab2599,subfamily,ee114ad7-7f4b-46e7-991b-7492c489d8ce,Stegophilinae,Animalia,Actinopteri,https://vvtaxatree.tbn.org.tw/taxa/0c900a4b-46d9-443c-b442-3570feab2599
52223ab9-b71e-4d7e-b137-85476321fe6c,subfamily,ee114ad7-7f4b-46e7-991b-7492c489d8ce,Vandelliinae,Animalia,Actinopteri,https://vvtaxatree.tbn.org.tw/taxa/52223ab9-b71e-4d7e-b137-85476321fe6c
7a196359-3b77-4658-8411-4aea2e5360b6,subfamily,d73959eb-45ab-4c17-8d46-94b20a205238,Callichthyinae,Animalia,Actinopteri,https://vvtaxatree.tbn.org.tw/taxa/7a196359-3b77-4658-8411-4aea2e5360b6
fe624ad0-cf32-47d0-8bfe-e214d7b76207,subfamily,d73959eb-45ab-4c17-8d46-94b20a205238,Corydoradinae,Animalia,Actinopteri,https://vvtaxatree.tbn.org.tw/taxa/fe624ad0-cf32-47d0-8bfe-e214d7b76207
92a64c21-a187-4009-8f9b-5cfd4363e421,subfamily,7fdfca84-814f-4348-bcb8-b12259eef729,Lithogeninae,Animalia,Actinopteri,https://vvtaxatree.tbn.org.tw/taxa/92a64c21-a187-4009-8f9b-5cfd4363e421
deab3274-10ef-455b-850f-687c1099350d,subfamily,7fdfca84-814f-4348-bcb8-b12259eef729,Delturinae,Animalia,Actinopteri,https://vvtaxatree.tbn.org.tw/taxa/deab3274-10ef-455b-850f-687c1099350d
3a8d5a66-1dc4-4802-8919-42d22a303d34,subfamily,7fdfca84-814f-4348-bcb8-b12259eef729,Rhinelepinae,Animalia,Actinopteri,https://vvtaxatree.tbn.org.tw/taxa/3a8d5a66-1dc4-4802-8919-42d22a303d34
8da34e4e-e2be-4373-914b-7d9dc184f320,subfamily,7fdfca84-814f-4348-bcb8-b12259eef729,Loricariinae,Animalia,Actinopteri,https://vvtaxatree.tbn.org.tw/taxa/8da34e4e-e2be-4373-914b-7d9dc184f320
82f851b7-70fa-48e6-b141-5faa144185e6,subfamily,7fdfca84-814f-4348-bcb8-b12259eef729,Hypoptopomatinae,Animalia,Actinopteri,https://vvtaxatree.tbn.org.tw/taxa/82f851b7-70fa-48e6-b141-5faa144185e6
a6db8c7c-8c3a-4ad4-9f42-22bf15f4665a,subfamily,7fdfca84-814f-4348-bcb8-b12259eef729,Hypostominae,Animalia,Actinopteri,https://vvtaxatree.tbn.org.tw/taxa/a6db8c7c-8c3a-4ad4-9f42-22bf15f4665a
c4933f78-f3a0-4d1a-b488-33631773497c,subfamily,d5587eb4-6985-4c0e-809a-d5d43ac6987f,Akysinae,Animalia,Actinopteri,https://vvtaxatree.tbn.org.tw/taxa/c4933f78-f3a0-4d1a-b488-33631773497c
b69b0b96-fc52-4cc3-91b2-092fa055b4a2,subfamily,d5587eb4-6985-4c0e-809a-d5d43ac6987f,Parakysinae,Animalia,Actinopteri,https://vvtaxatree.tbn.org.tw/taxa/b69b0b96-fc52-4cc3-91b2-092fa055b4a2
1632d1c1-daff-4a29-b19d-681460ba5310,subfamily,8308494c-5bc8-4d69-8aea-87c393248902,Sisorinae,Animalia,Actinopteri,https://vvtaxatree.tbn.org.tw/taxa/1632d1c1-daff-4a29-b19d-681460ba5310
d79c3105-cc97-44e5-85c9-7b82e600dc92,subfamily,8308494c-5bc8-4d69-8aea-87c393248902,Glyptosterninae,Animalia,Actinopteri,https://vvtaxatree.tbn.org.tw/taxa/d79c3105-cc97-44e5-85c9-7b82e600dc92
9c096af5-a6ff-4aff-ab5d-ff551ae28614,subfamily,1557bb10-32d5-4782-8165-5736b1e351cd,Pseudobunocephalinae,Animalia,Actinopteri,https://vvtaxatree.tbn.org.tw/taxa/9c096af5-a6ff-4aff-ab5d-ff551ae28614
c8f42f0b-8f9e-494b-828e-46c8dfffed68,subfamily,1557bb10-32d5-4782-8165-5736b1e351cd,Hoplomyzontinae,Animalia,Actinopteri,https://vvtaxatree.tbn.org.tw/taxa/c8f42f0b-8f9e-494b-828e-46c8dfffed68
c229e2da-f0e9-496b-80f0-4e3f40363467,subfamily,1557bb10-32d5-4782-8165-5736b1e351cd,Aspredininae,Animalia,Actinopteri,https://vvtaxatree.tbn.org.tw/taxa/c229e2da-f0e9-496b-80f0-4e3f40363467
368f8608-ea53-43a7-9979-390a5b89c5b2,subfamily,1dd1c4e8-4fc6-40ad-a333-487b39cd2b49,Centromochlinae,Animalia,Actinopteri,https://vvtaxatree.tbn.org.tw/taxa/368f8608-ea53-43a7-9979-390a5b89c5b2
97c10269-5c0a-4e6a-a0c8-86e42df98adc,subfamily,1dd1c4e8-4fc6-40ad-a333-487b39cd2b49,Auchenipterinae,Animalia,Actinopteri,https://vvtaxatree.tbn.org.tw/taxa/97c10269-5c0a-4e6a-a0c8-86e42df98adc
4f14daca-841b-4443-b0f1-7293d092f887,subfamily,31974bef-36c6-4387-9c5c-df3371ec37a2,Acanthodoradinae,Animalia,Actinopteri,https://vvtaxatree.tbn.org.tw/taxa/4f14daca-841b-4443-b0f1-7293d092f887
d7d643c1-75ae-460a-8bdb-5cb166ff4085,subfamily,31974bef-36c6-4387-9c5c-df3371ec37a2,Astrodoradinae,Animalia,Actinopteri,https://vvtaxatree.tbn.org.tw/taxa/d7d643c1-75ae-460a-8bdb-5cb166ff4085
cfc8819c-2653-4218-8366-3a3f22a13e5f,subfamily,31974bef-36c6-4387-9c5c-df3371ec37a2,Wertheimerinae,Animalia,Actinopteri,https://vvtaxatree.tbn.org.tw/taxa/cfc8819c-2653-4218-8366-3a3f22a13e5f
1c13e2ae-2608-477f-a563-b0518588eb0b,subfamily,31974bef-36c6-4387-9c5c-df3371ec37a2,Agamyxinae,Animalia,Actinopteri,https://vvtaxatree.tbn.org.tw/taxa/1c13e2ae-2608-477f-a563-b0518588eb0b
0556817c-7e17-40de-ae88-e15c6c8f5a16,subfamily,31974bef-36c6-4387-9c5c-df3371ec37a2,Rhinodoradinae,Animalia,Actinopteri,https://vvtaxatree.tbn.org.tw/taxa/0556817c-7e17-40de-ae88-e15c6c8f5a16
60feddfe-74fc-4106-8f54-2434cfd1ac8e,subfamily,31974bef-36c6-4387-9c5c-df3371ec37a2,Doradinae,Animalia,Actinopteri,https://vvtaxatree.tbn.org.tw/taxa/60feddfe-74fc-4106-8f54-2434cfd1ac8e
5d332ee7-e92b-4486-b5e8-6f69eca9ea2e,subfamily,4200fb3d-f1c2-481e-9c84-8cce1f14d5c4,Rhamdiinae,Animalia,Actinopteri,https://vvtaxatree.tbn.org.tw/taxa/5d332ee7-e92b-4486-b5e8-6f69eca9ea2e
6cd90448-5cbf-4414-ab16-b4415d4616c1,subfamily,4200fb3d-f1c2-481e-9c84-8cce1f14d5c4,Heptapterinae,Animalia,Actinopteri,https://vvtaxatree.tbn.org.tw/taxa/6cd90448-5cbf-4414-ab16-b4415d4616c1
b605c6c4-a582-444a-86d9-cc1027a08455,subfamily,db3c9b7e-3019-40a1-980a-be1b8fb399b0,Pseudopimelodinae,Animalia,Actinopteri,https://vvtaxatree.tbn.org.tw/taxa/b605c6c4-a582-444a-86d9-cc1027a08455
57d07141-c17f-40d1-9c91-14f70e350526,subfamily,db3c9b7e-3019-40a1-980a-be1b8fb399b0,Batrochoglaninae,Animalia,Actinopteri,https://vvtaxatree.tbn.org.tw/taxa/57d07141-c17f-40d1-9c91-14f70e350526
bbab1401-ba89-4a29-a5b9-3a7aa140b008,subfamily,60f1cce3-48e4-44bf-9df5-9e0941c8fbd1,Galeichthyinae,Animalia,Actinopteri,https://vvtaxatree.tbn.org.tw/taxa/bbab1401-ba89-4a29-a5b9-3a7aa140b008
837381aa-d946-4a6e-a99c-9a8dd077e522,subfamily,60f1cce3-48e4-44bf-9df5-9e0941c8fbd1,Ariinae,Animalia,Actinopteri,https://vvtaxatree.tbn.org.tw/taxa/837381aa-d946-4a6e-a99c-9a8dd077e522
56b842f6-f015-4bb4-a26f-ab4d2f90b1c2,subfamily,60f1cce3-48e4-44bf-9df5-9e0941c8fbd1,Bagreinae,Animalia,Actinopteri,https://vvtaxatree.tbn.org.tw/taxa/56b842f6-f015-4bb4-a26f-ab4d2f90b1c2
2037e940-e897-4997-9877-5964b3b5e19a,subfamily,33fa698b-2c5a-48bf-8ecf-de729315c921,Amphiliinae,Animalia,Actinopteri,https://vvtaxatree.tbn.org.tw/taxa/2037e940-e897-4997-9877-5964b3b5e19a
77a81da4-5863-4ea9-a8a5-84addc632694,subfamily,33fa698b-2c5a-48bf-8ecf-de729315c921,Leptoglaninae,Animalia,Actinopteri,https://vvtaxatree.tbn.org.tw/taxa/77a81da4-5863-4ea9-a8a5-84addc632694
162d8999-04df-4925-9ff3-11c88d2eec7f,subfamily,33fa698b-2c5a-48bf-8ecf-de729315c921,Doumeinae,Animalia,Actinopteri,https://vvtaxatree.tbn.org.tw/taxa/162d8999-04df-4925-9ff3-11c88d2eec7f
faf914f9-8e89-4ca0-a71f-ccc4cd702650,subfamily,0f54f9f7-f901-40f7-bba0-4a8769b83b16,Chiloglanidinae,Animalia,Actinopteri,https://vvtaxatree.tbn.org.tw/taxa/faf914f9-8e89-4ca0-a71f-ccc4cd702650
99469ca9-0d97-4e34-8886-5b6a6a1fc64c,subfamily,0f54f9f7-f901-40f7-bba0-4a8769b83b16,Mochokinae,Animalia,Actinopteri,https://vvtaxatree.tbn.org.tw/taxa/99469ca9-0d97-4e34-8886-5b6a6a1fc64c
88d16d26-bb4f-44a6-9727-80d52e966a8d,subfamily,c359d711-7066-4dbe-a09a-35ef7ea0d4c6,Coregoninae,Animalia,Actinopteri,https://vvtaxatree.tbn.org.tw/taxa/88d16d26-bb4f-44a6-9727-80d52e966a8d
ec0df742-93d1-4864-853c-5b6c5835de6c,subfamily,c359d711-7066-4dbe-a09a-35ef7ea0d4c6,Thymallinae,Animalia,Actinopteri,https://vvtaxatree.tbn.org.tw/taxa/ec0df742-93d1-4864-853c-5b6c5835de6c
ce3816e2-dcf6-483a-b023-c73930797d5f,subfamily,c359d711-7066-4dbe-a09a-35ef7ea0d4c6,Salmoninae,Animalia,Actinopteri,https://vvtaxatree.tbn.org.tw/taxa/ce3816e2-dcf6-483a-b023-c73930797d5f
c5eca4b7-70f7-4870-89fa-f9408bef925c,subfamily,19e06024-f2d9-4d43-9188-84a8846025c3,Dalliinae,Animalia,Actinopteri,https://vvtaxatree.tbn.org.tw/taxa/c5eca4b7-70f7-4870-89fa-f9408bef925c
34fb1530-f642-4e7b-aece-73f93bd736b3,subfamily,19e06024-f2d9-4d43-9188-84a8846025c3,Esocinae,Animalia,Actinopteri,https://vvtaxatree.tbn.org.tw/taxa/34fb1530-f642-4e7b-aece-73f93bd736b3
506ae576-796a-456e-8da2-fe4318082b76,subfamily,60165fa8-6cda-495a-92c5-d5bb101f060e,Aplochitoninae,Animalia,Actinopteri,https://vvtaxatree.tbn.org.tw/taxa/506ae576-796a-456e-8da2-fe4318082b76
bb78ebed-eeed-4ccd-a60b-7a53057565a1,subfamily,60165fa8-6cda-495a-92c5-d5bb101f060e,Galaxiinae,Animalia,Actinopteri,https://vvtaxatree.tbn.org.tw/taxa/bb78ebed-eeed-4ccd-a60b-7a53057565a1
450363b0-f344-4cb4-b01a-a7cdeba56c80,subfamily,e5a80f4c-18be-4dd8-885a-24c1452ba651,Retropinninae,Animalia,Actinopteri,https://vvtaxatree.tbn.org.tw/taxa/450363b0-f344-4cb4-b01a-a7cdeba56c80
86018261-7f69-4e35-9438-564bd3cc5bc9,subfamily,e5a80f4c-18be-4dd8-885a-24c1452ba651,Prototroctinae,Animalia,Actinopteri,https://vvtaxatree.tbn.org.tw/taxa/86018261-7f69-4e35-9438-564bd3cc5bc9
9b8654c1-3352-48c2-8c87-d85a9b8fe129,subfamily,d158e46d-7cc4-4bd9-98ee-a24a22f8eabf,Maurolicinae,Animalia,Actinopteri,https://vvtaxatree.tbn.org.tw/taxa/9b8654c1-3352-48c2-8c87-d85a9b8fe129
1a164e2d-a76f-426c-9eaf-8642307ad082,subfamily,d158e46d-7cc4-4bd9-98ee-a24a22f8eabf,Sternoptychinae,Animalia,Actinopteri,https://vvtaxatree.tbn.org.tw/taxa/1a164e2d-a76f-426c-9eaf-8642307ad082
3f718b4b-4d70-4bde-af26-e47d4965b03f,subfamily,d01a8b70-a89b-4605-93ec-7cfaebac74e9,Chauliodontinae,Animalia,Actinopteri,https://vvtaxatree.tbn.org.tw/taxa/3f718b4b-4d70-4bde-af26-e47d4965b03f
e20092d0-c901-4923-84ef-56013881da02,subfamily,d01a8b70-a89b-4605-93ec-7cfaebac74e9,Stomiinae,Animalia,Actinopteri,https://vvtaxatree.tbn.org.tw/taxa/e20092d0-c901-4923-84ef-56013881da02
7f92c6e2-e6df-4460-9249-303ca73180a1,subfamily,d01a8b70-a89b-4605-93ec-7cfaebac74e9,Melanostomiinae,Animalia,Actinopteri,https://vvtaxatree.tbn.org.tw/taxa/7f92c6e2-e6df-4460-9249-303ca73180a1
8856cf26-e884-465a-955e-3ed6cc2a09ba,subfamily,d01a8b70-a89b-4605-93ec-7cfaebac74e9,Malacosteinae,Animalia,Actinopteri,https://vvtaxatree.tbn.org.tw/taxa/8856cf26-e884-465a-955e-3ed6cc2a09ba
c35a0459-8407-4d7b-96c0-8b271c08c386,subfamily,d01a8b70-a89b-4605-93ec-7cfaebac74e9,Idiacanthinae,Animalia,Actinopteri,https://vvtaxatree.tbn.org.tw/taxa/c35a0459-8407-4d7b-96c0-8b271c08c386
608ca6bd-2c0a-4771-83c8-f49c1ab434c1,subfamily,ec072ca7-687e-4116-86f3-85159d2db616,Synodontinae,Animalia,Actinopteri,https://vvtaxatree.tbn.org.tw/taxa/608ca6bd-2c0a-4771-83c8-f49c1ab434c1
1228ed9e-a65d-4473-ad0a-715893f85d7f,subfamily,ec072ca7-687e-4116-86f3-85159d2db616,Harpadontinae,Animalia,Actinopteri,https://vvtaxatree.tbn.org.tw/taxa/1228ed9e-a65d-4473-ad0a-715893f85d7f
1887ffb7-ccfb-4868-88d6-c13f2f25d174,subfamily,0f0f2713-3ddb-4161-8357-aa5c7dc330ff,Gymnoscopelinae,Animalia,Actinopteri,https://vvtaxatree.tbn.org.tw/taxa/1887ffb7-ccfb-4868-88d6-c13f2f25d174
c018885d-2230-4c79-892d-0d95cdeeedeb,subfamily,0f0f2713-3ddb-4161-8357-aa5c7dc330ff,Lampanyctinae,Animalia,Actinopteri,https://vvtaxatree.tbn.org.tw/taxa/c018885d-2230-4c79-892d-0d95cdeeedeb
576646b0-5d11-4ee5-af64-f87c31348af8,subfamily,0f0f2713-3ddb-4161-8357-aa5c7dc330ff,Diaphinae,Animalia,Actinopteri,https://vvtaxatree.tbn.org.tw/taxa/576646b0-5d11-4ee5-af64-f87c31348af8
4bc7b0d4-b0e5-41e4-a29b-3349d8e55765,subfamily,0f0f2713-3ddb-4161-8357-aa5c7dc330ff,Myctophinae,Animalia,Actinopteri,https://vvtaxatree.tbn.org.tw/taxa/4bc7b0d4-b0e5-41e4-a29b-3349d8e55765
001b24c3-2ff2-4684-be92-73a647de8c03,subfamily,0b119f4e-6631-441a-ba98-13f19c55b90c,Pseudocyttinae,Animalia,Actinopteri,https://vvtaxatree.tbn.org.tw/taxa/001b24c3-2ff2-4684-be92-73a647de8c03
aafc2d53-c728-4689-ab5b-917742eb7276,subfamily,0b119f4e-6631-441a-ba98-13f19c55b90c,Oreosomatinae,Animalia,Actinopteri,https://vvtaxatree.tbn.org.tw/taxa/aafc2d53-c728-4689-ab5b-917742eb7276
1f417c7b-e7f1-47fc-86c3-ee611c1a07ed,subfamily,b36b186a-a8d6-4aa7-99c4-8acd2c54c73c,Parazeninae,Animalia,Actinopteri,https://vvtaxatree.tbn.org.tw/taxa/1f417c7b-e7f1-47fc-86c3-ee611c1a07ed
59f397f5-0a4d-49d0-9770-8547fbb694e5,subfamily,b36b186a-a8d6-4aa7-99c4-8acd2c54c73c,Cyttopsinae,Animalia,Actinopteri,https://vvtaxatree.tbn.org.tw/taxa/59f397f5-0a4d-49d0-9770-8547fbb694e5
2fcd8ccb-7153-4aff-b37a-0c9dd669063b,subfamily,26124b58-41b9-4683-b6a8-83f2a485edf3,Macrurocyttinae,Animalia,Actinopteri,https://vvtaxatree.tbn.org.tw/taxa/2fcd8ccb-7153-4aff-b37a-0c9dd669063b
4b51f469-cc61-4c70-8f78-b90e6978bd7d,subfamily,26124b58-41b9-4683-b6a8-83f2a485edf3,Grammicolepidinae,Animalia,Actinopteri,https://vvtaxatree.tbn.org.tw/taxa/4b51f469-cc61-4c70-8f78-b90e6978bd7d
37bf8340-994b-4313-b75d-b268a37e7af3,subfamily,8a90a1a5-b5ee-43d4-8a3c-78aafa94d610,Holocentrinae,Animalia,Actinopteri,https://vvtaxatree.tbn.org.tw/taxa/37bf8340-994b-4313-b75d-b268a37e7af3
4e808484-b5ac-48b4-9ba7-b2beca2fea5d,subfamily,8a90a1a5-b5ee-43d4-8a3c-78aafa94d610,Myripristinae,Animalia,Actinopteri,https://vvtaxatree.tbn.org.tw/taxa/4e808484-b5ac-48b4-9ba7-b2beca2fea5d
83917fb3-48d6-4b3f-9133-2de7eaa04efc,subfamily,ed2f46b6-3df8-485b-b98f-b84f6cacaabf,Brotulotaeniinae,Animalia,Actinopteri,https://vvtaxatree.tbn.org.tw/taxa/83917fb3-48d6-4b3f-9133-2de7eaa04efc
63caef5c-d854-4786-9ee6-4fe7df8ba63f,subfamily,ed2f46b6-3df8-485b-b98f-b84f6cacaabf,Ophidiinae,Animalia,Actinopteri,https://vvtaxatree.tbn.org.tw/taxa/63caef5c-d854-4786-9ee6-4fe7df8ba63f
7cd0b392-7faf-40a4-93d3-c5491aa8a686,subfamily,ed2f46b6-3df8-485b-b98f-b84f6cacaabf,Neobythitinae,Animalia,Actinopteri,https://vvtaxatree.tbn.org.tw/taxa/7cd0b392-7faf-40a4-93d3-c5491aa8a686
659ec868-ef67-4ad8-8d7d-1e2b3c0f5a85,subfamily,78591ce4-ee4d-4ae1-966f-337237bdcb6e,Carapinae,Animalia,Actinopteri,https://vvtaxatree.tbn.org.tw/taxa/659ec868-ef67-4ad8-8d7d-1e2b3c0f5a85
438bdfbc-f624-4efa-9244-e8e3e2fe9509,subfamily,78591ce4-ee4d-4ae1-966f-337237bdcb6e,Pyramodontinae,Animalia,Actinopteri,https://vvtaxatree.tbn.org.tw/taxa/438bdfbc-f624-4efa-9244-e8e3e2fe9509
f4c23d53-3800-48ee-881f-f523830d9892,subfamily,78591ce4-ee4d-4ae1-966f-337237bdcb6e,Tetragondacninae,Animalia,Actinopteri,https://vvtaxatree.tbn.org.tw/taxa/f4c23d53-3800-48ee-881f-f523830d9892
e4b5ecce-2f45-4bfe-9f92-48b1653d2a96,subfamily,78591ce4-ee4d-4ae1-966f-337237bdcb6e,Hypopleuroninae,Animalia,Actinopteri,https://vvtaxatree.tbn.org.tw/taxa/e4b5ecce-2f45-4bfe-9f92-48b1653d2a96
c190adb6-2e06-4436-abde-617adb7cef31,subfamily,99de7a2e-e4f4-4b4d-9d18-3fb2275b9fe6,Porichthyinae,Animalia,Actinopteri,https://vvtaxatree.tbn.org.tw/taxa/c190adb6-2e06-4436-abde-617adb7cef31
9f45e386-19c2-486e-bf67-0b998d71a027,subfamily,99de7a2e-e4f4-4b4d-9d18-3fb2275b9fe6,Thalassophryninae,Animalia,Actinopteri,https://vvtaxatree.tbn.org.tw/taxa/9f45e386-19c2-486e-bf67-0b998d71a027
726474ca-593e-4903-816d-25eb60c159fd,subfamily,99de7a2e-e4f4-4b4d-9d18-3fb2275b9fe6,Batrachoidinae,Animalia,Actinopteri,https://vvtaxatree.tbn.org.tw/taxa/726474ca-593e-4903-816d-25eb60c159fd
caacab75-fa1a-4f98-9f14-ad65ab3751c5,subfamily,99de7a2e-e4f4-4b4d-9d18-3fb2275b9fe6,Halophryninae,Animalia,Actinopteri,https://vvtaxatree.tbn.org.tw/taxa/caacab75-fa1a-4f98-9f14-ad65ab3751c5
cc5041f7-c6b0-4907-962d-e597180e15af,subfamily,5307f43c-ecf1-4bab-afbb-9468bf172a54,Apogoninae,Animalia,Actinopteri,https://vvtaxatree.tbn.org.tw/taxa/cc5041f7-c6b0-4907-962d-e597180e15af
34c289bc-5607-454e-ab9c-5b932d2214af,subfamily,5307f43c-ecf1-4bab-afbb-9468bf172a54,Pseudamiinae,Animalia,Actinopteri,https://vvtaxatree.tbn.org.tw/taxa/34c289bc-5607-454e-ab9c-5b932d2214af
43f9eed7-fe24-470e-aed0-7ac20230bda9,subfamily,5307f43c-ecf1-4bab-afbb-9468bf172a54,Amioidinae,Animalia,Actinopteri,https://vvtaxatree.tbn.org.tw/taxa/43f9eed7-fe24-470e-aed0-7ac20230bda9
642d3e5d-c3f4-4690-b944-a9a17d51243e,subfamily,5307f43c-ecf1-4bab-afbb-9468bf172a54,Paxtoninae,Animalia,Actinopteri,https://vvtaxatree.tbn.org.tw/taxa/642d3e5d-c3f4-4690-b944-a9a17d51243e
b74d1021-5b10-44f8-8d45-dbc1476c2171,subfamily,eae2f1ad-04d0-47e7-8304-f267a3bc94c6,Oxudercinae,Animalia,Actinopteri,https://vvtaxatree.tbn.org.tw/taxa/b74d1021-5b10-44f8-8d45-dbc1476c2171
e08c8863-c777-4f0e-8b88-231e666821f3,subfamily,eae2f1ad-04d0-47e7-8304-f267a3bc94c6,Gobionellinae,Animalia,Actinopteri,https://vvtaxatree.tbn.org.tw/taxa/e08c8863-c777-4f0e-8b88-231e666821f3
8d95ba71-3610-46bd-9d69-59f055d5eaa0,subfamily,eae2f1ad-04d0-47e7-8304-f267a3bc94c6,Sicydiinae,Animalia,Actinopteri,https://vvtaxatree.tbn.org.tw/taxa/8d95ba71-3610-46bd-9d69-59f055d5eaa0
67dff43e-040c-47c2-b8f2-16b92c9083af,subfamily,b0f22c66-081b-46ad-a745-c6772bd81bcd,Kraemeriinae,Animalia,Actinopteri,https://vvtaxatree.tbn.org.tw/taxa/67dff43e-040c-47c2-b8f2-16b92c9083af
91004fd7-618b-4841-999e-8b038edf50a1,subfamily,b0f22c66-081b-46ad-a745-c6772bd81bcd,Gobiinae,Animalia,Actinopteri,https://vvtaxatree.tbn.org.tw/taxa/91004fd7-618b-4841-999e-8b038edf50a1
c2f539c7-f814-4880-881a-d0f092b239f3,subfamily,b0f22c66-081b-46ad-a745-c6772bd81bcd,Microdesminae,Animalia,Actinopteri,https://vvtaxatree.tbn.org.tw/taxa/c2f539c7-f814-4880-881a-d0f092b239f3
f947ca00-2ea1-4afa-8f25-e0f20b144d6a,subfamily,856a1a16-e8ac-436a-9ad2-ac5aff334344,Macroramphosinae,Animalia,Actinopteri,https://vvtaxatree.tbn.org.tw/taxa/f947ca00-2ea1-4afa-8f25-e0f20b144d6a
5b48167c-c702-4e7f-a049-dcb49a0c5eb5,subfamily,856a1a16-e8ac-436a-9ad2-ac5aff334344,Centriscinae,Animalia,Actinopteri,https://vvtaxatree.tbn.org.tw/taxa/5b48167c-c702-4e7f-a049-dcb49a0c5eb5
eade5a69-3ac5-4e0e-87c1-2620588feb69,subfamily,a008ff98-4b23-468a-9d3f-1f8db111f9f1,Nerophinae,Animalia,Actinopteri,https://vvtaxatree.tbn.org.tw/taxa/eade5a69-3ac5-4e0e-87c1-2620588feb69
8441d205-2963-466d-a2dd-451f45ee08c7,subfamily,a008ff98-4b23-468a-9d3f-1f8db111f9f1,syngnathinae,Animalia,Actinopteri,https://vvtaxatree.tbn.org.tw/taxa/8441d205-2963-466d-a2dd-451f45ee08c7
4e4f8d24-fad9-4f6a-abc5-d1c87349797c,subfamily,3f25cff9-8e21-4770-a517-bf0f9b187497,Gasterochismatinae,Animalia,Actinopteri,https://vvtaxatree.tbn.org.tw/taxa/4e4f8d24-fad9-4f6a-abc5-d1c87349797c
6c0210e8-786d-4f6d-bae4-6ba51f5ed815,subfamily,3f25cff9-8e21-4770-a517-bf0f9b187497,Scombrinae,Animalia,Actinopteri,https://vvtaxatree.tbn.org.tw/taxa/6c0210e8-786d-4f6d-bae4-6ba51f5ed815
8229f1ff-4ef0-4fff-9f59-2e1e6288ed05,subfamily,6570416d-9d43-4ab0-ad60-965105f91878,Aphanopodinae,Animalia,Actinopteri,https://vvtaxatree.tbn.org.tw/taxa/8229f1ff-4ef0-4fff-9f59-2e1e6288ed05
174cac3d-1c70-4361-85c2-12c93a60dcb4,subfamily,6570416d-9d43-4ab0-ad60-965105f91878,Lepidopodinae,Animalia,Actinopteri,https://vvtaxatree.tbn.org.tw/taxa/174cac3d-1c70-4361-85c2-12c93a60dcb4
1a6fd552-57bb-407a-b71e-638bacde04e9,subfamily,6570416d-9d43-4ab0-ad60-965105f91878,Trichiurinae,Animalia,Actinopteri,https://vvtaxatree.tbn.org.tw/taxa/1a6fd552-57bb-407a-b71e-638bacde04e9
1870729a-17b7-48b1-9333-6f9863d8bd78,subfamily,44497bd6-de82-4fd3-8e0b-1057cc1c2855,Belontiinae,Animalia,Actinopteri,https://vvtaxatree.tbn.org.tw/taxa/1870729a-17b7-48b1-9333-6f9863d8bd78
a24c4ffc-8a48-433b-b89c-8d9bfa5a190c,subfamily,44497bd6-de82-4fd3-8e0b-1057cc1c2855,Osphroneminae,Animalia,Actinopteri,https://vvtaxatree.tbn.org.tw/taxa/a24c4ffc-8a48-433b-b89c-8d9bfa5a190c
5ef2e0ed-c901-469b-832c-6dd7e52a2c45,subfamily,44497bd6-de82-4fd3-8e0b-1057cc1c2855,Luciocephalinae,Animalia,Actinopteri,https://vvtaxatree.tbn.org.tw/taxa/5ef2e0ed-c901-469b-832c-6dd7e52a2c45
9bb5dd51-b19b-45e7-8300-64a55d101382,subfamily,44497bd6-de82-4fd3-8e0b-1057cc1c2855,Trichogastrinae,Animalia,Actinopteri,https://vvtaxatree.tbn.org.tw/taxa/9bb5dd51-b19b-45e7-8300-64a55d101382
ecfbff61-1f34-4085-b4c2-b01f84c7633d,subfamily,44497bd6-de82-4fd3-8e0b-1057cc1c2855,Macropodusinae,Animalia,Actinopteri,https://vvtaxatree.tbn.org.tw/taxa/ecfbff61-1f34-4085-b4c2-b01f84c7633d
2b7bd377-13b6-4a81-a312-6bf501084ce9,subfamily,ed42cb08-d505-43c6-aa4a-3602c3ced77f,Atheresthinae,Animalia,Actinopteri,https://vvtaxatree.tbn.org.tw/taxa/2b7bd377-13b6-4a81-a312-6bf501084ce9
0dd5445a-05dc-4849-bdc2-58316b917480,subfamily,ed42cb08-d505-43c6-aa4a-3602c3ced77f,Pleuronichthyinae,Animalia,Actinopteri,https://vvtaxatree.tbn.org.tw/taxa/0dd5445a-05dc-4849-bdc2-58316b917480
1f74c359-ec1a-4afa-b4e5-24e67ba56aea,subfamily,ed42cb08-d505-43c6-aa4a-3602c3ced77f,Microstominae,Animalia,Actinopteri,https://vvtaxatree.tbn.org.tw/taxa/1f74c359-ec1a-4afa-b4e5-24e67ba56aea
0bc27dee-b954-4fd5-9ae9-074fddfec3d5,subfamily,ed42cb08-d505-43c6-aa4a-3602c3ced77f,Hippoglossinae,Animalia,Actinopteri,https://vvtaxatree.tbn.org.tw/taxa/0bc27dee-b954-4fd5-9ae9-074fddfec3d5
2121c798-f8fe-42f6-a97c-081881452066,subfamily,ed42cb08-d505-43c6-aa4a-3602c3ced77f,Pleuronectinae,Animalia,Actinopteri,https://vvtaxatree.tbn.org.tw/taxa/2121c798-f8fe-42f6-a97c-081881452066
9e77c368-edd2-478c-b6aa-1811c528fa96,subfamily,1f361390-1e61-4d22-8efa-934bc971e82b,Symphurinae,Animalia,Actinopteri,https://vvtaxatree.tbn.org.tw/taxa/9e77c368-edd2-478c-b6aa-1811c528fa96
5e337ee3-ef86-40d7-a886-4e0bd411f960,subfamily,1f361390-1e61-4d22-8efa-934bc971e82b,Cynoglossinae,Animalia,Actinopteri,https://vvtaxatree.tbn.org.tw/taxa/5e337ee3-ef86-40d7-a886-4e0bd411f960
17428ab0-9852-4cfb-8f21-4c276e5f9fca,subfamily,0f2c9a4f-e96d-4fa0-a3b0-03a19e671a75,Naucratinae,Animalia,Actinopteri,https://vvtaxatree.tbn.org.tw/taxa/17428ab0-9852-4cfb-8f21-4c276e5f9fca
05be2da7-0fd7-42b6-a647-0aa5a1f581a8,subfamily,0f2c9a4f-e96d-4fa0-a3b0-03a19e671a75,Caranginae,Animalia,Actinopteri,https://vvtaxatree.tbn.org.tw/taxa/05be2da7-0fd7-42b6-a647-0aa5a1f581a8
ec3584ce-cc65-402e-a045-0b6b92736ba8,subfamily,0f2c9a4f-e96d-4fa0-a3b0-03a19e671a75,Trachinotinae,Animalia,Actinopteri,https://vvtaxatree.tbn.org.tw/taxa/ec3584ce-cc65-402e-a045-0b6b92736ba8
2449ae91-1e2f-46b1-8347-483f9a5b8ea3,subfamily,a3e04c77-48de-4629-bced-eff32fed2202,Atherinomorinae,Animalia,Actinopteri,https://vvtaxatree.tbn.org.tw/taxa/2449ae91-1e2f-46b1-8347-483f9a5b8ea3
b7e96304-3b42-443b-9626-b176b7c64756,subfamily,a3e04c77-48de-4629-bced-eff32fed2202,Atherininae,Animalia,Actinopteri,https://vvtaxatree.tbn.org.tw/taxa/b7e96304-3b42-443b-9626-b176b7c64756
ff63df39-7be7-4bad-b638-95f55b456733,subfamily,a3e04c77-48de-4629-bced-eff32fed2202,Craterocephalinae,Animalia,Actinopteri,https://vvtaxatree.tbn.org.tw/taxa/ff63df39-7be7-4bad-b638-95f55b456733
96c9ff87-436a-4f77-a794-7d09beed4d06,subfamily,a3e04c77-48de-4629-bced-eff32fed2202,Bleheratherininae,Animalia,Actinopteri,https://vvtaxatree.tbn.org.tw/taxa/96c9ff87-436a-4f77-a794-7d09beed4d06
f5f10cbb-0393-47b7-9bee-31b04d1ea637,subfamily,7e8922b7-1466-4b64-8e14-97efef21d286,Atherinopsinae,Animalia,Actinopteri,https://vvtaxatree.tbn.org.tw/taxa/f5f10cbb-0393-47b7-9bee-31b04d1ea637
6e5d6648-cb0a-43b8-9bf5-aade3d38f931,subfamily,7e8922b7-1466-4b64-8e14-97efef21d286,Menidiinae,Animalia,Actinopteri,https://vvtaxatree.tbn.org.tw/taxa/6e5d6648-cb0a-43b8-9bf5-aade3d38f931
6fcf0e64-22d4-495f-bafc-f80014e9d377,subfamily,52b811e2-b799-419e-b1ec-1c346d82769d,Oryziinae,Animalia,Actinopteri,https://vvtaxatree.tbn.org.tw/taxa/6fcf0e64-22d4-495f-bafc-f80014e9d377
a7042c8e-810c-44f1-8fdf-b8df14ee9c1a,subfamily,52b811e2-b799-419e-b1ec-1c346d82769d,Adrianichthyinae,Animalia,Actinopteri,https://vvtaxatree.tbn.org.tw/taxa/a7042c8e-810c-44f1-8fdf-b8df14ee9c1a
d4f25fed-3543-4a25-8dac-f07b816a441f,subfamily,112748e4-24e8-4932-bcdb-c38b9ac614fd,Kryptolebiatinae,Animalia,Actinopteri,https://vvtaxatree.tbn.org.tw/taxa/d4f25fed-3543-4a25-8dac-f07b816a441f
cc4f6fe0-6740-4e51-8351-80ac70aaa6a2,subfamily,112748e4-24e8-4932-bcdb-c38b9ac614fd,Cynolebiinae,Animalia,Actinopteri,https://vvtaxatree.tbn.org.tw/taxa/cc4f6fe0-6740-4e51-8351-80ac70aaa6a2
0b7f79cd-8b83-4681-8121-e77e5c4f3114,subfamily,112748e4-24e8-4932-bcdb-c38b9ac614fd,Rivulinae,Animalia,Actinopteri,https://vvtaxatree.tbn.org.tw/taxa/0b7f79cd-8b83-4681-8121-e77e5c4f3114
8c8224be-7d10-4515-920f-9359e6068ec6,subfamily,6b11908a-96da-40d3-802e-c4719fd6d096,Cubanichthyinae,Animalia,Actinopteri,https://vvtaxatree.tbn.org.tw/taxa/8c8224be-7d10-4515-920f-9359e6068ec6
5cf7b30d-428a-454b-9d78-f7655e859e70,subfamily,6b11908a-96da-40d3-802e-c4719fd6d096,Cyprinodontinae,Animalia,Actinopteri,https://vvtaxatree.tbn.org.tw/taxa/5cf7b30d-428a-454b-9d78-f7655e859e70
37023edf-7af3-4157-94d3-ce67f7cd5e06,subfamily,6b11908a-96da-40d3-802e-c4719fd6d096,Orestiinae,Animalia,Actinopteri,https://vvtaxatree.tbn.org.tw/taxa/37023edf-7af3-4157-94d3-ce67f7cd5e06
84fbe705-276b-4bba-9e41-6d69e9a490dc,subfamily,1655e143-8878-4736-ac72-9eeeda538e75,Empetrichthyinae,Animalia,Actinopteri,https://vvtaxatree.tbn.org.tw/taxa/84fbe705-276b-4bba-9e41-6d69e9a490dc
af3d01db-376a-43e7-b4ec-74a24884e33b,subfamily,1655e143-8878-4736-ac72-9eeeda538e75,Goodeinae,Animalia,Actinopteri,https://vvtaxatree.tbn.org.tw/taxa/af3d01db-376a-43e7-b4ec-74a24884e33b
0a1e9496-ceb7-4028-8671-4d7de597c413,subfamily,61930530-ef9a-490a-853b-1aaab32d91f0,Xenodexiinae,Animalia,Actinopteri,https://vvtaxatree.tbn.org.tw/taxa/0a1e9496-ceb7-4028-8671-4d7de597c413
22b865f4-3f25-4c59-bef6-11782248a04b,subfamily,61930530-ef9a-490a-853b-1aaab32d91f0,Tomeurinae,Animalia,Actinopteri,https://vvtaxatree.tbn.org.tw/taxa/22b865f4-3f25-4c59-bef6-11782248a04b
1fc416b9-84ce-443b-9d5f-e3b74fb6ed4a,subfamily,61930530-ef9a-490a-853b-1aaab32d91f0,Poeciliinae,Animalia,Actinopteri,https://vvtaxatree.tbn.org.tw/taxa/1fc416b9-84ce-443b-9d5f-e3b74fb6ed4a
ee144ce2-4af7-48d8-9679-06a7b1dce9f1,subfamily,070f2f1e-dadf-40e2-98c4-0486c8410eb0,Anablepinae,Animalia,Actinopteri,https://vvtaxatree.tbn.org.tw/taxa/ee144ce2-4af7-48d8-9679-06a7b1dce9f1
b5ddb9ca-ea8d-4596-bb0f-fa0dbe3f708e,subfamily,070f2f1e-dadf-40e2-98c4-0486c8410eb0,Oxyzygonectinae,Animalia,Actinopteri,https://vvtaxatree.tbn.org.tw/taxa/b5ddb9ca-ea8d-4596-bb0f-fa0dbe3f708e
558d915e-17df-4323-bb3a-a1f6eb6f094b,subfamily,97fa165d-41fd-42f8-89b5-b0812d6a29c7,Aplocheilichthyinae,Animalia,Actinopteri,https://vvtaxatree.tbn.org.tw/taxa/558d915e-17df-4323-bb3a-a1f6eb6f094b
e555d3d4-9417-46da-9141-9b0ed4d41769,subfamily,97fa165d-41fd-42f8-89b5-b0812d6a29c7,Procatopodinae,Animalia,Actinopteri,https://vvtaxatree.tbn.org.tw/taxa/e555d3d4-9417-46da-9141-9b0ed4d41769
0fa747ff-35d0-4e81-93aa-80d4e08884b2,subfamily,5468c220-c89a-42a1-b513-f3a4c2b7b05d,Etroplinae,Animalia,Actinopteri,https://vvtaxatree.tbn.org.tw/taxa/0fa747ff-35d0-4e81-93aa-80d4e08884b2
cbf2986f-d2b1-4839-aa4e-41f92529005c,subfamily,5468c220-c89a-42a1-b513-f3a4c2b7b05d,Ptychochrominae,Animalia,Actinopteri,https://vvtaxatree.tbn.org.tw/taxa/cbf2986f-d2b1-4839-aa4e-41f92529005c
8bb8ddbc-f16f-4339-9aaf-c5cd14364620,subfamily,5468c220-c89a-42a1-b513-f3a4c2b7b05d,Pseudocrenilabrinae,Animalia,Actinopteri,https://vvtaxatree.tbn.org.tw/taxa/8bb8ddbc-f16f-4339-9aaf-c5cd14364620
16ddf269-0b1e-4816-bc06-b15b21b25be4,subfamily,5468c220-c89a-42a1-b513-f3a4c2b7b05d,Cichlinae,Animalia,Actinopteri,https://vvtaxatree.tbn.org.tw/taxa/16ddf269-0b1e-4816-bc06-b15b21b25be4
57cb69e9-9d46-42dd-845b-308eee5d75a6,subfamily,080f29b6-816a-44f7-b302-5a5e72ed0d9a,Pseudochrominae,Animalia,Actinopteri,https://vvtaxatree.tbn.org.tw/taxa/57cb69e9-9d46-42dd-845b-308eee5d75a6
5583e3db-b716-4b80-a8b2-ad6668788395,subfamily,080f29b6-816a-44f7-b302-5a5e72ed0d9a,Pseudoplesiopinae,Animalia,Actinopteri,https://vvtaxatree.tbn.org.tw/taxa/5583e3db-b716-4b80-a8b2-ad6668788395
7e6c61fc-4b1b-43c8-a708-f38a9daf4b06,subfamily,080f29b6-816a-44f7-b302-5a5e72ed0d9a,Anisochrominae,Animalia,Actinopteri,https://vvtaxatree.tbn.org.tw/taxa/7e6c61fc-4b1b-43c8-a708-f38a9daf4b06
0629f9e7-ef54-4681-9482-725b03bf554b,subfamily,080f29b6-816a-44f7-b302-5a5e72ed0d9a,Congrogadinae,Animalia,Actinopteri,https://vvtaxatree.tbn.org.tw/taxa/0629f9e7-ef54-4681-9482-725b03bf554b
f4dd7276-4ffa-4990-9070-8fde0c5f7344,subfamily,080f29b6-816a-44f7-b302-5a5e72ed0d9a,Assiculinae,Animalia,Actinopteri,https://vvtaxatree.tbn.org.tw/taxa/f4dd7276-4ffa-4990-9070-8fde0c5f7344
b077915e-56d4-4b54-b60e-37d0e97bc832,subfamily,080f29b6-816a-44f7-b302-5a5e72ed0d9a,Assiculoidinae,Animalia,Actinopteri,https://vvtaxatree.tbn.org.tw/taxa/b077915e-56d4-4b54-b60e-37d0e97bc832
986df9d4-0812-418d-a41d-809533aa02d8,subfamily,93b16a49-b500-4c98-888c-8ff539573722,Plesiopinae,Animalia,Actinopteri,https://vvtaxatree.tbn.org.tw/taxa/986df9d4-0812-418d-a41d-809533aa02d8
0466100b-df63-41ea-9ffb-b66efc159cc7,subfamily,93b16a49-b500-4c98-888c-8ff539573722,Acanthoclininae,Animalia,Actinopteri,https://vvtaxatree.tbn.org.tw/taxa/0466100b-df63-41ea-9ffb-b66efc159cc7
626ab563-74e3-40cb-8c13-1b8a75575982,subfamily,c67d4d57-4eea-4119-840a-98b672e031a3,Microspathodontinae,Animalia,Actinopteri,https://vvtaxatree.tbn.org.tw/taxa/626ab563-74e3-40cb-8c13-1b8a75575982
ca6423c2-e3a5-456a-ae53-fe570b146c57,subfamily,c67d4d57-4eea-4119-840a-98b672e031a3,Chrominae,Animalia,Actinopteri,https://vvtaxatree.tbn.org.tw/taxa/ca6423c2-e3a5-456a-ae53-fe570b146c57
ead88e7b-b40e-40d9-8b2f-d822629ab26e,subfamily,c67d4d57-4eea-4119-840a-98b672e031a3,Glyphisodontinae,Animalia,Actinopteri,https://vvtaxatree.tbn.org.tw/taxa/ead88e7b-b40e-40d9-8b2f-d822629ab26e
d19be017-b5db-4a14-b2dc-83cb6a35597e,subfamily,c67d4d57-4eea-4119-840a-98b672e031a3,Pomacentrinae,Animalia,Actinopteri,https://vvtaxatree.tbn.org.tw/taxa/d19be017-b5db-4a14-b2dc-83cb6a35597e
9650893d-8f94-4f35-868e-dcfc182262f1,subfamily,c2fec88c-7dc0-4729-9373-217eb27e0b04,Diplocrepinae,Animalia,Actinopteri,https://vvtaxatree.tbn.org.tw/taxa/9650893d-8f94-4f35-868e-dcfc182262f1
cfdd4dba-c5dd-43ea-9555-c437ddcf13a1,subfamily,c2fec88c-7dc0-4729-9373-217eb27e0b04,Lepadogastrinae,Animalia,Actinopteri,https://vvtaxatree.tbn.org.tw/taxa/cfdd4dba-c5dd-43ea-9555-c437ddcf13a1
552b9fc9-4d01-4558-8a8c-bbea96198f2c,subfamily,c2fec88c-7dc0-4729-9373-217eb27e0b04,Chorisochisminae,Animalia,Actinopteri,https://vvtaxatree.tbn.org.tw/taxa/552b9fc9-4d01-4558-8a8c-bbea96198f2c
d5444321-d631-41b3-a604-d0ffac039a41,subfamily,c2fec88c-7dc0-4729-9373-217eb27e0b04,Haplocylicinae,Animalia,Actinopteri,https://vvtaxatree.tbn.org.tw/taxa/d5444321-d631-41b3-a604-d0ffac039a41
be647314-9713-4184-8cd6-40c75cfbd9c8,subfamily,c2fec88c-7dc0-4729-9373-217eb27e0b04,Protogobiesocinae,Animalia,Actinopteri,https://vvtaxatree.tbn.org.tw/taxa/be647314-9713-4184-8cd6-40c75cfbd9c8
058ea8ae-b32e-4ef1-a381-197676d81655,subfamily,c2fec88c-7dc0-4729-9373-217eb27e0b04,Cheilobranchinae,Animalia,Actinopteri,https://vvtaxatree.tbn.org.tw/taxa/058ea8ae-b32e-4ef1-a381-197676d81655
3cd58202-128f-415e-b422-5a65480c5a99,subfamily,c2fec88c-7dc0-4729-9373-217eb27e0b04,Trachelochisminae,Animalia,Actinopteri,https://vvtaxatree.tbn.org.tw/taxa/3cd58202-128f-415e-b422-5a65480c5a99
9cdb99cb-c9e2-41d0-923c-445badf7ae4e,subfamily,c2fec88c-7dc0-4729-9373-217eb27e0b04,Diademichthyinae,Animalia,Actinopteri,https://vvtaxatree.tbn.org.tw/taxa/9cdb99cb-c9e2-41d0-923c-445badf7ae4e
feef6d37-158a-44aa-bcd0-e734b0a625ea,subfamily,c2fec88c-7dc0-4729-9373-217eb27e0b04,Gobiesocinae,Animalia,Actinopteri,https://vvtaxatree.tbn.org.tw/taxa/feef6d37-158a-44aa-bcd0-e734b0a625ea
e0f7cb01-2d2b-47e7-9b8e-8fed8e6153bf,subfamily,0c2edc73-5a66-486b-83f6-1ec32bcff5e8,Notoclininae,Animalia,Actinopteri,https://vvtaxatree.tbn.org.tw/taxa/e0f7cb01-2d2b-47e7-9b8e-8fed8e6153bf
019ab27b-197b-407b-999c-61173724a2c4,subfamily,0c2edc73-5a66-486b-83f6-1ec32bcff5e8,Tripterygiinae,Animalia,Actinopteri,https://vvtaxatree.tbn.org.tw/taxa/019ab27b-197b-407b-999c-61173724a2c4
24d0e6f3-15b2-4956-9a3f-52e3910568be,subfamily,6eace83a-f900-4155-a3fc-c3f528069229,Blenniinae,Animalia,Actinopteri,https://vvtaxatree.tbn.org.tw/taxa/24d0e6f3-15b2-4956-9a3f-52e3910568be
b0043ff5-6201-4b33-9684-f651cb32e011,subfamily,6eace83a-f900-4155-a3fc-c3f528069229,Salariinae,Animalia,Actinopteri,https://vvtaxatree.tbn.org.tw/taxa/b0043ff5-6201-4b33-9684-f651cb32e011
93477069-8ab2-4b0b-a71d-be6cb4f412f2,subfamily,04260054-f8c9-4235-92a2-5cba2d8662b3,Liopropomatinae,Animalia,Actinopteri,https://vvtaxatree.tbn.org.tw/taxa/93477069-8ab2-4b0b-a71d-be6cb4f412f2
60d02c5d-ecf8-40a1-8336-c693f83b7414,subfamily,04260054-f8c9-4235-92a2-5cba2d8662b3,Diploprioninae,Animalia,Actinopteri,https://vvtaxatree.tbn.org.tw/taxa/60d02c5d-ecf8-40a1-8336-c693f83b7414
f4ed4227-dd23-45de-bf74-843b51caa958,subfamily,966ca3ef-8c91-4eb7-abc0-fcfe02b98d9a,Percinae,Animalia,Actinopteri,https://vvtaxatree.tbn.org.tw/taxa/f4ed4227-dd23-45de-bf74-843b51caa958
ff6cb133-9372-4563-8246-e448d34f4db0,subfamily,966ca3ef-8c91-4eb7-abc0-fcfe02b98d9a,Luciopercinae,Animalia,Actinopteri,https://vvtaxatree.tbn.org.tw/taxa/ff6cb133-9372-4563-8246-e448d34f4db0
d8ea748e-e6e1-41e2-9f90-5259228877c3,subfamily,966ca3ef-8c91-4eb7-abc0-fcfe02b98d9a,Etheostomatinae,Animalia,Actinopteri,https://vvtaxatree.tbn.org.tw/taxa/d8ea748e-e6e1-41e2-9f90-5259228877c3
2c5c6545-0c7b-4c4c-b84d-9bd64540e4eb,subfamily,9a918e4f-915b-4466-97ae-671a8a8b0fc5,Pleuragrammatinae,Animalia,Actinopteri,https://vvtaxatree.tbn.org.tw/taxa/2c5c6545-0c7b-4c4c-b84d-9bd64540e4eb
1fae721f-b547-4da1-8b00-3105c4b88fb3,subfamily,9a918e4f-915b-4466-97ae-671a8a8b0fc5,Nototheniinae,Animalia,Actinopteri,https://vvtaxatree.tbn.org.tw/taxa/1fae721f-b547-4da1-8b00-3105c4b88fb3
726e7baa-f7ee-4e32-ba7d-7b4fdfbdfd11,subfamily,9a918e4f-915b-4466-97ae-671a8a8b0fc5,Trematominae,Animalia,Actinopteri,https://vvtaxatree.tbn.org.tw/taxa/726e7baa-f7ee-4e32-ba7d-7b4fdfbdfd11
d210bfc1-8caf-4dff-8229-69cfee3038b7,subfamily,814f3f68-62ae-4008-ae33-c39e14ff5ff4,Harpagiferinae,Animalia,Actinopteri,https://vvtaxatree.tbn.org.tw/taxa/d210bfc1-8caf-4dff-8229-69cfee3038b7
3fc9c9ad-7185-4b26-9355-77cc1d18e293,subfamily,814f3f68-62ae-4008-ae33-c39e14ff5ff4,Artedidraconinae,Animalia,Actinopteri,https://vvtaxatree.tbn.org.tw/taxa/3fc9c9ad-7185-4b26-9355-77cc1d18e293
dbfae0dc-be94-4892-8885-7570fc919122,subfamily,f9a800aa-3530-4f0e-8191-667c37870beb,Bathydraconinae,Animalia,Actinopteri,https://vvtaxatree.tbn.org.tw/taxa/dbfae0dc-be94-4892-8885-7570fc919122
5cb69b53-1cda-4ede-a9b7-24f3e3540463,subfamily,f9a800aa-3530-4f0e-8191-667c37870beb,Gymnodraconinae,Animalia,Actinopteri,https://vvtaxatree.tbn.org.tw/taxa/5cb69b53-1cda-4ede-a9b7-24f3e3540463
1166dd07-ac1f-473c-bae7-0f9bae8ded36,subfamily,f9a800aa-3530-4f0e-8191-667c37870beb,Cygnodraconinae,Animalia,Actinopteri,https://vvtaxatree.tbn.org.tw/taxa/1166dd07-ac1f-473c-bae7-0f9bae8ded36
e7e9f850-e171-49da-9c80-5ff9d226438d,subfamily,59afc947-cd93-4675-9870-aac473b3493e,Prionotinae,Animalia,Actinopteri,https://vvtaxatree.tbn.org.tw/taxa/e7e9f850-e171-49da-9c80-5ff9d226438d
acf96284-b9cf-4937-8713-01d835334ce5,subfamily,59afc947-cd93-4675-9870-aac473b3493e,Peristediinae,Animalia,Actinopteri,https://vvtaxatree.tbn.org.tw/taxa/acf96284-b9cf-4937-8713-01d835334ce5
835663c6-ac67-4588-a8da-2cd8c10bf559,subfamily,59afc947-cd93-4675-9870-aac473b3493e,Pterygotriglinae,Animalia,Actinopteri,https://vvtaxatree.tbn.org.tw/taxa/835663c6-ac67-4588-a8da-2cd8c10bf559
217d4b55-4d45-4658-a522-09a519167d89,subfamily,59afc947-cd93-4675-9870-aac473b3493e,Triglinae,Animalia,Actinopteri,https://vvtaxatree.tbn.org.tw/taxa/217d4b55-4d45-4658-a522-09a519167d89
2a97a087-e407-4720-8c34-62f23b058470,subfamily,04ebbbf9-b25a-4b35-a3cb-6bd45485b54b,Apistinae,Animalia,Actinopteri,https://vvtaxatree.tbn.org.tw/taxa/2a97a087-e407-4720-8c34-62f23b058470
dfc295b5-7b21-46b9-b3ac-93787e8f64a3,subfamily,04ebbbf9-b25a-4b35-a3cb-6bd45485b54b,Perryeninae,Animalia,Actinopteri,https://vvtaxatree.tbn.org.tw/taxa/dfc295b5-7b21-46b9-b3ac-93787e8f64a3
8ba17580-3d5a-4860-973e-345117999cc5,subfamily,04ebbbf9-b25a-4b35-a3cb-6bd45485b54b,Eschmeyerinae,Animalia,Actinopteri,https://vvtaxatree.tbn.org.tw/taxa/8ba17580-3d5a-4860-973e-345117999cc5
9505cfff-2418-4e62-9f0b-ac69ccfe6eee,subfamily,04ebbbf9-b25a-4b35-a3cb-6bd45485b54b,Gnathanacanthinae,Animalia,Actinopteri,https://vvtaxatree.tbn.org.tw/taxa/9505cfff-2418-4e62-9f0b-ac69ccfe6eee
1c964b4d-3987-4f45-8472-21ae10710973,subfamily,04ebbbf9-b25a-4b35-a3cb-6bd45485b54b,Aploactininae,Animalia,Actinopteri,https://vvtaxatree.tbn.org.tw/taxa/1c964b4d-3987-4f45-8472-21ae10710973
93d73d56-7e44-4568-ad13-2bc38589ea12,subfamily,04ebbbf9-b25a-4b35-a3cb-6bd45485b54b,Pataecinae,Animalia,Actinopteri,https://vvtaxatree.tbn.org.tw/taxa/93d73d56-7e44-4568-ad13-2bc38589ea12
d56265bb-4df4-4d81-b095-9874822cbd57,subfamily,04ebbbf9-b25a-4b35-a3cb-6bd45485b54b,Tetraroginae,Animalia,Actinopteri,https://vvtaxatree.tbn.org.tw/taxa/d56265bb-4df4-4d81-b095-9874822cbd57
dff11e3c-7e4d-470d-8b17-5da0d065d913,subfamily,04ebbbf9-b25a-4b35-a3cb-6bd45485b54b,Choridactylinae,Animalia,Actinopteri,https://vvtaxatree.tbn.org.tw/taxa/dff11e3c-7e4d-470d-8b17-5da0d065d913
71f6ad9b-ec8f-4d0c-a7f7-fd25708227b7,subfamily,04ebbbf9-b25a-4b35-a3cb-6bd45485b54b,Synanceiinae,Animalia,Actinopteri,https://vvtaxatree.tbn.org.tw/taxa/71f6ad9b-ec8f-4d0c-a7f7-fd25708227b7
527b5dbd-5d50-4c5f-959d-846bbd3719f5,subfamily,ce2e87c7-927e-4f21-a7e6-fa07176693df,Scorpaeninae,Animalia,Actinopteri,https://vvtaxatree.tbn.org.tw/taxa/527b5dbd-5d50-4c5f-959d-846bbd3719f5
8baf9f72-981a-410f-bca4-41ccc0d6976f,subfamily,ce2e87c7-927e-4f21-a7e6-fa07176693df,Pteroinae,Animalia,Actinopteri,https://vvtaxatree.tbn.org.tw/taxa/8baf9f72-981a-410f-bca4-41ccc0d6976f
e1dc1b55-4f0a-49d7-8720-cb7f43a099f6,subfamily,ce2e87c7-927e-4f21-a7e6-fa07176693df,Setarchinae,Animalia,Actinopteri,https://vvtaxatree.tbn.org.tw/taxa/e1dc1b55-4f0a-49d7-8720-cb7f43a099f6
ca4ab483-e724-4984-882a-4a0c8c4a81ee,subfamily,ce2e87c7-927e-4f21-a7e6-fa07176693df,Sebastolobinae,Animalia,Actinopteri,https://vvtaxatree.tbn.org.tw/taxa/ca4ab483-e724-4984-882a-4a0c8c4a81ee
84375c39-b476-47a8-997e-0ee70b544f7c,subfamily,ce2e87c7-927e-4f21-a7e6-fa07176693df,Sebastinae,Animalia,Actinopteri,https://vvtaxatree.tbn.org.tw/taxa/84375c39-b476-47a8-997e-0ee70b544f7c
94888419-8b7b-43fb-8c48-8f3173a0304b,subfamily,da124ca4-1ea6-43d8-961c-6bb5eb3856d5,Hexagramminae,Animalia,Actinopteri,https://vvtaxatree.tbn.org.tw/taxa/94888419-8b7b-43fb-8c48-8f3173a0304b
ffc14e06-b3c6-46ac-b776-27a8fb654059,subfamily,da124ca4-1ea6-43d8-961c-6bb5eb3856d5,Pleurogramminae,Animalia,Actinopteri,https://vvtaxatree.tbn.org.tw/taxa/ffc14e06-b3c6-46ac-b776-27a8fb654059
a206d026-118c-4184-a579-2f1965fdd0d6,subfamily,da124ca4-1ea6-43d8-961c-6bb5eb3856d5,Ophiodontinae,Animalia,Actinopteri,https://vvtaxatree.tbn.org.tw/taxa/a206d026-118c-4184-a579-2f1965fdd0d6
aec918a8-c023-43fc-9689-286bcc466d4c,subfamily,da124ca4-1ea6-43d8-961c-6bb5eb3856d5,Oxylebiinae,Animalia,Actinopteri,https://vvtaxatree.tbn.org.tw/taxa/aec918a8-c023-43fc-9689-286bcc466d4c
701c3b09-70f4-484f-b802-61211ad64554,subfamily,369b87d2-699f-49af-a70b-b1a333f10bf9,Agoninae,Animalia,Actinopteri,https://vvtaxatree.tbn.org.tw/taxa/701c3b09-70f4-484f-b802-61211ad64554
0dd296df-200c-45de-82e4-55cc94c95871,subfamily,369b87d2-699f-49af-a70b-b1a333f10bf9,Anoplagoninae,Animalia,Actinopteri,https://vvtaxatree.tbn.org.tw/taxa/0dd296df-200c-45de-82e4-55cc94c95871
9a67ace6-5d10-492c-9007-2c44510937d6,subfamily,369b87d2-699f-49af-a70b-b1a333f10bf9,Bathyagoninae,Animalia,Actinopteri,https://vvtaxatree.tbn.org.tw/taxa/9a67ace6-5d10-492c-9007-2c44510937d6
200216bf-7225-45aa-ab32-1ac117422ba1,subfamily,369b87d2-699f-49af-a70b-b1a333f10bf9,Brachyopsinae,Animalia,Actinopteri,https://vvtaxatree.tbn.org.tw/taxa/200216bf-7225-45aa-ab32-1ac117422ba1
426aa420-5ef6-4661-8e5d-745e166f7642,subfamily,369b87d2-699f-49af-a70b-b1a333f10bf9,Hypsagoninae,Animalia,Actinopteri,https://vvtaxatree.tbn.org.tw/taxa/426aa420-5ef6-4661-8e5d-745e166f7642
2e007114-b2c5-425a-8ae7-d924cf4a6b24,subfamily,369b87d2-699f-49af-a70b-b1a333f10bf9,Bothragoninae,Animalia,Actinopteri,https://vvtaxatree.tbn.org.tw/taxa/2e007114-b2c5-425a-8ae7-d924cf4a6b24
889e5d42-677a-4a59-86ab-165d327ad5d8,subfamily,369b87d2-699f-49af-a70b-b1a333f10bf9,Hemitripterinae,Animalia,Actinopteri,https://vvtaxatree.tbn.org.tw/taxa/889e5d42-677a-4a59-86ab-165d327ad5d8
2c85755c-edff-42a6-895c-08203c358253,subfamily,e63119cd-952c-4975-a148-e4c0dcbb2805,Cyclopterinae,Animalia,Actinopteri,https://vvtaxatree.tbn.org.tw/taxa/2c85755c-edff-42a6-895c-08203c358253
2802f87a-9e31-44a8-b35a-567e89baaf2d,subfamily,e63119cd-952c-4975-a148-e4c0dcbb2805,Liparopsinae,Animalia,Actinopteri,https://vvtaxatree.tbn.org.tw/taxa/2802f87a-9e31-44a8-b35a-567e89baaf2d
2ea38767-afb2-4cd1-8fa3-249b116956a9,subfamily,e63119cd-952c-4975-a148-e4c0dcbb2805,Eumicrotreminae,Animalia,Actinopteri,https://vvtaxatree.tbn.org.tw/taxa/2ea38767-afb2-4cd1-8fa3-249b116956a9
35b9ea11-7c3e-41df-8e20-98ff54b69cdc,subfamily,9ddae3dc-afa8-4ef6-925f-a0dde3f21de5,Stichaeinae,Animalia,Actinopteri,https://vvtaxatree.tbn.org.tw/taxa/35b9ea11-7c3e-41df-8e20-98ff54b69cdc
7b36f67d-f674-4872-8929-4e0efad180e5,subfamily,9ddae3dc-afa8-4ef6-925f-a0dde3f21de5,Chirolophinae,Animalia,Actinopteri,https://vvtaxatree.tbn.org.tw/taxa/7b36f67d-f674-4872-8929-4e0efad180e5
59c6b187-d5c7-4e4f-8f2c-326fecfa3583,subfamily,9ddae3dc-afa8-4ef6-925f-a0dde3f21de5,Alectriinae,Animalia,Actinopteri,https://vvtaxatree.tbn.org.tw/taxa/59c6b187-d5c7-4e4f-8f2c-326fecfa3583
061be8e7-8429-4d69-8707-10a21401763a,subfamily,9ddae3dc-afa8-4ef6-925f-a0dde3f21de5,Xiphisterinae,Animalia,Actinopteri,https://vvtaxatree.tbn.org.tw/taxa/061be8e7-8429-4d69-8707-10a21401763a
86cc456b-04d4-4611-b752-4483f5d8a8f6,subfamily,17137cf3-0a53-429f-994a-d2a93a8088b5,Pholinae,Animalia,Actinopteri,https://vvtaxatree.tbn.org.tw/taxa/86cc456b-04d4-4611-b752-4483f5d8a8f6
d8ea6e01-bc71-436d-b26f-3ba8b0764ae8,subfamily,17137cf3-0a53-429f-994a-d2a93a8088b5,Apodichthyinae,Animalia,Actinopteri,https://vvtaxatree.tbn.org.tw/taxa/d8ea6e01-bc71-436d-b26f-3ba8b0764ae8
fc742ee0-ea11-42af-b5ea-0776ee79c225,subfamily,502a6460-1ed9-4574-9a7d-89091c482656,Lycodinae,Animalia,Actinopteri,https://vvtaxatree.tbn.org.tw/taxa/fc742ee0-ea11-42af-b5ea-0776ee79c225
1cc2e7bd-b982-4e97-8a95-db981461948e,subfamily,502a6460-1ed9-4574-9a7d-89091c482656,Lycozoarcinae,Animalia,Actinopteri,https://vvtaxatree.tbn.org.tw/taxa/1cc2e7bd-b982-4e97-8a95-db981461948e
2aa20f6a-668e-4b6d-aaab-b541aecfc1e4,subfamily,502a6460-1ed9-4574-9a7d-89091c482656,Zoarcinae,Animalia,Actinopteri,https://vvtaxatree.tbn.org.tw/taxa/2aa20f6a-668e-4b6d-aaab-b541aecfc1e4
eb64a737-ec29-43e9-8949-bc8ccae4fd05,subfamily,502a6460-1ed9-4574-9a7d-89091c482656,Gymnelinae,Animalia,Actinopteri,https://vvtaxatree.tbn.org.tw/taxa/eb64a737-ec29-43e9-8949-bc8ccae4fd05
c2a4508e-aa99-4cd7-b598-fe0b2d5cec8a,subfamily,01fadd99-ebcb-4ab0-b4ae-4d0c5af4d67b,Centrarchinae,Animalia,Actinopteri,https://vvtaxatree.tbn.org.tw/taxa/c2a4508e-aa99-4cd7-b598-fe0b2d5cec8a
733e4c32-613f-4e96-9c2d-e0c1b31a7006,subfamily,01fadd99-ebcb-4ab0-b4ae-4d0c5af4d67b,Lepominae,Animalia,Actinopteri,https://vvtaxatree.tbn.org.tw/taxa/733e4c32-613f-4e96-9c2d-e0c1b31a7006
22317c68-d712-4015-8688-6ffc2f32375e,subfamily,0398f7a8-f589-4399-a581-2f4ea995f3b6,Hypsigenyinae,Animalia,Actinopteri,https://vvtaxatree.tbn.org.tw/taxa/22317c68-d712-4015-8688-6ffc2f32375e
5df5e05c-bda7-4da6-adfe-954a015e140b,subfamily,0398f7a8-f589-4399-a581-2f4ea995f3b6,Cirrhilabrinae,Animalia,Actinopteri,https://vvtaxatree.tbn.org.tw/taxa/5df5e05c-bda7-4da6-adfe-954a015e140b
4cfc9575-d770-4f8d-a0d9-528e0f8cb3d7,subfamily,0398f7a8-f589-4399-a581-2f4ea995f3b6,Labrinae,Animalia,Actinopteri,https://vvtaxatree.tbn.org.tw/taxa/4cfc9575-d770-4f8d-a0d9-528e0f8cb3d7
76c11eee-0960-4a84-82e2-2bd0fb01b704,subfamily,0398f7a8-f589-4399-a581-2f4ea995f3b6,Cheilininae,Animalia,Actinopteri,https://vvtaxatree.tbn.org.tw/taxa/76c11eee-0960-4a84-82e2-2bd0fb01b704
68748975-4aae-41c9-967f-9f5508fe1aac,subfamily,0398f7a8-f589-4399-a581-2f4ea995f3b6,Scarinae,Animalia,Actinopteri,https://vvtaxatree.tbn.org.tw/taxa/68748975-4aae-41c9-967f-9f5508fe1aac
d08ff984-25e7-42e2-82d0-c2b9fb3e14f6,subfamily,0398f7a8-f589-4399-a581-2f4ea995f3b6,Xyrichtyinae,Animalia,Actinopteri,https://vvtaxatree.tbn.org.tw/taxa/d08ff984-25e7-42e2-82d0-c2b9fb3e14f6
35eb9b39-2627-4fa5-be99-56c8011bdf32,subfamily,0398f7a8-f589-4399-a581-2f4ea995f3b6,Pseudolabrinae,Animalia,Actinopteri,https://vvtaxatree.tbn.org.tw/taxa/35eb9b39-2627-4fa5-be99-56c8011bdf32
3a0142bd-e724-4933-ad6c-1de783ae1a5f,subfamily,0398f7a8-f589-4399-a581-2f4ea995f3b6,Julidinae,Animalia,Actinopteri,https://vvtaxatree.tbn.org.tw/taxa/3a0142bd-e724-4933-ad6c-1de783ae1a5f
35391109-5db3-4685-801f-354f37346c7d,subfamily,8ee2c85c-b292-429e-8092-5a8a94d77107,Histiopterinae,Animalia,Actinopteri,https://vvtaxatree.tbn.org.tw/taxa/35391109-5db3-4685-801f-354f37346c7d
cffeb515-c44b-4f20-bb00-5d778b33ea5b,subfamily,8ee2c85c-b292-429e-8092-5a8a94d77107,Pentacerotinae,Animalia,Actinopteri,https://vvtaxatree.tbn.org.tw/taxa/cffeb515-c44b-4f20-bb00-5d778b33ea5b
59de5029-c182-4a35-97db-528e792c3543,subfamily,0675a3cd-3284-41de-9736-d3bd0abc94fa,Haemulinae,Animalia,Actinopteri,https://vvtaxatree.tbn.org.tw/taxa/59de5029-c182-4a35-97db-528e792c3543
f23f2476-2db4-4b44-8bd5-05de8837b766,subfamily,0675a3cd-3284-41de-9736-d3bd0abc94fa,Plectorhinchinae,Animalia,Actinopteri,https://vvtaxatree.tbn.org.tw/taxa/f23f2476-2db4-4b44-8bd5-05de8837b766
38661a5e-f7ce-48e4-ae57-41f71f1212ca,subfamily,ea546ec1-175e-4bc2-8561-9a10a06fc9b9,Apsilinae,Animalia,Actinopteri,https://vvtaxatree.tbn.org.tw/taxa/38661a5e-f7ce-48e4-ae57-41f71f1212ca
dd48f3f7-ae48-4022-bc64-25297877f482,subfamily,ea546ec1-175e-4bc2-8561-9a10a06fc9b9,Etelinae,Animalia,Actinopteri,https://vvtaxatree.tbn.org.tw/taxa/dd48f3f7-ae48-4022-bc64-25297877f482
e6f8204c-882a-4d9c-9232-ecf273e2ca67,subfamily,ea546ec1-175e-4bc2-8561-9a10a06fc9b9,Paradicichthyinae,Animalia,Actinopteri,https://vvtaxatree.tbn.org.tw/taxa/e6f8204c-882a-4d9c-9232-ecf273e2ca67
bdbf22a1-8794-45af-9658-91332ce8efc9,subfamily,ea546ec1-175e-4bc2-8561-9a10a06fc9b9,Lutjaninae,Animalia,Actinopteri,https://vvtaxatree.tbn.org.tw/taxa/bdbf22a1-8794-45af-9658-91332ce8efc9
987f125f-ab81-4395-9413-bbd3d46801e5,subfamily,6f7a048c-68e9-417d-a8d1-0ade81f94fbe,Heniochinae,Animalia,Actinopteri,https://vvtaxatree.tbn.org.tw/taxa/987f125f-ab81-4395-9413-bbd3d46801e5
9eb0390c-b463-475e-896e-714be4a1a514,subfamily,6f7a048c-68e9-417d-a8d1-0ade81f94fbe,Chaetodontinae,Animalia,Actinopteri,https://vvtaxatree.tbn.org.tw/taxa/9eb0390c-b463-475e-896e-714be4a1a514
0908bcf8-bd28-400c-8f0c-8e3ff0677c81,subfamily,07c7fefb-b1d5-45c1-8a21-047d13083121,Leiognathinae,Animalia,Actinopteri,https://vvtaxatree.tbn.org.tw/taxa/0908bcf8-bd28-400c-8f0c-8e3ff0677c81
9b08dd0a-ad05-4286-a828-0cc119e92f06,subfamily,07c7fefb-b1d5-45c1-8a21-047d13083121,Gazzinae,Animalia,Actinopteri,https://vvtaxatree.tbn.org.tw/taxa/9b08dd0a-ad05-4286-a828-0cc119e92f06
a514f1b8-4c89-40ec-a990-e0165885286d,subfamily,7bd6a315-321e-4b7a-aeb2-a7baf8cdec40,Lethrininae,Animalia,Actinopteri,https://vvtaxatree.tbn.org.tw/taxa/a514f1b8-4c89-40ec-a990-e0165885286d
184152ba-9662-4a1f-af52-3d8e92254a89,subfamily,7bd6a315-321e-4b7a-aeb2-a7baf8cdec40,Monotaxinae,Animalia,Actinopteri,https://vvtaxatree.tbn.org.tw/taxa/184152ba-9662-4a1f-af52-3d8e92254a89
bab0ae00-cd14-47a8-b817-a9ca80547933,subfamily,416618c5-225f-4b04-86a0-491ae79bdb86,Cepolinae,Animalia,Actinopteri,https://vvtaxatree.tbn.org.tw/taxa/bab0ae00-cd14-47a8-b817-a9ca80547933
5544e7e9-9ac3-484d-ad79-238b89e6acba,subfamily,416618c5-225f-4b04-86a0-491ae79bdb86,Owstoniinae,Animalia,Actinopteri,https://vvtaxatree.tbn.org.tw/taxa/5544e7e9-9ac3-484d-ad79-238b89e6acba
da263137-cbe5-401c-ad1e-2686b82eb166,subfamily,2fea7621-dae3-44ec-b3a3-d2ba0cfdc040,Fowlerichthyinae,Animalia,Actinopteri,https://vvtaxatree.tbn.org.tw/taxa/da263137-cbe5-401c-ad1e-2686b82eb166
cbc64b86-e7cc-49e4-bea4-df385fa28713,subfamily,2fea7621-dae3-44ec-b3a3-d2ba0cfdc040,Antennariinae,Animalia,Actinopteri,https://vvtaxatree.tbn.org.tw/taxa/cbc64b86-e7cc-49e4-bea4-df385fa28713
484b041f-cd9d-4802-91d8-a5835b200201,subfamily,2fea7621-dae3-44ec-b3a3-d2ba0cfdc040,Lophichthyinae,Animalia,Actinopteri,https://vvtaxatree.tbn.org.tw/taxa/484b041f-cd9d-4802-91d8-a5835b200201
70c1e2de-0945-4864-a299-26874bd8a162,subfamily,2fea7621-dae3-44ec-b3a3-d2ba0cfdc040,Tathicarpinae,Animalia,Actinopteri,https://vvtaxatree.tbn.org.tw/taxa/70c1e2de-0945-4864-a299-26874bd8a162
5fb28f53-e7cd-4b98-a17d-628f8251394c,subfamily,2fea7621-dae3-44ec-b3a3-d2ba0cfdc040,Tetrabrachiinae,Animalia,Actinopteri,https://vvtaxatree.tbn.org.tw/taxa/5fb28f53-e7cd-4b98-a17d-628f8251394c
79fd4126-eeae-49e6-bc06-f3daa7a6ed1f,subfamily,2fea7621-dae3-44ec-b3a3-d2ba0cfdc040,Histiophryninae,Animalia,Actinopteri,https://vvtaxatree.tbn.org.tw/taxa/79fd4126-eeae-49e6-bc06-f3daa7a6ed1f
ce6b497b-dc72-4366-aeb5-5b8ca14487bb,subfamily,2fea7621-dae3-44ec-b3a3-d2ba0cfdc040,Rhycherinae,Animalia,Actinopteri,https://vvtaxatree.tbn.org.tw/taxa/ce6b497b-dc72-4366-aeb5-5b8ca14487bb
56434ed9-1363-4eaa-9444-2b75602f4519,subfamily,2fea7621-dae3-44ec-b3a3-d2ba0cfdc040,Brachionichthyinae,Animalia,Actinopteri,https://vvtaxatree.tbn.org.tw/taxa/56434ed9-1363-4eaa-9444-2b75602f4519
9e48b405-38a3-4a3e-ab87-42c2e028fa23,subfamily,0f0f2713-3ddb-4161-8357-aa5c7dc330ff,Notolychninae,Animalia,Actinopteri,https://vvtaxatree.tbn.org.tw/taxa/9e48b405-38a3-4a3e-ab87-42c2e028fa23
0e900357-9076-4925-b81e-883bca2e8401,subfamily,30bad4b6-1506-4d5a-a91a-48e63ff37143,Acridinae,Animalia,Insecta,https://vvtaxatree.tbn.org.tw/taxa/0e900357-9076-4925-b81e-883bca2e8401
6453a49a-3689-4b39-9eba-57e93d5c47a5,subfamily,30bad4b6-1506-4d5a-a91a-48e63ff37143,Catantopinae,Animalia,Insecta,https://vvtaxatree.tbn.org.tw/taxa/6453a49a-3689-4b39-9eba-57e93d5c47a5
e116aaad-1ee0-46d2-bb72-75bc7de471f4,subfamily,30bad4b6-1506-4d5a-a91a-48e63ff37143,Coptacrinae,Animalia,Insecta,https://vvtaxatree.tbn.org.tw/taxa/e116aaad-1ee0-46d2-bb72-75bc7de471f4
389a386b-1111-455e-8dbe-a812e8e90d52,subfamily,30bad4b6-1506-4d5a-a91a-48e63ff37143,Eyprepocnemidinae,Animalia,Insecta,https://vvtaxatree.tbn.org.tw/taxa/389a386b-1111-455e-8dbe-a812e8e90d52
d21b0981-f59d-4f61-8dfe-1dc05f1cd23c,subfamily,30bad4b6-1506-4d5a-a91a-48e63ff37143,Gomphocerinae,Animalia,Insecta,https://vvtaxatree.tbn.org.tw/taxa/d21b0981-f59d-4f61-8dfe-1dc05f1cd23c
3c282bb7-3396-4c14-aba1-5031f2a3aedb,subfamily,30bad4b6-1506-4d5a-a91a-48e63ff37143,Habrocneminae,Animalia,Insecta,https://vvtaxatree.tbn.org.tw/taxa/3c282bb7-3396-4c14-aba1-5031f2a3aedb
0aefb00c-9e4f-4abc-9917-4d16b536b7e9,subfamily,30bad4b6-1506-4d5a-a91a-48e63ff37143,Hemiacridinae,Animalia,Insecta,https://vvtaxatree.tbn.org.tw/taxa/0aefb00c-9e4f-4abc-9917-4d16b536b7e9
9b1afdab-62f8-45c9-a7a5-9a524c7f2d0f,subfamily,30bad4b6-1506-4d5a-a91a-48e63ff37143,Melanoplinae,Animalia,Insecta,https://vvtaxatree.tbn.org.tw/taxa/9b1afdab-62f8-45c9-a7a5-9a524c7f2d0f
4274e75c-4195-4ef2-bfc3-b23c850c0c4e,subfamily,30bad4b6-1506-4d5a-a91a-48e63ff37143,Oedipodinae,Animalia,Insecta,https://vvtaxatree.tbn.org.tw/taxa/4274e75c-4195-4ef2-bfc3-b23c850c0c4e
6ef9ed3c-862e-436d-b825-495c39b1e430,subfamily,30bad4b6-1506-4d5a-a91a-48e63ff37143,Oxyinae,Animalia,Insecta,https://vvtaxatree.tbn.org.tw/taxa/6ef9ed3c-862e-436d-b825-495c39b1e430
ddb0b64d-b993-4241-813e-20f68c1c5151,subfamily,da78c871-28ad-47ca-b119-cd5c45c7b91c,Agaminae,Animalia,Reptilia,https://vvtaxatree.tbn.org.tw/taxa/ddb0b64d-b993-4241-813e-20f68c1c5151
58aa1d39-888f-453d-a6ac-2330270fe766,subfamily,da78c871-28ad-47ca-b119-cd5c45c7b91c,Amphibolurinae,Animalia,Reptilia,https://vvtaxatree.tbn.org.tw/taxa/58aa1d39-888f-453d-a6ac-2330270fe766
6e94cc74-405b-4638-b5ed-54bed8d30403,subfamily,da78c871-28ad-47ca-b119-cd5c45c7b91c,Draconinae,Animalia,Reptilia,https://vvtaxatree.tbn.org.tw/taxa/6e94cc74-405b-4638-b5ed-54bed8d30403
320c7250-82bb-43cd-85d7-49ce07cce21f,subfamily,da78c871-28ad-47ca-b119-cd5c45c7b91c,Hydrosaurinae,Animalia,Reptilia,https://vvtaxatree.tbn.org.tw/taxa/320c7250-82bb-43cd-85d7-49ce07cce21f
794c5102-e868-4ff1-b3fd-70d15a05eb94,subfamily,da78c871-28ad-47ca-b119-cd5c45c7b91c,Leiolepidinae,Animalia,Reptilia,https://vvtaxatree.tbn.org.tw/taxa/794c5102-e868-4ff1-b3fd-70d15a05eb94
14cea9a2-c530-4417-ae71-fe9e44ea74b0,subfamily,da78c871-28ad-47ca-b119-cd5c45c7b91c,Uromastycinae,Animalia,Reptilia,https://vvtaxatree.tbn.org.tw/taxa/14cea9a2-c530-4417-ae71-fe9e44ea74b0
c6ec2ba8-7174-4a55-80a8-b189db60759b,subfamily,43e488b8-dd39-4640-ba2e-63adb9d4ad92,Acontiinae,Animalia,Reptilia,https://vvtaxatree.tbn.org.tw/taxa/c6ec2ba8-7174-4a55-80a8-b189db60759b
f1e17061-d2eb-4c18-94f0-9cbcf59f973d,subfamily,43e488b8-dd39-4640-ba2e-63adb9d4ad92,Egerniinae,Animalia,Reptilia,https://vvtaxatree.tbn.org.tw/taxa/f1e17061-d2eb-4c18-94f0-9cbcf59f973d
4a0f2a42-f410-44f8-bda3-3cc3a6646bc8,subfamily,43e488b8-dd39-4640-ba2e-63adb9d4ad92,Eugongylinae,Animalia,Reptilia,https://vvtaxatree.tbn.org.tw/taxa/4a0f2a42-f410-44f8-bda3-3cc3a6646bc8
ad93aa8f-51e1-4ebe-880c-ce1aa3df6e63,subfamily,43e488b8-dd39-4640-ba2e-63adb9d4ad92,Lygosominae,Animalia,Reptilia,https://vvtaxatree.tbn.org.tw/taxa/ad93aa8f-51e1-4ebe-880c-ce1aa3df6e63
52c96b3d-0271-42e2-8ade-6bca63496f8e,subfamily,43e488b8-dd39-4640-ba2e-63adb9d4ad92,Mabuyinae,Animalia,Reptilia,https://vvtaxatree.tbn.org.tw/taxa/52c96b3d-0271-42e2-8ade-6bca63496f8e
5769feb6-6cfe-4bcd-abef-61088df19179,subfamily,43e488b8-dd39-4640-ba2e-63adb9d4ad92,Sphenomorphinae,Animalia,Reptilia,https://vvtaxatree.tbn.org.tw/taxa/5769feb6-6cfe-4bcd-abef-61088df19179
8cc70e7a-d255-40a7-a68f-be390a58c5d9,subfamily,43e488b8-dd39-4640-ba2e-63adb9d4ad92,Scincinae,Animalia,Reptilia,https://vvtaxatree.tbn.org.tw/taxa/8cc70e7a-d255-40a7-a68f-be390a58c5d9
91a91b9a-9bb7-42ec-b8c2-627c29d7e501,subfamily,064b30cb-736a-44cc-9ba9-8997fdb1a86f,Xantusiinae,Animalia,Reptilia,https://vvtaxatree.tbn.org.tw/taxa/91a91b9a-9bb7-42ec-b8c2-627c29d7e501
b2b82a86-0934-4ff9-8028-7915a0e30a9b,subfamily,064b30cb-736a-44cc-9ba9-8997fdb1a86f,Lepidophyminae,Animalia,Reptilia,https://vvtaxatree.tbn.org.tw/taxa/b2b82a86-0934-4ff9-8028-7915a0e30a9b
b647f8a9-2354-44a3-9e28-413ad92efea7,subfamily,064b30cb-736a-44cc-9ba9-8997fdb1a86f,Cricosaurinae,Animalia,Reptilia,https://vvtaxatree.tbn.org.tw/taxa/b647f8a9-2354-44a3-9e28-413ad92efea7
dee1e05a-9278-4958-a833-aa27c665bf94,subfamily,dd55b114-20b2-4032-9e24-562d9d100d08,Anguinae,Animalia,Reptilia,https://vvtaxatree.tbn.org.tw/taxa/dee1e05a-9278-4958-a833-aa27c665bf94
e575a15e-347b-4c4c-a8b5-0a4c0415724e,subfamily,dd55b114-20b2-4032-9e24-562d9d100d08,Anniellinae,Animalia,Reptilia,https://vvtaxatree.tbn.org.tw/taxa/e575a15e-347b-4c4c-a8b5-0a4c0415724e
29da352d-321e-4edb-92f7-0427a4f42783,subfamily,dd55b114-20b2-4032-9e24-562d9d100d08,Gerrhonotinae,Animalia,Reptilia,https://vvtaxatree.tbn.org.tw/taxa/29da352d-321e-4edb-92f7-0427a4f42783
bd21c1ed-ef01-4542-a341-6f2e52f8e252,subfamily,732fdd14-c378-44d3-b240-c3609999098a,Boinae,Animalia,Reptilia,https://vvtaxatree.tbn.org.tw/taxa/bd21c1ed-ef01-4542-a341-6f2e52f8e252
cb36733b-b14e-4ed6-9800-71007c0813bc,subfamily,732fdd14-c378-44d3-b240-c3609999098a,Ungaliophiinae,Animalia,Reptilia,https://vvtaxatree.tbn.org.tw/taxa/cb36733b-b14e-4ed6-9800-71007c0813bc
1cfe6091-ac30-458a-9513-b33cdf14c05e,subfamily,732fdd14-c378-44d3-b240-c3609999098a,Erycinae,Animalia,Reptilia,https://vvtaxatree.tbn.org.tw/taxa/1cfe6091-ac30-458a-9513-b33cdf14c05e
3c1d5350-54cb-490a-bea7-1922bc937fd1,subfamily,732fdd14-c378-44d3-b240-c3609999098a,Calabariinae,Animalia,Reptilia,https://vvtaxatree.tbn.org.tw/taxa/3c1d5350-54cb-490a-bea7-1922bc937fd1
27dce582-5531-49d8-b2bd-f0ae23daa634,subfamily,732fdd14-c378-44d3-b240-c3609999098a,Candoiinae,Animalia,Reptilia,https://vvtaxatree.tbn.org.tw/taxa/27dce582-5531-49d8-b2bd-f0ae23daa634
9f1ac05c-1dce-41f4-afd4-938ade99f024,subfamily,732fdd14-c378-44d3-b240-c3609999098a,Sanziniinae,Animalia,Reptilia,https://vvtaxatree.tbn.org.tw/taxa/9f1ac05c-1dce-41f4-afd4-938ade99f024
3264b327-b148-491c-a175-acab40b57f03,subfamily,732fdd14-c378-44d3-b240-c3609999098a,Charininae,Animalia,Reptilia,https://vvtaxatree.tbn.org.tw/taxa/3264b327-b148-491c-a175-acab40b57f03
4d86b2aa-f427-4cf2-b9c3-d3d82d57d203,subfamily,2578c6fe-baf3-4d08-a010-d0f72d5bd930,Ahaetuliinae,Animalia,Reptilia,https://vvtaxatree.tbn.org.tw/taxa/4d86b2aa-f427-4cf2-b9c3-d3d82d57d203
3014a48b-5e19-45ff-bab4-50c7eb87c8e5,subfamily,2578c6fe-baf3-4d08-a010-d0f72d5bd930,Calamariinae,Animalia,Reptilia,https://vvtaxatree.tbn.org.tw/taxa/3014a48b-5e19-45ff-bab4-50c7eb87c8e5
58895778-a299-4fba-98aa-8f3d8ad45942,subfamily,2578c6fe-baf3-4d08-a010-d0f72d5bd930,Colubrinae,Animalia,Reptilia,https://vvtaxatree.tbn.org.tw/taxa/58895778-a299-4fba-98aa-8f3d8ad45942
4e6a663e-2f2c-4257-9c65-c6407ea522e5,subfamily,2578c6fe-baf3-4d08-a010-d0f72d5bd930,Dipsadinae,Animalia,Reptilia,https://vvtaxatree.tbn.org.tw/taxa/4e6a663e-2f2c-4257-9c65-c6407ea522e5
83087e50-e4fe-43ff-94bb-e99e4596ff6d,subfamily,2578c6fe-baf3-4d08-a010-d0f72d5bd930,Grayiinae,Animalia,Reptilia,https://vvtaxatree.tbn.org.tw/taxa/83087e50-e4fe-43ff-94bb-e99e4596ff6d
8258a501-40b8-4afa-a35b-d32704a75ec1,subfamily,2578c6fe-baf3-4d08-a010-d0f72d5bd930,Natricinae,Animalia,Reptilia,https://vvtaxatree.tbn.org.tw/taxa/8258a501-40b8-4afa-a35b-d32704a75ec1
7a3fca69-ae19-49c1-b54a-7a2e0d6275d0,subfamily,2578c6fe-baf3-4d08-a010-d0f72d5bd930,Pseudoxenodontinae,Animalia,Reptilia,https://vvtaxatree.tbn.org.tw/taxa/7a3fca69-ae19-49c1-b54a-7a2e0d6275d0
9e2af9fd-fcba-4cb7-a256-fc4156c925c0,subfamily,2578c6fe-baf3-4d08-a010-d0f72d5bd930,Sibynophiinae,Animalia,Reptilia,https://vvtaxatree.tbn.org.tw/taxa/9e2af9fd-fcba-4cb7-a256-fc4156c925c0
50ad3de7-2432-49aa-9f2c-9d75c7bc67d7,subfamily,bb5e7cea-018b-4cd9-b2fa-2e40bae5aead,Aparallactinae,Animalia,Reptilia,https://vvtaxatree.tbn.org.tw/taxa/50ad3de7-2432-49aa-9f2c-9d75c7bc67d7
e6626e25-3c94-4338-8cdb-e3de1af5b7ce,subfamily,bb5e7cea-018b-4cd9-b2fa-2e40bae5aead,Atractaspidinae,Animalia,Reptilia,https://vvtaxatree.tbn.org.tw/taxa/e6626e25-3c94-4338-8cdb-e3de1af5b7ce
e61c4d6a-4c6a-4468-ad06-22ade78e7335,subfamily,c6bbe326-05a2-4be7-ae0f-ea079936a8a4,Elapinae,Animalia,Reptilia,https://vvtaxatree.tbn.org.tw/taxa/e61c4d6a-4c6a-4468-ad06-22ade78e7335
1865dd0d-022c-4d91-ae0f-148fd109eed6,subfamily,c6bbe326-05a2-4be7-ae0f-ea079936a8a4,Hydrophiinae,Animalia,Reptilia,https://vvtaxatree.tbn.org.tw/taxa/1865dd0d-022c-4d91-ae0f-148fd109eed6
2ce51d07-b8ea-4791-975c-540dbaafdde7,subfamily,e735cd5d-e1b8-4a0c-bd8b-ce8c1b107283,Leptotyphlopinae,Animalia,Reptilia,https://vvtaxatree.tbn.org.tw/taxa/2ce51d07-b8ea-4791-975c-540dbaafdde7
af7964a2-4afa-469d-b821-85140c87a0aa,subfamily,e735cd5d-e1b8-4a0c-bd8b-ce8c1b107283,Epictinae,Animalia,Reptilia,https://vvtaxatree.tbn.org.tw/taxa/af7964a2-4afa-469d-b821-85140c87a0aa
83d9ec3d-382c-4bcc-b091-a21bdc7b2f93,subfamily,577a71a2-46d8-44af-a4df-70def6593774,Azemiopinae,Animalia,Reptilia,https://vvtaxatree.tbn.org.tw/taxa/83d9ec3d-382c-4bcc-b091-a21bdc7b2f93
afee8a90-7e19-4157-ad78-7dc38229ad74,subfamily,577a71a2-46d8-44af-a4df-70def6593774,Crotalinae,Animalia,Reptilia,https://vvtaxatree.tbn.org.tw/taxa/afee8a90-7e19-4157-ad78-7dc38229ad74
192de345-5731-4d16-94dc-680154776357,subfamily,577a71a2-46d8-44af-a4df-70def6593774,Viperinae,Animalia,Reptilia,https://vvtaxatree.tbn.org.tw/taxa/192de345-5731-4d16-94dc-680154776357
890ed8fa-e3d9-460d-8892-c7920f6a65ba,subfamily,3f83b234-9620-452b-b5f0-579b85a3e04b,Alligatorinae,Animalia,Reptilia,https://vvtaxatree.tbn.org.tw/taxa/890ed8fa-e3d9-460d-8892-c7920f6a65ba
0d2d2943-adf1-42d7-8dca-12b14b6486bd,subfamily,3f83b234-9620-452b-b5f0-579b85a3e04b,Caimaninae,Animalia,Reptilia,https://vvtaxatree.tbn.org.tw/taxa/0d2d2943-adf1-42d7-8dca-12b14b6486bd
4c3fe18e-62ed-4536-8b23-414a5d3b4545,subfamily,05c660c6-c597-4e0e-a618-8bd69347c7fd,Fossarinae,Animalia,Gastropoda,https://vvtaxatree.tbn.org.tw/taxa/4c3fe18e-62ed-4536-8b23-414a5d3b4545
1af547a5-87b6-45ed-8760-44b949d580f2,subfamily,3f655a6d-1f9f-45ad-8599-ebf0f0ef0f0a,Cervinae,Animalia,Mammalia,https://vvtaxatree.tbn.org.tw/taxa/1af547a5-87b6-45ed-8760-44b949d580f2
f39b0c34-a877-4b4a-b768-474287d9e436,subfamily,958533d2-fc5b-4f8a-9b9d-b3282a4ecbce,Heterolepismatinae,Animalia,Insecta,https://vvtaxatree.tbn.org.tw/taxa/f39b0c34-a877-4b4a-b768-474287d9e436
24d8786e-8df8-43e6-b5d0-9d53fcd9ef4c,subfamily,87b4d623-00b8-41be-b325-5234771dfc75,Asopinae,Animalia,Insecta,https://vvtaxatree.tbn.org.tw/taxa/24d8786e-8df8-43e6-b5d0-9d53fcd9ef4c
2f1dd624-b4c1-4f30-b28a-97423a1c3e2d,subfamily,0634b6a9-4a2b-4952-811b-167e33278d7c,Petricolinae,Animalia,Bivalvia,https://vvtaxatree.tbn.org.tw/taxa/2f1dd624-b4c1-4f30-b28a-97423a1c3e2d
71e04955-5529-4f3c-ad84-493a84246f7b,subfamily,f1b3fb3e-7241-4db8-82ba-eb47c663330e,Sterrhinae,Animalia,Insecta,https://vvtaxatree.tbn.org.tw/taxa/71e04955-5529-4f3c-ad84-493a84246f7b
fc1207af-2ff1-4ee2-acee-42847d0f60d8,subfamily,81c1864f-197f-4486-956c-b240c5ec2923,Phonognathinae,Animalia,Arachnida,https://vvtaxatree.tbn.org.tw/taxa/fc1207af-2ff1-4ee2-acee-42847d0f60d8
5fed81fc-cf9d-4db4-b1cd-3c5422dbd561,subfamily,05a3da9d-724f-4f57-8aa3-2c96b5827fd5,Cyclodorippinae,Animalia,Malacostraca,https://vvtaxatree.tbn.org.tw/taxa/5fed81fc-cf9d-4db4-b1cd-3c5422dbd561
4236bd81-63eb-4bd0-88dd-75cb112e2ffe,subfamily,05a3da9d-724f-4f57-8aa3-2c96b5827fd5,Xeinostomatinae,Animalia,Malacostraca,https://vvtaxatree.tbn.org.tw/taxa/4236bd81-63eb-4bd0-88dd-75cb112e2ffe
fad115f5-8989-4812-9242-2f18e7c4d81e,subfamily,4acaa87d-fd3b-4a77-bbf3-b89ba94597d3,Dromiinae,Animalia,Malacostraca,https://vvtaxatree.tbn.org.tw/taxa/fad115f5-8989-4812-9242-2f18e7c4d81e
c2526e29-089d-4835-94f0-573e89b9acb3,subfamily,4acaa87d-fd3b-4a77-bbf3-b89ba94597d3,Sphaerodromiinae,Animalia,Malacostraca,https://vvtaxatree.tbn.org.tw/taxa/c2526e29-089d-4835-94f0-573e89b9acb3
8271c9b0-2ce8-4638-bc36-36a920333886,subfamily,f11d6c41-574e-445e-9ed2-d64206cb5aad,Acanthodromiinae,Animalia,Malacostraca,https://vvtaxatree.tbn.org.tw/taxa/8271c9b0-2ce8-4638-bc36-36a920333886
dc3d2957-c45f-4df3-8f87-984c530fd018,subfamily,f11d6c41-574e-445e-9ed2-d64206cb5aad,Dynomeninae,Animalia,Malacostraca,https://vvtaxatree.tbn.org.tw/taxa/dc3d2957-c45f-4df3-8f87-984c530fd018
90d63c2f-8b12-4ba6-b0d3-8716a0f2a012,subfamily,f11d6c41-574e-445e-9ed2-d64206cb5aad,Metadynomeninae,Animalia,Malacostraca,https://vvtaxatree.tbn.org.tw/taxa/90d63c2f-8b12-4ba6-b0d3-8716a0f2a012
f2b85c06-08c4-4921-8ee3-45d46cbe8655,subfamily,f11d6c41-574e-445e-9ed2-d64206cb5aad,Paradynomeninae,Animalia,Malacostraca,https://vvtaxatree.tbn.org.tw/taxa/f2b85c06-08c4-4921-8ee3-45d46cbe8655
fe101ece-5b76-4d97-9e5d-80c96a928dea,subfamily,601aac65-872d-4c20-9ebe-8d9b98b37c78,Notopodinae,Animalia,Malacostraca,https://vvtaxatree.tbn.org.tw/taxa/fe101ece-5b76-4d97-9e5d-80c96a928dea
68eee4fc-2c1d-48bf-8516-690a92a03337,subfamily,601aac65-872d-4c20-9ebe-8d9b98b37c78,Ranininae,Animalia,Malacostraca,https://vvtaxatree.tbn.org.tw/taxa/68eee4fc-2c1d-48bf-8516-690a92a03337
c64c0682-32d8-44b1-a740-a803ddab3eba,subfamily,601aac65-872d-4c20-9ebe-8d9b98b37c78,Raninoidinae,Animalia,Malacostraca,https://vvtaxatree.tbn.org.tw/taxa/c64c0682-32d8-44b1-a740-a803ddab3eba
66181750-d992-4b88-8114-f912476dae06,subfamily,2be770a3-a278-4ad4-ad48-037a9e2b9635,Chasmocarcininae,Animalia,Malacostraca,https://vvtaxatree.tbn.org.tw/taxa/66181750-d992-4b88-8114-f912476dae06
bdd62301-548d-4c30-8012-56c1e1d2e775,subfamily,933cbed7-2ba1-48b9-a592-60986354833a,Goneplacinae,Animalia,Malacostraca,https://vvtaxatree.tbn.org.tw/taxa/bdd62301-548d-4c30-8012-56c1e1d2e775
fabb91e8-c6ac-4572-827d-089dc63f4db3,subfamily,b35b52f8-236d-4c25-8026-e329867de107,Hymenosomatinae,Animalia,Malacostraca,https://vvtaxatree.tbn.org.tw/taxa/fabb91e8-c6ac-4572-827d-089dc63f4db3
f30d543d-b53d-4176-901c-284962a2f811,subfamily,2f94a78e-a2c3-462b-a7cd-b46289fbc288,Cryptocneminae,Animalia,Malacostraca,https://vvtaxatree.tbn.org.tw/taxa/f30d543d-b53d-4176-901c-284962a2f811
7812f5b7-ffab-49ac-91d3-8cbdeb8bf6f2,subfamily,2f94a78e-a2c3-462b-a7cd-b46289fbc288,Ebaliinae,Animalia,Malacostraca,https://vvtaxatree.tbn.org.tw/taxa/7812f5b7-ffab-49ac-91d3-8cbdeb8bf6f2
a55fdb6e-77a2-4ca6-9de7-602a22588c18,subfamily,2f94a78e-a2c3-462b-a7cd-b46289fbc288,Leucosiinae,Animalia,Malacostraca,https://vvtaxatree.tbn.org.tw/taxa/a55fdb6e-77a2-4ca6-9de7-602a22588c18
257a77c8-e191-45a1-9713-063f12bf8bb9,subfamily,95f69894-1fec-49b4-af2c-43a7a4ffe1a5,Epialtinae,Animalia,Malacostraca,https://vvtaxatree.tbn.org.tw/taxa/257a77c8-e191-45a1-9713-063f12bf8bb9
314bf008-cd12-4236-a9ce-e257c9d65f78,subfamily,95f69894-1fec-49b4-af2c-43a7a4ffe1a5,Pisinae,Animalia,Malacostraca,https://vvtaxatree.tbn.org.tw/taxa/314bf008-cd12-4236-a9ce-e257c9d65f78
e7068d7f-37b5-4d75-80cf-bdff5e7c4b5d,subfamily,95f69894-1fec-49b4-af2c-43a7a4ffe1a5,Tychinae,Animalia,Malacostraca,https://vvtaxatree.tbn.org.tw/taxa/e7068d7f-37b5-4d75-80cf-bdff5e7c4b5d
a130cf50-64a3-4e4a-aaff-aeea5749419b,subfamily,5eba343a-9975-4f42-ab13-d78bd8516408,Inachinae,Animalia,Malacostraca,https://vvtaxatree.tbn.org.tw/taxa/a130cf50-64a3-4e4a-aaff-aeea5749419b
38c373bf-c035-474f-8366-b47c47de8dec,subfamily,d6117b3e-f156-4e41-8e73-1ed85096d86f,Majinae,Animalia,Malacostraca,https://vvtaxatree.tbn.org.tw/taxa/38c373bf-c035-474f-8366-b47c47de8dec
99af1b80-3d0f-4fd2-b1fb-9b94be763f2b,subfamily,eda37a47-cfea-4438-b779-a693e6d6ee02,Pleistacanthinae,Animalia,Malacostraca,https://vvtaxatree.tbn.org.tw/taxa/99af1b80-3d0f-4fd2-b1fb-9b94be763f2b
7abc4283-d1fa-4946-b62a-13aae571c55d,subfamily,5d3a4252-89fa-4168-98d5-8c706425b50e,Daldorfiinae,Animalia,Malacostraca,https://vvtaxatree.tbn.org.tw/taxa/7abc4283-d1fa-4946-b62a-13aae571c55d
9b3fabc0-ad04-4305-a709-bf3406550747,subfamily,5d3a4252-89fa-4168-98d5-8c706425b50e,Parthenopinae,Animalia,Malacostraca,https://vvtaxatree.tbn.org.tw/taxa/9b3fabc0-ad04-4305-a709-bf3406550747
f7975314-d940-427d-88c9-3d6aec0cbb19,subfamily,921cf716-d138-497e-aae4-cf1f7000649d,Galeninae,Animalia,Malacostraca,https://vvtaxatree.tbn.org.tw/taxa/f7975314-d940-427d-88c9-3d6aec0cbb19
bc73419b-ff92-4ca5-84c5-7a64766487db,subfamily,921cf716-d138-497e-aae4-cf1f7000649d,Halimedinae,Animalia,Malacostraca,https://vvtaxatree.tbn.org.tw/taxa/bc73419b-ff92-4ca5-84c5-7a64766487db
c3fc171a-14e6-4414-bb5c-ca613f1e4ef6,subfamily,cc27611f-8dd6-4126-969e-524cb5f623d4,Eumedoninae,Animalia,Malacostraca,https://vvtaxatree.tbn.org.tw/taxa/c3fc171a-14e6-4414-bb5c-ca613f1e4ef6
4f10a523-5834-4ea1-a685-d3c32c9b7239,subfamily,cc27611f-8dd6-4126-969e-524cb5f623d4,Pilumninae,Animalia,Malacostraca,https://vvtaxatree.tbn.org.tw/taxa/4f10a523-5834-4ea1-a685-d3c32c9b7239
945b0f17-c491-474a-8728-839b410c2676,subfamily,cc27611f-8dd6-4126-969e-524cb5f623d4,Rhizopinae,Animalia,Malacostraca,https://vvtaxatree.tbn.org.tw/taxa/945b0f17-c491-474a-8728-839b410c2676
05335ccf-9b6c-433e-aa72-7b596c9c7e7f,subfamily,cc27611f-8dd6-4126-969e-524cb5f623d4,Xenophthalmodinae,Animalia,Malacostraca,https://vvtaxatree.tbn.org.tw/taxa/05335ccf-9b6c-433e-aa72-7b596c9c7e7f
75af1f1e-4a6d-475d-a5fa-8593c2b01a4d,subfamily,4bbd5018-4e6d-4df9-95b2-ce6261662650,Caphyrinae,Animalia,Malacostraca,https://vvtaxatree.tbn.org.tw/taxa/75af1f1e-4a6d-475d-a5fa-8593c2b01a4d
bde1e245-1ed7-4d66-87d9-fba6068f79f8,subfamily,4bbd5018-4e6d-4df9-95b2-ce6261662650,Carupinae,Animalia,Malacostraca,https://vvtaxatree.tbn.org.tw/taxa/bde1e245-1ed7-4d66-87d9-fba6068f79f8
b96f751a-e339-48d2-a97c-ab64766f0ce3,subfamily,4bbd5018-4e6d-4df9-95b2-ce6261662650,Lupocyclinae,Animalia,Malacostraca,https://vvtaxatree.tbn.org.tw/taxa/b96f751a-e339-48d2-a97c-ab64766f0ce3
420c0b4e-09bb-4423-aa69-c6bb37ff7809,subfamily,4bbd5018-4e6d-4df9-95b2-ce6261662650,Podophthalminae,Animalia,Malacostraca,https://vvtaxatree.tbn.org.tw/taxa/420c0b4e-09bb-4423-aa69-c6bb37ff7809
6d9d0826-1d15-4b38-9fa1-383540798675,subfamily,4bbd5018-4e6d-4df9-95b2-ce6261662650,Portuninae,Animalia,Malacostraca,https://vvtaxatree.tbn.org.tw/taxa/6d9d0826-1d15-4b38-9fa1-383540798675
c39312bb-1c9a-4742-9752-c0cfc5491817,subfamily,4bbd5018-4e6d-4df9-95b2-ce6261662650,Thalamitinae,Animalia,Malacostraca,https://vvtaxatree.tbn.org.tw/taxa/c39312bb-1c9a-4742-9752-c0cfc5491817
ff426ced-4638-4fb3-89bb-313396ac7ccf,subfamily,a78bf956-1396-45f7-9cdb-807dd334c8da,Quadrellinae,Animalia,Malacostraca,https://vvtaxatree.tbn.org.tw/taxa/ff426ced-4638-4fb3-89bb-313396ac7ccf
00ee6be3-5329-4e23-ae3a-f76ecb4ba695,subfamily,a78bf956-1396-45f7-9cdb-807dd334c8da,Trapeziinae,Animalia,Malacostraca,https://vvtaxatree.tbn.org.tw/taxa/00ee6be3-5329-4e23-ae3a-f76ecb4ba695
07a68c62-090c-46d1-8c29-4057ff472325,subfamily,1f823286-3e82-49de-b9f8-8f921e0cd26d,Antrocarcininae,Animalia,Malacostraca,https://vvtaxatree.tbn.org.tw/taxa/07a68c62-090c-46d1-8c29-4057ff472325
6db0a518-7b92-4277-b87a-8e608577bade,subfamily,1f823286-3e82-49de-b9f8-8f921e0cd26d,Banareiini,Animalia,Malacostraca,https://vvtaxatree.tbn.org.tw/taxa/6db0a518-7b92-4277-b87a-8e608577bade
5d657152-4fe9-4cbc-8d3b-9db08982a9f7,subfamily,1f823286-3e82-49de-b9f8-8f921e0cd26d,Cymoinae,Animalia,Malacostraca,https://vvtaxatree.tbn.org.tw/taxa/5d657152-4fe9-4cbc-8d3b-9db08982a9f7
cfc43c49-0e4a-4ca9-a93e-c10ab343c2d9,subfamily,1f823286-3e82-49de-b9f8-8f921e0cd26d,Kraussiinae,Animalia,Malacostraca,https://vvtaxatree.tbn.org.tw/taxa/cfc43c49-0e4a-4ca9-a93e-c10ab343c2d9
5e6f1d45-e520-46b0-b443-b5d69d5d222e,subfamily,1f823286-3e82-49de-b9f8-8f921e0cd26d,Polydectinae,Animalia,Malacostraca,https://vvtaxatree.tbn.org.tw/taxa/5e6f1d45-e520-46b0-b443-b5d69d5d222e
9624f4a0-6ced-40f4-a271-72b6dd9f2ecd,subfamily,1cc1d873-4095-4f5a-b85e-7f0f5a1aff04,Asthenognathinae,Animalia,Malacostraca,https://vvtaxatree.tbn.org.tw/taxa/9624f4a0-6ced-40f4-a271-72b6dd9f2ecd
c25b70f4-c847-48aa-8fae-93dc61fba480,subfamily,1cc1d873-4095-4f5a-b85e-7f0f5a1aff04,Cyclograpsinae,Animalia,Malacostraca,https://vvtaxatree.tbn.org.tw/taxa/c25b70f4-c847-48aa-8fae-93dc61fba480
ed241789-7dd2-4a38-920f-ae61bb0c3d03,subfamily,1cc1d873-4095-4f5a-b85e-7f0f5a1aff04,Gaeticinae,Animalia,Malacostraca,https://vvtaxatree.tbn.org.tw/taxa/ed241789-7dd2-4a38-920f-ae61bb0c3d03
4261ce9f-956c-46ed-894e-b7cb661ceeab,subfamily,1cc1d873-4095-4f5a-b85e-7f0f5a1aff04,Thalassograpsinae,Animalia,Malacostraca,https://vvtaxatree.tbn.org.tw/taxa/4261ce9f-956c-46ed-894e-b7cb661ceeab
99dd6650-5533-4a2f-ad30-b36950697a5f,subfamily,1cc1d873-4095-4f5a-b85e-7f0f5a1aff04,Varuninae,Animalia,Malacostraca,https://vvtaxatree.tbn.org.tw/taxa/99dd6650-5533-4a2f-ad30-b36950697a5f
4adf6dd8-bd21-45f4-bda6-df9379b59830,subfamily,666c2c15-f197-4e3d-89de-6e6bc1a6c108,Dotillinae,Animalia,Malacostraca,https://vvtaxatree.tbn.org.tw/taxa/4adf6dd8-bd21-45f4-bda6-df9379b59830
6b4a17e7-8527-4c5e-8abb-5fe52225be5a,subfamily,887e13eb-374c-4abe-9165-43f7021cf916,Ilyograpsinae,Animalia,Malacostraca,https://vvtaxatree.tbn.org.tw/taxa/6b4a17e7-8527-4c5e-8abb-5fe52225be5a
4404731f-ec0b-4f74-907a-4a0ba6115199,subfamily,887e13eb-374c-4abe-9165-43f7021cf916,Macrophthalminae,Animalia,Malacostraca,https://vvtaxatree.tbn.org.tw/taxa/4404731f-ec0b-4f74-907a-4a0ba6115199
64d549be-c548-41a8-8854-890d6b00b7b4,subfamily,e18c7cdb-aa8a-4068-851e-7a951f529f48,Gelasiminae,Animalia,Malacostraca,https://vvtaxatree.tbn.org.tw/taxa/64d549be-c548-41a8-8854-890d6b00b7b4
6100a8e7-a833-4260-8a50-91d97f64ba34,subfamily,e18c7cdb-aa8a-4068-851e-7a951f529f48,Ocypodinae,Animalia,Malacostraca,https://vvtaxatree.tbn.org.tw/taxa/6100a8e7-a833-4260-8a50-91d97f64ba34
e6e66320-eba5-4789-ba01-3949c18c5b7e,subfamily,ef950ee1-25ba-4d8a-ac15-259b3dc31055,Xenophthalminae,Animalia,Malacostraca,https://vvtaxatree.tbn.org.tw/taxa/e6e66320-eba5-4789-ba01-3949c18c5b7e
6e9317e4-aa6d-48b8-a937-6ef5281dbe53,subfamily,d2b29300-1073-43dc-bb9c-d9bd088fecf3,Pinnotherinae,Animalia,Malacostraca,https://vvtaxatree.tbn.org.tw/taxa/6e9317e4-aa6d-48b8-a937-6ef5281dbe53
552136bf-da9d-4db3-9b67-cb5338a26eea,tribe,f5861cc4-c604-4903-a8d8-1ec61d739ade,Sternechosomini,Animalia,Insecta,https://vvtaxatree.tbn.org.tw/taxa/552136bf-da9d-4db3-9b67-cb5338a26eea
a8108e64-a463-4cd6-a1e4-10ffef896149,tribe,0c5de3f8-5fbf-4bc6-bc6b-db1c98c66b2d,Nicagini,Animalia,Insecta,https://vvtaxatree.tbn.org.tw/taxa/a8108e64-a463-4cd6-a1e4-10ffef896149
f4408aaa-c3cd-418d-abd2-7e21a3abf1a7,tribe,0c5de3f8-5fbf-4bc6-bc6b-db1c98c66b2d,Ceratognathini,Animalia,Insecta,https://vvtaxatree.tbn.org.tw/taxa/f4408aaa-c3cd-418d-abd2-7e21a3abf1a7
935ac702-5d0d-4b3a-ae22-314383e3154a,tribe,be6227ec-a869-49d1-b3cc-2e89948b9c9b,Syndesini,Animalia,Insecta,https://vvtaxatree.tbn.org.tw/taxa/935ac702-5d0d-4b3a-ae22-314383e3154a
9d6124d0-0e22-4108-af1b-41f70b629f29,tribe,9d132751-4e3b-427d-b3e9-2635b48ef3cb,Datamini,Animalia,Insecta,https://vvtaxatree.tbn.org.tw/taxa/9d6124d0-0e22-4108-af1b-41f70b629f29
dc33b0f9-c5c1-400d-b9f1-e6ea94d1c10d,tribe,962023d0-ac5b-4942-8376-629b82675f7e,Goniophytonini,Animalia,Insecta,https://vvtaxatree.tbn.org.tw/taxa/dc33b0f9-c5c1-400d-b9f1-e6ea94d1c10d
b1d3a46a-6957-4def-95b0-5d80ce551852,tribe,8340668e-9f80-4e16-9664-1d9dd6824a7f,Obrimini,Animalia,Insecta,https://vvtaxatree.tbn.org.tw/taxa/b1d3a46a-6957-4def-95b0-5d80ce551852
b5e54ce7-995c-4dc0-9de7-f082624e943a,tribe,ab16d6f8-75c8-4c0a-8b1e-c993c5b603a2,Capnogryllacridini,Animalia,Insecta,https://vvtaxatree.tbn.org.tw/taxa/b5e54ce7-995c-4dc0-9de7-f082624e943a
3a7f60f6-9e28-4014-bf8b-ecf92535f973,tribe,ab16d6f8-75c8-4c0a-8b1e-c993c5b603a2,Phryganogryllacridini,Animalia,Insecta,https://vvtaxatree.tbn.org.tw/taxa/3a7f60f6-9e28-4014-bf8b-ecf92535f973
84611900-6db1-49d4-9dfb-3eed876e7cbc,tribe,ce2e87c7-927e-4f21-a7e6-fa07176693df,Pteroini,Animalia,Actinopteri,https://vvtaxatree.tbn.org.tw/taxa/84611900-6db1-49d4-9dfb-3eed876e7cbc
a7ff8975-4a6c-4cde-a06b-a248b7611331,tribe,0d2c96b9-3c85-481f-aa06-8d24142ad30b,Lonchaeini,Animalia,Insecta,https://vvtaxatree.tbn.org.tw/taxa/a7ff8975-4a6c-4cde-a06b-a248b7611331
6e614915-f9f4-465e-9a63-d12dcab8b975,subtribe,2afc389d-f899-4395-9388-7fd189cc2159,Arabiscina,Animalia,Insecta,https://vvtaxatree.tbn.org.tw/taxa/6e614915-f9f4-465e-9a63-d12dcab8b975
727876f3-1a03-452b-906b-e31f514db40c,subtribe,e10d781a-9341-479d-8856-e25751e33b39,Metopiaina,Animalia,Insecta,https://vvtaxatree.tbn.org.tw/taxa/727876f3-1a03-452b-906b-e31f514db40c
b68867c3-f952-49d9-b2d3-0617345cb32f,genus,e8d0a0be-2973-4598-a49e-07516794cadc,Cephalodiscus,Animalia,Pterobranchia,https://vvtaxatree.tbn.org.tw/taxa/b68867c3-f952-49d9-b2d3-0617345cb32f
56fbe5e1-180d-4c0b-85dd-426a7325b094,genus,f40a75ec-15e8-44fc-a709-f1d9da6222e2,Hansenocaris,Animalia,Thecostraca,https://vvtaxatree.tbn.org.tw/taxa/56fbe5e1-180d-4c0b-85dd-426a7325b094
f8ad92ec-fd37-47ad-a321-a45780254d48,genus,a24c791a-71a3-4df3-a329-42318abcfaf6,Jennaria,Animalia,Clitellata,https://vvtaxatree.tbn.org.tw/taxa/f8ad92ec-fd37-47ad-a321-a45780254d48
fd414015-7bb2-42ef-95a3-f0bed1a4e6b7,genus,d05535d9-d979-4b18-9754-2a888488f43c,Phoronis,Animalia,"",https://vvtaxatree.tbn.org.tw/taxa/fd414015-7bb2-42ef-95a3-f0bed1a4e6b7
0f60b474-5657-41c8-bac6-1d9352bf7bec,genus,5c0e913e-08b2-4ab3-b5a9-066512a9970f,Trichoplax,Animalia,"",https://vvtaxatree.tbn.org.tw/taxa/0f60b474-5657-41c8-bac6-1d9352bf7bec
107e93d7-e820-490f-96a9-6f3a1038fdf6,genus,12327c1c-5498-4477-9d56-ddb6ca13a517,Aka,Animalia,Demospongiae,https://vvtaxatree.tbn.org.tw/taxa/107e93d7-e820-490f-96a9-6f3a1038fdf6
77d8c383-51fc-4e6c-8233-bc351c1fa128,genus,ba5d0507-de23-4d7e-afa0-80f9ff2ba068,Ananarsia,Animalia,Insecta,https://vvtaxatree.tbn.org.tw/taxa/77d8c383-51fc-4e6c-8233-bc351c1fa128
4792c6ad-113b-4b64-adb7-1a6108620fcc,genus,29f28f99-7329-4b93-a105-5c745d16c064,Arielulus,Animalia,Mammalia,https://vvtaxatree.tbn.org.tw/taxa/4792c6ad-113b-4b64-adb7-1a6108620fcc
4f1c80fa-b6c8-4358-85b5-ab38de0abb37,genus,b8125ae6-2832-470e-ac82-5340396928c7,Aulacochilus,Animalia,Insecta,https://vvtaxatree.tbn.org.tw/taxa/4f1c80fa-b6c8-4358-85b5-ab38de0abb37
2e13492b-7972-433c-8af0-cfcc6c3b9124,genus,e7d2f286-e7f1-49f7-a1b2-99f7c40a3a45,Babina,Animalia,Amphibia,https://vvtaxatree.tbn.org.tw/taxa/2e13492b-7972-433c-8af0-cfcc6c3b9124
7fe06c1b-7137-4df8-9492-c36fa5fd2188,genus,17d58073-c57d-4daa-ab64-b7fa7200c3d0,Biemna,Animalia,Demospongiae,https://vvtaxatree.tbn.org.tw/taxa/7fe06c1b-7137-4df8-9492-c36fa5fd2188
6efe59b2-a801-45fc-a23f-e5bf79df2366,genus,c806ceb5-54a6-4ebf-9250-69256156b2f5,Coscinoderma,Animalia,Demospongiae,https://vvtaxatree.tbn.org.tw/taxa/6efe59b2-a801-45fc-a23f-e5bf79df2366
e5660ddd-e240-48a7-8cd6-30c07851c2cc,genus,5905ea67-c25a-4f06-80d2-3f2a5e7b7ebe,Nersiella,Animalia,Insecta,https://vvtaxatree.tbn.org.tw/taxa/e5660ddd-e240-48a7-8cd6-30c07851c2cc
c414a0d5-0e6b-4b0e-8aad-0cbe95cf59c6,genus,5ceaf2a3-5eda-4089-8378-df206fd2143c,Oceanodroma,Animalia,Aves,https://vvtaxatree.tbn.org.tw/taxa/c414a0d5-0e6b-4b0e-8aad-0cbe95cf59c6
b08786f2-a98e-4610-9258-aae44d61ca1d,genus,e0716dca-89fb-4194-8d34-b18b34bf9b13,Odhnerium,Animalia,Neoophora,https://vvtaxatree.tbn.org.tw/taxa/b08786f2-a98e-4610-9258-aae44d61ca1d
b1bc7ca1-ef65-429a-8b7b-637abbf01e93,genus,26fbc25f-9109-4863-98a0-54e047a52b6f,Otocichla,Animalia,Aves,https://vvtaxatree.tbn.org.tw/taxa/b1bc7ca1-ef65-429a-8b7b-637abbf01e93
c26781d9-4ffa-4a68-a23e-5d516cb42338,genus,c6bbe326-05a2-4be7-ae0f-ea079936a8a4,Pelamis,Animalia,Reptilia,https://vvtaxatree.tbn.org.tw/taxa/c26781d9-4ffa-4a68-a23e-5d516cb42338
94fa0e4d-0e15-40a0-adea-918aeda38e6d,genus,15d0d9c0-b8f3-441b-9125-251b53f84d1b,Pseudoceratina,Animalia,Demospongiae,https://vvtaxatree.tbn.org.tw/taxa/94fa0e4d-0e15-40a0-adea-918aeda38e6d
f15afd01-80f1-46bf-a255-b8e266f8baf6,genus,07c7fefb-b1d5-45c1-8a21-047d13083121,Secutor,Animalia,Actinopteri,https://vvtaxatree.tbn.org.tw/taxa/f15afd01-80f1-46bf-a255-b8e266f8baf6
3db0bb64-243c-4da1-9d0c-ff4eb287436f,genus,2578c6fe-baf3-4d08-a010-d0f72d5bd930,Sinonatrix,Animalia,Reptilia,https://vvtaxatree.tbn.org.tw/taxa/3db0bb64-243c-4da1-9d0c-ff4eb287436f
625da6b6-092f-414a-ab14-0210f71a0632,genus,f5b167c2-8356-4023-a6bd-054b888b27a7,Spheciospongia,Animalia,Demospongiae,https://vvtaxatree.tbn.org.tw/taxa/625da6b6-092f-414a-ab14-0210f71a0632
31f0e811-8aef-4aca-b726-fd42e2205b38,genus,a03878be-05f5-4943-bc94-01f81a3ce598,Sylvia,Animalia,Aves,https://vvtaxatree.tbn.org.tw/taxa/31f0e811-8aef-4aca-b726-fd42e2205b38
d9e9fbe6-1637-4ed7-bdd1-bd52a276998e,genus,9976cd9b-eb35-46eb-8e2e-fed700c0c9e9,Tanakia,Animalia,Actinopteri,https://vvtaxatree.tbn.org.tw/taxa/d9e9fbe6-1637-4ed7-bdd1-bd52a276998e
55e7df8e-af30-4d0e-8161-5423f3865ac4,genus,53ca0ab9-f68b-4d11-93d4-0d8b014d04cb,Tedania,Animalia,Demospongiae,https://vvtaxatree.tbn.org.tw/taxa/55e7df8e-af30-4d0e-8161-5423f3865ac4
2f40cb16-cad2-4d12-abe5-516108885405,genus,e0716dca-89fb-4194-8d34-b18b34bf9b13,Tetrochetus,Animalia,Neoophora,https://vvtaxatree.tbn.org.tw/taxa/2f40cb16-cad2-4d12-abe5-516108885405
e535a04b-468b-4814-a45e-c05b086656b2,genus,2578c6fe-baf3-4d08-a010-d0f72d5bd930,Xenochrophis,Animalia,Reptilia,https://vvtaxatree.tbn.org.tw/taxa/e535a04b-468b-4814-a45e-c05b086656b2
24e2246b-0b92-4518-bbef-b7f9aa0733ad,genus,96263d48-9383-4517-9831-72f1222d2045,Xizicus,Animalia,Insecta,https://vvtaxatree.tbn.org.tw/taxa/24e2246b-0b92-4518-bbef-b7f9aa0733ad
7ed511d5-c34e-49ea-8a0c-806667fa76af,genus,01d1328d-2014-4cb3-a28d-d38635e35993,Dictyonella,Animalia,Demospongiae,https://vvtaxatree.tbn.org.tw/taxa/7ed511d5-c34e-49ea-8a0c-806667fa76af
f2b90e95-9be9-420e-806c-9e2597b40a41,genus,31e2bdb9-eb86-4596-a4bf-823cf2ea32e2,Enhydris,Animalia,Reptilia,https://vvtaxatree.tbn.org.tw/taxa/f2b90e95-9be9-420e-806c-9e2597b40a41
efb3501a-c929-457b-9738-ca7e6b25a75d,genus,545462f2-08c0-45cc-8978-83ef22c0ee51,Episoriculus,Animalia,Mammalia,https://vvtaxatree.tbn.org.tw/taxa/efb3501a-c929-457b-9738-ca7e6b25a75d
30b53f28-6626-47d4-b9de-9a423b0e226f,genus,744aa1d8-7bb4-46cf-8c1d-81cbba8bab33,Eulimnadia,Animalia,Branchiopoda,https://vvtaxatree.tbn.org.tw/taxa/30b53f28-6626-47d4-b9de-9a423b0e226f
b97043c1-e4ed-41eb-8d1b-25cfa5f7ccfc,genus,997a0e83-3bf6-4cba-b79c-92cd9d3ad761,Leucocraspodum,Animalia,Insecta,https://vvtaxatree.tbn.org.tw/taxa/b97043c1-e4ed-41eb-8d1b-25cfa5f7ccfc
7ae7fa81-4793-4342-8f6a-16c95e9cd18e,genus,cad4f1b5-ecbb-46c3-9552-b7978fbe20d3,Liodessus,Animalia,Insecta,https://vvtaxatree.tbn.org.tw/taxa/7ae7fa81-4793-4342-8f6a-16c95e9cd18e
1a7907a0-9e64-494b-a3b9-33460a711c67,genus,e7d2f286-e7f1-49f7-a1b2-99f7c40a3a45,Lithobates,Animalia,Amphibia,https://vvtaxatree.tbn.org.tw/taxa/1a7907a0-9e64-494b-a3b9-33460a711c67
ef76291d-dbbd-44e6-a02b-5216afb67a6c,genus,2578c6fe-baf3-4d08-a010-d0f72d5bd930,Macropisthodon,Animalia,Reptilia,https://vvtaxatree.tbn.org.tw/taxa/ef76291d-dbbd-44e6-a02b-5216afb67a6c
84febfa1-44be-48bd-824d-1dd088b61de5,genus,5dd2c9f4-0205-4859-b61e-320e967615c0,Megapomatorhinus,Animalia,Aves,https://vvtaxatree.tbn.org.tw/taxa/84febfa1-44be-48bd-824d-1dd088b61de5
c035b2c4-f1fd-4356-91d2-46c1a7519e3c,genus,63b534b4-56ad-4fba-bd42-8b63f4e6ffe7,Microeurybrachys,Animalia,Insecta,https://vvtaxatree.tbn.org.tw/taxa/c035b2c4-f1fd-4356-91d2-46c1a7519e3c
0ec3ee74-9364-4d4c-ae21-5f9bcdf5b149,genus,f6eb6f71-6c39-40a2-bdb6-341ec90ea95f,Proegmena,Animalia,Insecta,https://vvtaxatree.tbn.org.tw/taxa/0ec3ee74-9364-4d4c-ae21-5f9bcdf5b149
f01899b3-c751-4df4-81d0-d711955a7872,genus,9cf630e8-4f4d-429a-892f-dac7dea2d71c,Ischnoptera,Animalia,Insecta,https://vvtaxatree.tbn.org.tw/taxa/f01899b3-c751-4df4-81d0-d711955a7872
57fb0a49-ca57-4c0b-bd5f-28594e81395a,genus,e7f1726d-1595-4fb8-bb4d-bb674a4043df,Cryptocercus,Animalia,Insecta,https://vvtaxatree.tbn.org.tw/taxa/57fb0a49-ca57-4c0b-bd5f-28594e81395a
cbeba61e-c24d-43ea-9721-6cd019d655f6,genus,b46e2590-2a29-4a8d-9d66-595289d321eb,Cartoblatta,Animalia,Insecta,https://vvtaxatree.tbn.org.tw/taxa/cbeba61e-c24d-43ea-9721-6cd019d655f6
171d14c6-ae35-4804-adb5-85de31cf468b,genus,e94ba504-3d20-416b-85af-e13889591883,Platyzosteria,Animalia,Insecta,https://vvtaxatree.tbn.org.tw/taxa/171d14c6-ae35-4804-adb5-85de31cf468b
149e40c8-5e97-4a83-b370-35e594f26ba3,genus,e94ba504-3d20-416b-85af-e13889591883,Polyzosteria,Animalia,Insecta,https://vvtaxatree.tbn.org.tw/taxa/149e40c8-5e97-4a83-b370-35e594f26ba3
1c6fec28-5180-4ad2-a452-3200bf0cf7bb,genus,4efbc829-e6eb-475c-9e81-57a0bd68006e,Methana,Animalia,Insecta,https://vvtaxatree.tbn.org.tw/taxa/1c6fec28-5180-4ad2-a452-3200bf0cf7bb
5aaf14b3-2089-4f0f-a0df-7196c7343dc9,genus,4efbc829-e6eb-475c-9e81-57a0bd68006e,Scabina,Animalia,Insecta,https://vvtaxatree.tbn.org.tw/taxa/5aaf14b3-2089-4f0f-a0df-7196c7343dc9
e1eb5b34-3519-440c-b23d-e0fbc300b900,genus,3516f68b-bccf-47f6-ba0a-f11f4bfce1e1,Chlorita,Animalia,Insecta,https://vvtaxatree.tbn.org.tw/taxa/e1eb5b34-3519-440c-b23d-e0fbc300b900
f8c214e2-795e-4480-81b4-6152c0140b12,genus,0637dc5c-c50e-4cdc-90bb-b7f1a42676e8,Triacanthoides,Animalia,Actinopteri,https://vvtaxatree.tbn.org.tw/taxa/f8c214e2-795e-4480-81b4-6152c0140b12
80e6ae64-0187-429c-9c2e-1941c94a44ba,genus,b0f22c66-081b-46ad-a745-c6772bd81bcd,Triaenophorichthys,Animalia,Actinopteri,https://vvtaxatree.tbn.org.tw/taxa/80e6ae64-0187-429c-9c2e-1941c94a44ba
78e83ccf-ca37-445e-9abd-4f25960c632c,genus,b0f22c66-081b-46ad-a745-c6772bd81bcd,Triaenophorus,Animalia,Actinopteri,https://vvtaxatree.tbn.org.tw/taxa/78e83ccf-ca37-445e-9abd-4f25960c632c
243f6adf-832f-4af9-977c-097beae210de,genus,613a79a8-1e32-4194-a487-6a46ddf72a3d,Tribura,Animalia,Aves,https://vvtaxatree.tbn.org.tw/taxa/243f6adf-832f-4af9-977c-097beae210de
e4290ed7-cefe-458b-85d4-0f2b57603d28,genus,2d461e89-d185-4ca7-8c1e-00c8fdbe912b,Trichoduchus,Animalia,Insecta,https://vvtaxatree.tbn.org.tw/taxa/e4290ed7-cefe-458b-85d4-0f2b57603d28
b4de348a-92d4-4b63-8ca7-913b40160940,genus,ddb9016c-7499-4cd9-919e-6b436529c410,Trichopticus,Animalia,Insecta,https://vvtaxatree.tbn.org.tw/taxa/b4de348a-92d4-4b63-8ca7-913b40160940
84cdd604-195f-4fba-8982-bd03f5f61856,genus,44497bd6-de82-4fd3-8e0b-1057cc1c2855,Trichopus,Animalia,Actinopteri,https://vvtaxatree.tbn.org.tw/taxa/84cdd604-195f-4fba-8982-bd03f5f61856
739d9541-a134-4ec2-9c28-548b5facca54,genus,ab44c222-557f-401e-b25a-d9e99d70d0c4,Trichosiphum,Animalia,Insecta,https://vvtaxatree.tbn.org.tw/taxa/739d9541-a134-4ec2-9c28-548b5facca54
b1966430-6803-4c3a-978e-c4286325796a,genus,6570416d-9d43-4ab0-ad60-965105f91878,Trichurus,Animalia,Actinopteri,https://vvtaxatree.tbn.org.tw/taxa/b1966430-6803-4c3a-978e-c4286325796a
6b0e4213-958a-48bf-82b2-9755417b60c7,genus,6570416d-9d43-4ab0-ad60-965105f91878,Trichyurus,Animalia,Actinopteri,https://vvtaxatree.tbn.org.tw/taxa/6b0e4213-958a-48bf-82b2-9755417b60c7
03e1374b-fa24-4fd8-9d2c-82a5ff518859,genus,2dc1ca21-d06c-4cde-83cb-1d5bde1a7acc,Tricolia,Animalia,Gastropoda,https://vvtaxatree.tbn.org.tw/taxa/03e1374b-fa24-4fd8-9d2c-82a5ff518859
ead34be5-da7b-4244-aec9-8dc87a1b0cc8,genus,59afc947-cd93-4675-9870-aac473b3493e,Trigla,Animalia,Actinopteri,https://vvtaxatree.tbn.org.tw/taxa/ead34be5-da7b-4244-aec9-8dc87a1b0cc8
b7428d75-9024-4bda-b0aa-491ffbca2e97,genus,b3f048e9-86ca-4b63-b803-feb47f43d735,Trigonobothrys,Animalia,Arachnida,https://vvtaxatree.tbn.org.tw/taxa/b7428d75-9024-4bda-b0aa-491ffbca2e97
2897c656-80b4-47d5-a4b5-5fc36e4ce0d2,genus,92504495-67e8-42e8-bb76-26cd5b0826f2,Trigonophora,Animalia,Insecta,https://vvtaxatree.tbn.org.tw/taxa/2897c656-80b4-47d5-a4b5-5fc36e4ce0d2
14a9ca12-52e3-459a-9e97-9cf67a2b9cf8,genus,4e87d3b0-e576-49f7-b8c5-17834c9e91c5,Triorus,Animalia,Actinopteri,https://vvtaxatree.tbn.org.tw/taxa/14a9ca12-52e3-459a-9e97-9cf67a2b9cf8
c0b875ef-9aff-4f47-a35b-8a1ed5b67661,genus,92504495-67e8-42e8-bb76-26cd5b0826f2,Triphaena,Animalia,Insecta,https://vvtaxatree.tbn.org.tw/taxa/c0b875ef-9aff-4f47-a35b-8a1ed5b67661
e6f540af-0943-4dc0-8e47-d96104bd6327,genus,90e2cd58-9d9a-44b4-903b-e121d7fc327b,Triphassa,Animalia,Insecta,https://vvtaxatree.tbn.org.tw/taxa/e6f540af-0943-4dc0-8e47-d96104bd6327
03fedbcd-ccbb-4edf-a2e5-589c5408d47a,genus,0c2edc73-5a66-486b-83f6-1ec32bcff5e8,Tripterygion,Animalia,Actinopteri,https://vvtaxatree.tbn.org.tw/taxa/03fedbcd-ccbb-4edf-a2e5-589c5408d47a
9ca20cab-b9f6-40c6-b131-925972a71bb6,genus,834af5c5-b52b-4dfd-b66d-7239245062b1,Triptogon,Animalia,Insecta,https://vvtaxatree.tbn.org.tw/taxa/9ca20cab-b9f6-40c6-b131-925972a71bb6
3752d3a8-8bb3-4bd9-a880-8e266eef47a0,genus,802c1f2c-3db1-4945-bd7d-c7e7a03d6a4a,Triton,Animalia,Gastropoda,https://vvtaxatree.tbn.org.tw/taxa/3752d3a8-8bb3-4bd9-a880-8e266eef47a0
e84e891b-b50f-471b-814f-2ff80bd5c06d,genus,fadb0b91-05d3-48fd-b9c4-c8d76116d18c,Trizopagurus,Animalia,Malacostraca,https://vvtaxatree.tbn.org.tw/taxa/e84e891b-b50f-471b-814f-2ff80bd5c06d
06a33674-56d8-448e-8a32-f978302fbb60,genus,67659110-0622-4c0d-bde4-9a8417be28fd,Trocetes,Animalia,Insecta,https://vvtaxatree.tbn.org.tw/taxa/06a33674-56d8-448e-8a32-f978302fbb60
39f36f35-bbb6-4093-84ac-337fc04f69c6,genus,e5dd097e-9045-45c7-b144-819348e57436,Trochomorpha,Animalia,Gastropoda,https://vvtaxatree.tbn.org.tw/taxa/39f36f35-bbb6-4093-84ac-337fc04f69c6
e6c3b318-831f-469b-a27e-90517f9e3cf5,genus,00ba932c-6b0d-4e1c-bba3-07cbf0f8b47f,Troctoptera,Animalia,Insecta,https://vvtaxatree.tbn.org.tw/taxa/e6c3b318-831f-469b-a27e-90517f9e3cf5
f18f1788-9649-473d-ac0b-1156423c6c2b,genus,8c6e7384-7df6-4632-92ae-d01241027723,Troglophila,Animalia,Insecta,https://vvtaxatree.tbn.org.tw/taxa/f18f1788-9649-473d-ac0b-1156423c6c2b
831a2d32-cd22-4da8-81b1-eba38eeb5daf,genus,1db7ef1d-64b7-4113-9ed8-5dea37a402e4,Tropidichthys,Animalia,Actinopteri,https://vvtaxatree.tbn.org.tw/taxa/831a2d32-cd22-4da8-81b1-eba38eeb5daf
d86a8451-1ef7-4355-be21-33eaa6d32771,genus,43e488b8-dd39-4640-ba2e-63adb9d4ad92,Tropidolepisma,Animalia,Reptilia,https://vvtaxatree.tbn.org.tw/taxa/d86a8451-1ef7-4355-be21-33eaa6d32771
147ea378-5c46-4abe-a43b-31d1ccd023de,genus,2578c6fe-baf3-4d08-a010-d0f72d5bd930,Tropidonotus,Animalia,Reptilia,https://vvtaxatree.tbn.org.tw/taxa/147ea378-5c46-4abe-a43b-31d1ccd023de
a35babfc-b0fe-4a44-bfe6-205250fea960,genus,13291a73-69d4-4c7c-b670-e51a0c6672e7,Tropidostethus,Animalia,Actinopteri,https://vvtaxatree.tbn.org.tw/taxa/a35babfc-b0fe-4a44-bfe6-205250fea960
8e3d43e2-e7bf-40b7-8b92-83c6620e74b9,genus,2d461e89-d185-4ca7-8c1e-00c8fdbe912b,Tropiduchus,Animalia,Insecta,https://vvtaxatree.tbn.org.tw/taxa/8e3d43e2-e7bf-40b7-8b92-83c6620e74b9
b4e9e0d9-49e2-48c0-a1ff-48be12fe2e3c,genus,1f361390-1e61-4d22-8efa-934bc971e82b,Trulla,Animalia,Actinopteri,https://vvtaxatree.tbn.org.tw/taxa/b4e9e0d9-49e2-48c0-a1ff-48be12fe2e3c
c6cce53c-f77c-4486-8d15-3523311d2fbe,genus,81b6cb79-568e-4eb0-a377-37c09bba583e,Trygon,Animalia,Elasmobranchii,https://vvtaxatree.tbn.org.tw/taxa/c6cce53c-f77c-4486-8d15-3523311d2fbe
62045043-d979-4c8d-abe3-6d6d7b7da66d,genus,8c9d6dc8-2a3d-4ff7-b0e0-81a315f1d5fe,Trypanoides,Animalia,Insecta,https://vvtaxatree.tbn.org.tw/taxa/62045043-d979-4c8d-abe3-6d6d7b7da66d
d8852d45-4eb4-4307-8786-7fc066ce314f,genus,793d9130-a91b-42b8-a013-316317a9b9ec,Tryphactothrips,Animalia,Insecta,https://vvtaxatree.tbn.org.tw/taxa/d8852d45-4eb4-4307-8786-7fc066ce314f
e28f5e84-9c7e-4c42-8ba7-64e57e33ca34,genus,24b91207-b311-4ad0-b72a-6cedfeabcfce,Trypodendron,Animalia,Insecta,https://vvtaxatree.tbn.org.tw/taxa/e28f5e84-9c7e-4c42-8ba7-64e57e33ca34
fb2674be-c440-4950-8826-1f53412af93c,genus,f15cfa76-ed14-4df6-a798-97775ee44e05,Tsukushiaspis,Animalia,Insecta,https://vvtaxatree.tbn.org.tw/taxa/fb2674be-c440-4950-8826-1f53412af93c
98982f27-7cf9-4762-8c11-66dbb1649488,genus,0f2c9a4f-e96d-4fa0-a3b0-03a19e671a75,Turrum,Animalia,Actinopteri,https://vvtaxatree.tbn.org.tw/taxa/98982f27-7cf9-4762-8c11-66dbb1649488
0a0ae8f0-8bed-44a2-9c39-4f56a1143ebe,genus,ab2dc09f-1c86-43e6-b8fa-22cfbe322a9a,Tylopyge,Animalia,Insecta,https://vvtaxatree.tbn.org.tw/taxa/0a0ae8f0-8bed-44a2-9c39-4f56a1143ebe
e2bb4d0e-8886-4543-8149-abc9989d1838,genus,e18c7cdb-aa8a-4068-851e-7a951f529f48,Tympanomerus,Animalia,Malacostraca,https://vvtaxatree.tbn.org.tw/taxa/e2bb4d0e-8886-4543-8149-abc9989d1838
ffa18ab9-f95b-4672-be12-5a27b24dbf84,genus,21f8924e-c0b9-4610-be49-26dcb6c74c63,Typhlops,Animalia,Reptilia,https://vvtaxatree.tbn.org.tw/taxa/ffa18ab9-f95b-4672-be12-5a27b24dbf84
eb56e105-d926-4e68-a56e-24a8ddd9c1d6,genus,e2ddf8e5-2d1f-4b8d-8878-04aac3cfbee0,Tyspana,Animalia,Insecta,https://vvtaxatree.tbn.org.tw/taxa/eb56e105-d926-4e68-a56e-24a8ddd9c1d6
ffdef7e3-d676-42d1-bf5f-d9fc706b3503,genus,e18c7cdb-aa8a-4068-851e-7a951f529f48,Uca,Animalia,Malacostraca,https://vvtaxatree.tbn.org.tw/taxa/ffdef7e3-d676-42d1-bf5f-d9fc706b3503
3f0f98db-faa3-439b-a88e-1819940fd149,genus,f15cfa76-ed14-4df6-a798-97775ee44e05,Uhleria,Animalia,Insecta,https://vvtaxatree.tbn.org.tw/taxa/3f0f98db-faa3-439b-a88e-1819940fd149
9310f5c6-bd83-4c31-ad43-83904fbecc50,genus,f1b3fb3e-7241-4db8-82ba-eb47c663330e,Uliocnemis,Animalia,Insecta,https://vvtaxatree.tbn.org.tw/taxa/9310f5c6-bd83-4c31-ad43-83904fbecc50
e4110fd3-2472-4119-80ff-6b988d26c01f,genus,d01a8b70-a89b-4605-93ec-7cfaebac74e9,Ultimostomias,Animalia,Actinopteri,https://vvtaxatree.tbn.org.tw/taxa/e4110fd3-2472-4119-80ff-6b988d26c01f
40e84496-0368-4fd7-a1b0-982508b098cc,genus,cc90c95b-43d1-42fe-90a2-04749cc533aa,Umbrina,Animalia,Actinopteri,https://vvtaxatree.tbn.org.tw/taxa/40e84496-0368-4fd7-a1b0-982508b098cc
c6acc099-edb5-4337-bb9e-686accbbf9a0,genus,5eb1e627-7c04-4227-8f04-1d9535d30f42,Unilachnus,Animalia,Insecta,https://vvtaxatree.tbn.org.tw/taxa/c6acc099-edb5-4337-bb9e-686accbbf9a0
e9d7285c-bff4-4a76-979e-c18ba9a9235a,genus,7f461f3a-48a2-4a75-9ee7-151d9dc5748e,Upeneoides,Animalia,Actinopteri,https://vvtaxatree.tbn.org.tw/taxa/e9d7285c-bff4-4a76-979e-c18ba9a9235a
df09c662-a267-4871-bc49-02eb5d4d4f3c,genus,197dae47-aca7-4beb-a2ca-2d2399d2bde2,Uranga,Animalia,Elasmobranchii,https://vvtaxatree.tbn.org.tw/taxa/df09c662-a267-4871-bc49-02eb5d4d4f3c
bb878542-3d97-4e62-b6a8-5601e975a458,genus,1db7ef1d-64b7-4113-9ed8-5dea37a402e4,Uranostoma,Animalia,Actinopteri,https://vvtaxatree.tbn.org.tw/taxa/bb878542-3d97-4e62-b6a8-5601e975a458
58717185-1ea7-4ada-94e7-390b4e9af6c5,genus,f1b3fb3e-7241-4db8-82ba-eb47c663330e,Urapteryx,Animalia,Insecta,https://vvtaxatree.tbn.org.tw/taxa/58717185-1ea7-4ada-94e7-390b4e9af6c5
4d1dbe39-2da3-435e-8b15-867c2d988216,genus,9762194e-4070-4bf4-96be-cdffcbb071b9,Urellia,Animalia,Insecta,https://vvtaxatree.tbn.org.tw/taxa/4d1dbe39-2da3-435e-8b15-867c2d988216
7b8648ad-f458-49be-947d-b6084ca64118,genus,e9ce7860-2a09-4f25-9816-28e8e23672ce,Urodonta,Animalia,Insecta,https://vvtaxatree.tbn.org.tw/taxa/7b8648ad-f458-49be-947d-b6084ca64118
a6af7374-dec4-4b86-aaa2-de49de16815d,genus,b0f22c66-081b-46ad-a745-c6772bd81bcd,Vaimosa,Animalia,Actinopteri,https://vvtaxatree.tbn.org.tw/taxa/a6af7374-dec4-4b86-aaa2-de49de16815d
ae4609d4-991f-49b9-8846-e4e40b51fa32,genus,92504495-67e8-42e8-bb76-26cd5b0826f2,Vapara,Animalia,Insecta,https://vvtaxatree.tbn.org.tw/taxa/ae4609d4-991f-49b9-8846-e4e40b51fa32
2e314e15-3250-4572-b388-65f094fa7d06,genus,ea546ec1-175e-4bc2-8561-9a10a06fc9b9,Vegetichthys,Animalia,Actinopteri,https://vvtaxatree.tbn.org.tw/taxa/2e314e15-3250-4572-b388-65f094fa7d06
aeecb381-8e89-49af-8a03-a63c635ec8d5,genus,0398f7a8-f589-4399-a581-2f4ea995f3b6,Verreo,Animalia,Actinopteri,https://vvtaxatree.tbn.org.tw/taxa/aeecb381-8e89-49af-8a03-a63c635ec8d5
54750065-6c63-4b70-b592-55507c0ad926,genus,c4a942bc-2ee7-4e10-82c7-9ba207c7a55c,Verticordia,Animalia,Bivalvia,https://vvtaxatree.tbn.org.tw/taxa/54750065-6c63-4b70-b592-55507c0ad926
051208c9-fb3d-4cb4-b115-d39e2b50d7de,genus,9dc21538-68da-4c7d-93a3-be127ff02b73,Vespocyptera,Animalia,Insecta,https://vvtaxatree.tbn.org.tw/taxa/051208c9-fb3d-4cb4-b115-d39e2b50d7de
a041dc0f-bd2a-49c5-a170-f3c148146198,genus,51658d7c-9356-49ad-8f6c-b02b2c0f4f67,Viciria,Animalia,Arachnida,https://vvtaxatree.tbn.org.tw/taxa/a041dc0f-bd2a-49c5-a170-f3c148146198
94a44fc4-cbcb-4d51-9ea1-0b1b67f80a04,genus,f1b3fb3e-7241-4db8-82ba-eb47c663330e,Viidaleppia,Animalia,Insecta,https://vvtaxatree.tbn.org.tw/taxa/94a44fc4-cbcb-4d51-9ea1-0b1b67f80a04
90686d34-da26-4bb4-a712-631860e35c7b,genus,d7bbd5f9-dd9c-4c96-ba2a-4367fbb701bc,Virachola,Animalia,Insecta,https://vvtaxatree.tbn.org.tw/taxa/90686d34-da26-4bb4-a712-631860e35c7b
b9919714-d72e-4760-9e46-f5c3bee3a2d3,genus,2b47120a-b90d-4637-a9a7-7f138e76f143,Vireosa,Animalia,Actinopteri,https://vvtaxatree.tbn.org.tw/taxa/b9919714-d72e-4760-9e46-f5c3bee3a2d3
9cf79881-9765-4650-ab36-48bddcb4c922,genus,51658d7c-9356-49ad-8f6c-b02b2c0f4f67,Vitioides,Animalia,Arachnida,https://vvtaxatree.tbn.org.tw/taxa/9cf79881-9765-4650-ab36-48bddcb4c922
26a4e003-784a-4057-ab61-7cefbab3ad26,genus,2f6829b5-cc5c-48cb-a84d-3e5a33035ff0,Viviparus,Animalia,Gastropoda,https://vvtaxatree.tbn.org.tw/taxa/26a4e003-784a-4057-ab61-7cefbab3ad26
a7f89acf-1011-4ff2-a200-b207555a5238,genus,ef97f3ce-3768-4e4c-ab8a-1e7ad8ccbd7d,Voluta,Animalia,Gastropoda,https://vvtaxatree.tbn.org.tw/taxa/a7f89acf-1011-4ff2-a200-b207555a5238
d96ae934-1927-4881-aab5-2f0392781c60,genus,c14fb183-534a-4b69-96f6-b845d8788088,Wagneriopsis,Animalia,Insecta,https://vvtaxatree.tbn.org.tw/taxa/d96ae934-1927-4881-aab5-2f0392781c60
2d5f06d3-51d6-4702-9fea-2b6a7aba8191,genus,b0f22c66-081b-46ad-a745-c6772bd81bcd,Waitea,Animalia,Actinopteri,https://vvtaxatree.tbn.org.tw/taxa/2d5f06d3-51d6-4702-9fea-2b6a7aba8191
2b3b88a6-5efd-4899-9cf6-0d453ee29c32,genus,b3f048e9-86ca-4b63-b803-feb47f43d735,Walckenaeria,Animalia,Arachnida,https://vvtaxatree.tbn.org.tw/taxa/2b3b88a6-5efd-4899-9cf6-0d453ee29c32
191d48ac-c479-4224-ac0e-369fa8f3c972,genus,3f25cff9-8e21-4770-a517-bf0f9b187497,Wanderer,Animalia,Actinopteri,https://vvtaxatree.tbn.org.tw/taxa/191d48ac-c479-4224-ac0e-369fa8f3c972
03ba0cf1-ef23-446d-a646-8102dab64a8a,genus,ed2f46b6-3df8-485b-b98f-b84f6cacaabf,Watasea,Animalia,Actinopteri,https://vvtaxatree.tbn.org.tw/taxa/03ba0cf1-ef23-446d-a646-8102dab64a8a
a4f21527-5329-4574-b68a-be6615faa681,genus,9dc21538-68da-4c7d-93a3-be127ff02b73,Weberia,Animalia,Insecta,https://vvtaxatree.tbn.org.tw/taxa/a4f21527-5329-4574-b68a-be6615faa681
2b4bbbf7-ce19-4f27-b4d1-be9d5e8710a6,genus,1f823286-3e82-49de-b9f8-8f921e0cd26d,Xantho,Animalia,Malacostraca,https://vvtaxatree.tbn.org.tw/taxa/2b4bbbf7-ce19-4f27-b4d1-be9d5e8710a6
b621198e-d518-46a4-9301-da64050a5107,genus,86c9057d-54f9-4059-aaae-b58c567a08f6,Xanthobrissus,Animalia,Echinoidea,https://vvtaxatree.tbn.org.tw/taxa/b621198e-d518-46a4-9301-da64050a5107
2dc773ec-90fe-40ce-a167-371186cabff3,genus,7e3a44ad-74f1-4f3b-8b9f-da188ed3252b,Xarifania,Animalia,Actinopteri,https://vvtaxatree.tbn.org.tw/taxa/2dc773ec-90fe-40ce-a167-371186cabff3
d875c370-455d-473a-9261-85e207387b32,genus,025c2484-3c0e-443a-8336-d76d16c9fae6,Xenoceratias,Animalia,Actinopteri,https://vvtaxatree.tbn.org.tw/taxa/d875c370-455d-473a-9261-85e207387b32
ef570fae-98b8-4de2-91d2-b120339e9bde,genus,359890ad-2d3d-4032-92fb-a205e8c4aaef,Xenodon,Animalia,Actinopteri,https://vvtaxatree.tbn.org.tw/taxa/ef570fae-98b8-4de2-91d2-b120339e9bde
ebcc7130-d850-41d8-97ee-9d61e4e22858,genus,489b5830-4c98-4b5f-9217-1d8df98a0d22,Xenogramma,Animalia,Actinopteri,https://vvtaxatree.tbn.org.tw/taxa/ebcc7130-d850-41d8-97ee-9d61e4e22858
1a11cf00-1062-426c-bf2c-8c7dc2d5d597,genus,9dc21538-68da-4c7d-93a3-be127ff02b73,Xenolophosia,Animalia,Insecta,https://vvtaxatree.tbn.org.tw/taxa/1a11cf00-1062-426c-bf2c-8c7dc2d5d597
64e0c6a8-8f0c-4d45-972f-9d477e93a00b,genus,b8125ae6-2832-470e-ac82-5340396928c7,Xenoscelinus,Animalia,Insecta,https://vvtaxatree.tbn.org.tw/taxa/64e0c6a8-8f0c-4d45-972f-9d477e93a00b
16a39353-73d4-40c9-a6e2-da47270e8626,genus,96263d48-9383-4517-9831-72f1222d2045,Xiphidion,Animalia,Insecta,https://vvtaxatree.tbn.org.tw/taxa/16a39353-73d4-40c9-a6e2-da47270e8626
06540161-3096-4ccc-880a-0ff29c9c38a7,genus,96263d48-9383-4517-9831-72f1222d2045,Xiphidium,Animalia,Insecta,https://vvtaxatree.tbn.org.tw/taxa/06540161-3096-4ccc-880a-0ff29c9c38a7
181075e8-9e38-4019-9923-9c31faba232d,genus,0398f7a8-f589-4399-a581-2f4ea995f3b6,Xiphochilus,Animalia,Actinopteri,https://vvtaxatree.tbn.org.tw/taxa/181075e8-9e38-4019-9923-9c31faba232d
38144994-d747-47eb-8aa3-6bd48e1ae353,genus,0398f7a8-f589-4399-a581-2f4ea995f3b6,Xirichthys,Animalia,Actinopteri,https://vvtaxatree.tbn.org.tw/taxa/38144994-d747-47eb-8aa3-6bd48e1ae353
a28c246d-c2eb-4bfd-8874-ce2384bf7f90,genus,d3eaddbf-0f16-4f07-88f0-bd96e0855c7d,Xylocoris,Animalia,Insecta,https://vvtaxatree.tbn.org.tw/taxa/a28c246d-c2eb-4bfd-8874-ce2384bf7f90
b1c7ba80-b326-4ca8-ba5d-17bc3b67aa09,genus,92504495-67e8-42e8-bb76-26cd5b0826f2,Xylomania,Animalia,Insecta,https://vvtaxatree.tbn.org.tw/taxa/b1c7ba80-b326-4ca8-ba5d-17bc3b67aa09
64cced52-d702-401b-be35-20bfdc63cab2,genus,9762194e-4070-4bf4-96be-cdffcbb071b9,Xylophagus,Animalia,Insecta,https://vvtaxatree.tbn.org.tw/taxa/64cced52-d702-401b-be35-20bfdc63cab2
39a23cf7-29bc-4696-8f05-37313499aaf1,genus,92504495-67e8-42e8-bb76-26cd5b0826f2,Xylophasia,Animalia,Insecta,https://vvtaxatree.tbn.org.tw/taxa/39a23cf7-29bc-4696-8f05-37313499aaf1
397b5d23-f471-4e0b-8fdb-3a74574762f2,genus,ea94eb33-8cc3-48d1-946f-a112969e9501,Xylotrya,Animalia,Bivalvia,https://vvtaxatree.tbn.org.tw/taxa/397b5d23-f471-4e0b-8fdb-3a74574762f2
5a4ff386-c435-4763-84e3-96e6f7ba1ac2,genus,ddb9016c-7499-4cd9-919e-6b436529c410,Xyphosia,Animalia,Insecta,https://vvtaxatree.tbn.org.tw/taxa/5a4ff386-c435-4763-84e3-96e6f7ba1ac2
8a4ff713-24d5-4de8-971a-7591fb2d3972,genus,0398f7a8-f589-4399-a581-2f4ea995f3b6,Xyrichthys,Animalia,Actinopteri,https://vvtaxatree.tbn.org.tw/taxa/8a4ff713-24d5-4de8-971a-7591fb2d3972
34c2d9c2-9ff5-47a6-9791-d7ffc20b3a84,genus,0398f7a8-f589-4399-a581-2f4ea995f3b6,Xyrichtys,Animalia,Actinopteri,https://vvtaxatree.tbn.org.tw/taxa/34c2d9c2-9ff5-47a6-9791-d7ffc20b3a84
930af94b-77f5-4ad1-a9df-02521c00996d,genus,b0f22c66-081b-46ad-a745-c6772bd81bcd,Yabotichthys,Animalia,Actinopteri,https://vvtaxatree.tbn.org.tw/taxa/930af94b-77f5-4ad1-a9df-02521c00996d
61d52736-4c5e-4cca-bfa5-bd6e3e5f1705,genus,b1b001ee-5540-46b7-80e0-192f6e15b7c5,Yamataphis,Animalia,Insecta,https://vvtaxatree.tbn.org.tw/taxa/61d52736-4c5e-4cca-bfa5-bd6e3e5f1705
3b883b09-fc32-4619-8dbf-a872e9deae44,genus,4ef40617-9cb0-4051-8651-d67cbd74283b,Yarrella,Animalia,Actinopteri,https://vvtaxatree.tbn.org.tw/taxa/3b883b09-fc32-4619-8dbf-a872e9deae44
e32446be-5d1b-41a8-be63-29fa5f55e580,genus,a008ff98-4b23-468a-9d3f-1f8db111f9f1,Yozia,Animalia,Actinopteri,https://vvtaxatree.tbn.org.tw/taxa/e32446be-5d1b-41a8-be63-29fa5f55e580
2f3c6471-5891-4d81-88b9-9d16943d1594,genus,00ba932c-6b0d-4e1c-bba3-07cbf0f8b47f,Zagira,Animalia,Insecta,https://vvtaxatree.tbn.org.tw/taxa/2f3c6471-5891-4d81-88b9-9d16943d1594
71129d14-171f-4c4a-9e91-59cc81e71ee5,genus,4ef40617-9cb0-4051-8651-d67cbd74283b,Zalarges,Animalia,Actinopteri,https://vvtaxatree.tbn.org.tw/taxa/71129d14-171f-4c4a-9e91-59cc81e71ee5
94488235-cd3f-492d-83d1-aaef5f47fecf,genus,b00a935c-bacc-4c41-b305-5193cc6ca83c,Zalescopus,Animalia,Actinopteri,https://vvtaxatree.tbn.org.tw/taxa/94488235-cd3f-492d-83d1-aaef5f47fecf
2cf64cbd-df3f-4e07-a026-5c8f23db31e3,genus,f1b3fb3e-7241-4db8-82ba-eb47c663330e,Zamacra,Animalia,Insecta,https://vvtaxatree.tbn.org.tw/taxa/2cf64cbd-df3f-4e07-a026-5c8f23db31e3
5a03b328-a830-4e44-814b-2d9f64fbd070,genus,9dc21538-68da-4c7d-93a3-be127ff02b73,Zambesoides,Animalia,Insecta,https://vvtaxatree.tbn.org.tw/taxa/5a03b328-a830-4e44-814b-2d9f64fbd070
714df732-e7de-4bea-879d-9830ea620f93,genus,f1b3fb3e-7241-4db8-82ba-eb47c663330e,Zanclopteryx,Animalia,Insecta,https://vvtaxatree.tbn.org.tw/taxa/714df732-e7de-4bea-879d-9830ea620f93
e055ef89-a9e7-4b09-ba7a-c846ef60da8b,genus,dca2836d-20a4-4082-a5a0-3611b6b66d40,Zaora,Animalia,Insecta,https://vvtaxatree.tbn.org.tw/taxa/e055ef89-a9e7-4b09-ba7a-c846ef60da8b
fa878fff-341d-4f8f-a6c0-6b43e30ce42d,genus,e2ddf8e5-2d1f-4b8d-8878-04aac3cfbee0,Zebronia,Animalia,Insecta,https://vvtaxatree.tbn.org.tw/taxa/fa878fff-341d-4f8f-a6c0-6b43e30ce42d
a6bc2461-29b0-456f-8b5b-6bb81eafa58d,genus,9dc21538-68da-4c7d-93a3-be127ff02b73,Zenillia,Animalia,Insecta,https://vvtaxatree.tbn.org.tw/taxa/a6bc2461-29b0-456f-8b5b-6bb81eafa58d
6b6650cd-be8f-41bd-b594-42503d1a383f,genus,00ba932c-6b0d-4e1c-bba3-07cbf0f8b47f,Zetides,Animalia,Insecta,https://vvtaxatree.tbn.org.tw/taxa/6b6650cd-be8f-41bd-b594-42503d1a383f
60563001-0e34-43ca-9c39-12310b09f176,genus,73e25773-bed5-4409-9cc7-5cf8d386d1d7,Zeuss,Animalia,Actinopteri,https://vvtaxatree.tbn.org.tw/taxa/60563001-0e34-43ca-9c39-12310b09f176
24c47e13-7969-4264-9ef9-420f50ccbf50,genus,81c1864f-197f-4486-956c-b240c5ec2923,Zilla,Animalia,Arachnida,https://vvtaxatree.tbn.org.tw/taxa/24c47e13-7969-4264-9ef9-420f50ccbf50
4d0de691-019b-46b3-9c7b-7bc23f2ca382,genus,00ba932c-6b0d-4e1c-bba3-07cbf0f8b47f,Ziza,Animalia,Insecta,https://vvtaxatree.tbn.org.tw/taxa/4d0de691-019b-46b3-9c7b-7bc23f2ca382
bff325ae-7db9-4e2f-abde-f67e3eac7c2e,genus,97ef24cb-ed89-4772-976a-707b941dc6c4,Zodion,Animalia,Insecta,https://vvtaxatree.tbn.org.tw/taxa/bff325ae-7db9-4e2f-abde-f67e3eac7c2e
74e6f9cb-cc47-4368-bd13-8ae1396059b1,genus,b0f22c66-081b-46ad-a745-c6772bd81bcd,Zonogobius,Animalia,Actinopteri,https://vvtaxatree.tbn.org.tw/taxa/74e6f9cb-cc47-4368-bd13-8ae1396059b1
18f9af42-d882-4691-af25-a58e2063fc5e,genus,ab09a45d-4427-41a2-a670-6c2a67fde944,Zygaena,Animalia,Elasmobranchii,https://vvtaxatree.tbn.org.tw/taxa/18f9af42-d882-4691-af25-a58e2063fc5e
439ac267-0a24-48d6-9fba-b5847aec5c65,genus,e2ddf8e5-2d1f-4b8d-8878-04aac3cfbee0,Ilurgia,Animalia,Insecta,https://vvtaxatree.tbn.org.tw/taxa/439ac267-0a24-48d6-9fba-b5847aec5c65
13147b2f-a828-4c28-b5bc-b25174e98950,genus,b1f2b5ed-f9f9-4a19-b836-f40f14911f6f,Penuria,Animalia,Insecta,https://vvtaxatree.tbn.org.tw/taxa/13147b2f-a828-4c28-b5bc-b25174e98950
ca78845c-d0a7-4f8d-8645-6331d435e446,genus,b1f2b5ed-f9f9-4a19-b836-f40f14911f6f,Dussana,Animalia,Insecta,https://vvtaxatree.tbn.org.tw/taxa/ca78845c-d0a7-4f8d-8645-6331d435e446
aaa5e403-fb7e-4682-a800-a149ae8b82f7,genus,b1f2b5ed-f9f9-4a19-b836-f40f14911f6f,Bythoscopus,Animalia,Insecta,https://vvtaxatree.tbn.org.tw/taxa/aaa5e403-fb7e-4682-a800-a149ae8b82f7
20c438b3-e97c-445b-a471-31c5a48b0351,genus,b1f2b5ed-f9f9-4a19-b836-f40f14911f6f,Iassus,Animalia,Insecta,https://vvtaxatree.tbn.org.tw/taxa/20c438b3-e97c-445b-a471-31c5a48b0351
213d6939-bd93-4ee9-aee6-aa4a6d6f0d29,genus,b1f2b5ed-f9f9-4a19-b836-f40f14911f6f,Formotettigella,Animalia,Insecta,https://vvtaxatree.tbn.org.tw/taxa/213d6939-bd93-4ee9-aee6-aa4a6d6f0d29
7041c596-69d7-4820-9b97-24d4873bfdeb,genus,b1f2b5ed-f9f9-4a19-b836-f40f14911f6f,Coelidia,Animalia,Insecta,https://vvtaxatree.tbn.org.tw/taxa/7041c596-69d7-4820-9b97-24d4873bfdeb
7d1c1534-7da4-4c61-8c9f-9eb3b8856a1d,genus,b1f2b5ed-f9f9-4a19-b836-f40f14911f6f,Orthojassus,Animalia,Insecta,https://vvtaxatree.tbn.org.tw/taxa/7d1c1534-7da4-4c61-8c9f-9eb3b8856a1d
b31aaf8e-fcf8-45f3-b19a-d86b2234f580,genus,2a8ca199-7e13-4468-b3a8-fbd3aec42b77,Diphyopsis,Animalia,Hydrozoa,https://vvtaxatree.tbn.org.tw/taxa/b31aaf8e-fcf8-45f3-b19a-d86b2234f580
8ab40c49-ca0d-41a0-a469-f1b2308c1d1d,genus,2578c6fe-baf3-4d08-a010-d0f72d5bd930,Dipsas,Animalia,Reptilia,https://vvtaxatree.tbn.org.tw/taxa/8ab40c49-ca0d-41a0-a469-f1b2308c1d1d
595a1c2a-c444-4f26-bb8c-8f18bd7da84f,genus,10b31f54-da3f-435a-bb71-00dc3b0acb17,Dipterogonotus,Animalia,Actinopteri,https://vvtaxatree.tbn.org.tw/taxa/595a1c2a-c444-4f26-bb8c-8f18bd7da84f
35727b79-cbe1-49ab-96e4-5f8a21749b20,genus,92504495-67e8-42e8-bb76-26cd5b0826f2,Dipterygia,Animalia,Insecta,https://vvtaxatree.tbn.org.tw/taxa/35727b79-cbe1-49ab-96e4-5f8a21749b20
536db5f2-b664-4984-8992-664b02ff2337,genus,f50526d4-bf8e-40e0-94d6-e4c3ae398e4a,Dirades,Animalia,Insecta,https://vvtaxatree.tbn.org.tw/taxa/536db5f2-b664-4984-8992-664b02ff2337
327c9d6e-036a-433e-bd38-0ae507151f47,genus,abf9e431-795d-4516-aff1-d058b22d14f5,Dirrhizodon,Animalia,Elasmobranchii,https://vvtaxatree.tbn.org.tw/taxa/327c9d6e-036a-433e-bd38-0ae507151f47
726b0638-4272-4814-852e-870576212b04,genus,f1b3fb3e-7241-4db8-82ba-eb47c663330e,Discoloxia,Animalia,Insecta,https://vvtaxatree.tbn.org.tw/taxa/726b0638-4272-4814-852e-870576212b04
3e162c04-8c1f-4cf4-9bef-18a056f9852c,genus,e9ce7860-2a09-4f25-9816-28e8e23672ce,Dispai,Animalia,Insecta,https://vvtaxatree.tbn.org.tw/taxa/3e162c04-8c1f-4cf4-9bef-18a056f9852c
8ad943d7-bc93-479c-ad88-7b5e36028de6,genus,c6bbe326-05a2-4be7-ae0f-ea079936a8a4,Distira,Animalia,Reptilia,https://vvtaxatree.tbn.org.tw/taxa/8ad943d7-bc93-479c-ad88-7b5e36028de6
00861164-26d2-4c90-b36f-657986a74e68,genus,7b89a6c5-58ea-45b3-b927-671d6d6f1412,Distyla,Animalia,Eurotatoria,https://vvtaxatree.tbn.org.tw/taxa/00861164-26d2-4c90-b36f-657986a74e68
0b5f7a77-d48e-4e47-8683-bc175b563402,genus,f1b3fb3e-7241-4db8-82ba-eb47c663330e,Dithalma,Animalia,Insecta,https://vvtaxatree.tbn.org.tw/taxa/0b5f7a77-d48e-4e47-8683-bc175b563402
96f246f8-01b1-4444-aefa-b474892ec811,genus,59afc947-cd93-4675-9870-aac473b3493e,Dixiphichthys,Animalia,Actinopteri,https://vvtaxatree.tbn.org.tw/taxa/96f246f8-01b1-4444-aefa-b474892ec811
1e4fa121-8101-4263-9dd3-b64aff41bfa1,genus,0f3cd445-aac4-4231-8800-7c3edd5a3cc5,Doderleinia,Animalia,Actinopteri,https://vvtaxatree.tbn.org.tw/taxa/1e4fa121-8101-4263-9dd3-b64aff41bfa1
ada3c8a5-e5ba-4099-97d1-eb0000797d8a,genus,5e34f425-c28f-429d-84a3-281853c65127,Doranaga,Animalia,Insecta,https://vvtaxatree.tbn.org.tw/taxa/ada3c8a5-e5ba-4099-97d1-eb0000797d8a
a8a77b8c-f17e-4abf-a2d2-a15fe3a22441,genus,49184bd8-b151-476a-86fa-bd0601def28d,Doridopsis,Animalia,Gastropoda,https://vvtaxatree.tbn.org.tw/taxa/a8a77b8c-f17e-4abf-a2d2-a15fe3a22441
a7bcfd77-7322-4da9-bcb4-b54d9bc6daf6,genus,cf8a2ecc-8692-4c9e-8c02-62494b394464,Doris,Animalia,Gastropoda,https://vvtaxatree.tbn.org.tw/taxa/a7bcfd77-7322-4da9-bcb4-b54d9bc6daf6
d066db3b-9d75-49a2-b6dd-b30ed8b384a2,genus,4acaa87d-fd3b-4a77-bbf3-b89ba94597d3,Dormia,Animalia,Malacostraca,https://vvtaxatree.tbn.org.tw/taxa/d066db3b-9d75-49a2-b6dd-b30ed8b384a2
04a6a18c-5918-41f3-aa18-4695a0db0f0f,genus,67c8856f-ebe4-4cbf-9d03-ce8ed4f0ed76,Dorthesia,Animalia,Insecta,https://vvtaxatree.tbn.org.tw/taxa/04a6a18c-5918-41f3-aa18-4695a0db0f0f
bb836f67-229e-492b-854e-291beb7b9f36,genus,b0f22c66-081b-46ad-a745-c6772bd81bcd,Doryptena,Animalia,Actinopteri,https://vvtaxatree.tbn.org.tw/taxa/bb836f67-229e-492b-854e-291beb7b9f36
7b6218d1-b232-4ecf-932b-17a5632dc454,genus,d59ce932-6b51-4839-afe5-dc3b68a5f597,Draconetta,Animalia,Actinopteri,https://vvtaxatree.tbn.org.tw/taxa/7b6218d1-b232-4ecf-932b-17a5632dc454
381d6a86-5ab6-4b46-9249-b8482958e227,genus,5734eec9-8dbf-40a3-8760-b2895283f8c2,Drepanaphis,Animalia,Insecta,https://vvtaxatree.tbn.org.tw/taxa/381d6a86-5ab6-4b46-9249-b8482958e227
85d5059f-96c3-4495-b4c2-58e8a7994f29,genus,3d56fdfc-4117-44b7-8a03-48b0741e3efd,Drepanodes,Animalia,Insecta,https://vvtaxatree.tbn.org.tw/taxa/85d5059f-96c3-4495-b4c2-58e8a7994f29
3820bb27-ad58-46c5-9851-067c3bd2ec32,genus,e508efe4-448a-4d5f-8142-7cb0ac3a15eb,Drillia,Animalia,Gastropoda,https://vvtaxatree.tbn.org.tw/taxa/3820bb27-ad58-46c5-9851-067c3bd2ec32
f3c276ee-2ee0-4a25-bb95-0fc80e58ae4d,genus,4acaa87d-fd3b-4a77-bbf3-b89ba94597d3,Dromia,Animalia,Malacostraca,https://vvtaxatree.tbn.org.tw/taxa/f3c276ee-2ee0-4a25-bb95-0fc80e58ae4d
233f0a4d-1195-4f05-8f23-12cff1c2f1f2,genus,4acaa87d-fd3b-4a77-bbf3-b89ba94597d3,Dromidia,Animalia,Malacostraca,https://vvtaxatree.tbn.org.tw/taxa/233f0a4d-1195-4f05-8f23-12cff1c2f1f2
71167086-b198-45b4-8fd6-5b405678ba8c,genus,9aa61df4-686d-4b10-ac6c-005e5a29f10c,Dules,Animalia,Actinopteri,https://vvtaxatree.tbn.org.tw/taxa/71167086-b198-45b4-8fd6-5b405678ba8c
cb82fa7c-982e-4851-8ed3-873fd8c5036e,genus,bc6be93e-816f-4b81-8056-c75c94bdf384,Dusmetia,Animalia,Insecta,https://vvtaxatree.tbn.org.tw/taxa/cb82fa7c-982e-4851-8ed3-873fd8c5036e
f6506596-4d11-45b0-9f43-c28a0358f0ba,genus,9489ea78-e128-4475-b835-1c6a2782eaba,Dussumiera,Animalia,Actinopteri,https://vvtaxatree.tbn.org.tw/taxa/f6506596-4d11-45b0-9f43-c28a0358f0ba
856fd1fc-f7dc-4295-ae48-8f4693e1c97b,genus,0398f7a8-f589-4399-a581-2f4ea995f3b6,Duymaeria,Animalia,Actinopteri,https://vvtaxatree.tbn.org.tw/taxa/856fd1fc-f7dc-4295-ae48-8f4693e1c97b
5763b005-a195-4888-94c8-2de217c1d46f,genus,f1b3fb3e-7241-4db8-82ba-eb47c663330e,Dysethia,Animalia,Insecta,https://vvtaxatree.tbn.org.tw/taxa/5763b005-a195-4888-94c8-2de217c1d46f
321714a5-eee2-476c-8ff8-5c6c77af08c5,genus,945f8620-b759-4b1d-97fa-29e8e9380fe9,Eburna,Animalia,Gastropoda,https://vvtaxatree.tbn.org.tw/taxa/321714a5-eee2-476c-8ff8-5c6c77af08c5
1285ff6e-5d7d-4b88-b990-0fbd92119674,genus,9dc21538-68da-4c7d-93a3-be127ff02b73,Ecatocyptera,Animalia,Insecta,https://vvtaxatree.tbn.org.tw/taxa/1285ff6e-5d7d-4b88-b990-0fbd92119674
c7f0492b-b630-424f-afdb-208c10743261,genus,67be1153-5532-495e-9e40-51090f0276f9,Echensis,Animalia,Actinopteri,https://vvtaxatree.tbn.org.tw/taxa/c7f0492b-b630-424f-afdb-208c10743261
b3c14312-ea4f-4d7c-bcb0-80c99da51b9c,genus,9dc21538-68da-4c7d-93a3-be127ff02b73,Echinomyia,Animalia,Insecta,https://vvtaxatree.tbn.org.tw/taxa/b3c14312-ea4f-4d7c-bcb0-80c99da51b9c
c30cfd8d-2f46-4458-a4c7-81ccefe9b9ee,genus,66dbe50c-f748-4f65-9189-cf90fa3d3574,Echinorhynchus,Animalia,Palaeacanthocephala,https://vvtaxatree.tbn.org.tw/taxa/c30cfd8d-2f46-4458-a4c7-81ccefe9b9ee
b4ecde94-0d96-44ee-b135-6c96addef960,genus,67be1153-5532-495e-9e40-51090f0276f9,Echneis,Animalia,Actinopteri,https://vvtaxatree.tbn.org.tw/taxa/b4ecde94-0d96-44ee-b135-6c96addef960
238aed17-e726-4dd7-b248-ff64ecb6f3b8,genus,f1b3fb3e-7241-4db8-82ba-eb47c663330e,Ectenurapterix,Animalia,Insecta,https://vvtaxatree.tbn.org.tw/taxa/238aed17-e726-4dd7-b248-ff64ecb6f3b8
8370d364-cafe-4a28-9576-1fb3f52faa03,genus,00ba932c-6b0d-4e1c-bba3-07cbf0f8b47f,Ectogoniella,Animalia,Insecta,https://vvtaxatree.tbn.org.tw/taxa/8370d364-cafe-4a28-9576-1fb3f52faa03
a3b0eb76-18d8-4a5d-8ec0-492a2a7d7a6b,genus,72fa9003-5611-4e44-84ff-61a4d284d21f,Ectrichodia,Animalia,Insecta,https://vvtaxatree.tbn.org.tw/taxa/a3b0eb76-18d8-4a5d-8ec0-492a2a7d7a6b
d2859982-4b77-4e8e-988f-9bc2ac499b6b,genus,b137beeb-c505-4977-b8f0-32a497de5a0f,Eisphex,Animalia,Actinopteri,https://vvtaxatree.tbn.org.tw/taxa/d2859982-4b77-4e8e-988f-9bc2ac499b6b
638445d6-714b-49ba-b86d-bda7832c4857,genus,0263f681-380e-4b91-98d0-c4e3e277f4fe,Elachertus,Animalia,Insecta,https://vvtaxatree.tbn.org.tw/taxa/638445d6-714b-49ba-b86d-bda7832c4857
324b042d-9f2b-436f-b541-db48aaef70d6,genus,0263f681-380e-4b91-98d0-c4e3e277f4fe,Elachestus,Animalia,Insecta,https://vvtaxatree.tbn.org.tw/taxa/324b042d-9f2b-436f-b541-db48aaef70d6
b02feca4-f07e-40a0-9b6f-18f10fdc02a7,genus,0263f681-380e-4b91-98d0-c4e3e277f4fe,Elachistus,Animalia,Insecta,https://vvtaxatree.tbn.org.tw/taxa/b02feca4-f07e-40a0-9b6f-18f10fdc02a7
b6566c9e-17f4-49ec-9c3e-f83e79987fd0,genus,2578c6fe-baf3-4d08-a010-d0f72d5bd930,Elaphis,Animalia,Reptilia,https://vvtaxatree.tbn.org.tw/taxa/b6566c9e-17f4-49ec-9c3e-f83e79987fd0
9cedb6c1-928b-4a5e-a88c-9569ffa3cb5a,genus,52221ce3-ee0e-4b34-92fb-b009968c706f,Elasmonotus,Animalia,Malacostraca,https://vvtaxatree.tbn.org.tw/taxa/9cedb6c1-928b-4a5e-a88c-9569ffa3cb5a
bd7c612f-1761-42d5-b6b3-4a0a3231cf0c,genus,dad87138-508d-42bc-9c1b-6738c2d8a854,Elater,Animalia,Insecta,https://vvtaxatree.tbn.org.tw/taxa/bd7c612f-1761-42d5-b6b3-4a0a3231cf0c
728ffdd1-2053-4db9-a716-3ce3ab9bbdfa,genus,b0f22c66-081b-46ad-a745-c6772bd81bcd,Eleotriodes,Animalia,Actinopteri,https://vvtaxatree.tbn.org.tw/taxa/728ffdd1-2053-4db9-a716-3ce3ab9bbdfa
c06ad0e6-8b69-425f-8d0c-25d9ce6b4dd9,genus,b0f22c66-081b-46ad-a745-c6772bd81bcd,Eleotrioides,Animalia,Actinopteri,https://vvtaxatree.tbn.org.tw/taxa/c06ad0e6-8b69-425f-8d0c-25d9ce6b4dd9
8f32fded-40af-4690-aeec-efecb366255f,genus,b0f22c66-081b-46ad-a745-c6772bd81bcd,Ellerya,Animalia,Actinopteri,https://vvtaxatree.tbn.org.tw/taxa/8f32fded-40af-4690-aeec-efecb366255f
d1806f92-1574-4305-a98d-a4d63f3e613d,genus,f1b3fb3e-7241-4db8-82ba-eb47c663330e,Elphos,Animalia,Insecta,https://vvtaxatree.tbn.org.tw/taxa/d1806f92-1574-4305-a98d-a4d63f3e613d
740a1c67-6449-458f-8be6-18ba4ea0d14d,genus,92504495-67e8-42e8-bb76-26cd5b0826f2,Elyra,Animalia,Insecta,https://vvtaxatree.tbn.org.tw/taxa/740a1c67-6449-458f-8be6-18ba4ea0d14d
0aca2059-acce-4056-821c-9552df918829,genus,1e5b5363-9422-4bbf-bd97-6502b7b9f1c4,Elysiella,Animalia,Gastropoda,https://vvtaxatree.tbn.org.tw/taxa/0aca2059-acce-4056-821c-9552df918829
cc086db4-f301-4a39-adc1-7786a5e01fd2,genus,a7c5ae88-67e3-4442-b2b5-488f491ad028,Embia,Animalia,Insecta,https://vvtaxatree.tbn.org.tw/taxa/cc086db4-f301-4a39-adc1-7786a5e01fd2
d7fae7e5-ba63-4b4c-8c65-3da1b9393563,genus,f1b3fb3e-7241-4db8-82ba-eb47c663330e,Emmiltis,Animalia,Insecta,https://vvtaxatree.tbn.org.tw/taxa/d7fae7e5-ba63-4b4c-8c65-3da1b9393563
f3e69565-59a0-403b-898b-b4d203824dc6,genus,f1b3fb3e-7241-4db8-82ba-eb47c663330e,Emmsomia,Animalia,Insecta,https://vvtaxatree.tbn.org.tw/taxa/f3e69565-59a0-403b-898b-b4d203824dc6
27842db5-c298-407c-a0e7-e057aac79aba,genus,8c9d6dc8-2a3d-4ff7-b0e0-81a315f1d5fe,Emphysomera,Animalia,Insecta,https://vvtaxatree.tbn.org.tw/taxa/27842db5-c298-407c-a0e7-e057aac79aba
ba1d5f3c-ff0a-43df-8403-464e1afcc62a,genus,50583e36-4bb6-46ee-a6a6-ab5b65fbcf10,Enarmonia,Animalia,Insecta,https://vvtaxatree.tbn.org.tw/taxa/ba1d5f3c-ff0a-43df-8403-464e1afcc62a
fa6c78a8-ac33-40c8-8c61-a325144a09d8,genus,2b47120a-b90d-4637-a9a7-7f138e76f143,Encaeura,Animalia,Actinopteri,https://vvtaxatree.tbn.org.tw/taxa/fa6c78a8-ac33-40c8-8c61-a325144a09d8
0f18d4e6-517d-4d32-9aa3-2f3e7da6a0d3,genus,a008ff98-4b23-468a-9d3f-1f8db111f9f1,Enchelyocampus,Animalia,Actinopteri,https://vvtaxatree.tbn.org.tw/taxa/0f18d4e6-517d-4d32-9aa3-2f3e7da6a0d3
378806ce-e5c3-4ea8-ab22-215684a793b2,genus,0263f681-380e-4b91-98d0-c4e3e277f4fe,Encyrtus,Animalia,Insecta,https://vvtaxatree.tbn.org.tw/taxa/378806ce-e5c3-4ea8-ab22-215684a793b2
268d356a-3745-4f4b-92e7-12d5b6cac143,genus,17137cf3-0a53-429f-994a-d2a93a8088b5,Enedrias,Animalia,Actinopteri,https://vvtaxatree.tbn.org.tw/taxa/268d356a-3745-4f4b-92e7-12d5b6cac143
59c20ef5-502d-42de-8e2e-67dd2194dca3,genus,dea51676-679b-4744-a484-6eb566806f62,Eneoptera,Animalia,Insecta,https://vvtaxatree.tbn.org.tw/taxa/59c20ef5-502d-42de-8e2e-67dd2194dca3
bba0cfdf-a5cf-4ef1-8115-d3fad402c27e,genus,d4f9fc67-13d2-4352-b85f-62b7dce4a55d,Engraulus,Animalia,Actinopteri,https://vvtaxatree.tbn.org.tw/taxa/bba0cfdf-a5cf-4ef1-8115-d3fad402c27e
6c966966-86e4-4828-a7ae-06655a0bd788,genus,f5babf48-2d9b-4d7d-9017-c7c6ee692abe,Ennoia,Animalia,Gastropoda,https://vvtaxatree.tbn.org.tw/taxa/6c966966-86e4-4828-a7ae-06655a0bd788
4858b39b-3a7f-4afc-8e49-7e585aba01de,genus,0263f681-380e-4b91-98d0-c4e3e277f4fe,Entedon,Animalia,Insecta,https://vvtaxatree.tbn.org.tw/taxa/4858b39b-3a7f-4afc-8e49-7e585aba01de
adadd29e-5d1c-4981-891a-7141792c7942,genus,ebcdbf4d-2fb2-4246-805d-52a45d8b9bae,Entonanthias,Animalia,Actinopteri,https://vvtaxatree.tbn.org.tw/taxa/adadd29e-5d1c-4981-891a-7141792c7942
8693c801-0ce5-43d0-9c26-6881ed3b454c,genus,9dc21538-68da-4c7d-93a3-be127ff02b73,Eocyptera,Animalia,Insecta,https://vvtaxatree.tbn.org.tw/taxa/8693c801-0ce5-43d0-9c26-6881ed3b454c
8de1bc7f-b984-461d-b489-e1861a1318a3,genus,9dc21538-68da-4c7d-93a3-be127ff02b73,Eogymnophthalma,Animalia,Insecta,https://vvtaxatree.tbn.org.tw/taxa/8de1bc7f-b984-461d-b489-e1861a1318a3
a26e450d-4b0f-4382-aac7-8f5a3e476672,genus,9dc21538-68da-4c7d-93a3-be127ff02b73,Eomyoceropsis,Animalia,Insecta,https://vvtaxatree.tbn.org.tw/taxa/a26e450d-4b0f-4382-aac7-8f5a3e476672
b592f977-4433-4624-91f7-7da6cb0af6c6,genus,50583e36-4bb6-46ee-a6a6-ab5b65fbcf10,Epagoge,Animalia,Insecta,https://vvtaxatree.tbn.org.tw/taxa/b592f977-4433-4624-91f7-7da6cb0af6c6
a6867413-229e-4398-b6c5-5969ea83cd15,genus,81c1864f-197f-4486-956c-b240c5ec2923,Epeira,Animalia,Arachnida,https://vvtaxatree.tbn.org.tw/taxa/a6867413-229e-4398-b6c5-5969ea83cd15
a900ff9e-f25a-426e-8ae9-ac2d3d724749,genus,ebcdbf4d-2fb2-4246-805d-52a45d8b9bae,Ephinephelus,Animalia,Actinopteri,https://vvtaxatree.tbn.org.tw/taxa/a900ff9e-f25a-426e-8ae9-ac2d3d724749
c9ffd9e6-a87f-4375-b972-0870b9cc0b0a,genus,f1b3fb3e-7241-4db8-82ba-eb47c663330e,Ephyra,Animalia,Insecta,https://vvtaxatree.tbn.org.tw/taxa/c9ffd9e6-a87f-4375-b972-0870b9cc0b0a
a2b689e2-273e-4686-b967-380a4a74c96e,genus,2a8ca199-7e13-4468-b3a8-fbd3aec42b77,Epibulia,Animalia,Hydrozoa,https://vvtaxatree.tbn.org.tw/taxa/a2b689e2-273e-4686-b967-380a4a74c96e
ec21033d-a0f9-459d-a3d6-058d7c8bd5cf,genus,336d2f06-572e-4c59-a749-3706013d3adf,Epilampra,Animalia,Insecta,https://vvtaxatree.tbn.org.tw/taxa/ec21033d-a0f9-459d-a3d6-058d7c8bd5cf
754ae018-79fd-4791-a07c-a5e1cf586f59,genus,92504495-67e8-42e8-bb76-26cd5b0826f2,Epilecta,Animalia,Insecta,https://vvtaxatree.tbn.org.tw/taxa/754ae018-79fd-4791-a07c-a5e1cf586f59
b2b54b18-bd3a-4eb8-b25c-7c7071e20f5d,genus,ebcdbf4d-2fb2-4246-805d-52a45d8b9bae,Epinephalus,Animalia,Actinopteri,https://vvtaxatree.tbn.org.tw/taxa/b2b54b18-bd3a-4eb8-b25c-7c7071e20f5d
8f23f449-f0f3-47c2-ac63-929ef55c8569,genus,90ab3438-5b02-4145-92fa-ffe62912e0bc,Epistenia,Animalia,Insecta,https://vvtaxatree.tbn.org.tw/taxa/8f23f449-f0f3-47c2-ac63-929ef55c8569
9fbab6b8-abd1-4a33-a6c4-e6d2964e2a47,genus,4f83c9de-5701-4d27-a46a-5e1e1d115687,Epitetranychus,Animalia,Arachnida,https://vvtaxatree.tbn.org.tw/taxa/9fbab6b8-abd1-4a33-a6c4-e6d2964e2a47
1c355965-5624-4fc0-8a03-74363f2fd3e4,genus,9dc21538-68da-4c7d-93a3-be127ff02b73,Epixorista,Animalia,Insecta,https://vvtaxatree.tbn.org.tw/taxa/1c355965-5624-4fc0-8a03-74363f2fd3e4
d338357f-52ab-4ea2-bc66-0f16bdddb330,genus,c35bc653-b173-490e-b1a0-b20627dcc963,Equula,Animalia,Actinopteri,https://vvtaxatree.tbn.org.tw/taxa/d338357f-52ab-4ea2-bc66-0f16bdddb330
e6093791-2192-49d1-b1a6-97b519fdb6c5,genus,92504495-67e8-42e8-bb76-26cd5b0826f2,Erastria,Animalia,Insecta,https://vvtaxatree.tbn.org.tw/taxa/e6093791-2192-49d1-b1a6-97b519fdb6c5
4e62d12d-ded1-4a24-9bed-51ca19721dfe,genus,f1b3fb3e-7241-4db8-82ba-eb47c663330e,Erebomorpha,Animalia,Insecta,https://vvtaxatree.tbn.org.tw/taxa/4e62d12d-ded1-4a24-9bed-51ca19721dfe
6a896c19-e9ff-4fa2-a406-0552b5655358,genus,29258d69-cbc8-4f66-8426-2c8ee350740f,Ereunetis,Animalia,Insecta,https://vvtaxatree.tbn.org.tw/taxa/6a896c19-e9ff-4fa2-a406-0552b5655358
da189029-d821-49cc-a8e6-994970c25e27,genus,f1b3fb3e-7241-4db8-82ba-eb47c663330e,Erinnys,Animalia,Insecta,https://vvtaxatree.tbn.org.tw/taxa/da189029-d821-49cc-a8e6-994970c25e27
dcf11f84-364b-4fe9-a493-307f786c74a0,genus,ad105732-26ef-478b-9d89-19010280ebf2,Eriochiton,Animalia,Insecta,https://vvtaxatree.tbn.org.tw/taxa/dcf11f84-364b-4fe9-a493-307f786c74a0
a9eb4d7e-9589-4312-84ec-181ace67c6a0,genus,40ac7762-c015-4bc6-a745-d15e5cd24cb8,Eriogaster,Animalia,Insecta,https://vvtaxatree.tbn.org.tw/taxa/a9eb4d7e-9589-4312-84ec-181ace67c6a0
d07cea53-8b60-4cc5-b582-abf3fa082497,genus,92504495-67e8-42e8-bb76-26cd5b0826f2,Eriopyga,Animalia,Insecta,https://vvtaxatree.tbn.org.tw/taxa/d07cea53-8b60-4cc5-b582-abf3fa082497
3d52488c-18ef-489e-b33a-9be8c09d5314,genus,7b3161d5-6c11-4f8e-820e-51324a395768,Eristalomyia,Animalia,Insecta,https://vvtaxatree.tbn.org.tw/taxa/3d52488c-18ef-489e-b33a-9be8c09d5314
8cb89b84-9faa-4430-be23-0bdad8ceae3c,genus,f50526d4-bf8e-40e0-94d6-e4c3ae398e4a,Erosia,Animalia,Insecta,https://vvtaxatree.tbn.org.tw/taxa/8cb89b84-9faa-4430-be23-0bdad8ceae3c
be0a6391-6f59-4060-bb67-86192f84f795,genus,aa726014-d90d-432c-9243-8a27705fd0ee,Ervilia,Animalia,Bivalvia,https://vvtaxatree.tbn.org.tw/taxa/be0a6391-6f59-4060-bb67-86192f84f795
5c090664-6976-4e14-ad4f-bac9e7c03e57,genus,9dc21538-68da-4c7d-93a3-be127ff02b73,Erycia,Animalia,Insecta,https://vvtaxatree.tbn.org.tw/taxa/5c090664-6976-4e14-ad4f-bac9e7c03e57
0eb30f36-15d0-4052-ae60-dc51ad549461,genus,b58f93d0-c8ea-4d5a-baa3-7fbe92d91979,Erythrichthys,Animalia,Actinopteri,https://vvtaxatree.tbn.org.tw/taxa/0eb30f36-15d0-4052-ae60-dc51ad549461
14eaaa36-89a6-490b-ab0c-cb80c1042791,genus,f1b3fb3e-7241-4db8-82ba-eb47c663330e,Erythrolophus,Animalia,Insecta,https://vvtaxatree.tbn.org.tw/taxa/14eaaa36-89a6-490b-ab0c-cb80c1042791
76c5f3ab-efce-48c8-afc0-2f237a431a3c,genus,a159fc01-a12d-4298-82f7-91a7d199c602,Esastigmatobius,Animalia,Chilopoda,https://vvtaxatree.tbn.org.tw/taxa/76c5f3ab-efce-48c8-afc0-2f237a431a3c
7cc1df44-d77c-4d13-88ca-0c9eaa96cc3f,genus,da24124e-b2dc-4df1-874e-04ccee140ab2,Eschatocephalus,Animalia,Arachnida,https://vvtaxatree.tbn.org.tw/taxa/7cc1df44-d77c-4d13-88ca-0c9eaa96cc3f
c323bb35-9b87-4800-b364-e160f4f669c5,genus,90e2cd58-9d9a-44b4-903b-e121d7fc327b,Ethnistis,Animalia,Insecta,https://vvtaxatree.tbn.org.tw/taxa/c323bb35-9b87-4800-b364-e160f4f669c5
876fb3ed-ead2-4f5a-9034-93e1c3f81a4c,genus,bb3d879b-80a0-4777-819d-9e5608512428,Eublattella,Animalia,Insecta,https://vvtaxatree.tbn.org.tw/taxa/876fb3ed-ead2-4f5a-9034-93e1c3f81a4c
13255293-a1ef-4bac-b4b5-5ada871fec29,genus,9dc21538-68da-4c7d-93a3-be127ff02b73,Eucarcelia,Animalia,Insecta,https://vvtaxatree.tbn.org.tw/taxa/13255293-a1ef-4bac-b4b5-5ada871fec29
53d03acb-b5c2-4767-a355-aced579e9ccc,genus,50583e36-4bb6-46ee-a6a6-ab5b65fbcf10,Eucelis,Animalia,Insecta,https://vvtaxatree.tbn.org.tw/taxa/53d03acb-b5c2-4767-a355-aced579e9ccc
2320282e-e542-453b-8d92-6fc6373433db,genus,48a32784-9af0-438b-bb0d-24778638c26b,Euchilomycterus,Animalia,Actinopteri,https://vvtaxatree.tbn.org.tw/taxa/2320282e-e542-453b-8d92-6fc6373433db
f5be680c-82ec-4446-9298-f566a93a241e,genus,5f91a112-50cd-4ab9-aa73-f3fbeb28a909,Euchlora,Animalia,Insecta,https://vvtaxatree.tbn.org.tw/taxa/f5be680c-82ec-4446-9298-f566a93a241e
29c813d8-0014-40e5-86fa-06f0b8f0f0ab,genus,f1b3fb3e-7241-4db8-82ba-eb47c663330e,Euchloris,Animalia,Insecta,https://vvtaxatree.tbn.org.tw/taxa/29c813d8-0014-40e5-86fa-06f0b8f0f0ab
bc2fd0a8-5eb6-48ec-b63d-92064b943403,genus,f1b3fb3e-7241-4db8-82ba-eb47c663330e,Eucrostis,Animalia,Insecta,https://vvtaxatree.tbn.org.tw/taxa/bc2fd0a8-5eb6-48ec-b63d-92064b943403
f4ce4868-8767-4053-b4e6-65a3f8fc5cb7,genus,5e1cab85-41db-4b04-a41a-534e90bb91e5,Eucta,Animalia,Arachnida,https://vvtaxatree.tbn.org.tw/taxa/f4ce4868-8767-4053-b4e6-65a3f8fc5cb7
57ee305c-8c3e-41f0-a505-aa6007c48990,genus,fa8339c2-187e-4e58-929b-4b1016ce871c,Eudamus,Animalia,Insecta,https://vvtaxatree.tbn.org.tw/taxa/57ee305c-8c3e-41f0-a505-aa6007c48990
c7a9b403-9b14-481d-b89e-391930873f74,genus,e2ddf8e5-2d1f-4b8d-8878-04aac3cfbee0,Eudioptes,Animalia,Insecta,https://vvtaxatree.tbn.org.tw/taxa/c7a9b403-9b14-481d-b89e-391930873f74
966efdc0-be05-46d8-ba1f-b80ce38971ae,genus,81c1864f-197f-4486-956c-b240c5ec2923,Euetria,Animalia,Arachnida,https://vvtaxatree.tbn.org.tw/taxa/966efdc0-be05-46d8-ba1f-b80ce38971ae
519aa5fa-aba9-49de-a737-6f6a4607cb46,genus,3bf04403-545b-4aba-b541-0e8d373a3afb,Eugaleus,Animalia,Elasmobranchii,https://vvtaxatree.tbn.org.tw/taxa/519aa5fa-aba9-49de-a737-6f6a4607cb46
a04daf97-2237-4aba-b20b-73a6fe25f51a,genus,32717b68-e970-4429-9054-6ef56938a2f0,Eugavialidium,Animalia,Insecta,https://vvtaxatree.tbn.org.tw/taxa/a04daf97-2237-4aba-b20b-73a6fe25f51a
bea6b53c-eba2-431f-ae08-d2a17075624e,genus,29ffc619-61c5-49c3-895f-8c0eb06d2aae,Eugnamptus,Animalia,Insecta,https://vvtaxatree.tbn.org.tw/taxa/bea6b53c-eba2-431f-ae08-d2a17075624e
43690d80-3a13-4e6a-a812-2ad7e2ca53fc,genus,5e1cab85-41db-4b04-a41a-534e90bb91e5,Eugnatha,Animalia,Arachnida,https://vvtaxatree.tbn.org.tw/taxa/43690d80-3a13-4e6a-a812-2ad7e2ca53fc
9fa36e8f-f839-4772-9e0b-4e81caaa43fb,genus,9dc21538-68da-4c7d-93a3-be127ff02b73,Eugymnochaetopsis,Animalia,Insecta,https://vvtaxatree.tbn.org.tw/taxa/9fa36e8f-f839-4772-9e0b-4e81caaa43fb
63489365-6657-40cb-a0fd-1edae374b21e,genus,0b054e27-1c55-4aed-9c85-00660fa2d238,Eulachus,Animalia,Insecta,https://vvtaxatree.tbn.org.tw/taxa/63489365-6657-40cb-a0fd-1edae374b21e
e09f2a4e-216c-414d-968d-558dee09150f,genus,197dae47-aca7-4beb-a2ca-2d2399d2bde2,Eulamia,Animalia,Elasmobranchii,https://vvtaxatree.tbn.org.tw/taxa/e09f2a4e-216c-414d-968d-558dee09150f
bdfb8097-54e6-4dae-8554-9bfbcc064926,genus,63e7e423-5ec0-4e95-af80-f47f87a6096f,Eulepis,Animalia,Insecta,https://vvtaxatree.tbn.org.tw/taxa/bdfb8097-54e6-4dae-8554-9bfbcc064926
bdc10253-7947-4ad7-b3e3-447e6800ef61,genus,8cbee1ed-01e1-4a07-8fc1-a69cab0b9a0b,Eulophus,Animalia,Insecta,https://vvtaxatree.tbn.org.tw/taxa/bdc10253-7947-4ad7-b3e3-447e6800ef61
925e5b09-8fa8-4e51-9b29-59f75a07dfff,genus,cc27611f-8dd6-4126-969e-524cb5f623d4,Eumedon,Animalia,Malacostraca,https://vvtaxatree.tbn.org.tw/taxa/925e5b09-8fa8-4e51-9b29-59f75a07dfff
0a4f10c0-3bd2-471d-9842-24612d080fc9,genus,7b3161d5-6c11-4f8e-820e-51324a395768,Eumerosyrphus,Animalia,Insecta,https://vvtaxatree.tbn.org.tw/taxa/0a4f10c0-3bd2-471d-9842-24612d080fc9
d37b3d73-0b20-4eed-b5d7-5651d99bce04,genus,1e125e59-c0c4-45da-9500-f3eda70287cc,Eumicromus,Animalia,Insecta,https://vvtaxatree.tbn.org.tw/taxa/d37b3d73-0b20-4eed-b5d7-5651d99bce04
a6ef0f41-28e0-4264-9964-5a10dee8cd89,genus,b9eb8fb8-8da2-4061-b630-142d6f1c9dae,Euoagurus,Animalia,Malacostraca,https://vvtaxatree.tbn.org.tw/taxa/a6ef0f41-28e0-4264-9964-5a10dee8cd89
e8628206-dd7b-4122-ae9a-7eaaa548fe4a,genus,0263f681-380e-4b91-98d0-c4e3e277f4fe,Euophthalmomyia,Animalia,Insecta,https://vvtaxatree.tbn.org.tw/taxa/e8628206-dd7b-4122-ae9a-7eaaa548fe4a
8b7a118a-fff9-4b2c-9e2b-398d46fbb711,genus,fadb0b91-05d3-48fd-b9c4-c8d76116d18c,Eupagurus,Animalia,Malacostraca,https://vvtaxatree.tbn.org.tw/taxa/8b7a118a-fff9-4b2c-9e2b-398d46fbb711
ef687700-c122-4c86-8bce-bb56c8d30bae,genus,9dc21538-68da-4c7d-93a3-be127ff02b73,Eupalpocyptera,Animalia,Insecta,https://vvtaxatree.tbn.org.tw/taxa/ef687700-c122-4c86-8bce-bb56c8d30bae
7c91667d-8b8e-40e7-9461-a32149b9448f,genus,f1b3fb3e-7241-4db8-82ba-eb47c663330e,Euphyia,Animalia,Insecta,https://vvtaxatree.tbn.org.tw/taxa/7c91667d-8b8e-40e7-9461-a32149b9448f
6b295dc8-50b1-4cdb-8961-56486d8fe766,genus,29258d69-cbc8-4f66-8426-2c8ee350740f,Euplocamus,Animalia,Insecta,https://vvtaxatree.tbn.org.tw/taxa/6b295dc8-50b1-4cdb-8961-56486d8fe766
05e9acf9-031a-4e7e-92f6-991a031daa5b,genus,c67d4d57-4eea-4119-840a-98b672e031a3,Eupomacentrus,Animalia,Actinopteri,https://vvtaxatree.tbn.org.tw/taxa/05e9acf9-031a-4e7e-92f6-991a031daa5b
a8ca2c8c-5be3-4487-a873-58c17586a24c,genus,87342e91-0f42-4f6d-ac79-de05cff51908,Eurhipia,Animalia,Insecta,https://vvtaxatree.tbn.org.tw/taxa/a8ca2c8c-5be3-4487-a873-58c17586a24c
65326f27-7290-4d16-a3c5-ea3cc7fd0b2c,genus,9762194e-4070-4bf4-96be-cdffcbb071b9,Euribia,Animalia,Insecta,https://vvtaxatree.tbn.org.tw/taxa/65326f27-7290-4d16-a3c5-ea3cc7fd0b2c
366f3fc4-772e-4b5c-9523-af16e4eab875,genus,2113f735-ef09-48da-8968-0622e7cd8c78,Euripharynx,Animalia,Actinopteri,https://vvtaxatree.tbn.org.tw/taxa/366f3fc4-772e-4b5c-9523-af16e4eab875
d4aaefeb-9644-46a0-b210-432829462782,genus,92504495-67e8-42e8-bb76-26cd5b0826f2,Eurois,Animalia,Insecta,https://vvtaxatree.tbn.org.tw/taxa/d4aaefeb-9644-46a0-b210-432829462782
b24455d0-0f9a-42bd-bdb5-65a9f5cff898,genus,90ab3438-5b02-4145-92fa-ffe62912e0bc,Eurycephalus,Animalia,Insecta,https://vvtaxatree.tbn.org.tw/taxa/b24455d0-0f9a-42bd-bdb5-65a9f5cff898
26192486-b50a-4f44-9345-3e9c02c97764,genus,90ab3438-5b02-4145-92fa-ffe62912e0bc,Eurycranium,Animalia,Insecta,https://vvtaxatree.tbn.org.tw/taxa/26192486-b50a-4f44-9345-3e9c02c97764
0e57f8c7-32a0-4621-ba48-405490cef603,genus,e2ddf8e5-2d1f-4b8d-8878-04aac3cfbee0,Eurycraspeda,Animalia,Insecta,https://vvtaxatree.tbn.org.tw/taxa/0e57f8c7-32a0-4621-ba48-405490cef603
c9961ff3-e45c-48dd-aaf3-f0f08960f326,genus,9dc21538-68da-4c7d-93a3-be127ff02b73,Eurygaster,Animalia,Insecta,https://vvtaxatree.tbn.org.tw/taxa/c9961ff3-e45c-48dd-aaf3-f0f08960f326
97ff84e3-249b-47e2-914f-03896ec60c99,genus,d6117b3e-f156-4e41-8e73-1ed85096d86f,Eurynome,Animalia,Malacostraca,https://vvtaxatree.tbn.org.tw/taxa/97ff84e3-249b-47e2-914f-03896ec60c99
4832bd08-9220-464a-97b9-d0642d7cfbc5,genus,e9ac9ca1-ef9a-4104-a587-533c8d32e72f,Euryparia,Animalia,Insecta,https://vvtaxatree.tbn.org.tw/taxa/4832bd08-9220-464a-97b9-d0642d7cfbc5
dbf1ef67-e976-4170-90a7-abbe32871f43,genus,c159973f-a202-4c36-9549-b9867eba92da,Euscirtus,Animalia,Insecta,https://vvtaxatree.tbn.org.tw/taxa/dbf1ef67-e976-4170-90a7-abbe32871f43
caead015-28c4-4c2a-bc15-94a91b196fa2,genus,9dc21538-68da-4c7d-93a3-be127ff02b73,Eutachina,Animalia,Insecta,https://vvtaxatree.tbn.org.tw/taxa/caead015-28c4-4c2a-bc15-94a91b196fa2
b4ae01e4-ab0c-4147-a2ee-0d6f08a6fad5,genus,92504495-67e8-42e8-bb76-26cd5b0826f2,Eutamsia,Animalia,Insecta,https://vvtaxatree.tbn.org.tw/taxa/b4ae01e4-ab0c-4147-a2ee-0d6f08a6fad5
c40f3a1b-a4c8-4b12-8813-12bab464466c,genus,9dc21538-68da-4c7d-93a3-be127ff02b73,Euthelairosoma,Animalia,Insecta,https://vvtaxatree.tbn.org.tw/taxa/c40f3a1b-a4c8-4b12-8813-12bab464466c
ac89bddc-e168-40c6-a06f-419d7f0c3814,genus,a226cd20-77fd-4cd1-b00b-0a66b8787a90,Euthyrrapha,Animalia,Insecta,https://vvtaxatree.tbn.org.tw/taxa/ac89bddc-e168-40c6-a06f-419d7f0c3814
260a1ccd-84d2-4cea-9785-5dd3eff86025,genus,a226cd20-77fd-4cd1-b00b-0a66b8787a90,Euthyrrhapha,Animalia,Insecta,https://vvtaxatree.tbn.org.tw/taxa/260a1ccd-84d2-4cea-9785-5dd3eff86025
ee91647c-ca40-43d3-9e0c-79a171ef7ae1,genus,9762194e-4070-4bf4-96be-cdffcbb071b9,Euxesta,Animalia,Insecta,https://vvtaxatree.tbn.org.tw/taxa/ee91647c-ca40-43d3-9e0c-79a171ef7ae1
6de315cc-1114-4111-afbe-a18b80243186,genus,f50526d4-bf8e-40e0-94d6-e4c3ae398e4a,Eversmannia,Animalia,Insecta,https://vvtaxatree.tbn.org.tw/taxa/6de315cc-1114-4111-afbe-a18b80243186
b075e63e-2645-40d9-ad42-312c60c7088b,genus,6c45b73a-46c2-439a-b524-77935e0bef1e,Exocaetus,Animalia,Actinopteri,https://vvtaxatree.tbn.org.tw/taxa/b075e63e-2645-40d9-ad42-312c60c7088b
67900e09-cd39-4e40-908a-e595df383505,genus,6c45b73a-46c2-439a-b524-77935e0bef1e,Exocetus,Animalia,Actinopteri,https://vvtaxatree.tbn.org.tw/taxa/67900e09-cd39-4e40-908a-e595df383505
8b20c26a-8463-41c7-a061-91003d50a363,genus,6c45b73a-46c2-439a-b524-77935e0bef1e,Exonautes,Animalia,Actinopteri,https://vvtaxatree.tbn.org.tw/taxa/8b20c26a-8463-41c7-a061-91003d50a363
20eb2ad1-669f-4adf-ae7d-cd0babd25201,genus,5181a022-aa13-4a8e-91a7-51bc5d459a24,Feinerus,Animalia,Insecta,https://vvtaxatree.tbn.org.tw/taxa/20eb2ad1-669f-4adf-ae7d-cd0babd25201
11fc9199-9220-44e5-9334-0a8d4d92a89f,genus,0f2c9a4f-e96d-4fa0-a3b0-03a19e671a75,Ferdauia,Animalia,Actinopteri,https://vvtaxatree.tbn.org.tw/taxa/11fc9199-9220-44e5-9334-0a8d4d92a89f
ba758e59-2b3a-45b7-88ee-4aab7bf1b89c,genus,67c8856f-ebe4-4cbf-9d03-ce8ed4f0ed76,Ferrisiana,Animalia,Insecta,https://vvtaxatree.tbn.org.tw/taxa/ba758e59-2b3a-45b7-88ee-4aab7bf1b89c
01cd28d7-d35d-408a-81d7-e7f58b42c614,genus,dc765cc2-16f9-4d40-be88-5808ad0fe156,Festona,Animalia,Insecta,https://vvtaxatree.tbn.org.tw/taxa/01cd28d7-d35d-408a-81d7-e7f58b42c614
edfb39bd-4a83-4cd3-bcb6-b74868ff4604,genus,78591ce4-ee4d-4ae1-966f-337237bdcb6e,Fierasfer,Animalia,Actinopteri,https://vvtaxatree.tbn.org.tw/taxa/edfb39bd-4a83-4cd3-bcb6-b74868ff4604
3225fb86-792e-452b-943d-873700e08133,genus,9489ea78-e128-4475-b835-1c6a2782eaba,Fimbriclupea,Animalia,Actinopteri,https://vvtaxatree.tbn.org.tw/taxa/3225fb86-792e-452b-943d-873700e08133
90ba3983-c77f-44aa-842d-857dd96505cb,genus,07d8ca46-6edd-4d5e-9682-cd10a0f3353d,Fissurella,Animalia,Gastropoda,https://vvtaxatree.tbn.org.tw/taxa/90ba3983-c77f-44aa-842d-857dd96505cb
f15a87a8-6653-409a-be05-2155e2da78c0,genus,b0f22c66-081b-46ad-a745-c6772bd81bcd,Flabelligobius,Animalia,Actinopteri,https://vvtaxatree.tbn.org.tw/taxa/f15a87a8-6653-409a-be05-2155e2da78c0
9d5bf19e-9b07-4a44-b94e-8b0fb17782b4,genus,4389a34e-f5aa-417a-a00d-8641996fa5cf,Flatoides,Animalia,Insecta,https://vvtaxatree.tbn.org.tw/taxa/9d5bf19e-9b07-4a44-b94e-8b0fb17782b4
4805df41-98a6-4dc7-9083-804a1a1e1e70,genus,a8528c65-21cd-4c7b-b842-842f156c22bf,Flustra,Animalia,Gymnolaemata,https://vvtaxatree.tbn.org.tw/taxa/4805df41-98a6-4dc7-9083-804a1a1e1e70
c2fbb32c-361f-401b-8517-3f54b16be3f7,genus,9762194e-4070-4bf4-96be-cdffcbb071b9,Forellia,Animalia,Insecta,https://vvtaxatree.tbn.org.tw/taxa/c2fbb32c-361f-401b-8517-3f54b16be3f7
62171e5a-b0d7-4eeb-83ae-5b8c06cb9d87,genus,9dc21538-68da-4c7d-93a3-be127ff02b73,Formosodoria,Animalia,Insecta,https://vvtaxatree.tbn.org.tw/taxa/62171e5a-b0d7-4eeb-83ae-5b8c06cb9d87
a4bf6565-f58f-43db-8cfb-abad68a489fa,genus,73df20b3-73d0-454d-aec9-56d110ecba58,Formosoglyphius,Animalia,Diplopoda,https://vvtaxatree.tbn.org.tw/taxa/a4bf6565-f58f-43db-8cfb-abad68a489fa
81140c01-123b-4083-91fa-7be5a589ac25,genus,9dc21538-68da-4c7d-93a3-be127ff02b73,Formosolophosia,Animalia,Insecta,https://vvtaxatree.tbn.org.tw/taxa/81140c01-123b-4083-91fa-7be5a589ac25
116c392a-fffb-4c28-bf25-dae486821663,genus,e1890c37-51eb-4326-bae5-6dda2f23edde,Formososcia,Animalia,Malacostraca,https://vvtaxatree.tbn.org.tw/taxa/116c392a-fffb-4c28-bf25-dae486821663
796cda5e-a188-4c65-9fdc-bef41ccd0f94,genus,3d56fdfc-4117-44b7-8a03-48b0741e3efd,Formotogaria,Animalia,Insecta,https://vvtaxatree.tbn.org.tw/taxa/796cda5e-a188-4c65-9fdc-bef41ccd0f94
f3d37728-a684-42fe-97b4-4a6d09315f71,genus,92512233-40b5-4259-ba3f-1f0d5450ca8c,Fossar,Animalia,Gastropoda,https://vvtaxatree.tbn.org.tw/taxa/f3d37728-a684-42fe-97b4-4a6d09315f71
ced37b45-1934-4315-a6ac-a0a43b2fabb0,genus,ebcdbf4d-2fb2-4246-805d-52a45d8b9bae,Franzia,Animalia,Actinopteri,https://vvtaxatree.tbn.org.tw/taxa/ced37b45-1934-4315-a6ac-a0a43b2fabb0
a5aed0ce-c251-4fb9-b604-1f024e72fd25,genus,73a59215-6b76-499c-836b-2c6838c66302,Fulgur,Animalia,Gastropoda,https://vvtaxatree.tbn.org.tw/taxa/a5aed0ce-c251-4fb9-b604-1f024e72fd25
c17c4c21-9c3a-4621-ad99-2f3fcd8f67db,genus,b1b001ee-5540-46b7-80e0-192f6e15b7c5,Fullawayella,Animalia,Insecta,https://vvtaxatree.tbn.org.tw/taxa/c17c4c21-9c3a-4621-ad99-2f3fcd8f67db
fddfb55a-7d34-4978-a3e6-1ea5e9783041,genus,61930530-ef9a-490a-853b-1aaab32d91f0,Fundulus,Animalia,Actinopteri,https://vvtaxatree.tbn.org.tw/taxa/fddfb55a-7d34-4978-a3e6-1ea5e9783041
4042fc5e-33ce-477e-a635-fc2529d8256b,genus,89e557c5-bdbe-47e4-b094-2f0f1bf6bd1d,Fusus,Animalia,Gastropoda,https://vvtaxatree.tbn.org.tw/taxa/4042fc5e-33ce-477e-a635-fc2529d8256b
cf828b04-6c57-44f6-be71-25f2895ce41f,genus,9dc21538-68da-4c7d-93a3-be127ff02b73,Gaediogonia,Animalia,Insecta,https://vvtaxatree.tbn.org.tw/taxa/cf828b04-6c57-44f6-be71-25f2895ce41f
5625e2c4-40d4-4f79-b253-82112276343b,genus,52221ce3-ee0e-4b34-92fb-b009968c706f,Galathodes,Animalia,Malacostraca,https://vvtaxatree.tbn.org.tw/taxa/5625e2c4-40d4-4f79-b253-82112276343b
1851ed0e-ff14-4d53-848e-8b02f4cfdffa,genus,83ff53aa-f218-475e-9d80-e90e850b2790,Garelia,Animalia,Echinoidea,https://vvtaxatree.tbn.org.tw/taxa/1851ed0e-ff14-4d53-848e-8b02f4cfdffa
70cfd591-797e-431c-8ee3-25addcbed305,genus,308a4096-5003-40bf-8f51-85a18e57bdb1,Gargetta,Animalia,Insecta,https://vvtaxatree.tbn.org.tw/taxa/70cfd591-797e-431c-8ee3-25addcbed305
f7157e77-b300-4695-80a3-d908152a3b7c,genus,d78231d7-302a-43e4-aa4a-b50959cc2fe8,Gasterosteus,Animalia,Actinopteri,https://vvtaxatree.tbn.org.tw/taxa/f7157e77-b300-4695-80a3-d908152a3b7c
00563f59-fdf8-4d57-b64b-8c6e00163b54,genus,2113f735-ef09-48da-8968-0622e7cd8c78,Gastrostomus,Animalia,Actinopteri,https://vvtaxatree.tbn.org.tw/taxa/00563f59-fdf8-4d57-b64b-8c6e00163b54
79071b85-d8f2-4178-9082-6d44c61ebc59,genus,f50526d4-bf8e-40e0-94d6-e4c3ae398e4a,Gathynia,Animalia,Insecta,https://vvtaxatree.tbn.org.tw/taxa/79071b85-d8f2-4178-9082-6d44c61ebc59
94e3e61b-607d-4586-b10d-eb89f05826e3,genus,8869f7eb-5e7e-4aba-87c0-df7af433de80,Gaurotes,Animalia,Insecta,https://vvtaxatree.tbn.org.tw/taxa/94e3e61b-607d-4586-b10d-eb89f05826e3
db2c5d24-212f-4db0-b4e2-ebd022b2754f,genus,fa8339c2-187e-4e58-929b-4b1016ce871c,Gegenes,Animalia,Insecta,https://vvtaxatree.tbn.org.tw/taxa/db2c5d24-212f-4db0-b4e2-ebd022b2754f
15818002-25fc-4fe5-acf8-003fa477e470,genus,834af5c5-b52b-4dfd-b66d-7239245062b1,Gehlenia,Animalia,Insecta,https://vvtaxatree.tbn.org.tw/taxa/15818002-25fc-4fe5-acf8-003fa477e470
194e169f-55ce-4a6d-9167-0ff8a4936256,genus,f1b3fb3e-7241-4db8-82ba-eb47c663330e,Gelasma,Animalia,Insecta,https://vvtaxatree.tbn.org.tw/taxa/194e169f-55ce-4a6d-9167-0ff8a4936256
4d94c6fe-0fe4-4334-ab48-2db6be42f03a,genus,ba5d0507-de23-4d7e-afa0-80f9ff2ba068,Gelechia,Animalia,Insecta,https://vvtaxatree.tbn.org.tw/taxa/4d94c6fe-0fe4-4334-ab48-2db6be42f03a
144eab0e-059f-48c8-bb13-0c6784e6dde8,genus,f1b3fb3e-7241-4db8-82ba-eb47c663330e,Geometra,Animalia,Insecta,https://vvtaxatree.tbn.org.tw/taxa/144eab0e-059f-48c8-bb13-0c6784e6dde8
bb1429a8-6d40-4b6d-82f8-0970bbc0f76c,genus,0308331a-a156-4263-b760-83713aa24e5a,Geophilus,Animalia,Chilopoda,https://vvtaxatree.tbn.org.tw/taxa/bb1429a8-6d40-4b6d-82f8-0970bbc0f76c
55322053-8d62-47d8-a1ba-02433d9f04bc,genus,c35bc653-b173-490e-b1a0-b20627dcc963,Gerreomorpha,Animalia,Actinopteri,https://vvtaxatree.tbn.org.tw/taxa/55322053-8d62-47d8-a1ba-02433d9f04bc
c907dad7-e13d-4366-9bff-a06f2fdaf927,genus,197dae47-aca7-4beb-a2ca-2d2399d2bde2,Gillisqualus,Animalia,Elasmobranchii,https://vvtaxatree.tbn.org.tw/taxa/c907dad7-e13d-4366-9bff-a06f2fdaf927
5fea4426-a82b-48a0-a0a8-5b9acdf77529,genus,9e3fbe72-2444-422e-916f-0052fe242811,Ginglymostoma,Animalia,Elasmobranchii,https://vvtaxatree.tbn.org.tw/taxa/5fea4426-a82b-48a0-a0a8-5b9acdf77529
acc6b089-de9a-41d9-89b9-b2472b467502,genus,29824a5b-e081-4787-8be5-19c574319002,Glauconella,Animalia,Gastropoda,https://vvtaxatree.tbn.org.tw/taxa/acc6b089-de9a-41d9-89b9-b2472b467502
de65ba6c-b39d-484b-8e64-a71ef5e80315,genus,c67d4d57-4eea-4119-840a-98b672e031a3,Glyphidodon,Animalia,Actinopteri,https://vvtaxatree.tbn.org.tw/taxa/de65ba6c-b39d-484b-8e64-a71ef5e80315
50538cfc-4576-4dd6-946c-e33947722532,genus,c67d4d57-4eea-4119-840a-98b672e031a3,Glyphidodontops,Animalia,Actinopteri,https://vvtaxatree.tbn.org.tw/taxa/50538cfc-4576-4dd6-946c-e33947722532
901426b2-9724-4cd6-9774-5c27e96f7647,genus,c67d4d57-4eea-4119-840a-98b672e031a3,Glyphisodon,Animalia,Actinopteri,https://vvtaxatree.tbn.org.tw/taxa/901426b2-9724-4cd6-9774-5c27e96f7647
1d3f49b9-04c4-4576-b154-9a41321ea5fa,genus,81c1864f-197f-4486-956c-b240c5ec2923,Glyptogona,Animalia,Arachnida,https://vvtaxatree.tbn.org.tw/taxa/1d3f49b9-04c4-4576-b154-9a41321ea5fa
24073f8d-b28c-4953-87d6-a34a102f022d,genus,1f823286-3e82-49de-b9f8-8f921e0cd26d,Glyptoxanthus,Animalia,Malacostraca,https://vvtaxatree.tbn.org.tw/taxa/24073f8d-b28c-4953-87d6-a34a102f022d
847d8a39-2935-452a-b19a-0cecdc309b8d,genus,f1b3fb3e-7241-4db8-82ba-eb47c663330e,Gnamptoloma,Animalia,Insecta,https://vvtaxatree.tbn.org.tw/taxa/847d8a39-2935-452a-b19a-0cecdc309b8d
553f8417-06c7-4eff-bc86-43d3a733702e,genus,c880e26a-a785-4ad5-bfb6-e0d220ab36ea,Gnathograpsus,Animalia,Malacostraca,https://vvtaxatree.tbn.org.tw/taxa/553f8417-06c7-4eff-bc86-43d3a733702e
a428f98e-dec2-4213-85ec-0fa66af8891c,genus,9976cd9b-eb35-46eb-8e2e-fed700c0c9e9,Gnathopogon,Animalia,Actinopteri,https://vvtaxatree.tbn.org.tw/taxa/a428f98e-dec2-4213-85ec-0fa66af8891c
76a67140-2dd3-437d-b1a4-ececca00318a,genus,3ad6b95c-a306-40ad-9454-14c1493d5297,Gnathypops,Animalia,Actinopteri,https://vvtaxatree.tbn.org.tw/taxa/76a67140-2dd3-437d-b1a4-ececca00318a
060f4b1f-e90d-4acf-8f58-5c08eb62fabd,genus,9976cd9b-eb35-46eb-8e2e-fed700c0c9e9,Gobio,Animalia,Actinopteri,https://vvtaxatree.tbn.org.tw/taxa/060f4b1f-e90d-4acf-8f58-5c08eb62fabd
0dfc2041-9fcb-476d-8623-66845afb7cfa,genus,b0f22c66-081b-46ad-a745-c6772bd81bcd,Gobioides,Animalia,Actinopteri,https://vvtaxatree.tbn.org.tw/taxa/0dfc2041-9fcb-476d-8623-66845afb7cfa
56759ab0-c174-4a1f-978d-b9c926886003,genus,b0f22c66-081b-46ad-a745-c6772bd81bcd,Gobiomorphus,Animalia,Actinopteri,https://vvtaxatree.tbn.org.tw/taxa/56759ab0-c174-4a1f-978d-b9c926886003
8564384c-67de-477f-98c0-3606257c0f64,genus,50583e36-4bb6-46ee-a6a6-ab5b65fbcf10,Godana,Animalia,Insecta,https://vvtaxatree.tbn.org.tw/taxa/8564384c-67de-477f-98c0-3606257c0f64
4d76b437-9936-4c57-835d-7adaf98dbbf5,genus,b5a92432-001c-4aa0-9816-3e66742571a0,Gomeza,Animalia,Malacostraca,https://vvtaxatree.tbn.org.tw/taxa/4d76b437-9936-4c57-835d-7adaf98dbbf5
cc8be140-0d26-4436-b229-77ea4b38eec6,genus,f1b3fb3e-7241-4db8-82ba-eb47c663330e,Gondontis,Animalia,Insecta,https://vvtaxatree.tbn.org.tw/taxa/cc8be140-0d26-4436-b229-77ea4b38eec6
16f648f9-d9fa-4783-bb07-5d08889ec6fc,genus,2c0575f6-ddc4-4226-8edc-daab12425843,Gongylidium,Animalia,Arachnida,https://vvtaxatree.tbn.org.tw/taxa/16f648f9-d9fa-4783-bb07-5d08889ec6fc
3fba630c-f25e-4b7a-b0c5-a43837a241b5,genus,27b6827a-7290-44c8-80a6-8c89527eb308,Goniaster,Animalia,Asteroidea,https://vvtaxatree.tbn.org.tw/taxa/3fba630c-f25e-4b7a-b0c5-a43837a241b5
593c9a76-b6db-4703-a02e-96649fdcbbeb,genus,fa8339c2-187e-4e58-929b-4b1016ce871c,Goniloba,Animalia,Insecta,https://vvtaxatree.tbn.org.tw/taxa/593c9a76-b6db-4703-a02e-96649fdcbbeb
d4d1a417-511a-486e-933f-65cd5ecd2071,genus,27b6827a-7290-44c8-80a6-8c89527eb308,Goniodiscus,Animalia,Asteroidea,https://vvtaxatree.tbn.org.tw/taxa/d4d1a417-511a-486e-933f-65cd5ecd2071
9dd6f45d-149f-485f-9620-fb31d34ca652,genus,4bbd5018-4e6d-4df9-95b2-ce6261662650,Gonioneptunus,Animalia,Malacostraca,https://vvtaxatree.tbn.org.tw/taxa/9dd6f45d-149f-485f-9620-fb31d34ca652
54ab7e8c-5750-4fb0-8dfd-fdb4ddc6ae19,genus,4bbd5018-4e6d-4df9-95b2-ce6261662650,Goniosoma,Animalia,Malacostraca,https://vvtaxatree.tbn.org.tw/taxa/54ab7e8c-5750-4fb0-8dfd-fdb4ddc6ae19
6c7aa188-fd77-4575-bf92-3be8ddf3dfc8,genus,0f682518-24c4-45e9-b359-0444f3b22d5c,Gorgonia,Animalia,Octocorallia,https://vvtaxatree.tbn.org.tw/taxa/6c7aa188-fd77-4575-bf92-3be8ddf3dfc8
ace9c764-4cf0-460f-b1e8-2f8eb1430366,genus,92504495-67e8-42e8-bb76-26cd5b0826f2,Graphiphora,Animalia,Insecta,https://vvtaxatree.tbn.org.tw/taxa/ace9c764-4cf0-460f-b1e8-2f8eb1430366
4c4397d0-9314-4137-b5f8-ca1dbb51b988,genus,50583e36-4bb6-46ee-a6a6-ab5b65fbcf10,Grapholitha,Animalia,Insecta,https://vvtaxatree.tbn.org.tw/taxa/4c4397d0-9314-4137-b5f8-ca1dbb51b988
b69e6522-c09e-45de-875a-63dde34b17bc,genus,36be5a87-901f-4e99-a674-c956f102f170,Gryllacris,Animalia,Insecta,https://vvtaxatree.tbn.org.tw/taxa/b69e6522-c09e-45de-875a-63dde34b17bc
bd5e6df1-95ad-4746-ba8b-d45e154ad08f,genus,01fadd99-ebcb-4ab0-b4ae-4d0c5af4d67b,Grystes,Animalia,Actinopteri,https://vvtaxatree.tbn.org.tw/taxa/bd5e6df1-95ad-4746-ba8b-d45e154ad08f
557b0a75-a3d6-483b-833b-d748bb172dec,genus,08ca3610-5aef-4d7c-9406-576519d3bcd6,Gulella,Animalia,Gastropoda,https://vvtaxatree.tbn.org.tw/taxa/557b0a75-a3d6-483b-833b-d748bb172dec
c2b0103e-ba72-46c2-83a4-63eefccf6ae4,genus,9dc21538-68da-4c7d-93a3-be127ff02b73,Gymnamedoria,Animalia,Insecta,https://vvtaxatree.tbn.org.tw/taxa/c2b0103e-ba72-46c2-83a4-63eefccf6ae4
8ecbf774-be8d-4683-ad03-756e089f8cd3,genus,f15cfa76-ed14-4df6-a798-97775ee44e05,Gymnaspis,Animalia,Insecta,https://vvtaxatree.tbn.org.tw/taxa/8ecbf774-be8d-4683-ad03-756e089f8cd3
eb8bc1f3-86f6-412a-8bf0-076b1ab61c7a,genus,22642482-c931-4442-9556-80d03a9aab2e,Gymnasteria,Animalia,Asteroidea,https://vvtaxatree.tbn.org.tw/taxa/eb8bc1f3-86f6-412a-8bf0-076b1ab61c7a
0cff2743-3372-48b6-8f99-df3a3e835ab9,genus,22642482-c931-4442-9556-80d03a9aab2e,Gymnasterias,Animalia,Asteroidea,https://vvtaxatree.tbn.org.tw/taxa/0cff2743-3372-48b6-8f99-df3a3e835ab9
bf64bef2-09d8-4758-a70b-55c368b3471a,genus,8948a771-0d59-4c91-a8d7-055638c028d9,Gymnetrus,Animalia,Actinopteri,https://vvtaxatree.tbn.org.tw/taxa/bf64bef2-09d8-4758-a70b-55c368b3471a
17e6b6f6-77a9-4061-8bd6-7ee80c5d3e7c,genus,b5fef04d-5a0b-497f-a5c2-5ed38874c499,Gymnocidaris,Animalia,Echinoidea,https://vvtaxatree.tbn.org.tw/taxa/17e6b6f6-77a9-4061-8bd6-7ee80c5d3e7c
5fb63388-d756-4ad5-afe9-3e47ee1eb611,genus,9dc21538-68da-4c7d-93a3-be127ff02b73,Gymnodexia,Animalia,Insecta,https://vvtaxatree.tbn.org.tw/taxa/5fb63388-d756-4ad5-afe9-3e47ee1eb611
067f585d-6d03-472f-ae2a-a24c17ce4e78,genus,9dc21538-68da-4c7d-93a3-be127ff02b73,Gymnopareia,Animalia,Insecta,https://vvtaxatree.tbn.org.tw/taxa/067f585d-6d03-472f-ae2a-a24c17ce4e78
79c330ec-c877-4a0a-ac03-ba50a2d008a6,genus,f1b3fb3e-7241-4db8-82ba-eb47c663330e,Gymnopera,Animalia,Insecta,https://vvtaxatree.tbn.org.tw/taxa/79c330ec-c877-4a0a-ac03-ba50a2d008a6
3589ac65-2a59-4cef-b0e3-b6bbd3d5a901,genus,5f91a112-50cd-4ab9-aa73-f3fbeb28a909,Gymnopleurus,Animalia,Insecta,https://vvtaxatree.tbn.org.tw/taxa/3589ac65-2a59-4cef-b0e3-b6bbd3d5a901
5433bbd5-ca49-43d5-9720-2d10b6991c70,genus,f1b3fb3e-7241-4db8-82ba-eb47c663330e,Gymnoptera,Animalia,Insecta,https://vvtaxatree.tbn.org.tw/taxa/5433bbd5-ca49-43d5-9720-2d10b6991c70
68e4ea63-f2d8-4274-bde7-a5ec4d399bd0,genus,5779ccd5-9dfd-4119-beff-94169b25b93b,Gymnosimenchelys,Animalia,Actinopteri,https://vvtaxatree.tbn.org.tw/taxa/68e4ea63-f2d8-4274-bde7-a5ec4d399bd0
ad4451db-9a8a-4fa2-a010-3740412099d1,genus,9976cd9b-eb35-46eb-8e2e-fed700c0c9e9,Gymnostomus,Animalia,Actinopteri,https://vvtaxatree.tbn.org.tw/taxa/ad4451db-9a8a-4fa2-a010-3740412099d1
acdde4d0-4967-455d-846b-96f4498375fb,genus,9dc21538-68da-4c7d-93a3-be127ff02b73,Gymnostylia,Animalia,Insecta,https://vvtaxatree.tbn.org.tw/taxa/acdde4d0-4967-455d-846b-96f4498375fb
524c79a5-a9b0-43c5-85f5-b97b9f66c4a4,genus,4aadf547-9b60-42c6-9604-aa5abe7fa2bc,Gymnotus,Animalia,Actinopteri,https://vvtaxatree.tbn.org.tw/taxa/524c79a5-a9b0-43c5-85f5-b97b9f66c4a4
569267eb-c065-4aa4-b803-0d3ef434132d,genus,00ba932c-6b0d-4e1c-bba3-07cbf0f8b47f,Gynaephila,Animalia,Insecta,https://vvtaxatree.tbn.org.tw/taxa/569267eb-c065-4aa4-b803-0d3ef434132d
dab85ea3-3c4c-4571-892c-af1f1b24f813,genus,ff900111-dbae-4537-b6f1-aa9be592373b,Gyrinomene,Animalia,Actinopteri,https://vvtaxatree.tbn.org.tw/taxa/dab85ea3-3c4c-4571-892c-af1f1b24f813
2d6ec122-7307-40ee-8ee3-30dd441f6790,genus,5ced13f2-ccd9-47c3-abda-1e92f6cd173a,Habrodesmus,Animalia,Diplopoda,https://vvtaxatree.tbn.org.tw/taxa/2d6ec122-7307-40ee-8ee3-30dd441f6790
6bf540c9-34f2-4060-9a7c-608495af0d87,genus,bc6be93e-816f-4b81-8056-c75c94bdf384,Habrolepistia,Animalia,Insecta,https://vvtaxatree.tbn.org.tw/taxa/6bf540c9-34f2-4060-9a7c-608495af0d87
72853724-810e-4908-99e4-ec9aa8f54dec,genus,da24124e-b2dc-4df1-874e-04ccee140ab2,Haemalastor,Animalia,Arachnida,https://vvtaxatree.tbn.org.tw/taxa/72853724-810e-4908-99e4-ec9aa8f54dec
ea20cb3d-32bd-44a0-a9ea-717b3d62ad6d,genus,5b9062d5-8379-45d7-8c78-0b22975bf9f9,Hageniella,Animalia,Insecta,https://vvtaxatree.tbn.org.tw/taxa/ea20cb3d-32bd-44a0-a9ea-717b3d62ad6d
3aea613d-3821-4f69-a4a4-126dee695475,genus,b35b52f8-236d-4c25-8026-e329867de107,Halicarcinus,Animalia,Malacostraca,https://vvtaxatree.tbn.org.tw/taxa/3aea613d-3821-4f69-a4a4-126dee695475
ee40d813-dd49-445a-85ea-479a1f3bf636,genus,de3feb29-a1ff-4ae9-8932-36238bbeac40,Halicmetes,Animalia,Actinopteri,https://vvtaxatree.tbn.org.tw/taxa/ee40d813-dd49-445a-85ea-479a1f3bf636
f0577dd8-a8bb-4bc9-831e-3fd2bbd48fc3,genus,9dc21538-68da-4c7d-93a3-be127ff02b73,Halidayopsis,Animalia,Insecta,https://vvtaxatree.tbn.org.tw/taxa/f0577dd8-a8bb-4bc9-831e-3fd2bbd48fc3
df244f6c-ebd8-4b5e-a3f4-5c4d58bd1dbe,genus,de3feb29-a1ff-4ae9-8932-36238bbeac40,Halieutichthys,Animalia,Actinopteri,https://vvtaxatree.tbn.org.tw/taxa/df244f6c-ebd8-4b5e-a3f4-5c4d58bd1dbe
70f3354f-c17f-47ff-bb16-bae8b6b9223b,genus,0637dc5c-c50e-4cdc-90bb-b7f1a42676e8,Halimochirugus,Animalia,Actinopteri,https://vvtaxatree.tbn.org.tw/taxa/70f3354f-c17f-47ff-bb16-bae8b6b9223b
bfb09807-4f20-4757-9062-b453618b6343,genus,0637dc5c-c50e-4cdc-90bb-b7f1a42676e8,Halimochirus,Animalia,Actinopteri,https://vvtaxatree.tbn.org.tw/taxa/bfb09807-4f20-4757-9062-b453618b6343
3e8abfec-f483-40ec-9276-2ce1de82ab23,genus,9acef012-7f33-4dfd-9773-b6a09a144026,Halipus,Animalia,Insecta,https://vvtaxatree.tbn.org.tw/taxa/3e8abfec-f483-40ec-9276-2ce1de82ab23
7eb1837c-8445-43d7-a1bf-6d3a22f8d457,genus,de3feb29-a1ff-4ae9-8932-36238bbeac40,Haliutea,Animalia,Actinopteri,https://vvtaxatree.tbn.org.tw/taxa/7eb1837c-8445-43d7-a1bf-6d3a22f8d457
ffe904f7-38a0-4d07-8dcd-947a04cf6a84,genus,6c45b73a-46c2-439a-b524-77935e0bef1e,Halocypselus,Animalia,Actinopteri,https://vvtaxatree.tbn.org.tw/taxa/ffe904f7-38a0-4d07-8dcd-947a04cf6a84
6262dd01-219f-42ad-a1b7-c7044ae6de4e,genus,ea17ad3f-e530-4b2b-9f22-b074ff6640e9,Halosaurichthys,Animalia,Actinopteri,https://vvtaxatree.tbn.org.tw/taxa/6262dd01-219f-42ad-a1b7-c7044ae6de4e
cf1fcb22-0328-46a8-8669-350c60a981df,genus,ea17ad3f-e530-4b2b-9f22-b074ff6640e9,Halosaurus,Animalia,Actinopteri,https://vvtaxatree.tbn.org.tw/taxa/cf1fcb22-0328-46a8-8669-350c60a981df
f83e8817-3c8e-423c-a462-83152b575e9f,genus,b7226c1d-2ff6-4bdf-83fb-6e13956802c7,Halsanalotes,Animalia,Insecta,https://vvtaxatree.tbn.org.tw/taxa/f83e8817-3c8e-423c-a462-83152b575e9f
be64a0b0-ee5a-4fb5-bb13-df5c2bbc1484,genus,42212cda-8743-48ec-9de6-2cb4c075e3c7,Halsydrus,Animalia,Elasmobranchii,https://vvtaxatree.tbn.org.tw/taxa/be64a0b0-ee5a-4fb5-bb13-df5c2bbc1484
00799789-a07e-4b6f-ad3c-112e3eb46242,genus,f88b5250-9f22-4160-8410-164eff3407e4,Haltichella,Animalia,Insecta,https://vvtaxatree.tbn.org.tw/taxa/00799789-a07e-4b6f-ad3c-112e3eb46242
5fdcf7db-a2be-4807-8fa7-738b26edab38,genus,56d9d6be-055a-44ba-bc48-aaa92fdbd22e,Haminea,Animalia,Gastropoda,https://vvtaxatree.tbn.org.tw/taxa/5fdcf7db-a2be-4807-8fa7-738b26edab38
69f27198-8cef-41e3-a3c7-2c2a9fbd4158,genus,8869f7eb-5e7e-4aba-87c0-df7af433de80,Hammaticherus,Animalia,Insecta,https://vvtaxatree.tbn.org.tw/taxa/69f27198-8cef-41e3-a3c7-2c2a9fbd4158
11e3290b-d2ca-41df-a8c5-8457af7b9c26,genus,17c5e2ce-6cb9-43e9-b91b-f200b204efef,Handschinphysa,Animalia,Collembola,https://vvtaxatree.tbn.org.tw/taxa/11e3290b-d2ca-41df-a8c5-8457af7b9c26
3793f908-6e7a-4214-87ba-1a1812851628,genus,a3e04c77-48de-4629-bced-eff32fed2202,Haplocheilus,Animalia,Actinopteri,https://vvtaxatree.tbn.org.tw/taxa/3793f908-6e7a-4214-87ba-1a1812851628
6945bef1-f5da-4e9d-b880-838de47f4e4a,genus,9489ea78-e128-4475-b835-1c6a2782eaba,Harengula,Animalia,Actinopteri,https://vvtaxatree.tbn.org.tw/taxa/6945bef1-f5da-4e9d-b880-838de47f4e4a
8b8c185c-9963-4ecd-8e17-367b6b609801,genus,00ba932c-6b0d-4e1c-bba3-07cbf0f8b47f,Harmatelia,Animalia,Insecta,https://vvtaxatree.tbn.org.tw/taxa/8b8c185c-9963-4ecd-8e17-367b6b609801
1a68cb91-dc3b-4f16-97c3-0f41ee379be7,genus,e77a27d7-b4c4-46db-86d5-a991d9606f5e,Harriotta,Animalia,Holocephali,https://vvtaxatree.tbn.org.tw/taxa/1a68cb91-dc3b-4f16-97c3-0f41ee379be7
fd441321-be1c-41b4-927e-4cc7b87c56d9,genus,e2ddf8e5-2d1f-4b8d-8878-04aac3cfbee0,Hedylepta,Animalia,Insecta,https://vvtaxatree.tbn.org.tw/taxa/fd441321-be1c-41b4-927e-4cc7b87c56d9
29031663-a40c-49ab-a13f-3a30228c5aae,genus,c67d4d57-4eea-4119-840a-98b672e031a3,Heliases,Animalia,Actinopteri,https://vvtaxatree.tbn.org.tw/taxa/29031663-a40c-49ab-a13f-3a30228c5aae
e921efc3-5cb1-4788-a0de-f8c2a524fab2,genus,c67d4d57-4eea-4119-840a-98b672e031a3,Heliastes,Animalia,Actinopteri,https://vvtaxatree.tbn.org.tw/taxa/e921efc3-5cb1-4788-a0de-f8c2a524fab2
f5e1ae8c-407e-4e39-9a02-c8e7a5ed7472,genus,ec86e787-9771-4842-a972-7e9a44168f7e,Helicarion,Animalia,Gastropoda,https://vvtaxatree.tbn.org.tw/taxa/f5e1ae8c-407e-4e39-9a02-c8e7a5ed7472
c564d122-98f9-42c9-aa89-a6d06fcbe66c,genus,80a2fd70-f4be-4289-96fb-8993997aef27,Helicina,Animalia,Gastropoda,https://vvtaxatree.tbn.org.tw/taxa/c564d122-98f9-42c9-aa89-a6d06fcbe66c
788592a5-9205-4b30-be2c-fcb7038c3651,genus,50c7d935-71c8-4758-8083-e7e879eb732f,Helicocranchia,Animalia,Cephalopoda,https://vvtaxatree.tbn.org.tw/taxa/788592a5-9205-4b30-be2c-fcb7038c3651
64a0639b-1bf7-45e2-a032-72d61ff5b5ca,genus,11139933-8474-492b-bbb6-7b1baa52bdd8,Helicopis,Animalia,Arachnida,https://vvtaxatree.tbn.org.tw/taxa/64a0639b-1bf7-45e2-a032-72d61ff5b5ca
4868bc15-7088-43f3-b51f-9a6b5fa8c9a1,genus,7172de02-3449-4c71-82f0-4648b05b6222,Helictis,Animalia,Mammalia,https://vvtaxatree.tbn.org.tw/taxa/4868bc15-7088-43f3-b51f-9a6b5fa8c9a1
d57c36c4-62ac-489b-83b3-0ea2e1bcb582,genus,1d06f243-ae88-4e11-bdea-6811431dfe93,Heliomyia,Animalia,Insecta,https://vvtaxatree.tbn.org.tw/taxa/d57c36c4-62ac-489b-83b3-0ea2e1bcb582
324f07e3-b9c8-4d6c-b0de-ac418ce2d252,genus,92504495-67e8-42e8-bb76-26cd5b0826f2,Heliophobus,Animalia,Insecta,https://vvtaxatree.tbn.org.tw/taxa/324f07e3-b9c8-4d6c-b0de-ac418ce2d252
99f4c94a-5135-43c5-b5a9-988b96ace345,genus,821de07e-4f21-4d08-81cb-513d67a982d0,Heliothis,Animalia,Insecta,https://vvtaxatree.tbn.org.tw/taxa/99f4c94a-5135-43c5-b5a9-988b96ace345
e0bd3d7f-55c2-4100-a19f-59feb50307fd,genus,c3cf14a5-daf1-434a-a300-11d5b388289f,Helomyza,Animalia,Insecta,https://vvtaxatree.tbn.org.tw/taxa/e0bd3d7f-55c2-4100-a19f-59feb50307fd
9a4d521d-6ff6-4d48-9ce4-d1ae283c5a8c,genus,7b3161d5-6c11-4f8e-820e-51324a395768,Helophilus,Animalia,Insecta,https://vvtaxatree.tbn.org.tw/taxa/9a4d521d-6ff6-4d48-9ce4-d1ae283c5a8c
43d27072-503c-40aa-b00c-09fda8d752df,genus,f15cfa76-ed14-4df6-a798-97775ee44e05,Hemiberlesea,Animalia,Insecta,https://vvtaxatree.tbn.org.tw/taxa/43d27072-503c-40aa-b00c-09fda8d752df
f8812dbb-5fb8-4da4-a68f-9a3f061cbf11,genus,5b9062d5-8379-45d7-8c78-0b22975bf9f9,Hemicaecilius,Animalia,Insecta,https://vvtaxatree.tbn.org.tw/taxa/f8812dbb-5fb8-4da4-a68f-9a3f061cbf11
585b5ec9-f56f-4721-a5f3-9aa15366d2b8,genus,529d3720-f17b-4f15-9b36-1a46279c47e0,Hemichelidon,Animalia,Aves,https://vvtaxatree.tbn.org.tw/taxa/585b5ec9-f56f-4721-a5f3-9aa15366d2b8
a07f7ef2-a21d-4fcd-a70e-4184c2370e1c,genus,9dc21538-68da-4c7d-93a3-be127ff02b73,Hemidegeeria,Animalia,Insecta,https://vvtaxatree.tbn.org.tw/taxa/a07f7ef2-a21d-4fcd-a70e-4184c2370e1c
8ece49f5-7210-4bd5-8384-0a9e558dfeae,genus,9dc21538-68da-4c7d-93a3-be127ff02b73,Hemilinnaemyia,Animalia,Insecta,https://vvtaxatree.tbn.org.tw/taxa/8ece49f5-7210-4bd5-8384-0a9e558dfeae
89b55e6b-511e-4f9c-aa53-1346e37c34d8,genus,0398f7a8-f589-4399-a581-2f4ea995f3b6,Hemipteronotus,Animalia,Actinopteri,https://vvtaxatree.tbn.org.tw/taxa/89b55e6b-511e-4f9c-aa53-1346e37c34d8
23429580-6c92-4ffa-aa7b-7fd6ec73c9fa,genus,6c45b73a-46c2-439a-b524-77935e0bef1e,Hemirhamphus,Animalia,Actinopteri,https://vvtaxatree.tbn.org.tw/taxa/23429580-6c92-4ffa-aa7b-7fd6ec73c9fa
98d4304d-f031-4dbb-840d-0e8fe3a31a11,genus,e9ac9ca1-ef9a-4104-a587-533c8d32e72f,Hemisphaerisoma,Animalia,Insecta,https://vvtaxatree.tbn.org.tw/taxa/98d4304d-f031-4dbb-840d-0e8fe3a31a11
91294633-ce88-404a-8f97-c87aac1d4b62,genus,f3bf5931-0420-4d46-abce-46c1c7510233,Hemistoma,Animalia,Actinopteri,https://vvtaxatree.tbn.org.tw/taxa/91294633-ce88-404a-8f97-c87aac1d4b62
6ccbe3fe-fc6a-4e99-b94e-10d83b4ea8ce,genus,bb3d879b-80a0-4777-819d-9e5608512428,Hemithyrsocera,Animalia,Insecta,https://vvtaxatree.tbn.org.tw/taxa/6ccbe3fe-fc6a-4e99-b94e-10d83b4ea8ce
20fbd9e9-8eec-49b5-bf3f-baa01f368aa8,genus,5307f43c-ecf1-4bab-afbb-9468bf172a54,Henicichthys,Animalia,Actinopteri,https://vvtaxatree.tbn.org.tw/taxa/20fbd9e9-8eec-49b5-bf3f-baa01f368aa8
a58c9ee7-7526-4fe3-b031-08854901d5c5,genus,b68fc255-cbb8-4da4-86ca-90c63589326f,Heptabranchus,Animalia,Gastropoda,https://vvtaxatree.tbn.org.tw/taxa/a58c9ee7-7526-4fe3-b031-08854901d5c5
2da53b7d-791f-43ce-88d5-edef5ec9db3a,genus,9dc21538-68da-4c7d-93a3-be127ff02b73,Herbstia,Animalia,Insecta,https://vvtaxatree.tbn.org.tw/taxa/2da53b7d-791f-43ce-88d5-edef5ec9db3a
08a2312f-17a4-402a-b9f5-6072bba74201,genus,689bff46-68b9-4734-a2fb-18ffbdd8b5c8,Herklotsina,Animalia,Actinopteri,https://vvtaxatree.tbn.org.tw/taxa/08a2312f-17a4-402a-b9f5-6072bba74201
fbedc2fb-3ccb-4367-8079-9ffe410786c0,genus,6aae03d0-b0d7-4b54-b533-271300e0e2f1,Hermes,Animalia,Insecta,https://vvtaxatree.tbn.org.tw/taxa/fbedc2fb-3ccb-4367-8079-9ffe410786c0
6b0b6796-dd1f-4c14-9c82-ebc910c9bcdd,genus,6a88febf-42cd-4da8-b0a9-66d3d5da4759,Hermippus,Animalia,Arachnida,https://vvtaxatree.tbn.org.tw/taxa/6b0b6796-dd1f-4c14-9c82-ebc910c9bcdd
4b339204-f66f-454c-9cd1-56afe2f84dd9,genus,9dc21538-68da-4c7d-93a3-be127ff02b73,Hermyia,Animalia,Insecta,https://vvtaxatree.tbn.org.tw/taxa/4b339204-f66f-454c-9cd1-56afe2f84dd9
37e121a6-f83c-45d2-91aa-9e1d647eb8a6,genus,62e4b69b-0c48-45f5-be60-e5d583109910,Herodias,Animalia,Aves,https://vvtaxatree.tbn.org.tw/taxa/37e121a6-f83c-45d2-91aa-9e1d647eb8a6
d35c3630-5173-4e21-904f-6b6b3e54a173,genus,5468c220-c89a-42a1-b513-f3a4c2b7b05d,Heros,Animalia,Actinopteri,https://vvtaxatree.tbn.org.tw/taxa/d35c3630-5173-4e21-904f-6b6b3e54a173
d7b6647d-31a3-4c34-8dd0-5e0817e3f615,genus,4174feee-8ec5-48d8-b497-b86726b78be2,Herpis,Animalia,Insecta,https://vvtaxatree.tbn.org.tw/taxa/d7b6647d-31a3-4c34-8dd0-5e0817e3f615
bccff4af-c3e2-43d5-b935-7d0e5ce1bb95,genus,2b47120a-b90d-4637-a9a7-7f138e76f143,Herrea,Animalia,Actinopteri,https://vvtaxatree.tbn.org.tw/taxa/bccff4af-c3e2-43d5-b935-7d0e5ce1bb95
2517be83-c5e4-4d69-bc6d-d761a4a0588a,genus,f5babf48-2d9b-4d7d-9017-c7c6ee692abe,Hervia,Animalia,Gastropoda,https://vvtaxatree.tbn.org.tw/taxa/2517be83-c5e4-4d69-bc6d-d761a4a0588a
de843694-b760-4db7-825f-f0b74723ec9a,genus,30bad4b6-1506-4d5a-a91a-48e63ff37143,Heteracris,Animalia,Insecta,https://vvtaxatree.tbn.org.tw/taxa/de843694-b760-4db7-825f-f0b74723ec9a
1bdf583d-c65f-45ca-aa29-364d57ce667e,genus,61930530-ef9a-490a-853b-1aaab32d91f0,Heterandria,Animalia,Actinopteri,https://vvtaxatree.tbn.org.tw/taxa/1bdf583d-c65f-45ca-aa29-364d57ce667e
26f4dfd2-6dec-4999-b640-7dd5e61fef77,genus,e9ce7860-2a09-4f25-9816-28e8e23672ce,Heterocampa,Animalia,Insecta,https://vvtaxatree.tbn.org.tw/taxa/26f4dfd2-6dec-4999-b640-7dd5e61fef77
7d1411e0-f4b7-4154-a152-7bee0ae157a8,genus,67c8856f-ebe4-4cbf-9d03-ce8ed4f0ed76,Heterococcus,Animalia,Insecta,https://vvtaxatree.tbn.org.tw/taxa/7d1411e0-f4b7-4154-a152-7bee0ae157a8
21bec8dd-ab06-47a6-b957-13c6ff2faef1,genus,206108ab-6a9d-493a-8316-e430da8da7a1,Heterogenea,Animalia,Insecta,https://vvtaxatree.tbn.org.tw/taxa/21bec8dd-ab06-47a6-b957-13c6ff2faef1
aaf469ae-9c34-4c14-be4c-f76adc630904,genus,2c6d6383-133e-4523-8a76-290bbc0c43ee,Heterognathodon,Animalia,Actinopteri,https://vvtaxatree.tbn.org.tw/taxa/aaf469ae-9c34-4c14-be4c-f76adc630904
6415e118-f93c-40d6-abf8-dbd290ac2df0,genus,92504495-67e8-42e8-bb76-26cd5b0826f2,Heterogramma,Animalia,Insecta,https://vvtaxatree.tbn.org.tw/taxa/6415e118-f93c-40d6-abf8-dbd290ac2df0
1c5a0d86-960b-426e-940a-3c3a64cf492a,genus,f1b3fb3e-7241-4db8-82ba-eb47c663330e,Heteromiza,Animalia,Insecta,https://vvtaxatree.tbn.org.tw/taxa/1c5a0d86-960b-426e-940a-3c3a64cf492a
d59d14fd-7c38-4dce-bfca-5f3604631592,genus,308a4096-5003-40bf-8f51-85a18e57bdb1,Heteropan,Animalia,Insecta,https://vvtaxatree.tbn.org.tw/taxa/d59d14fd-7c38-4dce-bfca-5f3604631592
d746c30e-ccf7-428e-8fa5-d144c3be4fe4,genus,e0913bcd-d2f0-4817-918b-473072d6080e,Heterophthalmus,Animalia,Actinopteri,https://vvtaxatree.tbn.org.tw/taxa/d746c30e-ccf7-428e-8fa5-d144c3be4fe4
96d5955d-e030-46aa-b58c-936207b52136,genus,c56d64dc-bfff-4cb3-9120-88bdf604da3d,Heteropsocus,Animalia,Insecta,https://vvtaxatree.tbn.org.tw/taxa/96d5955d-e030-46aa-b58c-936207b52136
2e8c60b0-3b5c-40d8-9567-22e3293f8665,genus,97ef24cb-ed89-4772-976a-707b941dc6c4,Hippobosca,Animalia,Insecta,https://vvtaxatree.tbn.org.tw/taxa/2e8c60b0-3b5c-40d8-9567-22e3293f8665
27fd0571-5876-4039-8593-e39f2764cc2f,genus,a008ff98-4b23-468a-9d3f-1f8db111f9f1,Hippocamphus,Animalia,Actinopteri,https://vvtaxatree.tbn.org.tw/taxa/27fd0571-5876-4039-8593-e39f2764cc2f
b3c8cb25-414a-438f-89dc-d92e2b421cf8,genus,10e69135-9739-42ad-80c5-3fe0ca0799b3,Hippoglossus,Animalia,Actinopteri,https://vvtaxatree.tbn.org.tw/taxa/b3c8cb25-414a-438f-89dc-d92e2b421cf8
f30c9846-b6ec-43a5-b824-9ac02696320f,genus,82d989fa-73f0-4843-87ad-8e3e161046ab,Hipponoe,Animalia,Echinoidea,https://vvtaxatree.tbn.org.tw/taxa/f30c9846-b6ec-43a5-b824-9ac02696320f
f65c8886-f330-4a38-9339-59e42cbaead3,genus,3ccec375-a801-4c11-b08b-1ed2d0ee2afe,Hirtopsylla,Animalia,Insecta,https://vvtaxatree.tbn.org.tw/taxa/f65c8886-f330-4a38-9339-59e42cbaead3
a6a0f2e2-ce9d-4e7f-8f18-1f6c6f0bccc1,genus,eab878d5-0da8-42d7-b2db-f0f8b1d762e6,Histiophorus,Animalia,Actinopteri,https://vvtaxatree.tbn.org.tw/taxa/a6a0f2e2-ce9d-4e7f-8f18-1f6c6f0bccc1
729b8e4f-1b44-4970-be64-bcfc7ba32b68,genus,ebcdbf4d-2fb2-4246-805d-52a45d8b9bae,Holanthias,Animalia,Actinopteri,https://vvtaxatree.tbn.org.tw/taxa/729b8e4f-1b44-4970-be64-bcfc7ba32b68
363b078e-b232-442e-a423-98b815bc4068,genus,2578c6fe-baf3-4d08-a010-d0f72d5bd930,Holarchus,Animalia,Reptilia,https://vvtaxatree.tbn.org.tw/taxa/363b078e-b232-442e-a423-98b815bc4068
f02079ed-0e91-46e5-8976-ae5c0156fe7a,genus,8a90a1a5-b5ee-43d4-8a3c-78aafa94d610,Holocentrum,Animalia,Actinopteri,https://vvtaxatree.tbn.org.tw/taxa/f02079ed-0e91-46e5-8976-ae5c0156fe7a
bdb1b895-f34a-4c10-8e30-ff708c1ff627,genus,8a90a1a5-b5ee-43d4-8a3c-78aafa94d610,Holocentrus,Animalia,Actinopteri,https://vvtaxatree.tbn.org.tw/taxa/bdb1b895-f34a-4c10-8e30-ff708c1ff627
0ec3b293-88c0-4e63-85a6-c34aa3955862,genus,f1b3fb3e-7241-4db8-82ba-eb47c663330e,Holorista,Animalia,Insecta,https://vvtaxatree.tbn.org.tw/taxa/0ec3b293-88c0-4e63-85a6-c34aa3955862
afdf4b1a-7708-4477-be74-7fe6c44d57bf,genus,24b91207-b311-4ad0-b72a-6cedfeabcfce,Homacalyptus,Animalia,Insecta,https://vvtaxatree.tbn.org.tw/taxa/afdf4b1a-7708-4477-be74-7fe6c44d57bf
5faba171-b5e5-44c6-b39e-026e7e83b292,genus,51658d7c-9356-49ad-8f6c-b02b2c0f4f67,Homalattus,Animalia,Arachnida,https://vvtaxatree.tbn.org.tw/taxa/5faba171-b5e5-44c6-b39e-026e7e83b292
ce380cda-921d-4847-8a51-8a080afc3433,genus,ebcdbf4d-2fb2-4246-805d-52a45d8b9bae,Homalogrystes,Animalia,Actinopteri,https://vvtaxatree.tbn.org.tw/taxa/ce380cda-921d-4847-8a51-8a080afc3433
fcd73551-d4ef-47b1-afb6-2e000fce5740,genus,8c6e7384-7df6-4632-92ae-d01241027723,Homalomyia,Animalia,Insecta,https://vvtaxatree.tbn.org.tw/taxa/fcd73551-d4ef-47b1-afb6-2e000fce5740
f534a5aa-ec6f-4058-8b3e-f22d21aec9cd,genus,0c99b219-c377-4518-9a29-ef73a6ed7c7c,Homaloptera,Animalia,Actinopteri,https://vvtaxatree.tbn.org.tw/taxa/f534a5aa-ec6f-4058-8b3e-f22d21aec9cd
4c50626b-89e4-4755-a50f-956b9147455a,genus,07a43c8b-ce8c-4301-a058-6e871c436318,Homea,Animalia,Myxini,https://vvtaxatree.tbn.org.tw/taxa/4c50626b-89e4-4755-a50f-956b9147455a
7c3b132c-a41e-47ef-b056-67a3d24690fd,genus,ba5d0507-de23-4d7e-afa0-80f9ff2ba068,Homochelas,Animalia,Insecta,https://vvtaxatree.tbn.org.tw/taxa/7c3b132c-a41e-47ef-b056-67a3d24690fd
c0411a61-b738-4739-8c46-ea3b6ccc69a2,genus,00ba932c-6b0d-4e1c-bba3-07cbf0f8b47f,Homoptera,Animalia,Insecta,https://vvtaxatree.tbn.org.tw/taxa/c0411a61-b738-4739-8c46-ea3b6ccc69a2
9ab97646-4e2a-434c-9e7e-f3170c208a69,genus,ba5d0507-de23-4d7e-afa0-80f9ff2ba068,Homoshelas,Animalia,Insecta,https://vvtaxatree.tbn.org.tw/taxa/9ab97646-4e2a-434c-9e7e-f3170c208a69
8dbc23f5-5178-4fad-88ca-25547bf9a469,genus,05aa6149-2f1a-48dd-9426-2e0de0382f44,Horatocera,Animalia,Insecta,https://vvtaxatree.tbn.org.tw/taxa/8dbc23f5-5178-4fad-88ca-25547bf9a469
a6d94052-2637-4f17-a5a9-d2a07cf2167d,genus,613a79a8-1e32-4194-a487-6a46ddf72a3d,Horeites,Animalia,Aves,https://vvtaxatree.tbn.org.tw/taxa/a6d94052-2637-4f17-a5a9-d2a07cf2167d
c44a68cb-05dc-44df-a7c2-9b3142960a5c,genus,00ba932c-6b0d-4e1c-bba3-07cbf0f8b47f,Hormisa,Animalia,Insecta,https://vvtaxatree.tbn.org.tw/taxa/c44a68cb-05dc-44df-a7c2-9b3142960a5c
a82dd6a2-a24e-4495-a646-4ccff2d70ba8,genus,c8c1f3b0-044a-4fe2-bff4-ca4bcdb9c299,Hotinus,Animalia,Insecta,https://vvtaxatree.tbn.org.tw/taxa/a82dd6a2-a24e-4495-a646-4ccff2d70ba8
1d41c701-67db-48a3-86ea-d36b25565498,genus,2c0575f6-ddc4-4226-8edc-daab12425843,Hummelia,Animalia,Arachnida,https://vvtaxatree.tbn.org.tw/taxa/1d41c701-67db-48a3-86ea-d36b25565498
102517fc-7358-4c72-b18a-56f163b49278,genus,e9ce7860-2a09-4f25-9816-28e8e23672ce,Hupdonta,Animalia,Insecta,https://vvtaxatree.tbn.org.tw/taxa/102517fc-7358-4c72-b18a-56f163b49278
61550008-3c28-4f62-8c34-7fdb59e305e0,genus,96c21708-be66-4444-9fc1-dfb2112d80e1,Hyalaea,Animalia,Gastropoda,https://vvtaxatree.tbn.org.tw/taxa/61550008-3c28-4f62-8c34-7fdb59e305e0
0f66337f-ad0e-44ab-a32f-100b64c470d0,genus,e2ddf8e5-2d1f-4b8d-8878-04aac3cfbee0,Hyalitis,Animalia,Insecta,https://vvtaxatree.tbn.org.tw/taxa/0f66337f-ad0e-44ab-a32f-100b64c470d0
f9d193d8-6971-4af5-ba1a-52017ed111fa,genus,92504495-67e8-42e8-bb76-26cd5b0826f2,Hyboma,Animalia,Insecta,https://vvtaxatree.tbn.org.tw/taxa/f9d193d8-6971-4af5-ba1a-52017ed111fa
3191cda0-3f80-4b3f-9644-8051015f4e52,genus,51658d7c-9356-49ad-8f6c-b02b2c0f4f67,Hyctia,Animalia,Arachnida,https://vvtaxatree.tbn.org.tw/taxa/3191cda0-3f80-4b3f-9644-8051015f4e52
ffa34c6f-c12b-4e8f-9fb0-58f56e94775c,genus,f1b3fb3e-7241-4db8-82ba-eb47c663330e,Hydriomena,Animalia,Insecta,https://vvtaxatree.tbn.org.tw/taxa/ffa34c6f-c12b-4e8f-9fb0-58f56e94775c
e3f3e897-ddd9-40b5-a961-ce93667eec66,genus,79f8588a-2e2f-4bc3-aab0-5ddea91ef33b,Hydrostentor,Animalia,Amphibia,https://vvtaxatree.tbn.org.tw/taxa/e3f3e897-ddd9-40b5-a961-ce93667eec66
76bede53-f860-4260-a3ef-2cd485ce9425,genus,00ba932c-6b0d-4e1c-bba3-07cbf0f8b47f,Hydrusa,Animalia,Insecta,https://vvtaxatree.tbn.org.tw/taxa/76bede53-f860-4260-a3ef-2cd485ce9425
91088259-7d52-4030-97c3-2e11d136ab6b,genus,00ba932c-6b0d-4e1c-bba3-07cbf0f8b47f,Hyela,Animalia,Insecta,https://vvtaxatree.tbn.org.tw/taxa/91088259-7d52-4030-97c3-2e11d136ab6b
211a43d8-e20f-4381-b23b-5c715718851e,genus,960650c0-11f2-4ce2-aceb-a0a5a6f6ca76,Hylaeocarcinus,Animalia,Malacostraca,https://vvtaxatree.tbn.org.tw/taxa/211a43d8-e20f-4381-b23b-5c715718851e
35f70d12-86fd-4af4-982d-18426fdf4577,genus,8c6e7384-7df6-4632-92ae-d01241027723,Hylemyia,Animalia,Insecta,https://vvtaxatree.tbn.org.tw/taxa/35f70d12-86fd-4af4-982d-18426fdf4577
da6ec965-c358-4004-a282-e29a4b530bc9,genus,834af5c5-b52b-4dfd-b66d-7239245062b1,Hyloicus,Animalia,Insecta,https://vvtaxatree.tbn.org.tw/taxa/da6ec965-c358-4004-a282-e29a4b530bc9
25e2c8f1-8f34-4228-8394-4241aaaf9c37,genus,0f2c9a4f-e96d-4fa0-a3b0-03a19e671a75,Hynnis,Animalia,Actinopteri,https://vvtaxatree.tbn.org.tw/taxa/25e2c8f1-8f34-4228-8394-4241aaaf9c37
4c79109a-00e2-4229-a802-b6cdd02fcdb8,genus,73750d2d-66ba-4b04-b817-fb60ef3d3513,Hypebaeus,Animalia,Insecta,https://vvtaxatree.tbn.org.tw/taxa/4c79109a-00e2-4229-a802-b6cdd02fcdb8
2dfb2128-a6e7-482e-8171-4e78bbc5e96c,genus,f1b3fb3e-7241-4db8-82ba-eb47c663330e,Hypenorhynchus,Animalia,Insecta,https://vvtaxatree.tbn.org.tw/taxa/2dfb2128-a6e7-482e-8171-4e78bbc5e96c
fb7c1380-b515-46fa-ba0b-c60d36a8e500,genus,e9ce7860-2a09-4f25-9816-28e8e23672ce,Hyperaeschra,Animalia,Insecta,https://vvtaxatree.tbn.org.tw/taxa/fb7c1380-b515-46fa-ba0b-c60d36a8e500
40b28e9e-51d1-40e9-b628-c64bd0c8d407,genus,c27bb993-eeb8-4781-b7b2-9b1cc9335b12,Hyperia,Animalia,Malacostraca,https://vvtaxatree.tbn.org.tw/taxa/40b28e9e-51d1-40e9-b628-c64bd0c8d407
818fa22d-f391-4598-b1f6-c5d23d7e0780,genus,00ba932c-6b0d-4e1c-bba3-07cbf0f8b47f,Hypochalcia,Animalia,Insecta,https://vvtaxatree.tbn.org.tw/taxa/818fa22d-f391-4598-b1f6-c5d23d7e0780
8fd5aba4-ca95-4c38-a530-6e1ab10e77a3,genus,f1b3fb3e-7241-4db8-82ba-eb47c663330e,Hypochroma,Animalia,Insecta,https://vvtaxatree.tbn.org.tw/taxa/8fd5aba4-ca95-4c38-a530-6e1ab10e77a3
801e888c-3858-4ef5-afba-c5667368a6c6,genus,1f823286-3e82-49de-b9f8-8f921e0cd26d,Hypocoelus,Animalia,Malacostraca,https://vvtaxatree.tbn.org.tw/taxa/801e888c-3858-4ef5-afba-c5667368a6c6
403160ed-6940-4e0e-bd1d-7dfb4a44760e,genus,ce2e87c7-927e-4f21-a7e6-fa07176693df,Hypomacrus,Animalia,Actinopteri,https://vvtaxatree.tbn.org.tw/taxa/403160ed-6940-4e0e-bd1d-7dfb4a44760e
4943a31f-9f30-4caa-b8db-0169ff99bbd6,genus,d43ac6b7-0911-41c4-bed7-8e191c6377ab,Hyponomeuta,Animalia,Insecta,https://vvtaxatree.tbn.org.tw/taxa/4943a31f-9f30-4caa-b8db-0169ff99bbd6
6c48001f-dbbf-48f8-b606-b4aa0b808d37,genus,4406b917-a114-4455-b742-9aaea3f56ddd,Hypophyllus,Animalia,Insecta,https://vvtaxatree.tbn.org.tw/taxa/6c48001f-dbbf-48f8-b606-b4aa0b808d37
1d2cf342-7800-4690-80f5-92ce9eb795d2,genus,00ba932c-6b0d-4e1c-bba3-07cbf0f8b47f,Hypoprepia,Animalia,Insecta,https://vvtaxatree.tbn.org.tw/taxa/1d2cf342-7800-4690-80f5-92ce9eb795d2
f16a020c-76c2-4b79-8f1f-b0046708c3e5,genus,81c1864f-197f-4486-956c-b240c5ec2923,Hyposinga,Animalia,Arachnida,https://vvtaxatree.tbn.org.tw/taxa/f16a020c-76c2-4b79-8f1f-b0046708c3e5
d41f5271-68ae-4f8b-9fa2-fe749728b2bd,genus,7fdfca84-814f-4348-bcb8-b12259eef729,Hypostomus,Animalia,Actinopteri,https://vvtaxatree.tbn.org.tw/taxa/d41f5271-68ae-4f8b-9fa2-fe749728b2bd
93597823-892e-4916-ba7b-d4ba0e7f45a1,genus,5e34f425-c28f-429d-84a3-281853c65127,Hypothripa,Animalia,Insecta,https://vvtaxatree.tbn.org.tw/taxa/93597823-892e-4916-ba7b-d4ba0e7f45a1
2757a9d8-1652-4440-b384-9de378840c13,genus,1ed70ea9-df64-4be8-979e-bdbfa8008b1c,Hypsinotus,Animalia,Actinopteri,https://vvtaxatree.tbn.org.tw/taxa/2757a9d8-1652-4440-b384-9de378840c13
1967dea5-92b8-49c6-970c-2cc95808cb9f,genus,3d56fdfc-4117-44b7-8a03-48b0741e3efd,Hypsomadius,Animalia,Insecta,https://vvtaxatree.tbn.org.tw/taxa/1967dea5-92b8-49c6-970c-2cc95808cb9f
8795dddd-7f48-4c34-a293-0bd4da7eb0e7,genus,ef8faaab-676b-4e03-91e9-8fa2190ea542,Hypsophrus,Animalia,Malacostraca,https://vvtaxatree.tbn.org.tw/taxa/8795dddd-7f48-4c34-a293-0bd4da7eb0e7
1349d2af-cdbd-457f-852f-ef00453aca1b,genus,ef8faaab-676b-4e03-91e9-8fa2190ea542,Hypsophrys,Animalia,Malacostraca,https://vvtaxatree.tbn.org.tw/taxa/1349d2af-cdbd-457f-852f-ef00453aca1b
20c04f20-6986-4b24-898f-e1952a5bad29,genus,b3f048e9-86ca-4b63-b803-feb47f43d735,Hyptimorpha,Animalia,Arachnida,https://vvtaxatree.tbn.org.tw/taxa/20c04f20-6986-4b24-898f-e1952a5bad29
ce7e8e59-102d-41d0-afea-962e7ee2491b,genus,f1b3fb3e-7241-4db8-82ba-eb47c663330e,Hyria,Animalia,Insecta,https://vvtaxatree.tbn.org.tw/taxa/ce7e8e59-102d-41d0-afea-962e7ee2491b
e949fd6f-6d2e-411d-94ed-4a4670576681,genus,19e4d36e-7699-4205-8e45-616c1ed22bc7,Ibis,Animalia,Aves,https://vvtaxatree.tbn.org.tw/taxa/e949fd6f-6d2e-411d-94ed-4a4670576681
956c8755-e848-47c3-b6dc-3a2033e9cd64,genus,90741b87-382b-44b1-a06c-40b4d601f3c6,Ichneumon,Animalia,Insecta,https://vvtaxatree.tbn.org.tw/taxa/956c8755-e848-47c3-b6dc-3a2033e9cd64
b67e8821-c9d6-4976-b2f6-a6e81177c79e,genus,51658d7c-9356-49ad-8f6c-b02b2c0f4f67,Ictidops,Animalia,Arachnida,https://vvtaxatree.tbn.org.tw/taxa/b67e8821-c9d6-4976-b2f6-a6e81177c79e
577a6387-928f-4670-aea2-d1acccd8d6a5,genus,4bc81b13-f9ad-429f-bff7-7542274ad906,Idolothrips,Animalia,Insecta,https://vvtaxatree.tbn.org.tw/taxa/577a6387-928f-4670-aea2-d1acccd8d6a5
8d9baf97-15a1-4011-bd3a-ac2ef6eaa605,genus,8a26c205-4aff-4b3e-888c-2b06a7205df6,Iliades,Animalia,Insecta,https://vvtaxatree.tbn.org.tw/taxa/8d9baf97-15a1-4011-bd3a-ac2ef6eaa605
1affe7ae-1d31-46f2-b7e1-0723a04e0154,genus,d6cedf8d-af39-412a-a938-93ab63e375f1,Incilaria,Animalia,Gastropoda,https://vvtaxatree.tbn.org.tw/taxa/1affe7ae-1d31-46f2-b7e1-0723a04e0154
f7ae7bd9-5d6e-4113-b8c8-112747d68a1a,genus,ad105732-26ef-478b-9d89-19010280ebf2,Inglisia,Animalia,Insecta,https://vvtaxatree.tbn.org.tw/taxa/f7ae7bd9-5d6e-4113-b8c8-112747d68a1a
d84d1247-e9b8-4daf-8f59-f3267e2da75f,genus,92504495-67e8-42e8-bb76-26cd5b0826f2,Inguridia,Animalia,Insecta,https://vvtaxatree.tbn.org.tw/taxa/d84d1247-e9b8-4daf-8f59-f3267e2da75f
a3437e16-37fd-4e5a-b1cc-8a8fba33a7db,genus,f1b3fb3e-7241-4db8-82ba-eb47c663330e,Iodis,Animalia,Insecta,https://vvtaxatree.tbn.org.tw/taxa/a3437e16-37fd-4e5a-b1cc-8a8fba33a7db
3d7aa142-a37d-4e72-8534-b6f12c13ac7e,genus,00ba932c-6b0d-4e1c-bba3-07cbf0f8b47f,Iontha,Animalia,Insecta,https://vvtaxatree.tbn.org.tw/taxa/3d7aa142-a37d-4e72-8534-b6f12c13ac7e
1f715c92-71de-4f6c-98ee-48138ca80355,genus,0f2c9a4f-e96d-4fa0-a3b0-03a19e671a75,Irex,Animalia,Actinopteri,https://vvtaxatree.tbn.org.tw/taxa/1f715c92-71de-4f6c-98ee-48138ca80355
37a1b5ac-15b4-41b5-b185-07c2119ec5f1,genus,63e7e423-5ec0-4e95-af80-f47f87a6096f,Isamia,Animalia,Insecta,https://vvtaxatree.tbn.org.tw/taxa/37a1b5ac-15b4-41b5-b185-07c2119ec5f1
24aabf3f-d3a3-44de-9bc2-b1ccc4b10f4c,genus,9976cd9b-eb35-46eb-8e2e-fed700c0c9e9,Ischikauia,Animalia,Actinopteri,https://vvtaxatree.tbn.org.tw/taxa/24aabf3f-d3a3-44de-9bc2-b1ccc4b10f4c
74c87007-272f-40af-81d9-248e09852e4b,genus,b17c5b02-5d85-4efb-8d2d-6e49398046ec,Ischnothele,Animalia,Arachnida,https://vvtaxatree.tbn.org.tw/taxa/74c87007-272f-40af-81d9-248e09852e4b
79539e0c-b691-4b96-b6a7-84c14a97b06b,genus,fa8339c2-187e-4e58-929b-4b1016ce871c,Ismene,Animalia,Insecta,https://vvtaxatree.tbn.org.tw/taxa/79539e0c-b691-4b96-b6a7-84c14a97b06b
29b5569b-9fcc-4021-9b22-9c287fd5ae1e,genus,9dc21538-68da-4c7d-93a3-be127ff02b73,Isocarceliopsis,Animalia,Insecta,https://vvtaxatree.tbn.org.tw/taxa/29b5569b-9fcc-4021-9b22-9c287fd5ae1e
cfa87ddf-501d-4399-941e-7a39bdbd626e,genus,805b609d-6a91-4427-913f-6162eaf4a1ec,Isocardia,Animalia,Bivalvia,https://vvtaxatree.tbn.org.tw/taxa/cfa87ddf-501d-4399-941e-7a39bdbd626e
679b191f-33b5-4d4c-aa4c-ee12874bdf57,genus,e2ddf8e5-2d1f-4b8d-8878-04aac3cfbee0,Isopteryx,Animalia,Insecta,https://vvtaxatree.tbn.org.tw/taxa/679b191f-33b5-4d4c-aa4c-ee12874bdf57
76b80a3a-3b80-4745-b38e-a8671956abf4,genus,d810098d-1e3b-4a2b-9885-a7134ff4eafc,Isoscelipteron,Animalia,Insecta,https://vvtaxatree.tbn.org.tw/taxa/76b80a3a-3b80-4745-b38e-a8671956abf4
81fef8d5-664d-4273-8e10-6b02ec169980,genus,8c9d6dc8-2a3d-4ff7-b0e0-81a315f1d5fe,Itamus,Animalia,Insecta,https://vvtaxatree.tbn.org.tw/taxa/81fef8d5-664d-4273-8e10-6b02ec169980
3dc57b5c-f7b5-4db6-b3f8-937e5515cad7,genus,94475239-1033-48e7-937f-b147d0dd86df,Ixalus,Animalia,Amphibia,https://vvtaxatree.tbn.org.tw/taxa/3dc57b5c-f7b5-4db6-b3f8-937e5515cad7
b42c196f-b643-4fbe-8d32-062c291f4f53,genus,92504495-67e8-42e8-bb76-26cd5b0826f2,Jaspidia,Animalia,Insecta,https://vvtaxatree.tbn.org.tw/taxa/b42c196f-b643-4fbe-8d32-062c291f4f53
e22fe0c2-8a39-47bb-b61a-963c078e1206,genus,ab2dc09f-1c86-43e6-b8fa-22cfbe322a9a,Javanita,Animalia,Insecta,https://vvtaxatree.tbn.org.tw/taxa/e22fe0c2-8a39-47bb-b61a-963c078e1206
f2a370e6-d96e-4ecc-b623-3f1398f52081,genus,cc90c95b-43d1-42fe-90a2-04749cc533aa,Johnieops,Animalia,Actinopteri,https://vvtaxatree.tbn.org.tw/taxa/f2a370e6-d96e-4ecc-b623-3f1398f52081
4dc0ffa7-44f8-4758-9a9f-6f722ef3f81a,genus,51658d7c-9356-49ad-8f6c-b02b2c0f4f67,Jotus,Animalia,Arachnida,https://vvtaxatree.tbn.org.tw/taxa/4dc0ffa7-44f8-4758-9a9f-6f722ef3f81a
739e5b41-49ce-42de-ae27-526e16b8dba6,genus,080f29b6-816a-44f7-b302-5a5e72ed0d9a,Julis,Animalia,Actinopteri,https://vvtaxatree.tbn.org.tw/taxa/739e5b41-49ce-42de-ae27-526e16b8dba6
cb32fe63-4418-482d-a84d-6ef37a0ce69f,genus,9cf630e8-4f4d-429a-892f-dac7dea2d71c,Kakerlac,Animalia,Insecta,https://vvtaxatree.tbn.org.tw/taxa/cb32fe63-4418-482d-a84d-6ef37a0ce69f
9017eb0d-0b32-4bed-81ff-b43a80462f23,genus,5853a961-6696-41b2-ba86-97f0dcf4b8e6,Kakivoria,Animalia,Insecta,https://vvtaxatree.tbn.org.tw/taxa/9017eb0d-0b32-4bed-81ff-b43a80462f23
deeaaaf4-b32c-4ca1-a5ed-608bb78b28ae,genus,fdeb18ab-db48-456a-b791-a53cbdff8b21,Kandyosilis,Animalia,Insecta,https://vvtaxatree.tbn.org.tw/taxa/deeaaaf4-b32c-4ca1-a5ed-608bb78b28ae
9a80e045-31a7-4166-9c3d-6eebe814a02a,genus,5ced13f2-ccd9-47c3-abda-1e92f6cd173a,Kansupus,Animalia,Diplopoda,https://vvtaxatree.tbn.org.tw/taxa/9a80e045-31a7-4166-9c3d-6eebe814a02a
790ac6a2-2117-42c0-99e7-9126004634e3,genus,40ac7762-c015-4bc6-a745-d15e5cd24cb8,Karenkonia,Animalia,Insecta,https://vvtaxatree.tbn.org.tw/taxa/790ac6a2-2117-42c0-99e7-9126004634e3
2423c3e7-cd9d-4f64-98d9-13c58ab49f7a,genus,238d2980-dfef-4711-88dc-e5f73f47673b,Kelisia,Animalia,Insecta,https://vvtaxatree.tbn.org.tw/taxa/2423c3e7-cd9d-4f64-98d9-13c58ab49f7a
a81b4365-a12d-4b25-8c97-abddcaf7c365,genus,cf8a2ecc-8692-4c9e-8c02-62494b394464,Kentrodoris,Animalia,Gastropoda,https://vvtaxatree.tbn.org.tw/taxa/a81b4365-a12d-4b25-8c97-abddcaf7c365
7e90c4ab-62b2-44ff-bd21-75247e585175,genus,e508efe4-448a-4d5f-8142-7cb0ac3a15eb,Kermia,Animalia,Gastropoda,https://vvtaxatree.tbn.org.tw/taxa/7e90c4ab-62b2-44ff-bd21-75247e585175
aa5f9ee3-0500-48c5-82f1-181e3c974751,genus,5dd2c9f4-0205-4859-b61e-320e967615c0,Kittacincla,Animalia,Aves,https://vvtaxatree.tbn.org.tw/taxa/aa5f9ee3-0500-48c5-82f1-181e3c974751
f88f8765-0c90-4e4d-9b75-3bf117a834f6,genus,4bc81b13-f9ad-429f-bff7-7542274ad906,Kleothrips,Animalia,Insecta,https://vvtaxatree.tbn.org.tw/taxa/f88f8765-0c90-4e4d-9b75-3bf117a834f6
84b0699a-1d07-4cfc-8608-d14bc01636ef,genus,d4a9d9f6-9c7d-4b03-a54c-e8be3a0c455d,Kolbea,Animalia,Insecta,https://vvtaxatree.tbn.org.tw/taxa/84b0699a-1d07-4cfc-8608-d14bc01636ef
73a875c0-b4d0-426a-bdac-588d1a4c1402,genus,3d56fdfc-4117-44b7-8a03-48b0741e3efd,Konijikia,Animalia,Insecta,https://vvtaxatree.tbn.org.tw/taxa/73a875c0-b4d0-426a-bdac-588d1a4c1402
523f07b3-db4a-464d-8c94-8be5b4035687,genus,9dc21538-68da-4c7d-93a3-be127ff02b73,Kosempomyia,Animalia,Insecta,https://vvtaxatree.tbn.org.tw/taxa/523f07b3-db4a-464d-8c94-8be5b4035687
a8769fdc-8472-4254-b19f-aeef6af0ceb8,genus,9dc21538-68da-4c7d-93a3-be127ff02b73,Kosempomyiella,Animalia,Insecta,https://vvtaxatree.tbn.org.tw/taxa/a8769fdc-8472-4254-b19f-aeef6af0ceb8
fd02edff-0d4e-4111-b095-1a5425ac7af0,genus,9489ea78-e128-4475-b835-1c6a2782eaba,Kowala,Animalia,Actinopteri,https://vvtaxatree.tbn.org.tw/taxa/fd02edff-0d4e-4111-b095-1a5425ac7af0
ea45844c-63a0-4712-8be4-934cd97b22ea,genus,149e4f10-30b2-4428-97cd-b0cdffe033be,Kummeloceras,Animalia,Cephalopoda,https://vvtaxatree.tbn.org.tw/taxa/ea45844c-63a0-4712-8be4-934cd97b22ea
707bc979-0fbf-4cde-ad3d-daedf9b370f1,genus,149e4f10-30b2-4428-97cd-b0cdffe033be,Kummelonautilus,Animalia,Cephalopoda,https://vvtaxatree.tbn.org.tw/taxa/707bc979-0fbf-4cde-ad3d-daedf9b370f1
170ba018-6dbc-4f95-ad15-becec684932b,genus,623e1b66-1fc3-48a8-87b8-c4d40af7c89d,Labichthys,Animalia,Actinopteri,https://vvtaxatree.tbn.org.tw/taxa/170ba018-6dbc-4f95-ad15-becec684932b
8cfaa579-3956-4def-b11b-1c4dafb1dc09,genus,b8125ae6-2832-470e-ac82-5340396928c7,Labidolanguria,Animalia,Insecta,https://vvtaxatree.tbn.org.tw/taxa/8cfaa579-3956-4def-b11b-1c4dafb1dc09
2bffccb6-fc91-49d4-a44e-7681ed5e29b3,genus,ebcdbf4d-2fb2-4246-805d-52a45d8b9bae,Labracopsis,Animalia,Actinopteri,https://vvtaxatree.tbn.org.tw/taxa/2bffccb6-fc91-49d4-a44e-7681ed5e29b3
847f5253-289e-4bb3-9b45-9a18cf4b8de2,genus,1383149a-955e-4580-a105-48f0dffce5d7,Labrax,Animalia,Actinopteri,https://vvtaxatree.tbn.org.tw/taxa/847f5253-289e-4bb3-9b45-9a18cf4b8de2
7e8b7225-8388-45e3-8041-66167356ea64,genus,8a90a1a5-b5ee-43d4-8a3c-78aafa94d610,Labrus,Animalia,Actinopteri,https://vvtaxatree.tbn.org.tw/taxa/7e8b7225-8388-45e3-8041-66167356ea64
9b86bad8-8a82-4669-b2da-bf0be7e1b496,genus,c880e26a-a785-4ad5-bfb6-e0d220ab36ea,Labuandatum,Animalia,Malacostraca,https://vvtaxatree.tbn.org.tw/taxa/9b86bad8-8a82-4669-b2da-bf0be7e1b496
e30d02d3-8866-48ba-bc08-4f388de1c638,genus,0a397ed4-3e03-4eb8-ba15-f985e73f49a2,Laccifer,Animalia,Insecta,https://vvtaxatree.tbn.org.tw/taxa/e30d02d3-8866-48ba-bc08-4f388de1c638
8493a71b-972f-4dc6-b608-cdd2bfc94e64,genus,78d00d18-7b8b-454a-a362-5028961e0e59,Lacerta,Animalia,Reptilia,https://vvtaxatree.tbn.org.tw/taxa/8493a71b-972f-4dc6-b608-cdd2bfc94e64
c08cff0a-35f3-470b-97eb-250ee5b0090d,genus,5eb1e627-7c04-4227-8f04-1d9535d30f42,Lachniella,Animalia,Insecta,https://vvtaxatree.tbn.org.tw/taxa/c08cff0a-35f3-470b-97eb-250ee5b0090d
322edc72-900c-4ad6-88e2-ba3f458b8b59,genus,00ba932c-6b0d-4e1c-bba3-07cbf0f8b47f,Lacida,Animalia,Insecta,https://vvtaxatree.tbn.org.tw/taxa/322edc72-900c-4ad6-88e2-ba3f458b8b59
42e54673-d043-43d7-a14a-913847d6363f,genus,ed7e312e-8ba2-4c4d-9484-73192a95c102,Lagana,Animalia,Echinoidea,https://vvtaxatree.tbn.org.tw/taxa/42e54673-d043-43d7-a14a-913847d6363f
4663be7b-7c43-4bfd-893d-b2ad76e63509,genus,09449644-e454-404b-88fd-a3e10dba8590,Laimodonta,Animalia,Gastropoda,https://vvtaxatree.tbn.org.tw/taxa/4663be7b-7c43-4bfd-893d-b2ad76e63509
f9e17b30-e161-499f-9367-04ce1c3a6c9b,genus,31de76ba-8a58-41f0-88ee-c0eefe9fa302,Lambdopsetta,Animalia,Actinopteri,https://vvtaxatree.tbn.org.tw/taxa/f9e17b30-e161-499f-9367-04ce1c3a6c9b
04e5464f-2306-4378-aef0-1906adc23462,genus,5d3a4252-89fa-4168-98d5-8c706425b50e,Lambracheus,Animalia,Malacostraca,https://vvtaxatree.tbn.org.tw/taxa/04e5464f-2306-4378-aef0-1906adc23462
8f6d730a-5a03-4878-b6cf-865ca4382fc9,genus,5d3a4252-89fa-4168-98d5-8c706425b50e,Lambrus,Animalia,Malacostraca,https://vvtaxatree.tbn.org.tw/taxa/8f6d730a-5a03-4878-b6cf-865ca4382fc9
d5566d74-c405-486c-9879-3ee7abd65be3,genus,6f3fe261-d73b-46fb-9d1f-a3072f0a9194,Lamellidoris,Animalia,Gastropoda,https://vvtaxatree.tbn.org.tw/taxa/d5566d74-c405-486c-9879-3ee7abd65be3
3d9cd79e-01a4-4c04-adc3-19c197799431,genus,8869f7eb-5e7e-4aba-87c0-df7af433de80,Lamia,Animalia,Insecta,https://vvtaxatree.tbn.org.tw/taxa/3d9cd79e-01a4-4c04-adc3-19c197799431
b4edbc86-dcd9-4469-9bf1-c16bb69248d3,genus,087dec96-ac12-4dc9-8adc-353ecab0daca,Lampugus,Animalia,Actinopteri,https://vvtaxatree.tbn.org.tw/taxa/b4edbc86-dcd9-4469-9bf1-c16bb69248d3
f3e81a88-13f3-47d2-9b50-bd3b5a0f7f4f,genus,00ba932c-6b0d-4e1c-bba3-07cbf0f8b47f,Lamura,Animalia,Insecta,https://vvtaxatree.tbn.org.tw/taxa/f3e81a88-13f3-47d2-9b50-bd3b5a0f7f4f
d676bb36-af75-4780-941c-db3686ae53ad,genus,f1b3fb3e-7241-4db8-82ba-eb47c663330e,Larentia,Animalia,Insecta,https://vvtaxatree.tbn.org.tw/taxa/d676bb36-af75-4780-941c-db3686ae53ad
53f0233a-1e70-4020-a53e-1f7c07c2b399,genus,fd29bade-7455-4647-9a07-0a4f325779df,Laricaria,Animalia,Gymnolaemata,https://vvtaxatree.tbn.org.tw/taxa/53f0233a-1e70-4020-a53e-1f7c07c2b399
3abd47fe-8f20-4383-97ba-6438baddb4e9,genus,8869f7eb-5e7e-4aba-87c0-df7af433de80,Lasiapheles,Animalia,Insecta,https://vvtaxatree.tbn.org.tw/taxa/3abd47fe-8f20-4383-97ba-6438baddb4e9
df598713-fc5b-4436-82fd-b7a06294a9d6,genus,50583e36-4bb6-46ee-a6a6-ab5b65fbcf10,Laspeyresia,Animalia,Insecta,https://vvtaxatree.tbn.org.tw/taxa/df598713-fc5b-4436-82fd-b7a06294a9d6
6f7e39d1-8f2b-472f-bb81-89068b39b8eb,genus,c785463c-2be4-43cb-ba53-55d42a49ab92,Latilus,Animalia,Actinopteri,https://vvtaxatree.tbn.org.tw/taxa/6f7e39d1-8f2b-472f-bb81-89068b39b8eb
858c8e19-506f-463f-8ab4-4313d082af57,genus,73e42a7c-ae95-4813-b032-c619d17161fa,Latridius,Animalia,Insecta,https://vvtaxatree.tbn.org.tw/taxa/858c8e19-506f-463f-8ab4-4313d082af57
9ec4110d-e7ee-4b5f-9e88-8040102efb42,genus,81904845-e2cb-4088-bc68-b1d32acea803,Lauxania,Animalia,Insecta,https://vvtaxatree.tbn.org.tw/taxa/9ec4110d-e7ee-4b5f-9e88-8040102efb42
52307c62-fc65-4f67-92a2-df29d4f1f1d1,genus,29258d69-cbc8-4f66-8426-2c8ee350740f,Laverna,Animalia,Insecta,https://vvtaxatree.tbn.org.tw/taxa/52307c62-fc65-4f67-92a2-df29d4f1f1d1
4495e5ea-8401-4c29-84a2-7bc088f81ec5,genus,529d3720-f17b-4f15-9b36-1a46279c47e0,Lavivora,Animalia,Aves,https://vvtaxatree.tbn.org.tw/taxa/4495e5ea-8401-4c29-84a2-7bc088f81ec5
35c0dbe2-c59e-4746-afb1-bfc6ff824b5b,genus,ad105732-26ef-478b-9d89-19010280ebf2,Lecanium,Animalia,Insecta,https://vvtaxatree.tbn.org.tw/taxa/35c0dbe2-c59e-4746-afb1-bfc6ff824b5b
95c60112-8cba-43f5-b497-695095281d1a,genus,ad105732-26ef-478b-9d89-19010280ebf2,Lecanopsis,Animalia,Insecta,https://vvtaxatree.tbn.org.tw/taxa/95c60112-8cba-43f5-b497-695095281d1a
c831d026-d228-41b4-ab36-e58345d4e09f,genus,08698f3c-1454-4ef8-8e55-1ba91f548d23,Leda,Animalia,Bivalvia,https://vvtaxatree.tbn.org.tw/taxa/c831d026-d228-41b4-ab36-e58345d4e09f
4df32094-31e4-4a25-9c98-8f712d4e18b3,genus,14a663c5-20ca-42a9-bcc6-35fa5d561222,Leiogaster,Animalia,Actinopteri,https://vvtaxatree.tbn.org.tw/taxa/4df32094-31e4-4a25-9c98-8f712d4e18b3
3a340319-5f1f-4cde-bea4-c1af4d592749,genus,9dc21538-68da-4c7d-93a3-be127ff02b73,Leiosiopsis,Animalia,Insecta,https://vvtaxatree.tbn.org.tw/taxa/3a340319-5f1f-4cde-bea4-c1af4d592749
62661699-ba29-4a31-ab8a-3427c04e4d6a,genus,78d00d18-7b8b-454a-a362-5028961e0e59,Leiurus,Animalia,Reptilia,https://vvtaxatree.tbn.org.tw/taxa/62661699-ba29-4a31-ab8a-3427c04e4d6a
d8443f1f-062a-4d1c-b206-2df6541bac43,genus,0f0ae753-c82b-43ee-a961-c6a802a4cb65,Leocyma,Animalia,Insecta,https://vvtaxatree.tbn.org.tw/taxa/d8443f1f-062a-4d1c-b206-2df6541bac43
8e75daca-5ab1-460a-81bd-48bfebedf894,genus,c2fec88c-7dc0-4729-9373-217eb27e0b04,Lepadogaster,Animalia,Actinopteri,https://vvtaxatree.tbn.org.tw/taxa/8e75daca-5ab1-460a-81bd-48bfebedf894
392017ae-2d9d-423d-90cf-4765604b162e,genus,c67d4d57-4eea-4119-840a-98b672e031a3,Lepicephalochromis,Animalia,Actinopteri,https://vvtaxatree.tbn.org.tw/taxa/392017ae-2d9d-423d-90cf-4765604b162e
da9fff3c-e099-4c17-86ed-6c3651b2ec1c,genus,5ebd5b86-c64c-41a2-abd7-09f83595c0ee,Lepicum,Animalia,Insecta,https://vvtaxatree.tbn.org.tw/taxa/da9fff3c-e099-4c17-86ed-6c3651b2ec1c
aee0244c-5e3e-4ab8-b567-0a311b53a2d6,genus,0398f7a8-f589-4399-a581-2f4ea995f3b6,Lepidaplois,Animalia,Actinopteri,https://vvtaxatree.tbn.org.tw/taxa/aee0244c-5e3e-4ab8-b567-0a311b53a2d6
96d19378-34b7-4d31-9462-3ab446f73251,genus,c2fec88c-7dc0-4729-9373-217eb27e0b04,Lepidichthys,Animalia,Actinopteri,https://vvtaxatree.tbn.org.tw/taxa/96d19378-34b7-4d31-9462-3ab446f73251
e7213664-9b1b-467a-8d09-74e42c0bee30,genus,6570416d-9d43-4ab0-ad60-965105f91878,Lepidopus,Animalia,Actinopteri,https://vvtaxatree.tbn.org.tw/taxa/e7213664-9b1b-467a-8d09-74e42c0bee30
28e2ac57-6f2d-4290-8225-56f4177efc68,genus,e0945194-1f8f-4d74-9073-a27ca8967c92,Lepidorhinus,Animalia,Elasmobranchii,https://vvtaxatree.tbn.org.tw/taxa/28e2ac57-6f2d-4290-8225-56f4177efc68
27035c37-151e-4337-a10c-a701eda8814c,genus,0fb97e1c-5686-487e-8ed8-77199dbd4096,Leptinopterus,Animalia,Insecta,https://vvtaxatree.tbn.org.tw/taxa/27035c37-151e-4337-a10c-a701eda8814c
05d273d2-115b-4a17-b2b1-fae4e54f69f4,genus,9762194e-4070-4bf4-96be-cdffcbb071b9,Leptis,Animalia,Insecta,https://vvtaxatree.tbn.org.tw/taxa/05d273d2-115b-4a17-b2b1-fae4e54f69f4
fb44ca64-cfbc-4212-aceb-4eaeb8d78230,genus,623e1b66-1fc3-48a8-87b8-c4d40af7c89d,Leptocephalus,Animalia,Actinopteri,https://vvtaxatree.tbn.org.tw/taxa/fb44ca64-cfbc-4212-aceb-4eaeb8d78230
5db458d9-91a0-43fc-9949-cd3267c46e0f,genus,9762194e-4070-4bf4-96be-cdffcbb071b9,Leptomyza,Animalia,Insecta,https://vvtaxatree.tbn.org.tw/taxa/5db458d9-91a0-43fc-9949-cd3267c46e0f
fb551630-4f25-4950-919f-001835e42e0d,genus,62872287-d832-4e50-a432-b2decaccd8b5,Lepton,Animalia,Bivalvia,https://vvtaxatree.tbn.org.tw/taxa/fb551630-4f25-4950-919f-001835e42e0d
bf05c82f-488e-4196-8e78-3848a8347a96,genus,2578c6fe-baf3-4d08-a010-d0f72d5bd930,Leptophis,Animalia,Reptilia,https://vvtaxatree.tbn.org.tw/taxa/bf05c82f-488e-4196-8e78-3848a8347a96
e09d02a4-1054-4b3a-95d6-582b065db548,genus,2c6d6383-133e-4523-8a76-290bbc0c43ee,Leptoscolopsis,Animalia,Actinopteri,https://vvtaxatree.tbn.org.tw/taxa/e09d02a4-1054-4b3a-95d6-582b065db548
260a2c09-f8e1-4c34-854f-d153d9efe074,genus,e2ddf8e5-2d1f-4b8d-8878-04aac3cfbee0,Lepyrodes,Animalia,Insecta,https://vvtaxatree.tbn.org.tw/taxa/260a2c09-f8e1-4c34-854f-d153d9efe074
32ec625b-7fc4-406d-ae96-fc9d46e4b0a6,genus,f8304730-63c0-4b39-aa3c-56a35f065dc2,Lestris,Animalia,Aves,https://vvtaxatree.tbn.org.tw/taxa/32ec625b-7fc4-406d-ae96-fc9d46e4b0a6
56c54757-a91a-4c1c-bf06-3395348af114,genus,8f76b2bd-8697-4b7a-8f77-4a9dbc6bc8cc,Lethia,Animalia,Arachnida,https://vvtaxatree.tbn.org.tw/taxa/56c54757-a91a-4c1c-bf06-3395348af114
8f13699d-413b-48ef-9381-071423a01eac,genus,92504495-67e8-42e8-bb76-26cd5b0826f2,Leucania,Animalia,Insecta,https://vvtaxatree.tbn.org.tw/taxa/8f13699d-413b-48ef-9381-071423a01eac
9fb8cdea-3e83-490a-aa2d-3e20c683599e,genus,9976cd9b-eb35-46eb-8e2e-fed700c0c9e9,Leuciscus,Animalia,Actinopteri,https://vvtaxatree.tbn.org.tw/taxa/9fb8cdea-3e83-490a-aa2d-3e20c683599e
c2f7c51a-4166-46cf-b98f-88ed7839da8a,genus,715b2572-9dd3-4498-b36f-083d53cb6ef7,Leucochrysa,Animalia,Insecta,https://vvtaxatree.tbn.org.tw/taxa/c2f7c51a-4166-46cf-b98f-88ed7839da8a
8ed320e7-a1fd-4798-88e7-b1335f3f4891,genus,e2ddf8e5-2d1f-4b8d-8878-04aac3cfbee0,Leucocraspeda,Animalia,Insecta,https://vvtaxatree.tbn.org.tw/taxa/8ed320e7-a1fd-4798-88e7-b1335f3f4891
4d7c02d3-9aab-4299-8aa7-591f893428b4,genus,f1b3fb3e-7241-4db8-82ba-eb47c663330e,Leucoctenorrhoe,Animalia,Insecta,https://vvtaxatree.tbn.org.tw/taxa/4d7c02d3-9aab-4299-8aa7-591f893428b4
3317e167-f967-4bdf-9531-a2c65fa08ba7,genus,f15cfa76-ed14-4df6-a798-97775ee44e05,Leucodiaspis,Animalia,Insecta,https://vvtaxatree.tbn.org.tw/taxa/3317e167-f967-4bdf-9531-a2c65fa08ba7
a8957b44-2415-4ecd-979a-0d47c7eda5f1,genus,00ba932c-6b0d-4e1c-bba3-07cbf0f8b47f,Libisosa,Animalia,Insecta,https://vvtaxatree.tbn.org.tw/taxa/a8957b44-2415-4ecd-979a-0d47c7eda5f1
8a7aff59-1e95-4cb0-99fb-e9fb98873f78,genus,238d2980-dfef-4711-88dc-e5f73f47673b,Liburnia,Animalia,Insecta,https://vvtaxatree.tbn.org.tw/taxa/8a7aff59-1e95-4cb0-99fb-e9fb98873f78
52332d6f-c2b1-40f2-9bfd-94681512412a,genus,8cbee1ed-01e1-4a07-8fc1-a69cab0b9a0b,Limacis,Animalia,Insecta,https://vvtaxatree.tbn.org.tw/taxa/52332d6f-c2b1-40f2-9bfd-94681512412a
c0e375e5-9ec3-46b2-867a-9567efa6080e,genus,63e7e423-5ec0-4e95-af80-f47f87a6096f,Limnas,Animalia,Insecta,https://vvtaxatree.tbn.org.tw/taxa/c0e375e5-9ec3-46b2-867a-9567efa6080e
cdc7b2b6-4bf5-43fc-9159-6001b7d23a41,genus,5e1cab85-41db-4b04-a41a-534e90bb91e5,Limoxera,Animalia,Arachnida,https://vvtaxatree.tbn.org.tw/taxa/cdc7b2b6-4bf5-43fc-9159-6001b7d23a41
f7c0a6c0-4d5d-4250-aca7-66b7dd0b36ba,genus,9dc21538-68da-4c7d-93a3-be127ff02b73,Linnaemyia,Animalia,Insecta,https://vvtaxatree.tbn.org.tw/taxa/f7c0a6c0-4d5d-4250-aca7-66b7dd0b36ba
f19b03c8-d08d-4282-a93a-2d432e53c189,genus,81c1864f-197f-4486-956c-b240c5ec2923,Linyphia,Animalia,Arachnida,https://vvtaxatree.tbn.org.tw/taxa/f19b03c8-d08d-4282-a93a-2d432e53c189
dfe315b3-1420-4147-a81a-894498b08fad,genus,47f3b3dc-c1b0-429c-8aa0-a2409e7b8b48,Liocranum,Animalia,Arachnida,https://vvtaxatree.tbn.org.tw/taxa/dfe315b3-1420-4147-a81a-894498b08fad
a2913b1e-fc00-4110-b380-1382fa67cf12,genus,4bc81b13-f9ad-429f-bff7-7542274ad906,Liohtips,Animalia,Insecta,https://vvtaxatree.tbn.org.tw/taxa/a2913b1e-fc00-4110-b380-1382fa67cf12
2d681150-4baf-4256-a233-5f8ea49a5d26,genus,104ce832-398f-46aa-bf60-76bcbc6a0fe7,Lionurus,Animalia,Actinopteri,https://vvtaxatree.tbn.org.tw/taxa/2d681150-4baf-4256-a233-5f8ea49a5d26
6fa64e13-db21-4c75-8e96-27fcef407c86,genus,1f823286-3e82-49de-b9f8-8f921e0cd26d,Lioxantho,Animalia,Malacostraca,https://vvtaxatree.tbn.org.tw/taxa/6fa64e13-db21-4c75-8e96-27fcef407c86
97de933f-b8c9-4a08-8830-69e9f79c2084,genus,7fdfca84-814f-4348-bcb8-b12259eef729,Liposarcus,Animalia,Actinopteri,https://vvtaxatree.tbn.org.tw/taxa/97de933f-b8c9-4a08-8830-69e9f79c2084
904801b1-9629-49ab-9a85-73b90b6c5118,genus,0584a2d6-07c9-49ad-9354-945d19defcc9,Lipothrix,Animalia,Collembola,https://vvtaxatree.tbn.org.tw/taxa/904801b1-9629-49ab-9a85-73b90b6c5118
c0c18e87-a6c7-4e6d-97d0-50f6c2cb0d49,genus,50583e36-4bb6-46ee-a6a6-ab5b65fbcf10,Lipsotelus,Animalia,Insecta,https://vvtaxatree.tbn.org.tw/taxa/c0c18e87-a6c7-4e6d-97d0-50f6c2cb0d49
3ac46ccd-49da-40ba-82b7-fe2cb88bf66f,genus,ddb9016c-7499-4cd9-919e-6b436529c410,Lispa,Animalia,Insecta,https://vvtaxatree.tbn.org.tw/taxa/3ac46ccd-49da-40ba-82b7-fe2cb88bf66f
3c77b080-504a-455f-8e1a-814bda9159a4,genus,00ba932c-6b0d-4e1c-bba3-07cbf0f8b47f,Lithilaria,Animalia,Insecta,https://vvtaxatree.tbn.org.tw/taxa/3c77b080-504a-455f-8e1a-814bda9159a4
4fdc1624-776a-4acc-bbec-13a08174a883,genus,705dc984-8241-4f2b-bd0e-fbf942569436,Lithodomus,Animalia,Bivalvia,https://vvtaxatree.tbn.org.tw/taxa/4fdc1624-776a-4acc-bbec-13a08174a883
22737f0c-b1a4-40ce-ac62-bb1cd96c1c2a,genus,50583e36-4bb6-46ee-a6a6-ab5b65fbcf10,Lithographia,Animalia,Insecta,https://vvtaxatree.tbn.org.tw/taxa/22737f0c-b1a4-40ce-ac62-bb1cd96c1c2a
035a88bb-e2bc-4be7-8b43-38c4e1829549,genus,00ba932c-6b0d-4e1c-bba3-07cbf0f8b47f,Lithosia,Animalia,Insecta,https://vvtaxatree.tbn.org.tw/taxa/035a88bb-e2bc-4be7-8b43-38c4e1829549
30e88187-08a4-41f0-93ca-d139b4ea22f6,genus,81c1864f-197f-4486-956c-b240c5ec2923,Lithyphantes,Animalia,Arachnida,https://vvtaxatree.tbn.org.tw/taxa/30e88187-08a4-41f0-93ca-d139b4ea22f6
58f61ca5-c27e-4a11-a441-2264ecea5dc4,genus,ee15c82f-bcd3-4f77-8ef8-70f03fb6d2ff,Litorina,Animalia,Gastropoda,https://vvtaxatree.tbn.org.tw/taxa/58f61ca5-c27e-4a11-a441-2264ecea5dc4
6207bd31-c2f5-44c4-8697-dfb5a9f1110b,genus,272121e8-125e-41d2-a86c-1940a88d8559,Liza,Animalia,Actinopteri,https://vvtaxatree.tbn.org.tw/taxa/6207bd31-c2f5-44c4-8697-dfb5a9f1110b
1e8df63c-7c7d-431f-b9d7-ad681238a00e,genus,55c9ea6b-c2b1-42b6-b5a1-689d0d651dc2,Lo,Animalia,Actinopteri,https://vvtaxatree.tbn.org.tw/taxa/1e8df63c-7c7d-431f-b9d7-ad681238a00e
dda6e926-1520-47f6-a0d3-b8a425f8e545,genus,f1b3fb3e-7241-4db8-82ba-eb47c663330e,Lobophola,Animalia,Insecta,https://vvtaxatree.tbn.org.tw/taxa/dda6e926-1520-47f6-a0d3-b8a425f8e545
b1b9c71f-4d7f-4be4-95c8-02dccdb99eed,genus,bb3d879b-80a0-4777-819d-9e5608512428,Loboptera,Animalia,Insecta,https://vvtaxatree.tbn.org.tw/taxa/b1b9c71f-4d7f-4be4-95c8-02dccdb99eed
32783ba7-66a4-4b3a-933b-2fe24c7f0b8e,genus,8c9d6dc8-2a3d-4ff7-b0e0-81a315f1d5fe,Lochites,Animalia,Insecta,https://vvtaxatree.tbn.org.tw/taxa/32783ba7-66a4-4b3a-933b-2fe24c7f0b8e
451243ef-1026-42dc-b2df-ce2e8b173a4c,genus,d50e606c-c9f6-48d1-a442-a5570ef0412a,Loligo,Animalia,Cephalopoda,https://vvtaxatree.tbn.org.tw/taxa/451243ef-1026-42dc-b2df-ce2e8b173a4c
82fdb268-41f8-4243-9603-16ce0389000e,genus,50c7d935-71c8-4758-8083-e7e879eb732f,Loligopsis,Animalia,Cephalopoda,https://vvtaxatree.tbn.org.tw/taxa/82fdb268-41f8-4243-9603-16ce0389000e
4ca9f1d5-9a15-4c39-bda8-25fe93a2980c,genus,7c6bd732-a1f6-47e6-9d8a-720b9e5e8a90,Loligorhamphus,Animalia,Actinopteri,https://vvtaxatree.tbn.org.tw/taxa/4ca9f1d5-9a15-4c39-bda8-25fe93a2980c
bec4e159-e90f-4f82-8bf9-395eada661a4,genus,b1b001ee-5540-46b7-80e0-192f6e15b7c5,Longiunguis,Animalia,Insecta,https://vvtaxatree.tbn.org.tw/taxa/bec4e159-e90f-4f82-8bf9-395eada661a4
8f88a8f3-5972-4fb5-a0e1-8c1555d5d4a8,genus,197dae47-aca7-4beb-a2ca-2d2399d2bde2,Longmania,Animalia,Elasmobranchii,https://vvtaxatree.tbn.org.tw/taxa/8f88a8f3-5972-4fb5-a0e1-8c1555d5d4a8
3e39ea9a-d0c9-4c64-8145-0ef99a7d0f74,genus,2c37ff4d-2792-4ce9-9376-77f2c6346b1a,Lophodolus,Animalia,Actinopteri,https://vvtaxatree.tbn.org.tw/taxa/3e39ea9a-d0c9-4c64-8145-0ef99a7d0f74
398d83f8-d4ae-4221-8a0f-d82a3116c7c4,genus,b0f22c66-081b-46ad-a745-c6772bd81bcd,Lophogobius,Animalia,Actinopteri,https://vvtaxatree.tbn.org.tw/taxa/398d83f8-d4ae-4221-8a0f-d82a3116c7c4
16eb38d1-defc-4c4b-bb96-a3612169d7c8,genus,f1b3fb3e-7241-4db8-82ba-eb47c663330e,Lophomachia,Animalia,Insecta,https://vvtaxatree.tbn.org.tw/taxa/16eb38d1-defc-4c4b-bb96-a3612169d7c8
1d90233e-f286-4bd8-bdc1-8f4564f660cd,genus,1f823286-3e82-49de-b9f8-8f921e0cd26d,Lophopanopeus,Animalia,Malacostraca,https://vvtaxatree.tbn.org.tw/taxa/1d90233e-f286-4bd8-bdc1-8f4564f660cd
7799e063-eae3-4ad0-b87c-d407d636ffc4,genus,e9ce7860-2a09-4f25-9816-28e8e23672ce,Lophopteryx,Animalia,Insecta,https://vvtaxatree.tbn.org.tw/taxa/7799e063-eae3-4ad0-b87c-d407d636ffc4
62d93d7a-7bdf-49a5-afaa-a76e148f9593,genus,9dc21538-68da-4c7d-93a3-be127ff02b73,Lophosiodes,Animalia,Insecta,https://vvtaxatree.tbn.org.tw/taxa/62d93d7a-7bdf-49a5-afaa-a76e148f9593
c9b5391d-864b-4bd4-8116-d105fcf00c0a,genus,92504495-67e8-42e8-bb76-26cd5b0826f2,Lophoterges,Animalia,Insecta,https://vvtaxatree.tbn.org.tw/taxa/c9b5391d-864b-4bd4-8116-d105fcf00c0a
12e83f6b-91ad-4917-9cb6-89c70009d0de,genus,9b379a33-31fd-4258-86bf-66b9e2f73391,Lophotes,Animalia,Actinopteri,https://vvtaxatree.tbn.org.tw/taxa/12e83f6b-91ad-4917-9cb6-89c70009d0de
8b29e6a7-b69d-4c02-93a7-36af4baf1753,genus,bc6eb783-ef87-418a-935d-41ca42eface7,Lordatia,Animalia,Insecta,https://vvtaxatree.tbn.org.tw/taxa/8b29e6a7-b69d-4c02-93a7-36af4baf1753
941633ec-e5aa-4c07-bfe3-c7cbd8c37104,genus,6fd4567a-d9bc-4fa5-86e4-aa8273230919,Lota,Animalia,Actinopteri,https://vvtaxatree.tbn.org.tw/taxa/941633ec-e5aa-4c07-bfe3-c7cbd8c37104
0fd73a6a-d7c9-4dd4-a2f2-e09306753ee6,genus,5307f43c-ecf1-4bab-afbb-9468bf172a54,Lovamia,Animalia,Actinopteri,https://vvtaxatree.tbn.org.tw/taxa/0fd73a6a-d7c9-4dd4-a2f2-e09306753ee6
4ac01416-a0a7-4a40-9a01-5b41befddac3,genus,29258d69-cbc8-4f66-8426-2c8ee350740f,Lozostoma,Animalia,Insecta,https://vvtaxatree.tbn.org.tw/taxa/4ac01416-a0a7-4a40-9a01-5b41befddac3
6bcde8a7-5d8d-4d8e-8657-4aa6c22487ab,genus,d7bbd5f9-dd9c-4c96-ba2a-4367fbb701bc,Lucia,Animalia,Insecta,https://vvtaxatree.tbn.org.tw/taxa/6bcde8a7-5d8d-4d8e-8657-4aa6c22487ab
8d6f43ba-cc12-401e-b11e-44a986c358f5,genus,a5810c0c-a33a-4ef7-b2da-7cf44b8bd226,Lucina,Animalia,Bivalvia,https://vvtaxatree.tbn.org.tw/taxa/8d6f43ba-cc12-401e-b11e-44a986c358f5
71c04b9b-685d-419b-91a5-8316364979e1,genus,6f55d705-388c-461f-b942-bf7fdc063f22,Lumbricus,Animalia,Sipunculidea,https://vvtaxatree.tbn.org.tw/taxa/71c04b9b-685d-419b-91a5-8316364979e1
d436f9b4-43bf-43eb-9ee5-23d88a1c524e,genus,ea546ec1-175e-4bc2-8561-9a10a06fc9b9,Lutianus,Animalia,Actinopteri,https://vvtaxatree.tbn.org.tw/taxa/d436f9b4-43bf-43eb-9ee5-23d88a1c524e
ceedf92b-308c-4114-afad-e7d5c7744b38,genus,ef8dbcf7-958c-43f5-ab16-1d89659581db,Lutodeira,Animalia,Actinopteri,https://vvtaxatree.tbn.org.tw/taxa/ceedf92b-308c-4114-afad-e7d5c7744b38
9301fe1a-e9d6-48d5-9505-fc102dbbad13,genus,b4eb75be-af97-40f8-9af6-2dbb6ad59336,Lycodontis,Animalia,Actinopteri,https://vvtaxatree.tbn.org.tw/taxa/9301fe1a-e9d6-48d5-9505-fc102dbbad13
2033ace6-6b8d-4939-a1fe-fd6387b61291,genus,5fc27fcb-4ada-468d-a24d-eb8190e5f6ae,Lygistopterus,Animalia,Insecta,https://vvtaxatree.tbn.org.tw/taxa/2033ace6-6b8d-4939-a1fe-fd6387b61291
26e57550-1820-4241-b0cc-8475de8e3802,genus,43e488b8-dd39-4640-ba2e-63adb9d4ad92,Lygosoma,Animalia,Reptilia,https://vvtaxatree.tbn.org.tw/taxa/26e57550-1820-4241-b0cc-8475de8e3802
7deb649f-1549-4837-9a4f-86b4a52c485c,genus,f1b3fb3e-7241-4db8-82ba-eb47c663330e,Lygranoa,Animalia,Insecta,https://vvtaxatree.tbn.org.tw/taxa/7deb649f-1549-4837-9a4f-86b4a52c485c
c3c70e64-93ee-48b4-a9b3-80bcf8ef8f6f,genus,ddb9016c-7499-4cd9-919e-6b436529c410,Lyperosia,Animalia,Insecta,https://vvtaxatree.tbn.org.tw/taxa/c3c70e64-93ee-48b4-a9b3-80bcf8ef8f6f
ed84f7a3-c6a7-4a26-a68f-a406e944cefa,genus,43e488b8-dd39-4640-ba2e-63adb9d4ad92,Mabuia,Animalia,Reptilia,https://vvtaxatree.tbn.org.tw/taxa/ed84f7a3-c6a7-4a26-a68f-a406e944cefa
4662e9a5-2050-42fa-adce-a7e3a5d5685a,genus,43e488b8-dd39-4640-ba2e-63adb9d4ad92,Mabuya,Animalia,Reptilia,https://vvtaxatree.tbn.org.tw/taxa/4662e9a5-2050-42fa-adce-a7e3a5d5685a
a1db8862-4816-45c4-9509-86d0681b45e3,genus,19353a07-66b7-4245-92eb-db8187c47786,Macacus,Animalia,Mammalia,https://vvtaxatree.tbn.org.tw/taxa/a1db8862-4816-45c4-9509-86d0681b45e3
df6f8138-6ae8-4bd2-b7ed-77a44f0d41ca,genus,1d06f243-ae88-4e11-bdea-6811431dfe93,Macellopalpus,Animalia,Insecta,https://vvtaxatree.tbn.org.tw/taxa/df6f8138-6ae8-4bd2-b7ed-77a44f0d41ca
0ecee760-8148-44c6-80c8-77066a86c5a3,genus,080f29b6-816a-44f7-b302-5a5e72ed0d9a,Machaerium,Animalia,Actinopteri,https://vvtaxatree.tbn.org.tw/taxa/0ecee760-8148-44c6-80c8-77066a86c5a3
4099bfcf-18b8-4a2b-85da-f42cc68301cb,genus,b38b9cb1-adaa-4fdd-b37d-1cb7600d8599,Macristiella,Animalia,Actinopteri,https://vvtaxatree.tbn.org.tw/taxa/4099bfcf-18b8-4a2b-85da-f42cc68301cb
801cf500-48dc-46cf-8697-02dbc9f01104,genus,0fb97e1c-5686-487e-8ed8-77199dbd4096,Macrodorcus,Animalia,Insecta,https://vvtaxatree.tbn.org.tw/taxa/801cf500-48dc-46cf-8697-02dbc9f01104
c504ac10-332e-4690-bd70-8c627ad20717,genus,834af5c5-b52b-4dfd-b66d-7239245062b1,Macroglossa,Animalia,Insecta,https://vvtaxatree.tbn.org.tw/taxa/c504ac10-332e-4690-bd70-8c627ad20717
18f2e509-7ccd-4f22-afd6-9306b0ea7794,genus,8324b8ec-d0e9-4d00-a637-b7eef9c9c90f,Macroparalepis,Animalia,Actinopteri,https://vvtaxatree.tbn.org.tw/taxa/18f2e509-7ccd-4f22-afd6-9306b0ea7794
b6ee8251-e423-485b-89ed-229159598f70,genus,8b736bf8-11de-49c1-ad43-0643899d287e,Macropteronotus,Animalia,Actinopteri,https://vvtaxatree.tbn.org.tw/taxa/b6ee8251-e423-485b-89ed-229159598f70
e70f0813-edef-424f-af21-b225ee491a12,genus,e39768ce-4fbd-4a99-9f23-389ca1ceeca2,Macrorhamphus,Animalia,Aves,https://vvtaxatree.tbn.org.tw/taxa/e70f0813-edef-424f-af21-b225ee491a12
fac46de3-ad7a-4dc7-95f7-5e53252837d1,genus,e9ce7860-2a09-4f25-9816-28e8e23672ce,Macroshachia,Animalia,Insecta,https://vvtaxatree.tbn.org.tw/taxa/fac46de3-ad7a-4dc7-95f7-5e53252837d1
e351e067-d4de-4f3c-b03a-5a6835259d4f,genus,834af5c5-b52b-4dfd-b66d-7239245062b1,Macrosila,Animalia,Insecta,https://vvtaxatree.tbn.org.tw/taxa/e351e067-d4de-4f3c-b03a-5a6835259d4f
90324bcc-9e79-4b1c-a9cb-5bc6f3e4d009,genus,abfca8df-9d50-4359-885a-eb1e6c859eb0,Macrostyla,Animalia,Insecta,https://vvtaxatree.tbn.org.tw/taxa/90324bcc-9e79-4b1c-a9cb-5bc6f3e4d009
56ca550d-c291-4fd3-b61d-7ac5cb9f3da7,genus,104ce832-398f-46aa-bf60-76bcbc6a0fe7,Macrourus,Animalia,Actinopteri,https://vvtaxatree.tbn.org.tw/taxa/56ca550d-c291-4fd3-b61d-7ac5cb9f3da7
52cdbbce-2636-4740-90ab-73d935d9810d,genus,9dc21538-68da-4c7d-93a3-be127ff02b73,Macrozenillia,Animalia,Insecta,https://vvtaxatree.tbn.org.tw/taxa/52cdbbce-2636-4740-90ab-73d935d9810d
a2333d4b-c273-4704-9a19-735487c0482c,genus,104ce832-398f-46aa-bf60-76bcbc6a0fe7,Macrurus,Animalia,Actinopteri,https://vvtaxatree.tbn.org.tw/taxa/a2333d4b-c273-4704-9a19-735487c0482c
3ca00f4f-6e47-4016-9f6b-fb292af93caf,genus,6c45b73a-46c2-439a-b524-77935e0bef1e,Maculocoetus,Animalia,Actinopteri,https://vvtaxatree.tbn.org.tw/taxa/3ca00f4f-6e47-4016-9f6b-fb292af93caf
537d4ef7-0dae-4e8d-a551-0fee3c740c77,genus,d6117b3e-f156-4e41-8e73-1ed85096d86f,Maja,Animalia,Malacostraca,https://vvtaxatree.tbn.org.tw/taxa/537d4ef7-0dae-4e8d-a551-0fee3c740c77
639aaee3-16e0-44d4-9da5-8a57036815ec,genus,ab4cb997-2a2e-4b06-8fd0-d5e5e82026e8,Malurus,Animalia,Aves,https://vvtaxatree.tbn.org.tw/taxa/639aaee3-16e0-44d4-9da5-8a57036815ec
3bc9c040-3476-4cd9-b03e-145577f8d2c2,genus,c82817d0-cf68-4b71-8c28-b321f236972b,Mamillaria,Animalia,Gastropoda,https://vvtaxatree.tbn.org.tw/taxa/3bc9c040-3476-4cd9-b03e-145577f8d2c2
3e75723e-2293-4124-b25f-e9dc4c1bf84c,genus,e63e4a2e-79e1-4172-b563-b0b197b9725c,Mancalias,Animalia,Actinopteri,https://vvtaxatree.tbn.org.tw/taxa/3e75723e-2293-4124-b25f-e9dc4c1bf84c
c37dc3a6-e6d9-40ea-bba7-5f63c4d806d1,genus,c1004425-6158-4c63-8442-7aa0516ec02f,Manella,Animalia,Malacostraca,https://vvtaxatree.tbn.org.tw/taxa/c37dc3a6-e6d9-40ea-bba7-5f63c4d806d1
d0702abd-d331-4f36-bc0c-a33d79e19c76,genus,e508efe4-448a-4d5f-8142-7cb0ac3a15eb,Mangilia,Animalia,Gastropoda,https://vvtaxatree.tbn.org.tw/taxa/d0702abd-d331-4f36-bc0c-a33d79e19c76
b80f0c95-1cd2-4175-b518-af9ebe43833c,genus,57698089-813e-4248-8ab9-af95b487e390,Mantispa,Animalia,Insecta,https://vvtaxatree.tbn.org.tw/taxa/b80f0c95-1cd2-4175-b518-af9ebe43833c
d9e8733d-e457-4f8a-b0ac-4d767e55e17e,genus,f1b3fb3e-7241-4db8-82ba-eb47c663330e,Marcala,Animalia,Insecta,https://vvtaxatree.tbn.org.tw/taxa/d9e8733d-e457-4f8a-b0ac-4d767e55e17e
f8466214-1c55-48dc-8126-5e1d48db9e30,genus,51658d7c-9356-49ad-8f6c-b02b2c0f4f67,Marptusa,Animalia,Arachnida,https://vvtaxatree.tbn.org.tw/taxa/f8466214-1c55-48dc-8126-5e1d48db9e30
5e8d6a24-76cd-415c-ab31-ed5367f5567f,genus,b0f22c66-081b-46ad-a745-c6772bd81bcd,Mars,Animalia,Actinopteri,https://vvtaxatree.tbn.org.tw/taxa/5e8d6a24-76cd-415c-ab31-ed5367f5567f
bcf06684-3e1d-49a2-9dc5-2f285360f2a9,genus,92504495-67e8-42e8-bb76-26cd5b0826f2,Masalia,Animalia,Insecta,https://vvtaxatree.tbn.org.tw/taxa/bcf06684-3e1d-49a2-9dc5-2f285360f2a9
8bc06d60-ce92-4d85-b896-ac3d583433cf,genus,9dc21538-68da-4c7d-93a3-be127ff02b73,Masicera,Animalia,Insecta,https://vvtaxatree.tbn.org.tw/taxa/8bc06d60-ce92-4d85-b896-ac3d583433cf
99b6837d-64d2-4628-bab0-34609886f21b,genus,b48ecf05-9982-435e-9a62-bb4ddf02c614,Mastacembelus,Animalia,Actinopteri,https://vvtaxatree.tbn.org.tw/taxa/99b6837d-64d2-4628-bab0-34609886f21b
3ef4f334-7aee-4dd8-beb3-12d891c5f561,genus,00ba932c-6b0d-4e1c-bba3-07cbf0f8b47f,Mastigophorus,Animalia,Insecta,https://vvtaxatree.tbn.org.tw/taxa/3ef4f334-7aee-4dd8-beb3-12d891c5f561
0ab6e081-50be-409a-8a0d-bc8814388f1c,genus,ad540402-1f07-4c4b-8ee1-d7c66f0008c1,Mastigopus,Animalia,Malacostraca,https://vvtaxatree.tbn.org.tw/taxa/0ab6e081-50be-409a-8a0d-bc8814388f1c
50110429-4bef-4fbb-a15b-a781c8552457,genus,81c1864f-197f-4486-956c-b240c5ec2923,Mastigosoma,Animalia,Arachnida,https://vvtaxatree.tbn.org.tw/taxa/50110429-4bef-4fbb-a15b-a781c8552457
cb60e5fd-9dab-4124-9df8-14a32db07df5,genus,90e2cd58-9d9a-44b4-903b-e121d7fc327b,Maxillaria,Animalia,Insecta,https://vvtaxatree.tbn.org.tw/taxa/cb60e5fd-9dab-4124-9df8-14a32db07df5
060d1b58-b180-4d3c-8db0-61f0122a21da,genus,502a6460-1ed9-4574-9a7d-89091c482656,Maynea,Animalia,Actinopteri,https://vvtaxatree.tbn.org.tw/taxa/060d1b58-b180-4d3c-8db0-61f0122a21da
2c40fcf4-47d2-4941-b8ae-c1c70d947b2b,genus,96263d48-9383-4517-9831-72f1222d2045,Meconema,Animalia,Insecta,https://vvtaxatree.tbn.org.tw/taxa/2c40fcf4-47d2-4941-b8ae-c1c70d947b2b
d231f594-cfe5-47ad-b782-6d98de19702f,genus,4174feee-8ec5-48d8-b497-b86726b78be2,Mecynorhynchus,Animalia,Insecta,https://vvtaxatree.tbn.org.tw/taxa/d231f594-cfe5-47ad-b782-6d98de19702f
b5b9123e-cec3-4d13-a8a4-d1a3ccd104cd,genus,cc27611f-8dd6-4126-969e-524cb5f623d4,Medaeus,Animalia,Malacostraca,https://vvtaxatree.tbn.org.tw/taxa/b5b9123e-cec3-4d13-a8a4-d1a3ccd104cd
cfc81196-9041-4a1b-92fd-53f8d777b073,genus,906e487a-d655-435c-983c-eed09ecb978e,Medeterus,Animalia,Insecta,https://vvtaxatree.tbn.org.tw/taxa/cfc81196-9041-4a1b-92fd-53f8d777b073
4b003049-6f7d-4366-b27a-b4e3798fe916,genus,4bc81b13-f9ad-429f-bff7-7542274ad906,Megathrips,Animalia,Insecta,https://vvtaxatree.tbn.org.tw/taxa/4b003049-6f7d-4366-b27a-b4e3798fe916
f2b3f708-c2ea-4375-825a-9cdcc9f9020f,genus,62fceeb1-a616-46da-a2b2-cb4f7a1e83ee,Meladerma,Animalia,Actinopteri,https://vvtaxatree.tbn.org.tw/taxa/f2b3f708-c2ea-4375-825a-9cdcc9f9020f
cff4381d-ce49-4d3d-9149-3481ff7b3ac5,genus,3421267a-5cb1-47db-9967-960bb4b76da3,Melania,Animalia,Gastropoda,https://vvtaxatree.tbn.org.tw/taxa/cff4381d-ce49-4d3d-9149-3481ff7b3ac5
cfba07ac-f743-46c2-9719-1262b4c9e6ec,genus,f1b3fb3e-7241-4db8-82ba-eb47c663330e,Melanippe,Animalia,Insecta,https://vvtaxatree.tbn.org.tw/taxa/cfba07ac-f743-46c2-9719-1262b4c9e6ec
a48ef769-b919-47a4-9522-913224c23d26,genus,104ce832-398f-46aa-bf60-76bcbc6a0fe7,Melanobranchus,Animalia,Actinopteri,https://vvtaxatree.tbn.org.tw/taxa/a48ef769-b919-47a4-9522-913224c23d26
7cad5c3a-d9b9-4b64-9b79-ec00203fed62,genus,e9ac9ca1-ef9a-4104-a587-533c8d32e72f,Melanochaeta,Animalia,Insecta,https://vvtaxatree.tbn.org.tw/taxa/7cad5c3a-d9b9-4b64-9b79-ec00203fed62
36aac4d0-b10c-41d6-86d9-46a01901b2fd,genus,0f3cd445-aac4-4231-8800-7c3edd5a3cc5,Melanostoma,Animalia,Actinopteri,https://vvtaxatree.tbn.org.tw/taxa/36aac4d0-b10c-41d6-86d9-46a01901b2fd
64743709-c953-4c69-bb9d-41c531ff00d5,genus,142d6f17-63e8-4408-83bc-abb05db40c28,Melecta,Animalia,Insecta,https://vvtaxatree.tbn.org.tw/taxa/64743709-c953-4c69-bb9d-41c531ff00d5
c618fd76-ec4d-4452-9828-b16dddf532c3,genus,9489ea78-e128-4475-b835-1c6a2782eaba,Meletta,Animalia,Actinopteri,https://vvtaxatree.tbn.org.tw/taxa/c618fd76-ec4d-4452-9828-b16dddf532c3
64e505eb-1279-40f0-a441-3d081e6069bf,genus,90e2cd58-9d9a-44b4-903b-e121d7fc327b,Melissoblaptes,Animalia,Insecta,https://vvtaxatree.tbn.org.tw/taxa/64e505eb-1279-40f0-a441-3d081e6069bf
12342ed0-e5cb-447a-b529-4449d533af0e,genus,8d799230-0db5-4217-86cf-6035470f9cdc,Membracis,Animalia,Insecta,https://vvtaxatree.tbn.org.tw/taxa/12342ed0-e5cb-447a-b529-4449d533af0e
caaae9bd-5ed1-4007-bc33-41def72a9be8,genus,f1b3fb3e-7241-4db8-82ba-eb47c663330e,Mergana,Animalia,Insecta,https://vvtaxatree.tbn.org.tw/taxa/caaae9bd-5ed1-4007-bc33-41def72a9be8
a8a28279-f7f0-4434-b39f-2030b2b43373,genus,e9ac9ca1-ef9a-4104-a587-533c8d32e72f,Merochlorops,Animalia,Insecta,https://vvtaxatree.tbn.org.tw/taxa/a8a28279-f7f0-4434-b39f-2030b2b43373
f1162a86-440f-4352-bea0-059e90cbec95,genus,7b3161d5-6c11-4f8e-820e-51324a395768,Merodon,Animalia,Insecta,https://vvtaxatree.tbn.org.tw/taxa/f1162a86-440f-4352-bea0-059e90cbec95
28e21f74-7dee-4206-9479-0e55dae1be5f,genus,e9ac9ca1-ef9a-4104-a587-533c8d32e72f,Meroscinis,Animalia,Insecta,https://vvtaxatree.tbn.org.tw/taxa/28e21f74-7dee-4206-9479-0e55dae1be5f
864f56c4-fd6b-4e5c-8c5c-f8e98c8612c1,genus,92504495-67e8-42e8-bb76-26cd5b0826f2,Mesapamea,Animalia,Insecta,https://vvtaxatree.tbn.org.tw/taxa/864f56c4-fd6b-4e5c-8c5c-f8e98c8612c1
e8a66b2e-f4f7-440c-a521-91cb33da7470,genus,aa726014-d90d-432c-9243-8a27705fd0ee,Mesodesma,Animalia,Bivalvia,https://vvtaxatree.tbn.org.tw/taxa/e8a66b2e-f4f7-440c-a521-91cb33da7470
e1fc05ee-fb2d-4c5f-91c3-efa1ae89653e,genus,1e125e59-c0c4-45da-9500-f3eda70287cc,Mesohemerobius,Animalia,Insecta,https://vvtaxatree.tbn.org.tw/taxa/e1fc05ee-fb2d-4c5f-91c3-efa1ae89653e
341be467-6296-4dd1-bb79-903c134b93c3,genus,f0a4c5d5-8be0-4ca1-a0d4-482b9d72f1cf,Mesopholas,Animalia,Bivalvia,https://vvtaxatree.tbn.org.tw/taxa/341be467-6296-4dd1-bb79-903c134b93c3
5bec80b6-602c-4992-b6ac-3ef9e6394787,genus,2c6d6383-133e-4523-8a76-290bbc0c43ee,Mesoprion,Animalia,Actinopteri,https://vvtaxatree.tbn.org.tw/taxa/5bec80b6-602c-4992-b6ac-3ef9e6394787
945b4b20-c633-4cfc-a2dd-e6e84aaf01fd,genus,00ba932c-6b0d-4e1c-bba3-07cbf0f8b47f,Metachrostis,Animalia,Insecta,https://vvtaxatree.tbn.org.tw/taxa/945b4b20-c633-4cfc-a2dd-e6e84aaf01fd
532d0814-73eb-4032-85f5-cbd250761407,genus,f7af05b8-867f-469c-a379-3aba71d17d54,Metagagrella,Animalia,Arachnida,https://vvtaxatree.tbn.org.tw/taxa/532d0814-73eb-4032-85f5-cbd250761407
eb904182-768a-4782-8fdd-ff60a202f98b,genus,c880e26a-a785-4ad5-bfb6-e0d220ab36ea,Metagrapsus,Animalia,Malacostraca,https://vvtaxatree.tbn.org.tw/taxa/eb904182-768a-4782-8fdd-ff60a202f98b
4772a3a6-8b31-4bdc-83c5-ae3f53d2a6f9,genus,f15cfa76-ed14-4df6-a798-97775ee44e05,Metaspidiotus,Animalia,Insecta,https://vvtaxatree.tbn.org.tw/taxa/4772a3a6-8b31-4bdc-83c5-ae3f53d2a6f9
f5c28f39-39ef-400c-a93f-4bc41ce256b7,genus,9b614029-f3df-449d-9f8d-3e676d68c1a2,Metopidia,Animalia,Eurotatoria,https://vvtaxatree.tbn.org.tw/taxa/f5c28f39-39ef-400c-a93f-4bc41ce256b7
5e96feaa-ecd5-4d6a-9e70-0aeaa13dd80c,genus,f50526d4-bf8e-40e0-94d6-e4c3ae398e4a,Micornia,Animalia,Insecta,https://vvtaxatree.tbn.org.tw/taxa/5e96feaa-ecd5-4d6a-9e70-0aeaa13dd80c
cddb8438-7876-46ec-aa62-a563ad390de7,genus,8869f7eb-5e7e-4aba-87c0-df7af433de80,Micracantha,Animalia,Insecta,https://vvtaxatree.tbn.org.tw/taxa/cddb8438-7876-46ec-aa62-a563ad390de7
d139bfe3-09d1-4597-b31a-6216e3e1e5c5,genus,81c1864f-197f-4486-956c-b240c5ec2923,Micrathena,Animalia,Arachnida,https://vvtaxatree.tbn.org.tw/taxa/d139bfe3-09d1-4597-b31a-6216e3e1e5c5
e3997096-7ac4-48cd-908e-d5cd19cd9d4a,genus,ec86e787-9771-4842-a972-7e9a44168f7e,Microcystina,Animalia,Gastropoda,https://vvtaxatree.tbn.org.tw/taxa/e3997096-7ac4-48cd-908e-d5cd19cd9d4a
9548f150-401e-4a15-ba2b-6a010f6cbaca,genus,975b6843-473c-42e9-8646-24b96daada45,Microdonophis,Animalia,Actinopteri,https://vvtaxatree.tbn.org.tw/taxa/9548f150-401e-4a15-ba2b-6a010f6cbaca
ac9137f9-4f21-4dc7-8c65-7c69d6786b62,genus,a008ff98-4b23-468a-9d3f-1f8db111f9f1,Micrognathus,Animalia,Actinopteri,https://vvtaxatree.tbn.org.tw/taxa/ac9137f9-4f21-4dc7-8c65-7c69d6786b62
ee187c58-d731-451d-9196-198e89fbece9,genus,81c1864f-197f-4486-956c-b240c5ec2923,Microneta,Animalia,Arachnida,https://vvtaxatree.tbn.org.tw/taxa/ee187c58-d731-451d-9196-198e89fbece9
2bbbeb1f-85e7-439e-aec0-b8a8a58b738d,genus,9dc21538-68da-4c7d-93a3-be127ff02b73,Micropalpus,Animalia,Insecta,https://vvtaxatree.tbn.org.tw/taxa/2bbbeb1f-85e7-439e-aec0-b8a8a58b738d
fb0c3cd0-1c8c-4b96-a81b-3d7fb1a93bf0,genus,bfc55fae-7da9-442c-8638-602b6904120e,Micropeza,Animalia,Insecta,https://vvtaxatree.tbn.org.tw/taxa/fb0c3cd0-1c8c-4b96-a81b-3d7fb1a93bf0
bfbef95d-9514-45bd-b7db-f887839166cf,genus,9dc21538-68da-4c7d-93a3-be127ff02b73,Microphytomyptera,Animalia,Insecta,https://vvtaxatree.tbn.org.tw/taxa/bfbef95d-9514-45bd-b7db-f887839166cf
d5017dfb-a5eb-40d4-96d1-75771cc73a4d,genus,9692b028-8e29-476b-a5b2-37e24474b2fa,Micropus,Animalia,Actinopteri,https://vvtaxatree.tbn.org.tw/taxa/d5017dfb-a5eb-40d4-96d1-75771cc73a4d
5d8f5058-ec83-4461-b68a-eb5a7d6416a9,genus,b0f22c66-081b-46ad-a745-c6772bd81bcd,Microsicydium,Animalia,Actinopteri,https://vvtaxatree.tbn.org.tw/taxa/5d8f5058-ec83-4461-b68a-eb5a7d6416a9
e239738d-2bfb-4441-ae3d-269fe9d406bb,genus,e2ddf8e5-2d1f-4b8d-8878-04aac3cfbee0,Microtalis,Animalia,Insecta,https://vvtaxatree.tbn.org.tw/taxa/e239738d-2bfb-4441-ae3d-269fe9d406bb
8587f134-32d6-4205-9e0d-fc8d3a07ad67,genus,24c32a3f-934c-421e-afc9-6afe8f54929f,Microthoracaphis,Animalia,Insecta,https://vvtaxatree.tbn.org.tw/taxa/8587f134-32d6-4205-9e0d-fc8d3a07ad67
93414d40-8f8d-4fbd-8966-a500b624e8fb,genus,90e2cd58-9d9a-44b4-903b-e121d7fc327b,Microthrix,Animalia,Insecta,https://vvtaxatree.tbn.org.tw/taxa/93414d40-8f8d-4fbd-8966-a500b624e8fb
420b1abe-4161-4122-90f9-c845dca1e073,genus,0f0ae753-c82b-43ee-a961-c6a802a4cb65,Milisipepsis,Animalia,Insecta,https://vvtaxatree.tbn.org.tw/taxa/420b1abe-4161-4122-90f9-c845dca1e073
0f0a9a30-e85c-488b-b76b-b246777b9baf,genus,30bad4b6-1506-4d5a-a91a-48e63ff37143,Miramella,Animalia,Insecta,https://vvtaxatree.tbn.org.tw/taxa/0f0a9a30-e85c-488b-b76b-b246777b9baf
e42beee2-ec02-40e5-9eac-6d56f457f788,genus,81c1864f-197f-4486-956c-b240c5ec2923,Miranda,Animalia,Arachnida,https://vvtaxatree.tbn.org.tw/taxa/e42beee2-ec02-40e5-9eac-6d56f457f788
e06afc17-289b-414e-8ed4-a339c6c81baf,genus,ebcdbf4d-2fb2-4246-805d-52a45d8b9bae,Mirolabrichthys,Animalia,Actinopteri,https://vvtaxatree.tbn.org.tw/taxa/e06afc17-289b-414e-8ed4-a339c6c81baf
65bcde83-9ebb-4990-bd83-d06eb4dd0ffb,genus,f15cfa76-ed14-4df6-a798-97775ee44e05,Miscanthaspis,Animalia,Insecta,https://vvtaxatree.tbn.org.tw/taxa/65bcde83-9ebb-4990-bd83-d06eb4dd0ffb
d729efa6-8b60-4e22-af72-616f7847d6e6,genus,0f87e455-3a2a-41e7-b9e3-da81abdee498,Miscera,Animalia,Insecta,https://vvtaxatree.tbn.org.tw/taxa/d729efa6-8b60-4e22-af72-616f7847d6e6
cd6e5780-017d-4176-8c0e-5993d1233f29,genus,90ab3438-5b02-4145-92fa-ffe62912e0bc,Miscogaster,Animalia,Insecta,https://vvtaxatree.tbn.org.tw/taxa/cd6e5780-017d-4176-8c0e-5993d1233f29
2f62d8f4-26a8-4b9f-9839-98793799fae9,genus,13ef7013-3d34-47a3-a024-3fa355fc2408,Misumena,Animalia,Arachnida,https://vvtaxatree.tbn.org.tw/taxa/2f62d8f4-26a8-4b9f-9839-98793799fae9
f74c466a-8e58-4199-9f06-99af4929ac0b,genus,13ef7013-3d34-47a3-a024-3fa355fc2408,Misumenops,Animalia,Arachnida,https://vvtaxatree.tbn.org.tw/taxa/f74c466a-8e58-4199-9f06-99af4929ac0b
f48edbd5-38ad-478d-a5e4-9bef9fb3cb1c,genus,51658d7c-9356-49ad-8f6c-b02b2c0f4f67,Mithion,Animalia,Arachnida,https://vvtaxatree.tbn.org.tw/taxa/f48edbd5-38ad-478d-a5e4-9bef9fb3cb1c
a654fe15-ee1e-431a-a164-3a631ff01dee,genus,d6117b3e-f156-4e41-8e73-1ed85096d86f,Mithrax,Animalia,Malacostraca,https://vvtaxatree.tbn.org.tw/taxa/a654fe15-ee1e-431a-a164-3a631ff01dee
33eacdd8-e7d1-406f-866c-fd232473f7c9,genus,ed2f46b6-3df8-485b-b98f-b84f6cacaabf,Mixonus,Animalia,Actinopteri,https://vvtaxatree.tbn.org.tw/taxa/33eacdd8-e7d1-406f-866c-fd232473f7c9
19255eed-a614-456e-9050-24e8ca6f97ea,genus,e610d619-0d08-4be8-87ee-73900fa71b25,Mixtopagurus,Animalia,Malacostraca,https://vvtaxatree.tbn.org.tw/taxa/19255eed-a614-456e-9050-24e8ca6f97ea
fa85d9dd-4c5d-4dd0-a507-c4d298a71f30,genus,29258d69-cbc8-4f66-8426-2c8ee350740f,Mnesipatris,Animalia,Insecta,https://vvtaxatree.tbn.org.tw/taxa/fa85d9dd-4c5d-4dd0-a507-c4d298a71f30
8bfd6a79-5cf4-43e2-ac41-ea2968e360c4,genus,1ec247e3-4a2f-4beb-bde8-a39658fad62a,Molacanthus,Animalia,Actinopteri,https://vvtaxatree.tbn.org.tw/taxa/8bfd6a79-5cf4-43e2-ac41-ea2968e360c4
b96f0bf5-7617-48b8-ab18-dd68ed0a3b7c,genus,61930530-ef9a-490a-853b-1aaab32d91f0,Mollienesia,Animalia,Actinopteri,https://vvtaxatree.tbn.org.tw/taxa/b96f0bf5-7617-48b8-ab18-dd68ed0a3b7c
188a8431-3e10-4db3-92a6-9f16100e9f60,genus,8869f7eb-5e7e-4aba-87c0-df7af433de80,Monohammus,Animalia,Insecta,https://vvtaxatree.tbn.org.tw/taxa/188a8431-3e10-4db3-92a6-9f16100e9f60
9b9b770d-0560-4e6c-a741-c28d245b5392,genus,2d461e89-d185-4ca7-8c1e-00c8fdbe912b,Monopsis,Animalia,Insecta,https://vvtaxatree.tbn.org.tw/taxa/9b9b770d-0560-4e6c-a741-c28d245b5392
5f087d35-7801-408e-9b5f-71aa54ac6329,genus,43785db7-e183-4441-9593-a06ad90a41be,Monotarsobius,Animalia,Chilopoda,https://vvtaxatree.tbn.org.tw/taxa/5f087d35-7801-408e-9b5f-71aa54ac6329
8f067053-a61f-4c5f-9da3-daa3dcdf878c,genus,90ab3438-5b02-4145-92fa-ffe62912e0bc,Mormoniella,Animalia,Insecta,https://vvtaxatree.tbn.org.tw/taxa/8f067053-a61f-4c5f-9da3-daa3dcdf878c
fce3062d-c547-43fd-860a-45b14ba6c46b,genus,00ba932c-6b0d-4e1c-bba3-07cbf0f8b47f,Motina,Animalia,Insecta,https://vvtaxatree.tbn.org.tw/taxa/fce3062d-c547-43fd-860a-45b14ba6c46b
70f47089-599d-4d37-9357-a533c0fdab1b,genus,975b6843-473c-42e9-8646-24b96daada45,Muaenichthys,Animalia,Actinopteri,https://vvtaxatree.tbn.org.tw/taxa/70f47089-599d-4d37-9357-a533c0fdab1b
ec0c117b-dbdb-4cec-89d0-73cc5b61b9dc,genus,b0f22c66-081b-46ad-a745-c6772bd81bcd,Mucogobius,Animalia,Actinopteri,https://vvtaxatree.tbn.org.tw/taxa/ec0c117b-dbdb-4cec-89d0-73cc5b61b9dc
0beed319-65e8-43fb-a298-de8c54c43634,genus,1e125e59-c0c4-45da-9500-f3eda70287cc,Mucropalpus,Animalia,Insecta,https://vvtaxatree.tbn.org.tw/taxa/0beed319-65e8-43fb-a298-de8c54c43634
bf0f5e6c-83cc-4473-a990-46cd50a0f806,genus,7f461f3a-48a2-4a75-9ee7-151d9dc5748e,Mulloides,Animalia,Actinopteri,https://vvtaxatree.tbn.org.tw/taxa/bf0f5e6c-83cc-4473-a990-46cd50a0f806
769b2737-a060-43f3-826a-e85d326c783b,genus,272121e8-125e-41d2-a86c-1940a88d8559,Mullus,Animalia,Actinopteri,https://vvtaxatree.tbn.org.tw/taxa/769b2737-a060-43f3-826a-e85d326c783b
656db61f-3fec-4fe2-b614-fcc055589184,genus,ac73fa50-034b-4139-bfda-6c486925e49a,Munia,Animalia,Aves,https://vvtaxatree.tbn.org.tw/taxa/656db61f-3fec-4fe2-b614-fcc055589184
f76ddde7-0a4f-40eb-ba14-53102d007117,genus,2557271a-5067-4ba5-bc1b-d1c10ea4801a,Muraena,Animalia,Actinopteri,https://vvtaxatree.tbn.org.tw/taxa/f76ddde7-0a4f-40eb-ba14-53102d007117
031c2b67-38b2-45b7-8596-9bfaacc46456,genus,b4eb75be-af97-40f8-9af6-2dbb6ad59336,Muraenophis,Animalia,Actinopteri,https://vvtaxatree.tbn.org.tw/taxa/031c2b67-38b2-45b7-8596-9bfaacc46456
b1f74962-1cb6-4c92-b905-d2aaf4233bbf,genus,cc26df49-b4ce-4d67-b4f6-eddba857fbd0,Mustilia,Animalia,Insecta,https://vvtaxatree.tbn.org.tw/taxa/b1f74962-1cb6-4c92-b905-d2aaf4233bbf
dd0b9728-21f9-469e-89bc-d2e5d4cd9e9e,genus,ba782bac-9282-4d82-b49e-cbba013423f0,Mutilla,Animalia,Insecta,https://vvtaxatree.tbn.org.tw/taxa/dd0b9728-21f9-469e-89bc-d2e5d4cd9e9e
9d8d1f71-952a-4e29-8db4-c8557f7e45d0,genus,602104c2-5779-45db-8532-579075e8f731,Mycteromyia,Animalia,Insecta,https://vvtaxatree.tbn.org.tw/taxa/9d8d1f71-952a-4e29-8db4-c8557f7e45d0
a0dd89a3-e083-4b4a-9864-78699eccc69e,genus,ddb9016c-7499-4cd9-919e-6b436529c410,Mydaea,Animalia,Insecta,https://vvtaxatree.tbn.org.tw/taxa/a0dd89a3-e083-4b4a-9864-78699eccc69e
00b9338a-6379-4c34-bb73-adebe83790bc,genus,c3cf14a5-daf1-434a-a300-11d5b388289f,Mydina,Animalia,Insecta,https://vvtaxatree.tbn.org.tw/taxa/00b9338a-6379-4c34-bb73-adebe83790bc
335cedc2-bb49-4617-843d-6c9c5f84b067,genus,bdabe48a-c315-4d93-9a55-b0c4b5bba434,Myelaphus,Animalia,Insecta,https://vvtaxatree.tbn.org.tw/taxa/335cedc2-bb49-4617-843d-6c9c5f84b067
5c86d520-287c-4f3b-9057-5c1e5653e287,genus,9762194e-4070-4bf4-96be-cdffcbb071b9,Myiolia,Animalia,Insecta,https://vvtaxatree.tbn.org.tw/taxa/5c86d520-287c-4f3b-9057-5c1e5653e287
43560b4e-f9ef-472c-89c5-85fac0da85b6,genus,9dc21538-68da-4c7d-93a3-be127ff02b73,Myiostoma,Animalia,Insecta,https://vvtaxatree.tbn.org.tw/taxa/43560b4e-f9ef-472c-89c5-85fac0da85b6
6efc6c8e-9b96-43e4-99fd-9f293f193f33,genus,ee964dcc-2f2f-40a5-9255-3ea96968d1f9,Myliobatus,Animalia,Elasmobranchii,https://vvtaxatree.tbn.org.tw/taxa/6efc6c8e-9b96-43e4-99fd-9f293f193f33
cd626180-9d28-46dc-8014-a36a00587138,genus,bc6be93e-816f-4b81-8056-c75c94bdf384,Mymariella,Animalia,Insecta,https://vvtaxatree.tbn.org.tw/taxa/cd626180-9d28-46dc-8014-a36a00587138
e86f236b-6539-47f8-93bb-be954c244e8a,genus,bc6eb783-ef87-418a-935d-41ca42eface7,Myophora,Animalia,Insecta,https://vvtaxatree.tbn.org.tw/taxa/e86f236b-6539-47f8-93bb-be954c244e8a
ba45abb6-2884-40e7-a146-5e02a8aaa08f,genus,8a90a1a5-b5ee-43d4-8a3c-78aafa94d610,Myripristes,Animalia,Actinopteri,https://vvtaxatree.tbn.org.tw/taxa/ba45abb6-2884-40e7-a146-5e02a8aaa08f
95c21006-f3d4-4948-a900-ff65ecac032f,genus,975b6843-473c-42e9-8646-24b96daada45,Myropterura,Animalia,Actinopteri,https://vvtaxatree.tbn.org.tw/taxa/95c21006-f3d4-4948-a900-ff65ecac032f
d55063ef-0149-4e50-bbc4-bb766f74cd98,genus,197dae47-aca7-4beb-a2ca-2d2399d2bde2,Mystidens,Animalia,Elasmobranchii,https://vvtaxatree.tbn.org.tw/taxa/d55063ef-0149-4e50-bbc4-bb766f74cd98
9e58b91d-3497-46f8-9943-2159e4ba9976,genus,d4f9fc67-13d2-4352-b85f-62b7dce4a55d,Mystus,Animalia,Actinopteri,https://vvtaxatree.tbn.org.tw/taxa/9e58b91d-3497-46f8-9943-2159e4ba9976
445ba243-8a5a-48a0-8d20-d4716b950f51,genus,f15cfa76-ed14-4df6-a798-97775ee44e05,Mytilococcus,Animalia,Insecta,https://vvtaxatree.tbn.org.tw/taxa/445ba243-8a5a-48a0-8d20-d4716b950f51
fe1e6741-8657-465a-b3e6-8eddfa343231,genus,272121e8-125e-41d2-a86c-1940a88d8559,Myxus,Animalia,Actinopteri,https://vvtaxatree.tbn.org.tw/taxa/fe1e6741-8657-465a-b3e6-8eddfa343231
04ac6557-dfca-43bd-8a0e-55706b84d051,genus,5734eec9-8dbf-40a3-8760-b2895283f8c2,Myzocallis,Animalia,Insecta,https://vvtaxatree.tbn.org.tw/taxa/04ac6557-dfca-43bd-8a0e-55706b84d051
7df1791c-4b92-4cd7-95b6-f5a477a247e2,genus,821de07e-4f21-4d08-81cb-513d67a982d0,Nabara,Animalia,Insecta,https://vvtaxatree.tbn.org.tw/taxa/7df1791c-4b92-4cd7-95b6-f5a477a247e2
12790069-3e08-4ff0-ab11-011a7b1a6344,genus,00ba932c-6b0d-4e1c-bba3-07cbf0f8b47f,Nabartha,Animalia,Insecta,https://vvtaxatree.tbn.org.tw/taxa/12790069-3e08-4ff0-ab11-011a7b1a6344
408489cc-658c-4cb0-a9ec-118a5d6631ba,genus,0ed17341-8744-497b-a259-b108062f4cb5,Nanogonalos,Animalia,Insecta,https://vvtaxatree.tbn.org.tw/taxa/408489cc-658c-4cb0-a9ec-118a5d6631ba
7b5c1b52-7686-42a6-a9a2-44b5293aab9c,genus,4bc81b13-f9ad-429f-bff7-7542274ad906,Nanothrips,Animalia,Insecta,https://vvtaxatree.tbn.org.tw/taxa/7b5c1b52-7686-42a6-a9a2-44b5293aab9c
0ca5f3fa-b791-4991-961f-e1992bc08321,genus,688c3415-9e9d-4e67-a546-7e4325f88828,Naseus,Animalia,Actinopteri,https://vvtaxatree.tbn.org.tw/taxa/0ca5f3fa-b791-4991-961f-e1992bc08321
ee1568f5-f283-49f8-ba78-553aa2a3c38c,genus,e0945194-1f8f-4d74-9073-a27ca8967c92,Nasisqualus,Animalia,Elasmobranchii,https://vvtaxatree.tbn.org.tw/taxa/ee1568f5-f283-49f8-ba78-553aa2a3c38c
c5a3ded5-78ed-4045-a0f7-f1b0072c2bcb,genus,f15cfa76-ed14-4df6-a798-97775ee44e05,Natalaspis,Animalia,Insecta,https://vvtaxatree.tbn.org.tw/taxa/c5a3ded5-78ed-4045-a0f7-f1b0072c2bcb
93c07f54-1ec2-4132-b7af-83ef41d2d99d,genus,c82817d0-cf68-4b71-8c28-b321f236972b,Naticaria,Animalia,Gastropoda,https://vvtaxatree.tbn.org.tw/taxa/93c07f54-1ec2-4132-b7af-83ef41d2d99d
918e129e-cd33-47b6-8eca-5f0aa9a11f58,genus,2578c6fe-baf3-4d08-a010-d0f72d5bd930,Natrix,Animalia,Reptilia,https://vvtaxatree.tbn.org.tw/taxa/918e129e-cd33-47b6-8eca-5f0aa9a11f58
74515a98-3c8b-49a5-b85c-a1911952f966,genus,0f2c9a4f-e96d-4fa0-a3b0-03a19e671a75,Nauclerus,Animalia,Actinopteri,https://vvtaxatree.tbn.org.tw/taxa/74515a98-3c8b-49a5-b85c-a1911952f966
19421692-77a0-445b-b3f5-dd683b263e15,genus,0d9bc7c6-aab3-4ffd-9bbd-5a693713c575,Nauticaris,Animalia,Malacostraca,https://vvtaxatree.tbn.org.tw/taxa/19421692-77a0-445b-b3f5-dd683b263e15
9c2eb6cd-33a4-4069-bb11-d7294fa8c580,genus,10a97bf3-abae-4e4f-83b2-b8fab873d1db,Navicella,Animalia,Gastropoda,https://vvtaxatree.tbn.org.tw/taxa/9c2eb6cd-33a4-4069-bb11-d7294fa8c580
339c6b5a-3361-4648-a821-7762dd78c61c,genus,0546b614-91b8-4e20-a8a0-2f62b8c0520c,Neaera,Animalia,Bivalvia,https://vvtaxatree.tbn.org.tw/taxa/339c6b5a-3361-4648-a821-7762dd78c61c
273b9a2d-d5d4-4367-8bd5-f958e365d039,genus,9762194e-4070-4bf4-96be-cdffcbb071b9,Neanomoea,Animalia,Insecta,https://vvtaxatree.tbn.org.tw/taxa/273b9a2d-d5d4-4367-8bd5-f958e365d039
153346d7-1bec-4964-8eaf-ab7c7dd0346c,genus,5181a022-aa13-4a8e-91a7-51bc5d459a24,Neboda,Animalia,Insecta,https://vvtaxatree.tbn.org.tw/taxa/153346d7-1bec-4964-8eaf-ab7c7dd0346c
1b1f0e27-aac3-4550-bb8e-6e6f70fbf0c4,genus,b2ea539b-38d0-4fa5-b060-c28e38727c50,Necroscia,Animalia,Insecta,https://vvtaxatree.tbn.org.tw/taxa/1b1f0e27-aac3-4550-bb8e-6e6f70fbf0c4
68e4b8fb-53a5-4595-85f1-b63d22049afb,genus,7cb5f5fc-2ed5-4b02-9f23-7cdfd57a673f,Nectodroma,Animalia,Hydrozoa,https://vvtaxatree.tbn.org.tw/taxa/68e4b8fb-53a5-4595-85f1-b63d22049afb
4697436c-2ad5-44ba-aea5-d9eefc16f210,genus,87342e91-0f42-4f6d-ac79-de05cff51908,Nedroma,Animalia,Insecta,https://vvtaxatree.tbn.org.tw/taxa/4697436c-2ad5-44ba-aea5-d9eefc16f210
be40d93e-e2a8-4e97-bc27-0cfa2746487f,genus,abf9e431-795d-4516-aff1-d058b22d14f5,Negogaleus,Animalia,Elasmobranchii,https://vvtaxatree.tbn.org.tw/taxa/be40d93e-e2a8-4e97-bc27-0cfa2746487f
314452ab-d45b-4059-9054-f84e30337ff6,genus,ce2e87c7-927e-4f21-a7e6-fa07176693df,Nemapontinus,Animalia,Actinopteri,https://vvtaxatree.tbn.org.tw/taxa/314452ab-d45b-4059-9054-f84e30337ff6
52587a6a-ef8a-4ca5-a783-63d0000829c7,genus,bfc55fae-7da9-442c-8638-602b6904120e,Nemopoda,Animalia,Insecta,https://vvtaxatree.tbn.org.tw/taxa/52587a6a-ef8a-4ca5-a783-63d0000829c7
b9194bde-6ce7-4528-85b0-79d3d42df847,genus,c3080b68-aa50-4661-939b-68e1725d3a4e,Nemotois,Animalia,Insecta,https://vvtaxatree.tbn.org.tw/taxa/b9194bde-6ce7-4528-85b0-79d3d42df847
3368a504-97f3-49d9-97f8-92ce07a7b85b,genus,1e125e59-c0c4-45da-9500-f3eda70287cc,Nenus,Animalia,Insecta,https://vvtaxatree.tbn.org.tw/taxa/3368a504-97f3-49d9-97f8-92ce07a7b85b
1a693717-3810-4aab-988a-e6c103c45558,genus,bb3d879b-80a0-4777-819d-9e5608512428,Neoblattella,Animalia,Insecta,https://vvtaxatree.tbn.org.tw/taxa/1a693717-3810-4aab-988a-e6c103c45558
5559de74-90f2-4f55-9402-d7cb5ee56d16,genus,00ba932c-6b0d-4e1c-bba3-07cbf0f8b47f,Neoblavia,Animalia,Insecta,https://vvtaxatree.tbn.org.tw/taxa/5559de74-90f2-4f55-9402-d7cb5ee56d16
10a0ad17-0995-4a7b-a20f-525fa66cf533,genus,00ba932c-6b0d-4e1c-bba3-07cbf0f8b47f,Neocifuna,Animalia,Insecta,https://vvtaxatree.tbn.org.tw/taxa/10a0ad17-0995-4a7b-a20f-525fa66cf533
1428f5a2-472b-4bb4-afb8-e4293a84d3e4,genus,8869f7eb-5e7e-4aba-87c0-df7af433de80,Neodeuteromma,Animalia,Insecta,https://vvtaxatree.tbn.org.tw/taxa/1428f5a2-472b-4bb4-afb8-e4293a84d3e4
f672c7db-830c-4a42-b6a8-90120f07b032,genus,dad87138-508d-42bc-9c1b-6738c2d8a854,Neodiploconus,Animalia,Insecta,https://vvtaxatree.tbn.org.tw/taxa/f672c7db-830c-4a42-b6a8-90120f07b032
491591d9-95df-4be3-8da2-0b69c1710e0f,genus,5f91a112-50cd-4ab9-aa73-f3fbeb28a909,Neodontocnema,Animalia,Insecta,https://vvtaxatree.tbn.org.tw/taxa/491591d9-95df-4be3-8da2-0b69c1710e0f
a5368f12-7caf-4f5c-ac9b-6aec3222bd1e,genus,287b9847-bff7-46a0-b500-34ef34d96692,Neogastrura,Animalia,Collembola,https://vvtaxatree.tbn.org.tw/taxa/a5368f12-7caf-4f5c-ac9b-6aec3222bd1e
6130ac3e-4d30-443e-a437-d6c5124627c9,genus,4bc81b13-f9ad-429f-bff7-7542274ad906,Neoheegeria,Animalia,Insecta,https://vvtaxatree.tbn.org.tw/taxa/6130ac3e-4d30-443e-a437-d6c5124627c9
8834a8ca-ecde-48fe-b311-d7e63da36b33,genus,dad87138-508d-42bc-9c1b-6738c2d8a854,Neolacon,Animalia,Insecta,https://vvtaxatree.tbn.org.tw/taxa/8834a8ca-ecde-48fe-b311-d7e63da36b33
46e37730-f6f5-4b78-ad65-8925ed5082a3,genus,b773873d-3402-4d49-9517-3b716dfc123c,Neolysmus,Animalia,Insecta,https://vvtaxatree.tbn.org.tw/taxa/46e37730-f6f5-4b78-ad65-8925ed5082a3
6a293dca-5950-4868-81dc-29a7a0720f31,genus,55c03f3c-d73d-4620-9262-e0ce42449df3,Neopercis,Animalia,Actinopteri,https://vvtaxatree.tbn.org.tw/taxa/6a293dca-5950-4868-81dc-29a7a0720f31
e5e35e45-90a9-42c1-89ee-504220636d9f,genus,b1b001ee-5540-46b7-80e0-192f6e15b7c5,Neophorodon,Animalia,Insecta,https://vvtaxatree.tbn.org.tw/taxa/e5e35e45-90a9-42c1-89ee-504220636d9f
0581270b-e20b-499e-bd28-864bf31f3515,genus,5f91a112-50cd-4ab9-aa73-f3fbeb28a909,Neoserica,Animalia,Insecta,https://vvtaxatree.tbn.org.tw/taxa/0581270b-e20b-499e-bd28-864bf31f3515
678e8377-d304-4394-95d3-5e9be3d61d24,genus,e1082cb2-9b86-43e1-8d91-2def7f9888de,Nepal,Animalia,Insecta,https://vvtaxatree.tbn.org.tw/taxa/678e8377-d304-4394-95d3-5e9be3d61d24
4a34fc2d-c881-49e1-acc0-e686f4ff2166,genus,4174feee-8ec5-48d8-b497-b86726b78be2,Nephesa,Animalia,Insecta,https://vvtaxatree.tbn.org.tw/taxa/4a34fc2d-c881-49e1-acc0-e686f4ff2166
7655cb24-21a8-4863-a22c-e540f1ef2764,genus,90e2cd58-9d9a-44b4-903b-e121d7fc327b,Nephopteryx,Animalia,Insecta,https://vvtaxatree.tbn.org.tw/taxa/7655cb24-21a8-4863-a22c-e540f1ef2764
699b88cc-c5d9-4cff-acd4-36797930df02,genus,ab2dc09f-1c86-43e6-b8fa-22cfbe322a9a,Nepoerla,Animalia,Insecta,https://vvtaxatree.tbn.org.tw/taxa/699b88cc-c5d9-4cff-acd4-36797930df02
61973b07-1c19-4418-90cc-927757433823,genus,cc26df49-b4ce-4d67-b4f6-eddba857fbd0,Neprepa,Animalia,Insecta,https://vvtaxatree.tbn.org.tw/taxa/61973b07-1c19-4418-90cc-927757433823
a34588ef-d617-4f46-84c1-ef140080b4f8,genus,880b2de7-42f4-4908-a4ca-6b3fb861bee9,Nerius,Animalia,Insecta,https://vvtaxatree.tbn.org.tw/taxa/a34588ef-d617-4f46-84c1-ef140080b4f8
b68e624d-7cc0-4e93-9908-f021fbbd4c1e,genus,3061a2ae-7c51-4185-99cc-9513e10f8436,Neurogona,Animalia,Insecta,https://vvtaxatree.tbn.org.tw/taxa/b68e624d-7cc0-4e93-9908-f021fbbd4c1e
e51034a1-83b4-4b05-a748-1852ef873599,genus,025b910b-ede9-491f-816f-a4f27ce506c4,Nipponaphera,Animalia,Gastropoda,https://vvtaxatree.tbn.org.tw/taxa/e51034a1-83b4-4b05-a748-1852ef873599
e7b75694-e52f-4642-bbad-54c9aaa035ce,genus,5eb1e627-7c04-4227-8f04-1d9535d30f42,Nipponlachuus,Animalia,Insecta,https://vvtaxatree.tbn.org.tw/taxa/e7b75694-e52f-4642-bbad-54c9aaa035ce
e0e78694-1452-47ef-9ea5-8816cc9ca4b9,genus,46fffcad-c3b7-48f9-b259-d90d8f7dfd89,Noctua,Animalia,Aves,https://vvtaxatree.tbn.org.tw/taxa/e0e78694-1452-47ef-9ea5-8816cc9ca4b9
bb9595ec-4106-4367-a79f-292432c84bad,genus,00ba932c-6b0d-4e1c-bba3-07cbf0f8b47f,Nodana,Animalia,Insecta,https://vvtaxatree.tbn.org.tw/taxa/bb9595ec-4106-4367-a79f-292432c84bad
92b0420c-1977-4dd2-94f9-6da6ec0d2b2c,genus,66994ec6-8785-4102-9dc5-4d7c1cacbfc0,Nodocephalus,Animalia,Chilopoda,https://vvtaxatree.tbn.org.tw/taxa/92b0420c-1977-4dd2-94f9-6da6ec0d2b2c
d769be15-7af7-4d79-ae30-520f77d566b8,genus,b7226c1d-2ff6-4bdf-83fb-6e13956802c7,Noeza,Animalia,Insecta,https://vvtaxatree.tbn.org.tw/taxa/d769be15-7af7-4d79-ae30-520f77d566b8
042d62e5-a706-4f7f-8b4d-167354bcd71f,genus,ca61a0e3-1706-40d0-80e7-722bdecafb40,Nomioides,Animalia,Insecta,https://vvtaxatree.tbn.org.tw/taxa/042d62e5-a706-4f7f-8b4d-167354bcd71f
455ca8df-19f4-4993-8784-ce4e01e6b392,genus,f1b3fb3e-7241-4db8-82ba-eb47c663330e,Noreia,Animalia,Insecta,https://vvtaxatree.tbn.org.tw/taxa/455ca8df-19f4-4993-8784-ce4e01e6b392
1651ad6d-1165-4137-bd45-f5fe28555aee,genus,e9ce7860-2a09-4f25-9816-28e8e23672ce,Norraca,Animalia,Insecta,https://vvtaxatree.tbn.org.tw/taxa/1651ad6d-1165-4137-bd45-f5fe28555aee
48f4ddf3-f044-4c24-964f-65c47c4c9904,genus,e2ddf8e5-2d1f-4b8d-8878-04aac3cfbee0,Notesia,Animalia,Insecta,https://vvtaxatree.tbn.org.tw/taxa/48f4ddf3-f044-4c24-964f-65c47c4c9904
3d016395-c284-4ddb-b43d-6d8fada2848d,genus,715b2572-9dd3-4498-b36f-083d53cb6ef7,Nothochrysa,Animalia,Insecta,https://vvtaxatree.tbn.org.tw/taxa/3d016395-c284-4ddb-b43d-6d8fada2848d
985c2323-5c01-4623-ac44-ada7f81e3ef7,genus,c9a695f3-10ce-42d9-97dd-4468340d733d,Notodoris,Animalia,Gastropoda,https://vvtaxatree.tbn.org.tw/taxa/985c2323-5c01-4623-ac44-ada7f81e3ef7
e8a9bfd4-74ed-4abd-b21d-bde7574d454c,genus,e9ac9ca1-ef9a-4104-a587-533c8d32e72f,Notonaulax,Animalia,Insecta,https://vvtaxatree.tbn.org.tw/taxa/e8a9bfd4-74ed-4abd-b21d-bde7574d454c
1917b69c-76d7-43a2-aad7-15d4758debc6,genus,85afeaa9-e81f-4058-9469-3b7c533d23cb,Notopterus,Animalia,Actinopteri,https://vvtaxatree.tbn.org.tw/taxa/1917b69c-76d7-43a2-aad7-15d4758debc6
d1365fd3-b4bf-4665-ab6c-99aaca43782f,genus,06f046a7-8a0c-414a-bd0d-8ef587bad6a0,Notorhynchus,Animalia,Elasmobranchii,https://vvtaxatree.tbn.org.tw/taxa/d1365fd3-b4bf-4665-ab6c-99aaca43782f
e82d2447-fd4c-4ed1-b1cd-e7c47a221d25,genus,5181a022-aa13-4a8e-91a7-51bc5d459a24,Noues,Animalia,Insecta,https://vvtaxatree.tbn.org.tw/taxa/e82d2447-fd4c-4ed1-b1cd-e7c47a221d25
edc0f1fa-f691-4e7e-9fa4-93674ac34977,genus,0398f7a8-f589-4399-a581-2f4ea995f3b6,Novacula,Animalia,Actinopteri,https://vvtaxatree.tbn.org.tw/taxa/edc0f1fa-f691-4e7e-9fa4-93674ac34977
4204f22a-6f4b-4207-b835-2bea93b367c9,genus,f1b3fb3e-7241-4db8-82ba-eb47c663330e,Numeria,Animalia,Insecta,https://vvtaxatree.tbn.org.tw/taxa/4204f22a-6f4b-4207-b835-2bea93b367c9
c287e90a-93ed-48e7-ab24-211c06f523e2,genus,f50526d4-bf8e-40e0-94d6-e4c3ae398e4a,Nyctalemon,Animalia,Insecta,https://vvtaxatree.tbn.org.tw/taxa/c287e90a-93ed-48e7-ab24-211c06f523e2
85f869cd-ca89-4772-9f62-5f5698339938,genus,f0e31181-946b-49c3-9a2e-be6b87d26a58,Nyctibatrachus,Animalia,Amphibia,https://vvtaxatree.tbn.org.tw/taxa/85f869cd-ca89-4772-9f62-5f5698339938
ad0be412-a7da-430e-aab5-c530d6ef9880,genus,0f0f2713-3ddb-4161-8357-aa5c7dc330ff,Nyctophus,Animalia,Actinopteri,https://vvtaxatree.tbn.org.tw/taxa/ad0be412-a7da-430e-aab5-c530d6ef9880
a1cb6ef4-d3af-40f1-a810-3a4429868928,genus,e2ddf8e5-2d1f-4b8d-8878-04aac3cfbee0,Nymphula,Animalia,Insecta,https://vvtaxatree.tbn.org.tw/taxa/a1cb6ef4-d3af-40f1-a810-3a4429868928
835ba341-1db8-4a54-90ef-13ec90baf6d1,genus,8869f7eb-5e7e-4aba-87c0-df7af433de80,Nyphona,Animalia,Insecta,https://vvtaxatree.tbn.org.tw/taxa/835ba341-1db8-4a54-90ef-13ec90baf6d1
62535dee-a4f1-45c7-9ea1-3e418d79f96c,genus,92504495-67e8-42e8-bb76-26cd5b0826f2,Obana,Animalia,Insecta,https://vvtaxatree.tbn.org.tw/taxa/62535dee-a4f1-45c7-9ea1-3e418d79f96c
879739a0-1528-47fe-a6dc-03d02935bb78,genus,f1b3fb3e-7241-4db8-82ba-eb47c663330e,Ochrognesia,Animalia,Insecta,https://vvtaxatree.tbn.org.tw/taxa/879739a0-1528-47fe-a6dc-03d02935bb78
88957829-6a10-4fd0-999c-61fc4c1b51a8,genus,9645543f-0f9d-4f94-aa6c-d97e5f73acb8,Ochromyia,Animalia,Insecta,https://vvtaxatree.tbn.org.tw/taxa/88957829-6a10-4fd0-999c-61fc4c1b51a8
abfb780e-c6d8-4830-8ea8-308acec220af,genus,ab2dc09f-1c86-43e6-b8fa-22cfbe322a9a,Ochthopetina,Animalia,Insecta,https://vvtaxatree.tbn.org.tw/taxa/abfb780e-c6d8-4830-8ea8-308acec220af
0f0782da-15ea-4e75-95d9-48bb3cfb35da,genus,cc26df49-b4ce-4d67-b4f6-eddba857fbd0,Ocinara,Animalia,Insecta,https://vvtaxatree.tbn.org.tw/taxa/0f0782da-15ea-4e75-95d9-48bb3cfb35da
ad99b981-3fcc-4452-bbf1-39bc76aea106,genus,9dc21538-68da-4c7d-93a3-be127ff02b73,Ocyptera,Animalia,Insecta,https://vvtaxatree.tbn.org.tw/taxa/ad99b981-3fcc-4452-bbf1-39bc76aea106
f4a72a24-32bc-4ab0-90b5-c4b293484425,genus,0398f7a8-f589-4399-a581-2f4ea995f3b6,Odax,Animalia,Actinopteri,https://vvtaxatree.tbn.org.tw/taxa/f4a72a24-32bc-4ab0-90b5-c4b293484425
8cb63b7c-463a-4852-92d7-8652565786db,genus,f1b3fb3e-7241-4db8-82ba-eb47c663330e,Odontoptera,Animalia,Insecta,https://vvtaxatree.tbn.org.tw/taxa/8cb63b7c-463a-4852-92d7-8652565786db
29160e3c-92b3-4cc6-8bd8-f6bbd81949cc,genus,56fd88ea-a65e-45c2-995c-f5a6a0a383f5,Odostomia,Animalia,Gastropoda,https://vvtaxatree.tbn.org.tw/taxa/29160e3c-92b3-4cc6-8bd8-f6bbd81949cc
119fc466-8679-498a-bcec-f546bafdf211,genus,9f7c82b4-ccca-4055-9691-39f24a2ec0f5,Oecophora,Animalia,Insecta,https://vvtaxatree.tbn.org.tw/taxa/119fc466-8679-498a-bcec-f546bafdf211
822e828c-b969-4e2b-a19c-6ccc3562008e,genus,2c0575f6-ddc4-4226-8edc-daab12425843,Oedothorax,Animalia,Arachnida,https://vvtaxatree.tbn.org.tw/taxa/822e828c-b969-4e2b-a19c-6ccc3562008e
fae25cd3-5d5a-4f4e-9034-0db89f5ed099,genus,63e7e423-5ec0-4e95-af80-f47f87a6096f,Oeneis,Animalia,Insecta,https://vvtaxatree.tbn.org.tw/taxa/fae25cd3-5d5a-4f4e-9034-0db89f5ed099
ad902a6d-dc18-4f1b-af4e-4d584fb37011,genus,40ac7762-c015-4bc6-a745-d15e5cd24cb8,Oeona,Animalia,Insecta,https://vvtaxatree.tbn.org.tw/taxa/ad902a6d-dc18-4f1b-af4e-4d584fb37011
bb0e0c39-d4dd-4102-8b3d-9553b9da76f5,genus,1a94b308-faed-4513-b8c2-166bda17c46d,Oestrelata,Animalia,Aves,https://vvtaxatree.tbn.org.tw/taxa/bb0e0c39-d4dd-4102-8b3d-9553b9da76f5
c9fa1203-1d67-4b48-9727-2afb2aa5b0a7,genus,2c77758f-33e0-4719-bcc9-e9a5c8fc5994,Ogyris,Animalia,Malacostraca,https://vvtaxatree.tbn.org.tw/taxa/c9fa1203-1d67-4b48-9727-2afb2aa5b0a7
c1462bdf-f5ba-40c6-a287-d7257345fec2,genus,bb7994d0-3dc1-4d16-ad33-7b5c0318cf54,Ohola,Animalia,Gastropoda,https://vvtaxatree.tbn.org.tw/taxa/c1462bdf-f5ba-40c6-a287-d7257345fec2
cb97dea4-72f0-46b0-a1c9-af7c0c8f9d1d,genus,007f911a-2332-44ad-a2ad-5af07c3e0437,Olbothrepta,Animalia,Insecta,https://vvtaxatree.tbn.org.tw/taxa/cb97dea4-72f0-46b0-a1c9-af7c0c8f9d1d
7f0a72db-29ac-4d1b-a6b7-860aa3152aa4,genus,97ef24cb-ed89-4772-976a-707b941dc6c4,Olfersia,Animalia,Insecta,https://vvtaxatree.tbn.org.tw/taxa/7f0a72db-29ac-4d1b-a6b7-860aa3152aa4
0a0b3b4c-0f65-41fe-bbad-a327d32bd835,genus,88fbe7fd-8168-4db0-af46-7d2daf82e09a,Oligoaeschna,Animalia,Insecta,https://vvtaxatree.tbn.org.tw/taxa/0a0b3b4c-0f65-41fe-bbad-a327d32bd835
41905337-ba6d-486c-a2ea-2b8ae3b37d7c,genus,f1b3fb3e-7241-4db8-82ba-eb47c663330e,Oligoclystia,Animalia,Insecta,https://vvtaxatree.tbn.org.tw/taxa/41905337-ba6d-486c-a2ea-2b8ae3b37d7c
a5445b1d-b328-4193-9638-a3f359c24f04,genus,b96cee5b-0839-4e24-adb2-67de6dda8209,Oligomyrmex,Animalia,Insecta,https://vvtaxatree.tbn.org.tw/taxa/a5445b1d-b328-4193-9638-a3f359c24f04
417cacf8-6e7d-4898-b164-c7613b0a0bae,genus,e2ddf8e5-2d1f-4b8d-8878-04aac3cfbee0,Oligostigma,Animalia,Insecta,https://vvtaxatree.tbn.org.tw/taxa/417cacf8-6e7d-4898-b164-c7613b0a0bae
203dd705-d668-4099-8848-57ac8cec6b2e,genus,0f2c9a4f-e96d-4fa0-a3b0-03a19e671a75,Olistus,Animalia,Actinopteri,https://vvtaxatree.tbn.org.tw/taxa/203dd705-d668-4099-8848-57ac8cec6b2e
4dc896f3-855a-4799-989e-4d0da64d7aa9,genus,8c9d6dc8-2a3d-4ff7-b0e0-81a315f1d5fe,Ommatinus,Animalia,Insecta,https://vvtaxatree.tbn.org.tw/taxa/4dc896f3-855a-4799-989e-4d0da64d7aa9
77c2080a-b989-4010-bd18-814c658f4ea3,genus,5af9d6e7-3ff9-4171-beda-55b1cc991a69,Omosita,Animalia,Arachnida,https://vvtaxatree.tbn.org.tw/taxa/77c2080a-b989-4010-bd18-814c658f4ea3
976bd377-bfc8-419c-b0a7-649f7e7804db,genus,ba5d0507-de23-4d7e-afa0-80f9ff2ba068,Onebala,Animalia,Insecta,https://vvtaxatree.tbn.org.tw/taxa/976bd377-bfc8-419c-b0a7-649f7e7804db
682d6844-8168-484c-aa89-980639b1bd79,genus,6eb8a881-7dfa-42e2-9d98-30a4dd0f78c4,Oniscia,Animalia,Gastropoda,https://vvtaxatree.tbn.org.tw/taxa/682d6844-8168-484c-aa89-980639b1bd79
fa11f2bb-901c-4e0d-8360-03f6b0cba426,genus,71749a53-0406-447d-a8ad-2b468e8902d6,Oogeton,Animalia,Insecta,https://vvtaxatree.tbn.org.tw/taxa/fa11f2bb-901c-4e0d-8360-03f6b0cba426
bb9bb2f4-5838-4140-b241-87db949141c9,genus,80f61cc6-84d7-42d3-8e89-862cf9e84a69,Oonops,Animalia,Arachnida,https://vvtaxatree.tbn.org.tw/taxa/bb9bb2f4-5838-4140-b241-87db949141c9
50797947-cddc-4a08-aa9a-a5acb6ef7f80,genus,4aadf547-9b60-42c6-9604-aa5abe7fa2bc,Ophicephalus,Animalia,Actinopteri,https://vvtaxatree.tbn.org.tw/taxa/50797947-cddc-4a08-aa9a-a5acb6ef7f80
da5e6566-1d2e-4677-9a4c-ba676ce23c5f,genus,975b6843-473c-42e9-8646-24b96daada45,Ophichtchys,Animalia,Actinopteri,https://vvtaxatree.tbn.org.tw/taxa/da5e6566-1d2e-4677-9a4c-ba676ce23c5f
783d46cb-c4e3-40d2-8078-2af29a55b52b,genus,975b6843-473c-42e9-8646-24b96daada45,Ophichthys,Animalia,Actinopteri,https://vvtaxatree.tbn.org.tw/taxa/783d46cb-c4e3-40d2-8078-2af29a55b52b
613e999a-b538-4b17-8935-939c323d6ebc,genus,975b6843-473c-42e9-8646-24b96daada45,Ophichtys,Animalia,Actinopteri,https://vvtaxatree.tbn.org.tw/taxa/613e999a-b538-4b17-8935-939c323d6ebc
7acbae4c-e535-4003-a475-08b35d385d6d,genus,92504495-67e8-42e8-bb76-26cd5b0826f2,Ophideres,Animalia,Insecta,https://vvtaxatree.tbn.org.tw/taxa/7acbae4c-e535-4003-a475-08b35d385d6d
53af0567-0e2d-4746-8d5c-fa460fd1f442,genus,ed2f46b6-3df8-485b-b98f-b84f6cacaabf,Ophidium,Animalia,Actinopteri,https://vvtaxatree.tbn.org.tw/taxa/53af0567-0e2d-4746-8d5c-fa460fd1f442
e7247432-15ee-46a5-ae83-6d621170d08d,genus,4aadf547-9b60-42c6-9604-aa5abe7fa2bc,Ophiocephalus,Animalia,Actinopteri,https://vvtaxatree.tbn.org.tw/taxa/e7247432-15ee-46a5-ae83-6d621170d08d
707c50c0-c7c0-4388-af56-932fbd40c905,genus,4a1fa216-ee8b-4b0b-95f7-7d71edb10316,Ophionyx,Animalia,Ophiuroidea,https://vvtaxatree.tbn.org.tw/taxa/707c50c0-c7c0-4388-af56-932fbd40c905
fd67dad0-102a-4b23-80b7-4665cbd2718b,genus,dd55b114-20b2-4032-9e24-562d9d100d08,Ophisaurus,Animalia,Reptilia,https://vvtaxatree.tbn.org.tw/taxa/fd67dad0-102a-4b23-80b7-4665cbd2718b
f5bec90a-2042-4a36-b68f-03c381138cd9,genus,416618c5-225f-4b04-86a0-491ae79bdb86,Opsipseudochromis,Animalia,Actinopteri,https://vvtaxatree.tbn.org.tw/taxa/f5bec90a-2042-4a36-b68f-03c381138cd9
44bd33d6-db95-437e-add1-97a009d8b271,genus,9dc21538-68da-4c7d-93a3-be127ff02b73,Opsocyptera,Animalia,Insecta,https://vvtaxatree.tbn.org.tw/taxa/44bd33d6-db95-437e-add1-97a009d8b271
a9f1b510-f293-4c63-9779-90bd9e51589e,genus,3f25cff9-8e21-4770-a517-bf0f9b187497,Orcynus,Animalia,Actinopteri,https://vvtaxatree.tbn.org.tw/taxa/a9f1b510-f293-4c63-9779-90bd9e51589e
f052f780-b336-4001-880a-b3c01d2841db,genus,24c32a3f-934c-421e-afc9-6afe8f54929f,Oregma,Animalia,Insecta,https://vvtaxatree.tbn.org.tw/taxa/f052f780-b336-4001-880a-b3c01d2841db
e7f0907a-6594-4eb3-be76-71815d71466b,genus,eb98b257-5dd4-4f5d-bd2f-34595a8dfed1,Oreoperdix,Animalia,Aves,https://vvtaxatree.tbn.org.tw/taxa/e7f0907a-6594-4eb3-be76-71815d71466b
5307c0cc-252a-4e8d-9c60-75d1ce3639c4,genus,41eeb265-8072-4a8c-bae6-f1a64eee3c4f,Orithya,Animalia,Arachnida,https://vvtaxatree.tbn.org.tw/taxa/5307c0cc-252a-4e8d-9c60-75d1ce3639c4
3b12f3ae-7144-4d76-8c91-037639b99b45,genus,90ab3438-5b02-4145-92fa-ffe62912e0bc,Ormocerus,Animalia,Insecta,https://vvtaxatree.tbn.org.tw/taxa/3b12f3ae-7144-4d76-8c91-037639b99b45
8b2aa8f5-3efe-46cc-9d01-99dcda724deb,genus,52221ce3-ee0e-4b34-92fb-b009968c706f,Orophorhynchus,Animalia,Malacostraca,https://vvtaxatree.tbn.org.tw/taxa/8b2aa8f5-3efe-46cc-9d01-99dcda724deb
c7438f04-8c1d-431e-ac2d-cc196d261a9c,genus,f1b3fb3e-7241-4db8-82ba-eb47c663330e,Orsonoba,Animalia,Insecta,https://vvtaxatree.tbn.org.tw/taxa/c7438f04-8c1d-431e-ac2d-cc196d261a9c
62759de9-d292-4619-a215-88f52aad4645,genus,bfc55fae-7da9-442c-8638-602b6904120e,Ortalis,Animalia,Insecta,https://vvtaxatree.tbn.org.tw/taxa/62759de9-d292-4619-a215-88f52aad4645
5016dafd-5a14-4228-a7da-09a1c6c13b6c,genus,1ec247e3-4a2f-4beb-bde8-a39658fad62a,Orthagoriscus,Animalia,Actinopteri,https://vvtaxatree.tbn.org.tw/taxa/5016dafd-5a14-4228-a7da-09a1c6c13b6c
567c955b-47f1-48fe-a3ab-477fe1cdf8ed,genus,f1b3fb3e-7241-4db8-82ba-eb47c663330e,Ortholitha,Animalia,Insecta,https://vvtaxatree.tbn.org.tw/taxa/567c955b-47f1-48fe-a3ab-477fe1cdf8ed
728ea7fe-1d15-4909-b19d-92128d423f28,genus,1ec247e3-4a2f-4beb-bde8-a39658fad62a,Orthragoriscus,Animalia,Actinopteri,https://vvtaxatree.tbn.org.tw/taxa/728ea7fe-1d15-4909-b19d-92128d423f28
e6f19964-df2d-4ca6-826e-2aa57803ac91,genus,ec072ca7-687e-4116-86f3-85159d2db616,Osmerus,Animalia,Actinopteri,https://vvtaxatree.tbn.org.tw/taxa/e6f19964-df2d-4ca6-826e-2aa57803ac91
64379ced-1589-4ff4-a2d9-7af33b87b392,genus,92504495-67e8-42e8-bb76-26cd5b0826f2,Othreis,Animalia,Insecta,https://vvtaxatree.tbn.org.tw/taxa/64379ced-1589-4ff4-a2d9-7af33b87b392
42f0e2ad-fab0-4459-aff2-0ec8834964f8,genus,5bf85e38-066e-42cc-98ca-85124211d8c8,Otocryptops,Animalia,Chilopoda,https://vvtaxatree.tbn.org.tw/taxa/42f0e2ad-fab0-4459-aff2-0ec8834964f8
4f9182ab-12cd-442d-b6bb-7ab05cec1297,genus,cc90c95b-43d1-42fe-90a2-04749cc533aa,Otolithus,Animalia,Actinopteri,https://vvtaxatree.tbn.org.tw/taxa/4f9182ab-12cd-442d-b6bb-7ab05cec1297
2eef09d4-85dd-467a-a520-02736a61ab2c,genus,9e0d15ec-1d6b-46ef-912e-e273f350cbd5,Ovulum,Animalia,Gastropoda,https://vvtaxatree.tbn.org.tw/taxa/2eef09d4-85dd-467a-a520-02736a61ab2c
97625cbf-47fc-400a-9e94-876f85428de9,genus,78591ce4-ee4d-4ae1-966f-337237bdcb6e,Oxybeles,Animalia,Actinopteri,https://vvtaxatree.tbn.org.tw/taxa/97625cbf-47fc-400a-9e94-876f85428de9
98e3f512-2df3-4e0a-a101-95dc5350b83c,genus,a52e4f4c-d243-480c-97a6-5f2b47de0b39,Oxycirrhitus,Animalia,Actinopteri,https://vvtaxatree.tbn.org.tw/taxa/98e3f512-2df3-4e0a-a101-95dc5350b83c
cfeecb3c-e88c-45e9-97c3-3fe05c39fbbc,genus,50583e36-4bb6-46ee-a6a6-ab5b65fbcf10,Oxygrapha,Animalia,Insecta,https://vvtaxatree.tbn.org.tw/taxa/cfeecb3c-e88c-45e9-97c3-3fe05c39fbbc
1ae9caee-9086-49b3-99b3-1521e1a71cfc,genus,9762194e-4070-4bf4-96be-cdffcbb071b9,Oxyna,Animalia,Insecta,https://vvtaxatree.tbn.org.tw/taxa/1ae9caee-9086-49b3-99b3-1521e1a71cfc
6f83ed74-a993-4375-b0c7-f0fa4ea3cff0,genus,13ef7013-3d34-47a3-a024-3fa355fc2408,Oxyptila,Animalia,Arachnida,https://vvtaxatree.tbn.org.tw/taxa/6f83ed74-a993-4375-b0c7-f0fa4ea3cff0
a18a53ed-59be-496f-9e6f-a10c136d0bfd,genus,4110e004-2991-4383-809a-27f380c954ef,Oxyrhina,Animalia,Elasmobranchii,https://vvtaxatree.tbn.org.tw/taxa/a18a53ed-59be-496f-9e6f-a10c136d0bfd
c9429287-d08a-4746-b53f-4e343bbac187,genus,401e92f6-c0d4-43d5-9e90-1fc559c1fb53,Pachymetopon,Animalia,Actinopteri,https://vvtaxatree.tbn.org.tw/taxa/c9429287-d08a-4746-b53f-4e343bbac187
2fc7e1d1-ef1d-40f2-ba93-063d9a858cea,genus,359890ad-2d3d-4032-92fb-a205e8c4aaef,Pachynathus,Animalia,Actinopteri,https://vvtaxatree.tbn.org.tw/taxa/2fc7e1d1-ef1d-40f2-ba93-063d9a858cea
528ac64c-9500-41f6-9270-7959e3c85504,genus,c880e26a-a785-4ad5-bfb6-e0d220ab36ea,Pachystomum,Animalia,Malacostraca,https://vvtaxatree.tbn.org.tw/taxa/528ac64c-9500-41f6-9270-7959e3c85504
314a8f0d-074c-4c48-b2ba-8c3ec24de9f2,genus,f1b3fb3e-7241-4db8-82ba-eb47c663330e,Pagrasa,Animalia,Insecta,https://vvtaxatree.tbn.org.tw/taxa/314a8f0d-074c-4c48-b2ba-8c3ec24de9f2
a0d98166-9064-409a-b0d4-fb5acb4f2b22,genus,f1b3fb3e-7241-4db8-82ba-eb47c663330e,Paizoma,Animalia,Insecta,https://vvtaxatree.tbn.org.tw/taxa/a0d98166-9064-409a-b0d4-fb5acb4f2b22
4ddc91e2-c7c7-410f-8dd5-e227086b7980,genus,00ba932c-6b0d-4e1c-bba3-07cbf0f8b47f,Palaeopsis,Animalia,Insecta,https://vvtaxatree.tbn.org.tw/taxa/4ddc91e2-c7c7-410f-8dd5-e227086b7980
17949fb7-7b2d-43b3-b6bb-8c5f0dd6a7b3,genus,8d8da067-078d-4019-b2ce-97e2279a36dd,Paleopneustes,Animalia,Echinoidea,https://vvtaxatree.tbn.org.tw/taxa/17949fb7-7b2d-43b3-b6bb-8c5f0dd6a7b3
13d66136-5b32-44bc-b454-86b0c2df25bb,genus,c1004425-6158-4c63-8442-7aa0516ec02f,Palicus,Animalia,Malacostraca,https://vvtaxatree.tbn.org.tw/taxa/13d66136-5b32-44bc-b454-86b0c2df25bb
523ff64d-cd82-44f0-970a-a175ebb45c45,genus,3d56fdfc-4117-44b7-8a03-48b0741e3efd,Palimpsestes,Animalia,Insecta,https://vvtaxatree.tbn.org.tw/taxa/523ff64d-cd82-44f0-970a-a175ebb45c45
045c0318-1f2d-4544-beb9-5815e110c040,genus,3d56fdfc-4117-44b7-8a03-48b0741e3efd,Palimpsestis,Animalia,Insecta,https://vvtaxatree.tbn.org.tw/taxa/045c0318-1f2d-4544-beb9-5815e110c040
75b1bfb6-973b-47f6-80ef-a6e3a840c697,genus,b0f22c66-081b-46ad-a745-c6772bd81bcd,Pallidogobius,Animalia,Actinopteri,https://vvtaxatree.tbn.org.tw/taxa/75b1bfb6-973b-47f6-80ef-a6e3a840c697
2b81226e-a2b2-4d74-892d-57bd2ebe7314,genus,11139933-8474-492b-bbb6-7b1baa52bdd8,Palystes,Animalia,Arachnida,https://vvtaxatree.tbn.org.tw/taxa/2b81226e-a2b2-4d74-892d-57bd2ebe7314
e9dfb40d-735a-4741-90d6-309ae0895ea4,genus,fa8339c2-187e-4e58-929b-4b1016ce871c,Pamphila,Animalia,Insecta,https://vvtaxatree.tbn.org.tw/taxa/e9dfb40d-735a-4741-90d6-309ae0895ea4
3aaec957-027a-4952-b861-89de9842d3a5,genus,3061a2ae-7c51-4185-99cc-9513e10f8436,Pangonia,Animalia,Insecta,https://vvtaxatree.tbn.org.tw/taxa/3aaec957-027a-4952-b861-89de9842d3a5
de48fb17-dc95-48a5-aba5-56b91b2ecabe,genus,933cbed7-2ba1-48b9-a592-60986354833a,Panopeus,Animalia,Malacostraca,https://vvtaxatree.tbn.org.tw/taxa/de48fb17-dc95-48a5-aba5-56b91b2ecabe
b1b68f4e-a8d5-4104-bff8-b4be571a8634,genus,ebcdbf4d-2fb2-4246-805d-52a45d8b9bae,Paracanthistius,Animalia,Actinopteri,https://vvtaxatree.tbn.org.tw/taxa/b1b68f4e-a8d5-4104-bff8-b4be571a8634
394b3292-1f32-4540-b9d7-df2e57d60343,genus,5b0e91d6-9a83-4206-bdea-045cf7e95e1c,Parachirus,Animalia,Actinopteri,https://vvtaxatree.tbn.org.tw/taxa/394b3292-1f32-4540-b9d7-df2e57d60343
8a2b7f4d-9fec-42df-a843-5fec61f0ddca,genus,7bd6a315-321e-4b7a-aeb2-a7baf8cdec40,Paradentex,Animalia,Actinopteri,https://vvtaxatree.tbn.org.tw/taxa/8a2b7f4d-9fec-42df-a843-5fec61f0ddca
1477cdf7-275f-4865-a434-08750231e876,genus,ea546ec1-175e-4bc2-8561-9a10a06fc9b9,Paradicichthys,Animalia,Actinopteri,https://vvtaxatree.tbn.org.tw/taxa/1477cdf7-275f-4865-a434-08750231e876
d0240539-9577-4231-b5af-958670d6a365,genus,c44fa586-2978-4721-9d36-366ebe66484f,Paradiplogrammus,Animalia,Actinopteri,https://vvtaxatree.tbn.org.tw/taxa/d0240539-9577-4231-b5af-958670d6a365
a6ac38bb-a0e1-4fe3-ae72-d400d91ab089,genus,b88a107c-ccc4-4323-9e8e-56542385db95,Paradoxides,Animalia,Insecta,https://vvtaxatree.tbn.org.tw/taxa/a6ac38bb-a0e1-4fe3-ae72-d400d91ab089
9a9dab76-528f-421c-b92d-b6479ca3b3fc,genus,ddb9016c-7499-4cd9-919e-6b436529c410,Parahydrotaea,Animalia,Insecta,https://vvtaxatree.tbn.org.tw/taxa/9a9dab76-528f-421c-b92d-b6479ca3b3fc
060fb54e-e674-4e8a-af5f-75eced106feb,genus,8324b8ec-d0e9-4d00-a637-b7eef9c9c90f,Paralepis,Animalia,Actinopteri,https://vvtaxatree.tbn.org.tw/taxa/060fb54e-e674-4e8a-af5f-75eced106feb
d6b8b0e1-4086-4a25-a029-c3e378180d1d,genus,00ba932c-6b0d-4e1c-bba3-07cbf0f8b47f,Parallela,Animalia,Insecta,https://vvtaxatree.tbn.org.tw/taxa/d6b8b0e1-4086-4a25-a029-c3e378180d1d
af57e729-8cd2-4785-9ccf-2d16b5d015eb,genus,71148b93-4aa2-48cf-ba0d-84e7e61d7a1f,Parallelodon,Animalia,Bivalvia,https://vvtaxatree.tbn.org.tw/taxa/af57e729-8cd2-4785-9ccf-2d16b5d015eb
e8616bc8-e80d-46ac-86d8-1938b6a66830,genus,9762194e-4070-4bf4-96be-cdffcbb071b9,Paralleloptera,Animalia,Insecta,https://vvtaxatree.tbn.org.tw/taxa/e8616bc8-e80d-46ac-86d8-1938b6a66830
b63f48a0-d14e-4fb5-b0e2-86b01e6d9f6a,genus,f1b3fb3e-7241-4db8-82ba-eb47c663330e,Paralygris,Animalia,Insecta,https://vvtaxatree.tbn.org.tw/taxa/b63f48a0-d14e-4fb5-b0e2-86b01e6d9f6a
8a30a585-2526-4e9c-8c3e-ec581024285f,genus,affb1bb0-4446-495c-af97-6a054861182f,Paramecolabus,Animalia,Insecta,https://vvtaxatree.tbn.org.tw/taxa/8a30a585-2526-4e9c-8c3e-ec581024285f
e80eb91f-a784-4a5f-bef4-d731006e04fc,genus,1f823286-3e82-49de-b9f8-8f921e0cd26d,Paramedaeus,Animalia,Malacostraca,https://vvtaxatree.tbn.org.tw/taxa/e80eb91f-a784-4a5f-bef4-d731006e04fc
7e255384-7751-4f14-8a33-79609976bf33,genus,5307f43c-ecf1-4bab-afbb-9468bf172a54,Paramia,Animalia,Actinopteri,https://vvtaxatree.tbn.org.tw/taxa/7e255384-7751-4f14-8a33-79609976bf33
1c5e115c-f703-45df-bad8-eaa514163b73,genus,ce2e87c7-927e-4f21-a7e6-fa07176693df,Paraminous,Animalia,Actinopteri,https://vvtaxatree.tbn.org.tw/taxa/1c5e115c-f703-45df-bad8-eaa514163b73
6bd2e251-fd30-42fc-9747-3fb2ed148826,genus,07a43c8b-ce8c-4301-a058-6e871c436318,Paramyxine,Animalia,Myxini,https://vvtaxatree.tbn.org.tw/taxa/6bd2e251-fd30-42fc-9747-3fb2ed148826
cedffc3f-1f45-4c4a-9c3b-7c3b3dc8c0af,genus,0f0ae753-c82b-43ee-a961-c6a802a4cb65,Paranthrene,Animalia,Insecta,https://vvtaxatree.tbn.org.tw/taxa/cedffc3f-1f45-4c4a-9c3b-7c3b3dc8c0af
c8725948-1e7c-4f1f-9a69-ea93bd11c544,genus,fb69fa23-168a-4430-ad7c-30e755a756e4,Parapempheris,Animalia,Actinopteri,https://vvtaxatree.tbn.org.tw/taxa/c8725948-1e7c-4f1f-9a69-ea93bd11c544
d9baf27f-b771-4506-9345-afc50928b41b,genus,4174feee-8ec5-48d8-b497-b86726b78be2,Paraproutista,Animalia,Insecta,https://vvtaxatree.tbn.org.tw/taxa/d9baf27f-b771-4506-9345-afc50928b41b
726c98f1-f03b-4e2c-bc89-7a0881db956a,genus,59afc947-cd93-4675-9870-aac473b3493e,Parapterygotrigla,Animalia,Actinopteri,https://vvtaxatree.tbn.org.tw/taxa/726c98f1-f03b-4e2c-bc89-7a0881db956a
e3b89d52-67f2-4aa8-8339-287476e68aea,genus,e232ad34-3228-4a59-942a-fc5d9b82a380,Parasalanx,Animalia,Actinopteri,https://vvtaxatree.tbn.org.tw/taxa/e3b89d52-67f2-4aa8-8339-287476e68aea
942de383-79ce-49b5-a430-b0eeffa5a834,genus,90e2cd58-9d9a-44b4-903b-e121d7fc327b,Parasarama,Animalia,Insecta,https://vvtaxatree.tbn.org.tw/taxa/942de383-79ce-49b5-a430-b0eeffa5a834
c892ea7d-9e1d-4432-838b-ed105697713a,genus,ce2e87c7-927e-4f21-a7e6-fa07176693df,Parascorpaenodes,Animalia,Actinopteri,https://vvtaxatree.tbn.org.tw/taxa/c892ea7d-9e1d-4432-838b-ed105697713a
5c2cf25a-c6a7-4295-b4e9-353f746a1e4d,genus,0f2c9a4f-e96d-4fa0-a3b0-03a19e671a75,Parastromaeus,Animalia,Actinopteri,https://vvtaxatree.tbn.org.tw/taxa/5c2cf25a-c6a7-4295-b4e9-353f746a1e4d
50ab0eb5-ae6e-4f8a-8a57-457383c4502a,genus,f1b3fb3e-7241-4db8-82ba-eb47c663330e,Parasynegia,Animalia,Insecta,https://vvtaxatree.tbn.org.tw/taxa/50ab0eb5-ae6e-4f8a-8a57-457383c4502a
682abfec-e8ad-4265-b4fa-aa87bfe95171,genus,a008ff98-4b23-468a-9d3f-1f8db111f9f1,Parasyngnathus,Animalia,Actinopteri,https://vvtaxatree.tbn.org.tw/taxa/682abfec-e8ad-4265-b4fa-aa87bfe95171
0866b21d-0314-4db9-abc9-8e213508264b,genus,8a3466fb-6071-4244-ba3c-38ec4f76b1fa,Parathelphusa,Animalia,Malacostraca,https://vvtaxatree.tbn.org.tw/taxa/0866b21d-0314-4db9-abc9-8e213508264b
30474a8d-b737-4afa-a197-d62eb88fc398,genus,9645543f-0f9d-4f94-aa6c-d97e5f73acb8,Paratricyclea,Animalia,Insecta,https://vvtaxatree.tbn.org.tw/taxa/30474a8d-b737-4afa-a197-d62eb88fc398
a0a089ea-0f38-46b4-a7be-a6fa2056cb87,genus,90e2cd58-9d9a-44b4-903b-e121d7fc327b,Paravetta,Animalia,Insecta,https://vvtaxatree.tbn.org.tw/taxa/a0a089ea-0f38-46b4-a7be-a6fa2056cb87
cb62bdb0-f922-409b-80a0-0cfa8d87afec,genus,bb3d879b-80a0-4777-819d-9e5608512428,Parcoblatta,Animalia,Insecta,https://vvtaxatree.tbn.org.tw/taxa/cb62bdb0-f922-409b-80a0-0cfa8d87afec
ab97ef71-e68a-4bbe-b232-3213c0583c85,genus,9dc21538-68da-4c7d-93a3-be127ff02b73,Parexorista,Animalia,Insecta,https://vvtaxatree.tbn.org.tw/taxa/ab97ef71-e68a-4bbe-b232-3213c0583c85
c346aaa7-24b6-4220-8b0b-1c8ca1542573,genus,63e7e423-5ec0-4e95-af80-f47f87a6096f,Parhestina,Animalia,Insecta,https://vvtaxatree.tbn.org.tw/taxa/c346aaa7-24b6-4220-8b0b-1c8ca1542573
5138332c-708e-4494-be01-762b05e653b1,genus,07d8ca46-6edd-4d5e-9682-cd10a0f3353d,Parmophorus,Animalia,Gastropoda,https://vvtaxatree.tbn.org.tw/taxa/5138332c-708e-4494-be01-762b05e653b1
77606a71-ac48-4b15-820b-1660c649ec83,genus,fd04afcb-d7cd-436f-8987-7a598b35b69a,Paroneirodes,Animalia,Actinopteri,https://vvtaxatree.tbn.org.tw/taxa/77606a71-ac48-4b15-820b-1660c649ec83
c50d3886-3f71-4676-861f-a574f7aff99d,genus,51658d7c-9356-49ad-8f6c-b02b2c0f4f67,Parthenia,Animalia,Arachnida,https://vvtaxatree.tbn.org.tw/taxa/c50d3886-3f71-4676-861f-a574f7aff99d
80a74b51-e115-4737-bac8-9292fcedb21e,genus,b0f22c66-081b-46ad-a745-c6772bd81bcd,Parvigobius,Animalia,Actinopteri,https://vvtaxatree.tbn.org.tw/taxa/80a74b51-e115-4737-bac8-9292fcedb21e
f2bf8420-0aa9-467a-8b88-507b89d80fe0,genus,00ba932c-6b0d-4e1c-bba3-07cbf0f8b47f,Pasira,Animalia,Insecta,https://vvtaxatree.tbn.org.tw/taxa/f2bf8420-0aa9-467a-8b88-507b89d80fe0
49839766-8ae6-4865-9a71-02ca482d075e,genus,d7bbd5f9-dd9c-4c96-ba2a-4367fbb701bc,Pathalia,Animalia,Insecta,https://vvtaxatree.tbn.org.tw/taxa/49839766-8ae6-4865-9a71-02ca482d075e
74aa9108-db72-45eb-b346-f256f0dc2c1d,genus,90e2cd58-9d9a-44b4-903b-e121d7fc327b,Patna,Animalia,Insecta,https://vvtaxatree.tbn.org.tw/taxa/74aa9108-db72-45eb-b346-f256f0dc2c1d
3e194d8c-8c15-415a-87ba-01c3a419a218,genus,0329f21c-a2ba-4147-9488-36f160743ff4,Pectinura,Animalia,Ophiuroidea,https://vvtaxatree.tbn.org.tw/taxa/3e194d8c-8c15-415a-87ba-01c3a419a218
c60016bd-c272-4b79-8968-5b0b2117c674,genus,f033d7b3-e045-48bd-bccd-198922a58667,Pectunculus,Animalia,Bivalvia,https://vvtaxatree.tbn.org.tw/taxa/c60016bd-c272-4b79-8968-5b0b2117c674
70608999-48c5-42bd-a4a2-13306aaad3e1,genus,24a0718c-9982-40c2-a1e6-130001415071,Pegasis,Animalia,Actinopteri,https://vvtaxatree.tbn.org.tw/taxa/70608999-48c5-42bd-a4a2-13306aaad3e1
1a3a8f7f-3f66-4ea1-9ffa-85dde31e73a7,genus,8c6e7384-7df6-4632-92ae-d01241027723,Pegomyia,Animalia,Insecta,https://vvtaxatree.tbn.org.tw/taxa/1a3a8f7f-3f66-4ea1-9ffa-85dde31e73a7
7c23545f-d47b-4141-81c2-7fff1a6d2f03,genus,3f25cff9-8e21-4770-a517-bf0f9b187497,Pelamys,Animalia,Actinopteri,https://vvtaxatree.tbn.org.tw/taxa/7c23545f-d47b-4141-81c2-7fff1a6d2f03
022e0f36-b5db-4553-a700-3b1dffe14280,genus,960650c0-11f2-4ce2-aceb-a0a5a6f6ca76,Pelocarcinus,Animalia,Malacostraca,https://vvtaxatree.tbn.org.tw/taxa/022e0f36-b5db-4553-a700-3b1dffe14280
fef06a5d-7020-4c2d-b3bc-fcdcf3013f73,genus,ce2e87c7-927e-4f21-a7e6-fa07176693df,Pelor,Animalia,Actinopteri,https://vvtaxatree.tbn.org.tw/taxa/fef06a5d-7020-4c2d-b3bc-fcdcf3013f73
356e385c-87dc-4e05-b2a5-99be723ee33e,genus,ce2e87c7-927e-4f21-a7e6-fa07176693df,Peloropsis,Animalia,Actinopteri,https://vvtaxatree.tbn.org.tw/taxa/356e385c-87dc-4e05-b2a5-99be723ee33e
63be19cc-937c-4e58-8a6f-ef9d7d5680f6,genus,897a7505-c76d-4437-b99b-8103292efd38,Pentanchus,Animalia,Elasmobranchii,https://vvtaxatree.tbn.org.tw/taxa/63be19cc-937c-4e58-8a6f-ef9d7d5680f6
a10c21c0-1c1e-4132-b735-f1c0d6b4d4d8,genus,7bd6a315-321e-4b7a-aeb2-a7baf8cdec40,Pentapus,Animalia,Actinopteri,https://vvtaxatree.tbn.org.tw/taxa/a10c21c0-1c1e-4132-b735-f1c0d6b4d4d8
85ea6bcd-cf03-4a06-a196-6b2795857ffb,genus,f1b3fb3e-7241-4db8-82ba-eb47c663330e,Pericallia,Animalia,Insecta,https://vvtaxatree.tbn.org.tw/taxa/85ea6bcd-cf03-4a06-a196-6b2795857ffb
70321fbc-606e-4a2b-80bf-9e329857bc7b,genus,0a1cf551-5f7a-4317-a887-8d77330d3ecc,Pericerya,Animalia,Insecta,https://vvtaxatree.tbn.org.tw/taxa/70321fbc-606e-4a2b-80bf-9e329857bc7b
fd1bef8d-bacc-421f-8a73-3b3434dcdf90,genus,834af5c5-b52b-4dfd-b66d-7239245062b1,Perigonia,Animalia,Insecta,https://vvtaxatree.tbn.org.tw/taxa/fd1bef8d-bacc-421f-8a73-3b3434dcdf90
82078294-91df-4a1c-8869-9dc311745a2e,genus,9dc21538-68da-4c7d-93a3-be127ff02b73,Perilophosia,Animalia,Insecta,https://vvtaxatree.tbn.org.tw/taxa/82078294-91df-4a1c-8869-9dc311745a2e
b5e0f246-61d8-4ff8-8b0d-8cead5c1c37d,genus,b0f22c66-081b-46ad-a745-c6772bd81bcd,Periopthalmus,Animalia,Actinopteri,https://vvtaxatree.tbn.org.tw/taxa/b5e0f246-61d8-4ff8-8b0d-8cead5c1c37d
7d55b372-53d6-4b07-9557-a22c1fa2ecd2,genus,c091f04a-174a-4237-b3a6-041b11bd4a96,Peristethidion,Animalia,Actinopteri,https://vvtaxatree.tbn.org.tw/taxa/7d55b372-53d6-4b07-9557-a22c1fa2ecd2
21e582e8-80c0-47da-be87-ab0f181479f9,genus,59afc947-cd93-4675-9870-aac473b3493e,Peristethus,Animalia,Actinopteri,https://vvtaxatree.tbn.org.tw/taxa/21e582e8-80c0-47da-be87-ab0f181479f9
8c74a0b5-1825-46b8-8ff4-7a1c10a386d6,genus,f1b3fb3e-7241-4db8-82ba-eb47c663330e,Perixena,Animalia,Insecta,https://vvtaxatree.tbn.org.tw/taxa/8c74a0b5-1825-46b8-8ff4-7a1c10a386d6
626f3f6a-43e3-4576-8e56-425b72db2354,genus,6eace83a-f900-4155-a3fc-c3f528069229,Pescadorichthys,Animalia,Actinopteri,https://vvtaxatree.tbn.org.tw/taxa/626f3f6a-43e3-4576-8e56-425b72db2354
fb6e4d9f-8231-4c07-9d5a-f63520252559,genus,f1b3fb3e-7241-4db8-82ba-eb47c663330e,Petelia,Animalia,Insecta,https://vvtaxatree.tbn.org.tw/taxa/fb6e4d9f-8231-4c07-9d5a-f63520252559
1a16baf2-3334-41d7-a242-705e66d7519f,genus,529d3720-f17b-4f15-9b36-1a46279c47e0,Petrocincla,Animalia,Aves,https://vvtaxatree.tbn.org.tw/taxa/1a16baf2-3334-41d7-a242-705e66d7519f
451fe3f1-30f1-4933-a497-e12a8c8a918d,genus,6eace83a-f900-4155-a3fc-c3f528069229,Petrocirtes,Animalia,Actinopteri,https://vvtaxatree.tbn.org.tw/taxa/451fe3f1-30f1-4933-a497-e12a8c8a918d
7d84d4fa-dcdb-4a11-9b5f-21c2af0d7faa,genus,6eace83a-f900-4155-a3fc-c3f528069229,Petroskirtes,Animalia,Actinopteri,https://vvtaxatree.tbn.org.tw/taxa/7d84d4fa-dcdb-4a11-9b5f-21c2af0d7faa
8cb2bdd2-705d-420b-b064-002c4d550e18,genus,308a4096-5003-40bf-8f51-85a18e57bdb1,Phacusa,Animalia,Insecta,https://vvtaxatree.tbn.org.tw/taxa/8cb2bdd2-705d-420b-b064-002c4d550e18
bf715fbe-717e-42e9-a8bb-4b77e91db1e8,genus,b2b94077-05e4-42fc-a65e-caa667f55811,Phaelana,Animalia,Insecta,https://vvtaxatree.tbn.org.tw/taxa/bf715fbe-717e-42e9-a8bb-4b77e91db1e8
8e4d51b2-3148-4e73-90bc-5d75082db15b,genus,9645543f-0f9d-4f94-aa6c-d97e5f73acb8,Phaenicia,Animalia,Insecta,https://vvtaxatree.tbn.org.tw/taxa/8e4d51b2-3148-4e73-90bc-5d75082db15b
39b68344-088d-48de-8dbc-a237e70fa5b2,genus,1bb85da5-9344-48d3-a117-51b3c5d0f313,Phaeton,Animalia,Aves,https://vvtaxatree.tbn.org.tw/taxa/39b68344-088d-48de-8dbc-a237e70fa5b2
5a6d4c29-dbff-4140-b3da-10304406be0d,genus,9762194e-4070-4bf4-96be-cdffcbb071b9,Phagocarpus,Animalia,Insecta,https://vvtaxatree.tbn.org.tw/taxa/5a6d4c29-dbff-4140-b3da-10304406be0d
f326048c-a17f-4902-bb4c-b4c408f75bf4,genus,e2ddf8e5-2d1f-4b8d-8878-04aac3cfbee0,Phakellura,Animalia,Insecta,https://vvtaxatree.tbn.org.tw/taxa/f326048c-a17f-4902-bb4c-b4c408f75bf4
668e13aa-bcb4-4ba1-96a4-05e9572ab34a,genus,50583e36-4bb6-46ee-a6a6-ab5b65fbcf10,Phalena,Animalia,Insecta,https://vvtaxatree.tbn.org.tw/taxa/668e13aa-bcb4-4ba1-96a4-05e9572ab34a
5e543f13-bcfc-4d2c-a028-013064115c6e,genus,5f91a112-50cd-4ab9-aa73-f3fbeb28a909,Phanaeus,Animalia,Insecta,https://vvtaxatree.tbn.org.tw/taxa/5e543f13-bcfc-4d2c-a028-013064115c6e
9537ee9f-036a-4910-9bd6-bf0510e2d3ae,genus,f09de0dd-94b4-4a6e-979a-eeea5de3a4aa,Pharoscvmnus,Animalia,Insecta,https://vvtaxatree.tbn.org.tw/taxa/9537ee9f-036a-4910-9bd6-bf0510e2d3ae
53b68013-8aa8-4849-842e-86c981675b55,genus,9dc21538-68da-4c7d-93a3-be127ff02b73,Phasiodexia,Animalia,Insecta,https://vvtaxatree.tbn.org.tw/taxa/53b68013-8aa8-4849-842e-86c981675b55
2e1e9df4-e492-4803-90bd-004af7f06862,genus,33d34e43-c3ab-4e76-a0ca-fd903b524b02,Phasma,Animalia,Insecta,https://vvtaxatree.tbn.org.tw/taxa/2e1e9df4-e492-4803-90bd-004af7f06862
7c16aca4-077f-4b31-b4d6-cee4ebe79468,genus,f1b3fb3e-7241-4db8-82ba-eb47c663330e,Phibalapteryx,Animalia,Insecta,https://vvtaxatree.tbn.org.tw/taxa/7c16aca4-077f-4b31-b4d6-cee4ebe79468
09fc607a-37ea-4016-8226-e806d355646a,genus,51658d7c-9356-49ad-8f6c-b02b2c0f4f67,Philaeus,Animalia,Arachnida,https://vvtaxatree.tbn.org.tw/taxa/09fc607a-37ea-4016-8226-e806d355646a
c766031a-4d32-4687-a59f-83d916b1a141,genus,51658d7c-9356-49ad-8f6c-b02b2c0f4f67,Philia,Animalia,Arachnida,https://vvtaxatree.tbn.org.tw/taxa/c766031a-4d32-4687-a59f-83d916b1a141
b2d23309-a370-4595-bd3b-65873ab052f6,genus,e1deb484-7b1c-4211-8eb8-51e8a97e11b4,Philippia,Animalia,Gastropoda,https://vvtaxatree.tbn.org.tw/taxa/b2d23309-a370-4595-bd3b-65873ab052f6
1a3ef3d6-b9e8-480e-9d88-ff961ef598d4,genus,34a1b4d8-3c4d-4390-b386-97b5f1def9ea,Philonicus,Animalia,Malacostraca,https://vvtaxatree.tbn.org.tw/taxa/1a3ef3d6-b9e8-480e-9d88-ff961ef598d4
b57c4c21-6a2c-4ecd-8bcf-7a278a5de190,genus,7819ee14-6150-4433-a1f3-4ca227d51aa6,Philothermus,Animalia,Insecta,https://vvtaxatree.tbn.org.tw/taxa/b57c4c21-6a2c-4ecd-8bcf-7a278a5de190
8319e676-1045-4a28-8475-c9a7b610bb72,genus,e2ddf8e5-2d1f-4b8d-8878-04aac3cfbee0,Phlyctaenodes,Animalia,Insecta,https://vvtaxatree.tbn.org.tw/taxa/8319e676-1045-4a28-8475-c9a7b610bb72
850ea383-5710-4308-8c17-1878fc6ac29a,genus,f1b3fb3e-7241-4db8-82ba-eb47c663330e,Phodoresma,Animalia,Insecta,https://vvtaxatree.tbn.org.tw/taxa/850ea383-5710-4308-8c17-1878fc6ac29a
bf5c902e-b36d-49d4-95f7-20759192bec7,genus,529d3720-f17b-4f15-9b36-1a46279c47e0,Phoenicura,Animalia,Aves,https://vvtaxatree.tbn.org.tw/taxa/bf5c902e-b36d-49d4-95f7-20759192bec7
c63905fe-c8cc-46a9-ba00-319b77f81569,genus,b3f048e9-86ca-4b63-b803-feb47f43d735,Pholcomma,Animalia,Arachnida,https://vvtaxatree.tbn.org.tw/taxa/c63905fe-c8cc-46a9-ba00-319b77f81569
376afe2a-187a-4c18-830d-92baccd3e23f,genus,8c6e7384-7df6-4632-92ae-d01241027723,Phorbia,Animalia,Insecta,https://vvtaxatree.tbn.org.tw/taxa/376afe2a-187a-4c18-830d-92baccd3e23f
3ad03380-1537-43ee-987c-1c6427339330,genus,f1b3fb3e-7241-4db8-82ba-eb47c663330e,Phorodesma,Animalia,Insecta,https://vvtaxatree.tbn.org.tw/taxa/3ad03380-1537-43ee-987c-1c6427339330
9b9b0889-70e8-4db3-a4bd-1e2e623c504a,genus,f1b3fb3e-7241-4db8-82ba-eb47c663330e,Phorodesmia,Animalia,Insecta,https://vvtaxatree.tbn.org.tw/taxa/9b9b0889-70e8-4db3-a4bd-1e2e623c504a
dc550d73-9a3b-48b7-8c01-a3856918d645,genus,c88f6db5-38e5-4d71-8840-9560272e1dc4,Photichthys,Animalia,Actinopteri,https://vvtaxatree.tbn.org.tw/taxa/dc550d73-9a3b-48b7-8c01-a3856918d645
7594c3a7-4f45-45bc-a0b1-11eb8302dcb1,genus,9976cd9b-eb35-46eb-8e2e-fed700c0c9e9,Phoxiscus,Animalia,Actinopteri,https://vvtaxatree.tbn.org.tw/taxa/7594c3a7-4f45-45bc-a0b1-11eb8302dcb1
6d5fe78b-a6b5-4f40-be8b-4810a1832d7d,genus,50583e36-4bb6-46ee-a6a6-ab5b65fbcf10,Phoxoptera,Animalia,Insecta,https://vvtaxatree.tbn.org.tw/taxa/6d5fe78b-a6b5-4f40-be8b-4810a1832d7d
86e7ba18-a627-404d-ab84-51798842678d,genus,50583e36-4bb6-46ee-a6a6-ab5b65fbcf10,Phoxopteris,Animalia,Insecta,https://vvtaxatree.tbn.org.tw/taxa/86e7ba18-a627-404d-ab84-51798842678d
69d57b4f-a0a7-4eb3-bbaa-818911dba46c,genus,fd04afcb-d7cd-436f-8987-7a598b35b69a,Phrynichthys,Animalia,Actinopteri,https://vvtaxatree.tbn.org.tw/taxa/69d57b4f-a0a7-4eb3-bbaa-818911dba46c
71864de5-528c-4d63-b2b4-c205f946e283,genus,00ba932c-6b0d-4e1c-bba3-07cbf0f8b47f,Phurys,Animalia,Insecta,https://vvtaxatree.tbn.org.tw/taxa/71864de5-528c-4d63-b2b4-c205f946e283
b6c2c0fc-d884-4936-84fb-4c4f3afcae92,genus,5734eec9-8dbf-40a3-8760-b2895283f8c2,Phyllaphis,Animalia,Insecta,https://vvtaxatree.tbn.org.tw/taxa/b6c2c0fc-d884-4936-84fb-4c4f3afcae92
82639133-b64d-475c-a82c-6cabc83bc4e7,genus,4acb7218-5e23-4697-9bf5-df5c38440a6a,Phyllopalpus,Animalia,Insecta,https://vvtaxatree.tbn.org.tw/taxa/82639133-b64d-475c-a82c-6cabc83bc4e7
808025ad-dedc-46d0-ba78-1fd89a5426fe,genus,6f55d705-388c-461f-b942-bf7fdc063f22,Physcosoma,Animalia,Sipunculidea,https://vvtaxatree.tbn.org.tw/taxa/808025ad-dedc-46d0-ba78-1fd89a5426fe
b5a5880b-45d5-45ab-998b-ce0f9a373c20,genus,8cbee1ed-01e1-4a07-8fc1-a69cab0b9a0b,Physcus,Animalia,Insecta,https://vvtaxatree.tbn.org.tw/taxa/b5a5880b-45d5-45ab-998b-ce0f9a373c20
7e95810c-f246-4799-b457-5aec05bc6741,genus,474fde2f-d739-4019-acce-52bc93ac1cfb,Physobolus,Animalia,Diplopoda,https://vvtaxatree.tbn.org.tw/taxa/7e95810c-f246-4799-b457-5aec05bc6741
4b1ba72b-9b79-4d37-ba99-792b8d9a700d,genus,793d9130-a91b-42b8-a013-316317a9b9ec,Physothrips,Animalia,Insecta,https://vvtaxatree.tbn.org.tw/taxa/4b1ba72b-9b79-4d37-ba99-792b8d9a700d
7f510dc1-b9f9-4249-8396-256bf4f4e384,genus,87342e91-0f42-4f6d-ac79-de05cff51908,Piada,Animalia,Insecta,https://vvtaxatree.tbn.org.tw/taxa/7f510dc1-b9f9-4249-8396-256bf4f4e384
4b7997e7-3462-49a1-99d2-5dce54e3d5f3,genus,ebcdbf4d-2fb2-4246-805d-52a45d8b9bae,Pikea,Animalia,Actinopteri,https://vvtaxatree.tbn.org.tw/taxa/4b7997e7-3462-49a1-99d2-5dce54e3d5f3
bdd977fd-c0b2-4544-afda-1aef03a8e5e7,genus,933cbed7-2ba1-48b9-a592-60986354833a,Pilumnoplax,Animalia,Malacostraca,https://vvtaxatree.tbn.org.tw/taxa/bdd977fd-c0b2-4544-afda-1aef03a8e5e7
16a16a03-43e3-4d6b-aceb-8ef697ba4398,genus,401e92f6-c0d4-43d5-9e90-1fc559c1fb53,Pimelepterus,Animalia,Actinopteri,https://vvtaxatree.tbn.org.tw/taxa/16a16a03-43e3-4d6b-aceb-8ef697ba4398
820818aa-1265-4066-b1a8-5314ec1e0481,genus,e2ddf8e5-2d1f-4b8d-8878-04aac3cfbee0,Pionea,Animalia,Insecta,https://vvtaxatree.tbn.org.tw/taxa/820818aa-1265-4066-b1a8-5314ec1e0481
3163f272-7fd7-4398-970b-985c00bf7d7c,genus,971e258b-7d2a-49f3-8cc8-69e9224db67a,Pisania,Animalia,Gastropoda,https://vvtaxatree.tbn.org.tw/taxa/3163f272-7fd7-4398-970b-985c00bf7d7c
7a30d42e-89e7-413e-8aea-773aa5a8fb5e,genus,5e34f425-c28f-429d-84a3-281853c65127,Pisara,Animalia,Insecta,https://vvtaxatree.tbn.org.tw/taxa/7a30d42e-89e7-413e-8aea-773aa5a8fb5e
0d640d2a-1340-416e-9730-83ae7560f60f,genus,f1b3fb3e-7241-4db8-82ba-eb47c663330e,Pisoraca,Animalia,Insecta,https://vvtaxatree.tbn.org.tw/taxa/0d640d2a-1340-416e-9730-83ae7560f60f
1952d61a-dcfa-49d9-905f-e4f6f84081bc,genus,f030b0e5-227e-4b4e-8dd6-14128660e9da,Pisosoma,Animalia,Malacostraca,https://vvtaxatree.tbn.org.tw/taxa/1952d61a-dcfa-49d9-905f-e4f6f84081bc
c26b69fa-4755-4c8c-b06f-1a9f48b3ef20,genus,f2507b0a-1734-4462-8751-80884b1ff313,Placenta,Animalia,Bivalvia,https://vvtaxatree.tbn.org.tw/taxa/c26b69fa-4755-4c8c-b06f-1a9f48b3ef20
6f3cea69-090a-4bd5-a10a-c3437588dbeb,genus,13ef7013-3d34-47a3-a024-3fa355fc2408,Plancinus,Animalia,Arachnida,https://vvtaxatree.tbn.org.tw/taxa/6f3cea69-090a-4bd5-a10a-c3437588dbeb
b4f43b75-04b7-42f0-84b5-a817da4670a7,genus,9dc21538-68da-4c7d-93a3-be127ff02b73,Platerycia,Animalia,Insecta,https://vvtaxatree.tbn.org.tw/taxa/b4f43b75-04b7-42f0-84b5-a817da4670a7
3e844345-b771-4673-9350-0dfb13f7f8f9,genus,ed42cb08-d505-43c6-aa4a-3602c3ced77f,Platessa,Animalia,Actinopteri,https://vvtaxatree.tbn.org.tw/taxa/3e844345-b771-4673-9350-0dfb13f7f8f9
ec182c15-9294-4015-8f1d-64fe9b234dcd,genus,4174feee-8ec5-48d8-b497-b86726b78be2,Platocera,Animalia,Insecta,https://vvtaxatree.tbn.org.tw/taxa/ec182c15-9294-4015-8f1d-64fe9b234dcd
b27fc1b7-6d26-4aad-964f-08c076921c0c,genus,31de76ba-8a58-41f0-88ee-c0eefe9fa302,Platophrys,Animalia,Actinopteri,https://vvtaxatree.tbn.org.tw/taxa/b27fc1b7-6d26-4aad-964f-08c076921c0c
2bce075b-34ca-48e5-878c-0a0e5fa780cd,genus,9dc21538-68da-4c7d-93a3-be127ff02b73,Platychira,Animalia,Insecta,https://vvtaxatree.tbn.org.tw/taxa/2bce075b-34ca-48e5-878c-0a0e5fa780cd
c61fd647-7b2a-42c5-a047-db62b38b3235,genus,5fc27fcb-4ada-468d-a24d-eb8190e5f6ae,Platycis,Animalia,Insecta,https://vvtaxatree.tbn.org.tw/taxa/c61fd647-7b2a-42c5-a047-db62b38b3235
f9d677f3-e16f-4037-9928-540185a1a4fa,genus,ad105732-26ef-478b-9d89-19010280ebf2,Platycoccus,Animalia,Insecta,https://vvtaxatree.tbn.org.tw/taxa/f9d677f3-e16f-4037-9928-540185a1a4fa
cf18d99f-4b65-4665-964d-11aea3a2cb6b,genus,8cbee1ed-01e1-4a07-8fc1-a69cab0b9a0b,Platygaster,Animalia,Insecta,https://vvtaxatree.tbn.org.tw/taxa/cf18d99f-4b65-4665-964d-11aea3a2cb6b
de900996-d807-462a-bf94-74341f94e2a0,genus,0398f7a8-f589-4399-a581-2f4ea995f3b6,Platyglossus,Animalia,Actinopteri,https://vvtaxatree.tbn.org.tw/taxa/de900996-d807-462a-bf94-74341f94e2a0
e518bd73-2bd3-4cd1-9863-28fcc86334cc,genus,c880e26a-a785-4ad5-bfb6-e0d220ab36ea,Platygrapsus,Animalia,Malacostraca,https://vvtaxatree.tbn.org.tw/taxa/e518bd73-2bd3-4cd1-9863-28fcc86334cc
42f4fb26-86e0-4cb8-9122-f98d5bb71bcd,genus,5d3a4252-89fa-4168-98d5-8c706425b50e,Platylambrus,Animalia,Malacostraca,https://vvtaxatree.tbn.org.tw/taxa/42f4fb26-86e0-4cb8-9122-f98d5bb71bcd
8320a77e-d2c0-463c-9f51-44c7327655a3,genus,f09de0dd-94b4-4a6e-979a-eeea5de3a4aa,Platynaspis,Animalia,Insecta,https://vvtaxatree.tbn.org.tw/taxa/8320a77e-d2c0-463c-9f51-44c7327655a3
08c44222-4c90-443c-9be3-9fbe43fb69fc,genus,50583e36-4bb6-46ee-a6a6-ab5b65fbcf10,Platypeplus,Animalia,Insecta,https://vvtaxatree.tbn.org.tw/taxa/08c44222-4c90-443c-9be3-9fbe43fb69fc
50d14490-3172-4aaa-abbb-d10e256f23a0,genus,61930530-ef9a-490a-853b-1aaab32d91f0,Platypoecilus,Animalia,Actinopteri,https://vvtaxatree.tbn.org.tw/taxa/50d14490-3172-4aaa-abbb-d10e256f23a0
ff0c3984-6568-4152-a58f-4f775652c9af,genus,0c027bad-c588-4133-86ce-a64c0bea3dc9,Platyptera,Animalia,Actinopteri,https://vvtaxatree.tbn.org.tw/taxa/ff0c3984-6568-4152-a58f-4f775652c9af
d264b2c4-9de0-4f8e-b317-3f0e99b4f98d,genus,3d56fdfc-4117-44b7-8a03-48b0741e3efd,Platypteryx,Animalia,Insecta,https://vvtaxatree.tbn.org.tw/taxa/d264b2c4-9de0-4f8e-b317-3f0e99b4f98d
229ddf7d-f358-4832-bad2-0ed5eee3b2f1,genus,3c8e7e2f-07ed-4997-a85e-b2f79ec88b63,Platystacus,Animalia,Actinopteri,https://vvtaxatree.tbn.org.tw/taxa/229ddf7d-f358-4832-bad2-0ed5eee3b2f1
26134c4a-cf9e-4857-8011-5ab52f38eb28,genus,e2ddf8e5-2d1f-4b8d-8878-04aac3cfbee0,Platytes,Animalia,Insecta,https://vvtaxatree.tbn.org.tw/taxa/26134c4a-cf9e-4857-8011-5ab52f38eb28
72d19cfa-5f0e-403d-b6e4-fda3c70dcca1,genus,3728426f-6fd9-4f37-bc9b-2d386076e52a,Platyura,Animalia,Insecta,https://vvtaxatree.tbn.org.tw/taxa/72d19cfa-5f0e-403d-b6e4-fda3c70dcca1
58f41215-ae97-4755-96b8-c0545d9da142,genus,81c1864f-197f-4486-956c-b240c5ec2923,Plectana,Animalia,Arachnida,https://vvtaxatree.tbn.org.tw/taxa/58f41215-ae97-4755-96b8-c0545d9da142
5599bc0d-2ad3-4a00-b555-4d6664d39e7f,genus,0675a3cd-3284-41de-9736-d3bd0abc94fa,Plectorhynchus,Animalia,Actinopteri,https://vvtaxatree.tbn.org.tw/taxa/5599bc0d-2ad3-4a00-b555-4d6664d39e7f
477aea36-2fbc-4015-9aed-e47583dca4d4,genus,ebcdbf4d-2fb2-4246-805d-52a45d8b9bae,Plectropoma,Animalia,Actinopteri,https://vvtaxatree.tbn.org.tw/taxa/477aea36-2fbc-4015-9aed-e47583dca4d4
447678c4-b05f-4990-8102-bdedaf423e78,genus,fa8339c2-187e-4e58-929b-4b1016ce871c,Plesioneura,Animalia,Insecta,https://vvtaxatree.tbn.org.tw/taxa/447678c4-b05f-4990-8102-bdedaf423e78
e452deb2-f0c4-4d4e-8420-b7eb0edf9067,genus,fe08d504-b537-40e9-a7ac-92cc78fff072,Pleurechinus,Animalia,Echinoidea,https://vvtaxatree.tbn.org.tw/taxa/e452deb2-f0c4-4d4e-8420-b7eb0edf9067
f5738bbe-8ab3-4122-ac2b-b3bf77eb07f8,genus,81c1864f-197f-4486-956c-b240c5ec2923,Pleuromma,Animalia,Arachnida,https://vvtaxatree.tbn.org.tw/taxa/f5738bbe-8ab3-4122-ac2b-b3bf77eb07f8
fe752783-863e-41b8-9719-b01cb302b24e,genus,1f361390-1e61-4d22-8efa-934bc971e82b,Pleuronectes,Animalia,Actinopteri,https://vvtaxatree.tbn.org.tw/taxa/fe752783-863e-41b8-9719-b01cb302b24e
8010c699-a6ec-41db-bc06-ff734d586a99,genus,392921bd-715f-4c67-afde-4d863f42621e,Pleuronectia,Animalia,Bivalvia,https://vvtaxatree.tbn.org.tw/taxa/8010c699-a6ec-41db-bc06-ff734d586a99
53c102cb-d378-4c31-b49f-930ae08c9c6b,genus,e2ddf8e5-2d1f-4b8d-8878-04aac3cfbee0,Pleuroptya,Animalia,Insecta,https://vvtaxatree.tbn.org.tw/taxa/53c102cb-d378-4c31-b49f-930ae08c9c6b
04c131f5-054d-448d-a667-ce8d0f3a77cb,genus,487b88b0-0d2d-4225-991d-feb16553960b,Pleurotomaria,Animalia,Gastropoda,https://vvtaxatree.tbn.org.tw/taxa/04c131f5-054d-448d-a667-ce8d0f3a77cb
7651afa8-0221-4007-afb0-d54e7b0f9ee2,genus,51658d7c-9356-49ad-8f6c-b02b2c0f4f67,Plexippa,Animalia,Arachnida,https://vvtaxatree.tbn.org.tw/taxa/7651afa8-0221-4007-afb0-d54e7b0f9ee2
ee34778a-cd3b-4b17-b93e-94eee867f829,genus,945f8620-b759-4b1d-97fa-29e8e9380fe9,Plicifusus,Animalia,Gastropoda,https://vvtaxatree.tbn.org.tw/taxa/ee34778a-cd3b-4b17-b93e-94eee867f829
07ac49a1-5a95-41b4-8c07-90644c9ae362,genus,92504495-67e8-42e8-bb76-26cd5b0826f2,Plusia,Animalia,Insecta,https://vvtaxatree.tbn.org.tw/taxa/07ac49a1-5a95-41b4-8c07-90644c9ae362
040c5d80-4ecf-4461-8e0b-d3ab406f1d2d,genus,d9f9d84b-730b-4325-8aa9-11ec151474fe,Pluvianus,Animalia,Aves,https://vvtaxatree.tbn.org.tw/taxa/040c5d80-4ecf-4461-8e0b-d3ab406f1d2d
5880255b-42fb-4348-8a0c-d81a4dffdc79,genus,fdeb18ab-db48-456a-b791-a53cbdff8b21,Podabrinus,Animalia,Insecta,https://vvtaxatree.tbn.org.tw/taxa/5880255b-42fb-4348-8a0c-d81a4dffdc79
bc12bdb8-cafb-4516-b53f-e349e2fabd4f,genus,fdeb18ab-db48-456a-b791-a53cbdff8b21,Podabrus,Animalia,Insecta,https://vvtaxatree.tbn.org.tw/taxa/bc12bdb8-cafb-4516-b53f-e349e2fabd4f
b9998afc-5ce1-456e-b03c-62d59f912541,genus,975b6843-473c-42e9-8646-24b96daada45,Poecilocephalus,Animalia,Actinopteri,https://vvtaxatree.tbn.org.tw/taxa/b9998afc-5ce1-456e-b03c-62d59f912541
e4d89a93-540a-4662-8e0f-5c397449a623,genus,7e3a44ad-74f1-4f3b-8b9f-da188ed3252b,Poeciloconger,Animalia,Actinopteri,https://vvtaxatree.tbn.org.tw/taxa/e4d89a93-540a-4662-8e0f-5c397449a623
1ddb579e-0d8c-4a4f-921d-d2b00b5418ce,genus,0ed17341-8744-497b-a259-b108062f4cb5,Poecilogonalos,Animalia,Insecta,https://vvtaxatree.tbn.org.tw/taxa/1ddb579e-0d8c-4a4f-921d-d2b00b5418ce
0ecab58c-1010-4e8f-97ba-884ec7e5b098,genus,81c1864f-197f-4486-956c-b240c5ec2923,Poecilopachys,Animalia,Arachnida,https://vvtaxatree.tbn.org.tw/taxa/0ecab58c-1010-4e8f-97ba-884ec7e5b098
4be8523d-4ab2-4298-8982-3ebea04317da,genus,b4eb75be-af97-40f8-9af6-2dbb6ad59336,Poecilophis,Animalia,Actinopteri,https://vvtaxatree.tbn.org.tw/taxa/4be8523d-4ab2-4298-8982-3ebea04317da
1b741d64-bd57-49f3-89d1-d2b90fc372d0,genus,0675a3cd-3284-41de-9736-d3bd0abc94fa,Pogonias,Animalia,Actinopteri,https://vvtaxatree.tbn.org.tw/taxa/1b741d64-bd57-49f3-89d1-d2b90fc372d0
a7efe2d1-1511-4d6c-b596-bbbde408d64b,genus,2b47120a-b90d-4637-a9a7-7f138e76f143,Pogonoculius,Animalia,Actinopteri,https://vvtaxatree.tbn.org.tw/taxa/a7efe2d1-1511-4d6c-b596-bbbde408d64b
4baa3b78-7636-4064-afb8-49b336a73474,genus,0675a3cd-3284-41de-9736-d3bd0abc94fa,Polotus,Animalia,Actinopteri,https://vvtaxatree.tbn.org.tw/taxa/4baa3b78-7636-4064-afb8-49b336a73474
52ea6654-ebe2-467e-8870-1df5b506c960,genus,bb7994d0-3dc1-4d16-ad33-7b5c0318cf54,Polycera,Animalia,Gastropoda,https://vvtaxatree.tbn.org.tw/taxa/52ea6654-ebe2-467e-8870-1df5b506c960
2f247d4f-5c32-4cf0-b483-d27baf3755d2,genus,474fde2f-d739-4019-acce-52bc93ac1cfb,Polyconoceras,Animalia,Diplopoda,https://vvtaxatree.tbn.org.tw/taxa/2f247d4f-5c32-4cf0-b483-d27baf3755d2
47b01094-f037-46bf-a8db-5dce18ac1115,genus,92504495-67e8-42e8-bb76-26cd5b0826f2,Polymixis,Animalia,Insecta,https://vvtaxatree.tbn.org.tw/taxa/47b01094-f037-46bf-a8db-5dce18ac1115
da36e7b9-c5c0-4cb3-a49b-7b81be65fc7c,genus,4ffed11d-2ffc-40c4-b720-527d7c1dd8a3,Polynema,Animalia,Insecta,https://vvtaxatree.tbn.org.tw/taxa/da36e7b9-c5c0-4cb3-a49b-7b81be65fc7c
a54787fc-289b-4bd3-882a-481a376776e4,genus,b4397598-29bd-4987-a7ab-57753b049ad1,Polynemus,Animalia,Actinopteri,https://vvtaxatree.tbn.org.tw/taxa/a54787fc-289b-4bd3-882a-481a376776e4
21259fb0-16e2-4c9b-a927-70895648af6e,genus,d7bbd5f9-dd9c-4c96-ba2a-4367fbb701bc,Polyommatus,Animalia,Insecta,https://vvtaxatree.tbn.org.tw/taxa/21259fb0-16e2-4c9b-a927-70895648af6e
76698583-08a8-494e-bd12-128e783c7c85,genus,92504495-67e8-42e8-bb76-26cd5b0826f2,Polyphaenis,Animalia,Insecta,https://vvtaxatree.tbn.org.tw/taxa/76698583-08a8-494e-bd12-128e783c7c85
6974e4b3-c397-40cb-a1ae-c293775d03c6,genus,f1b3fb3e-7241-4db8-82ba-eb47c663330e,Polyphasia,Animalia,Insecta,https://vvtaxatree.tbn.org.tw/taxa/6974e4b3-c397-40cb-a1ae-c293775d03c6
272327b4-a346-4ddd-b1ca-28f9ad622789,genus,3d56fdfc-4117-44b7-8a03-48b0741e3efd,Polyploca,Animalia,Insecta,https://vvtaxatree.tbn.org.tw/taxa/272327b4-a346-4ddd-b1ca-28f9ad622789
8cb389a3-33c7-4985-bca5-338c1524e572,genus,76d0ef49-ed4d-4572-bcaf-2c7b6c51a3e4,Polypterichthys,Animalia,Actinopteri,https://vvtaxatree.tbn.org.tw/taxa/8cb389a3-33c7-4985-bca5-338c1524e572
a22a47f1-6a25-40eb-8efb-c70ae289598f,genus,3e9dd0a1-f074-443f-af0f-59656b3fc673,Ponerodon,Animalia,Actinopteri,https://vvtaxatree.tbn.org.tw/taxa/a22a47f1-6a25-40eb-8efb-c70ae289598f
f77ee293-9dd0-4917-93ee-8dc57a5c5d9e,genus,d8e25335-c63f-470c-a940-27c5626d85e9,Pontia,Animalia,Insecta,https://vvtaxatree.tbn.org.tw/taxa/f77ee293-9dd0-4917-93ee-8dc57a5c5d9e
c06262f7-1d5d-44ad-8089-11d9643c9d38,genus,f030b0e5-227e-4b4e-8dd6-14128660e9da,Porcellana,Animalia,Malacostraca,https://vvtaxatree.tbn.org.tw/taxa/c06262f7-1d5d-44ad-8089-11d9643c9d38
f10f5704-91f6-4f33-8f6e-eae0aa704181,genus,a57e9eb2-56b1-4832-b57c-065c7f05b7c6,Poromitrella,Animalia,Actinopteri,https://vvtaxatree.tbn.org.tw/taxa/f10f5704-91f6-4f33-8f6e-eae0aa704181
02cdf5be-d1be-436d-bcd1-9aabf0303f00,genus,3061a2ae-7c51-4185-99cc-9513e10f8436,Porphyrops,Animalia,Insecta,https://vvtaxatree.tbn.org.tw/taxa/02cdf5be-d1be-436d-bcd1-9aabf0303f00
afe0b0da-2131-409c-8b12-47397fb2478b,genus,181d4541-f5f9-450e-b4be-5c726b2cfee3,Potamon,Animalia,Malacostraca,https://vvtaxatree.tbn.org.tw/taxa/afe0b0da-2131-409c-8b12-47397fb2478b
4879d9a1-76f9-4eed-8105-dad6fd6d4f01,genus,5f91a112-50cd-4ab9-aa73-f3fbeb28a909,Potosia,Animalia,Insecta,https://vvtaxatree.tbn.org.tw/taxa/4879d9a1-76f9-4eed-8105-dad6fd6d4f01
40c1f969-1982-4a23-bdf5-7397ca9dd512,genus,00ba932c-6b0d-4e1c-bba3-07cbf0f8b47f,Prabhasa,Animalia,Insecta,https://vvtaxatree.tbn.org.tw/taxa/40c1f969-1982-4a23-bdf5-7397ca9dd512
aef3ac3a-45d6-43d7-b8fa-735a6c48fdcd,genus,a3e04c77-48de-4629-bced-eff32fed2202,Pranesus,Animalia,Actinopteri,https://vvtaxatree.tbn.org.tw/taxa/aef3ac3a-45d6-43d7-b8fa-735a6c48fdcd
e058c29b-2483-48ff-b994-ac115e8b507a,genus,8869f7eb-5e7e-4aba-87c0-df7af433de80,Praonetha,Animalia,Insecta,https://vvtaxatree.tbn.org.tw/taxa/e058c29b-2483-48ff-b994-ac115e8b507a
47bb2655-b0ff-4af5-a0ee-ab919091c22c,genus,688c3415-9e9d-4e67-a546-7e4325f88828,Priodon,Animalia,Actinopteri,https://vvtaxatree.tbn.org.tw/taxa/47bb2655-b0ff-4af5-a0ee-ab919091c22c
d7d3dd78-b14c-4cc6-85af-43b37fddce75,genus,f1b3fb3e-7241-4db8-82ba-eb47c663330e,Prionia,Animalia,Insecta,https://vvtaxatree.tbn.org.tw/taxa/d7d3dd78-b14c-4cc6-85af-43b37fddce75
77171327-9625-4027-95bd-172a659c2cb1,genus,5ced13f2-ccd9-47c3-abda-1e92f6cd173a,Prionopeltis,Animalia,Diplopoda,https://vvtaxatree.tbn.org.tw/taxa/77171327-9625-4027-95bd-172a659c2cb1
30943ac1-6a71-4d2c-96f6-0404b8326ee0,genus,59afc947-cd93-4675-9870-aac473b3493e,Prionotus,Animalia,Actinopteri,https://vvtaxatree.tbn.org.tw/taxa/30943ac1-6a71-4d2c-96f6-0404b8326ee0
aeb7e99f-ffd5-4306-8fc1-c7dd16edee4e,genus,8e32cafe-f4bb-4322-9087-3480c2b327a7,Priscula,Animalia,Arachnida,https://vvtaxatree.tbn.org.tw/taxa/aeb7e99f-ffd5-4306-8fc1-c7dd16edee4e
44cb2d2d-f06b-4eca-92b4-fb1e8003a156,genus,2ec46157-2385-4934-ac87-0b96a78c9ee6,Pristigaster,Animalia,Actinopteri,https://vvtaxatree.tbn.org.tw/taxa/44cb2d2d-f06b-4eca-92b4-fb1e8003a156
f2a4c031-a5a5-459f-b39b-8773a4994812,genus,0675a3cd-3284-41de-9736-d3bd0abc94fa,Pristipoma,Animalia,Actinopteri,https://vvtaxatree.tbn.org.tw/taxa/f2a4c031-a5a5-459f-b39b-8773a4994812
52943c16-350d-4834-bd76-52bef969e5f2,genus,3c1de6f6-b8ab-4b93-a7a1-b4c002b7013d,Pristis,Animalia,Elasmobranchii,https://vvtaxatree.tbn.org.tw/taxa/52943c16-350d-4834-bd76-52bef969e5f2
17c71240-194d-41ec-8f90-3f02e33e22fc,genus,ea546ec1-175e-4bc2-8561-9a10a06fc9b9,Pristispomoides,Animalia,Actinopteri,https://vvtaxatree.tbn.org.tw/taxa/17c71240-194d-41ec-8f90-3f02e33e22fc
ce9e35e8-03ba-4200-8016-2b52129f35a0,genus,897a7505-c76d-4437-b99b-8103292efd38,Pristiurus,Animalia,Elasmobranchii,https://vvtaxatree.tbn.org.tw/taxa/ce9e35e8-03ba-4200-8016-2b52129f35a0
94e67bf8-eca3-4f42-8119-dbc1cab44ab6,genus,2ec46157-2385-4934-ac87-0b96a78c9ee6,Pristogaster,Animalia,Actinopteri,https://vvtaxatree.tbn.org.tw/taxa/94e67bf8-eca3-4f42-8119-dbc1cab44ab6
e0761c58-4aca-4edc-87dc-e524fae371e8,genus,1a94b308-faed-4513-b8c2-166bda17c46d,Procellaria,Animalia,Aves,https://vvtaxatree.tbn.org.tw/taxa/e0761c58-4aca-4edc-87dc-e524fae371e8
60545dc3-2c85-4fcd-866e-60b1749efb82,genus,83a33a8f-a11f-4400-8c4e-93101c406cdc,Proceros,Animalia,Polycladidea,https://vvtaxatree.tbn.org.tw/taxa/60545dc3-2c85-4fcd-866e-60b1749efb82
467730f8-31ea-48c2-a34e-0b5b4171c213,genus,c67d4d57-4eea-4119-840a-98b672e031a3,Prochilus,Animalia,Actinopteri,https://vvtaxatree.tbn.org.tw/taxa/467730f8-31ea-48c2-a34e-0b5b4171c213
f6dd1331-c805-4301-aa24-c80fbd4afd30,genus,66994ec6-8785-4102-9dc5-4d7c1cacbfc0,Prolamnonyx,Animalia,Chilopoda,https://vvtaxatree.tbn.org.tw/taxa/f6dd1331-c805-4301-aa24-c80fbd4afd30
63d1c7e7-2cd5-4946-8bf8-49e741bdd58a,genus,c8c1f3b0-044a-4fe2-bff4-ca4bcdb9c299,Prolepta,Animalia,Insecta,https://vvtaxatree.tbn.org.tw/taxa/63d1c7e7-2cd5-4946-8bf8-49e741bdd58a
95a06245-465b-46f5-b56e-5f8449cbfcbb,genus,7e3a44ad-74f1-4f3b-8b9f-da188ed3252b,Promyllantor,Animalia,Actinopteri,https://vvtaxatree.tbn.org.tw/taxa/95a06245-465b-46f5-b56e-5f8449cbfcbb
3fb9374d-e92c-40e0-9516-92084079f1dd,genus,81c1864f-197f-4486-956c-b240c5ec2923,Pronous,Animalia,Arachnida,https://vvtaxatree.tbn.org.tw/taxa/3fb9374d-e92c-40e0-9516-92084079f1dd
c6c62ab5-3d94-4545-ac36-b37f61a1f150,genus,90e2cd58-9d9a-44b4-903b-e121d7fc327b,Propachys,Animalia,Insecta,https://vvtaxatree.tbn.org.tw/taxa/c6c62ab5-3d94-4545-ac36-b37f61a1f150
b96baa82-a0d7-4e48-bb69-671e3411b208,genus,f1b3fb3e-7241-4db8-82ba-eb47c663330e,Prorhinia,Animalia,Insecta,https://vvtaxatree.tbn.org.tw/taxa/b96baa82-a0d7-4e48-bb69-671e3411b208
335238ae-bc7a-4520-ba8d-40da64d6e567,genus,8cbee1ed-01e1-4a07-8fc1-a69cab0b9a0b,Prosaphelinus,Animalia,Insecta,https://vvtaxatree.tbn.org.tw/taxa/335238ae-bc7a-4520-ba8d-40da64d6e567
b9e38f83-5d30-4dea-a67f-246743496d65,genus,9dc21538-68da-4c7d-93a3-be127ff02b73,Prosopaea,Animalia,Insecta,https://vvtaxatree.tbn.org.tw/taxa/b9e38f83-5d30-4dea-a67f-246743496d65
60e809f8-e732-404c-bea1-f189408757ed,genus,8cbee1ed-01e1-4a07-8fc1-a69cab0b9a0b,Prospalta,Animalia,Insecta,https://vvtaxatree.tbn.org.tw/taxa/60e809f8-e732-404c-bea1-f189408757ed
6b6b3f51-1581-49a3-87f4-f987228d68fb,genus,9762194e-4070-4bf4-96be-cdffcbb071b9,Prospilocosmia,Animalia,Insecta,https://vvtaxatree.tbn.org.tw/taxa/6b6b3f51-1581-49a3-87f4-f987228d68fb
cf66e47d-9744-42c5-82a4-f1ba822921c6,genus,55bd01a0-66c5-46bc-9991-b622bbd35265,Prosthesima,Animalia,Arachnida,https://vvtaxatree.tbn.org.tw/taxa/cf66e47d-9744-42c5-82a4-f1ba822921c6
fe9b3def-6a93-4e0f-9cb5-ba0c7f836925,genus,9dc21538-68da-4c7d-93a3-be127ff02b73,Prosturmia,Animalia,Insecta,https://vvtaxatree.tbn.org.tw/taxa/fe9b3def-6a93-4e0f-9cb5-ba0c7f836925
6e15527e-ac40-44d0-889f-0f572f3f12f4,genus,f15cfa76-ed14-4df6-a798-97775ee44e05,Protodiaspis,Animalia,Insecta,https://vvtaxatree.tbn.org.tw/taxa/6e15527e-ac40-44d0-889f-0f572f3f12f4
471b0943-fb29-42ab-9440-5527b6bb2454,genus,5181a022-aa13-4a8e-91a7-51bc5d459a24,Protoplectron,Animalia,Insecta,https://vvtaxatree.tbn.org.tw/taxa/471b0943-fb29-42ab-9440-5527b6bb2454
3782ea5c-e70e-4153-89fe-89bffba54d5d,genus,bc6be93e-816f-4b81-8056-c75c94bdf384,Protyndarichus,Animalia,Insecta,https://vvtaxatree.tbn.org.tw/taxa/3782ea5c-e70e-4153-89fe-89bffba54d5d
e8a09ebe-f580-4c54-9e5b-b86ed6dbf53b,genus,0fb97e1c-5686-487e-8ed8-77199dbd4096,Psalidostomus,Animalia,Insecta,https://vvtaxatree.tbn.org.tw/taxa/e8a09ebe-f580-4c54-9e5b-b86ed6dbf53b
da5e0c04-aac1-4a27-9293-00bbfff70927,genus,1c76b285-b25f-48d0-85ed-7590bdb1fdef,Psammechinus,Animalia,Echinoidea,https://vvtaxatree.tbn.org.tw/taxa/da5e0c04-aac1-4a27-9293-00bbfff70927
40246f99-c2d4-40c3-a3bf-0d3a2711817c,genus,2578c6fe-baf3-4d08-a010-d0f72d5bd930,Psammophis,Animalia,Reptilia,https://vvtaxatree.tbn.org.tw/taxa/40246f99-c2d4-40c3-a3bf-0d3a2711817c
1b372a54-afcf-488e-b121-774b676fe3e9,genus,e2ddf8e5-2d1f-4b8d-8878-04aac3cfbee0,Psara,Animalia,Insecta,https://vvtaxatree.tbn.org.tw/taxa/1b372a54-afcf-488e-b121-774b676fe3e9
788b8788-bf8e-4989-b214-d564307a3686,genus,67eb35c1-a4ad-4c6d-a7ee-fa8494e7ed2b,Psecadia,Animalia,Insecta,https://vvtaxatree.tbn.org.tw/taxa/788b8788-bf8e-4989-b214-d564307a3686
c3b690dc-6d45-4282-974e-aacf98b47457,genus,4e5a35e9-7214-4ed8-afcb-d3b5c676a4b4,Psennes,Animalia,Actinopteri,https://vvtaxatree.tbn.org.tw/taxa/c3b690dc-6d45-4282-974e-aacf98b47457
037eaaba-c2cc-4a0e-882c-9ced877f8b79,genus,9762194e-4070-4bf4-96be-cdffcbb071b9,Pseudacidia,Animalia,Insecta,https://vvtaxatree.tbn.org.tw/taxa/037eaaba-c2cc-4a0e-882c-9ced877f8b79
4f562858-f26d-41fe-aa48-f79b1ed23f5f,genus,5edaa4c7-f683-41fc-809c-7427c1d165fd,Pseudagenia,Animalia,Insecta,https://vvtaxatree.tbn.org.tw/taxa/4f562858-f26d-41fe-aa48-f79b1ed23f5f
a271b45d-ec1a-41c4-a34b-b0db76e1dca4,genus,92504495-67e8-42e8-bb76-26cd5b0826f2,Pseudaglossa,Animalia,Insecta,https://vvtaxatree.tbn.org.tw/taxa/a271b45d-ec1a-41c4-a34b-b0db76e1dca4
3782aed0-7056-45fa-a84a-6e5515e6cc48,genus,8869f7eb-5e7e-4aba-87c0-df7af433de80,Pseudallotraeus,Animalia,Insecta,https://vvtaxatree.tbn.org.tw/taxa/3782aed0-7056-45fa-a84a-6e5515e6cc48
cb91fe7d-b53c-4471-b1ef-f7585d98122f,genus,5905ea67-c25a-4f06-80d2-3f2a5e7b7ebe,Pseudaphana,Animalia,Insecta,https://vvtaxatree.tbn.org.tw/taxa/cb91fe7d-b53c-4471-b1ef-f7585d98122f
a4833299-d674-4e89-879c-9b3302928a55,genus,649d78fb-a108-4c65-a3a6-dae3e367d2a5,Pseudarchaster,Animalia,Asteroidea,https://vvtaxatree.tbn.org.tw/taxa/a4833299-d674-4e89-879c-9b3302928a55
e5b4e6e6-1339-48f0-961d-89d8a85049dd,genus,f1b3fb3e-7241-4db8-82ba-eb47c663330e,Pseudasthena,Animalia,Insecta,https://vvtaxatree.tbn.org.tw/taxa/e5b4e6e6-1339-48f0-961d-89d8a85049dd
bd18c9b2-efb5-4f4e-8a4c-6d266527e537,genus,a6d6409d-701b-4509-a341-75096dfde6ec,Pseudobagrus,Animalia,Actinopteri,https://vvtaxatree.tbn.org.tw/taxa/bd18c9b2-efb5-4f4e-8a4c-6d266527e537
54a81cc6-79b3-4335-9276-eea01dea2b2d,genus,19e67e99-3a1b-4faf-bbf0-1ecd7c1ab0d6,Pseudocalantica,Animalia,Insecta,https://vvtaxatree.tbn.org.tw/taxa/54a81cc6-79b3-4335-9276-eea01dea2b2d
f761fd43-da5d-426e-9eb4-a9b076239da4,genus,f3bf5931-0420-4d46-abce-46c1c7510233,Pseudocarus,Animalia,Actinopteri,https://vvtaxatree.tbn.org.tw/taxa/f761fd43-da5d-426e-9eb4-a9b076239da4
e6d477be-d77d-4011-a45b-cd31e8e20488,genus,e0945194-1f8f-4d74-9073-a27ca8967c92,Pseudocentrophorus,Animalia,Elasmobranchii,https://vvtaxatree.tbn.org.tw/taxa/e6d477be-d77d-4011-a45b-cd31e8e20488
25c004cd-4e22-4fd6-8b68-bbe8ab82e7a5,genus,416618c5-225f-4b04-86a0-491ae79bdb86,Pseudocepola,Animalia,Actinopteri,https://vvtaxatree.tbn.org.tw/taxa/25c004cd-4e22-4fd6-8b68-bbe8ab82e7a5
6958dbe8-bc87-47da-bcff-9f1ee55a3dfd,genus,00ba932c-6b0d-4e1c-bba3-07cbf0f8b47f,Pseudodura,Animalia,Insecta,https://vvtaxatree.tbn.org.tw/taxa/6958dbe8-bc87-47da-bcff-9f1ee55a3dfd
1f6c2f13-fcd8-4b6b-92c5-fdc413f86540,genus,00ba932c-6b0d-4e1c-bba3-07cbf0f8b47f,Pseudoglossa,Animalia,Insecta,https://vvtaxatree.tbn.org.tw/taxa/1f6c2f13-fcd8-4b6b-92c5-fdc413f86540
7627a739-62d6-4c5d-a440-09ce41c10fad,genus,9976cd9b-eb35-46eb-8e2e-fed700c0c9e9,Pseudogobio,Animalia,Actinopteri,https://vvtaxatree.tbn.org.tw/taxa/7627a739-62d6-4c5d-a440-09ce41c10fad
e6179a5c-05cf-4464-81df-b356c1eb42e9,genus,0398f7a8-f589-4399-a581-2f4ea995f3b6,Pseudojulis,Animalia,Actinopteri,https://vvtaxatree.tbn.org.tw/taxa/e6179a5c-05cf-4464-81df-b356c1eb42e9
26f2a89a-1332-4d41-8508-1765dcbdcc94,genus,9dc21538-68da-4c7d-93a3-be127ff02b73,Pseudokea,Animalia,Insecta,https://vvtaxatree.tbn.org.tw/taxa/26f2a89a-1332-4d41-8508-1765dcbdcc94
521a5e15-9bc4-4dcb-b691-2eca6a09fd62,genus,1383149a-955e-4580-a105-48f0dffce5d7,Pseudolates,Animalia,Actinopteri,https://vvtaxatree.tbn.org.tw/taxa/521a5e15-9bc4-4dcb-b691-2eca6a09fd62
b8f631db-19e0-4a8e-a67b-1ab34389d532,genus,4406b917-a114-4455-b742-9aaea3f56ddd,Pseudolycoriella,Animalia,Insecta,https://vvtaxatree.tbn.org.tw/taxa/b8f631db-19e0-4a8e-a67b-1ab34389d532
dba14631-b601-48fe-88b5-eae8e11afeee,genus,9976cd9b-eb35-46eb-8e2e-fed700c0c9e9,Pseudoperilampus,Animalia,Actinopteri,https://vvtaxatree.tbn.org.tw/taxa/dba14631-b601-48fe-88b5-eae8e11afeee
ed0a5db4-e814-4c0d-a0ba-9bff73ed53f5,genus,5905ea67-c25a-4f06-80d2-3f2a5e7b7ebe,Pseudophana,Animalia,Insecta,https://vvtaxatree.tbn.org.tw/taxa/ed0a5db4-e814-4c0d-a0ba-9bff73ed53f5
ef511d08-e93b-4d65-8535-745f6fd69cdc,genus,f3bf5931-0420-4d46-abce-46c1c7510233,Pseudoscarus,Animalia,Actinopteri,https://vvtaxatree.tbn.org.tw/taxa/ef511d08-e93b-4d65-8535-745f6fd69cdc
349129ab-b4d2-40d4-a6bc-e0fcc4b5c9c4,genus,cc90c95b-43d1-42fe-90a2-04749cc533aa,Pseudosciaena,Animalia,Actinopteri,https://vvtaxatree.tbn.org.tw/taxa/349129ab-b4d2-40d4-a6bc-e0fcc4b5c9c4
f127141b-9652-46a1-8eb2-939dc1e61f82,genus,7f461f3a-48a2-4a75-9ee7-151d9dc5748e,Pseudupeneus,Animalia,Actinopteri,https://vvtaxatree.tbn.org.tw/taxa/f127141b-9652-46a1-8eb2-939dc1e61f82
7696e32d-969d-4676-a743-0680da556296,genus,1db7ef1d-64b7-4113-9ed8-5dea37a402e4,Psilonotus,Animalia,Actinopteri,https://vvtaxatree.tbn.org.tw/taxa/7696e32d-969d-4676-a743-0680da556296
56b505d4-e9b2-4dce-8664-312bac435cd1,genus,1ec10ff8-58d7-4f5f-b626-7c00cf611a30,Psilopus,Animalia,Insecta,https://vvtaxatree.tbn.org.tw/taxa/56b505d4-e9b2-4dce-8664-312bac435cd1
86a10e53-b04a-475f-96f5-82a99bf51dfb,genus,ea94eb33-8cc3-48d1-946f-a112969e9501,Psiloteredo,Animalia,Bivalvia,https://vvtaxatree.tbn.org.tw/taxa/86a10e53-b04a-475f-96f5-82a99bf51dfb
abd435a1-2843-4231-9f11-e0d0d2ff8c47,genus,bc8fae4c-2228-4f74-83f4-465941b64621,Psocatropos,Animalia,Insecta,https://vvtaxatree.tbn.org.tw/taxa/abd435a1-2843-4231-9f11-e0d0d2ff8c47
be853873-3855-4eb3-bde7-66a82144acb4,genus,bc8fae4c-2228-4f74-83f4-465941b64621,Psocinella,Animalia,Insecta,https://vvtaxatree.tbn.org.tw/taxa/be853873-3855-4eb3-bde7-66a82144acb4
e45b23df-bb37-4f3f-a76b-dd967f358357,genus,b88a107c-ccc4-4323-9e8e-56542385db95,Psocus,Animalia,Insecta,https://vvtaxatree.tbn.org.tw/taxa/e45b23df-bb37-4f3f-a76b-dd967f358357
a260e39d-22c6-4e96-8579-66dd92e07f23,genus,a31df5a7-2901-4b9f-b795-5080fc70e78a,Psylloneura,Animalia,Insecta,https://vvtaxatree.tbn.org.tw/taxa/a260e39d-22c6-4e96-8579-66dd92e07f23
e8b27f7f-baa4-4740-9482-1fb082a1ef7b,genus,0584a2d6-07c9-49ad-9354-945d19defcc9,Ptenothryx,Animalia,Collembola,https://vvtaxatree.tbn.org.tw/taxa/e8b27f7f-baa4-4740-9482-1fb082a1ef7b
d003be41-6e8b-47e7-b030-2c653509e088,genus,ebcdbf4d-2fb2-4246-805d-52a45d8b9bae,Pteranthias,Animalia,Actinopteri,https://vvtaxatree.tbn.org.tw/taxa/d003be41-6e8b-47e7-b030-2c653509e088
e3ed597e-9539-4a9e-8074-2cf5ba307806,genus,b0f22c66-081b-46ad-a745-c6772bd81bcd,Pteroculiops,Animalia,Actinopteri,https://vvtaxatree.tbn.org.tw/taxa/e3ed597e-9539-4a9e-8074-2cf5ba307806
73aa7cab-2bf7-446e-8453-aa2fab5fbd51,genus,17fc6db0-fdd2-43e9-9764-ae5e5b61efa3,Pterodela,Animalia,Insecta,https://vvtaxatree.tbn.org.tw/taxa/73aa7cab-2bf7-446e-8453-aa2fab5fbd51
396ddc42-97ba-4d00-8eb5-8f299b71f54c,genus,d10f34d1-e79f-496c-9b29-bf68b8c2cb03,Pterodina,Animalia,Monogononta,https://vvtaxatree.tbn.org.tw/taxa/396ddc42-97ba-4d00-8eb5-8f299b71f54c
03793d22-7681-4a11-972b-31545b4c6f9d,genus,ed2f46b6-3df8-485b-b98f-b84f6cacaabf,Pteroidonus,Animalia,Actinopteri,https://vvtaxatree.tbn.org.tw/taxa/03793d22-7681-4a11-972b-31545b4c6f9d
d7e68513-72fe-4cb5-9e22-d65bf3a3cc47,genus,89e557c5-bdbe-47e4-b094-2f0f1bf6bd1d,Pteronotus,Animalia,Gastropoda,https://vvtaxatree.tbn.org.tw/taxa/d7e68513-72fe-4cb5-9e22-d65bf3a3cc47
e5dd3bf4-1d1e-4693-b6f8-46d08056ffe2,genus,6662cb2e-27be-4a2a-b4c5-ed29feee4c48,Pteroplatea,Animalia,Elasmobranchii,https://vvtaxatree.tbn.org.tw/taxa/e5dd3bf4-1d1e-4693-b6f8-46d08056ffe2
5a10b066-c4cf-441a-84d5-0aabdd6b4987,genus,b7226c1d-2ff6-4bdf-83fb-6e13956802c7,Pterostylus,Animalia,Insecta,https://vvtaxatree.tbn.org.tw/taxa/5a10b066-c4cf-441a-84d5-0aabdd6b4987
f545b07e-b407-4967-a09d-2a379ca2b14e,genus,fa8339c2-187e-4e58-929b-4b1016ce871c,Pterygospidea,Animalia,Insecta,https://vvtaxatree.tbn.org.tw/taxa/f545b07e-b407-4967-a09d-2a379ca2b14e
d000c8ba-9bb8-4d25-a4e7-59f388654e92,genus,f1b3fb3e-7241-4db8-82ba-eb47c663330e,Ptochophyle,Animalia,Insecta,https://vvtaxatree.tbn.org.tw/taxa/d000c8ba-9bb8-4d25-a4e7-59f388654e92
24f2211e-e801-42b1-8d16-cc478d317ecf,genus,9dc21538-68da-4c7d-93a3-be127ff02b73,Ptychomyia,Animalia,Insecta,https://vvtaxatree.tbn.org.tw/taxa/24f2211e-e801-42b1-8d16-cc478d317ecf
64096d32-698e-4109-8ca3-776fedad1e3b,genus,f1b3fb3e-7241-4db8-82ba-eb47c663330e,Ptychopoda,Animalia,Insecta,https://vvtaxatree.tbn.org.tw/taxa/64096d32-698e-4109-8ca3-776fedad1e3b
bed78bcd-fa63-4d47-8ad9-d9bbc2df0203,genus,78d00d18-7b8b-454a-a362-5028961e0e59,Ptyodactylus,Animalia,Reptilia,https://vvtaxatree.tbn.org.tw/taxa/bed78bcd-fa63-4d47-8ad9-d9bbc2df0203
939191c2-af20-4656-9431-34b3159a1518,genus,078b0898-09ce-4f3e-8b50-7289a821c044,Pulvilligera,Animalia,Insecta,https://vvtaxatree.tbn.org.tw/taxa/939191c2-af20-4656-9431-34b3159a1518
7def2e71-9fe6-416a-9058-df7b5a30a4fd,genus,8869f7eb-5e7e-4aba-87c0-df7af433de80,Purpuricinus,Animalia,Insecta,https://vvtaxatree.tbn.org.tw/taxa/7def2e71-9fe6-416a-9058-df7b5a30a4fd
db4a1360-b5c2-483a-9041-ae0d06907e45,genus,67c8856f-ebe4-4cbf-9d03-ce8ed4f0ed76,Puto,Animalia,Insecta,https://vvtaxatree.tbn.org.tw/taxa/db4a1360-b5c2-483a-9041-ae0d06907e45
08c6247f-6b47-4cd5-8a39-c61553175a2c,genus,c67d4d57-4eea-4119-840a-98b672e031a3,Pycnochromis,Animalia,Actinopteri,https://vvtaxatree.tbn.org.tw/taxa/08c6247f-6b47-4cd5-8a39-c61553175a2c
cc2ffaac-3e32-4c7d-83be-16b222511b7f,genus,e9ce7860-2a09-4f25-9816-28e8e23672ce,Pydna,Animalia,Insecta,https://vvtaxatree.tbn.org.tw/taxa/cc2ffaac-3e32-4c7d-83be-16b222511b7f
d92e59a0-5558-41da-bade-3cf578a1ce3b,genus,e9ce7860-2a09-4f25-9816-28e8e23672ce,Pygaera,Animalia,Insecta,https://vvtaxatree.tbn.org.tw/taxa/d92e59a0-5558-41da-bade-3cf578a1ce3b
644ad671-e87f-4a7b-aa79-241c8b8dc184,genus,b96cee5b-0839-4e24-adb2-67de6dda8209,Pyramica,Animalia,Insecta,https://vvtaxatree.tbn.org.tw/taxa/644ad671-e87f-4a7b-aa79-241c8b8dc184
1eb1240f-8c4a-406c-999e-004acb3a501f,genus,dd1754a9-a071-4f9f-b4df-9af761ab545e,Pyrgoma,Animalia,Thecostraca,https://vvtaxatree.tbn.org.tw/taxa/1eb1240f-8c4a-406c-999e-004acb3a501f
96b515a8-b4d5-4d65-a837-bb7a5a07dc46,genus,50c7d935-71c8-4758-8083-e7e879eb732f,Pyrgopsis,Animalia,Cephalopoda,https://vvtaxatree.tbn.org.tw/taxa/96b515a8-b4d5-4d65-a837-bb7a5a07dc46
67296bb0-0462-4974-8913-48389a643a29,genus,3c666e4a-57a8-42bc-8ac8-4124d421c95f,Pyrula,Animalia,Gastropoda,https://vvtaxatree.tbn.org.tw/taxa/67296bb0-0462-4974-8913-48389a643a29
505d04f3-6cf9-43a2-b16f-0dea690f3cbe,genus,c76c0372-f7b7-4d87-978b-74ee5e192852,Pythina,Animalia,Bivalvia,https://vvtaxatree.tbn.org.tw/taxa/505d04f3-6cf9-43a2-b16f-0dea690f3cbe
7c778646-a87e-4122-ae9e-b901599eaeab,genus,5f91a112-50cd-4ab9-aa73-f3fbeb28a909,Rabula,Animalia,Insecta,https://vvtaxatree.tbn.org.tw/taxa/7c778646-a87e-4122-ae9e-b901599eaeab
b8815425-813c-42db-bf63-6f6ea3fd2b56,genus,92504495-67e8-42e8-bb76-26cd5b0826f2,Radinacra,Animalia,Insecta,https://vvtaxatree.tbn.org.tw/taxa/b8815425-813c-42db-bf63-6f6ea3fd2b56
30319195-91af-4ffc-a2d1-9b2f6ae570c0,genus,ee964dcc-2f2f-40a5-9255-3ea96968d1f9,Raia,Animalia,Elasmobranchii,https://vvtaxatree.tbn.org.tw/taxa/30319195-91af-4ffc-a2d1-9b2f6ae570c0
8d253ee1-eeac-4152-b5af-c2a3fc7d21a5,genus,f1b3fb3e-7241-4db8-82ba-eb47c663330e,Rambara,Animalia,Insecta,https://vvtaxatree.tbn.org.tw/taxa/8d253ee1-eeac-4152-b5af-c2a3fc7d21a5
9f2b006a-82ff-4d3c-a086-b68d2f0299b2,genus,2f94a78e-a2c3-462b-a7cd-b46289fbc288,Randallia,Animalia,Malacostraca,https://vvtaxatree.tbn.org.tw/taxa/9f2b006a-82ff-4d3c-a086-b68d2f0299b2
30a466a2-3b86-4ec4-a36d-d15b0891f721,genus,c30e0c97-812c-44b8-b7ca-2ad8c637bbc6,Ranella,Animalia,Gastropoda,https://vvtaxatree.tbn.org.tw/taxa/30a466a2-3b86-4ec4-a36d-d15b0891f721
03498d89-d45c-4125-a99f-b1329dbc3ac8,genus,9976cd9b-eb35-46eb-8e2e-fed700c0c9e9,Rasborinus,Animalia,Actinopteri,https://vvtaxatree.tbn.org.tw/taxa/03498d89-d45c-4125-a99f-b1329dbc3ac8
2d93351b-887a-4d12-939f-ffb4ed6748ed,genus,00ba932c-6b0d-4e1c-bba3-07cbf0f8b47f,Redoa,Animalia,Insecta,https://vvtaxatree.tbn.org.tw/taxa/2d93351b-887a-4d12-939f-ffb4ed6748ed
821e4b0c-e610-4481-8c68-6ac52afed3d1,genus,104ce832-398f-46aa-bf60-76bcbc6a0fe7,Regania,Animalia,Actinopteri,https://vvtaxatree.tbn.org.tw/taxa/821e4b0c-e610-4481-8c68-6ac52afed3d1
6174dc79-4cca-40e3-b428-a0fdc447bc1f,genus,0f2c9a4f-e96d-4fa0-a3b0-03a19e671a75,Regificola,Animalia,Actinopteri,https://vvtaxatree.tbn.org.tw/taxa/6174dc79-4cca-40e3-b428-a0fdc447bc1f
cc5325c0-632d-453e-a131-f06a9483f3ab,genus,00ba932c-6b0d-4e1c-bba3-07cbf0f8b47f,Remigia,Animalia,Insecta,https://vvtaxatree.tbn.org.tw/taxa/cc5325c0-632d-453e-a131-f06a9483f3ab
03b6dd9a-157d-4fb0-84c3-b9bab19219da,genus,ad540402-1f07-4c4b-8ee1-d7c66f0008c1,Remipes,Animalia,Malacostraca,https://vvtaxatree.tbn.org.tw/taxa/03b6dd9a-157d-4fb0-84c3-b9bab19219da
4b9e7365-1bd3-478a-9c32-19c312702b3d,genus,f1b3fb3e-7241-4db8-82ba-eb47c663330e,Remodes,Animalia,Insecta,https://vvtaxatree.tbn.org.tw/taxa/4b9e7365-1bd3-478a-9c32-19c312702b3d
98c24d83-ca04-46c6-9d9d-98fbbad30b2d,genus,25c21c8b-bcd6-4273-94ea-fb32c9f45563,Reniella,Animalia,Bivalvia,https://vvtaxatree.tbn.org.tw/taxa/98c24d83-ca04-46c6-9d9d-98fbbad30b2d
e75140c5-ea26-4074-843a-acb6d2f7c125,genus,5e34f425-c28f-429d-84a3-281853c65127,Reselia,Animalia,Insecta,https://vvtaxatree.tbn.org.tw/taxa/e75140c5-ea26-4074-843a-acb6d2f7c125
54ee42ac-cf8a-436f-8664-60b53e414118,genus,9dc21538-68da-4c7d-93a3-be127ff02b73,Rhinaplomyia,Animalia,Insecta,https://vvtaxatree.tbn.org.tw/taxa/54ee42ac-cf8a-436f-8664-60b53e414118
99ea89e8-7597-4ab1-9eb9-99aac0844c00,genus,71181eb7-3db4-4165-9175-f0b850d86412,Rhinobatus,Animalia,Elasmobranchii,https://vvtaxatree.tbn.org.tw/taxa/99ea89e8-7597-4ab1-9eb9-99aac0844c00
10ad161f-23b3-4f80-be3e-47f265f36da0,genus,86c9057d-54f9-4059-aaae-b58c567a08f6,Rhinobrissus,Animalia,Echinoidea,https://vvtaxatree.tbn.org.tw/taxa/10ad161f-23b3-4f80-be3e-47f265f36da0
77eb6d44-e044-4850-94a1-223ce4850f7e,genus,f1b3fb3e-7241-4db8-82ba-eb47c663330e,Rhinoprora,Animalia,Insecta,https://vvtaxatree.tbn.org.tw/taxa/77eb6d44-e044-4850-94a1-223ce4850f7e
6d58f5cb-a6e3-4076-899e-01c7b3b5e448,genus,ee964dcc-2f2f-40a5-9255-3ea96968d1f9,Rhinopthera,Animalia,Elasmobranchii,https://vvtaxatree.tbn.org.tw/taxa/6d58f5cb-a6e3-4076-899e-01c7b3b5e448
69d46da0-afef-499c-ac9f-d3009c3daadb,genus,92504495-67e8-42e8-bb76-26cd5b0826f2,Rhizogramma,Animalia,Insecta,https://vvtaxatree.tbn.org.tw/taxa/69d46da0-afef-499c-ac9f-d3009c3daadb
85c5a7aa-75cb-47b0-8ff7-aed687a54ea1,genus,78591ce4-ee4d-4ae1-966f-337237bdcb6e,Rhizoiketicus,Animalia,Actinopteri,https://vvtaxatree.tbn.org.tw/taxa/85c5a7aa-75cb-47b0-8ff7-aed687a54ea1
d52e19ed-3b60-4aca-ab8f-8c2d0d3acee2,genus,0e4063af-6e9b-4719-bd7f-5b6dbca73288,Rhizophysa,Animalia,Hydrozoa,https://vvtaxatree.tbn.org.tw/taxa/d52e19ed-3b60-4aca-ab8f-8c2d0d3acee2
6bd85049-3528-4bfd-9f5f-18742f721aa2,genus,90e2cd58-9d9a-44b4-903b-e121d7fc327b,Rhodaria,Animalia,Insecta,https://vvtaxatree.tbn.org.tw/taxa/6bd85049-3528-4bfd-9f5f-18742f721aa2
13e550fd-98a6-4151-bf7b-f71c617f2152,genus,9dc21538-68da-4c7d-93a3-be127ff02b73,Rhodogyne,Animalia,Insecta,https://vvtaxatree.tbn.org.tw/taxa/13e550fd-98a6-4151-bf7b-f71c617f2152
2aacf6df-9778-4a39-9f19-67ab15500fea,genus,f09de0dd-94b4-4a6e-979a-eeea5de3a4aa,Rhodolia,Animalia,Insecta,https://vvtaxatree.tbn.org.tw/taxa/2aacf6df-9778-4a39-9f19-67ab15500fea
2e927a74-19a5-4a44-9391-54d1a2d78149,genus,31de76ba-8a58-41f0-88ee-c0eefe9fa302,Rhomboidichthys,Animalia,Actinopteri,https://vvtaxatree.tbn.org.tw/taxa/2e927a74-19a5-4a44-9391-54d1a2d78149
47c6ad04-5c93-4cd8-ae84-aae7431b224b,genus,688c3415-9e9d-4e67-a546-7e4325f88828,Rhombotides,Animalia,Actinopteri,https://vvtaxatree.tbn.org.tw/taxa/47c6ad04-5c93-4cd8-ae84-aae7431b224b
da2e0da2-b37a-4082-8835-98b8f2300256,genus,31de76ba-8a58-41f0-88ee-c0eefe9fa302,Rhombus,Animalia,Actinopteri,https://vvtaxatree.tbn.org.tw/taxa/da2e0da2-b37a-4082-8835-98b8f2300256
c983f53a-3fb3-4c1e-90f9-cca57112c182,genus,ddb9016c-7499-4cd9-919e-6b436529c410,Rhorella,Animalia,Insecta,https://vvtaxatree.tbn.org.tw/taxa/c983f53a-3fb3-4c1e-90f9-cca57112c182
a27b2ee8-3af0-430c-b47a-667232e770b5,genus,92504495-67e8-42e8-bb76-26cd5b0826f2,Rhyacia,Animalia,Insecta,https://vvtaxatree.tbn.org.tw/taxa/a27b2ee8-3af0-430c-b47a-667232e770b5
8d2d30a4-9bcc-4114-8d4a-47ca5f0735e8,genus,00ba932c-6b0d-4e1c-bba3-07cbf0f8b47f,Rhychina,Animalia,Insecta,https://vvtaxatree.tbn.org.tw/taxa/8d2d30a4-9bcc-4114-8d4a-47ca5f0735e8
15ac4c8b-77be-479c-aab6-46ea7df415eb,genus,29ffc619-61c5-49c3-895f-8c0eb06d2aae,Rhynchites,Animalia,Insecta,https://vvtaxatree.tbn.org.tw/taxa/15ac4c8b-77be-479c-aab6-46ea7df415eb
a995fe6d-b278-40d0-b9c4-aafbec3be49a,genus,cb9d1634-8b08-47fc-96c6-ca6652dc5606,Rhynchobdella,Animalia,Actinopteri,https://vvtaxatree.tbn.org.tw/taxa/a995fe6d-b278-40d0-b9c4-aafbec3be49a
799e65fe-2e77-487c-b75d-6b73786eceff,genus,5e34f425-c28f-429d-84a3-281853c65127,Rhynchopalpus,Animalia,Insecta,https://vvtaxatree.tbn.org.tw/taxa/799e65fe-2e77-487c-b75d-6b73786eceff
79787d63-e6ea-40cd-8c8f-cb768d010c1c,genus,4bc81b13-f9ad-429f-bff7-7542274ad906,Rhynchothrips,Animalia,Insecta,https://vvtaxatree.tbn.org.tw/taxa/79787d63-e6ea-40cd-8c8f-cb768d010c1c
f4982b09-da73-4054-96bd-a08c01dfd0f2,genus,0cce5000-85f6-4bbd-8aa1-e32064f1d76c,Rhyparochromus,Animalia,Insecta,https://vvtaxatree.tbn.org.tw/taxa/f4982b09-da73-4054-96bd-a08c01dfd0f2
67ae9555-41f8-4b96-8e8a-9a85802c6451,genus,89e557c5-bdbe-47e4-b094-2f0f1bf6bd1d,Ricinula,Animalia,Gastropoda,https://vvtaxatree.tbn.org.tw/taxa/67ae9555-41f8-4b96-8e8a-9a85802c6451
66a8b383-210c-498e-a215-541bdec27024,genus,9762194e-4070-4bf4-96be-cdffcbb071b9,Rioxa,Animalia,Insecta,https://vvtaxatree.tbn.org.tw/taxa/66a8b383-210c-498e-a215-541bdec27024
fbf85453-ff3f-40f9-8646-24229e76d29c,genus,b0f22c66-081b-46ad-a745-c6772bd81bcd,Riukiuia,Animalia,Actinopteri,https://vvtaxatree.tbn.org.tw/taxa/fbf85453-ff3f-40f9-8646-24229e76d29c
4370fafc-7d40-4fac-a1cb-a5d95e88f13e,genus,f09de0dd-94b4-4a6e-979a-eeea5de3a4aa,Rodalia,Animalia,Insecta,https://vvtaxatree.tbn.org.tw/taxa/4370fafc-7d40-4fac-a1cb-a5d95e88f13e
48bbb501-be7a-43e1-a8b7-91ecb243fc56,genus,48db933e-f281-48d3-b0ff-56b7a8ecb419,Rostellaria,Animalia,Gastropoda,https://vvtaxatree.tbn.org.tw/taxa/48bbb501-be7a-43e1-a8b7-91ecb243fc56
c2eac086-853a-4623-b993-f9fdcfa7e22d,genus,bb4338f8-1b4e-407c-a5e4-bb77b35996d3,Rudarius,Animalia,Actinopteri,https://vvtaxatree.tbn.org.tw/taxa/c2eac086-853a-4623-b993-f9fdcfa7e22d
e5ae0111-cb0f-4d08-b4a1-43e94af0ecd2,genus,6eace83a-f900-4155-a3fc-c3f528069229,Rupiscartes,Animalia,Actinopteri,https://vvtaxatree.tbn.org.tw/taxa/e5ae0111-cb0f-4d08-b4a1-43e94af0ecd2
e494d30d-d6dd-4429-945c-34804c6c253c,genus,b0f22c66-081b-46ad-a745-c6772bd81bcd,Ruppellia,Animalia,Actinopteri,https://vvtaxatree.tbn.org.tw/taxa/e494d30d-d6dd-4429-945c-34804c6c253c
7fe1642e-5d0b-49d2-b230-61f420f497c3,genus,00ba932c-6b0d-4e1c-bba3-07cbf0f8b47f,Rynchina,Animalia,Insecta,https://vvtaxatree.tbn.org.tw/taxa/7fe1642e-5d0b-49d2-b230-61f420f497c3
c4a2f61b-9d64-43b1-988f-5e87d622ca2c,genus,87342e91-0f42-4f6d-ac79-de05cff51908,Sadarsa,Animalia,Insecta,https://vvtaxatree.tbn.org.tw/taxa/c4a2f61b-9d64-43b1-988f-5e87d622ca2c
843e5190-3eb2-4f8e-9180-03cc86f5144f,genus,e2ddf8e5-2d1f-4b8d-8878-04aac3cfbee0,Salbia,Animalia,Insecta,https://vvtaxatree.tbn.org.tw/taxa/843e5190-3eb2-4f8e-9180-03cc86f5144f
40904cfc-ef14-457b-a875-efc3f07aa8f7,genus,51658d7c-9356-49ad-8f6c-b02b2c0f4f67,Salticus,Animalia,Arachnida,https://vvtaxatree.tbn.org.tw/taxa/40904cfc-ef14-457b-a875-efc3f07aa8f7
2cb1eb1a-262b-428e-9c93-5baa1fd3c86c,genus,e2ddf8e5-2d1f-4b8d-8878-04aac3cfbee0,Samea,Animalia,Insecta,https://vvtaxatree.tbn.org.tw/taxa/2cb1eb1a-262b-428e-9c93-5baa1fd3c86c
46dc3649-27ed-4b89-a682-7f9e16e85983,genus,51658d7c-9356-49ad-8f6c-b02b2c0f4f67,Sandalodes,Animalia,Arachnida,https://vvtaxatree.tbn.org.tw/taxa/46dc3649-27ed-4b89-a682-7f9e16e85983
0c33f7f9-5bed-42bd-88cc-476b153dfbd0,genus,00ba932c-6b0d-4e1c-bba3-07cbf0f8b47f,Sanys,Animalia,Insecta,https://vvtaxatree.tbn.org.tw/taxa/0c33f7f9-5bed-42bd-88cc-476b153dfbd0
1ff01bdf-1b57-4b9d-9662-38820362ae4b,genus,c880e26a-a785-4ad5-bfb6-e0d220ab36ea,Sarmatium,Animalia,Malacostraca,https://vvtaxatree.tbn.org.tw/taxa/1ff01bdf-1b57-4b9d-9662-38820362ae4b
107200ca-fdee-4d45-8a1a-74d1c9a81072,genus,3d56fdfc-4117-44b7-8a03-48b0741e3efd,Saronaga,Animalia,Insecta,https://vvtaxatree.tbn.org.tw/taxa/107200ca-fdee-4d45-8a1a-74d1c9a81072
649487a4-c279-4385-8c1c-039d3b4803ef,genus,11139933-8474-492b-bbb6-7b1baa52bdd8,Sarotes,Animalia,Arachnida,https://vvtaxatree.tbn.org.tw/taxa/649487a4-c279-4385-8c1c-039d3b4803ef
fdabebe4-e78e-46ea-a5b7-566fdc11ea43,genus,ec072ca7-687e-4116-86f3-85159d2db616,Saurus,Animalia,Actinopteri,https://vvtaxatree.tbn.org.tw/taxa/fdabebe4-e78e-46ea-a5b7-566fdc11ea43
34bbe66a-b37b-48c3-8e50-d482ddda2610,genus,31de76ba-8a58-41f0-88ee-c0eefe9fa302,Scaeops,Animalia,Actinopteri,https://vvtaxatree.tbn.org.tw/taxa/34bbe66a-b37b-48c3-8e50-d482ddda2610
3a36be10-254a-4488-8148-caf55038ac60,genus,7b3161d5-6c11-4f8e-820e-51324a395768,Scaeva,Animalia,Insecta,https://vvtaxatree.tbn.org.tw/taxa/3a36be10-254a-4488-8148-caf55038ac60
ac67fb1c-a35d-4f80-9272-3a9960a62b13,genus,bb3d879b-80a0-4777-819d-9e5608512428,Scalida,Animalia,Insecta,https://vvtaxatree.tbn.org.tw/taxa/ac67fb1c-a35d-4f80-9272-3a9960a62b13
52284e5d-b5de-4bc7-81ce-f0f0307c2d76,genus,cf3e469d-02bd-4dbb-b22c-3c06d97d3765,Scantius,Animalia,Insecta,https://vvtaxatree.tbn.org.tw/taxa/52284e5d-b5de-4bc7-81ce-f0f0307c2d76
7369b27d-5349-4b24-a312-6782948276db,genus,9976cd9b-eb35-46eb-8e2e-fed700c0c9e9,Scaphiodontella,Animalia,Actinopteri,https://vvtaxatree.tbn.org.tw/taxa/7369b27d-5349-4b24-a312-6782948276db
d187ebed-1dc9-4a91-8a46-24df1cbf470b,genus,5f91a112-50cd-4ab9-aa73-f3fbeb28a909,Scarabaeus,Animalia,Insecta,https://vvtaxatree.tbn.org.tw/taxa/d187ebed-1dc9-4a91-8a46-24df1cbf470b
d4357c41-3149-4f6f-9efd-ff8882990fd8,genus,9dfd458a-b561-48f8-8d50-f2bdb25bf856,Scaradon,Animalia,Actinopteri,https://vvtaxatree.tbn.org.tw/taxa/d4357c41-3149-4f6f-9efd-ff8882990fd8
9a6cc291-075f-451e-a7d0-24d10cf48a69,genus,0f0ae753-c82b-43ee-a961-c6a802a4cb65,Scasiba,Animalia,Insecta,https://vvtaxatree.tbn.org.tw/taxa/9a6cc291-075f-451e-a7d0-24d10cf48a69
07e5b264-7b96-48da-9ce2-5c71c8c24b61,genus,3047f98a-56e2-42dd-aa33-ba80638bc539,Scatophaga,Animalia,Insecta,https://vvtaxatree.tbn.org.tw/taxa/07e5b264-7b96-48da-9ce2-5c71c8c24b61
76aeadad-b11a-4a84-a8e1-2b013e130818,genus,ab2dc09f-1c86-43e6-b8fa-22cfbe322a9a,Schistoperla,Animalia,Insecta,https://vvtaxatree.tbn.org.tw/taxa/76aeadad-b11a-4a84-a8e1-2b013e130818
ba715fa3-3be1-4ee4-95f9-6f0210096d37,genus,24c32a3f-934c-421e-afc9-6afe8f54929f,Schizoneuraphis,Animalia,Insecta,https://vvtaxatree.tbn.org.tw/taxa/ba715fa3-3be1-4ee4-95f9-6f0210096d37
686b93c1-f235-471f-9680-5b5e4646c246,genus,e42edd54-739e-49e3-94c1-4f9667e701ec,Schmidtia,Animalia,Actinopteri,https://vvtaxatree.tbn.org.tw/taxa/686b93c1-f235-471f-9680-5b5e4646c246
3d4a04d5-cb6f-4705-8687-b1297c572352,genus,4acb7218-5e23-4697-9bf5-df5c38440a6a,Scleropterus,Animalia,Insecta,https://vvtaxatree.tbn.org.tw/taxa/3d4a04d5-cb6f-4705-8687-b1297c572352
63262698-da96-4055-8806-4c9ba581e799,genus,42212cda-8743-48ec-9de6-2cb4c075e3c7,Scoliophis,Animalia,Elasmobranchii,https://vvtaxatree.tbn.org.tw/taxa/63262698-da96-4055-8806-4c9ba581e799
f77a862e-25a6-4b3f-bce0-8fb8b22ed505,genus,9dc21538-68da-4c7d-93a3-be127ff02b73,Scologaster,Animalia,Insecta,https://vvtaxatree.tbn.org.tw/taxa/f77a862e-25a6-4b3f-bce0-8fb8b22ed505
cf22bdfc-1307-425c-9d80-18c34b7f88ef,genus,2c6d6383-133e-4523-8a76-290bbc0c43ee,Scolopsides,Animalia,Actinopteri,https://vvtaxatree.tbn.org.tw/taxa/cf22bdfc-1307-425c-9d80-18c34b7f88ef
8782d1ae-cb2c-4a80-9a18-c4cfab7ecd27,genus,5110f615-694a-41ee-926a-ab35df89c3e8,Scopelus,Animalia,Actinopteri,https://vvtaxatree.tbn.org.tw/taxa/8782d1ae-cb2c-4a80-9a18-c4cfab7ecd27
5e83215b-d32a-4eac-8df8-20b8a5510c14,genus,401e92f6-c0d4-43d5-9e90-1fc559c1fb53,Scorpis,Animalia,Actinopteri,https://vvtaxatree.tbn.org.tw/taxa/5e83215b-d32a-4eac-8df8-20b8a5510c14
96d0aaba-0241-47f1-819a-a0667cd878aa,genus,f1b3fb3e-7241-4db8-82ba-eb47c663330e,Scotosia,Animalia,Insecta,https://vvtaxatree.tbn.org.tw/taxa/96d0aaba-0241-47f1-819a-a0667cd878aa
0ce5c312-7252-4501-bd9a-b60f98d6b38c,genus,1681cecd-db08-4a5e-aebd-34d973161771,Scrapter,Animalia,Insecta,https://vvtaxatree.tbn.org.tw/taxa/0ce5c312-7252-4501-bd9a-b60f98d6b38c
f7263ef5-f387-450d-959e-b67d9747b5b6,genus,1912f9f1-4830-4c7a-bf31-0e5b4331c416,Scutella,Animalia,Echinoidea,https://vvtaxatree.tbn.org.tw/taxa/f7263ef5-f387-450d-959e-b67d9747b5b6
2c2e5449-f684-46fc-8d2b-f61056f25bef,genus,b164097a-5b28-4493-9d21-013fe5d51539,Scutellastra,Animalia,Gastropoda,https://vvtaxatree.tbn.org.tw/taxa/2c2e5449-f684-46fc-8d2b-f61056f25bef
aa14a9d5-aa9c-45a7-88f5-e8bba5810dd3,genus,f09de0dd-94b4-4a6e-979a-eeea5de3a4aa,Scvmnus,Animalia,Insecta,https://vvtaxatree.tbn.org.tw/taxa/aa14a9d5-aa9c-45a7-88f5-e8bba5810dd3
75e385cc-ed8c-4343-a9a2-efb6706405dc,genus,087d11b4-d066-4371-a4e9-498739f6cdb8,Scyllia,Animalia,Elasmobranchii,https://vvtaxatree.tbn.org.tw/taxa/75e385cc-ed8c-4343-a9a2-efb6706405dc
b4f95717-cd80-41fa-8342-3cb5f4561355,genus,9e3fbe72-2444-422e-916f-0052fe242811,Scyllium,Animalia,Elasmobranchii,https://vvtaxatree.tbn.org.tw/taxa/b4f95717-cd80-41fa-8342-3cb5f4561355
b026edef-e128-4366-8137-aa6f9588dbd8,genus,3d921242-6b1d-4da2-b122-291f4d759fb6,Scymnorhinus,Animalia,Elasmobranchii,https://vvtaxatree.tbn.org.tw/taxa/b026edef-e128-4366-8137-aa6f9588dbd8
26ac8c46-657f-423c-9f53-bbfcfb65f1b8,genus,0f2c9a4f-e96d-4fa0-a3b0-03a19e671a75,Scyris,Animalia,Actinopteri,https://vvtaxatree.tbn.org.tw/taxa/26ac8c46-657f-423c-9f53-bbfcfb65f1b8
d02edd51-df50-482c-bba8-daf5baa01495,genus,214a79d9-27d4-41cd-bbbb-044a48a17b75,Scytaster,Animalia,Asteroidea,https://vvtaxatree.tbn.org.tw/taxa/d02edd51-df50-482c-bba8-daf5baa01495
b7c09115-fc23-4def-b4fa-7954c7e8a3a7,genus,ce2e87c7-927e-4f21-a7e6-fa07176693df,Sebastella,Animalia,Actinopteri,https://vvtaxatree.tbn.org.tw/taxa/b7c09115-fc23-4def-b4fa-7954c7e8a3a7
792e1c17-316c-4934-922f-8f7df01094b2,genus,ce2e87c7-927e-4f21-a7e6-fa07176693df,Sebastopsis,Animalia,Actinopteri,https://vvtaxatree.tbn.org.tw/taxa/792e1c17-316c-4934-922f-8f7df01094b2
1b3d54b5-8bf9-41cd-b2e9-7e98bb1c8503,genus,f1b3fb3e-7241-4db8-82ba-eb47c663330e,Sebastosema,Animalia,Insecta,https://vvtaxatree.tbn.org.tw/taxa/1b3d54b5-8bf9-41cd-b2e9-7e98bb1c8503
3ada8e33-29a8-4018-88b1-a6d23d6db4be,genus,f1b3fb3e-7241-4db8-82ba-eb47c663330e,Seicanaphe,Animalia,Insecta,https://vvtaxatree.tbn.org.tw/taxa/3ada8e33-29a8-4018-88b1-a6d23d6db4be
161fd53e-1ab6-4575-9d25-f1be5e59a878,genus,5e34f425-c28f-429d-84a3-281853c65127,Selca,Animalia,Insecta,https://vvtaxatree.tbn.org.tw/taxa/161fd53e-1ab6-4575-9d25-f1be5e59a878
c21a8f15-8e61-4d07-9356-9ed4f0d7997c,genus,00ba932c-6b0d-4e1c-bba3-07cbf0f8b47f,Selenis,Animalia,Insecta,https://vvtaxatree.tbn.org.tw/taxa/c21a8f15-8e61-4d07-9356-9ed4f0d7997c
0e88f432-0769-4e8a-9089-8e979fef5b52,genus,50583e36-4bb6-46ee-a6a6-ab5b65fbcf10,Semasia,Animalia,Insecta,https://vvtaxatree.tbn.org.tw/taxa/0e88f432-0769-4e8a-9089-8e979fef5b52
ca00143e-2c17-4279-9079-73fc4b15ba6c,genus,f1b3fb3e-7241-4db8-82ba-eb47c663330e,Semiothisa,Animalia,Insecta,https://vvtaxatree.tbn.org.tw/taxa/ca00143e-2c17-4279-9079-73fc4b15ba6c
741d8ec3-7eaa-4933-b475-c109a2b69cf1,genus,1131b154-b566-4960-a987-83e33cc4662b,Sepiola,Animalia,Cephalopoda,https://vvtaxatree.tbn.org.tw/taxa/741d8ec3-7eaa-4933-b475-c109a2b69cf1
f46182a3-1a2b-4ac8-a79f-79bd4137fa5a,genus,0f0f2713-3ddb-4161-8357-aa5c7dc330ff,Serpa,Animalia,Actinopteri,https://vvtaxatree.tbn.org.tw/taxa/f46182a3-1a2b-4ac8-a79f-79bd4137fa5a
2c26233b-2086-4a8b-a973-9292fcfeee46,genus,c880e26a-a785-4ad5-bfb6-e0d220ab36ea,Sesarma,Animalia,Malacostraca,https://vvtaxatree.tbn.org.tw/taxa/2c26233b-2086-4a8b-a973-9292fcfeee46
a1fb3210-8ffe-44e9-8527-21882edfee44,genus,00ba932c-6b0d-4e1c-bba3-07cbf0f8b47f,Setinochroa,Animalia,Insecta,https://vvtaxatree.tbn.org.tw/taxa/a1fb3210-8ffe-44e9-8527-21882edfee44
3a916137-fa12-4e30-ade1-98bc7f97d4ac,genus,b0f22c66-081b-46ad-a745-c6772bd81bcd,Seychellea,Animalia,Actinopteri,https://vvtaxatree.tbn.org.tw/taxa/3a916137-fa12-4e30-ade1-98bc7f97d4ac
6aeca420-6233-4ba1-be1b-5419dcc32316,genus,e9ce7860-2a09-4f25-9816-28e8e23672ce,Shachihoka,Animalia,Insecta,https://vvtaxatree.tbn.org.tw/taxa/6aeca420-6233-4ba1-be1b-5419dcc32316
52aab6b4-0988-44a9-88fa-abf70ba5bc80,genus,f09de0dd-94b4-4a6e-979a-eeea5de3a4aa,Shinghikalia,Animalia,Insecta,https://vvtaxatree.tbn.org.tw/taxa/52aab6b4-0988-44a9-88fa-abf70ba5bc80
bb87be02-abac-4d2d-8571-507d7731283e,genus,a8a67989-0d4c-4e23-950b-e866ca26e3ec,Shisa,Animalia,Insecta,https://vvtaxatree.tbn.org.tw/taxa/bb87be02-abac-4d2d-8571-507d7731283e
8ceb28b3-a799-4384-a305-bfaf4962ed67,genus,90e2cd58-9d9a-44b4-903b-e121d7fc327b,Sialocyttara,Animalia,Insecta,https://vvtaxatree.tbn.org.tw/taxa/8ceb28b3-a799-4384-a305-bfaf4962ed67
9e70bbb0-1465-4b54-91d5-ca94af73f03b,genus,b0f22c66-081b-46ad-a745-c6772bd81bcd,Sicydium,Animalia,Actinopteri,https://vvtaxatree.tbn.org.tw/taxa/9e70bbb0-1465-4b54-91d5-ca94af73f03b
0b7636f7-4b04-4152-9d2b-37c0667b355f,genus,b0f22c66-081b-46ad-a745-c6772bd81bcd,Sicyogaster,Animalia,Actinopteri,https://vvtaxatree.tbn.org.tw/taxa/0b7636f7-4b04-4152-9d2b-37c0667b355f
34417ae7-32d3-41e1-b2b8-fb46a679df4c,genus,51658d7c-9356-49ad-8f6c-b02b2c0f4f67,Sidusa,Animalia,Arachnida,https://vvtaxatree.tbn.org.tw/taxa/34417ae7-32d3-41e1-b2b8-fb46a679df4c
bac8fb33-f0a9-4b6a-9ccd-1b377dd26455,genus,c82817d0-cf68-4b71-8c28-b321f236972b,Sigaretus,Animalia,Gastropoda,https://vvtaxatree.tbn.org.tw/taxa/bac8fb33-f0a9-4b6a-9ccd-1b377dd26455
22be931d-ef7e-45be-bdf7-98b029840f7a,genus,f1b3fb3e-7241-4db8-82ba-eb47c663330e,Silabraxas,Animalia,Insecta,https://vvtaxatree.tbn.org.tw/taxa/22be931d-ef7e-45be-bdf7-98b029840f7a
c44cd1ea-e5d4-4830-b498-2a1ac65113b1,genus,51658d7c-9356-49ad-8f6c-b02b2c0f4f67,Silerella,Animalia,Arachnida,https://vvtaxatree.tbn.org.tw/taxa/c44cd1ea-e5d4-4830-b498-2a1ac65113b1
586c2e8f-73f1-4f14-bf5a-ea884605b144,genus,5ea08e93-5c90-4549-bf32-c2b67b0b025b,Silphodes,Animalia,Insecta,https://vvtaxatree.tbn.org.tw/taxa/586c2e8f-73f1-4f14-bf5a-ea884605b144
099a3d4c-88d0-4d8a-a9bc-91df64baf4ea,genus,50583e36-4bb6-46ee-a6a6-ab5b65fbcf10,Simaethis,Animalia,Insecta,https://vvtaxatree.tbn.org.tw/taxa/099a3d4c-88d0-4d8a-a9bc-91df64baf4ea
d9767e8a-c208-4c5f-a14f-3eee8936ee44,genus,51658d7c-9356-49ad-8f6c-b02b2c0f4f67,Simonella,Animalia,Arachnida,https://vvtaxatree.tbn.org.tw/taxa/d9767e8a-c208-4c5f-a14f-3eee8936ee44
e5e93013-379c-4730-b544-6cbdf820726c,genus,2578c6fe-baf3-4d08-a010-d0f72d5bd930,Simotes,Animalia,Reptilia,https://vvtaxatree.tbn.org.tw/taxa/e5e93013-379c-4730-b544-6cbdf820726c
fbfe8e28-fba2-43ca-9cfb-bc9a414257a6,genus,149e4f10-30b2-4428-97cd-b0cdffe033be,Sinautilus,Animalia,Cephalopoda,https://vvtaxatree.tbn.org.tw/taxa/fbfe8e28-fba2-43ca-9cfb-bc9a414257a6
9a487def-f292-4c0c-8d58-7a21eef4dda5,genus,81c1864f-197f-4486-956c-b240c5ec2923,Singa,Animalia,Arachnida,https://vvtaxatree.tbn.org.tw/taxa/9a487def-f292-4c0c-8d58-7a21eef4dda5
639847cf-810a-4b92-a737-d1f6e38d9b36,genus,90e2cd58-9d9a-44b4-903b-e121d7fc327b,Singhaliella,Animalia,Insecta,https://vvtaxatree.tbn.org.tw/taxa/639847cf-810a-4b92-a737-d1f6e38d9b36
ed6d1fab-9a73-4448-9d12-3f10cf78ee1a,genus,51658d7c-9356-49ad-8f6c-b02b2c0f4f67,Sinis,Animalia,Arachnida,https://vvtaxatree.tbn.org.tw/taxa/ed6d1fab-9a73-4448-9d12-3f10cf78ee1a
986bdbe3-8058-43ab-abb4-a4b683e65458,genus,b1b001ee-5540-46b7-80e0-192f6e15b7c5,Siphocoryne,Animalia,Insecta,https://vvtaxatree.tbn.org.tw/taxa/986bdbe3-8058-43ab-abb4-a4b683e65458
0b8089ef-bfe1-413b-86dc-04453fa9c2f1,genus,e2ddf8e5-2d1f-4b8d-8878-04aac3cfbee0,Siriocauta,Animalia,Insecta,https://vvtaxatree.tbn.org.tw/taxa/0b8089ef-bfe1-413b-86dc-04453fa9c2f1
4da67774-c2a4-47c3-9b5a-b6d46ae59c41,genus,ec86e787-9771-4842-a972-7e9a44168f7e,Sitala,Animalia,Gastropoda,https://vvtaxatree.tbn.org.tw/taxa/4da67774-c2a4-47c3-9b5a-b6d46ae59c41
a842f022-41bb-4cbd-bc99-f78bfc99c267,genus,10b31f54-da3f-435a-bb71-00dc3b0acb17,Smaris,Animalia,Actinopteri,https://vvtaxatree.tbn.org.tw/taxa/a842f022-41bb-4cbd-bc99-f78bfc99c267
d52b9752-86e4-485e-a0c1-b9f92a409620,genus,834af5c5-b52b-4dfd-b66d-7239245062b1,Smerintlms,Animalia,Insecta,https://vvtaxatree.tbn.org.tw/taxa/d52b9752-86e4-485e-a0c1-b9f92a409620
d86fb463-39f9-4957-9e29-7d73d394281f,genus,a008ff98-4b23-468a-9d3f-1f8db111f9f1,Solengnathus,Animalia,Actinopteri,https://vvtaxatree.tbn.org.tw/taxa/d86fb463-39f9-4957-9e29-7d73d394281f
9b017aca-000f-416a-abec-4866875f2c5a,genus,2ed23d55-a89f-4078-9bc9-ca944c796a8f,Solenichthys,Animalia,Actinopteri,https://vvtaxatree.tbn.org.tw/taxa/9b017aca-000f-416a-abec-4866875f2c5a
2ca249e3-6228-4a1a-be4c-db58eadea0e2,genus,a008ff98-4b23-468a-9d3f-1f8db111f9f1,Solenognathus,Animalia,Actinopteri,https://vvtaxatree.tbn.org.tw/taxa/2ca249e3-6228-4a1a-be4c-db58eadea0e2
643a8fcc-0df1-4c9e-9a00-cf03288a3f4b,genus,e2ddf8e5-2d1f-4b8d-8878-04aac3cfbee0,Somea,Animalia,Insecta,https://vvtaxatree.tbn.org.tw/taxa/643a8fcc-0df1-4c9e-9a00-cf03288a3f4b
f9138e76-a6ec-4e25-9f45-21ca0af2ebdd,genus,9645543f-0f9d-4f94-aa6c-d97e5f73acb8,Somomya,Animalia,Insecta,https://vvtaxatree.tbn.org.tw/taxa/f9138e76-a6ec-4e25-9f45-21ca0af2ebdd
14cf90bd-fade-414c-8ec0-647ff145948f,genus,9645543f-0f9d-4f94-aa6c-d97e5f73acb8,Somomyia,Animalia,Insecta,https://vvtaxatree.tbn.org.tw/taxa/14cf90bd-fade-414c-8ec0-647ff145948f
f3523671-fd97-43b6-a5b9-feac6fd5f23b,genus,00ba932c-6b0d-4e1c-bba3-07cbf0f8b47f,Sophronia,Animalia,Insecta,https://vvtaxatree.tbn.org.tw/taxa/f3523671-fd97-43b6-a5b9-feac6fd5f23b
0210fe58-3d8d-42a4-b350-9c0678c1658e,genus,545462f2-08c0-45cc-8978-83ef22c0ee51,Soriculus,Animalia,Mammalia,https://vvtaxatree.tbn.org.tw/taxa/0210fe58-3d8d-42a4-b350-9c0678c1658e
87b08815-9308-4f4f-9f1e-3f18d098644a,genus,f6eb6f71-6c39-40a2-bdb6-341ec90ea95f,Spaeroderma,Animalia,Insecta,https://vvtaxatree.tbn.org.tw/taxa/87b08815-9308-4f4f-9f1e-3f18d098644a
8655fdb6-336b-4a21-859f-8a17d3cefcdc,genus,9dc21538-68da-4c7d-93a3-be127ff02b73,Spallanzania,Animalia,Insecta,https://vvtaxatree.tbn.org.tw/taxa/8655fdb6-336b-4a21-859f-8a17d3cefcdc
5e183b8f-00c6-4666-8180-118685316917,genus,2578c6fe-baf3-4d08-a010-d0f72d5bd930,Spaniopholis,Animalia,Reptilia,https://vvtaxatree.tbn.org.tw/taxa/5e183b8f-00c6-4666-8180-118685316917
c3e51c1d-e6fc-4d5d-bc31-47c74ba51686,genus,10b31f54-da3f-435a-bb71-00dc3b0acb17,Sparus,Animalia,Actinopteri,https://vvtaxatree.tbn.org.tw/taxa/c3e51c1d-e6fc-4d5d-bc31-47c74ba51686
7a5f6e04-fdc0-4484-84e7-e77b898a2f94,genus,7bd6a315-321e-4b7a-aeb2-a7baf8cdec40,Sphaerodon,Animalia,Actinopteri,https://vvtaxatree.tbn.org.tw/taxa/7a5f6e04-fdc0-4484-84e7-e77b898a2f94
3ded6745-c1b5-48ff-9111-f773546362b9,genus,975b6843-473c-42e9-8646-24b96daada45,Sphagebranchus,Animalia,Actinopteri,https://vvtaxatree.tbn.org.tw/taxa/3ded6745-c1b5-48ff-9111-f773546362b9
efd2fc79-0d0d-4f78-992a-76ddefa86435,genus,9762194e-4070-4bf4-96be-cdffcbb071b9,Spheniscomyia,Animalia,Insecta,https://vvtaxatree.tbn.org.tw/taxa/efd2fc79-0d0d-4f78-992a-76ddefa86435
b0f038ac-7f24-483c-8f4a-319b231847fa,genus,1db7ef1d-64b7-4113-9ed8-5dea37a402e4,Spheroides,Animalia,Actinopteri,https://vvtaxatree.tbn.org.tw/taxa/b0f038ac-7f24-483c-8f4a-319b231847fa
be197b94-8913-4acf-9d8c-edfb3b8c46f9,genus,0ce4505e-4004-471f-a13d-b0ec268e49b0,Sphyracephala,Animalia,Insecta,https://vvtaxatree.tbn.org.tw/taxa/be197b94-8913-4acf-9d8c-edfb3b8c46f9
646d74d5-9838-4ad1-a19d-ff7eb0610517,genus,3d56fdfc-4117-44b7-8a03-48b0741e3efd,Spilobasis,Animalia,Insecta,https://vvtaxatree.tbn.org.tw/taxa/646d74d5-9838-4ad1-a19d-ff7eb0610517
91b150d7-a8d5-48a1-95ef-6ea98ce1b98a,genus,c3cf14a5-daf1-434a-a300-11d5b388289f,Spilogaster,Animalia,Insecta,https://vvtaxatree.tbn.org.tw/taxa/91b150d7-a8d5-48a1-95ef-6ea98ce1b98a
8ba6bce5-4a6e-45fa-9869-f56e7855569e,genus,9762194e-4070-4bf4-96be-cdffcbb071b9,Spilographa,Animalia,Insecta,https://vvtaxatree.tbn.org.tw/taxa/8ba6bce5-4a6e-45fa-9869-f56e7855569e
d27c17fb-0fed-4dbd-a2b4-1128c263899a,genus,f1b3fb3e-7241-4db8-82ba-eb47c663330e,Spilopera,Animalia,Insecta,https://vvtaxatree.tbn.org.tw/taxa/d27c17fb-0fed-4dbd-a2b4-1128c263899a
93749734-5987-4d50-87fa-a247827b898f,genus,2dbd49ad-ea9c-46ff-be97-e337b40007e5,Spinapsaron,Animalia,Actinopteri,https://vvtaxatree.tbn.org.tw/taxa/93749734-5987-4d50-87fa-a247827b898f
471ba84c-3234-4940-a94b-87999d7a68aa,genus,7da5f764-92c8-440e-9e69-bccf0d6b23f6,Spinax,Animalia,Elasmobranchii,https://vvtaxatree.tbn.org.tw/taxa/471ba84c-3234-4940-a94b-87999d7a68aa
767889be-4e5d-4d0b-b17b-90d0cd7948af,genus,4192bc95-820b-42d5-affa-a9810c3bfe00,Spinirhombus,Animalia,Actinopteri,https://vvtaxatree.tbn.org.tw/taxa/767889be-4e5d-4d0b-b17b-90d0cd7948af
23fdbb8f-cbec-4678-9483-0b596126f6af,genus,9489ea78-e128-4475-b835-1c6a2782eaba,Spratella,Animalia,Actinopteri,https://vvtaxatree.tbn.org.tw/taxa/23fdbb8f-cbec-4678-9483-0b596126f6af
ddad3fd0-bf58-4dec-942e-24cbfa62eeae,genus,6f4ea5f6-c7be-4882-a333-7d8994a6e4e4,Springeria,Animalia,Elasmobranchii,https://vvtaxatree.tbn.org.tw/taxa/ddad3fd0-bf58-4dec-942e-24cbfa62eeae
e64bcd8c-d725-4c14-8855-4edbb0fd8acc,genus,9976cd9b-eb35-46eb-8e2e-fed700c0c9e9,Squaliobarbus,Animalia,Actinopteri,https://vvtaxatree.tbn.org.tw/taxa/e64bcd8c-d725-4c14-8855-4edbb0fd8acc
69a1a148-bf12-437a-9f3a-e533fea157b1,genus,ab09a45d-4427-41a2-a670-6c2a67fde944,Squalis,Animalia,Elasmobranchii,https://vvtaxatree.tbn.org.tw/taxa/69a1a148-bf12-437a-9f3a-e533fea157b1
c621dc2a-752a-4701-b48d-a8bfc6a0e994,genus,f4e21365-e032-456a-bf10-e7d8117fb7da,Squilla,Animalia,Malacostraca,https://vvtaxatree.tbn.org.tw/taxa/c621dc2a-752a-4701-b48d-a8bfc6a0e994
a3e76301-5c8b-44cc-859f-cb1642ff277f,genus,5dd2c9f4-0205-4859-b61e-320e967615c0,Stachyris,Animalia,Aves,https://vvtaxatree.tbn.org.tw/taxa/a3e76301-5c8b-44cc-859f-cb1642ff277f
0fb02d25-59e7-401d-a437-084120542349,genus,81c1864f-197f-4486-956c-b240c5ec2923,Stanneoclavis,Animalia,Arachnida,https://vvtaxatree.tbn.org.tw/taxa/0fb02d25-59e7-401d-a437-084120542349
fc094559-b6d2-484e-86f2-aece8f789256,genus,997a0e83-3bf6-4cba-b79c-92cd9d3ad761,Staphylinus,Animalia,Insecta,https://vvtaxatree.tbn.org.tw/taxa/fc094559-b6d2-484e-86f2-aece8f789256
58944d07-d326-4067-8cea-7adcd47ffc5f,genus,50583e36-4bb6-46ee-a6a6-ab5b65fbcf10,Steganoptycha,Animalia,Insecta,https://vvtaxatree.tbn.org.tw/taxa/58944d07-d326-4067-8cea-7adcd47ffc5f
bb81e3d5-098f-4bf9-a90f-a37fef901e8e,genus,602104c2-5779-45db-8532-579075e8f731,Stegopterna,Animalia,Insecta,https://vvtaxatree.tbn.org.tw/taxa/bb81e3d5-098f-4bf9-a90f-a37fef901e8e
a4858cec-156a-49bb-8a67-02077542ff06,genus,b939ee73-fe53-43fb-804e-a27e99f96a85,Steinegeria,Animalia,Actinopteri,https://vvtaxatree.tbn.org.tw/taxa/a4858cec-156a-49bb-8a67-02077542ff06
d9e66533-40df-4fe0-98e9-609e75f5a822,genus,87342e91-0f42-4f6d-ac79-de05cff51908,Steiria,Animalia,Insecta,https://vvtaxatree.tbn.org.tw/taxa/d9e66533-40df-4fe0-98e9-609e75f5a822
358202b8-e285-4440-8e32-759a2061beca,genus,96263d48-9383-4517-9831-72f1222d2045,Steirodon,Animalia,Insecta,https://vvtaxatree.tbn.org.tw/taxa/358202b8-e285-4440-8e32-759a2061beca
d763baa2-ee89-4f33-b4e5-b45c094ed31c,genus,f1b3fb3e-7241-4db8-82ba-eb47c663330e,Steirophora,Animalia,Insecta,https://vvtaxatree.tbn.org.tw/taxa/d763baa2-ee89-4f33-b4e5-b45c094ed31c
96265c0a-9c3a-4406-b5db-6c655acc998b,genus,b7226c1d-2ff6-4bdf-83fb-6e13956802c7,Steleochaeta,Animalia,Insecta,https://vvtaxatree.tbn.org.tw/taxa/96265c0a-9c3a-4406-b5db-6c655acc998b
3fc12979-4810-427e-860e-e2fe7d1e8009,genus,8780927f-1d0e-431a-ad24-2a89dd2a2b2e,Stellio,Animalia,Reptilia,https://vvtaxatree.tbn.org.tw/taxa/3fc12979-4810-427e-860e-e2fe7d1e8009
2577ed32-5150-4b57-a5c1-f55188213b6a,genus,6af85764-b1ca-435e-9bb9-0b52ccec94e0,Stenocallimerus,Animalia,Insecta,https://vvtaxatree.tbn.org.tw/taxa/2577ed32-5150-4b57-a5c1-f55188213b6a
3d241deb-39df-4944-998d-d4ea474c358e,genus,e9ce7860-2a09-4f25-9816-28e8e23672ce,Stenoshachia,Animalia,Insecta,https://vvtaxatree.tbn.org.tw/taxa/3d241deb-39df-4944-998d-d4ea474c358e
d8ede4d2-9a16-47ec-ab9e-9c94fc8ccc37,genus,4ea9445b-0ace-4f2a-b920-64930db99a5f,Stephanocora,Animalia,Hexacorallia,https://vvtaxatree.tbn.org.tw/taxa/d8ede4d2-9a16-47ec-ab9e-9c94fc8ccc37
e4ca934f-770b-4d2e-890e-7f110fd69361,genus,1b531ca7-b1d0-4eeb-9a56-7a22be914dad,Stephanomia,Animalia,Hydrozoa,https://vvtaxatree.tbn.org.tw/taxa/e4ca934f-770b-4d2e-890e-7f110fd69361
22a1a8b8-c0f3-429b-8384-a6859ebd4b98,genus,9b614029-f3df-449d-9f8d-3e676d68c1a2,Stephanops,Animalia,Eurotatoria,https://vvtaxatree.tbn.org.tw/taxa/22a1a8b8-c0f3-429b-8384-a6859ebd4b98
43c755fe-e1ce-4e51-847c-f9d7258c6787,genus,1131b154-b566-4960-a987-83e33cc4662b,Stephanoteuthis,Animalia,Cephalopoda,https://vvtaxatree.tbn.org.tw/taxa/43c755fe-e1ce-4e51-847c-f9d7258c6787
90324622-dfa1-4fd5-983b-98ee186bb6f5,genus,8869f7eb-5e7e-4aba-87c0-df7af433de80,Sternoplistes,Animalia,Insecta,https://vvtaxatree.tbn.org.tw/taxa/90324622-dfa1-4fd5-983b-98ee186bb6f5
ff61a6eb-3ff7-4275-bd53-03def624f2d4,genus,d158e46d-7cc4-4bd9-98ee-a24a22f8eabf,Sternopteryx,Animalia,Actinopteri,https://vvtaxatree.tbn.org.tw/taxa/ff61a6eb-3ff7-4275-bd53-03def624f2d4
d672f3ec-cc99-40d7-83c7-49e29bb305e4,genus,f1b3fb3e-7241-4db8-82ba-eb47c663330e,Sterrha,Animalia,Insecta,https://vvtaxatree.tbn.org.tw/taxa/d672f3ec-cc99-40d7-83c7-49e29bb305e4
f58d3459-92d3-4df9-b170-28486af10f94,genus,b3f048e9-86ca-4b63-b803-feb47f43d735,Stethopoma,Animalia,Arachnida,https://vvtaxatree.tbn.org.tw/taxa/f58d3459-92d3-4df9-b170-28486af10f94
b05d0e93-5b25-40b8-8b73-d5ed82af886d,genus,93208057-f219-4fd6-a170-da79f0f36604,Sthenopleura,Animalia,Insecta,https://vvtaxatree.tbn.org.tw/taxa/b05d0e93-5b25-40b8-8b73-d5ed82af886d
13f6d2dd-8493-4df2-ac2c-160c584a9267,genus,90ab3438-5b02-4145-92fa-ffe62912e0bc,Stictonotus,Animalia,Insecta,https://vvtaxatree.tbn.org.tw/taxa/13f6d2dd-8493-4df2-ac2c-160c584a9267
a5ff5a60-2c79-4fad-a259-d6f58924e176,genus,b0f22c66-081b-46ad-a745-c6772bd81bcd,Stigmatogobius,Animalia,Actinopteri,https://vvtaxatree.tbn.org.tw/taxa/a5ff5a60-2c79-4fad-a259-d6f58924e176
eda5d364-ef45-4f30-bbd4-fac12377fe4e,genus,00ba932c-6b0d-4e1c-bba3-07cbf0f8b47f,Stilpnotia,Animalia,Insecta,https://vvtaxatree.tbn.org.tw/taxa/eda5d364-ef45-4f30-bbd4-fac12377fe4e
a1f1adc7-28c2-4579-8a7e-f4f35059bf7c,genus,1131b154-b566-4960-a987-83e33cc4662b,Stoloteuthis,Animalia,Cephalopoda,https://vvtaxatree.tbn.org.tw/taxa/a1f1adc7-28c2-4579-8a7e-f4f35059bf7c
644d515b-6e19-4652-8749-0f8580cb9f7f,genus,f88b5250-9f22-4160-8410-164eff3407e4,Stomatoceras,Animalia,Insecta,https://vvtaxatree.tbn.org.tw/taxa/644d515b-6e19-4652-8749-0f8580cb9f7f
b32939cc-7599-41cf-888d-31de96f96fa3,genus,d01a8b70-a89b-4605-93ec-7cfaebac74e9,Stomianodon,Animalia,Actinopteri,https://vvtaxatree.tbn.org.tw/taxa/b32939cc-7599-41cf-888d-31de96f96fa3
d2b04466-5720-4f02-aaed-9f95d5e581d4,genus,ddb9016c-7499-4cd9-919e-6b436529c410,Stomoxis,Animalia,Insecta,https://vvtaxatree.tbn.org.tw/taxa/d2b04466-5720-4f02-aaed-9f95d5e581d4
d9e64554-6ca7-4425-b511-8a88242d989f,genus,d6d336ca-4a12-4ccd-8fdc-9b9cdd5d32d3,Stratiomys,Animalia,Insecta,https://vvtaxatree.tbn.org.tw/taxa/d9e64554-6ca7-4425-b511-8a88242d989f
c6d875d3-2ae8-4bd4-95c8-dea7c4b3d5ce,genus,e2ddf8e5-2d1f-4b8d-8878-04aac3cfbee0,Streptobela,Animalia,Insecta,https://vvtaxatree.tbn.org.tw/taxa/c6d875d3-2ae8-4bd4-95c8-dea7c4b3d5ce
8d1a8a6d-1685-4f81-85e3-0db6023f0db0,genus,92504495-67e8-42e8-bb76-26cd5b0826f2,Stretchia,Animalia,Insecta,https://vvtaxatree.tbn.org.tw/taxa/8d1a8a6d-1685-4f81-85e3-0db6023f0db0
a4a99df4-9a22-4894-9395-d8937fdfb491,genus,9dc21538-68da-4c7d-93a3-be127ff02b73,Strobliomyia,Animalia,Insecta,https://vvtaxatree.tbn.org.tw/taxa/a4a99df4-9a22-4894-9395-d8937fdfb491
87eef6e0-dea5-4da4-970b-2fd38d7065c7,genus,0f2c9a4f-e96d-4fa0-a3b0-03a19e671a75,Stromateus,Animalia,Actinopteri,https://vvtaxatree.tbn.org.tw/taxa/87eef6e0-dea5-4da4-970b-2fd38d7065c7
f0498f49-f269-4cc5-a6c1-c5898bb90397,genus,f1b3fb3e-7241-4db8-82ba-eb47c663330e,Strophoptila,Animalia,Insecta,https://vvtaxatree.tbn.org.tw/taxa/f0498f49-f269-4cc5-a6c1-c5898bb90397
18f1fc49-526b-401c-a784-e53be3bb3cae,genus,d7bbd5f9-dd9c-4c96-ba2a-4367fbb701bc,Strymon,Animalia,Insecta,https://vvtaxatree.tbn.org.tw/taxa/18f1fc49-526b-401c-a784-e53be3bb3cae
0c7d101f-dc0e-4f9c-9cef-7d1ad9f90f4d,genus,9dc21538-68da-4c7d-93a3-be127ff02b73,Sturmiodoria,Animalia,Insecta,https://vvtaxatree.tbn.org.tw/taxa/0c7d101f-dc0e-4f9c-9cef-7d1ad9f90f4d
f2b4ae09-3d25-4699-b4d2-dd7a95dafc94,genus,9dc21538-68da-4c7d-93a3-be127ff02b73,Stylogynemyia,Animalia,Insecta,https://vvtaxatree.tbn.org.tw/taxa/f2b4ae09-3d25-4699-b4d2-dd7a95dafc94
ce41b919-1917-4898-a4f5-fed6b81e6a4b,genus,9cf630e8-4f4d-429a-892f-dac7dea2d71c,Stylopyga,Animalia,Insecta,https://vvtaxatree.tbn.org.tw/taxa/ce41b919-1917-4898-a4f5-fed6b81e6a4b
4ca62afd-eb55-4ff1-8d6b-2cb5432b3696,genus,9dc21538-68da-4c7d-93a3-be127ff02b73,Stylurodoria,Animalia,Insecta,https://vvtaxatree.tbn.org.tw/taxa/4ca62afd-eb55-4ff1-8d6b-2cb5432b3696
d3fabe61-4b19-4c29-a9a9-a7fc348c6d6a,genus,d7bbd5f9-dd9c-4c96-ba2a-4367fbb701bc,Styrmon,Animalia,Insecta,https://vvtaxatree.tbn.org.tw/taxa/d3fabe61-4b19-4c29-a9a9-a7fc348c6d6a
1a43a5b9-c47d-4271-8c41-c071b98aaf74,genus,81c1864f-197f-4486-956c-b240c5ec2923,Suzumia,Animalia,Arachnida,https://vvtaxatree.tbn.org.tw/taxa/1a43a5b9-c47d-4271-8c41-c071b98aaf74
fabaa053-3309-4091-89f2-fade6028a730,genus,90e2cd58-9d9a-44b4-903b-e121d7fc327b,Sybrida,Animalia,Insecta,https://vvtaxatree.tbn.org.tw/taxa/fabaa053-3309-4091-89f2-fade6028a730
a4bc465c-e9fe-4f26-ac00-869ca98a85e5,genus,e2ddf8e5-2d1f-4b8d-8878-04aac3cfbee0,Sylepta,Animalia,Insecta,https://vvtaxatree.tbn.org.tw/taxa/a4bc465c-e9fe-4f26-ac00-869ca98a85e5
c31a1c5e-e9bc-4177-9d7b-12770dcb9c21,genus,67eb35c1-a4ad-4c6d-a7ee-fa8494e7ed2b,Symmoca,Animalia,Insecta,https://vvtaxatree.tbn.org.tw/taxa/c31a1c5e-e9bc-4177-9d7b-12770dcb9c21
b1fe5a3b-f89f-4aeb-ada5-c73e2f177bba,genus,0263f681-380e-4b91-98d0-c4e3e277f4fe,Sympiesomorpha,Animalia,Insecta,https://vvtaxatree.tbn.org.tw/taxa/b1fe5a3b-f89f-4aeb-ada5-c73e2f177bba
553bda49-8f6e-4bec-a6a3-c0402c3d9100,genus,ce2e87c7-927e-4f21-a7e6-fa07176693df,Synaceia,Animalia,Actinopteri,https://vvtaxatree.tbn.org.tw/taxa/553bda49-8f6e-4bec-a6a3-c0402c3d9100
4338157f-018f-4cab-9083-8d413da214ca,genus,ce2e87c7-927e-4f21-a7e6-fa07176693df,Synanceja,Animalia,Actinopteri,https://vvtaxatree.tbn.org.tw/taxa/4338157f-018f-4cab-9083-8d413da214ca
208256e5-0d10-4112-8b5d-9be34dc96ea9,genus,ce2e87c7-927e-4f21-a7e6-fa07176693df,Synancejia,Animalia,Actinopteri,https://vvtaxatree.tbn.org.tw/taxa/208256e5-0d10-4112-8b5d-9be34dc96ea9
89567cb3-5e8f-4a6a-a9d5-429de2904a07,genus,ce2e87c7-927e-4f21-a7e6-fa07176693df,Synancia,Animalia,Actinopteri,https://vvtaxatree.tbn.org.tw/taxa/89567cb3-5e8f-4a6a-a9d5-429de2904a07
a3740afd-a18e-42f2-9f50-07eb6b5acf89,genus,563b4b59-b4c9-48c9-b8b0-1d2def256452,Syntelopodeuma,Animalia,Diplopoda,https://vvtaxatree.tbn.org.tw/taxa/a3740afd-a18e-42f2-9f50-07eb6b5acf89
6e43f9eb-a904-4fc0-8945-3bd2736a7edb,genus,40ac7762-c015-4bc6-a745-d15e5cd24cb8,Syrastrenoides,Animalia,Insecta,https://vvtaxatree.tbn.org.tw/taxa/6e43f9eb-a904-4fc0-8945-3bd2736a7edb
d57f0ba3-1c2b-4f49-9d70-c6b40e8f4142,genus,6cd43d78-0145-40bd-b823-114dbbef3416,Syrorisa,Animalia,Arachnida,https://vvtaxatree.tbn.org.tw/taxa/d57f0ba3-1c2b-4f49-9d70-c6b40e8f4142
f2a24298-986a-41ef-8784-b25109490451,genus,0a397ed4-3e03-4eb8-ba15-f985e73f49a2,Tachardia,Animalia,Insecta,https://vvtaxatree.tbn.org.tw/taxa/f2a24298-986a-41ef-8784-b25109490451
d7b98a9c-828d-4e53-9fe9-6efb99d932df,genus,b7226c1d-2ff6-4bdf-83fb-6e13956802c7,Tachydromia,Animalia,Insecta,https://vvtaxatree.tbn.org.tw/taxa/d7b98a9c-828d-4e53-9fe9-6efb99d932df
2801bb01-008c-440b-ba9b-cdaf8c2ac7fa,genus,24b91207-b311-4ad0-b72a-6cedfeabcfce,Tachypterellus,Animalia,Insecta,https://vvtaxatree.tbn.org.tw/taxa/2801bb01-008c-440b-ba9b-cdaf8c2ac7fa
5db9983a-0f39-4614-906c-2bd0962c9638,genus,63e7e423-5ec0-4e95-af80-f47f87a6096f,Tacoraea,Animalia,Insecta,https://vvtaxatree.tbn.org.tw/taxa/5db9983a-0f39-4614-906c-2bd0962c9638
1c7e614e-2b18-48fe-bba5-996d8441077e,genus,5181a022-aa13-4a8e-91a7-51bc5d459a24,Tahulus,Animalia,Insecta,https://vvtaxatree.tbn.org.tw/taxa/1c7e614e-2b18-48fe-bba5-996d8441077e
9355faa6-f48e-4a1b-b3d5-b1f0730d45d8,genus,20d688cc-2401-47bc-84f0-72c3b93b4bc6,Taicona,Animalia,Insecta,https://vvtaxatree.tbn.org.tw/taxa/9355faa6-f48e-4a1b-b3d5-b1f0730d45d8
2c63125a-ac25-47d9-9cbe-ebee32620393,genus,66994ec6-8785-4102-9dc5-4d7c1cacbfc0,Taiwanella,Animalia,Chilopoda,https://vvtaxatree.tbn.org.tw/taxa/2c63125a-ac25-47d9-9cbe-ebee32620393
fcd91a35-553f-4519-83a2-e338d861057a,genus,0ed17341-8744-497b-a259-b108062f4cb5,Taiwanogonalos,Animalia,Insecta,https://vvtaxatree.tbn.org.tw/taxa/fcd91a35-553f-4519-83a2-e338d861057a
27dee920-fb63-4922-a768-7ac68a661b1b,genus,f15cfa76-ed14-4df6-a798-97775ee44e05,Takahashiella,Animalia,Insecta,https://vvtaxatree.tbn.org.tw/taxa/27dee920-fb63-4922-a768-7ac68a661b1b
a7d93841-bd45-4b38-80d7-94d805ba3005,genus,8869f7eb-5e7e-4aba-87c0-df7af433de80,Tamanukia,Animalia,Insecta,https://vvtaxatree.tbn.org.tw/taxa/a7d93841-bd45-4b38-80d7-94d805ba3005
7486543a-cc82-42d6-9b8a-041969847961,genus,ea546ec1-175e-4bc2-8561-9a10a06fc9b9,Tangia,Animalia,Actinopteri,https://vvtaxatree.tbn.org.tw/taxa/7486543a-cc82-42d6-9b8a-041969847961
ef217967-8132-4927-82e7-5bdb51794f51,genus,19e4d36e-7699-4205-8e45-616c1ed22bc7,Tantalus,Animalia,Aves,https://vvtaxatree.tbn.org.tw/taxa/ef217967-8132-4927-82e7-5bdb51794f51
82f6bad6-c6af-403d-aeae-ca3a59601d82,genus,92504495-67e8-42e8-bb76-26cd5b0826f2,Taoxocampa,Animalia,Insecta,https://vvtaxatree.tbn.org.tw/taxa/82f6bad6-c6af-403d-aeae-ca3a59601d82
69857b9a-57fb-4f8a-8f10-c8e03644e787,genus,51658d7c-9356-49ad-8f6c-b02b2c0f4f67,Tapinattus,Animalia,Arachnida,https://vvtaxatree.tbn.org.tw/taxa/69857b9a-57fb-4f8a-8f10-c8e03644e787
2cd2a1be-e277-4552-9a2a-3a3bedbcd6e0,genus,0a7c7c20-93c7-498c-929e-ceea12f520eb,Tarentula,Animalia,Arachnida,https://vvtaxatree.tbn.org.tw/taxa/2cd2a1be-e277-4552-9a2a-3a3bedbcd6e0
14e8ce17-e534-4c2d-b315-9fa705f9c048,genus,90e2cd58-9d9a-44b4-903b-e121d7fc327b,Taurica,Animalia,Insecta,https://vvtaxatree.tbn.org.tw/taxa/14e8ce17-e534-4c2d-b315-9fa705f9c048
6b6beb85-81db-4485-839b-c8160ff1239d,genus,6f7a048c-68e9-417d-a8d1-0ade81f94fbe,Taurichthys,Animalia,Actinopteri,https://vvtaxatree.tbn.org.tw/taxa/6b6beb85-81db-4485-839b-c8160ff1239d
f75170c4-20d1-42cb-8bc7-f4ade8fd36ed,genus,00ba932c-6b0d-4e1c-bba3-07cbf0f8b47f,Tavia,Animalia,Insecta,https://vvtaxatree.tbn.org.tw/taxa/f75170c4-20d1-42cb-8bc7-f4ade8fd36ed
ebb6a5ca-1ff2-4ff8-b4f9-e0ed36b0d46d,genus,96263d48-9383-4517-9831-72f1222d2045,Tedla,Animalia,Insecta,https://vvtaxatree.tbn.org.tw/taxa/ebb6a5ca-1ff2-4ff8-b4f9-e0ed36b0d46d
4c64819b-2bab-49dc-8098-118e2c2cda6a,genus,00ba932c-6b0d-4e1c-bba3-07cbf0f8b47f,Tegulata,Animalia,Insecta,https://vvtaxatree.tbn.org.tw/taxa/4c64819b-2bab-49dc-8098-118e2c2cda6a
99a0d208-8d02-4896-bc72-a33de3d0ead6,genus,bb3d879b-80a0-4777-819d-9e5608512428,Temnopteryx,Animalia,Insecta,https://vvtaxatree.tbn.org.tw/taxa/99a0d208-8d02-4896-bc72-a33de3d0ead6
cd525062-2e4a-4b0d-aa7b-5aa74e85e64a,genus,f1b3fb3e-7241-4db8-82ba-eb47c663330e,Tephroclystia,Animalia,Insecta,https://vvtaxatree.tbn.org.tw/taxa/cd525062-2e4a-4b0d-aa7b-5aa74e85e64a
25f6a137-1e27-42fa-aa3b-ab723a045d01,genus,50583e36-4bb6-46ee-a6a6-ab5b65fbcf10,Teras,Animalia,Insecta,https://vvtaxatree.tbn.org.tw/taxa/25f6a137-1e27-42fa-aa3b-ab723a045d01
89bc3035-5d06-49cc-9c9b-2c96c981bade,genus,4e09fbcc-e4ae-49d1-b49b-0d65a8cc02ca,Terebrum,Animalia,Gastropoda,https://vvtaxatree.tbn.org.tw/taxa/89bc3035-5d06-49cc-9c9b-2c96c981bade
5372b826-2de7-4637-946f-16731d336981,genus,d8e25335-c63f-470c-a940-27c5626d85e9,Terias,Animalia,Insecta,https://vvtaxatree.tbn.org.tw/taxa/5372b826-2de7-4637-946f-16731d336981
3d31ce52-9fa6-4958-8f8f-3628f49784d4,genus,17fc6db0-fdd2-43e9-9764-ae5e5b61efa3,Termes,Animalia,Insecta,https://vvtaxatree.tbn.org.tw/taxa/3d31ce52-9fa6-4958-8f8f-3628f49784d4
06129f50-28cb-451c-880d-de58b0121aaf,genus,8869f7eb-5e7e-4aba-87c0-df7af433de80,Termistis,Animalia,Insecta,https://vvtaxatree.tbn.org.tw/taxa/06129f50-28cb-451c-880d-de58b0121aaf
a9cb233f-3fd0-491e-b0ee-9889c4a86ce8,genus,e9ac9ca1-ef9a-4104-a587-533c8d32e72f,Terusa,Animalia,Insecta,https://vvtaxatree.tbn.org.tw/taxa/a9cb233f-3fd0-491e-b0ee-9889c4a86ce8
4ab2ac0f-60e0-40e8-9e8c-3a6fc56265fa,genus,4e2a6502-f384-4c74-b68c-8afa7816902c,Tethya,Animalia,Demospongiae,https://vvtaxatree.tbn.org.tw/taxa/4ab2ac0f-60e0-40e8-9e8c-3a6fc56265fa
7fb66936-8df5-4b52-88f1-6492a1ed8c36,genus,5e1cab85-41db-4b04-a41a-534e90bb91e5,Tetragnahta,Animalia,Arachnida,https://vvtaxatree.tbn.org.tw/taxa/7fb66936-8df5-4b52-88f1-6492a1ed8c36
3aa37e54-9838-48e2-bf3f-98a94016e350,genus,eb98b257-5dd4-4f5d-bd2f-34595a8dfed1,Tetrao,Animalia,Aves,https://vvtaxatree.tbn.org.tw/taxa/3aa37e54-9838-48e2-bf3f-98a94016e350
d46fefd9-8c02-4581-ae3a-e1ef82c8c9cf,genus,1db7ef1d-64b7-4113-9ed8-5dea37a402e4,Tetraodon,Animalia,Actinopteri,https://vvtaxatree.tbn.org.tw/taxa/d46fefd9-8c02-4581-ae3a-e1ef82c8c9cf
8df57c69-cd68-4251-9713-d51ea1b6ec07,genus,f96b8532-2fbf-4761-9397-08522684e884,Tetrapterus,Animalia,Actinopteri,https://vvtaxatree.tbn.org.tw/taxa/8df57c69-cd68-4251-9713-d51ea1b6ec07
c956e173-b08f-4275-9d1f-0a11cc4a202e,genus,0263f681-380e-4b91-98d0-c4e3e277f4fe,Tetrastichoides,Animalia,Insecta,https://vvtaxatree.tbn.org.tw/taxa/c956e173-b08f-4275-9d1f-0a11cc4a202e
bdc64276-b813-4f06-84f0-1ab473667aa6,genus,7d2caaf6-1a00-4153-b34d-45047caa5938,Tetronarcine,Animalia,Elasmobranchii,https://vvtaxatree.tbn.org.tw/taxa/bdc64276-b813-4f06-84f0-1ab473667aa6
b6647b48-6f93-448e-bb69-228445299b5f,genus,42212cda-8743-48ec-9de6-2cb4c075e3c7,Tetroras,Animalia,Elasmobranchii,https://vvtaxatree.tbn.org.tw/taxa/b6647b48-6f93-448e-bb69-228445299b5f
79ba7fdd-acef-4a42-b95a-5a2d91b532e3,genus,b1f2b5ed-f9f9-4a19-b836-f40f14911f6f,Tettigoniella,Animalia,Insecta,https://vvtaxatree.tbn.org.tw/taxa/79ba7fdd-acef-4a42-b95a-5a2d91b532e3
d4efa622-d560-4b6a-928a-cd93a5c1ce55,genus,32717b68-e970-4429-9054-6ef56938a2f0,Tettix,Animalia,Insecta,https://vvtaxatree.tbn.org.tw/taxa/d4efa622-d560-4b6a-928a-cd93a5c1ce55
8d0d3dd8-bc5c-433c-aee8-ca8cc377a835,genus,3061a2ae-7c51-4185-99cc-9513e10f8436,Teuchophorus,Animalia,Insecta,https://vvtaxatree.tbn.org.tw/taxa/8d0d3dd8-bc5c-433c-aee8-ca8cc377a835
7ca187e4-7120-41ba-9432-2d819d9a5136,genus,688c3415-9e9d-4e67-a546-7e4325f88828,Teuthis,Animalia,Actinopteri,https://vvtaxatree.tbn.org.tw/taxa/7ca187e4-7120-41ba-9432-2d819d9a5136
95a477cb-bd6f-41e1-a0ad-9945122e7e57,genus,5ceaf2a3-5eda-4089-8378-df206fd2143c,Thalassidroma,Animalia,Aves,https://vvtaxatree.tbn.org.tw/taxa/95a477cb-bd6f-41e1-a0ad-9945122e7e57
f73840b9-c770-436f-a9ed-7787135702ce,genus,197dae47-aca7-4beb-a2ca-2d2399d2bde2,Thalassinus,Animalia,Elasmobranchii,https://vvtaxatree.tbn.org.tw/taxa/f73840b9-c770-436f-a9ed-7787135702ce
53fa2761-79c2-4296-a8da-d5c97d37b919,genus,197dae47-aca7-4beb-a2ca-2d2399d2bde2,Thalassorhinus,Animalia,Elasmobranchii,https://vvtaxatree.tbn.org.tw/taxa/53fa2761-79c2-4296-a8da-d5c97d37b919
e76fe927-275e-4337-8af5-175821059247,genus,f1b3fb3e-7241-4db8-82ba-eb47c663330e,Thalera,Animalia,Insecta,https://vvtaxatree.tbn.org.tw/taxa/e76fe927-275e-4337-8af5-175821059247
a02cd538-a416-4e17-bdb0-b4308d81dad6,genus,f1b3fb3e-7241-4db8-82ba-eb47c663330e,Thaleura,Animalia,Insecta,https://vvtaxatree.tbn.org.tw/taxa/a02cd538-a416-4e17-bdb0-b4308d81dad6
446164d5-b603-4aab-8010-ce4634d97cf8,genus,00ba932c-6b0d-4e1c-bba3-07cbf0f8b47f,Thalpochares,Animalia,Insecta,https://vvtaxatree.tbn.org.tw/taxa/446164d5-b603-4aab-8010-ce4634d97cf8
8bf042a6-79de-40ff-be90-38a879c020fb,genus,92504495-67e8-42e8-bb76-26cd5b0826f2,Thalpophila,Animalia,Insecta,https://vvtaxatree.tbn.org.tw/taxa/8bf042a6-79de-40ff-be90-38a879c020fb
a4d0e23f-e06b-454d-bb45-be091aedfb4e,genus,0f0ae753-c82b-43ee-a961-c6a802a4cb65,Thamnoscelis,Animalia,Insecta,https://vvtaxatree.tbn.org.tw/taxa/a4d0e23f-e06b-454d-bb45-be091aedfb4e
bcdac89a-1a51-4f2b-b5fd-48bcf4a03c43,genus,bb3d879b-80a0-4777-819d-9e5608512428,Theganopteryx,Animalia,Insecta,https://vvtaxatree.tbn.org.tw/taxa/bcdac89a-1a51-4f2b-b5fd-48bcf4a03c43
27972539-3c14-4dbd-a55e-263550812fdd,genus,9dc21538-68da-4c7d-93a3-be127ff02b73,Thelairosoma,Animalia,Insecta,https://vvtaxatree.tbn.org.tw/taxa/27972539-3c14-4dbd-a55e-263550812fdd
322ab555-caf3-4130-bcf2-c0e49b6412fa,genus,03b01487-90a9-4983-bb5b-f4579492dd9f,Thelodesmus,Animalia,Diplopoda,https://vvtaxatree.tbn.org.tw/taxa/322ab555-caf3-4130-bcf2-c0e49b6412fa
6aa0a7a5-936b-453d-9ef3-a29ae7291719,genus,ba5d0507-de23-4d7e-afa0-80f9ff2ba068,Thelphusa,Animalia,Insecta,https://vvtaxatree.tbn.org.tw/taxa/6aa0a7a5-936b-453d-9ef3-a29ae7291719
3567147b-c798-479f-9fc6-4bcf496604a7,genus,9dc21538-68da-4c7d-93a3-be127ff02b73,Thelycarcelia,Animalia,Insecta,https://vvtaxatree.tbn.org.tw/taxa/3567147b-c798-479f-9fc6-4bcf496604a7
3a9101dc-af9d-4c26-9b6c-5b5d2b1304e5,genus,9645543f-0f9d-4f94-aa6c-d97e5f73acb8,Thelychaeta,Animalia,Insecta,https://vvtaxatree.tbn.org.tw/taxa/3a9101dc-af9d-4c26-9b6c-5b5d2b1304e5
e3c50638-a630-445e-a573-d304ca014e3a,genus,9dc21538-68da-4c7d-93a3-be127ff02b73,Thelyconychia,Animalia,Insecta,https://vvtaxatree.tbn.org.tw/taxa/e3c50638-a630-445e-a573-d304ca014e3a
40e25bfa-0c4f-443c-825a-73e32efbd8a8,genus,9762194e-4070-4bf4-96be-cdffcbb071b9,Themara,Animalia,Insecta,https://vvtaxatree.tbn.org.tw/taxa/40e25bfa-0c4f-443c-825a-73e32efbd8a8
c1cd84ca-cc98-4e3e-af2b-d93a2b488b57,genus,11139933-8474-492b-bbb6-7b1baa52bdd8,Themeropis,Animalia,Arachnida,https://vvtaxatree.tbn.org.tw/taxa/c1cd84ca-cc98-4e3e-af2b-d93a2b488b57
b5bab2cc-1659-4483-8736-853f90b3c9e3,genus,f1b3fb3e-7241-4db8-82ba-eb47c663330e,Thera,Animalia,Insecta,https://vvtaxatree.tbn.org.tw/taxa/b5bab2cc-1659-4483-8736-853f90b3c9e3
97093384-de9f-4988-934c-aaf7e583ac34,genus,59594314-fb25-42d8-8b21-5ad93cd9d9e4,Therapon,Animalia,Actinopteri,https://vvtaxatree.tbn.org.tw/taxa/97093384-de9f-4988-934c-aaf7e583ac34
1b0f5efb-c6fd-40b2-aa26-03191327337a,genus,b3f048e9-86ca-4b63-b803-feb47f43d735,Theridula,Animalia,Arachnida,https://vvtaxatree.tbn.org.tw/taxa/1b0f5efb-c6fd-40b2-aa26-03191327337a
dec85ca0-5ed4-47c7-8acf-1ec958840955,genus,5734eec9-8dbf-40a3-8760-b2895283f8c2,Therioaphis,Animalia,Insecta,https://vvtaxatree.tbn.org.tw/taxa/dec85ca0-5ed4-47c7-8acf-1ec958840955
bf91c5c6-6076-4b2b-bdfe-195175aa61dd,genus,00ba932c-6b0d-4e1c-bba3-07cbf0f8b47f,Thermansia,Animalia,Insecta,https://vvtaxatree.tbn.org.tw/taxa/bf91c5c6-6076-4b2b-bdfe-195175aa61dd
1a9b7430-0dcf-44f6-8b1a-a7ac3e54a542,genus,8d2192dd-6539-466e-8064-35f00c5cce7c,Thermesia,Animalia,Insecta,https://vvtaxatree.tbn.org.tw/taxa/1a9b7430-0dcf-44f6-8b1a-a7ac3e54a542
522e01d1-57d8-406c-882f-2ab5e94ee79f,genus,55c9ea6b-c2b1-42b6-b5a1-689d0d651dc2,Theutis,Animalia,Actinopteri,https://vvtaxatree.tbn.org.tw/taxa/522e01d1-57d8-406c-882f-2ab5e94ee79f
3f831af1-a862-4b08-a803-160f05236e14,genus,cf8a2ecc-8692-4c9e-8c02-62494b394464,Thordisa,Animalia,Gastropoda,https://vvtaxatree.tbn.org.tw/taxa/3f831af1-a862-4b08-a803-160f05236e14
7bf3fc88-5ee5-4800-8895-867a43cee449,genus,0f2c9a4f-e96d-4fa0-a3b0-03a19e671a75,Thynnus,Animalia,Actinopteri,https://vvtaxatree.tbn.org.tw/taxa/7bf3fc88-5ee5-4800-8895-867a43cee449
84c62c9e-3192-48d8-a3fd-111dab36a9c2,genus,489b5830-4c98-4b5f-9217-1d8df98a0d22,Thyrsites,Animalia,Actinopteri,https://vvtaxatree.tbn.org.tw/taxa/84c62c9e-3192-48d8-a3fd-111dab36a9c2
df4956fd-2200-4087-bfc3-0c9bc22787e9,genus,b4eb75be-af97-40f8-9af6-2dbb6ad59336,Thyrsoidea,Animalia,Actinopteri,https://vvtaxatree.tbn.org.tw/taxa/df4956fd-2200-4087-bfc3-0c9bc22787e9
a6f7406b-118f-463d-832a-0237b57454cd,genus,705dc984-8241-4f2b-bd0e-fbf942569436,Tichogonia,Animalia,Bivalvia,https://vvtaxatree.tbn.org.tw/taxa/a6f7406b-118f-463d-832a-0237b57454cd
d1decc2e-a345-436d-a7bc-97277e1829a6,genus,7b3161d5-6c11-4f8e-820e-51324a395768,Tigridemyia,Animalia,Insecta,https://vvtaxatree.tbn.org.tw/taxa/d1decc2e-a345-436d-a7bc-97277e1829a6
e6c17c7b-ab6a-4e74-845c-895ac5df8779,genus,6cd43d78-0145-40bd-b823-114dbbef3416,Titanoeca,Animalia,Arachnida,https://vvtaxatree.tbn.org.tw/taxa/e6c17c7b-ab6a-4e74-845c-895ac5df8779
28974dd4-99af-4471-8f14-41bd0d1f16ed,genus,2c0575f6-ddc4-4226-8edc-daab12425843,Tmeticus,Animalia,Arachnida,https://vvtaxatree.tbn.org.tw/taxa/28974dd4-99af-4471-8f14-41bd0d1f16ed
7b8aa4fa-144e-4792-8cea-53ab5a8f5876,genus,92504495-67e8-42e8-bb76-26cd5b0826f2,Tococampa,Animalia,Insecta,https://vvtaxatree.tbn.org.tw/taxa/7b8aa4fa-144e-4792-8cea-53ab5a8f5876
3d4f49ad-6af8-4dfa-bcaa-14c6e994a909,genus,ab2dc09f-1c86-43e6-b8fa-22cfbe322a9a,Togoperla,Animalia,Insecta,https://vvtaxatree.tbn.org.tw/taxa/3d4f49ad-6af8-4dfa-bcaa-14c6e994a909
d6eae703-1d23-466f-b474-9f13e375768a,genus,8c9d6dc8-2a3d-4ff7-b0e0-81a315f1d5fe,Tolmerus,Animalia,Insecta,https://vvtaxatree.tbn.org.tw/taxa/d6eae703-1d23-466f-b474-9f13e375768a
a34c6688-2c06-4742-aa45-4fc3fd41485c,genus,e9ce7860-2a09-4f25-9816-28e8e23672ce,Torigea,Animalia,Insecta,https://vvtaxatree.tbn.org.tw/taxa/a34c6688-2c06-4742-aa45-4fc3fd41485c
bd4f59dd-2943-4c01-b4be-325bf68b95b6,genus,92028f65-e036-427a-9e34-2a4cefff54f5,Tornatella,Animalia,Gastropoda,https://vvtaxatree.tbn.org.tw/taxa/bd4f59dd-2943-4c01-b4be-325bf68b95b6
d5de3c55-bb68-4965-b480-54e2ad4b94cd,genus,5894f44c-08d0-46af-ba01-05a407e51be0,Tornatina,Animalia,Gastropoda,https://vvtaxatree.tbn.org.tw/taxa/d5de3c55-bb68-4965-b480-54e2ad4b94cd
30a44f51-d8e7-477b-9ee5-5524dae32e34,genus,50583e36-4bb6-46ee-a6a6-ab5b65fbcf10,Tortrix,Animalia,Insecta,https://vvtaxatree.tbn.org.tw/taxa/30a44f51-d8e7-477b-9ee5-5524dae32e34
2f037953-99d6-453c-ad67-4527f4eb82db,genus,50583e36-4bb6-46ee-a6a6-ab5b65fbcf10,Tortriz,Animalia,Insecta,https://vvtaxatree.tbn.org.tw/taxa/2f037953-99d6-453c-ad67-4527f4eb82db
a254afdf-3c7a-4fe4-af4d-08a117ed2bef,genus,00ba932c-6b0d-4e1c-bba3-07cbf0f8b47f,Toxocampa,Animalia,Insecta,https://vvtaxatree.tbn.org.tw/taxa/a254afdf-3c7a-4fe4-af4d-08a117ed2bef
985ea146-b2aa-421b-8a42-8f943223287e,genus,7ae323bc-665b-4b62-81a4-6afec0d18ce5,Trachichthodes,Animalia,Actinopteri,https://vvtaxatree.tbn.org.tw/taxa/985ea146-b2aa-421b-8a42-8f943223287e
55d83079-d546-4ae8-83f3-27167cb3dca8,genus,14a663c5-20ca-42a9-bcc6-35fa5d561222,Trachichthys,Animalia,Actinopteri,https://vvtaxatree.tbn.org.tw/taxa/55d83079-d546-4ae8-83f3-27167cb3dca8
cd727826-5936-479b-bddc-7a30da29a16b,genus,90e2cd58-9d9a-44b4-903b-e121d7fc327b,Trachonitis,Animalia,Insecta,https://vvtaxatree.tbn.org.tw/taxa/cd727826-5936-479b-bddc-7a30da29a16b
f3d34fec-a716-4680-a79c-3f1f61421f6e,genus,d377b444-0fed-4f5f-8772-865784ff79e5,Trachycarcinus,Animalia,Malacostraca,https://vvtaxatree.tbn.org.tw/taxa/f3d34fec-a716-4680-a79c-3f1f61421f6e
da6f07ce-eb5b-44a3-9ab6-57bd6c7ce7d0,genus,0f2c9a4f-e96d-4fa0-a3b0-03a19e671a75,Trachynotus,Animalia,Actinopteri,https://vvtaxatree.tbn.org.tw/taxa/da6f07ce-eb5b-44a3-9ab6-57bd6c7ce7d0
7a82239e-86f6-41a6-ae17-9fd557429a74,genus,29898f3d-a6e4-46e4-b685-37a6ef9771ac,Trachyterus,Animalia,Actinopteri,https://vvtaxatree.tbn.org.tw/taxa/7a82239e-86f6-41a6-ae17-9fd557429a74
734e098b-6b2b-4d7e-b987-ab3c0a6c68d2,genus,2c0575f6-ddc4-4226-8edc-daab12425843,Trematocephalus,Animalia,Arachnida,https://vvtaxatree.tbn.org.tw/taxa/734e098b-6b2b-4d7e-b987-ab3c0a6c68d2
eae6bc25-1e47-4451-ad5e-d3efa6bf82bc,genus,5cc794bb-faa1-4694-9c1d-cf22d8caeb4c,Trevelyana,Animalia,Gastropoda,https://vvtaxatree.tbn.org.tw/taxa/eae6bc25-1e47-4451-ad5e-d3efa6bf82bc
84ca8aa4-aa25-47ca-84b6-73c12f80a464,genus,bb3d879b-80a0-4777-819d-9e5608512428,Blatta,Animalia,Insecta,https://vvtaxatree.tbn.org.tw/taxa/84ca8aa4-aa25-47ca-84b6-73c12f80a464
e6ef1e1e-9128-4065-b271-58348c5f10c2,genus,6eace83a-f900-4155-a3fc-c3f528069229,Blennechis,Animalia,Actinopteri,https://vvtaxatree.tbn.org.tw/taxa/e6ef1e1e-9128-4065-b271-58348c5f10c2
c561fffb-4e62-4fe8-aedd-724fa38bf8da,genus,6eace83a-f900-4155-a3fc-c3f528069229,Blennius,Animalia,Actinopteri,https://vvtaxatree.tbn.org.tw/taxa/c561fffb-4e62-4fe8-aedd-724fa38bf8da
883a0d44-f41f-42b1-a452-8e5f0f82248f,genus,9dc21538-68da-4c7d-93a3-be127ff02b73,Blepharipoda,Animalia,Insecta,https://vvtaxatree.tbn.org.tw/taxa/883a0d44-f41f-42b1-a452-8e5f0f82248f
1b857caa-1fb6-4cc7-9cc2-114645da00b4,genus,f1b3fb3e-7241-4db8-82ba-eb47c663330e,Blepharoctenia,Animalia,Insecta,https://vvtaxatree.tbn.org.tw/taxa/1b857caa-1fb6-4cc7-9cc2-114645da00b4
511fca59-88ad-4bfd-8300-195411f2bd16,genus,92504495-67e8-42e8-bb76-26cd5b0826f2,Blepharosis,Animalia,Insecta,https://vvtaxatree.tbn.org.tw/taxa/511fca59-88ad-4bfd-8300-195411f2bd16
3643a636-a072-4e3b-8a68-f3709aa162b5,genus,f1b3fb3e-7241-4db8-82ba-eb47c663330e,Boarmia,Animalia,Insecta,https://vvtaxatree.tbn.org.tw/taxa/3643a636-a072-4e3b-8a68-f3709aa162b5
275cb494-747b-44bd-8b91-f572b04a8287,genus,0675a3cd-3284-41de-9736-d3bd0abc94fa,Bodian,Animalia,Actinopteri,https://vvtaxatree.tbn.org.tw/taxa/275cb494-747b-44bd-8b91-f572b04a8287
3d134450-a4e6-41a4-a244-eea2573f1092,genus,9dc21538-68da-4c7d-93a3-be127ff02b73,Bogosia,Animalia,Insecta,https://vvtaxatree.tbn.org.tw/taxa/3d134450-a4e6-41a4-a244-eea2573f1092
f23fcea2-137d-4e4b-a422-9a362c2ac473,genus,82d989fa-73f0-4843-87ad-8e3e161046ab,Boletia,Animalia,Echinoidea,https://vvtaxatree.tbn.org.tw/taxa/f23fcea2-137d-4e4b-a422-9a362c2ac473
85a64ef0-1f17-4e08-b90d-db3cc7842849,genus,9762194e-4070-4bf4-96be-cdffcbb071b9,Boletina,Animalia,Insecta,https://vvtaxatree.tbn.org.tw/taxa/85a64ef0-1f17-4e08-b90d-db3cc7842849
c1ed0826-6b34-4c8d-bff6-7a1ed65fe49a,genus,ca09e9e7-1260-4fd8-8120-70dfc5e44ce5,Boopsetta,Animalia,Actinopteri,https://vvtaxatree.tbn.org.tw/taxa/c1ed0826-6b34-4c8d-bff6-7a1ed65fe49a
59f85e9f-547c-4e65-9042-8f9020a92525,genus,71ed19c7-689d-4a3c-8861-fe0e92011d70,Borborus,Animalia,Insecta,https://vvtaxatree.tbn.org.tw/taxa/59f85e9f-547c-4e65-9042-8f9020a92525
5a8f8532-d420-4452-9612-62b5e37a6435,genus,eb6fc9dd-51ab-4d01-870b-ffd0de1fd2be,Borlasia,Animalia,Pilidiophora,https://vvtaxatree.tbn.org.tw/taxa/5a8f8532-d420-4452-9612-62b5e37a6435
0f7c4071-17a1-4bea-86f2-d697ec5f1af3,genus,e2ddf8e5-2d1f-4b8d-8878-04aac3cfbee0,Botys,Animalia,Insecta,https://vvtaxatree.tbn.org.tw/taxa/0f7c4071-17a1-4bea-86f2-d697ec5f1af3
a56ebbba-958a-4a7e-991f-40c39f54331e,genus,ba5d0507-de23-4d7e-afa0-80f9ff2ba068,Brachyacma,Animalia,Insecta,https://vvtaxatree.tbn.org.tw/taxa/a56ebbba-958a-4a7e-991f-40c39f54331e
9787fa90-2496-478a-855a-f8810db33dba,genus,b1b001ee-5540-46b7-80e0-192f6e15b7c5,Brachycolus,Animalia,Insecta,https://vvtaxatree.tbn.org.tw/taxa/9787fa90-2496-478a-855a-f8810db33dba
67841898-82ff-4570-bc39-24856986647c,genus,e6f6b8a1-71f1-42b5-b2fb-69ddbb6ba55e,Brachyconger,Animalia,Actinopteri,https://vvtaxatree.tbn.org.tw/taxa/67841898-82ff-4570-bc39-24856986647c
459f7cea-0eba-4316-b81a-aa83f848cf90,genus,c880e26a-a785-4ad5-bfb6-e0d220ab36ea,Brachynotus,Animalia,Malacostraca,https://vvtaxatree.tbn.org.tw/taxa/459f7cea-0eba-4316-b81a-aa83f848cf90
49241da3-e734-43ed-b5ad-0ce56e54b372,genus,6f4ea5f6-c7be-4882-a333-7d8994a6e4e4,Breviraja,Animalia,Elasmobranchii,https://vvtaxatree.tbn.org.tw/taxa/49241da3-e734-43ed-b5ad-0ce56e54b372
a617b17e-9958-4308-ab67-47a6f20b77b9,genus,87342e91-0f42-4f6d-ac79-de05cff51908,Briarda,Animalia,Insecta,https://vvtaxatree.tbn.org.tw/taxa/a617b17e-9958-4308-ab67-47a6f20b77b9
f57e6f21-a0fd-46f9-8d6b-f68866fbb242,genus,f1356f8b-4040-4769-ac20-ea8ed7761a60,Brissoides,Animalia,Echinoidea,https://vvtaxatree.tbn.org.tw/taxa/f57e6f21-a0fd-46f9-8d6b-f68866fbb242
22d0d2ad-c6fc-4c72-840a-97995bcd70a3,genus,2583a47c-8d82-4cc1-b3dc-e909dfb43a1e,Brotulina,Animalia,Actinopteri,https://vvtaxatree.tbn.org.tw/taxa/22d0d2ad-c6fc-4c72-840a-97995bcd70a3
a517793d-a9f5-4496-b56d-ad19e5860222,genus,92504495-67e8-42e8-bb76-26cd5b0826f2,Bryophila,Animalia,Insecta,https://vvtaxatree.tbn.org.tw/taxa/a517793d-a9f5-4496-b56d-ad19e5860222
7797d143-6757-412c-910e-5878cc8c4c0d,genus,50583e36-4bb6-46ee-a6a6-ab5b65fbcf10,Bubonoxena,Animalia,Insecta,https://vvtaxatree.tbn.org.tw/taxa/7797d143-6757-412c-910e-5878cc8c4c0d
94c75590-7d06-4d71-a8ef-cf24cbac2cf0,genus,70aaa2a9-85e6-45f0-bdeb-d2e12d0ab732,Bullaea,Animalia,Gastropoda,https://vvtaxatree.tbn.org.tw/taxa/94c75590-7d06-4d71-a8ef-cf24cbac2cf0
2d233472-305b-4817-af6a-e0d7a7fb7329,genus,87342e91-0f42-4f6d-ac79-de05cff51908,Burdria,Animalia,Insecta,https://vvtaxatree.tbn.org.tw/taxa/2d233472-305b-4817-af6a-e0d7a7fb7329
8e3f985f-0f1d-433e-9db1-5139879085a4,genus,2583a47c-8d82-4cc1-b3dc-e909dfb43a1e,Bythites,Animalia,Actinopteri,https://vvtaxatree.tbn.org.tw/taxa/8e3f985f-0f1d-433e-9db1-5139879085a4
44c99617-26ba-49c3-833b-38751511e7a9,genus,29258d69-cbc8-4f66-8426-2c8ee350740f,Cachura,Animalia,Insecta,https://vvtaxatree.tbn.org.tw/taxa/44c99617-26ba-49c3-833b-38751511e7a9
5e4ad178-4c84-4c6b-b564-0f2ef8cbcfcc,genus,50583e36-4bb6-46ee-a6a6-ab5b65fbcf10,Cacoecia,Animalia,Insecta,https://vvtaxatree.tbn.org.tw/taxa/5e4ad178-4c84-4c6b-b564-0f2ef8cbcfcc
45beb430-d351-4fe1-b9c8-29293521e3ff,genus,3061a2ae-7c51-4185-99cc-9513e10f8436,Cadicera,Animalia,Insecta,https://vvtaxatree.tbn.org.tw/taxa/45beb430-d351-4fe1-b9c8-29293521e3ff
91bfced7-135a-4e54-ac12-f63033796c92,genus,fe1cb811-0ac3-46d5-857b-5748026bd123,Cadlina,Animalia,Gastropoda,https://vvtaxatree.tbn.org.tw/taxa/91bfced7-135a-4e54-ac12-f63033796c92
341526f0-ae26-4b33-82b8-a33f1ebbbfba,genus,63e7e423-5ec0-4e95-af80-f47f87a6096f,Caduga,Animalia,Insecta,https://vvtaxatree.tbn.org.tw/taxa/341526f0-ae26-4b33-82b8-a33f1ebbbfba
7233f569-53ca-428f-9e09-27b70eb82117,genus,975b6843-473c-42e9-8646-24b96daada45,Caecula,Animalia,Actinopteri,https://vvtaxatree.tbn.org.tw/taxa/7233f569-53ca-428f-9e09-27b70eb82117
76927330-65e0-4aa4-83e8-918058fb475d,genus,0f2c9a4f-e96d-4fa0-a3b0-03a19e671a75,Caesiomorus,Animalia,Actinopteri,https://vvtaxatree.tbn.org.tw/taxa/76927330-65e0-4aa4-83e8-918058fb475d
d96a75ab-12a7-4156-acec-1792049ef437,genus,ebcdbf4d-2fb2-4246-805d-52a45d8b9bae,Caesioperca,Animalia,Actinopteri,https://vvtaxatree.tbn.org.tw/taxa/d96a75ab-12a7-4156-acec-1792049ef437
7f41786f-f5a7-4150-960b-112e832189b5,genus,6f7a048c-68e9-417d-a8d1-0ade81f94fbe,Cahetodon,Animalia,Actinopteri,https://vvtaxatree.tbn.org.tw/taxa/7f41786f-f5a7-4150-960b-112e832189b5
37f471c8-555a-4046-ba8c-87d29e121933,genus,ab4cb997-2a2e-4b06-8fd0-d5e5e82026e8,Calamanthella,Animalia,Aves,https://vvtaxatree.tbn.org.tw/taxa/37f471c8-555a-4046-ba8c-87d29e121933
3e39c545-43f3-4def-9fe4-24b692e92815,genus,e2ddf8e5-2d1f-4b8d-8878-04aac3cfbee0,Calamochrous,Animalia,Insecta,https://vvtaxatree.tbn.org.tw/taxa/3e39c545-43f3-4def-9fe4-24b692e92815
22d3e3f6-7306-41ec-a8e0-93920c6124d4,genus,f1b3fb3e-7241-4db8-82ba-eb47c663330e,Calichodes,Animalia,Insecta,https://vvtaxatree.tbn.org.tw/taxa/22d3e3f6-7306-41ec-a8e0-93920c6124d4
acc460dc-a571-456b-a6a0-65b3a0d2c7e5,genus,f1b3fb3e-7241-4db8-82ba-eb47c663330e,Callerinnys,Animalia,Insecta,https://vvtaxatree.tbn.org.tw/taxa/acc460dc-a571-456b-a6a0-65b3a0d2c7e5
3134c872-e25a-47c1-893c-3b583f3ccddc,genus,8869f7eb-5e7e-4aba-87c0-df7af433de80,Callichroma,Animalia,Insecta,https://vvtaxatree.tbn.org.tw/taxa/3134c872-e25a-47c1-893c-3b583f3ccddc
f400af66-2e59-4c09-9489-cdbb180665ba,genus,8869f7eb-5e7e-4aba-87c0-df7af433de80,Callidium,Animalia,Insecta,https://vvtaxatree.tbn.org.tw/taxa/f400af66-2e59-4c09-9489-cdbb180665ba
91f58769-6cba-4fc0-bf4f-58d0f6c3a288,genus,d8e25335-c63f-470c-a940-27c5626d85e9,Callidryas,Animalia,Insecta,https://vvtaxatree.tbn.org.tw/taxa/91f58769-6cba-4fc0-bf4f-58d0f6c3a288
ef4d0e15-ce70-4639-a6e6-eb7b664b4e72,genus,00ba932c-6b0d-4e1c-bba3-07cbf0f8b47f,Callimorpha,Animalia,Insecta,https://vvtaxatree.tbn.org.tw/taxa/ef4d0e15-ce70-4639-a6e6-eb7b664b4e72
12be5225-81cb-4500-b54f-5a7eb28855fb,genus,5e1cab85-41db-4b04-a41a-534e90bb91e5,Callinethis,Animalia,Arachnida,https://vvtaxatree.tbn.org.tw/taxa/12be5225-81cb-4500-b54f-5a7eb28855fb
3b564a5e-2cef-4355-920d-0658fad29a8e,genus,ddb9016c-7499-4cd9-919e-6b436529c410,Calliophrys,Animalia,Insecta,https://vvtaxatree.tbn.org.tw/taxa/3b564a5e-2cef-4355-920d-0658fad29a8e
bb1999fb-c07b-4d81-81cc-8a87f49c9c30,genus,63e7e423-5ec0-4e95-af80-f47f87a6096f,Calliploea,Animalia,Insecta,https://vvtaxatree.tbn.org.tw/taxa/bb1999fb-c07b-4d81-81cc-8a87f49c9c30
9dd12d6a-3003-4c38-91ab-608b261ec58a,genus,3fc15de3-5824-44a2-b0a2-67eb100c99d7,Calliteuthis,Animalia,Cephalopoda,https://vvtaxatree.tbn.org.tw/taxa/9dd12d6a-3003-4c38-91ab-608b261ec58a
e5f2b36a-a612-49ec-9059-087704146489,genus,4bc81b13-f9ad-429f-bff7-7542274ad906,Callothrips,Animalia,Insecta,https://vvtaxatree.tbn.org.tw/taxa/e5f2b36a-a612-49ec-9059-087704146489
4b0e9427-2370-424d-8f61-c3ee90b0ae9d,genus,5f91a112-50cd-4ab9-aa73-f3fbeb28a909,Callynomes,Animalia,Insecta,https://vvtaxatree.tbn.org.tw/taxa/4b0e9427-2370-424d-8f61-c3ee90b0ae9d
4f7ddd03-7eb6-4929-9c32-0bbb6edf4907,genus,f3bf5931-0420-4d46-abce-46c1c7510233,Callyodon,Animalia,Actinopteri,https://vvtaxatree.tbn.org.tw/taxa/4f7ddd03-7eb6-4929-9c32-0bbb6edf4907
509777e3-0302-409d-aead-7a3f11e553a5,genus,09aa61ad-6469-4f0e-9cab-dd289aed405e,Calocaris,Animalia,Malacostraca,https://vvtaxatree.tbn.org.tw/taxa/509777e3-0302-409d-aead-7a3f11e553a5
b791f341-8f3e-4352-bbf7-ae5fbd88842b,genus,30bad4b6-1506-4d5a-a91a-48e63ff37143,Caloptenus,Animalia,Insecta,https://vvtaxatree.tbn.org.tw/taxa/b791f341-8f3e-4352-bbf7-ae5fbd88842b
81a2af1e-1195-4267-9d5c-417d96c2a1ae,genus,9dc21538-68da-4c7d-93a3-be127ff02b73,Calotheresia,Animalia,Insecta,https://vvtaxatree.tbn.org.tw/taxa/81a2af1e-1195-4267-9d5c-417d96c2a1ae
891f5866-1445-47e6-a16a-a0cea04e2112,genus,f1b3fb3e-7241-4db8-82ba-eb47c663330e,Calothysanis,Animalia,Insecta,https://vvtaxatree.tbn.org.tw/taxa/891f5866-1445-47e6-a16a-a0cea04e2112
03de244b-cb9d-4c87-8779-420964457521,genus,00ba932c-6b0d-4e1c-bba3-07cbf0f8b47f,Calpe,Animalia,Insecta,https://vvtaxatree.tbn.org.tw/taxa/03de244b-cb9d-4c87-8779-420964457521
4cc2cf75-4768-4b63-9319-12d3ad867640,genus,00ba932c-6b0d-4e1c-bba3-07cbf0f8b47f,Calpenia,Animalia,Insecta,https://vvtaxatree.tbn.org.tw/taxa/4cc2cf75-4768-4b63-9319-12d3ad867640
49448090-cfc6-4f46-a40b-4b1d9f95fe45,genus,c44fa586-2978-4721-9d36-366ebe66484f,Calymmichthys,Animalia,Actinopteri,https://vvtaxatree.tbn.org.tw/taxa/49448090-cfc6-4f46-a40b-4b1d9f95fe45
14b24187-5263-41a6-9ae2-fefd0729e0fe,genus,63e7e423-5ec0-4e95-af80-f47f87a6096f,Calysisme,Animalia,Insecta,https://vvtaxatree.tbn.org.tw/taxa/14b24187-5263-41a6-9ae2-fefd0729e0fe
a2c1fc07-7652-4f84-9e10-d24415c90849,genus,f1b3fb3e-7241-4db8-82ba-eb47c663330e,Cambogia,Animalia,Insecta,https://vvtaxatree.tbn.org.tw/taxa/a2c1fc07-7652-4f84-9e10-d24415c90849
9168d0d1-beec-44e3-9042-87993444635d,genus,33707a96-948a-4d64-a2c0-b646b0232f20,Campodotecnum,Animalia,Insecta,https://vvtaxatree.tbn.org.tw/taxa/9168d0d1-beec-44e3-9042-87993444635d
31258984-b5b9-4e8b-a0b2-a4d9f43ddfe5,genus,4bbd5018-4e6d-4df9-95b2-ce6261662650,Camptonyx,Animalia,Malacostraca,https://vvtaxatree.tbn.org.tw/taxa/31258984-b5b9-4e8b-a0b2-a4d9f43ddfe5
09386cce-a93a-4256-9ed3-91069fbe188a,genus,ed567a97-2f32-4907-a69d-8d30fa4a7bef,Canace,Animalia,Insecta,https://vvtaxatree.tbn.org.tw/taxa/09386cce-a93a-4256-9ed3-91069fbe188a
bbff639e-eb6c-46b6-b55f-5a53048f4ad9,genus,0f0ae753-c82b-43ee-a961-c6a802a4cb65,Canopia,Animalia,Insecta,https://vvtaxatree.tbn.org.tw/taxa/bbff639e-eb6c-46b6-b55f-5a53048f4ad9
a981bb17-ca0b-4c89-9875-06cab289a13a,genus,bb4338f8-1b4e-407c-a5e4-bb77b35996d3,Cantherines,Animalia,Actinopteri,https://vvtaxatree.tbn.org.tw/taxa/a981bb17-ca0b-4c89-9875-06cab289a13a
1bd53fa7-a666-40a0-b9b8-7ffa1af4c0de,genus,f1b3fb3e-7241-4db8-82ba-eb47c663330e,Capasa,Animalia,Insecta,https://vvtaxatree.tbn.org.tw/taxa/1bd53fa7-a666-40a0-b9b8-7ffa1af4c0de
0d83db3d-4b4b-4248-b7d0-318600a365a7,genus,b1b001ee-5540-46b7-80e0-192f6e15b7c5,Capitophoraphis,Animalia,Insecta,https://vvtaxatree.tbn.org.tw/taxa/0d83db3d-4b4b-4248-b7d0-318600a365a7
e74d7d25-d8f5-49cc-8994-d88af3e21d13,genus,1ed70ea9-df64-4be8-979e-bdbfa8008b1c,Caprophonus,Animalia,Actinopteri,https://vvtaxatree.tbn.org.tw/taxa/e74d7d25-d8f5-49cc-8994-d88af3e21d13
56518020-f26e-47f9-b19c-3a1b6a338701,genus,92504495-67e8-42e8-bb76-26cd5b0826f2,Caradrina,Animalia,Insecta,https://vvtaxatree.tbn.org.tw/taxa/56518020-f26e-47f9-b19c-3a1b6a338701
b164d586-e8ff-4aab-8423-62411101c4c7,genus,78591ce4-ee4d-4ae1-966f-337237bdcb6e,Carapus,Animalia,Actinopteri,https://vvtaxatree.tbn.org.tw/taxa/b164d586-e8ff-4aab-8423-62411101c4c7
53643407-2eec-4a9d-8283-ad3e67063aa2,genus,564b87d3-4e3f-4f11-9e9a-16c2eb247bab,Carbo,Animalia,Aves,https://vvtaxatree.tbn.org.tw/taxa/53643407-2eec-4a9d-8283-ad3e67063aa2
c0177faa-cbcd-4ef9-8bd4-7e2a11146192,genus,197dae47-aca7-4beb-a2ca-2d2399d2bde2,Carcharins,Animalia,Elasmobranchii,https://vvtaxatree.tbn.org.tw/taxa/c0177faa-cbcd-4ef9-8bd4-7e2a11146192
0a5dc7ab-3d08-4623-ba16-fa062dec52e0,genus,197dae47-aca7-4beb-a2ca-2d2399d2bde2,Carcharius,Animalia,Elasmobranchii,https://vvtaxatree.tbn.org.tw/taxa/0a5dc7ab-3d08-4623-ba16-fa062dec52e0
8769e2a9-baa5-4356-8a3e-7cf81fe5c0a0,genus,90e2cd58-9d9a-44b4-903b-e121d7fc327b,Carcinoptera,Animalia,Insecta,https://vvtaxatree.tbn.org.tw/taxa/8769e2a9-baa5-4356-8a3e-7cf81fe5c0a0
ab341ff3-1c3d-461d-983e-052655405925,genus,90ab3438-5b02-4145-92fa-ffe62912e0bc,Cardiogaster,Animalia,Insecta,https://vvtaxatree.tbn.org.tw/taxa/ab341ff3-1c3d-461d-983e-052655405925
b4edccaa-ced5-4ae8-9da6-6b87bda1a7c8,genus,d3e307a5-5320-4778-899c-ebb334acee07,Cardium,Animalia,Bivalvia,https://vvtaxatree.tbn.org.tw/taxa/b4edccaa-ced5-4ae8-9da6-6b87bda1a7c8
3079a4fe-009b-4c09-8dfb-bd12146ab1f0,genus,ddb9016c-7499-4cd9-919e-6b436529c410,Caricea,Animalia,Insecta,https://vvtaxatree.tbn.org.tw/taxa/3079a4fe-009b-4c09-8dfb-bd12146ab1f0
5e7700b4-0c74-432b-99d1-4400716bf0ae,genus,4e5a35e9-7214-4ed8-afcb-d3b5c676a4b4,Caristioides,Animalia,Actinopteri,https://vvtaxatree.tbn.org.tw/taxa/5e7700b4-0c74-432b-99d1-4400716bf0ae
ea7e6672-99b1-411c-9064-a6471700ef75,genus,00ba932c-6b0d-4e1c-bba3-07cbf0f8b47f,Carmara,Animalia,Insecta,https://vvtaxatree.tbn.org.tw/taxa/ea7e6672-99b1-411c-9064-a6471700ef75
04a0a687-f1fa-4d36-bbeb-54f29a5fdae3,genus,5f91a112-50cd-4ab9-aa73-f3fbeb28a909,Carolina,Animalia,Insecta,https://vvtaxatree.tbn.org.tw/taxa/04a0a687-f1fa-4d36-bbeb-54f29a5fdae3
5fdadd89-2805-4244-a592-27870830269a,genus,1f823286-3e82-49de-b9f8-8f921e0cd26d,Carpilodes,Animalia,Malacostraca,https://vvtaxatree.tbn.org.tw/taxa/5fdadd89-2805-4244-a592-27870830269a
06a334d1-87bb-45bf-956d-de6866a9701a,genus,1f823286-3e82-49de-b9f8-8f921e0cd26d,Carpiloxanthus,Animalia,Malacostraca,https://vvtaxatree.tbn.org.tw/taxa/06a334d1-87bb-45bf-956d-de6866a9701a
31d97336-507c-47c6-9ccd-7e01dd55dcf6,genus,50583e36-4bb6-46ee-a6a6-ab5b65fbcf10,Carpocapsa,Animalia,Insecta,https://vvtaxatree.tbn.org.tw/taxa/31d97336-507c-47c6-9ccd-7e01dd55dcf6
20884dbf-a9b4-4fe2-82f8-2046c20a8124,genus,24b91207-b311-4ad0-b72a-6cedfeabcfce,Carponinus,Animalia,Insecta,https://vvtaxatree.tbn.org.tw/taxa/20884dbf-a9b4-4fe2-82f8-2046c20a8124
23db22d2-8b89-4b2a-a5bd-201c03afc5ff,genus,f15cfa76-ed14-4df6-a798-97775ee44e05,Carulaspis,Animalia,Insecta,https://vvtaxatree.tbn.org.tw/taxa/23db22d2-8b89-4b2a-a5bd-201c03afc5ff
342a689e-3b2f-4289-9126-f39432a3242b,genus,fe1cb811-0ac3-46d5-857b-5748026bd123,Casella,Animalia,Gastropoda,https://vvtaxatree.tbn.org.tw/taxa/342a689e-3b2f-4289-9126-f39432a3242b
80615833-2e84-4365-ab76-8e7a782f28ec,genus,9dc21538-68da-4c7d-93a3-be127ff02b73,Catacarcelia,Animalia,Insecta,https://vvtaxatree.tbn.org.tw/taxa/80615833-2e84-4365-ab76-8e7a782f28ec
ba73fed8-b81c-4643-8334-87241a3c88f5,genus,f09de0dd-94b4-4a6e-979a-eeea5de3a4aa,Catana,Animalia,Insecta,https://vvtaxatree.tbn.org.tw/taxa/ba73fed8-b81c-4643-8334-87241a3c88f5
4e9992e4-d639-475b-8ea8-96f2ec3c1af6,genus,f09de0dd-94b4-4a6e-979a-eeea5de3a4aa,Catanella,Animalia,Insecta,https://vvtaxatree.tbn.org.tw/taxa/4e9992e4-d639-475b-8ea8-96f2ec3c1af6
fc46982c-5d26-4c7e-a1a3-d0fbcaaff44b,genus,30bad4b6-1506-4d5a-a91a-48e63ff37143,Catantops,Animalia,Insecta,https://vvtaxatree.tbn.org.tw/taxa/fc46982c-5d26-4c7e-a1a3-d0fbcaaff44b
7742fd91-6f9d-40b6-89f8-2f17f3108e9c,genus,92504495-67e8-42e8-bb76-26cd5b0826f2,Catephia,Animalia,Insecta,https://vvtaxatree.tbn.org.tw/taxa/7742fd91-6f9d-40b6-89f8-2f17f3108e9c
5236188c-a975-4409-b127-5c23d1a09f14,genus,d8e25335-c63f-470c-a940-27c5626d85e9,Catophaga,Animalia,Insecta,https://vvtaxatree.tbn.org.tw/taxa/5236188c-a975-4409-b127-5c23d1a09f14
4d146768-7422-463e-b466-477ab3cfef9a,genus,e9ac9ca1-ef9a-4104-a587-533c8d32e72f,Caviceps,Animalia,Insecta,https://vvtaxatree.tbn.org.tw/taxa/4d146768-7422-463e-b466-477ab3cfef9a
47e5abdc-15a0-4167-96bc-1edb71c0fd85,genus,834af5c5-b52b-4dfd-b66d-7239245062b1,Cechenena,Animalia,Insecta,https://vvtaxatree.tbn.org.tw/taxa/47e5abdc-15a0-4167-96bc-1edb71c0fd85
01a934d3-3945-446c-90f3-aeaed99ab42c,genus,5e34f425-c28f-429d-84a3-281853c65127,Celama,Animalia,Insecta,https://vvtaxatree.tbn.org.tw/taxa/01a934d3-3945-446c-90f3-aeaed99ab42c
d140652b-6d2d-42f1-b86c-52a716db09d9,genus,8869f7eb-5e7e-4aba-87c0-df7af433de80,Cenodocus,Animalia,Insecta,https://vvtaxatree.tbn.org.tw/taxa/d140652b-6d2d-42f1-b86c-52a716db09d9
27581b1f-69b7-40f5-b300-1cbaa80407a6,genus,8c9d6dc8-2a3d-4ff7-b0e0-81a315f1d5fe,Cenopogon,Animalia,Insecta,https://vvtaxatree.tbn.org.tw/taxa/27581b1f-69b7-40f5-b300-1cbaa80407a6
1c0ead09-18e9-4b5c-aa5a-eb54a189a0cb,genus,1e2f740c-abe7-4b3f-9e13-ae185a687924,Centracion,Animalia,Elasmobranchii,https://vvtaxatree.tbn.org.tw/taxa/1c0ead09-18e9-4b5c-aa5a-eb54a189a0cb
fc8d7393-09c4-4974-ad3e-a3053c107b8a,genus,856a1a16-e8ac-436a-9ad2-ac5aff334344,Centricus,Animalia,Actinopteri,https://vvtaxatree.tbn.org.tw/taxa/fc8d7393-09c4-4974-ad3e-a3053c107b8a
787169ca-84ea-40a3-b6a4-b713d78b12aa,genus,025c2484-3c0e-443a-8336-d76d16c9fae6,Centrocetus,Animalia,Actinopteri,https://vvtaxatree.tbn.org.tw/taxa/787169ca-84ea-40a3-b6a4-b713d78b12aa
83ec1986-6325-490e-a95e-fa652cd8e26b,genus,55c9ea6b-c2b1-42b6-b5a1-689d0d651dc2,Centrogaster,Animalia,Actinopteri,https://vvtaxatree.tbn.org.tw/taxa/83ec1986-6325-490e-a95e-fa652cd8e26b
82e84b9b-8308-4fdc-9838-36919d803378,genus,e1c20174-99a9-4c28-9544-90fbafd900d0,Centrolophus,Animalia,Actinopteri,https://vvtaxatree.tbn.org.tw/taxa/82e84b9b-8308-4fdc-9838-36919d803378
51930e2f-e80d-44b9-8dd0-21b6f046f556,genus,b939ee73-fe53-43fb-804e-a27e99f96a85,Centropholis,Animalia,Actinopteri,https://vvtaxatree.tbn.org.tw/taxa/51930e2f-e80d-44b9-8dd0-21b6f046f556
ad6dc047-4748-4201-b037-12d066804b1f,genus,5307f43c-ecf1-4bab-afbb-9468bf172a54,Centropomus,Animalia,Actinopteri,https://vvtaxatree.tbn.org.tw/taxa/ad6dc047-4748-4201-b037-12d066804b1f
5cf36d1b-3243-4472-9863-31e825b68606,genus,ebcdbf4d-2fb2-4246-805d-52a45d8b9bae,Centropristes,Animalia,Actinopteri,https://vvtaxatree.tbn.org.tw/taxa/5cf36d1b-3243-4472-9863-31e825b68606
c462c324-7ce2-4925-a223-fa58e82ed08a,genus,ebcdbf4d-2fb2-4246-805d-52a45d8b9bae,Centropristis,Animalia,Actinopteri,https://vvtaxatree.tbn.org.tw/taxa/c462c324-7ce2-4925-a223-fa58e82ed08a
fabd513e-4527-43bd-ba03-87463d0a016d,genus,1939be63-2b03-4d15-8217-f01fb23dbdb1,Cephalia,Animalia,Insecta,https://vvtaxatree.tbn.org.tw/taxa/fabd513e-4527-43bd-ba03-87463d0a016d
9c5f9424-1c4a-4eb9-95c2-ffa010778066,genus,b7226c1d-2ff6-4bdf-83fb-6e13956802c7,Cephalodromia,Animalia,Insecta,https://vvtaxatree.tbn.org.tw/taxa/9c5f9424-1c4a-4eb9-95c2-ffa010778066
6a7c9712-4107-4e22-9ca8-7b40fbbe7e53,genus,ebcdbf4d-2fb2-4246-805d-52a45d8b9bae,Cephalopolis,Animalia,Actinopteri,https://vvtaxatree.tbn.org.tw/taxa/6a7c9712-4107-4e22-9ca8-7b40fbbe7e53
070b297d-84a1-438d-b0d0-fb027717c4d4,genus,ee964dcc-2f2f-40a5-9255-3ea96968d1f9,Cephaloptera,Animalia,Elasmobranchii,https://vvtaxatree.tbn.org.tw/taxa/070b297d-84a1-438d-b0d0-fb027717c4d4
b43a4915-90ac-44bf-9632-0bb51faa735c,genus,ee964dcc-2f2f-40a5-9255-3ea96968d1f9,Cephalopterus,Animalia,Elasmobranchii,https://vvtaxatree.tbn.org.tw/taxa/b43a4915-90ac-44bf-9632-0bb51faa735c
583f1593-b0ae-4d99-9afe-bc43083590ca,genus,5f91a112-50cd-4ab9-aa73-f3fbeb28a909,Cephaloserica,Animalia,Insecta,https://vvtaxatree.tbn.org.tw/taxa/583f1593-b0ae-4d99-9afe-bc43083590ca
b8a342ff-6700-4d3a-8632-a9f534be65ed,genus,9976cd9b-eb35-46eb-8e2e-fed700c0c9e9,Cephalus,Animalia,Actinopteri,https://vvtaxatree.tbn.org.tw/taxa/b8a342ff-6700-4d3a-8632-a9f534be65ed
c768625d-f689-4bdb-9d25-f953ff8d6349,genus,92504495-67e8-42e8-bb76-26cd5b0826f2,Cerapteryx,Animalia,Insecta,https://vvtaxatree.tbn.org.tw/taxa/c768625d-f689-4bdb-9d25-f953ff8d6349
3907495e-6f09-45c6-a904-1cf8d0c227a7,genus,73b9021e-809c-4b51-9a4c-067df6910632,Ceratocheilus,Animalia,Insecta,https://vvtaxatree.tbn.org.tw/taxa/3907495e-6f09-45c6-a904-1cf8d0c227a7
f42b2a8f-c003-4336-8c3d-01ccc5624b68,genus,d43ac6b7-0911-41c4-bed7-8e191c6377ab,Ceratophysetis,Animalia,Insecta,https://vvtaxatree.tbn.org.tw/taxa/f42b2a8f-c003-4336-8c3d-01ccc5624b68
128e67e3-4082-45e7-9e76-f56a38993faa,genus,ee964dcc-2f2f-40a5-9255-3ea96968d1f9,Ceratoptera,Animalia,Elasmobranchii,https://vvtaxatree.tbn.org.tw/taxa/128e67e3-4082-45e7-9e76-f56a38993faa
3393ad11-04dc-4e8f-98a6-e15d723f908b,genus,623e1b66-1fc3-48a8-87b8-c4d40af7c89d,Cercomitus,Animalia,Actinopteri,https://vvtaxatree.tbn.org.tw/taxa/3393ad11-04dc-4e8f-98a6-e15d723f908b
05ac7a69-6395-477f-837a-3fc9287c55e4,genus,e866e047-2afc-4fd7-be57-299311aada3f,Cercopis,Animalia,Insecta,https://vvtaxatree.tbn.org.tw/taxa/05ac7a69-6395-477f-837a-3fc9287c55e4
59d08e4a-2357-4c3b-981f-8b350d87c2a0,genus,67c8856f-ebe4-4cbf-9d03-ce8ed4f0ed76,Ceroputo,Animalia,Insecta,https://vvtaxatree.tbn.org.tw/taxa/59d08e4a-2357-4c3b-981f-8b350d87c2a0
a66e51e5-8ac3-4b78-b469-14a160d55b28,genus,ab09a45d-4427-41a2-a670-6c2a67fde944,Cestracion,Animalia,Elasmobranchii,https://vvtaxatree.tbn.org.tw/taxa/a66e51e5-8ac3-4b78-b469-14a160d55b28
5d68db60-2131-4681-8fcb-620f37c3e7b3,genus,3ed90309-5586-4664-a47e-cf875c5d0b98,Cetostomus,Animalia,Actinopteri,https://vvtaxatree.tbn.org.tw/taxa/5d68db60-2131-4681-8fcb-620f37c3e7b3
d5cb6e47-8d23-495c-b865-26da5d2abb21,genus,e2ddf8e5-2d1f-4b8d-8878-04aac3cfbee0,Chaerecla,Animalia,Insecta,https://vvtaxatree.tbn.org.tw/taxa/d5cb6e47-8d23-495c-b865-26da5d2abb21
3af2b828-d146-46a2-b67c-1846559ea00e,genus,834af5c5-b52b-4dfd-b66d-7239245062b1,Chaerocampa,Animalia,Insecta,https://vvtaxatree.tbn.org.tw/taxa/3af2b828-d146-46a2-b67c-1846559ea00e
57f029df-9f9a-412c-ac0d-ecdfc7bb2c0e,genus,0398f7a8-f589-4399-a581-2f4ea995f3b6,Chaerops,Animalia,Actinopteri,https://vvtaxatree.tbn.org.tw/taxa/57f029df-9f9a-412c-ac0d-ecdfc7bb2c0e
5eb7916f-682d-47cb-8a18-6ca08f67e001,genus,9dc21538-68da-4c7d-93a3-be127ff02b73,Chaetodacus,Animalia,Insecta,https://vvtaxatree.tbn.org.tw/taxa/5eb7916f-682d-47cb-8a18-6ca08f67e001
93c65682-9df0-4183-9e16-f6452101087f,genus,20acdea9-e6a1-40a0-8cd6-c9b28f5e67fa,Chaetosticha,Animalia,Insecta,https://vvtaxatree.tbn.org.tw/taxa/93c65682-9df0-4183-9e16-f6452101087f
edcb7149-06a2-4c06-9fb6-31490b641469,genus,e9ac9ca1-ef9a-4104-a587-533c8d32e72f,Chalcidomyia,Animalia,Insecta,https://vvtaxatree.tbn.org.tw/taxa/edcb7149-06a2-4c06-9fb6-31490b641469
848f1467-41b4-40dc-ae60-2a7d5823220f,genus,bcdd2db0-72f9-40a8-bc39-e126fda5acf7,Chamaesipho,Animalia,Thecostraca,https://vvtaxatree.tbn.org.tw/taxa/848f1467-41b4-40dc-ae60-2a7d5823220f
77169519-a25d-4beb-a350-7be2f3621ee8,genus,8a18edaa-8814-42af-a7e6-fa1c3f95dec4,Chanda,Animalia,Actinopteri,https://vvtaxatree.tbn.org.tw/taxa/77169519-a25d-4beb-a350-7be2f3621ee8
e599e184-9aaf-4de4-a801-6d809886bcab,genus,fa8339c2-187e-4e58-929b-4b1016ce871c,Chapra,Animalia,Insecta,https://vvtaxatree.tbn.org.tw/taxa/e599e184-9aaf-4de4-a801-6d809886bcab
596dd313-a562-437c-adaa-86e6ce94b910,genus,e2ddf8e5-2d1f-4b8d-8878-04aac3cfbee0,Charema,Animalia,Insecta,https://vvtaxatree.tbn.org.tw/taxa/596dd313-a562-437c-adaa-86e6ce94b910
99b67201-5e5c-4912-8cc9-0578a82ab0e6,genus,9489ea78-e128-4475-b835-1c6a2782eaba,Chatoessus,Animalia,Actinopteri,https://vvtaxatree.tbn.org.tw/taxa/99b67201-5e5c-4912-8cc9-0578a82ab0e6
90a4c8bc-dcb0-40c6-9c18-6aadc3f7cf2f,genus,9489ea78-e128-4475-b835-1c6a2782eaba,Chatoesus,Animalia,Actinopteri,https://vvtaxatree.tbn.org.tw/taxa/90a4c8bc-dcb0-40c6-9c18-6aadc3f7cf2f
f04fa67a-1679-4b56-b791-c8d907bcc687,genus,d75bca47-96ca-4218-9476-d0e980f9693e,Chaunoteuthis,Animalia,Cephalopoda,https://vvtaxatree.tbn.org.tw/taxa/f04fa67a-1679-4b56-b791-c8d907bcc687
04d38546-2243-4dd4-b1de-71d262978bd0,genus,cc26df49-b4ce-4d67-b4f6-eddba857fbd0,Chazena,Animalia,Insecta,https://vvtaxatree.tbn.org.tw/taxa/04d38546-2243-4dd4-b1de-71d262978bd0
d0e219d0-89e3-4ab0-bc85-588f42259cb5,genus,0398f7a8-f589-4399-a581-2f4ea995f3b6,Cheilinoides,Animalia,Actinopteri,https://vvtaxatree.tbn.org.tw/taxa/d0e219d0-89e3-4ab0-bc85-588f42259cb5
89f4a316-a69a-4af1-8aea-1f329e70c779,genus,0398f7a8-f589-4399-a581-2f4ea995f3b6,Chelinus,Animalia,Actinopteri,https://vvtaxatree.tbn.org.tw/taxa/89f4a316-a69a-4af1-8aea-1f329e70c779
e77cb867-5329-4e76-a885-0d2bf4af5fd6,genus,98c1f314-26d4-481d-9a5c-f3bbefa94a9b,Chelomalpheus,Animalia,Malacostraca,https://vvtaxatree.tbn.org.tw/taxa/e77cb867-5329-4e76-a885-0d2bf4af5fd6
2f7965f5-67ad-4055-af0e-c1df238d1e25,genus,f09de0dd-94b4-4a6e-979a-eeea5de3a4aa,Chelonitis,Animalia,Insecta,https://vvtaxatree.tbn.org.tw/taxa/2f7965f5-67ad-4055-af0e-c1df238d1e25
a28747c6-a3ff-4698-8b85-15d0f17c8494,genus,f09de0dd-94b4-4a6e-979a-eeea5de3a4aa,Chilocrous,Animalia,Insecta,https://vvtaxatree.tbn.org.tw/taxa/a28747c6-a3ff-4698-8b85-15d0f17c8494
3ebe324f-1b3b-4426-b3da-03a4a62eb84c,genus,1b51a1aa-fdea-4707-9c19-1d9607f83eb2,Chilodactylus,Animalia,Actinopteri,https://vvtaxatree.tbn.org.tw/taxa/3ebe324f-1b3b-4426-b3da-03a4a62eb84c
8c6f11bd-cde7-4920-b319-4ea3378c092f,genus,51658d7c-9356-49ad-8f6c-b02b2c0f4f67,Chira,Animalia,Arachnida,https://vvtaxatree.tbn.org.tw/taxa/8c6f11bd-cde7-4920-b319-4ea3378c092f
35fcdd71-e24b-4d7b-bf99-722998fbaa75,genus,94475239-1033-48e7-937f-b147d0dd86df,Chirixalus,Animalia,Amphibia,https://vvtaxatree.tbn.org.tw/taxa/35fcdd71-e24b-4d7b-bf99-722998fbaa75
222efdc7-ce75-4392-8f12-7ed8a3769fb2,genus,14071a6d-8c5f-4d26-8923-ff8f5a678475,Chirocentreus,Animalia,Actinopteri,https://vvtaxatree.tbn.org.tw/taxa/222efdc7-ce75-4392-8f12-7ed8a3769fb2
574d457b-692b-47ad-9eed-f70e18b3a6f7,genus,51af4ad0-fdf6-412d-9903-92dd5346f5da,Chirolophius,Animalia,Actinopteri,https://vvtaxatree.tbn.org.tw/taxa/574d457b-692b-47ad-9eed-f70e18b3a6f7
5d492c8f-d953-4206-b1dc-8ecc6243497c,genus,2fea7621-dae3-44ec-b3a3-d2ba0cfdc040,Chironectes,Animalia,Actinopteri,https://vvtaxatree.tbn.org.tw/taxa/5d492c8f-d953-4206-b1dc-8ecc6243497c
b5accbcc-1d01-42e1-9efe-f8551e1d2682,genus,63d2103f-f710-4896-9275-957b9779ac33,Chiton,Animalia,Polyplacophora,https://vvtaxatree.tbn.org.tw/taxa/b5accbcc-1d01-42e1-9efe-f8551e1d2682
63f13b38-c127-497c-b8eb-d05b62272e0c,genus,cc27611f-8dd6-4126-969e-524cb5f623d4,Chlorodius,Animalia,Malacostraca,https://vvtaxatree.tbn.org.tw/taxa/63f13b38-c127-497c-b8eb-d05b62272e0c
a0b2eed5-4fa4-4857-bcad-519fca948715,genus,e9ac9ca1-ef9a-4104-a587-533c8d32e72f,Chloropisca,Animalia,Insecta,https://vvtaxatree.tbn.org.tw/taxa/a0b2eed5-4fa4-4857-bcad-519fca948715
948f66f5-ac32-4de7-abea-265693dacc7f,genus,8c9d6dc8-2a3d-4ff7-b0e0-81a315f1d5fe,Choerades,Animalia,Insecta,https://vvtaxatree.tbn.org.tw/taxa/948f66f5-ac32-4de7-abea-265693dacc7f
3402bf55-cfe0-4762-a64c-2f067b37a3db,genus,834af5c5-b52b-4dfd-b66d-7239245062b1,Choerocampa,Animalia,Insecta,https://vvtaxatree.tbn.org.tw/taxa/3402bf55-cfe0-4762-a64c-2f067b37a3db
4fe4e617-2b63-400f-ab1e-3259dfcd1ba4,genus,0398f7a8-f589-4399-a581-2f4ea995f3b6,Choerops,Animalia,Actinopteri,https://vvtaxatree.tbn.org.tw/taxa/4fe4e617-2b63-400f-ab1e-3259dfcd1ba4
fe1b4f8a-25a2-4732-8f9c-d04fd86e57fa,genus,6f7a048c-68e9-417d-a8d1-0ade81f94fbe,Choetodon,Animalia,Actinopteri,https://vvtaxatree.tbn.org.tw/taxa/fe1b4f8a-25a2-4732-8f9c-d04fd86e57fa
fd5859e3-c82b-4304-93e4-415e1e57d8e0,genus,00ba932c-6b0d-4e1c-bba3-07cbf0f8b47f,Cholimma,Animalia,Insecta,https://vvtaxatree.tbn.org.tw/taxa/fd5859e3-c82b-4304-93e4-415e1e57d8e0
d3074cf0-6813-4f43-83db-3381b52b7af2,genus,8869f7eb-5e7e-4aba-87c0-df7af433de80,Chollides,Animalia,Insecta,https://vvtaxatree.tbn.org.tw/taxa/d3074cf0-6813-4f43-83db-3381b52b7af2
5c26dcb9-24b0-42ee-94da-a5ab1fb18536,genus,0f2c9a4f-e96d-4fa0-a3b0-03a19e671a75,Chorinemus,Animalia,Actinopteri,https://vvtaxatree.tbn.org.tw/taxa/5c26dcb9-24b0-42ee-94da-a5ab1fb18536
55737a11-3c55-4c6c-b3bb-7b6474f32d7d,genus,bb3d879b-80a0-4777-819d-9e5608512428,Chorisoneura,Animalia,Insecta,https://vvtaxatree.tbn.org.tw/taxa/55737a11-3c55-4c6c-b3bb-7b6474f32d7d
b07db56c-e12b-421d-82a7-c9b76087cd4d,genus,ebcdbf4d-2fb2-4246-805d-52a45d8b9bae,Chorististium,Animalia,Actinopteri,https://vvtaxatree.tbn.org.tw/taxa/b07db56c-e12b-421d-82a7-c9b76087cd4d
ba143dd3-d99a-42da-8a40-36665fd4c979,genus,8c6e7384-7df6-4632-92ae-d01241027723,Chortophila,Animalia,Insecta,https://vvtaxatree.tbn.org.tw/taxa/ba143dd3-d99a-42da-8a40-36665fd4c979
a84690a4-444f-4a55-869a-140f60c5fee8,genus,29258d69-cbc8-4f66-8426-2c8ee350740f,Chrysoclista,Animalia,Insecta,https://vvtaxatree.tbn.org.tw/taxa/a84690a4-444f-4a55-869a-140f60c5fee8
94e9fe5e-ef52-43fe-99d7-df789b7bd09b,genus,e5f8eb2d-1327-4ac9-87af-f471a67964e1,Chyloscyllium,Animalia,Elasmobranchii,https://vvtaxatree.tbn.org.tw/taxa/94e9fe5e-ef52-43fe-99d7-df789b7bd09b
6ac9863b-bfd8-4e5e-8b19-f2e20137247c,genus,c8c1f3b0-044a-4fe2-bff4-ca4bcdb9c299,Cicada,Animalia,Insecta,https://vvtaxatree.tbn.org.tw/taxa/6ac9863b-bfd8-4e5e-8b19-f2e20137247c
a55508c3-b5e6-4cf0-9734-db7cea74c536,genus,080f29b6-816a-44f7-b302-5a5e72ed0d9a,Cichlops,Animalia,Actinopteri,https://vvtaxatree.tbn.org.tw/taxa/a55508c3-b5e6-4cf0-9734-db7cea74c536
23ff4615-0436-451f-abc5-886959c97a59,genus,b5fef04d-5a0b-497f-a5c2-5ed38874c499,Cidaris,Animalia,Echinoidea,https://vvtaxatree.tbn.org.tw/taxa/23ff4615-0436-451f-abc5-886959c97a59
ee7bf7b7-93b0-461f-8294-90710d794e69,genus,83ff53aa-f218-475e-9d80-e90e850b2790,Cidarites,Animalia,Echinoidea,https://vvtaxatree.tbn.org.tw/taxa/ee7bf7b7-93b0-461f-8294-90710d794e69
3419992e-c27f-45cd-a10b-ef5a1b0399c9,genus,8f76b2bd-8697-4b7a-8f77-4a9dbc6bc8cc,Ciniflo,Animalia,Arachnida,https://vvtaxatree.tbn.org.tw/taxa/3419992e-c27f-45cd-a10b-ef5a1b0399c9
226a31d5-08cf-421a-8d42-d24922b30326,genus,92504495-67e8-42e8-bb76-26cd5b0826f2,Ciprhis,Animalia,Insecta,https://vvtaxatree.tbn.org.tw/taxa/226a31d5-08cf-421a-8d42-d24922b30326
6853322e-3f39-4e04-a3b6-13afd8763ad9,genus,92504495-67e8-42e8-bb76-26cd5b0826f2,Cirphis,Animalia,Insecta,https://vvtaxatree.tbn.org.tw/taxa/6853322e-3f39-4e04-a3b6-13afd8763ad9
85d2ee7f-0f2f-42d5-b047-813e9f5bb422,genus,0398f7a8-f589-4399-a581-2f4ea995f3b6,Cirrhillabrus,Animalia,Actinopteri,https://vvtaxatree.tbn.org.tw/taxa/85d2ee7f-0f2f-42d5-b047-813e9f5bb422
9955e1de-ca34-4520-bc57-20f70e9b3772,genus,a52e4f4c-d243-480c-97a6-5f2b47de0b39,Cirrhites,Animalia,Actinopteri,https://vvtaxatree.tbn.org.tw/taxa/9955e1de-ca34-4520-bc57-20f70e9b3772
c6911c99-937c-4f67-a082-4bd689a797c4,genus,a52e4f4c-d243-480c-97a6-5f2b47de0b39,Cirrhitoidea,Animalia,Actinopteri,https://vvtaxatree.tbn.org.tw/taxa/c6911c99-937c-4f67-a082-4bd689a797c4
ea4ba1e3-dd36-4f22-8a5c-5a7f1b4e1142,genus,6eace83a-f900-4155-a3fc-c3f528069229,Cirripectus,Animalia,Actinopteri,https://vvtaxatree.tbn.org.tw/taxa/ea4ba1e3-dd36-4f22-8a5c-5a7f1b4e1142
06df1cec-b728-4f0c-9079-4875e1588c3f,genus,2b73061b-2572-4a72-a112-427975bae028,Cistudo,Animalia,Reptilia,https://vvtaxatree.tbn.org.tw/taxa/06df1cec-b728-4f0c-9079-4875e1588c3f
1281dbbe-5f8e-4bd4-b74c-1aebe2fd5b8f,genus,0f2c9a4f-e96d-4fa0-a3b0-03a19e671a75,Citula,Animalia,Actinopteri,https://vvtaxatree.tbn.org.tw/taxa/1281dbbe-5f8e-4bd4-b74c-1aebe2fd5b8f
39ecf503-19ed-49dc-a4ef-724a2abc21c2,genus,1ec10ff8-58d7-4f5f-b626-7c00cf611a30,Clasiopa,Animalia,Insecta,https://vvtaxatree.tbn.org.tw/taxa/39ecf503-19ed-49dc-a4ef-724a2abc21c2
e96aca88-43ba-401f-91dc-beff8819f81f,genus,e508efe4-448a-4d5f-8142-7cb0ac3a15eb,Clathurella,Animalia,Gastropoda,https://vvtaxatree.tbn.org.tw/taxa/e96aca88-43ba-401f-91dc-beff8819f81f
de216dac-e547-45df-8cfd-e18fcc9aca74,genus,96c21708-be66-4444-9fc1-dfb2112d80e1,Cleodora,Animalia,Gastropoda,https://vvtaxatree.tbn.org.tw/taxa/de216dac-e547-45df-8cfd-e18fcc9aca74
a52e92ce-773d-4266-95e4-081195d58546,genus,6088c166-17c5-4335-b533-10fe19f9faf9,Cleosiris,Animalia,Insecta,https://vvtaxatree.tbn.org.tw/taxa/a52e92ce-773d-4266-95e4-081195d58546
5ff5f118-93be-4493-85ae-a16ec67d5b82,genus,f527921d-5221-4441-a2c1-8677cc577cc9,Clepsine,Animalia,Clitellata,https://vvtaxatree.tbn.org.tw/taxa/5ff5f118-93be-4493-85ae-a16ec67d5b82
1c821c57-e791-471d-8fa4-87d90d0416ed,genus,5e34f425-c28f-429d-84a3-281853c65127,Clettharra,Animalia,Insecta,https://vvtaxatree.tbn.org.tw/taxa/1c821c57-e791-471d-8fa4-87d90d0416ed
b8372de4-1895-4516-9316-b264e6265fa7,genus,5f91a112-50cd-4ab9-aa73-f3fbeb28a909,Clineterocera,Animalia,Insecta,https://vvtaxatree.tbn.org.tw/taxa/b8372de4-1895-4516-9316-b264e6265fa7
4492da26-e284-4024-8676-d4aad26da16b,genus,53d9d198-efe3-4336-96d0-dd793720105f,Clinidium,Animalia,Insecta,https://vvtaxatree.tbn.org.tw/taxa/4492da26-e284-4024-8676-d4aad26da16b
c2370c45-6a29-4340-9d3c-36f577da73db,genus,084a553f-dbfe-4232-960d-02f94dd4c502,Clinus,Animalia,Actinopteri,https://vvtaxatree.tbn.org.tw/taxa/c2370c45-6a29-4340-9d3c-36f577da73db
228778d7-25bf-4aa7-8113-8b9d4478a612,genus,7b3161d5-6c11-4f8e-820e-51324a395768,Cliobata,Animalia,Insecta,https://vvtaxatree.tbn.org.tw/taxa/228778d7-25bf-4aa7-8113-8b9d4478a612
c57e14cb-a316-4bcb-bc2d-71e9ac9cfb22,genus,d6d336ca-4a12-4ccd-8fdc-9b9cdd5d32d3,Clitellaria,Animalia,Insecta,https://vvtaxatree.tbn.org.tw/taxa/c57e14cb-a316-4bcb-bc2d-71e9ac9cfb22
d2007dfa-b6f1-4f00-b610-168623f304ac,genus,b88a107c-ccc4-4323-9e8e-56542385db95,Clothilla,Animalia,Insecta,https://vvtaxatree.tbn.org.tw/taxa/d2007dfa-b6f1-4f00-b610-168623f304ac
c2431898-95c5-4599-bd5f-29be5219062d,genus,9489ea78-e128-4475-b835-1c6a2782eaba,Clupalosa,Animalia,Actinopteri,https://vvtaxatree.tbn.org.tw/taxa/c2431898-95c5-4599-bd5f-29be5219062d
7d4f69d1-20a3-4c43-b433-0b71c15c421a,genus,9489ea78-e128-4475-b835-1c6a2782eaba,Clupeonia,Animalia,Actinopteri,https://vvtaxatree.tbn.org.tw/taxa/7d4f69d1-20a3-4c43-b433-0b71c15c421a
0e9f3762-37ab-4d3a-a5a0-5c709be71a0b,genus,206108ab-6a9d-493a-8316-e430da8da7a1,Cnidocampa,Animalia,Insecta,https://vvtaxatree.tbn.org.tw/taxa/0e9f3762-37ab-4d3a-a5a0-5c709be71a0b
a0f336b3-8b79-4c6e-8813-1b17bc0b5299,genus,f15cfa76-ed14-4df6-a798-97775ee44e05,Coccomytilus,Animalia,Insecta,https://vvtaxatree.tbn.org.tw/taxa/a0f336b3-8b79-4c6e-8813-1b17bc0b5299
4c554ab1-b2be-44cf-826a-d3bccd6f5d56,genus,50583e36-4bb6-46ee-a6a6-ab5b65fbcf10,Cochylis,Animalia,Insecta,https://vvtaxatree.tbn.org.tw/taxa/4c554ab1-b2be-44cf-826a-d3bccd6f5d56
0ba3b347-8bd6-4900-a129-49f1e669080d,genus,e2ddf8e5-2d1f-4b8d-8878-04aac3cfbee0,Coclebotys,Animalia,Insecta,https://vvtaxatree.tbn.org.tw/taxa/0ba3b347-8bd6-4900-a129-49f1e669080d
9ac0ff41-2579-498e-a3f8-b2ebd757c2e1,genus,92504495-67e8-42e8-bb76-26cd5b0826f2,Cocytodes,Animalia,Insecta,https://vvtaxatree.tbn.org.tw/taxa/9ac0ff41-2579-498e-a3f8-b2ebd757c2e1
2e0a05c9-9a6b-41ff-8aac-151bf8332a9c,genus,8869f7eb-5e7e-4aba-87c0-df7af433de80,Coelosterna,Animalia,Insecta,https://vvtaxatree.tbn.org.tw/taxa/2e0a05c9-9a6b-41ff-8aac-151bf8332a9c
2259209f-3f9a-4673-9246-dc2ffb79f9d5,genus,9b47c86a-e7c4-4ebb-a638-490b2c025209,Coelotes,Animalia,Arachnida,https://vvtaxatree.tbn.org.tw/taxa/2259209f-3f9a-4673-9246-dc2ffb79f9d5
1bbc2040-a8c8-4c56-88a9-d431139ed55a,genus,3320f241-8801-447e-98c1-7f40061b0c7a,Colax,Animalia,Insecta,https://vvtaxatree.tbn.org.tw/taxa/1bbc2040-a8c8-4c56-88a9-d431139ed55a
795c8717-ff42-40ad-b49d-fde4913b54b8,genus,2578c6fe-baf3-4d08-a010-d0f72d5bd930,Coluber,Animalia,Reptilia,https://vvtaxatree.tbn.org.tw/taxa/795c8717-ff42-40ad-b49d-fde4913b54b8
b4f7a042-9fac-420e-98e0-ae7a4f6f37f4,genus,b7032013-ea64-4b50-8daf-9f93d242d2cb,Colymbus,Animalia,Aves,https://vvtaxatree.tbn.org.tw/taxa/b4f7a042-9fac-420e-98e0-ae7a4f6f37f4
cd93cb40-c545-43f1-a9ef-5232551a5c50,genus,50583e36-4bb6-46ee-a6a6-ab5b65fbcf10,Conchylis,Animalia,Insecta,https://vvtaxatree.tbn.org.tw/taxa/cd93cb40-c545-43f1-a9ef-5232551a5c50
ed4c8f77-6dd4-46d5-9be0-12467efe0b7b,genus,7e3a44ad-74f1-4f3b-8b9f-da188ed3252b,Congrellus,Animalia,Actinopteri,https://vvtaxatree.tbn.org.tw/taxa/ed4c8f77-6dd4-46d5-9be0-12467efe0b7b
619eff00-00a2-4b16-bd09-a70e544daaf4,genus,7e3a44ad-74f1-4f3b-8b9f-da188ed3252b,Congromuraena,Animalia,Actinopteri,https://vvtaxatree.tbn.org.tw/taxa/619eff00-00a2-4b16-bd09-a70e544daaf4
642267fb-37a4-4fc7-8616-1a716d035b99,genus,7e3a44ad-74f1-4f3b-8b9f-da188ed3252b,Congrus,Animalia,Actinopteri,https://vvtaxatree.tbn.org.tw/taxa/642267fb-37a4-4fc7-8616-1a716d035b99
7d54df75-a125-4bf8-a8c4-15910515309a,genus,0f0ae753-c82b-43ee-a961-c6a802a4cb65,Conopia,Animalia,Insecta,https://vvtaxatree.tbn.org.tw/taxa/7d54df75-a125-4bf8-a8c4-15910515309a
47aff26b-6100-4fcb-b72c-6d9b00475aca,genus,b3f048e9-86ca-4b63-b803-feb47f43d735,Conopistha,Animalia,Arachnida,https://vvtaxatree.tbn.org.tw/taxa/47aff26b-6100-4fcb-b72c-6d9b00475aca
142988e2-9871-4b1f-a877-5faa3fda3778,genus,00ba932c-6b0d-4e1c-bba3-07cbf0f8b47f,Consobrmbus,Animalia,Insecta,https://vvtaxatree.tbn.org.tw/taxa/142988e2-9871-4b1f-a877-5faa3fda3778
92aa7f34-6566-43a5-bd05-de866b06f0e7,genus,d7bbd5f9-dd9c-4c96-ba2a-4367fbb701bc,Cophanta,Animalia,Insecta,https://vvtaxatree.tbn.org.tw/taxa/92aa7f34-6566-43a5-bd05-de866b06f0e7
bcd86bd0-d068-4080-ad4a-2866bfc3dc21,genus,e2ddf8e5-2d1f-4b8d-8878-04aac3cfbee0,Coptobasis,Animalia,Insecta,https://vvtaxatree.tbn.org.tw/taxa/bcd86bd0-d068-4080-ad4a-2866bfc3dc21
e2c12442-06ae-4a00-af88-1eae84fed68b,genus,6a4d1520-a256-4682-b123-1a3ede6e5bf7,Corbis,Animalia,Bivalvia,https://vvtaxatree.tbn.org.tw/taxa/e2c12442-06ae-4a00-af88-1eae84fed68b
6bad7f02-0a58-4dc8-840d-49a6ce7128a5,genus,93208057-f219-4fd6-a170-da79f0f36604,Cordilura,Animalia,Insecta,https://vvtaxatree.tbn.org.tw/taxa/6bad7f02-0a58-4dc8-840d-49a6ce7128a5
34cdd5a1-95d7-464a-97c4-9360db9a0d84,genus,f15cfa76-ed14-4df6-a798-97775ee44e05,Cornuaspis,Animalia,Insecta,https://vvtaxatree.tbn.org.tw/taxa/34cdd5a1-95d7-464a-97c4-9360db9a0d84
e67a24a7-fdb5-47eb-8bf8-3202b34a5618,genus,f4e21365-e032-456a-bf10-e7d8117fb7da,Coronis,Animalia,Malacostraca,https://vvtaxatree.tbn.org.tw/taxa/e67a24a7-fdb5-47eb-8bf8-3202b34a5618
008b66cd-db44-4807-83ef-d5768db74cab,genus,00ba932c-6b0d-4e1c-bba3-07cbf0f8b47f,Corsa,Animalia,Insecta,https://vvtaxatree.tbn.org.tw/taxa/008b66cd-db44-4807-83ef-d5768db74cab
d282779e-8cab-40c4-80e4-9bae110f48ba,genus,cc90c95b-43d1-42fe-90a2-04749cc533aa,Corvina,Animalia,Actinopteri,https://vvtaxatree.tbn.org.tw/taxa/d282779e-8cab-40c4-80e4-9bae110f48ba
91d6ea61-dc6f-4053-b63b-5ff36aaa0cbb,genus,a226cd20-77fd-4cd1-b00b-0a66b8787a90,Corydia,Animalia,Insecta,https://vvtaxatree.tbn.org.tw/taxa/91d6ea61-dc6f-4053-b63b-5ff36aaa0cbb
53a192f9-06a6-4a45-a873-6cb2d8d22828,genus,b7226c1d-2ff6-4bdf-83fb-6e13956802c7,Coryneta,Animalia,Insecta,https://vvtaxatree.tbn.org.tw/taxa/53a192f9-06a6-4a45-a873-6cb2d8d22828
fced42fd-fd2c-4c55-9436-12e839742624,genus,087dec96-ac12-4dc9-8adc-353ecab0daca,Corypaena,Animalia,Actinopteri,https://vvtaxatree.tbn.org.tw/taxa/fced42fd-fd2c-4c55-9436-12e839742624
eeb2a61b-6f1a-457b-ae50-4a2ac212cf10,genus,b0f22c66-081b-46ad-a745-c6772bd81bcd,Coryphopterus,Animalia,Actinopteri,https://vvtaxatree.tbn.org.tw/taxa/eeb2a61b-6f1a-457b-ae50-4a2ac212cf10
3ca45dde-bca3-43ca-8d18-5dd259e1a7b1,genus,a008ff98-4b23-468a-9d3f-1f8db111f9f1,Corythroichthys,Animalia,Actinopteri,https://vvtaxatree.tbn.org.tw/taxa/3ca45dde-bca3-43ca-8d18-5dd259e1a7b1
3e4621a1-b505-41f7-b678-3efb1b5d3a06,genus,96dca763-1df5-43c6-a1f6-b93f120300f0,Cosmopteryx,Animalia,Insecta,https://vvtaxatree.tbn.org.tw/taxa/3e4621a1-b505-41f7-b678-3efb1b5d3a06
0ca02f1c-b5c7-4604-b528-4e23502e4493,genus,0398f7a8-f589-4399-a581-2f4ea995f3b6,Cossyphus,Animalia,Actinopteri,https://vvtaxatree.tbn.org.tw/taxa/0ca02f1c-b5c7-4604-b528-4e23502e4493
a83803bd-2805-414d-87fa-7e9dcc723677,genus,b0f22c66-081b-46ad-a745-c6772bd81bcd,Cottogobius,Animalia,Actinopteri,https://vvtaxatree.tbn.org.tw/taxa/a83803bd-2805-414d-87fa-7e9dcc723677
7a2fbe84-e919-4a1c-a5a9-1301205f55dd,genus,d87bf9b1-b527-46d3-a160-de49f3ef400e,Cottunculus,Animalia,Actinopteri,https://vvtaxatree.tbn.org.tw/taxa/7a2fbe84-e919-4a1c-a5a9-1301205f55dd
3fe5c210-3cdd-4d31-98ac-98a648920779,genus,d0a9fbcf-5c5e-4b7a-906d-71a9584193a4,Cottus,Animalia,Actinopteri,https://vvtaxatree.tbn.org.tw/taxa/3fe5c210-3cdd-4d31-98ac-98a648920779
85844ef2-8f3f-4bea-8c76-5a2ae111ca64,genus,90e2cd58-9d9a-44b4-903b-e121d7fc327b,Craneophora,Animalia,Insecta,https://vvtaxatree.tbn.org.tw/taxa/85844ef2-8f3f-4bea-8c76-5a2ae111ca64
cfcb3344-799e-4ea8-bd39-f641c5fcde68,genus,63e7e423-5ec0-4e95-af80-f47f87a6096f,Crastia,Animalia,Insecta,https://vvtaxatree.tbn.org.tw/taxa/cfcb3344-799e-4ea8-bd39-f641c5fcde68
3aeb3f33-dfa9-47d2-99c2-b90e8c00bd08,genus,5181a022-aa13-4a8e-91a7-51bc5d459a24,Creagris,Animalia,Insecta,https://vvtaxatree.tbn.org.tw/taxa/3aeb3f33-dfa9-47d2-99c2-b90e8c00bd08
0090b1eb-17d3-408d-81bb-87f95c07ae56,genus,00ba932c-6b0d-4e1c-bba3-07cbf0f8b47f,Creatonotus,Animalia,Insecta,https://vvtaxatree.tbn.org.tw/taxa/0090b1eb-17d3-408d-81bb-87f95c07ae56
ab80aadc-3982-4952-baa5-ac44842a6c0f,genus,401e92f6-c0d4-43d5-9e90-1fc559c1fb53,Crenidens,Animalia,Actinopteri,https://vvtaxatree.tbn.org.tw/taxa/ab80aadc-3982-4952-baa5-ac44842a6c0f
6a425edf-76ae-45c8-9df3-6a1e727f27b6,genus,0398f7a8-f589-4399-a581-2f4ea995f3b6,Crenilabrus,Animalia,Actinopteri,https://vvtaxatree.tbn.org.tw/taxa/6a425edf-76ae-45c8-9df3-6a1e727f27b6
6789f517-d8ea-40f0-9687-5ac20f908a3e,genus,c2fec88c-7dc0-4729-9373-217eb27e0b04,Crepidogaster,Animalia,Actinopteri,https://vvtaxatree.tbn.org.tw/taxa/6789f517-d8ea-40f0-9687-5ac20f908a3e
a45f130f-fe43-4552-a8b2-20be42c8bebd,genus,e9ce7860-2a09-4f25-9816-28e8e23672ce,Crino,Animalia,Insecta,https://vvtaxatree.tbn.org.tw/taxa/a45f130f-fe43-4552-a8b2-20be42c8bebd
f9b9bfbc-42b3-4ef2-9702-7df3764ec67c,genus,40ac7762-c015-4bc6-a745-d15e5cd24cb8,Crinocraspeda,Animalia,Insecta,https://vvtaxatree.tbn.org.tw/taxa/f9b9bfbc-42b3-4ef2-9702-7df3764ec67c
adc137ea-5542-4576-a8a6-c0f64cff6bb4,genus,e2ddf8e5-2d1f-4b8d-8878-04aac3cfbee0,Crocidophora,Animalia,Insecta,https://vvtaxatree.tbn.org.tw/taxa/adc137ea-5542-4576-a8a6-c0f64cff6bb4
6310cf56-f11a-46ce-98f4-95ad590ead21,genus,50583e36-4bb6-46ee-a6a6-ab5b65fbcf10,Croesia,Animalia,Insecta,https://vvtaxatree.tbn.org.tw/taxa/6310cf56-f11a-46ce-98f4-95ad590ead21
461b41b9-d684-4384-a307-7c6c21111119,genus,9dc21538-68da-4c7d-93a3-be127ff02b73,Crossocosmia,Animalia,Insecta,https://vvtaxatree.tbn.org.tw/taxa/461b41b9-d684-4384-a307-7c6c21111119
a13d5e6e-2f37-413f-822d-0553d43df9d7,genus,0c99b219-c377-4518-9a29-ef73a6ed7c7c,Crossostoma,Animalia,Actinopteri,https://vvtaxatree.tbn.org.tw/taxa/a13d5e6e-2f37-413f-822d-0553d43df9d7
c9d25255-9824-4a52-ae16-69f7f1f22ab2,genus,b3f048e9-86ca-4b63-b803-feb47f43d735,Crustulina,Animalia,Arachnida,https://vvtaxatree.tbn.org.tw/taxa/c9d25255-9824-4a52-ae16-69f7f1f22ab2
6eebe5e9-3a9a-49cf-82ad-98ef99dcc07e,genus,d969ed86-277e-45da-9b67-a06f12828ed8,Crustulum,Animalia,Echinoidea,https://vvtaxatree.tbn.org.tw/taxa/6eebe5e9-3a9a-49cf-82ad-98ef99dcc07e
17f35b0b-27e4-436a-b482-527967c5ff0b,genus,b0f22c66-081b-46ad-a745-c6772bd81bcd,Cryptocentroides,Animalia,Actinopteri,https://vvtaxatree.tbn.org.tw/taxa/17f35b0b-27e4-436a-b482-527967c5ff0b
dbebbfda-5f36-4d72-9120-11fbb3e989de,genus,ad105732-26ef-478b-9d89-19010280ebf2,Ctenochiton,Animalia,Insecta,https://vvtaxatree.tbn.org.tw/taxa/dbebbfda-5f36-4d72-9120-11fbb3e989de
5c9f75da-11e2-4d11-a68e-671755bf4fdc,genus,0398f7a8-f589-4399-a581-2f4ea995f3b6,Ctenolabrus,Animalia,Actinopteri,https://vvtaxatree.tbn.org.tw/taxa/5c9f75da-11e2-4d11-a68e-671755bf4fdc
562e89d1-178d-410b-8b22-713029166bc0,genus,71148b93-4aa2-48cf-ba0d-84e7e61d7a1f,Cucullaria,Animalia,Bivalvia,https://vvtaxatree.tbn.org.tw/taxa/562e89d1-178d-410b-8b22-713029166bc0
893061a8-9a40-4c83-9f2f-422bdac43358,genus,0e30e059-6014-442f-a8a3-527cec0483c8,Cucumaria,Animalia,Holothuroidea,https://vvtaxatree.tbn.org.tw/taxa/893061a8-9a40-4c83-9f2f-422bdac43358
cc096716-6e40-4df3-81d0-6cb740c619fa,genus,b88a107c-ccc4-4323-9e8e-56542385db95,Cuixa,Animalia,Insecta,https://vvtaxatree.tbn.org.tw/taxa/cc096716-6e40-4df3-81d0-6cb740c619fa
b6b00365-ea37-40d6-888a-19b3eb41c42f,genus,00ba932c-6b0d-4e1c-bba3-07cbf0f8b47f,Culicula,Animalia,Insecta,https://vvtaxatree.tbn.org.tw/taxa/b6b00365-ea37-40d6-888a-19b3eb41c42f
357070f5-a76b-4b3c-bec5-bbe7478e681e,genus,41c24291-a646-4d1e-b8a5-c6af7e51fc02,Cupes,Animalia,Insecta,https://vvtaxatree.tbn.org.tw/taxa/357070f5-a76b-4b3c-bec5-bbe7478e681e
503c6aee-8e6c-476f-8d3d-f4d6f40020fd,genus,96c21708-be66-4444-9fc1-dfb2112d80e1,Cuvieria,Animalia,Gastropoda,https://vvtaxatree.tbn.org.tw/taxa/503c6aee-8e6c-476f-8d3d-f4d6f40020fd
cd6294dd-57c6-4a16-a27d-08aff5574694,genus,489b5830-4c98-4b5f-9217-1d8df98a0d22,Cybium,Animalia,Actinopteri,https://vvtaxatree.tbn.org.tw/taxa/cd6294dd-57c6-4a16-a27d-08aff5574694
f2119f99-bbeb-4bd2-8a63-73ef3575041d,genus,d6117b3e-f156-4e41-8e73-1ed85096d86f,Cyclomaia,Animalia,Malacostraca,https://vvtaxatree.tbn.org.tw/taxa/f2119f99-bbeb-4bd2-8a63-73ef3575041d
3a813ae3-de0c-498a-9dfb-1700a916172a,genus,2578c6fe-baf3-4d08-a010-d0f72d5bd930,Cyclophis,Animalia,Reptilia,https://vvtaxatree.tbn.org.tw/taxa/3a813ae3-de0c-498a-9dfb-1700a916172a
da056a45-fcd5-416b-b2b8-ee896cf3bab5,genus,fa8339c2-187e-4e58-929b-4b1016ce871c,Cyclopides,Animalia,Insecta,https://vvtaxatree.tbn.org.tw/taxa/da056a45-fcd5-416b-b2b8-ee896cf3bab5
5c70896d-67ac-45f7-98b0-2f22bd6fb2c2,genus,1f823286-3e82-49de-b9f8-8f921e0cd26d,Cycloxanthus,Animalia,Malacostraca,https://vvtaxatree.tbn.org.tw/taxa/5c70896d-67ac-45f7-98b0-2f22bd6fb2c2
91d6558c-51e5-4ee5-8fbc-53ce0c3d73a4,genus,3d5893be-484d-4361-9579-79636165b446,Cymospira,Animalia,Polychaeta,https://vvtaxatree.tbn.org.tw/taxa/91d6558c-51e5-4ee5-8fbc-53ce0c3d73a4
90c561ba-812a-4abb-82a1-5cb51b1b1cb4,genus,3bf04403-545b-4aba-b541-0e8d373a3afb,Cynias,Animalia,Elasmobranchii,https://vvtaxatree.tbn.org.tw/taxa/90c561ba-812a-4abb-82a1-5cb51b1b1cb4
9c6c7acf-82a6-4bd5-8d22-ed845fec1445,genus,5e34f425-c28f-429d-84a3-281853c65127,Cyphotopsych,Animalia,Insecta,https://vvtaxatree.tbn.org.tw/taxa/9c6c7acf-82a6-4bd5-8d22-ed845fec1445
1dce221f-0a88-4e38-ba6b-2b40457dd63b,genus,51812953-38ba-42d4-a35f-9e0149860cc0,Cypricardia,Animalia,Bivalvia,https://vvtaxatree.tbn.org.tw/taxa/1dce221f-0a88-4e38-ba6b-2b40457dd63b
a1f679a5-8d15-4ca5-b387-d78efbcf2418,genus,0634b6a9-4a2b-4952-811b-167e33278d7c,Cyprina,Animalia,Bivalvia,https://vvtaxatree.tbn.org.tw/taxa/a1f679a5-8d15-4ca5-b387-d78efbcf2418
d5d48fdf-1a93-46d3-a116-1434ea8f05a2,genus,6c45b73a-46c2-439a-b524-77935e0bef1e,Cypsilurus,Animalia,Actinopteri,https://vvtaxatree.tbn.org.tw/taxa/d5d48fdf-1a93-46d3-a116-1434ea8f05a2
b1cd2ddd-d8da-4411-8409-6b1dc771bdd8,genus,51658d7c-9356-49ad-8f6c-b02b2c0f4f67,Cyrene,Animalia,Arachnida,https://vvtaxatree.tbn.org.tw/taxa/b1cd2ddd-d8da-4411-8409-6b1dc771bdd8
6f763573-9ab5-4538-992c-ec36a6b50e4e,genus,0052a53b-e9fb-45fb-92f0-3b423f58d303,Cyrtacanthacris,Animalia,Arachnida,https://vvtaxatree.tbn.org.tw/taxa/6f763573-9ab5-4538-992c-ec36a6b50e4e
da318732-357a-463f-a43f-f429f8e9fc07,genus,24b91207-b311-4ad0-b72a-6cedfeabcfce,Cyrtepistomus,Animalia,Insecta,https://vvtaxatree.tbn.org.tw/taxa/da318732-357a-463f-a43f-f429f8e9fc07
d979c004-ee5d-47ed-96dc-5919a3f3d90f,genus,78d00d18-7b8b-454a-a362-5028961e0e59,Cyrtodactylus,Animalia,Reptilia,https://vvtaxatree.tbn.org.tw/taxa/d979c004-ee5d-47ed-96dc-5919a3f3d90f
573e12fe-97a8-473b-84c5-f9ac9c304e27,genus,8869f7eb-5e7e-4aba-87c0-df7af433de80,Cyrtognathus,Animalia,Insecta,https://vvtaxatree.tbn.org.tw/taxa/573e12fe-97a8-473b-84c5-f9ac9c304e27
bc44ca8b-9362-41a8-b278-634c09a8596d,genus,2509b932-5708-401c-8ff1-abb7992a9f53,Cyrtopeltis,Animalia,Insecta,https://vvtaxatree.tbn.org.tw/taxa/bc44ca8b-9362-41a8-b278-634c09a8596d
cbe11066-4bb5-4f2c-a6e5-3140a4f9d91e,genus,0634b6a9-4a2b-4952-811b-167e33278d7c,Cytherea,Animalia,Bivalvia,https://vvtaxatree.tbn.org.tw/taxa/cbe11066-4bb5-4f2c-a6e5-3140a4f9d91e
caed8bd6-b9a0-4e6b-a1ad-1b5fec2ef0e8,genus,edce92b1-c490-43de-9e08-e89a06ae08b9,Cyttula,Animalia,Actinopteri,https://vvtaxatree.tbn.org.tw/taxa/caed8bd6-b9a0-4e6b-a1ad-1b5fec2ef0e8
b4682f8e-e804-4c3e-af3b-3ff3b5d12771,genus,ebcdbf4d-2fb2-4246-805d-52a45d8b9bae,Dactylanthias,Animalia,Actinopteri,https://vvtaxatree.tbn.org.tw/taxa/b4682f8e-e804-4c3e-af3b-3ff3b5d12771
dfc101f1-69f0-45ca-a68a-1c57541e24a1,genus,67c8856f-ebe4-4cbf-9d03-ce8ed4f0ed76,Dactylopius,Animalia,Insecta,https://vvtaxatree.tbn.org.tw/taxa/dfc101f1-69f0-45ca-a68a-1c57541e24a1
56c38b62-39f1-4347-9d6b-05fe44af83d5,genus,1cdb1869-4462-4999-bdbe-25a5647ece63,Dactylopterus,Animalia,Actinopteri,https://vvtaxatree.tbn.org.tw/taxa/56c38b62-39f1-4347-9d6b-05fe44af83d5
0bcdbdad-eca2-4ccc-b63b-abc335a43a5c,genus,e2ddf8e5-2d1f-4b8d-8878-04aac3cfbee0,Daisemia,Animalia,Insecta,https://vvtaxatree.tbn.org.tw/taxa/0bcdbdad-eca2-4ccc-b63b-abc335a43a5c
f11ec723-062f-469a-8ce5-37ce3ce037cf,genus,b4eb75be-af97-40f8-9af6-2dbb6ad59336,Dalophis,Animalia,Actinopteri,https://vvtaxatree.tbn.org.tw/taxa/f11ec723-062f-469a-8ce5-37ce3ce037cf
eb169ddb-de4c-45dc-a293-f5cf60e4558b,genus,080f29b6-816a-44f7-b302-5a5e72ed0d9a,Dampieria,Animalia,Actinopteri,https://vvtaxatree.tbn.org.tw/taxa/eb169ddb-de4c-45dc-a293-f5cf60e4558b
b2d03701-53f3-48d8-8ba1-2ef52f6e19ff,genus,834af5c5-b52b-4dfd-b66d-7239245062b1,Daphnusa,Animalia,Insecta,https://vvtaxatree.tbn.org.tw/taxa/b2d03701-53f3-48d8-8ba1-2ef52f6e19ff
4bcc2eeb-9810-4c7e-8c61-9656758cdd16,genus,92504495-67e8-42e8-bb76-26cd5b0826f2,Daseochaeta,Animalia,Insecta,https://vvtaxatree.tbn.org.tw/taxa/4bcc2eeb-9810-4c7e-8c61-9656758cdd16
2ea9705a-3f11-4d60-b9fa-43372da210ed,genus,81b6cb79-568e-4eb0-a377-37c09bba583e,Dasybatis,Animalia,Elasmobranchii,https://vvtaxatree.tbn.org.tw/taxa/2ea9705a-3f11-4d60-b9fa-43372da210ed
caedac3c-1ff3-4516-9afe-4acbe92e9c00,genus,6af85764-b1ca-435e-9bb9-0b52ccec94e0,Dasycetoclerus,Animalia,Insecta,https://vvtaxatree.tbn.org.tw/taxa/caedac3c-1ff3-4516-9afe-4acbe92e9c00
3b5f4484-43ed-4374-9069-7876562dc0ac,genus,8c9d6dc8-2a3d-4ff7-b0e0-81a315f1d5fe,Dasypogon,Animalia,Insecta,https://vvtaxatree.tbn.org.tw/taxa/3b5f4484-43ed-4374-9069-7876562dc0ac
12496bdf-2105-4b90-a490-e1fd93640256,genus,59594314-fb25-42d8-8b21-5ad93cd9d9e4,Datnia,Animalia,Actinopteri,https://vvtaxatree.tbn.org.tw/taxa/12496bdf-2105-4b90-a490-e1fd93640256
575a4e1d-f32b-4a94-9b7e-579db3dee51c,genus,29258d69-cbc8-4f66-8426-2c8ee350740f,Decadarchis,Animalia,Insecta,https://vvtaxatree.tbn.org.tw/taxa/575a4e1d-f32b-4a94-9b7e-579db3dee51c
33845653-5126-4c01-8a2e-902d4f900221,genus,96263d48-9383-4517-9831-72f1222d2045,Decticus,Animalia,Insecta,https://vvtaxatree.tbn.org.tw/taxa/33845653-5126-4c01-8a2e-902d4f900221
7af0ef49-3e79-4819-a1c9-a64085f217e1,genus,00ba932c-6b0d-4e1c-bba3-07cbf0f8b47f,Deilemera,Animalia,Insecta,https://vvtaxatree.tbn.org.tw/taxa/7af0ef49-3e79-4819-a1c9-a64085f217e1
2c91d1ff-8176-4cab-802a-a35fa493071e,genus,5e1cab85-41db-4b04-a41a-534e90bb91e5,Deinagnatha,Animalia,Arachnida,https://vvtaxatree.tbn.org.tw/taxa/2c91d1ff-8176-4cab-802a-a35fa493071e
2c1a51c7-7b76-4916-804f-1aea8bfe38b3,genus,238d2980-dfef-4711-88dc-e5f73f47673b,Delphax,Animalia,Insecta,https://vvtaxatree.tbn.org.tw/taxa/2c1a51c7-7b76-4916-804f-1aea8bfe38b3
ed25e16e-3eb6-402d-8321-8d2a3d4846af,genus,ac86cbd7-2945-45b7-8592-d5e72cd0bd7e,Delphinula,Animalia,Gastropoda,https://vvtaxatree.tbn.org.tw/taxa/ed25e16e-3eb6-402d-8321-8d2a3d4846af
83dc0af5-94bd-4b8c-acc7-ff9dc55e1719,genus,5b3e5109-bc56-4d83-9b01-e9dd09ff71ac,Dendronotus,Animalia,Gastropoda,https://vvtaxatree.tbn.org.tw/taxa/83dc0af5-94bd-4b8c-acc7-ff9dc55e1719
af0e0fe7-9600-4df0-ab6e-042e8e9297cb,genus,724d83e8-e048-4f7a-84da-7e4cf2cafcc8,Dendrotrogus,Animalia,Insecta,https://vvtaxatree.tbn.org.tw/taxa/af0e0fe7-9600-4df0-ab6e-042e8e9297cb
36203710-8c5c-4029-a3f6-d9ed999ce448,genus,51658d7c-9356-49ad-8f6c-b02b2c0f4f67,Dendryphantes,Animalia,Arachnida,https://vvtaxatree.tbn.org.tw/taxa/36203710-8c5c-4029-a3f6-d9ed999ce448
72fcabe2-70b3-4fa0-aa73-6f6fef55ad2e,genus,a008ff98-4b23-468a-9d3f-1f8db111f9f1,Dentirostrum,Animalia,Actinopteri,https://vvtaxatree.tbn.org.tw/taxa/72fcabe2-70b3-4fa0-aa73-6f6fef55ad2e
a4b779b5-e11a-4a3e-8134-db743d62559e,genus,f15cfa76-ed14-4df6-a798-97775ee44e05,Depidosaphes,Animalia,Insecta,https://vvtaxatree.tbn.org.tw/taxa/a4b779b5-e11a-4a3e-8134-db743d62559e
66be7b53-3be4-4d88-b38d-265a6ce59ce6,genus,4174feee-8ec5-48d8-b497-b86726b78be2,Derbe,Animalia,Insecta,https://vvtaxatree.tbn.org.tw/taxa/66be7b53-3be4-4d88-b38d-265a6ce59ce6
a055a6a3-e250-491c-bf20-5453819e13d4,genus,0263f681-380e-4b91-98d0-c4e3e277f4fe,Derostenus,Animalia,Insecta,https://vvtaxatree.tbn.org.tw/taxa/a055a6a3-e250-491c-bf20-5453819e13d4
b434830f-44b4-4fc3-96fb-9973a0081cee,genus,e9ce7860-2a09-4f25-9816-28e8e23672ce,Desmeocraera,Animalia,Insecta,https://vvtaxatree.tbn.org.tw/taxa/b434830f-44b4-4fc3-96fb-9973a0081cee
58844d4e-0977-447e-b49a-0efbe0e56804,genus,e2ddf8e5-2d1f-4b8d-8878-04aac3cfbee0,Desmia,Animalia,Insecta,https://vvtaxatree.tbn.org.tw/taxa/58844d4e-0977-447e-b49a-0efbe0e56804
9097ed46-6471-4500-8410-15e5fcb04476,genus,00ba932c-6b0d-4e1c-bba3-07cbf0f8b47f,Deva,Animalia,Insecta,https://vvtaxatree.tbn.org.tw/taxa/9097ed46-6471-4500-8410-15e5fcb04476
0f80f148-940d-4e3d-ad99-4e3a537c4ebe,genus,4174feee-8ec5-48d8-b497-b86726b78be2,Devadanda,Animalia,Insecta,https://vvtaxatree.tbn.org.tw/taxa/0f80f148-940d-4e3d-ad99-4e3a537c4ebe
67423124-6fb5-413b-991b-b64134ba5a24,genus,9dc21538-68da-4c7d-93a3-be127ff02b73,Dexiotrix,Animalia,Insecta,https://vvtaxatree.tbn.org.tw/taxa/67423124-6fb5-413b-991b-b64134ba5a24
ea70e486-2b56-46d9-a008-b6226bce58da,genus,ea546ec1-175e-4bc2-8561-9a10a06fc9b9,Diacope,Animalia,Actinopteri,https://vvtaxatree.tbn.org.tw/taxa/ea70e486-2b56-46d9-a008-b6226bce58da
81e6fa98-8702-4f33-aefd-a82f23d8d167,genus,8c6e7384-7df6-4632-92ae-d01241027723,Dialyta,Animalia,Insecta,https://vvtaxatree.tbn.org.tw/taxa/81e6fa98-8702-4f33-aefd-a82f23d8d167
c23a7f08-6ec1-45b6-9fd5-f2c42168cbd7,genus,13ef7013-3d34-47a3-a024-3fa355fc2408,Diana,Animalia,Arachnida,https://vvtaxatree.tbn.org.tw/taxa/c23a7f08-6ec1-45b6-9fd5-f2c42168cbd7
98aa8d9b-346d-4089-8a2c-79d33876ab24,genus,92504495-67e8-42e8-bb76-26cd5b0826f2,Dianthecia,Animalia,Insecta,https://vvtaxatree.tbn.org.tw/taxa/98aa8d9b-346d-4089-8a2c-79d33876ab24
839b07dc-4f55-4887-99f7-10e101414c1c,genus,3061a2ae-7c51-4185-99cc-9513e10f8436,Diaphora,Animalia,Insecta,https://vvtaxatree.tbn.org.tw/taxa/839b07dc-4f55-4887-99f7-10e101414c1c
51bb2413-984a-4c1b-9b69-c71b93d01e2d,genus,0a7c7c20-93c7-498c-929e-ceea12f520eb,Diapontia,Animalia,Arachnida,https://vvtaxatree.tbn.org.tw/taxa/51bb2413-984a-4c1b-9b69-c71b93d01e2d
18af193c-9829-48b5-b59b-ebc6b333026e,genus,c35bc653-b173-490e-b1a0-b20627dcc963,Diapterus,Animalia,Actinopteri,https://vvtaxatree.tbn.org.tw/taxa/18af193c-9829-48b5-b59b-ebc6b333026e
25b19d33-26b6-48cd-8714-d21c67079d0c,genus,8cbee1ed-01e1-4a07-8fc1-a69cab0b9a0b,Diaspiniphagus,Animalia,Insecta,https://vvtaxatree.tbn.org.tw/taxa/25b19d33-26b6-48cd-8714-d21c67079d0c
81bbcac4-10d0-4d2a-a574-e6e619f6378f,genus,e2ddf8e5-2d1f-4b8d-8878-04aac3cfbee0,Diatraea,Animalia,Insecta,https://vvtaxatree.tbn.org.tw/taxa/81bbcac4-10d0-4d2a-a574-e6e619f6378f
efe76d2e-263e-4e10-99ca-ed5c5a70cf23,genus,997a0e83-3bf6-4cba-b79c-92cd9d3ad761,Dibelonetus,Animalia,Insecta,https://vvtaxatree.tbn.org.tw/taxa/efe76d2e-263e-4e10-99ca-ed5c5a70cf23
f613f54b-4ae1-4c27-bb6c-f13a86e4ec5b,genus,1db7ef1d-64b7-4113-9ed8-5dea37a402e4,Dibolomycter,Animalia,Actinopteri,https://vvtaxatree.tbn.org.tw/taxa/f613f54b-4ae1-4c27-bb6c-f13a86e4ec5b
e6de262c-ff64-4b9c-95cc-b57bdfc5322f,genus,1db7ef1d-64b7-4113-9ed8-5dea37a402e4,Dibolomyctère,Animalia,Actinopteri,https://vvtaxatree.tbn.org.tw/taxa/e6de262c-ff64-4b9c-95cc-b57bdfc5322f
769b381e-bc00-4066-b6cf-5c9cb965c25e,genus,ee964dcc-2f2f-40a5-9255-3ea96968d1f9,Dicerobatis,Animalia,Elasmobranchii,https://vvtaxatree.tbn.org.tw/taxa/769b381e-bc00-4066-b6cf-5c9cb965c25e
4d48757a-fc8d-423d-91bf-da3d7dd4b425,genus,4bc81b13-f9ad-429f-bff7-7542274ad906,Dichaetothrips,Animalia,Insecta,https://vvtaxatree.tbn.org.tw/taxa/4d48757a-fc8d-423d-91bf-da3d7dd4b425
16c4285f-2aa6-4fbd-9cff-6a9e8da2b810,genus,3061a2ae-7c51-4185-99cc-9513e10f8436,Dichelacera,Animalia,Insecta,https://vvtaxatree.tbn.org.tw/taxa/16c4285f-2aa6-4fbd-9cff-6a9e8da2b810
7e7e2737-0052-40a7-aeab-69b77e792c88,genus,50583e36-4bb6-46ee-a6a6-ab5b65fbcf10,Dichelia,Animalia,Insecta,https://vvtaxatree.tbn.org.tw/taxa/7e7e2737-0052-40a7-aeab-69b77e792c88
1fca9a46-c6d3-4da8-8f4a-4f4185a99387,genus,cf8a2ecc-8692-4c9e-8c02-62494b394464,Dictyodoris,Animalia,Gastropoda,https://vvtaxatree.tbn.org.tw/taxa/1fca9a46-c6d3-4da8-8f4a-4f4185a99387
39564e2a-11cb-449f-bf8e-6665d9098823,genus,5905ea67-c25a-4f06-80d2-3f2a5e7b7ebe,Dictyophara,Animalia,Insecta,https://vvtaxatree.tbn.org.tw/taxa/39564e2a-11cb-449f-bf8e-6665d9098823
cf0dced1-a18f-4aae-8bb4-cea36e83948f,genus,b2b94077-05e4-42fc-a65e-caa667f55811,Dictyoploca,Animalia,Insecta,https://vvtaxatree.tbn.org.tw/taxa/cf0dced1-a18f-4aae-8bb4-cea36e83948f
9f45574e-993b-4bdc-a769-d615c91af347,genus,90ab3438-5b02-4145-92fa-ffe62912e0bc,Dicyclus,Animalia,Insecta,https://vvtaxatree.tbn.org.tw/taxa/9f45574e-993b-4bdc-a769-d615c91af347
9b39ee45-b0f3-4342-89af-ea6e7e3b6966,genus,13ef7013-3d34-47a3-a024-3fa355fc2408,Dieta,Animalia,Arachnida,https://vvtaxatree.tbn.org.tw/taxa/9b39ee45-b0f3-4342-89af-ea6e7e3b6966
14739aeb-ee94-4a40-8dec-59688c28ff04,genus,8869f7eb-5e7e-4aba-87c0-df7af433de80,Dihammus,Animalia,Insecta,https://vvtaxatree.tbn.org.tw/taxa/14739aeb-ee94-4a40-8dec-59688c28ff04
e5357d76-e165-4d34-a5d2-03bace4dd7de,genus,5eb1e627-7c04-4227-8f04-1d9535d30f42,Dilachnus,Animalia,Insecta,https://vvtaxatree.tbn.org.tw/taxa/e5357d76-e165-4d34-a5d2-03bace4dd7de
26522217-3946-43ea-bcde-3a0db2d6f584,genus,793d9130-a91b-42b8-a013-316317a9b9ec,Dinurothrips,Animalia,Insecta,https://vvtaxatree.tbn.org.tw/taxa/26522217-3946-43ea-bcde-3a0db2d6f584
7ef471ef-d3ed-47c6-9b52-45855ef33ccd,genus,0f0f2713-3ddb-4161-8357-aa5c7dc330ff,Diogenichthye,Animalia,Actinopteri,https://vvtaxatree.tbn.org.tw/taxa/7ef471ef-d3ed-47c6-9b52-45855ef33ccd
3eec925f-c800-4504-a64c-ff69575036f2,genus,07e862cc-8c94-48e7-ae2c-c431000b7d4c,Diomedea,Animalia,Aves,https://vvtaxatree.tbn.org.tw/taxa/3eec925f-c800-4504-a64c-ff69575036f2
41fbacbf-af93-4739-8325-64026cc683ff,genus,0634b6a9-4a2b-4952-811b-167e33278d7c,Dione,Animalia,Bivalvia,https://vvtaxatree.tbn.org.tw/taxa/41fbacbf-af93-4739-8325-64026cc683ff
54c347bb-0ee3-4e78-ae7a-cc7bd59295be,genus,0ce4505e-4004-471f-a13d-b0ec268e49b0,Diopsis,Animalia,Insecta,https://vvtaxatree.tbn.org.tw/taxa/54c347bb-0ee3-4e78-ae7a-cc7bd59295be
ae76aba0-683e-4985-b5c7-6b38546fe36c,genus,92504495-67e8-42e8-bb76-26cd5b0826f2,Diphtherocome,Animalia,Insecta,https://vvtaxatree.tbn.org.tw/taxa/ae76aba0-683e-4985-b5c7-6b38546fe36c
e79670c0-7136-4b03-845c-211a5073150a,genus,2578c6fe-baf3-4d08-a010-d0f72d5bd930,Ablabes,Animalia,Reptilia,https://vvtaxatree.tbn.org.tw/taxa/e79670c0-7136-4b03-845c-211a5073150a
7dbfb327-6e8a-4edb-861f-a263a566237b,genus,9976cd9b-eb35-46eb-8e2e-fed700c0c9e9,Abramocephalus,Animalia,Actinopteri,https://vvtaxatree.tbn.org.tw/taxa/7dbfb327-6e8a-4edb-861f-a263a566237b
a5818724-7477-4c20-bc73-7a1ab990c024,genus,613a79a8-1e32-4194-a487-6a46ddf72a3d,Abrornis,Animalia,Aves,https://vvtaxatree.tbn.org.tw/taxa/a5818724-7477-4c20-bc73-7a1ab990c024
c1d227eb-66f8-4745-9619-f66115171773,genus,50583e36-4bb6-46ee-a6a6-ab5b65fbcf10,Acalla,Animalia,Insecta,https://vvtaxatree.tbn.org.tw/taxa/c1d227eb-66f8-4745-9619-f66115171773
b35c38aa-4b04-46aa-9f38-392674070f33,genus,5181a022-aa13-4a8e-91a7-51bc5d459a24,Acanthaclisis,Animalia,Insecta,https://vvtaxatree.tbn.org.tw/taxa/b35c38aa-4b04-46aa-9f38-392674070f33
bb492d0d-0e46-472f-a0a1-c2739088db52,genus,f653b000-1dd2-4def-9a8f-47624231fd04,Acanthidium,Animalia,Elasmobranchii,https://vvtaxatree.tbn.org.tw/taxa/bb492d0d-0e46-472f-a0a1-c2739088db52
735bf17b-9959-49c4-ba4e-2ced2394d1a6,genus,f1b3fb3e-7241-4db8-82ba-eb47c663330e,Acanthocampa,Animalia,Insecta,https://vvtaxatree.tbn.org.tw/taxa/735bf17b-9959-49c4-ba4e-2ced2394d1a6
f85bc5d3-2418-4764-a748-41e3a6725a49,genus,93b16a49-b500-4c98-888c-8ff539573722,Acanthoclinus,Animalia,Actinopteri,https://vvtaxatree.tbn.org.tw/taxa/f85bc5d3-2418-4764-a748-41e3a6725a49
590311be-4776-4e60-a713-142204d29343,genus,287b9847-bff7-46a0-b500-34ef34d96692,Acanthocyrtus,Animalia,Collembola,https://vvtaxatree.tbn.org.tw/taxa/590311be-4776-4e60-a713-142204d29343
d178f730-5165-4756-80df-e6572869d665,genus,92504495-67e8-42e8-bb76-26cd5b0826f2,Acanthoplusia,Animalia,Insecta,https://vvtaxatree.tbn.org.tw/taxa/d178f730-5165-4756-80df-e6572869d665
20475e01-a75e-4a9d-94ae-c5e3de825dc8,genus,613a79a8-1e32-4194-a487-6a46ddf72a3d,Acanthopneuste,Animalia,Aves,https://vvtaxatree.tbn.org.tw/taxa/20475e01-a75e-4a9d-94ae-c5e3de825dc8
70db4985-fb72-479b-8be1-87abdc538a40,genus,38406e71-8b51-4e29-9232-3ad02bbc8d62,Acanthopsyche,Animalia,Insecta,https://vvtaxatree.tbn.org.tw/taxa/70db4985-fb72-479b-8be1-87abdc538a40
bef6088f-d3df-491b-be7b-5d40f7d11eb2,genus,4bc81b13-f9ad-429f-bff7-7542274ad906,Acanthothrips,Animalia,Insecta,https://vvtaxatree.tbn.org.tw/taxa/bef6088f-d3df-491b-be7b-5d40f7d11eb2
0abca443-3148-4e82-9085-c4af072abe4d,genus,50583e36-4bb6-46ee-a6a6-ab5b65fbcf10,Acanthothyspoda,Animalia,Insecta,https://vvtaxatree.tbn.org.tw/taxa/0abca443-3148-4e82-9085-c4af072abe4d
e7a283c0-deba-44ca-b7fc-cd091bc729b4,genus,83a33a8f-a11f-4400-8c4e-93101c406cdc,Acanthozoon,Animalia,Polycladidea,https://vvtaxatree.tbn.org.tw/taxa/e7a283c0-deba-44ca-b7fc-cd091bc729b4
6ea24839-cb27-43f8-8f89-a0b4984d9eb1,genus,5468c220-c89a-42a1-b513-f3a4c2b7b05d,Acerina,Animalia,Actinopteri,https://vvtaxatree.tbn.org.tw/taxa/6ea24839-cb27-43f8-8f89-a0b4984d9eb1
b3271bd1-b4a4-4df9-a8f3-5f6ff34875a9,genus,b3f048e9-86ca-4b63-b803-feb47f43d735,Achaearanea,Animalia,Arachnida,https://vvtaxatree.tbn.org.tw/taxa/b3271bd1-b4a4-4df9-a8f3-5f6ff34875a9
8c682be1-d6b4-4695-92c7-fbae2868477a,genus,e2ddf8e5-2d1f-4b8d-8878-04aac3cfbee0,Acharana,Animalia,Insecta,https://vvtaxatree.tbn.org.tw/taxa/8c682be1-d6b4-4695-92c7-fbae2868477a
d533e423-7dd1-45b4-9917-3c8bb398f734,genus,9976cd9b-eb35-46eb-8e2e-fed700c0c9e9,Acheilognathus,Animalia,Actinopteri,https://vvtaxatree.tbn.org.tw/taxa/d533e423-7dd1-45b4-9917-3c8bb398f734
285c5c0d-ff3d-4545-86ac-740f954b91c8,genus,4bbd5018-4e6d-4df9-95b2-ce6261662650,Achelous,Animalia,Malacostraca,https://vvtaxatree.tbn.org.tw/taxa/285c5c0d-ff3d-4545-86ac-740f954b91c8
c3cda53a-39d9-4215-8bc9-adfd13f8ba79,genus,9976cd9b-eb35-46eb-8e2e-fed700c0c9e9,Achilognathus,Animalia,Actinopteri,https://vvtaxatree.tbn.org.tw/taxa/c3cda53a-39d9-4215-8bc9-adfd13f8ba79
2b348285-6b55-4428-af19-a662fcdafca5,genus,975b6843-473c-42e9-8646-24b96daada45,Achirophichthys,Animalia,Actinopteri,https://vvtaxatree.tbn.org.tw/taxa/2b348285-6b55-4428-af19-a662fcdafca5
37bbff42-4c1f-4ae3-9fd0-e27dbe067f16,genus,1f361390-1e61-4d22-8efa-934bc971e82b,Achirus,Animalia,Actinopteri,https://vvtaxatree.tbn.org.tw/taxa/37bbff42-4c1f-4ae3-9fd0-e27dbe067f16
9597a6e6-7405-4ecb-aadc-7ff857dedb6f,genus,287b9847-bff7-46a0-b500-34ef34d96692,Achorutes,Animalia,Collembola,https://vvtaxatree.tbn.org.tw/taxa/9597a6e6-7405-4ecb-aadc-7ff857dedb6f
d7d42ea4-db7b-41b6-8390-64ed028fe7f6,genus,f1b3fb3e-7241-4db8-82ba-eb47c663330e,Acidaria,Animalia,Insecta,https://vvtaxatree.tbn.org.tw/taxa/d7d42ea4-db7b-41b6-8390-64ed028fe7f6
3a05f838-637f-46a9-99cf-e8c10dda2f1b,genus,9762194e-4070-4bf4-96be-cdffcbb071b9,Acidia,Animalia,Insecta,https://vvtaxatree.tbn.org.tw/taxa/3a05f838-637f-46a9-99cf-e8c10dda2f1b
db270781-301a-475a-956d-40760011ebe3,genus,9762194e-4070-4bf4-96be-cdffcbb071b9,Acinia,Animalia,Insecta,https://vvtaxatree.tbn.org.tw/taxa/db270781-301a-475a-956d-40760011ebe3
74fe5ac7-65a4-4cf5-9b28-0e974d67f0a5,genus,0052a53b-e9fb-45fb-92f0-3b423f58d303,Acridium,Animalia,Arachnida,https://vvtaxatree.tbn.org.tw/taxa/74fe5ac7-65a4-4cf5-9b28-0e974d67f0a5
06a8d9ee-d31a-46e5-9afc-ef9d2e11b2ef,genus,5e34f425-c28f-429d-84a3-281853c65127,Acriopioides,Animalia,Insecta,https://vvtaxatree.tbn.org.tw/taxa/06a8d9ee-d31a-46e5-9afc-ef9d2e11b2ef
38340621-9098-44ee-aa59-dba2ee23dec4,genus,92504495-67e8-42e8-bb76-26cd5b0826f2,Acronycta,Animalia,Insecta,https://vvtaxatree.tbn.org.tw/taxa/38340621-9098-44ee-aa59-dba2ee23dec4
599f660e-163a-4378-b805-c2c56fab4961,genus,f1b3fb3e-7241-4db8-82ba-eb47c663330e,Actenochroma,Animalia,Insecta,https://vvtaxatree.tbn.org.tw/taxa/599f660e-163a-4378-b805-c2c56fab4961
e7e5589e-9295-425e-9e92-a197d320a2c6,genus,81c1864f-197f-4486-956c-b240c5ec2923,Actinacantha,Animalia,Arachnida,https://vvtaxatree.tbn.org.tw/taxa/e7e5589e-9295-425e-9e92-a197d320a2c6
79d2d963-16f3-4135-91fe-7ad8832293b5,genus,49184bd8-b151-476a-86fa-bd0601def28d,Actinodoris,Animalia,Gastropoda,https://vvtaxatree.tbn.org.tw/taxa/79d2d963-16f3-4135-91fe-7ad8832293b5
95fde31e-cc5e-43c4-a55d-65c4b26f37ab,genus,1ec10ff8-58d7-4f5f-b626-7c00cf611a30,Actocetor,Animalia,Insecta,https://vvtaxatree.tbn.org.tw/taxa/95fde31e-cc5e-43c4-a55d-65c4b26f37ab
8978968e-a488-418c-a2da-07943ced43f2,genus,81c1864f-197f-4486-956c-b240c5ec2923,Acusila,Animalia,Arachnida,https://vvtaxatree.tbn.org.tw/taxa/8978968e-a488-418c-a2da-07943ced43f2
34ff6e06-be1b-420e-9f2f-83bb460b59d3,genus,d7bbd5f9-dd9c-4c96-ba2a-4367fbb701bc,Acytolepsis,Animalia,Insecta,https://vvtaxatree.tbn.org.tw/taxa/34ff6e06-be1b-420e-9f2f-83bb460b59d3
f9369f68-9f90-424f-94bb-8331d387b3af,genus,63e7e423-5ec0-4e95-af80-f47f87a6096f,Adolias,Animalia,Insecta,https://vvtaxatree.tbn.org.tw/taxa/f9369f68-9f90-424f-94bb-8331d387b3af
a0a5a457-320e-4b57-83cf-22405c078424,genus,92504495-67e8-42e8-bb76-26cd5b0826f2,Adris,Animalia,Insecta,https://vvtaxatree.tbn.org.tw/taxa/a0a5a457-320e-4b57-83cf-22405c078424
6f440dcb-4a65-41c6-9b9b-8a08ab3c7507,genus,d9f9d84b-730b-4325-8aa9-11ec151474fe,Aegialites,Animalia,Aves,https://vvtaxatree.tbn.org.tw/taxa/6f440dcb-4a65-41c6-9b9b-8a08ab3c7507
e3c895a2-a839-4d85-813d-b2e4daa98f1d,genus,8869f7eb-5e7e-4aba-87c0-df7af433de80,Ælara,Animalia,Insecta,https://vvtaxatree.tbn.org.tw/taxa/e3c895a2-a839-4d85-813d-b2e4daa98f1d
060b3ea8-0be7-44cc-9c22-deb4bc0137d4,genus,51658d7c-9356-49ad-8f6c-b02b2c0f4f67,Aelurillus,Animalia,Arachnida,https://vvtaxatree.tbn.org.tw/taxa/060b3ea8-0be7-44cc-9c22-deb4bc0137d4
1f990e03-5bff-4a6f-8655-11b351f5f9ef,genus,b4eb75be-af97-40f8-9af6-2dbb6ad59336,Aemasia,Animalia,Actinopteri,https://vvtaxatree.tbn.org.tw/taxa/1f990e03-5bff-4a6f-8655-11b351f5f9ef
429546ee-689a-4a35-b164-f9f658b9d6ab,genus,f5babf48-2d9b-4d7d-9017-c7c6ee692abe,Aeolidia,Animalia,Gastropoda,https://vvtaxatree.tbn.org.tw/taxa/429546ee-689a-4a35-b164-f9f658b9d6ab
90e863a3-307b-4d4c-a619-4be12aaf03d1,genus,59e0b917-b432-484a-b360-f763c9dfb982,Aerope,Animalia,Echinoidea,https://vvtaxatree.tbn.org.tw/taxa/90e863a3-307b-4d4c-a619-4be12aaf03d1
4ea60516-b2f9-4a1c-a450-075197f6c82e,genus,b68fc255-cbb8-4da4-86ca-90c63589326f,Aethedoris,Animalia,Gastropoda,https://vvtaxatree.tbn.org.tw/taxa/4ea60516-b2f9-4a1c-a450-075197f6c82e
2e6a4785-1344-44a2-9a60-6fc4eb494027,genus,0f0f2713-3ddb-4161-8357-aa5c7dc330ff,Aethoprora,Animalia,Actinopteri,https://vvtaxatree.tbn.org.tw/taxa/2e6a4785-1344-44a2-9a60-6fc4eb494027
6608f6cb-6f85-45de-b337-eed5dc030464,genus,ea546ec1-175e-4bc2-8561-9a10a06fc9b9,Aetiasis,Animalia,Actinopteri,https://vvtaxatree.tbn.org.tw/taxa/6608f6cb-6f85-45de-b337-eed5dc030464
a9ec0fc5-ee7e-4460-84a1-2fc19e54d4e6,genus,6662cb2e-27be-4a2a-b4c5-ed29feee4c48,Aetoplatea,Animalia,Elasmobranchii,https://vvtaxatree.tbn.org.tw/taxa/a9ec0fc5-ee7e-4460-84a1-2fc19e54d4e6
53a2c2fa-7e15-4bd7-9b2e-bf9926b188f8,genus,d0613b0e-93ca-479d-82b7-00010cdabaf1,Agalena,Animalia,Arachnida,https://vvtaxatree.tbn.org.tw/taxa/53a2c2fa-7e15-4bd7-9b2e-bf9926b188f8
86c3a340-d90d-4040-a7d9-1e6d45b0d8cb,genus,00ba932c-6b0d-4e1c-bba3-07cbf0f8b47f,Aginna,Animalia,Insecta,https://vvtaxatree.tbn.org.tw/taxa/86c3a340-d90d-4040-a7d9-1e6d45b0d8cb
4c2dc50c-231f-42d2-bfae-d26c3f5f7cf3,genus,92504495-67e8-42e8-bb76-26cd5b0826f2,Agrapha,Animalia,Insecta,https://vvtaxatree.tbn.org.tw/taxa/4c2dc50c-231f-42d2-bfae-d26c3f5f7cf3
26d9a295-f3e6-42ea-a815-c9a671aaf366,genus,521d1750-9ead-4d2a-a388-a6af9f4d5f0c,Agroeca,Animalia,Arachnida,https://vvtaxatree.tbn.org.tw/taxa/26d9a295-f3e6-42ea-a815-c9a671aaf366
687b33f3-791b-4941-820c-6433385f8b15,genus,9dc21538-68da-4c7d-93a3-be127ff02b73,Akosempomyia,Animalia,Insecta,https://vvtaxatree.tbn.org.tw/taxa/687b33f3-791b-4941-820c-6433385f8b15
dc4f2526-4b44-4731-90ec-aa91467d8ce9,genus,ca09e9e7-1260-4fd8-8120-70dfc5e44ce5,Alaeops,Animalia,Actinopteri,https://vvtaxatree.tbn.org.tw/taxa/dc4f2526-4b44-4731-90ec-aa91467d8ce9
62dbe6ba-7cf0-4cb1-97a0-d5cbe9cb89a2,genus,9489ea78-e128-4475-b835-1c6a2782eaba,Alausa,Animalia,Actinopteri,https://vvtaxatree.tbn.org.tw/taxa/62dbe6ba-7cf0-4cb1-97a0-d5cbe9cb89a2
c66854a5-0951-470b-a602-880a8a4b2858,genus,a4c5fd68-a212-4d00-b0b4-5c72ba1c955a,Alecto,Animalia,Crinoidea,https://vvtaxatree.tbn.org.tw/taxa/c66854a5-0951-470b-a602-880a8a4b2858
b73fc41d-f935-49b5-b4ff-9ad8c4808e59,genus,92504495-67e8-42e8-bb76-26cd5b0826f2,Alelimma,Animalia,Insecta,https://vvtaxatree.tbn.org.tw/taxa/b73fc41d-f935-49b5-b4ff-9ad8c4808e59
6fc029d4-5a98-42d4-bb83-498aa7c9439e,genus,4673fd7e-7493-455b-8c22-acd138abf44c,Alepidosaurus,Animalia,Actinopteri,https://vvtaxatree.tbn.org.tw/taxa/6fc029d4-5a98-42d4-bb83-498aa7c9439e
0498764e-da17-4860-95ca-db44122b1e25,genus,96be35a8-acaa-4f3a-b5d9-a1f16411e367,Aleposomus,Animalia,Actinopteri,https://vvtaxatree.tbn.org.tw/taxa/0498764e-da17-4860-95ca-db44122b1e25
994743dc-a8a0-4bee-a6bf-050edae83760,genus,92504495-67e8-42e8-bb76-26cd5b0826f2,Aletia,Animalia,Insecta,https://vvtaxatree.tbn.org.tw/taxa/994743dc-a8a0-4bee-a6bf-050edae83760
f272a006-d9a3-405a-8f34-8f45a0c9cb90,genus,56d9d6be-055a-44ba-bc48-aaa92fdbd22e,Alicula,Animalia,Gastropoda,https://vvtaxatree.tbn.org.tw/taxa/f272a006-d9a3-405a-8f34-8f45a0c9cb90
c5bf117b-00b7-40d5-8ef7-a2853a7340ba,genus,9645543f-0f9d-4f94-aa6c-d97e5f73acb8,Alikangia,Animalia,Insecta,https://vvtaxatree.tbn.org.tw/taxa/c5bf117b-00b7-40d5-8ef7-a2853a7340ba
1e6d6aae-344c-4265-8ca6-c7c2d36a1fbe,genus,9645543f-0f9d-4f94-aa6c-d97e5f73acb8,Alikangiella,Animalia,Insecta,https://vvtaxatree.tbn.org.tw/taxa/1e6d6aae-344c-4265-8ca6-c7c2d36a1fbe
ccb65e04-d464-4577-a13b-c87e6dd000a4,genus,7e3a44ad-74f1-4f3b-8b9f-da188ed3252b,Alloconger,Animalia,Actinopteri,https://vvtaxatree.tbn.org.tw/taxa/ccb65e04-d464-4577-a13b-c87e6dd000a4
25d92fe3-c25e-4530-85d1-3002238e1d79,genus,b0f22c66-081b-46ad-a745-c6772bd81bcd,Allogobius,Animalia,Actinopteri,https://vvtaxatree.tbn.org.tw/taxa/25d92fe3-c25e-4530-85d1-3002238e1d79
2e2b11a2-fd75-4536-bfd9-614ff65cd47e,genus,64edcdb0-c925-459a-8c0b-cf12ca7355ac,Alloposus,Animalia,Cephalopoda,https://vvtaxatree.tbn.org.tw/taxa/2e2b11a2-fd75-4536-bfd9-614ff65cd47e
3704cede-6c9e-4f49-8290-d320f9c144d3,genus,2509b932-5708-401c-8ff1-abb7992a9f53,Allorhinocoris,Animalia,Insecta,https://vvtaxatree.tbn.org.tw/taxa/3704cede-6c9e-4f49-8290-d320f9c144d3
6bdbe783-e767-419b-82eb-49477cb0ca9c,genus,7d6dce8c-ec39-4ab1-b048-641176a76e59,Alopecias,Animalia,Elasmobranchii,https://vvtaxatree.tbn.org.tw/taxa/6bdbe783-e767-419b-82eb-49477cb0ca9c
1de0443f-fb5e-4c04-90be-2415a34b09a8,genus,9dc21538-68da-4c7d-93a3-be127ff02b73,Alophora,Animalia,Insecta,https://vvtaxatree.tbn.org.tw/taxa/1de0443f-fb5e-4c04-90be-2415a34b09a8
3c6e1780-9e1a-487c-936e-4b151731b92c,genus,2ec46157-2385-4934-ac87-0b96a78c9ee6,Alosa,Animalia,Actinopteri,https://vvtaxatree.tbn.org.tw/taxa/3c6e1780-9e1a-487c-936e-4b151731b92c
1b12ab5e-e8fd-49c2-a041-8acef8d40134,genus,ea546ec1-175e-4bc2-8561-9a10a06fc9b9,Alphestes,Animalia,Actinopteri,https://vvtaxatree.tbn.org.tw/taxa/1b12ab5e-e8fd-49c2-a041-8acef8d40134
903104d0-42f1-4534-989a-89d5d57bf276,genus,ebcdbf4d-2fb2-4246-805d-52a45d8b9bae,Altiserranus,Animalia,Actinopteri,https://vvtaxatree.tbn.org.tw/taxa/903104d0-42f1-4534-989a-89d5d57bf276
96626e4c-36d9-40e7-9d81-ff1604b903ed,genus,bb4338f8-1b4e-407c-a5e4-bb77b35996d3,Alutarius,Animalia,Actinopteri,https://vvtaxatree.tbn.org.tw/taxa/96626e4c-36d9-40e7-9d81-ff1604b903ed
008c46c7-c3c1-465e-a506-8ac32698f306,genus,bb4338f8-1b4e-407c-a5e4-bb77b35996d3,Alutera,Animalia,Actinopteri,https://vvtaxatree.tbn.org.tw/taxa/008c46c7-c3c1-465e-a506-8ac32698f306
76b91693-17a9-4436-b883-c439ba2a8114,genus,bb4338f8-1b4e-407c-a5e4-bb77b35996d3,Aluteres,Animalia,Actinopteri,https://vvtaxatree.tbn.org.tw/taxa/76b91693-17a9-4436-b883-c439ba2a8114
1e4fdb6a-84c8-4f48-891a-494f3f218f6b,genus,740666cc-11cc-4af9-bbce-d64c382e6cc3,Amalopenaeus,Animalia,Malacostraca,https://vvtaxatree.tbn.org.tw/taxa/1e4fdb6a-84c8-4f48-891a-494f3f218f6b
e8095649-da54-41e6-a6de-24b9a6929551,genus,f1b3fb3e-7241-4db8-82ba-eb47c663330e,Amathia,Animalia,Insecta,https://vvtaxatree.tbn.org.tw/taxa/e8095649-da54-41e6-a6de-24b9a6929551
30c95c7b-1d1b-43a0-bba2-12a17514afa0,genus,6cd43d78-0145-40bd-b823-114dbbef3416,Amaurobius,Animalia,Arachnida,https://vvtaxatree.tbn.org.tw/taxa/30c95c7b-1d1b-43a0-bba2-12a17514afa0
979861e4-a7fd-4d15-aee3-df8b160c74ca,genus,5307f43c-ecf1-4bab-afbb-9468bf172a54,Amia,Animalia,Actinopteri,https://vvtaxatree.tbn.org.tw/taxa/979861e4-a7fd-4d15-aee3-df8b160c74ca
247f4ef1-ed1e-4a75-8892-62faabe66307,genus,83eca699-2f70-4bd5-830a-1db25856f971,Aminta,Animalia,Insecta,https://vvtaxatree.tbn.org.tw/taxa/247f4ef1-ed1e-4a75-8892-62faabe66307
5d65a479-d615-4e1a-916a-5debf8aa8791,genus,c19fbadb-9b19-4d8c-b1e9-f36d183e974f,Amnicola,Animalia,Gastropoda,https://vvtaxatree.tbn.org.tw/taxa/5d65a479-d615-4e1a-916a-5debf8aa8791
ea489900-a3ed-4b1f-9fb1-b358b7c93b4a,genus,078b0898-09ce-4f3e-8b50-7289a821c044,Amonodontomerus,Animalia,Insecta,https://vvtaxatree.tbn.org.tw/taxa/ea489900-a3ed-4b1f-9fb1-b358b7c93b4a
3f646ef3-9a18-46e5-a1c9-417b6cdfb268,genus,da78c871-28ad-47ca-b119-cd5c45c7b91c,Amphibolurus,Animalia,Reptilia,https://vvtaxatree.tbn.org.tw/taxa/3f646ef3-9a18-46e5-a1c9-417b6cdfb268
2b40efc1-83db-4805-bb10-0425d497d733,genus,e6aeaa68-7413-48d5-8ecc-b88d2b082116,Amphidesma,Animalia,Bivalvia,https://vvtaxatree.tbn.org.tw/taxa/2b40efc1-83db-4805-bb10-0425d497d733
2b65dc1f-2193-42c1-98fc-34f6514eaebc,genus,9e0d15ec-1d6b-46ef-912e-e273f350cbd5,Amphiperas,Animalia,Gastropoda,https://vvtaxatree.tbn.org.tw/taxa/2b65dc1f-2193-42c1-98fc-34f6514eaebc
9c5d0d06-ba5b-4d8a-8388-263b898bcb42,genus,856a1a16-e8ac-436a-9ad2-ac5aff334344,Amphisile,Animalia,Actinopteri,https://vvtaxatree.tbn.org.tw/taxa/9c5d0d06-ba5b-4d8a-8388-263b898bcb42
cac79e79-2bb5-4678-8983-b331aaa1bda6,genus,b1b001ee-5540-46b7-80e0-192f6e15b7c5,Amphorophora,Animalia,Insecta,https://vvtaxatree.tbn.org.tw/taxa/cac79e79-2bb5-4678-8983-b331aaa1bda6
bca5909e-33b1-4cae-ab18-7ac6c67d5d82,genus,5e34f425-c28f-429d-84a3-281853c65127,Amrella,Animalia,Insecta,https://vvtaxatree.tbn.org.tw/taxa/bca5909e-33b1-4cae-ab18-7ac6c67d5d82
b1e1057f-1b13-43ef-9a1a-300bc5ee11d9,genus,40ac7762-c015-4bc6-a745-d15e5cd24cb8,Amydona,Animalia,Insecta,https://vvtaxatree.tbn.org.tw/taxa/b1e1057f-1b13-43ef-9a1a-300bc5ee11d9
54b6d027-5498-4805-b163-cdb546b30da6,genus,6f4ea5f6-c7be-4882-a333-7d8994a6e4e4,Anacanthobatis,Animalia,Elasmobranchii,https://vvtaxatree.tbn.org.tw/taxa/54b6d027-5498-4805-b163-cdb546b30da6
720327c4-8889-4988-b7b5-7ec7b29ca019,genus,f88b5250-9f22-4160-8410-164eff3407e4,Anacryptus,Animalia,Insecta,https://vvtaxatree.tbn.org.tw/taxa/720327c4-8889-4988-b7b5-7ec7b29ca019
b625fea8-3328-4796-b783-e6fb3bfd6c45,genus,5905ea67-c25a-4f06-80d2-3f2a5e7b7ebe,Anagnia,Animalia,Insecta,https://vvtaxatree.tbn.org.tw/taxa/b625fea8-3328-4796-b783-e6fb3bfd6c45
b90d2087-0751-4a36-9073-0f8448bc8cd7,genus,d6117b3e-f156-4e41-8e73-1ed85096d86f,Anamathia,Animalia,Malacostraca,https://vvtaxatree.tbn.org.tw/taxa/b90d2087-0751-4a36-9073-0f8448bc8cd7
f0ed6413-0707-4f81-8c52-f0017fe24e6f,genus,bc6be93e-816f-4b81-8056-c75c94bdf384,Anathrix,Animalia,Insecta,https://vvtaxatree.tbn.org.tw/taxa/f0ed6413-0707-4f81-8c52-f0017fe24e6f
547eef39-bccc-48d7-8636-78cedf050010,genus,01abe15e-e1f7-479f-80f0-633d25a8e7d0,Anatina,Animalia,Bivalvia,https://vvtaxatree.tbn.org.tw/taxa/547eef39-bccc-48d7-8636-78cedf050010
45ca3491-1011-4e58-8c50-14847cfb79ca,genus,834af5c5-b52b-4dfd-b66d-7239245062b1,Anceryx,Animalia,Insecta,https://vvtaxatree.tbn.org.tw/taxa/45ca3491-1011-4e58-8c50-14847cfb79ca
380924ac-c945-4307-9479-459def664e9c,genus,e009719a-570e-48d3-9d5f-1424c9ed2cb7,Ancitrocerus,Animalia,Insecta,https://vvtaxatree.tbn.org.tw/taxa/380924ac-c945-4307-9479-459def664e9c
b505e508-4eca-412f-9548-63b7de8d8d1d,genus,5f91a112-50cd-4ab9-aa73-f3fbeb28a909,Ancylonycha,Animalia,Insecta,https://vvtaxatree.tbn.org.tw/taxa/b505e508-4eca-412f-9548-63b7de8d8d1d
c81aa5f3-6de3-4335-9d81-e9b082cd7ada,genus,63e7e423-5ec0-4e95-af80-f47f87a6096f,Andasena,Animalia,Insecta,https://vvtaxatree.tbn.org.tw/taxa/c81aa5f3-6de3-4335-9d81-e9b082cd7ada
11fbaefb-5d73-44cc-a19d-116e26ad8331,genus,9dc21538-68da-4c7d-93a3-be127ff02b73,Androcyptera,Animalia,Insecta,https://vvtaxatree.tbn.org.tw/taxa/11fbaefb-5d73-44cc-a19d-116e26ad8331
0e2d4db2-3106-4e28-bbf9-e38fc180a541,genus,90e2cd58-9d9a-44b4-903b-e121d7fc327b,Anerastidia,Animalia,Insecta,https://vvtaxatree.tbn.org.tw/taxa/0e2d4db2-3106-4e28-bbf9-e38fc180a541
9677561a-83f7-4dd9-ad12-1e9ca3a0d6e7,genus,87342e91-0f42-4f6d-ac79-de05cff51908,Anereuthinula,Animalia,Insecta,https://vvtaxatree.tbn.org.tw/taxa/9677561a-83f7-4dd9-ad12-1e9ca3a0d6e7
c9d9b22f-bd7c-4416-a37e-37e0c39d2073,genus,12a8f27a-9e63-4071-a960-5e45fbe1e612,Angelichthys,Animalia,Actinopteri,https://vvtaxatree.tbn.org.tw/taxa/c9d9b22f-bd7c-4416-a37e-37e0c39d2073
ff9b44bc-7ef8-44cb-9d7c-d69809cb912a,genus,715b2572-9dd3-4498-b36f-083d53cb6ef7,Anisochrysa,Animalia,Insecta,https://vvtaxatree.tbn.org.tw/taxa/ff9b44bc-7ef8-44cb-9d7c-d69809cb912a
a887d0d1-983c-4fc4-aacb-88b2d468fa40,genus,1e125e59-c0c4-45da-9500-f3eda70287cc,Annandalia,Animalia,Insecta,https://vvtaxatree.tbn.org.tw/taxa/a887d0d1-983c-4fc4-aacb-88b2d468fa40
f0f319cb-be1c-4abd-aad6-b4ad023724d2,genus,9762194e-4070-4bf4-96be-cdffcbb071b9,Anomoea,Animalia,Insecta,https://vvtaxatree.tbn.org.tw/taxa/f0f319cb-be1c-4abd-aad6-b4ad023724d2
408142fc-d6f6-43d8-9309-fcf9eae24c37,genus,f1b3fb3e-7241-4db8-82ba-eb47c663330e,Anonichia,Animalia,Insecta,https://vvtaxatree.tbn.org.tw/taxa/408142fc-d6f6-43d8-9309-fcf9eae24c37
86ae493e-eea3-41d1-95e4-e13e9a968a06,genus,f1b3fb3e-7241-4db8-82ba-eb47c663330e,Anonychia,Animalia,Insecta,https://vvtaxatree.tbn.org.tw/taxa/86ae493e-eea3-41d1-95e4-e13e9a968a06
60034381-046d-4df6-a31e-c20558b060b1,genus,15d07d35-f44f-4668-83b3-bcbea335f57a,Anoplus,Animalia,Actinopteri,https://vvtaxatree.tbn.org.tw/taxa/60034381-046d-4df6-a31e-c20558b060b1
ca9f1deb-e2a2-4cab-9914-26b096f7a75d,genus,e2ddf8e5-2d1f-4b8d-8878-04aac3cfbee0,Antalthes,Animalia,Insecta,https://vvtaxatree.tbn.org.tw/taxa/ca9f1deb-e2a2-4cab-9914-26b096f7a75d
8d5a5d60-3d7e-4a91-89ee-d1c9d0bcac65,genus,0f3cd445-aac4-4231-8800-7c3edd5a3cc5,Anthias,Animalia,Actinopteri,https://vvtaxatree.tbn.org.tw/taxa/8d5a5d60-3d7e-4a91-89ee-d1c9d0bcac65
06693447-afdf-4b9b-ad7f-a96890da90b4,genus,4eb206b0-8384-45b2-a308-56ad24a68acb,Anthophilina,Animalia,Insecta,https://vvtaxatree.tbn.org.tw/taxa/06693447-afdf-4b9b-ad7f-a96890da90b4
032922ff-5d4a-4859-8690-45bd4427b1a8,genus,f1b3fb3e-7241-4db8-82ba-eb47c663330e,Anthyperythra,Animalia,Insecta,https://vvtaxatree.tbn.org.tw/taxa/032922ff-5d4a-4859-8690-45bd4427b1a8
5cef381e-e9da-44dc-99d2-aa85f3e07ed2,genus,31de76ba-8a58-41f0-88ee-c0eefe9fa302,Anticitharus,Animalia,Actinopteri,https://vvtaxatree.tbn.org.tw/taxa/5cef381e-e9da-44dc-99d2-aa85f3e07ed2
fc00ca63-dd79-436b-bb79-dc563dbb24e2,genus,67c8856f-ebe4-4cbf-9d03-ce8ed4f0ed76,Antonia,Animalia,Insecta,https://vvtaxatree.tbn.org.tw/taxa/fc00ca63-dd79-436b-bb79-dc563dbb24e2
4941a220-e2d3-4f52-9918-354dd5b4bf65,genus,b0f22c66-081b-46ad-a745-c6772bd81bcd,Aparrius,Animalia,Actinopteri,https://vvtaxatree.tbn.org.tw/taxa/4941a220-e2d3-4f52-9918-354dd5b4bf65
e566b530-143e-4638-b705-eeebddab1f86,genus,c8c1f3b0-044a-4fe2-bff4-ca4bcdb9c299,Aphaena,Animalia,Insecta,https://vvtaxatree.tbn.org.tw/taxa/e566b530-143e-4638-b705-eeebddab1f86
f55e1de6-3161-4f79-bb00-f855b880a855,genus,206108ab-6a9d-493a-8316-e430da8da7a1,Aphendala,Animalia,Insecta,https://vvtaxatree.tbn.org.tw/taxa/f55e1de6-3161-4f79-bb00-f855b880a855
5414a525-e375-4130-bc5d-632731d57620,genus,b1b001ee-5540-46b7-80e0-192f6e15b7c5,Aphid,Animalia,Insecta,https://vvtaxatree.tbn.org.tw/taxa/5414a525-e375-4130-bc5d-632731d57620
7c59af5a-f456-4021-a399-ba9b7baa1353,genus,bc6be93e-816f-4b81-8056-c75c94bdf384,Aphidencyrtus,Animalia,Insecta,https://vvtaxatree.tbn.org.tw/taxa/7c59af5a-f456-4021-a399-ba9b7baa1353
b940acce-29b2-40fe-bfae-18d67c2f0646,genus,d7bbd5f9-dd9c-4c96-ba2a-4367fbb701bc,Aphnaeus,Animalia,Insecta,https://vvtaxatree.tbn.org.tw/taxa/b940acce-29b2-40fe-bfae-18d67c2f0646
3a736690-aeaf-41e0-b6d6-5fed97b935ba,genus,975b6843-473c-42e9-8646-24b96daada45,Aphthalmichthys,Animalia,Actinopteri,https://vvtaxatree.tbn.org.tw/taxa/3a736690-aeaf-41e0-b6d6-5fed97b935ba
98380a1a-28d0-48a6-91e7-449a1693e33c,genus,b0f22c66-081b-46ad-a745-c6772bd81bcd,Apocryptes,Animalia,Actinopteri,https://vvtaxatree.tbn.org.tw/taxa/98380a1a-28d0-48a6-91e7-449a1693e33c
53386c2d-357e-4998-bae6-ce87d0544ff8,genus,f1b3fb3e-7241-4db8-82ba-eb47c663330e,Apophyga,Animalia,Insecta,https://vvtaxatree.tbn.org.tw/taxa/53386c2d-357e-4998-bae6-ce87d0544ff8
7a8e27ab-78f5-461b-8650-218b0ce57606,genus,e0b1d9d7-d3ba-4a29-8475-2969a66634bb,Aptergia,Animalia,Actinopteri,https://vvtaxatree.tbn.org.tw/taxa/7a8e27ab-78f5-461b-8650-218b0ce57606
060c3466-47ab-433c-a4d1-8a405d37a373,genus,e0b1d9d7-d3ba-4a29-8475-2969a66634bb,Apterigia,Animalia,Actinopteri,https://vvtaxatree.tbn.org.tw/taxa/060c3466-47ab-433c-a4d1-8a405d37a373
ba058b64-084b-41ba-a925-db4426c86337,genus,d0613b0e-93ca-479d-82b7-00010cdabaf1,Arachne,Animalia,Arachnida,https://vvtaxatree.tbn.org.tw/taxa/ba058b64-084b-41ba-a925-db4426c86337
0f652576-d28c-402e-8d0d-1b96b5c1edcc,genus,11139933-8474-492b-bbb6-7b1baa52bdd8,Aranea,Animalia,Arachnida,https://vvtaxatree.tbn.org.tw/taxa/0f652576-d28c-402e-8d0d-1b96b5c1edcc
8f8a129c-0bc9-4947-9de1-fc5951efaa7d,genus,f1b3fb3e-7241-4db8-82ba-eb47c663330e,Archaeobalbis,Animalia,Insecta,https://vvtaxatree.tbn.org.tw/taxa/8f8a129c-0bc9-4947-9de1-fc5951efaa7d
de90cd07-450f-4638-bd50-4204252ed962,genus,1e125e59-c0c4-45da-9500-f3eda70287cc,Archaeomicromus,Animalia,Insecta,https://vvtaxatree.tbn.org.tw/taxa/de90cd07-450f-4638-bd50-4204252ed962
3afa84bc-3ef7-424c-8ccc-f0861cd420f5,genus,92504495-67e8-42e8-bb76-26cd5b0826f2,Archanara,Animalia,Insecta,https://vvtaxatree.tbn.org.tw/taxa/3afa84bc-3ef7-424c-8ccc-f0861cd420f5
39353168-2101-4967-95d9-3b07b2140d7e,genus,9a2965b3-dc68-467c-ab0b-247d04a49366,Arctus,Animalia,Malacostraca,https://vvtaxatree.tbn.org.tw/taxa/39353168-2101-4967-95d9-3b07b2140d7e
6ada0b6e-db3f-4329-b723-46eb8128de7b,genus,62e4b69b-0c48-45f5-be60-e5d583109910,Ardetta,Animalia,Aves,https://vvtaxatree.tbn.org.tw/taxa/6ada0b6e-db3f-4329-b723-46eb8128de7b
6fe95cef-6fe2-48a1-9e0e-60164f8c71eb,genus,1f361390-1e61-4d22-8efa-934bc971e82b,Areliscus,Animalia,Actinopteri,https://vvtaxatree.tbn.org.tw/taxa/6fe95cef-6fe2-48a1-9e0e-60164f8c71eb
f19d7bf8-33e2-4cad-80de-afa05dfcaa32,genus,b1b001ee-5540-46b7-80e0-192f6e15b7c5,Aresha,Animalia,Insecta,https://vvtaxatree.tbn.org.tw/taxa/f19d7bf8-33e2-4cad-80de-afa05dfcaa32
f28fae4e-c246-451d-862a-56c9986d67a8,genus,f1b3fb3e-7241-4db8-82ba-eb47c663330e,Argidava,Animalia,Insecta,https://vvtaxatree.tbn.org.tw/taxa/f28fae4e-c246-451d-862a-56c9986d67a8
50f19fda-4792-447f-8177-71bb73d80b46,genus,b939ee73-fe53-43fb-804e-a27e99f96a85,Argo,Animalia,Actinopteri,https://vvtaxatree.tbn.org.tw/taxa/50f19fda-4792-447f-8177-71bb73d80b46
f14afee9-bc06-4dec-8227-755110c9950f,genus,3d56fdfc-4117-44b7-8a03-48b0741e3efd,Argyris,Animalia,Insecta,https://vvtaxatree.tbn.org.tw/taxa/f14afee9-bc06-4dec-8227-755110c9950f
385588c9-890b-404e-b747-5e2667abf0df,genus,5e1cab85-41db-4b04-a41a-534e90bb91e5,Argyroepeira,Animalia,Arachnida,https://vvtaxatree.tbn.org.tw/taxa/385588c9-890b-404e-b747-5e2667abf0df
850aa568-9136-4f98-8df6-c00022c1965e,genus,50583e36-4bb6-46ee-a6a6-ab5b65fbcf10,Argyrolepia,Animalia,Insecta,https://vvtaxatree.tbn.org.tw/taxa/850aa568-9136-4f98-8df6-c00022c1965e
f6ae77cf-403d-4bd6-a572-63f8425be65e,genus,d158e46d-7cc4-4bd9-98ee-a24a22f8eabf,Argyropelachus,Animalia,Actinopteri,https://vvtaxatree.tbn.org.tw/taxa/f6ae77cf-403d-4bd6-a572-63f8425be65e
c1c23a59-45ad-4b39-9879-3f905cf3fc3a,genus,50583e36-4bb6-46ee-a6a6-ab5b65fbcf10,Argyroploce,Animalia,Insecta,https://vvtaxatree.tbn.org.tw/taxa/c1c23a59-45ad-4b39-9879-3f905cf3fc3a
0b079eb2-1136-4fa9-b437-ad65a6c7d6c7,genus,50583e36-4bb6-46ee-a6a6-ab5b65fbcf10,Argyrotoza,Animalia,Insecta,https://vvtaxatree.tbn.org.tw/taxa/0b079eb2-1136-4fa9-b437-ad65a6c7d6c7
ba8affdb-69fb-46f8-b929-22b696333595,genus,83eca699-2f70-4bd5-830a-1db25856f971,Aricia,Animalia,Insecta,https://vvtaxatree.tbn.org.tw/taxa/ba8affdb-69fb-46f8-b929-22b696333595
59352428-eb4a-44f6-98de-cc1215c3bea5,genus,d3236fbe-dcf4-4a3d-ba60-ca31454c5bd5,Aridius,Animalia,Insecta,https://vvtaxatree.tbn.org.tw/taxa/59352428-eb4a-44f6-98de-cc1215c3bea5
83270322-d398-4f42-939b-77a66401e8e6,genus,5e34f425-c28f-429d-84a3-281853c65127,Ariolica,Animalia,Insecta,https://vvtaxatree.tbn.org.tw/taxa/83270322-d398-4f42-939b-77a66401e8e6
16ed68b1-3710-4417-9971-92424fcdfca4,genus,ec86e787-9771-4842-a972-7e9a44168f7e,Ariophanta,Animalia,Gastropoda,https://vvtaxatree.tbn.org.tw/taxa/16ed68b1-3710-4417-9971-92424fcdfca4
09320808-ba5a-480c-8dcf-8f17db64698e,genus,e2ddf8e5-2d1f-4b8d-8878-04aac3cfbee0,Aripana,Animalia,Insecta,https://vvtaxatree.tbn.org.tw/taxa/09320808-ba5a-480c-8dcf-8f17db64698e
2ededf97-c8e2-4407-aaec-71dae311c273,genus,92504495-67e8-42e8-bb76-26cd5b0826f2,Arisoloncha,Animalia,Insecta,https://vvtaxatree.tbn.org.tw/taxa/2ededf97-c8e2-4407-aaec-71dae311c273
af9c65e4-8169-480c-bc19-9f9f3d37fbb4,genus,7e3a44ad-74f1-4f3b-8b9f-da188ed3252b,Arisoma,Animalia,Actinopteri,https://vvtaxatree.tbn.org.tw/taxa/af9c65e4-8169-480c-bc19-9f9f3d37fbb4
3effc6f4-5f75-43df-a8a7-d9d0ffc4be8d,genus,740666cc-11cc-4af9-bbce-d64c382e6cc3,Aristaeus,Animalia,Malacostraca,https://vvtaxatree.tbn.org.tw/taxa/3effc6f4-5f75-43df-a8a7-d9d0ffc4be8d
8f317442-150e-4277-b716-aee8fa47c9d2,genus,ea546ec1-175e-4bc2-8561-9a10a06fc9b9,Arnillo,Animalia,Actinopteri,https://vvtaxatree.tbn.org.tw/taxa/8f317442-150e-4277-b716-aee8fa47c9d2
c1354d78-a770-496c-a013-7ef1fb7dd8b5,genus,bc6be93e-816f-4b81-8056-c75c94bdf384,Arrenophagus,Animalia,Insecta,https://vvtaxatree.tbn.org.tw/taxa/c1354d78-a770-496c-a013-7ef1fb7dd8b5
fb8f97a3-1fb6-43ee-b40b-fd5ab85d38c5,genus,9dc21538-68da-4c7d-93a3-be127ff02b73,Arrhinodexia,Animalia,Insecta,https://vvtaxatree.tbn.org.tw/taxa/fb8f97a3-1fb6-43ee-b40b-fd5ab85d38c5
e93461d8-6fe8-4799-a4e5-bf38161d2277,genus,9dc21538-68da-4c7d-93a3-be127ff02b73,Arrhinomyia,Animalia,Insecta,https://vvtaxatree.tbn.org.tw/taxa/e93461d8-6fe8-4799-a4e5-bf38161d2277
a95f8b0a-a91d-4ea3-82bc-e751600d94dd,genus,51658d7c-9356-49ad-8f6c-b02b2c0f4f67,Artabrus,Animalia,Arachnida,https://vvtaxatree.tbn.org.tw/taxa/a95f8b0a-a91d-4ea3-82bc-e751600d94dd
b9e1f35f-ba4f-4566-b9a1-36d6018ff9da,genus,b3f048e9-86ca-4b63-b803-feb47f43d735,Asagena,Animalia,Arachnida,https://vvtaxatree.tbn.org.tw/taxa/b9e1f35f-ba4f-4566-b9a1-36d6018ff9da
75dc206d-dd3c-4f7e-9864-60eba6fa664f,genus,b3f048e9-86ca-4b63-b803-feb47f43d735,Asagenella,Animalia,Arachnida,https://vvtaxatree.tbn.org.tw/taxa/75dc206d-dd3c-4f7e-9864-60eba6fa664f
0dda6d99-167e-4840-8831-11e431f91a00,genus,5f91a112-50cd-4ab9-aa73-f3fbeb28a909,Aserica,Animalia,Insecta,https://vvtaxatree.tbn.org.tw/taxa/0dda6d99-167e-4840-8831-11e431f91a00
fcb8d370-583c-440f-93b8-28d0fc6df21e,genus,2e3d7c6d-d322-4b8c-9beb-93efe3dc3cdb,Asilus,Animalia,Insecta,https://vvtaxatree.tbn.org.tw/taxa/fcb8d370-583c-440f-93b8-28d0fc6df21e
3e59a55e-fdb5-4e26-8aeb-7aae103a0efb,genus,9dc21538-68da-4c7d-93a3-be127ff02b73,Asiocarcelia,Animalia,Insecta,https://vvtaxatree.tbn.org.tw/taxa/3e59a55e-fdb5-4e26-8aeb-7aae103a0efb
34a927ff-a41a-4abc-958b-78a5c1a45e85,genus,e2ddf8e5-2d1f-4b8d-8878-04aac3cfbee0,Asopia,Animalia,Insecta,https://vvtaxatree.tbn.org.tw/taxa/34a927ff-a41a-4abc-958b-78a5c1a45e85
11ab2c88-7168-4131-93af-c2683b75a75d,genus,8cbee1ed-01e1-4a07-8fc1-a69cab0b9a0b,Aspidiotiphagus,Animalia,Insecta,https://vvtaxatree.tbn.org.tw/taxa/11ab2c88-7168-4131-93af-c2683b75a75d
725b05a8-983a-4d6a-93ec-73fe3fe85a3e,genus,688c3415-9e9d-4e67-a546-7e4325f88828,Aspisurus,Animalia,Actinopteri,https://vvtaxatree.tbn.org.tw/taxa/725b05a8-983a-4d6a-93ec-73fe3fe85a3e
b0e947f6-c6ec-441c-b860-d249f282dab5,genus,e9ac9ca1-ef9a-4104-a587-533c8d32e72f,Assuania,Animalia,Insecta,https://vvtaxatree.tbn.org.tw/taxa/b0e947f6-c6ec-441c-b860-d249f282dab5
0b3d07df-63d8-4092-993a-c211f111ca06,genus,f1b3fb3e-7241-4db8-82ba-eb47c663330e,Astacuda,Animalia,Insecta,https://vvtaxatree.tbn.org.tw/taxa/0b3d07df-63d8-4092-993a-c211f111ca06
15a6a0b1-ce5e-4c8d-8dcf-87628907700e,genus,8869f7eb-5e7e-4aba-87c0-df7af433de80,Astrimus,Animalia,Insecta,https://vvtaxatree.tbn.org.tw/taxa/15a6a0b1-ce5e-4c8d-8dcf-87628907700e
a6db7416-19c2-41a0-8d4b-87e58ae5becf,genus,de3feb29-a1ff-4ae9-8932-36238bbeac40,Astrocanthus,Animalia,Actinopteri,https://vvtaxatree.tbn.org.tw/taxa/a6db7416-19c2-41a0-8d4b-87e58ae5becf
acfca5c4-ded5-4106-9c98-d14d32581a12,genus,72101fa1-4ff2-4859-ad0c-06a43d131835,Astur,Animalia,Aves,https://vvtaxatree.tbn.org.tw/taxa/acfca5c4-ded5-4106-9c98-d14d32581a12
0a39bb30-7949-4b1d-aa66-e4959bc3ca23,genus,00ba932c-6b0d-4e1c-bba3-07cbf0f8b47f,Asura,Animalia,Insecta,https://vvtaxatree.tbn.org.tw/taxa/0a39bb30-7949-4b1d-aa66-e4959bc3ca23
d92aed56-89aa-4ba1-940f-e6d0f4034911,genus,00ba932c-6b0d-4e1c-bba3-07cbf0f8b47f,Asuropsis,Animalia,Insecta,https://vvtaxatree.tbn.org.tw/taxa/d92aed56-89aa-4ba1-940f-e6d0f4034911
4ca9b50c-9933-4243-a672-ed03bad8181b,genus,e7774422-da1d-43a4-ae2b-186666187901,Asymmetron,Animalia,Leptocardii,https://vvtaxatree.tbn.org.tw/taxa/4ca9b50c-9933-4243-a672-ed03bad8181b
6ebdeded-170b-4ce6-b2b0-62268f4efd02,genus,29258d69-cbc8-4f66-8426-2c8ee350740f,Atabyria,Animalia,Insecta,https://vvtaxatree.tbn.org.tw/taxa/6ebdeded-170b-4ce6-b2b0-62268f4efd02
80f06b9a-695a-4f42-ba33-4fe6af57e8ea,genus,a47224a2-644e-4182-9f9c-4e970b64f30d,Atelenevra,Animalia,Insecta,https://vvtaxatree.tbn.org.tw/taxa/80f06b9a-695a-4f42-ba33-4fe6af57e8ea
9b8f736f-dd71-4f7e-955b-6751a4fe96e1,genus,63e7e423-5ec0-4e95-af80-f47f87a6096f,Atella,Animalia,Insecta,https://vvtaxatree.tbn.org.tw/taxa/9b8f736f-dd71-4f7e-955b-6751a4fe96e1
0dcc9289-8638-4b47-8077-18ddb82ed50a,genus,d9161332-060a-499e-af61-1373cc0179d4,Atelopus,Animalia,Actinopteri,https://vvtaxatree.tbn.org.tw/taxa/0dcc9289-8638-4b47-8077-18ddb82ed50a
384044dd-b9ab-4ef3-a3ac-f753bc2f59d1,genus,fdeb18ab-db48-456a-b791-a53cbdff8b21,Athemellus,Animalia,Insecta,https://vvtaxatree.tbn.org.tw/taxa/384044dd-b9ab-4ef3-a3ac-f753bc2f59d1
9c87628c-17b9-442d-94e0-5e7f0a1307bb,genus,d4f9fc67-13d2-4352-b85f-62b7dce4a55d,Atherina,Animalia,Actinopteri,https://vvtaxatree.tbn.org.tw/taxa/9c87628c-17b9-442d-94e0-5e7f0a1307bb
a17b5473-5963-42a9-be5e-a05cf3529eb3,genus,00ba932c-6b0d-4e1c-bba3-07cbf0f8b47f,Athyrma,Animalia,Insecta,https://vvtaxatree.tbn.org.tw/taxa/a17b5473-5963-42a9-be5e-a05cf3529eb3
e77814e0-daf5-41fb-a408-ea629c470809,genus,48a32784-9af0-438b-bb0d-24778638c26b,Atopomycterus,Animalia,Actinopteri,https://vvtaxatree.tbn.org.tw/taxa/e77814e0-daf5-41fb-a408-ea629c470809
9643b37d-fc9a-4f78-a680-8bb758767b3c,genus,22528ba2-ec23-4be0-888a-33818b2e7d51,Atractocerus,Animalia,Insecta,https://vvtaxatree.tbn.org.tw/taxa/9643b37d-fc9a-4f78-a680-8bb758767b3c
6951a7ca-f388-471f-b866-10b4f9edfe81,genus,22528ba2-ec23-4be0-888a-33818b2e7d51,Atractoerus,Animalia,Insecta,https://vvtaxatree.tbn.org.tw/taxa/6951a7ca-f388-471f-b866-10b4f9edfe81
be2cfd05-0895-4ad3-9c6c-f2bb06e14477,genus,affb1bb0-4446-495c-af97-6a054861182f,Attelabus,Animalia,Insecta,https://vvtaxatree.tbn.org.tw/taxa/be2cfd05-0895-4ad3-9c6c-f2bb06e14477
630fce62-c5ab-488f-9bd7-7022c65f6083,genus,51658d7c-9356-49ad-8f6c-b02b2c0f4f67,Attus,Animalia,Arachnida,https://vvtaxatree.tbn.org.tw/taxa/630fce62-c5ab-488f-9bd7-7022c65f6083
5a05608b-e5b6-438e-aa59-a341f9d8c7ae,genus,9dc21538-68da-4c7d-93a3-be127ff02b73,Aubaea,Animalia,Insecta,https://vvtaxatree.tbn.org.tw/taxa/5a05608b-e5b6-438e-aa59-a341f9d8c7ae
cbd4768a-f056-4fb8-9ed6-d96d2cbd93a2,genus,9dc21538-68da-4c7d-93a3-be127ff02b73,Aulacephala,Animalia,Insecta,https://vvtaxatree.tbn.org.tw/taxa/cbd4768a-f056-4fb8-9ed6-d96d2cbd93a2
719fb82b-6ea6-401a-9136-a3836011953d,genus,e2ddf8e5-2d1f-4b8d-8878-04aac3cfbee0,Aulacodes,Animalia,Insecta,https://vvtaxatree.tbn.org.tw/taxa/719fb82b-6ea6-401a-9136-a3836011953d
8028228d-1140-49a1-a992-77b531275010,genus,a393cb62-9577-4769-99d3-869e0e702dc2,Aulopus,Animalia,Actinopteri,https://vvtaxatree.tbn.org.tw/taxa/8028228d-1140-49a1-a992-77b531275010
9473b874-834b-404d-8f8c-2eeeb2231999,genus,5307f43c-ecf1-4bab-afbb-9468bf172a54,Australaphia,Animalia,Actinopteri,https://vvtaxatree.tbn.org.tw/taxa/9473b874-834b-404d-8f8c-2eeeb2231999
d4365aff-266f-4866-a2a8-b74b8e53e660,genus,7b3161d5-6c11-4f8e-820e-51324a395768,Automola,Animalia,Insecta,https://vvtaxatree.tbn.org.tw/taxa/d4365aff-266f-4866-a2a8-b74b8e53e660
f01c7fdb-653a-4c8e-b1f5-17b3cf61bed8,genus,5f91a112-50cd-4ab9-aa73-f3fbeb28a909,Autoserica,Animalia,Insecta,https://vvtaxatree.tbn.org.tw/taxa/f01c7fdb-653a-4c8e-b1f5-17b3cf61bed8
cf00f548-4803-45f5-a601-c8d7f37e552a,genus,f1b3fb3e-7241-4db8-82ba-eb47c663330e,Auzea,Animalia,Insecta,https://vvtaxatree.tbn.org.tw/taxa/cf00f548-4803-45f5-a601-c8d7f37e552a
82a86097-8ae8-4b60-9ad2-f3c20e41f1fe,genus,7e29dd50-762f-43fb-ae52-87b85f6f4a21,Avicula,Animalia,Bivalvia,https://vvtaxatree.tbn.org.tw/taxa/82a86097-8ae8-4b60-9ad2-f3c20e41f1fe
11f71306-0e70-4d44-98b1-cba2a1cc6742,genus,688c3415-9e9d-4e67-a546-7e4325f88828,Axinurus,Animalia,Actinopteri,https://vvtaxatree.tbn.org.tw/taxa/11f71306-0e70-4d44-98b1-cba2a1cc6742
66e3a687-0b63-4bd9-9c8b-b8f6ef68c9e6,genus,f50526d4-bf8e-40e0-94d6-e4c3ae398e4a,Azata,Animalia,Insecta,https://vvtaxatree.tbn.org.tw/taxa/66e3a687-0b63-4bd9-9c8b-b8f6ef68c9e6
a4d8fdc6-363c-4a89-b509-0618de7e1f70,genus,5e34f425-c28f-429d-84a3-281853c65127,Bagistana,Animalia,Insecta,https://vvtaxatree.tbn.org.tw/taxa/a4d8fdc6-363c-4a89-b509-0618de7e1f70
87fa286b-31d5-41fc-b007-0c4582297f6e,genus,60f1cce3-48e4-44bf-9df5-9e0941c8fbd1,Bagrus,Animalia,Actinopteri,https://vvtaxatree.tbn.org.tw/taxa/87fa286b-31d5-41fc-b007-0c4582297f6e
5280f194-d4fe-4df1-9318-e4f52c7f1640,genus,f50526d4-bf8e-40e0-94d6-e4c3ae398e4a,Balatiiucha,Animalia,Insecta,https://vvtaxatree.tbn.org.tw/taxa/5280f194-d4fe-4df1-9318-e4f52c7f1640
93a609d2-c87d-44f8-8e21-e21836c62f79,genus,51658d7c-9356-49ad-8f6c-b02b2c0f4f67,Ballus,Animalia,Arachnida,https://vvtaxatree.tbn.org.tw/taxa/93a609d2-c87d-44f8-8e21-e21836c62f79
e9affa3d-91f9-4e33-9b6c-c2bd38468e3a,genus,fa8339c2-187e-4e58-929b-4b1016ce871c,Baoris,Animalia,Insecta,https://vvtaxatree.tbn.org.tw/taxa/e9affa3d-91f9-4e33-9b6c-c2bd38468e3a
eeeccb8e-3e1f-4fc9-9f8d-cdd4d247aac7,genus,f1b3fb3e-7241-4db8-82ba-eb47c663330e,Bapta,Animalia,Insecta,https://vvtaxatree.tbn.org.tw/taxa/eeeccb8e-3e1f-4fc9-9f8d-cdd4d247aac7
4f1b730b-cbe7-423c-b0d9-ed132d741901,genus,ed2f46b6-3df8-485b-b98f-b84f6cacaabf,Bassobythites,Animalia,Actinopteri,https://vvtaxatree.tbn.org.tw/taxa/4f1b730b-cbe7-423c-b0d9-ed132d741901
343d3f29-a5d9-4b7e-806e-07581b52a2ec,genus,ed2f46b6-3df8-485b-b98f-b84f6cacaabf,Bassogigas,Animalia,Actinopteri,https://vvtaxatree.tbn.org.tw/taxa/343d3f29-a5d9-4b7e-806e-07581b52a2ec
7e1d826d-be7a-48af-855a-057258955ad1,genus,51658d7c-9356-49ad-8f6c-b02b2c0f4f67,Bathippus,Animalia,Arachnida,https://vvtaxatree.tbn.org.tw/taxa/7e1d826d-be7a-48af-855a-057258955ad1
80714c85-9afe-45d5-a945-09aa6a9bf1fb,genus,ed2f46b6-3df8-485b-b98f-b84f6cacaabf,Bathynectes,Animalia,Actinopteri,https://vvtaxatree.tbn.org.tw/taxa/80714c85-9afe-45d5-a945-09aa6a9bf1fb
c279f7ca-a0cf-451d-86f5-f539af162137,genus,2dbd49ad-ea9c-46ff-be97-e337b40007e5,Bathypercis,Animalia,Actinopteri,https://vvtaxatree.tbn.org.tw/taxa/c279f7ca-a0cf-451d-86f5-f539af162137
1ff89772-1487-4a0f-9e6c-63a59f19ec5a,genus,50583e36-4bb6-46ee-a6a6-ab5b65fbcf10,Batodes,Animalia,Insecta,https://vvtaxatree.tbn.org.tw/taxa/1ff89772-1487-4a0f-9e6c-63a59f19ec5a
ca52d933-3d4f-4d2f-9ca6-1353f01c7d87,genus,ddb9016c-7499-4cd9-919e-6b436529c410,Bdellolarynx,Animalia,Insecta,https://vvtaxatree.tbn.org.tw/taxa/ca52d933-3d4f-4d2f-9ca6-1353f01c7d87
960dc862-550b-48a1-89c4-74624017cca1,genus,07a43c8b-ce8c-4301-a058-6e871c436318,Bdellostoma,Animalia,Myxini,https://vvtaxatree.tbn.org.tw/taxa/960dc862-550b-48a1-89c4-74624017cca1
f4aab822-6d70-4fa0-a4c7-6ad16f11a6a8,genus,906e487a-d655-435c-983c-eed09ecb978e,Beckerellus,Animalia,Insecta,https://vvtaxatree.tbn.org.tw/taxa/f4aab822-6d70-4fa0-a4c7-6ad16f11a6a8
a082dc4b-192c-40d1-98bf-718ad9db78a7,genus,2f6829b5-cc5c-48cb-a84d-3e5a33035ff0,Bellamya,Animalia,Gastropoda,https://vvtaxatree.tbn.org.tw/taxa/a082dc4b-192c-40d1-98bf-718ad9db78a7
cfc2fc08-8f73-4339-93fd-a71260db5188,genus,b48ecf05-9982-435e-9a62-bb4ddf02c614,Belona,Animalia,Actinopteri,https://vvtaxatree.tbn.org.tw/taxa/cfc2fc08-8f73-4339-93fd-a71260db5188
3befdb9c-ce6f-461a-8d08-f4f22e5cc1c2,genus,b48ecf05-9982-435e-9a62-bb4ddf02c614,Belone,Animalia,Actinopteri,https://vvtaxatree.tbn.org.tw/taxa/3befdb9c-ce6f-461a-8d08-f4f22e5cc1c2
b9901125-6d6c-4185-9d91-e5731b857c3b,genus,b239b895-85df-4a75-97a9-ff51f56ad6ce,Bennaria,Animalia,Insecta,https://vvtaxatree.tbn.org.tw/taxa/b9901125-6d6c-4185-9d91-e5731b857c3b
5df3c10c-7681-4c92-be93-788587de9405,genus,b939ee73-fe53-43fb-804e-a27e99f96a85,Bentenia,Animalia,Actinopteri,https://vvtaxatree.tbn.org.tw/taxa/5df3c10c-7681-4c92-be93-788587de9405
3c184823-1394-44f7-a874-4fb9f2186dfc,genus,8ffe62d5-f649-4a6c-ac12-b4ce2cea621e,Benthesicymus,Animalia,Malacostraca,https://vvtaxatree.tbn.org.tw/taxa/3c184823-1394-44f7-a874-4fb9f2186dfc
4f5fd590-af23-497a-9335-98a477a6d9a2,genus,79f97af2-1e2f-4826-b8b5-810293da5e83,Benthoteuthis,Animalia,Cephalopoda,https://vvtaxatree.tbn.org.tw/taxa/4f5fd590-af23-497a-9335-98a477a6d9a2
105e0582-2f49-49b2-b357-5d33b54f3dd6,genus,92504495-67e8-42e8-bb76-26cd5b0826f2,Berresa,Animalia,Insecta,https://vvtaxatree.tbn.org.tw/taxa/105e0582-2f49-49b2-b357-5d33b54f3dd6
43da8f3c-4a9d-4c1f-a498-5135c4e2a262,genus,3d56fdfc-4117-44b7-8a03-48b0741e3efd,Betalbara,Animalia,Insecta,https://vvtaxatree.tbn.org.tw/taxa/43da8f3c-4a9d-4c1f-a498-5135c4e2a262
a5c871f1-7e77-4b1c-bb5f-76281b7b09bf,genus,40ac7762-c015-4bc6-a745-d15e5cd24cb8,Bhima,Animalia,Insecta,https://vvtaxatree.tbn.org.tw/taxa/a5c871f1-7e77-4b1c-bb5f-76281b7b09bf
51002139-73e2-4d50-a2d7-a4ee6b164f7e,genus,43d67542-d4a3-4166-8a49-9450530beca8,Bhuchanga,Animalia,Aves,https://vvtaxatree.tbn.org.tw/taxa/51002139-73e2-4d50-a2d7-a4ee6b164f7e
6cd3333e-db3e-4ffe-b085-61d8e54cf704,genus,287b9847-bff7-46a0-b500-34ef34d96692,Biloba,Animalia,Collembola,https://vvtaxatree.tbn.org.tw/taxa/6cd3333e-db3e-4ffe-b085-61d8e54cf704
228d4cea-3cf0-4421-82f0-4c6da66a810f,genus,fdeb18ab-db48-456a-b791-a53cbdff8b21,Bisadia,Animalia,Insecta,https://vvtaxatree.tbn.org.tw/taxa/228d4cea-3cf0-4421-82f0-4c6da66a810f
5bfa92f1-4c10-4fc7-8227-7496bf644412,genus,f1b3fb3e-7241-4db8-82ba-eb47c663330e,Bithia,Animalia,Insecta,https://vvtaxatree.tbn.org.tw/taxa/5bfa92f1-4c10-4fc7-8227-7496bf644412
9e8602c2-78dc-4e9d-9d62-91dfca2f9484,genus,00ba932c-6b0d-4e1c-bba3-07cbf0f8b47f,Bithiasa,Animalia,Insecta,https://vvtaxatree.tbn.org.tw/taxa/9e8602c2-78dc-4e9d-9d62-91dfca2f9484
23a28d00-7866-4779-8bee-9160bef70686,genus,c19fbadb-9b19-4d8c-b1e9-f36d183e974f,Bithinia,Animalia,Gastropoda,https://vvtaxatree.tbn.org.tw/taxa/23a28d00-7866-4779-8bee-9160bef70686
0d9faa49-fe22-4bf2-85e1-791a3c024303,genus,00ba932c-6b0d-4e1c-bba3-07cbf0f8b47f,Bizone,Animalia,Insecta,https://vvtaxatree.tbn.org.tw/taxa/0d9faa49-fe22-4bf2-85e1-791a3c024303
eeea1f9e-37a3-42e9-8bdc-c19a329b9a99,genus,b46e2590-2a29-4a8d-9d66-595289d321eb,Blatta,Animalia,Insecta,https://vvtaxatree.tbn.org.tw/taxa/eeea1f9e-37a3-42e9-8bdc-c19a329b9a99
7deb9bbf-2556-4399-bc05-c5236903cfad,genus,808d6d5a-ad2c-44c5-aaea-781797a6be0b,Lamproblatta,Animalia,Insecta,https://vvtaxatree.tbn.org.tw/taxa/7deb9bbf-2556-4399-bc05-c5236903cfad
a2bdd555-020f-4a83-b01c-14453acfc8ed,genus,262ae9aa-a984-4f03-aba9-7a8a6e4914c2,Maraca,Animalia,Insecta,https://vvtaxatree.tbn.org.tw/taxa/a2bdd555-020f-4a83-b01c-14453acfc8ed
b08e99f6-e996-459f-a793-e49e626a5df4,genus,808d6d5a-ad2c-44c5-aaea-781797a6be0b,Lamproglandifera,Animalia,Insecta,https://vvtaxatree.tbn.org.tw/taxa/b08e99f6-e996-459f-a793-e49e626a5df4
e7b8d44e-0eb8-42d6-8133-d37b5a31c82b,genus,808d6d5a-ad2c-44c5-aaea-781797a6be0b,Eurycanthablatta,Animalia,Insecta,https://vvtaxatree.tbn.org.tw/taxa/e7b8d44e-0eb8-42d6-8133-d37b5a31c82b
69191010-e8d2-42f8-bbf7-888ba17c3474,genus,f7426c9b-3bf8-44d7-af33-785f29b39467,Tryonicus,Animalia,Insecta,https://vvtaxatree.tbn.org.tw/taxa/69191010-e8d2-42f8-bbf7-888ba17c3474
f1926c22-b7f2-46ef-8fc8-88f3f5a1434e,genus,f7426c9b-3bf8-44d7-af33-785f29b39467,Lauraesilpha,Animalia,Insecta,https://vvtaxatree.tbn.org.tw/taxa/f1926c22-b7f2-46ef-8fc8-88f3f5a1434e
1e2803f9-5abe-48a3-976f-253ca01eb174,genus,b46e2590-2a29-4a8d-9d66-595289d321eb,Deropeltis,Animalia,Insecta,https://vvtaxatree.tbn.org.tw/taxa/1e2803f9-5abe-48a3-976f-253ca01eb174
a03e32fb-0b93-4b7a-baa5-1783364eb9db,genus,b46e2590-2a29-4a8d-9d66-595289d321eb,Eroblatta,Animalia,Insecta,https://vvtaxatree.tbn.org.tw/taxa/a03e32fb-0b93-4b7a-baa5-1783364eb9db
fded286e-b6d7-4a75-b84a-766bbddb4ba6,genus,b46e2590-2a29-4a8d-9d66-595289d321eb,Henicotyle,Animalia,Insecta,https://vvtaxatree.tbn.org.tw/taxa/fded286e-b6d7-4a75-b84a-766bbddb4ba6
a8ba6f57-2b84-407c-bb44-908e80e4ce69,genus,b46e2590-2a29-4a8d-9d66-595289d321eb,Protagonista,Animalia,Insecta,https://vvtaxatree.tbn.org.tw/taxa/a8ba6f57-2b84-407c-bb44-908e80e4ce69
051efc38-ca1f-418a-82cf-0acec4bca178,genus,b46e2590-2a29-4a8d-9d66-595289d321eb,Pseudoderopeltis,Animalia,Insecta,https://vvtaxatree.tbn.org.tw/taxa/051efc38-ca1f-418a-82cf-0acec4bca178
de080e57-c6fe-48d9-a116-0bd3e3a950e8,genus,e1898919-4d03-46e9-9871-81466a340f12,Distylopyga,Animalia,Insecta,https://vvtaxatree.tbn.org.tw/taxa/de080e57-c6fe-48d9-a116-0bd3e3a950e8
28771a4d-cb23-4cb7-b59c-e2ce36924ca7,genus,e1898919-4d03-46e9-9871-81466a340f12,Duchailluia,Animalia,Insecta,https://vvtaxatree.tbn.org.tw/taxa/28771a4d-cb23-4cb7-b59c-e2ce36924ca7
614ce8b9-39ae-48b7-ba65-f54cdb1c67e4,genus,b46e2590-2a29-4a8d-9d66-595289d321eb,Archiblatta,Animalia,Insecta,https://vvtaxatree.tbn.org.tw/taxa/614ce8b9-39ae-48b7-ba65-f54cdb1c67e4
ede000d0-9f32-4d1f-b25a-49f190de70e4,genus,b46e2590-2a29-4a8d-9d66-595289d321eb,Catara,Animalia,Insecta,https://vvtaxatree.tbn.org.tw/taxa/ede000d0-9f32-4d1f-b25a-49f190de70e4
7378a0a8-4ec3-4474-a6b9-29b65b69f0f7,genus,1fe5b737-13f4-49ee-a9ec-b06051e2a82a,Celatoblatta,Animalia,Insecta,https://vvtaxatree.tbn.org.tw/taxa/7378a0a8-4ec3-4474-a6b9-29b65b69f0f7
1aeaa9fe-4b56-4665-82ba-896536b5f3c2,genus,e94ba504-3d20-416b-85af-e13889591883,Anamesia,Animalia,Insecta,https://vvtaxatree.tbn.org.tw/taxa/1aeaa9fe-4b56-4665-82ba-896536b5f3c2
efc1ae8a-19eb-4caa-a11a-b87277bbfea9,genus,e94ba504-3d20-416b-85af-e13889591883,Cosmozosteria,Animalia,Insecta,https://vvtaxatree.tbn.org.tw/taxa/efc1ae8a-19eb-4caa-a11a-b87277bbfea9
8c8bc731-a0c2-4e1c-83e2-6bfc650d82ac,genus,e94ba504-3d20-416b-85af-e13889591883,Desmozosteria,Animalia,Insecta,https://vvtaxatree.tbn.org.tw/taxa/8c8bc731-a0c2-4e1c-83e2-6bfc650d82ac
2e55b73f-0f22-4769-a41e-9ac5286dd509,genus,e94ba504-3d20-416b-85af-e13889591883,Eppertia,Animalia,Insecta,https://vvtaxatree.tbn.org.tw/taxa/2e55b73f-0f22-4769-a41e-9ac5286dd509
7833ca58-4923-4607-8f02-dd33e2416c60,genus,e94ba504-3d20-416b-85af-e13889591883,Euzosteria,Animalia,Insecta,https://vvtaxatree.tbn.org.tw/taxa/7833ca58-4923-4607-8f02-dd33e2416c60
aeabb60d-3402-42a3-8046-ac1ccaa892d9,genus,e94ba504-3d20-416b-85af-e13889591883,Leptozosteria,Animalia,Insecta,https://vvtaxatree.tbn.org.tw/taxa/aeabb60d-3402-42a3-8046-ac1ccaa892d9
6a67575a-c8e3-465d-a0a8-5737774f6348,genus,e94ba504-3d20-416b-85af-e13889591883,Maoriblatta,Animalia,Insecta,https://vvtaxatree.tbn.org.tw/taxa/6a67575a-c8e3-465d-a0a8-5737774f6348
04aa9fd6-c847-41a3-bdb0-c33847e3429b,genus,e94ba504-3d20-416b-85af-e13889591883,Megazosteria,Animalia,Insecta,https://vvtaxatree.tbn.org.tw/taxa/04aa9fd6-c847-41a3-bdb0-c33847e3429b
85d7b88d-2fbe-4043-9353-3b85c3b6e74b,genus,e94ba504-3d20-416b-85af-e13889591883,Pseudolampra,Animalia,Insecta,https://vvtaxatree.tbn.org.tw/taxa/85d7b88d-2fbe-4043-9353-3b85c3b6e74b
091fc511-a789-46b2-b135-d03a81fb4926,genus,e94ba504-3d20-416b-85af-e13889591883,Zonioploca,Animalia,Insecta,https://vvtaxatree.tbn.org.tw/taxa/091fc511-a789-46b2-b135-d03a81fb4926
c01f91ea-3a95-4f1a-af88-666672c5f179,genus,4efbc829-e6eb-475c-9e81-57a0bd68006e,Drymaplaneta,Animalia,Insecta,https://vvtaxatree.tbn.org.tw/taxa/c01f91ea-3a95-4f1a-af88-666672c5f179
ec0f32dd-5c3a-4d22-bd10-757e0c418874,genus,4efbc829-e6eb-475c-9e81-57a0bd68006e,Macrocerca,Animalia,Insecta,https://vvtaxatree.tbn.org.tw/taxa/ec0f32dd-5c3a-4d22-bd10-757e0c418874
5023fb4b-8959-495d-8446-0ff61db1c91a,genus,613c20b8-e4b3-421c-ae31-2c461998ae32,Angustonicus,Animalia,Insecta,https://vvtaxatree.tbn.org.tw/taxa/5023fb4b-8959-495d-8446-0ff61db1c91a
bf86ffab-600c-4274-96b3-d910ddc40dfb,genus,613c20b8-e4b3-421c-ae31-2c461998ae32,Pallidionicus,Animalia,Insecta,https://vvtaxatree.tbn.org.tw/taxa/bf86ffab-600c-4274-96b3-d910ddc40dfb
5286290e-e46b-4c6a-9653-fcb7eb44c74e,genus,613c20b8-e4b3-421c-ae31-2c461998ae32,Pellucidonicus,Animalia,Insecta,https://vvtaxatree.tbn.org.tw/taxa/5286290e-e46b-4c6a-9653-fcb7eb44c74e
6b23dfde-a95c-4cf1-aa67-80e3b6b6ab2f,genus,613c20b8-e4b3-421c-ae31-2c461998ae32,Punctulonicus,Animalia,Insecta,https://vvtaxatree.tbn.org.tw/taxa/6b23dfde-a95c-4cf1-aa67-80e3b6b6ab2f
44073b83-60f0-41fc-847d-06795b46f6b7,genus,613c20b8-e4b3-421c-ae31-2c461998ae32,Rothisilpha,Animalia,Insecta,https://vvtaxatree.tbn.org.tw/taxa/44073b83-60f0-41fc-847d-06795b46f6b7
a796d598-64c2-45e1-bee0-909820807223,genus,bab219af-6d22-4f4e-8a4d-cfccf2c536f0,Eurycotis,Animalia,Insecta,https://vvtaxatree.tbn.org.tw/taxa/a796d598-64c2-45e1-bee0-909820807223
e305709c-daf3-4cc3-9e01-276d71183cd3,genus,bab219af-6d22-4f4e-8a4d-cfccf2c536f0,Pelmatosilpha,Animalia,Insecta,https://vvtaxatree.tbn.org.tw/taxa/e305709c-daf3-4cc3-9e01-276d71183cd3
154f8f7a-e62a-46b2-b2e6-106c5dd53027,genus,e7d2f286-e7f1-49f7-a1b2-99f7c40a3a45,Abavorana,Animalia,Amphibia,https://vvtaxatree.tbn.org.tw/taxa/154f8f7a-e62a-46b2-b2e6-106c5dd53027
3113b192-8d0a-4e21-a5f1-2e6d33441b45,genus,e7d2f286-e7f1-49f7-a1b2-99f7c40a3a45,Amnirana,Animalia,Amphibia,https://vvtaxatree.tbn.org.tw/taxa/3113b192-8d0a-4e21-a5f1-2e6d33441b45
0db9e8a4-36bd-4593-abd8-e266d41d6bc2,genus,e7d2f286-e7f1-49f7-a1b2-99f7c40a3a45,Humerana,Animalia,Amphibia,https://vvtaxatree.tbn.org.tw/taxa/0db9e8a4-36bd-4593-abd8-e266d41d6bc2
2728c3c3-faee-464e-95e6-eb7383afad24,genus,e7d2f286-e7f1-49f7-a1b2-99f7c40a3a45,Hydrophylax,Animalia,Amphibia,https://vvtaxatree.tbn.org.tw/taxa/2728c3c3-faee-464e-95e6-eb7383afad24
bb70be12-ab39-4440-b81c-b07b0587786d,genus,e7d2f286-e7f1-49f7-a1b2-99f7c40a3a45,Indosylvirana,Animalia,Amphibia,https://vvtaxatree.tbn.org.tw/taxa/bb70be12-ab39-4440-b81c-b07b0587786d
bea6ff45-a659-4f4e-a25d-15513b962b8a,genus,e7d2f286-e7f1-49f7-a1b2-99f7c40a3a45,Papurana,Animalia,Amphibia,https://vvtaxatree.tbn.org.tw/taxa/bea6ff45-a659-4f4e-a25d-15513b962b8a
a9812fd1-5bdc-473d-aedf-9af8a234636e,genus,e7d2f286-e7f1-49f7-a1b2-99f7c40a3a45,Pulchrana,Animalia,Amphibia,https://vvtaxatree.tbn.org.tw/taxa/a9812fd1-5bdc-473d-aedf-9af8a234636e
311c1494-9983-411c-8f4b-b1a8fafcad4f,genus,425f4317-eb02-49d1-a2c0-716ff4b77963,Doda,Animalia,Insecta,https://vvtaxatree.tbn.org.tw/taxa/311c1494-9983-411c-8f4b-b1a8fafcad4f
7e9a7686-5009-4b6c-9b74-0f8ba16a299c,genus,3516f68b-bccf-47f6-ba0a-f11f4bfce1e1,Homa,Animalia,Insecta,https://vvtaxatree.tbn.org.tw/taxa/7e9a7686-5009-4b6c-9b74-0f8ba16a299c
10864e2d-e099-44ca-9a15-234a7e36be90,genus,21f633ea-8006-40eb-90f2-17fe4a716f33,Amritodus,Animalia,Insecta,https://vvtaxatree.tbn.org.tw/taxa/10864e2d-e099-44ca-9a15-234a7e36be90
bb78d46a-8ff5-46d8-9dab-3e93c467b64a,genus,b0e0baa3-ab64-4d1a-b095-687c5fdbcd70,Polyphaga,Animalia,Insecta,https://vvtaxatree.tbn.org.tw/taxa/bb78d46a-8ff5-46d8-9dab-3e93c467b64a
d5d33d22-20f1-41cb-a3f2-0df5e24d03c9,genus,b0e0baa3-ab64-4d1a-b095-687c5fdbcd70,Eupolyphaga,Animalia,Insecta,https://vvtaxatree.tbn.org.tw/taxa/d5d33d22-20f1-41cb-a3f2-0df5e24d03c9
ac2f99b5-482a-4873-9012-3a10d69df904,genus,6dd5d071-0507-4971-a5db-3fe69d84dcdf,Ergaula,Animalia,Insecta,https://vvtaxatree.tbn.org.tw/taxa/ac2f99b5-482a-4873-9012-3a10d69df904
af56d7d1-8c94-4636-8955-559ad0607082,genus,eb642df4-9b9b-41e4-af0f-f3f17e198e8a,Sinolatindia,Animalia,Insecta,https://vvtaxatree.tbn.org.tw/taxa/af56d7d1-8c94-4636-8955-559ad0607082
3970cc14-ca8b-427d-9e3b-729671a0dc35,genus,72d6ca6b-91e9-40d9-870e-6b5c91d09a27,Tivia,Animalia,Insecta,https://vvtaxatree.tbn.org.tw/taxa/3970cc14-ca8b-427d-9e3b-729671a0dc35
4b90b474-fa1f-46b6-b024-431b7a2787f8,genus,a226cd20-77fd-4cd1-b00b-0a66b8787a90,Ctenoneura,Animalia,Insecta,https://vvtaxatree.tbn.org.tw/taxa/4b90b474-fa1f-46b6-b024-431b7a2787f8
afffc812-085b-41ec-8577-4ef8b369328e,genus,a745870d-9400-4fef-9962-3ba6d5232938,Anaplectoidea,Animalia,Insecta,https://vvtaxatree.tbn.org.tw/taxa/afffc812-085b-41ec-8577-4ef8b369328e
f49f727b-0c76-4429-bbe9-9795e34b632b,genus,a745870d-9400-4fef-9962-3ba6d5232938,Malaccina,Animalia,Insecta,https://vvtaxatree.tbn.org.tw/taxa/f49f727b-0c76-4429-bbe9-9795e34b632b
920c6886-ae3b-42ab-a56d-73551d398736,genus,72e5ab4d-d338-4c04-83ae-7d06cfa7e401,Rhabdoblattella,Animalia,Insecta,https://vvtaxatree.tbn.org.tw/taxa/920c6886-ae3b-42ab-a56d-73551d398736
0b3fc003-f299-4196-a4d3-a188545537bd,genus,2b40b160-f3e0-489f-b3ee-a7a815bbb01a,Calolamprodes,Animalia,Insecta,https://vvtaxatree.tbn.org.tw/taxa/0b3fc003-f299-4196-a4d3-a188545537bd
07af9abc-69e0-4f50-a329-7ac79d66bd50,genus,da78c871-28ad-47ca-b119-cd5c45c7b91c,Cristidorsa,Animalia,Reptilia,https://vvtaxatree.tbn.org.tw/taxa/07af9abc-69e0-4f50-a329-7ac79d66bd50
9e6990a4-eafa-4c17-9bd3-382e17a1bc39,genus,da78c871-28ad-47ca-b119-cd5c45c7b91c,Pseudocalotes,Animalia,Reptilia,https://vvtaxatree.tbn.org.tw/taxa/9e6990a4-eafa-4c17-9bd3-382e17a1bc39
098df515-998b-4cc3-918f-18443cebf554,genus,b9ea6bea-29fb-4b03-90aa-b566838225a1,Lucanobium,Animalia,Insecta,https://vvtaxatree.tbn.org.tw/taxa/098df515-998b-4cc3-918f-18443cebf554
f4506484-90fd-411b-9ba4-683aadfa9286,genus,1cfacc08-9819-41d4-8ca6-6f1e2fcf3574,Sinodendron,Animalia,Insecta,https://vvtaxatree.tbn.org.tw/taxa/f4506484-90fd-411b-9ba4-683aadfa9286
d30ada1c-6d48-489a-afa6-4a1f7eee4c24,genus,74c136ac-b80a-4cd7-aaf5-abbe96f168f5,Ceruchus,Animalia,Insecta,https://vvtaxatree.tbn.org.tw/taxa/d30ada1c-6d48-489a-afa6-4a1f7eee4c24
1af9043b-3704-440c-b3ff-7153b3dd4c87,genus,9bb438bd-d17f-485d-90f6-d0ab0fbdcb08,Platycerus,Animalia,Insecta,https://vvtaxatree.tbn.org.tw/taxa/1af9043b-3704-440c-b3ff-7153b3dd4c87
8af2484b-b656-4633-8b7c-96a262a9ec58,genus,eaa8db0e-48ab-4343-98e8-e19cb45ac8df,Noseolucanus,Animalia,Insecta,https://vvtaxatree.tbn.org.tw/taxa/8af2484b-b656-4633-8b7c-96a262a9ec58
3ec162b7-6a50-4474-9bf4-ac27dbc6cbb4,genus,caca9a98-bdfb-4376-87ac-696dd54c9713,Aegotypus,Animalia,Insecta,https://vvtaxatree.tbn.org.tw/taxa/3ec162b7-6a50-4474-9bf4-ac27dbc6cbb4
08ba1fc5-a192-4363-af08-99a0cbcc30de,genus,caca9a98-bdfb-4376-87ac-696dd54c9713,Irianoaegus,Animalia,Insecta,https://vvtaxatree.tbn.org.tw/taxa/08ba1fc5-a192-4363-af08-99a0cbcc30de
a69a250a-1530-4d5d-b655-4814b5be7451,genus,caca9a98-bdfb-4376-87ac-696dd54c9713,Bartolozziolucanus,Animalia,Insecta,https://vvtaxatree.tbn.org.tw/taxa/a69a250a-1530-4d5d-b655-4814b5be7451
407e825e-5c97-47c8-9373-349abfa57318,genus,902da8cf-d466-45d2-af3d-4b4f3effc26c,Capreolucanus,Animalia,Insecta,https://vvtaxatree.tbn.org.tw/taxa/407e825e-5c97-47c8-9373-349abfa57318
53ea7cd4-c4a9-49e8-b4e1-2eb4df918260,genus,902da8cf-d466-45d2-af3d-4b4f3effc26c,Katsuraius,Animalia,Insecta,https://vvtaxatree.tbn.org.tw/taxa/53ea7cd4-c4a9-49e8-b4e1-2eb4df918260
2bff0ce5-c2e7-4b67-b9a4-6daa2500e099,genus,0650c12c-a038-4b9f-9d62-a558e10a68c3,Eolucanus,Animalia,Insecta,https://vvtaxatree.tbn.org.tw/taxa/2bff0ce5-c2e7-4b67-b9a4-6daa2500e099
8004f1da-9de9-4d66-a62d-cc8e5bbe81bb,genus,7b2fa5c2-8e15-4b46-a15a-daeb0abff74f,Kirchnerius,Animalia,Insecta,https://vvtaxatree.tbn.org.tw/taxa/8004f1da-9de9-4d66-a62d-cc8e5bbe81bb
81c5dbe5-f110-4c62-8563-a165987abbac,genus,7b2fa5c2-8e15-4b46-a15a-daeb0abff74f,Epidorcus,Animalia,Insecta,https://vvtaxatree.tbn.org.tw/taxa/81c5dbe5-f110-4c62-8563-a165987abbac
61aeacbb-10d9-4af6-88cb-57d4a00f11a6,genus,7b2fa5c2-8e15-4b46-a15a-daeb0abff74f,Hexarthrius,Animalia,Insecta,https://vvtaxatree.tbn.org.tw/taxa/61aeacbb-10d9-4af6-88cb-57d4a00f11a6
c5872e33-cbd2-4c24-944e-b10ae2e0d3fa,genus,7b2fa5c2-8e15-4b46-a15a-daeb0abff74f,Rhaetus,Animalia,Insecta,https://vvtaxatree.tbn.org.tw/taxa/c5872e33-cbd2-4c24-944e-b10ae2e0d3fa
841e308e-e755-4f28-ba46-5c4c91f71d3e,genus,7b2fa5c2-8e15-4b46-a15a-daeb0abff74f,Aulacostethus,Animalia,Insecta,https://vvtaxatree.tbn.org.tw/taxa/841e308e-e755-4f28-ba46-5c4c91f71d3e
b04ff204-8d9a-4611-b645-2f982d08e166,genus,9b47c86a-e7c4-4ebb-a638-490b2c025209,Paracoelotes,Animalia,Arachnida,https://vvtaxatree.tbn.org.tw/taxa/b04ff204-8d9a-4611-b645-2f982d08e166
96427399-271d-4431-bf04-0886161ca439,genus,4ada0abc-81f0-4b3e-a0b6-fa9cb9dc44db,Ixos,Animalia,Aves,https://vvtaxatree.tbn.org.tw/taxa/96427399-271d-4431-bf04-0886161ca439
be272074-69ad-418c-a62d-5a1bcc0571c3,genus,a03878be-05f5-4943-bc94-01f81a3ce598,Paradoxornis,Animalia,Aves,https://vvtaxatree.tbn.org.tw/taxa/be272074-69ad-418c-a62d-5a1bcc0571c3
5a65bb42-a5e6-4366-9247-a446006819ca,genus,dcb353a4-767c-482c-a3c5-2d7a87d7028a,Ramphiculus,Animalia,Aves,https://vvtaxatree.tbn.org.tw/taxa/5a65bb42-a5e6-4366-9247-a446006819ca
d8ea8e54-38f6-4c9a-9798-38bc421e590b,genus,ef27ce90-7922-4b3b-ad59-f7d4b23a45c7,Lupparia,Animalia,Insecta,https://vvtaxatree.tbn.org.tw/taxa/d8ea8e54-38f6-4c9a-9798-38bc421e590b
27f90853-ca30-4378-9654-688ba9974e02,genus,d7478239-23fd-4101-ba1f-bbb642f014fa,Bradypterus,Animalia,Aves,https://vvtaxatree.tbn.org.tw/taxa/27f90853-ca30-4378-9654-688ba9974e02
d4bdf989-c63d-4bd7-8645-4d5497a2296b,genus,5b442abf-2521-498c-a415-ed21ada63512,Macrotermes,Animalia,Insecta,https://vvtaxatree.tbn.org.tw/taxa/d4bdf989-c63d-4bd7-8645-4d5497a2296b
39f51f51-5e9a-4a2d-972e-eceeab1c89cc,genus,a0b8bca5-a3eb-4d54-9daa-28eee724d914,Heterotermes,Animalia,Insecta,https://vvtaxatree.tbn.org.tw/taxa/39f51f51-5e9a-4a2d-972e-eceeab1c89cc
3f6c427a-a62c-4f43-bb15-b2ba844b9283,genus,33e6b616-3ec0-4960-a6c4-ce6487556332,Schedorhinotermes,Animalia,Insecta,https://vvtaxatree.tbn.org.tw/taxa/3f6c427a-a62c-4f43-bb15-b2ba844b9283
8db348c1-d6ed-4660-8371-e833d76786df,genus,54d39266-41b4-493c-9b10-30e112afacd3,Archotermopsis,Animalia,Insecta,https://vvtaxatree.tbn.org.tw/taxa/8db348c1-d6ed-4660-8371-e833d76786df
eae992a6-640e-4997-990b-d46b9cb016b2,genus,54d39266-41b4-493c-9b10-30e112afacd3,Zootermopsis,Animalia,Insecta,https://vvtaxatree.tbn.org.tw/taxa/eae992a6-640e-4997-990b-d46b9cb016b2
23f5c531-3f27-4643-8cb7-a8e74d2cea51,genus,5853a961-6696-41b2-ba86-97f0dcf4b8e6,Trigonoda,Animalia,Insecta,https://vvtaxatree.tbn.org.tw/taxa/23f5c531-3f27-4643-8cb7-a8e74d2cea51
9a98d309-ab04-40dc-9a40-7db4121ae7b0,genus,9d228a76-fd2e-4297-a14d-b45582748974,Aphonoides,Animalia,Insecta,https://vvtaxatree.tbn.org.tw/taxa/9a98d309-ab04-40dc-9a40-7db4121ae7b0
e98dbd46-a374-4621-9eb9-b69046c7ec39,genus,d03a4d7f-538f-44f5-b76f-3591442534aa,Pseudorhodeus,Animalia,Actinopteri,https://vvtaxatree.tbn.org.tw/taxa/e98dbd46-a374-4621-9eb9-b69046c7ec39
58735ac0-8bb1-433f-a21e-478cf251f6b4,genus,51658d7c-9356-49ad-8f6c-b02b2c0f4f67,Kelawakaju,Animalia,Arachnida,https://vvtaxatree.tbn.org.tw/taxa/58735ac0-8bb1-433f-a21e-478cf251f6b4
07b5d6e3-3787-4c12-89e6-ce012d69d206,genus,7dbfaf30-6e38-43c8-8942-e2e2d3cb1580,Gielisella,Animalia,Insecta,https://vvtaxatree.tbn.org.tw/taxa/07b5d6e3-3787-4c12-89e6-ce012d69d206
acfb9655-395c-43a8-a5e1-c650628b45f3,genus,d8680a8a-65e0-4874-bca8-44d9d455e8f9,Tigripleura,Animalia,Insecta,https://vvtaxatree.tbn.org.tw/taxa/acfb9655-395c-43a8-a5e1-c650628b45f3
f271f695-221e-48e7-ac4b-4edefebad787,genus,d8680a8a-65e0-4874-bca8-44d9d455e8f9,Neoplatypleura,Animalia,Insecta,https://vvtaxatree.tbn.org.tw/taxa/f271f695-221e-48e7-ac4b-4edefebad787
038b93c2-2fa0-400a-887d-ac028663c57e,genus,89e557c5-bdbe-47e4-b094-2f0f1bf6bd1d,Amplidrupa,Animalia,Gastropoda,https://vvtaxatree.tbn.org.tw/taxa/038b93c2-2fa0-400a-887d-ac028663c57e
c0151e59-4963-41b5-836c-1523833d9ebd,genus,d7bb158f-7479-4b19-8b6f-055387c6dd89,Miltogramma,Animalia,Insecta,https://vvtaxatree.tbn.org.tw/taxa/c0151e59-4963-41b5-836c-1523833d9ebd
4766e20f-6ca0-4b71-aa4c-9a1136a7a975,genus,2afc389d-f899-4395-9388-7fd189cc2159,Hoplacephala,Animalia,Insecta,https://vvtaxatree.tbn.org.tw/taxa/4766e20f-6ca0-4b71-aa4c-9a1136a7a975
72748cbd-162e-4bee-9656-903839bb94d3,genus,7b64e20c-d9ce-4f1d-bb50-5073552b86d8,Phallantha,Animalia,Insecta,https://vvtaxatree.tbn.org.tw/taxa/72748cbd-162e-4bee-9656-903839bb94d3
4ed6508b-6b7b-4300-836c-959379fea214,genus,7b64e20c-d9ce-4f1d-bb50-5073552b86d8,Sinonipponia,Animalia,Insecta,https://vvtaxatree.tbn.org.tw/taxa/4ed6508b-6b7b-4300-836c-959379fea214
db288f61-2298-4918-9930-24175d26dc03,genus,3f655a6d-1f9f-45ad-8599-ebf0f0ef0f0a,Hippocamelus,Animalia,Mammalia,https://vvtaxatree.tbn.org.tw/taxa/db288f61-2298-4918-9930-24175d26dc03
11ac9de7-601b-46e9-868b-934dea5a49b0,genus,ae2c9474-22c6-4674-9eca-f9f821343197,Moschus,Animalia,Mammalia,https://vvtaxatree.tbn.org.tw/taxa/11ac9de7-601b-46e9-868b-934dea5a49b0
a7a19491-15e6-4b91-b8a0-a1b5c91515f4,genus,34cc4dd7-12fe-4c54-8a44-1c7ed9fe179a,Bettongia,Animalia,Mammalia,https://vvtaxatree.tbn.org.tw/taxa/a7a19491-15e6-4b91-b8a0-a1b5c91515f4
5bb8a434-47ba-4000-94e9-bbe1316e1f5b,genus,5afaa0a6-9a42-41ea-aec8-875298537eb8,Zaglossus,Animalia,Mammalia,https://vvtaxatree.tbn.org.tw/taxa/5bb8a434-47ba-4000-94e9-bbe1316e1f5b
7e9fc5c9-64d9-4c1c-b905-12f09fa06c2b,genus,5fd2eebc-9c12-4c06-9ead-57db09f9e668,Leontopithecus,Animalia,Mammalia,https://vvtaxatree.tbn.org.tw/taxa/7e9fc5c9-64d9-4c1c-b905-12f09fa06c2b
1b86abe7-2079-4194-b340-36a98cf9b57f,genus,19353a07-66b7-4245-92eb-db8187c47786,Pygathrix,Animalia,Mammalia,https://vvtaxatree.tbn.org.tw/taxa/1b86abe7-2079-4194-b340-36a98cf9b57f
02093a25-9476-4875-8b69-b43e3dd5e954,genus,19353a07-66b7-4245-92eb-db8187c47786,Rhinopithecus,Animalia,Mammalia,https://vvtaxatree.tbn.org.tw/taxa/02093a25-9476-4875-8b69-b43e3dd5e954
4af29ac9-c7c4-46fc-8f6e-bd10bee2b27f,genus,8056c47b-3b0e-459c-a5c9-583df44e31a0,Pan,Animalia,Mammalia,https://vvtaxatree.tbn.org.tw/taxa/4af29ac9-c7c4-46fc-8f6e-bd10bee2b27f
d06e8ac5-7f44-49ab-95c6-d2aa02dadbdb,genus,cea634fe-e8e7-4414-81ad-cfea7b460245,Nycticebus,Animalia,Mammalia,https://vvtaxatree.tbn.org.tw/taxa/d06e8ac5-7f44-49ab-95c6-d2aa02dadbdb
cf86e520-230c-427c-9e29-3f719119aaf6,genus,99bb7d13-6885-4b81-b6be-ffe204023330,Cacajao,Animalia,Mammalia,https://vvtaxatree.tbn.org.tw/taxa/cf86e520-230c-427c-9e29-3f719119aaf6
245f3669-b459-4139-b101-cfb3e66a8358,genus,9507c5ea-fd1d-4100-b614-cb68b0968047,Chinchilla,Animalia,Mammalia,https://vvtaxatree.tbn.org.tw/taxa/245f3669-b459-4139-b101-cfb3e66a8358
39c1ec74-6387-409f-8014-af994a76c3bd,genus,fb0fc5fd-93f4-4457-adcd-5223f484bc79,Ratufa,Animalia,Mammalia,https://vvtaxatree.tbn.org.tw/taxa/39c1ec74-6387-409f-8014-af994a76c3bd
7358b438-6e5a-4a49-b49c-3c45a5fbfd05,genus,dcb353a4-767c-482c-a3c5-2d7a87d7028a,Goura,Animalia,Aves,https://vvtaxatree.tbn.org.tw/taxa/7358b438-6e5a-4a49-b49c-3c45a5fbfd05
6810f66c-1566-46d6-9e23-4292f18e5cb4,genus,572509e2-3f35-47c3-bc08-c6cd86974d50,Anorrhinus,Animalia,Aves,https://vvtaxatree.tbn.org.tw/taxa/6810f66c-1566-46d6-9e23-4292f18e5cb4
cb191663-90ea-410a-a78a-5a01d9a23222,genus,572509e2-3f35-47c3-bc08-c6cd86974d50,Berenicornis,Animalia,Aves,https://vvtaxatree.tbn.org.tw/taxa/cb191663-90ea-410a-a78a-5a01d9a23222
6829bbea-d3a0-4b7a-8d4f-d0f2ea04ec85,genus,61fb8a8f-7059-4ebb-971c-69a8f6c3f397,Tauraco,Animalia,Aves,https://vvtaxatree.tbn.org.tw/taxa/6829bbea-d3a0-4b7a-8d4f-d0f2ea04ec85
452a5e02-d075-45d6-988f-719dce0d6a00,genus,e26695ca-4b61-4303-8cba-791e1ade725a,Rupicola,Animalia,Aves,https://vvtaxatree.tbn.org.tw/taxa/452a5e02-d075-45d6-988f-719dce0d6a00
2593ff48-84cb-4d2f-86f3-96883c42c2f7,genus,56358b82-9247-4627-a611-2558cf3a291b,Anodorhynchus,Animalia,Aves,https://vvtaxatree.tbn.org.tw/taxa/2593ff48-84cb-4d2f-86f3-96883c42c2f7
0fb9e715-8f10-4665-bd49-a5563fdb9f14,genus,56358b82-9247-4627-a611-2558cf3a291b,Rhynchopsitta,Animalia,Aves,https://vvtaxatree.tbn.org.tw/taxa/0fb9e715-8f10-4665-bd49-a5563fdb9f14
440fced7-59a2-475b-a05c-3943efffc703,genus,b0936dbc-0af4-4dbc-84bb-b7e13f0e254d,Sphenodon,Animalia,Reptilia,https://vvtaxatree.tbn.org.tw/taxa/440fced7-59a2-475b-a05c-3943efffc703
a59124c1-c92d-4d98-9d73-18d58349c86e,genus,1f0bd50d-62f7-4acf-9ffb-a27033a9378f,Archaius,Animalia,Reptilia,https://vvtaxatree.tbn.org.tw/taxa/a59124c1-c92d-4d98-9d73-18d58349c86e
4e50a4d3-f384-4eb9-ae25-c1173c650572,genus,1f0bd50d-62f7-4acf-9ffb-a27033a9378f,Bradypodion,Animalia,Reptilia,https://vvtaxatree.tbn.org.tw/taxa/4e50a4d3-f384-4eb9-ae25-c1173c650572
418bfa60-a609-4500-b912-0ab484ddd4fe,genus,1f0bd50d-62f7-4acf-9ffb-a27033a9378f,Calumma,Animalia,Reptilia,https://vvtaxatree.tbn.org.tw/taxa/418bfa60-a609-4500-b912-0ab484ddd4fe
78906d08-e86f-4ea9-9f01-6175cd815eae,genus,1f0bd50d-62f7-4acf-9ffb-a27033a9378f,Furcifer,Animalia,Reptilia,https://vvtaxatree.tbn.org.tw/taxa/78906d08-e86f-4ea9-9f01-6175cd815eae
485e00bd-a844-476c-8ed0-9c33c3724929,genus,1f0bd50d-62f7-4acf-9ffb-a27033a9378f,Kinyongia,Animalia,Reptilia,https://vvtaxatree.tbn.org.tw/taxa/485e00bd-a844-476c-8ed0-9c33c3724929
96a1e1cd-a533-4faa-9383-b60e6213b216,genus,1f0bd50d-62f7-4acf-9ffb-a27033a9378f,Nadzikambia,Animalia,Reptilia,https://vvtaxatree.tbn.org.tw/taxa/96a1e1cd-a533-4faa-9383-b60e6213b216
e95dca6a-9ec6-415e-a8ea-065823a4f262,genus,1f0bd50d-62f7-4acf-9ffb-a27033a9378f,Trioceros,Animalia,Reptilia,https://vvtaxatree.tbn.org.tw/taxa/e95dca6a-9ec6-415e-a8ea-065823a4f262
9cd32415-c8db-45c5-8658-3da0837eabe3,genus,206de7cc-c0f8-4efe-acbb-90fbb1713368,Cordylus,Animalia,Reptilia,https://vvtaxatree.tbn.org.tw/taxa/9cd32415-c8db-45c5-8658-3da0837eabe3
0071c0f7-95d3-48e5-a559-fa7cf2e7691f,genus,78d00d18-7b8b-454a-a362-5028961e0e59,Naultinus,Animalia,Reptilia,https://vvtaxatree.tbn.org.tw/taxa/0071c0f7-95d3-48e5-a559-fa7cf2e7691f
5ecac2df-fb44-4cb8-887b-d0c2598e13d3,genus,78d00d18-7b8b-454a-a362-5028961e0e59,Uroplatus,Animalia,Reptilia,https://vvtaxatree.tbn.org.tw/taxa/5ecac2df-fb44-4cb8-887b-d0c2598e13d3
f0467baa-5c7e-4d2b-a83c-d42065000497,genus,45d0b78e-18b8-4bdc-bab0-10125caee9f2,Brachylophus,Animalia,Reptilia,https://vvtaxatree.tbn.org.tw/taxa/f0467baa-5c7e-4d2b-a83c-d42065000497
afeac983-3bb1-49c5-b487-899e0c1251dd,genus,45d0b78e-18b8-4bdc-bab0-10125caee9f2,Conolophus,Animalia,Reptilia,https://vvtaxatree.tbn.org.tw/taxa/afeac983-3bb1-49c5-b487-899e0c1251dd
4c284c64-d75d-4d6b-b0c4-c036d800c5b3,genus,45d0b78e-18b8-4bdc-bab0-10125caee9f2,Cyclura,Animalia,Reptilia,https://vvtaxatree.tbn.org.tw/taxa/4c284c64-d75d-4d6b-b0c4-c036d800c5b3
17b134c8-15ec-4ce9-9e81-ae93123177c7,genus,944a28dd-eb7d-408b-a188-3a8f88fd8981,Dracaena,Animalia,Reptilia,https://vvtaxatree.tbn.org.tw/taxa/17b134c8-15ec-4ce9-9e81-ae93123177c7
20f72735-faf9-4dff-9a9c-6e5a10bc6bb7,genus,732fdd14-c378-44d3-b240-c3609999098a,Acrantophis,Animalia,Reptilia,https://vvtaxatree.tbn.org.tw/taxa/20f72735-faf9-4dff-9a9c-6e5a10bc6bb7
f2d237a9-e47a-4ede-99e0-8735a8b3a3ab,genus,2b73061b-2572-4a72-a112-427975bae028,Cyclemys,Animalia,Reptilia,https://vvtaxatree.tbn.org.tw/taxa/f2d237a9-e47a-4ede-99e0-8735a8b3a3ab
7006fc7d-1078-4d2a-ae1e-0405779cb9f0,genus,4e55e49c-5d13-4072-877a-21c5b45dad51,Pelochelys,Animalia,Reptilia,https://vvtaxatree.tbn.org.tw/taxa/7006fc7d-1078-4d2a-ae1e-0405779cb9f0
6377ec23-e348-49a7-a057-c795d8df5340,genus,13901920-7c11-44a3-ae9f-1d8db442e797,Altiphrynoides,Animalia,Amphibia,https://vvtaxatree.tbn.org.tw/taxa/6377ec23-e348-49a7-a057-c795d8df5340
6bf09c4f-b3f6-42d8-a341-b0fa2fff67c9,genus,13901920-7c11-44a3-ae9f-1d8db442e797,Nectophrynoides,Animalia,Amphibia,https://vvtaxatree.tbn.org.tw/taxa/6bf09c4f-b3f6-42d8-a341-b0fa2fff67c9
7dab15bd-1808-4de0-89ef-aae387aa66f2,genus,13901920-7c11-44a3-ae9f-1d8db442e797,Nimbaphrynoides,Animalia,Amphibia,https://vvtaxatree.tbn.org.tw/taxa/7dab15bd-1808-4de0-89ef-aae387aa66f2
37d30f76-de15-4ea6-ae43-7c40db5f5977,genus,f88e56ce-284c-4c61-a9bb-280a77581dc4,Adelphobates,Animalia,Amphibia,https://vvtaxatree.tbn.org.tw/taxa/37d30f76-de15-4ea6-ae43-7c40db5f5977
14a8fcc3-c8ba-4ef0-8a98-0ffaaa4dcb0d,genus,f88e56ce-284c-4c61-a9bb-280a77581dc4,Ameerega,Animalia,Amphibia,https://vvtaxatree.tbn.org.tw/taxa/14a8fcc3-c8ba-4ef0-8a98-0ffaaa4dcb0d
fa705c38-b721-400f-9373-d29494c4c1dc,genus,f88e56ce-284c-4c61-a9bb-280a77581dc4,Andinobates,Animalia,Amphibia,https://vvtaxatree.tbn.org.tw/taxa/fa705c38-b721-400f-9373-d29494c4c1dc
dfcfb0a5-661a-4fae-95bd-52a0ac6ee184,genus,f88e56ce-284c-4c61-a9bb-280a77581dc4,Dendrobates,Animalia,Amphibia,https://vvtaxatree.tbn.org.tw/taxa/dfcfb0a5-661a-4fae-95bd-52a0ac6ee184
b5fab7fe-8147-4f2b-90ed-5b03e8837242,genus,f88e56ce-284c-4c61-a9bb-280a77581dc4,Epipedobates,Animalia,Amphibia,https://vvtaxatree.tbn.org.tw/taxa/b5fab7fe-8147-4f2b-90ed-5b03e8837242
d3ea1fc7-1168-4003-ac27-e04d33b42214,genus,f88e56ce-284c-4c61-a9bb-280a77581dc4,Excidobates,Animalia,Amphibia,https://vvtaxatree.tbn.org.tw/taxa/d3ea1fc7-1168-4003-ac27-e04d33b42214
9a7148d9-8b8b-419b-9237-0a67b5554adb,genus,f88e56ce-284c-4c61-a9bb-280a77581dc4,Minyobates,Animalia,Amphibia,https://vvtaxatree.tbn.org.tw/taxa/9a7148d9-8b8b-419b-9237-0a67b5554adb
3be37810-b211-4a93-be9f-096754f34946,genus,f88e56ce-284c-4c61-a9bb-280a77581dc4,Oophaga,Animalia,Amphibia,https://vvtaxatree.tbn.org.tw/taxa/3be37810-b211-4a93-be9f-096754f34946
75001ef2-4a19-45c2-9247-229d8e4a1a78,genus,f88e56ce-284c-4c61-a9bb-280a77581dc4,Phyllobates,Animalia,Amphibia,https://vvtaxatree.tbn.org.tw/taxa/75001ef2-4a19-45c2-9247-229d8e4a1a78
78557869-c2a4-4c00-8abd-0491a9ee1e11,genus,f88e56ce-284c-4c61-a9bb-280a77581dc4,Ranitomeya,Animalia,Amphibia,https://vvtaxatree.tbn.org.tw/taxa/78557869-c2a4-4c00-8abd-0491a9ee1e11
30f2b47e-cf81-4628-91a0-9afa229055db,genus,b68a91a1-141c-477e-ba29-87cf390f73dc,Mantella,Animalia,Amphibia,https://vvtaxatree.tbn.org.tw/taxa/30f2b47e-cf81-4628-91a0-9afa229055db
a425cb01-bb7b-4b67-b3df-8a719b48411f,genus,7c039070-2b23-4b6f-8ae6-2eae9bbdbf28,Andrias,Animalia,Amphibia,https://vvtaxatree.tbn.org.tw/taxa/a425cb01-bb7b-4b67-b3df-8a719b48411f
2118e5e3-00cb-4b2b-8d42-9b2ee9cca62a,genus,ea9eaaf5-412b-4ea3-be1d-0d684700eeeb,Achatinella,Animalia,Gastropoda,https://vvtaxatree.tbn.org.tw/taxa/2118e5e3-00cb-4b2b-8d42-9b2ee9cca62a
bc9fd0a0-2c5d-4f2d-aa37-841252979265,genus,b12e1bfd-553f-4597-886d-37c7baaaedba,Latimeria,Animalia,Coelacanthi,https://vvtaxatree.tbn.org.tw/taxa/bc9fd0a0-2c5d-4f2d-aa37-841252979265
54d233be-6331-4791-bf5e-c8952f2c22bc,genus,ed7a7e37-bece-4860-9dfc-6b3eec05f21c,Eugryllacris,Animalia,Insecta,https://vvtaxatree.tbn.org.tw/taxa/54d233be-6331-4791-bf5e-c8952f2c22bc
f97393fe-ab0b-4968-b42f-80aec0160b38,genus,a4f84fe5-a07d-45df-bc35-2691ee93d84e,Capnogryllacris,Animalia,Insecta,https://vvtaxatree.tbn.org.tw/taxa/f97393fe-ab0b-4968-b42f-80aec0160b38
50b1dd31-cb10-4f36-a6e2-3fa10ccee7f3,genus,29f28f99-7329-4b93-a105-5c745d16c064,Neoeptesicus,Animalia,Mammalia,https://vvtaxatree.tbn.org.tw/taxa/50b1dd31-cb10-4f36-a6e2-3fa10ccee7f3
7a1bd461-8518-44b5-a8f0-6e64816b484a,genus,29f28f99-7329-4b93-a105-5c745d16c064,Histiotus,Animalia,Mammalia,https://vvtaxatree.tbn.org.tw/taxa/7a1bd461-8518-44b5-a8f0-6e64816b484a
37682e76-93ec-4411-b9c2-191da70a6934,genus,705dc984-8241-4f2b-bd0e-fbf942569436,Bathymodiolus,Animalia,Bivalvia,https://vvtaxatree.tbn.org.tw/taxa/37682e76-93ec-4411-b9c2-191da70a6934
2b50b810-8c96-4ca7-9825-90710d30fb93,genus,198c9929-bdbb-4023-ad76-44a383370ece,Paragonimus,Animalia,Neoophora,https://vvtaxatree.tbn.org.tw/taxa/2b50b810-8c96-4ca7-9825-90710d30fb93
b0f0e0ab-7c98-4452-a51d-412050003043,genus,ee55a2df-56ec-4261-a3d5-879223281167,Schizamphistomum,Animalia,Neoophora,https://vvtaxatree.tbn.org.tw/taxa/b0f0e0ab-7c98-4452-a51d-412050003043
bc83c3d6-393f-4193-8758-f512d833659f,genus,93304022-0c14-4de9-9de2-ce7a032695d3,Polystomoides,Animalia,Neoophora,https://vvtaxatree.tbn.org.tw/taxa/bc83c3d6-393f-4193-8758-f512d833659f
b633c59f-20f9-47b0-9d68-de130b20d6f8,genus,0808cb58-77f6-4112-8b2f-264c0bb956ad,Stylopathes,Animalia,Hexacorallia,https://vvtaxatree.tbn.org.tw/taxa/b633c59f-20f9-47b0-9d68-de130b20d6f8
f01108bb-2d4e-4deb-a7e9-fc9f1fbf2094,genus,c1e74e9d-cfe6-46ef-940f-e0ab7864e43b,Stichopathes,Animalia,Hexacorallia,https://vvtaxatree.tbn.org.tw/taxa/f01108bb-2d4e-4deb-a7e9-fc9f1fbf2094
5072f048-9111-46d8-9e74-658b5438642d,genus,f1c0e609-a345-4ebf-a07e-20baf10bb1a3,Myriopathes,Animalia,Hexacorallia,https://vvtaxatree.tbn.org.tw/taxa/5072f048-9111-46d8-9e74-658b5438642d
5ad8805e-595f-4b0d-92d5-2c52b0de45d4,genus,9efbd623-8e70-447c-9914-c511cd66f8b4,Telorchis,Animalia,Neoophora,https://vvtaxatree.tbn.org.tw/taxa/5ad8805e-595f-4b0d-92d5-2c52b0de45d4
4535e9d9-414a-4bcb-8188-8c763dfbda00,genus,270bf36c-306a-4535-bf62-2774801b1652,Hyaena,Animalia,Mammalia,https://vvtaxatree.tbn.org.tw/taxa/4535e9d9-414a-4bcb-8188-8c763dfbda00
8b2436cf-4424-41d3-b487-8338ad251d3b,genus,e83f93ef-cc5b-40da-9e26-18f7b251e404,Chinemys,Animalia,Reptilia,https://vvtaxatree.tbn.org.tw/taxa/8b2436cf-4424-41d3-b487-8338ad251d3b
46174da8-3431-4e5a-9898-62765999cf17,genus,8324b8ec-d0e9-4d00-a637-b7eef9c9c90f,Lestidiops,Animalia,Actinopteri,https://vvtaxatree.tbn.org.tw/taxa/46174da8-3431-4e5a-9898-62765999cf17
5156e664-37b0-4011-aec4-9dc1a2902ef5,genus,8324b8ec-d0e9-4d00-a637-b7eef9c9c90f,Sudis,Animalia,Actinopteri,https://vvtaxatree.tbn.org.tw/taxa/5156e664-37b0-4011-aec4-9dc1a2902ef5
da532b6c-1758-4d25-bed6-fa6ade455cfb,genus,d3652e83-eb6c-44e8-9269-d3fbfe4d5298,Macroclemys,Animalia,Reptilia,https://vvtaxatree.tbn.org.tw/taxa/da532b6c-1758-4d25-bed6-fa6ade455cfb
12fd875d-e0b0-44d3-a2ab-c93af1aef988,genus,b46e2590-2a29-4a8d-9d66-595289d321eb,Tenumembrana,Animalia,Insecta,https://vvtaxatree.tbn.org.tw/taxa/12fd875d-e0b0-44d3-a2ab-c93af1aef988
467dc938-2623-4d0f-829c-99957084946f,genus,b6a89f97-0125-47af-9c5d-de30313423d8,Proxichione,Animalia,Bivalvia,https://vvtaxatree.tbn.org.tw/taxa/467dc938-2623-4d0f-829c-99957084946f
e101d55e-75f9-4261-b268-a41ecd5930ae,genus,08152e73-6da2-47b8-9f46-7816d5f6d390,Nescicroa,Animalia,Insecta,https://vvtaxatree.tbn.org.tw/taxa/e101d55e-75f9-4261-b268-a41ecd5930ae
11feb7f6-c84e-4664-ad57-836a6811b79c,genus,08152e73-6da2-47b8-9f46-7816d5f6d390,Hemiplasta,Animalia,Insecta,https://vvtaxatree.tbn.org.tw/taxa/11feb7f6-c84e-4664-ad57-836a6811b79c
1eba9942-96e3-41c4-8d87-1819da79032f,genus,fcdd9480-7e48-4fcf-b8cc-94266a01cfec,Filaroides,Animalia,"",https://vvtaxatree.tbn.org.tw/taxa/1eba9942-96e3-41c4-8d87-1819da79032f
5e8dbfbb-df7a-44a6-accb-4d917bc52f55,genus,fcdd9480-7e48-4fcf-b8cc-94266a01cfec,Metathelazia,Animalia,"",https://vvtaxatree.tbn.org.tw/taxa/5e8dbfbb-df7a-44a6-accb-4d917bc52f55
b68c73a4-b705-432b-9524-dd775353df3f,genus,9247b731-36db-4de8-8e8a-bda1025d6f88,Paraplanocera,Animalia,Polycladidea,https://vvtaxatree.tbn.org.tw/taxa/b68c73a4-b705-432b-9524-dd775353df3f
b26cac24-63b2-4d5d-b2d4-6f42e2ab678d,genus,c6b47e8b-eeae-4c62-99da-412a64afdfb6,Aglaophamus,Animalia,Polychaeta,https://vvtaxatree.tbn.org.tw/taxa/b26cac24-63b2-4d5d-b2d4-6f42e2ab678d
8b6cb392-1cb8-40e6-9b9a-08d1e43b4ee0,genus,d4f9fc67-13d2-4352-b85f-62b7dce4a55d,Anchoviella,Animalia,Actinopteri,https://vvtaxatree.tbn.org.tw/taxa/8b6cb392-1cb8-40e6-9b9a-08d1e43b4ee0
99a24e60-59b9-4d94-8021-1282414fa71c,genus,7fdfca84-814f-4348-bcb8-b12259eef729,Baryancistrus,Animalia,Actinopteri,https://vvtaxatree.tbn.org.tw/taxa/99a24e60-59b9-4d94-8021-1282414fa71c
31f021bf-1295-4360-85df-4d2339e5aeda,genus,2c37ff4d-2792-4ce9-9376-77f2c6346b1a,Bertella,Animalia,Actinopteri,https://vvtaxatree.tbn.org.tw/taxa/31f021bf-1295-4360-85df-4d2339e5aeda
cdaeb3ec-963b-4922-bb54-0b4df85c88b5,genus,c2fec88c-7dc0-4729-9373-217eb27e0b04,Briggsia,Animalia,Actinopteri,https://vvtaxatree.tbn.org.tw/taxa/cdaeb3ec-963b-4922-bb54-0b4df85c88b5
e1770824-f61c-41ce-b383-378151775cef,genus,0634b6a9-4a2b-4952-811b-167e33278d7c,Callithaca,Animalia,Bivalvia,https://vvtaxatree.tbn.org.tw/taxa/e1770824-f61c-41ce-b383-378151775cef
92277b43-120b-4900-9af0-f6345415ca4b,genus,3ed90309-5586-4664-a47e-cf875c5d0b98,Cetomimus,Animalia,Actinopteri,https://vvtaxatree.tbn.org.tw/taxa/92277b43-120b-4900-9af0-f6345415ca4b
af38d1b7-1d7e-40f0-bf0e-dad93d60218f,genus,65557258-419a-455c-b954-40d0417b62fd,Cetopsis,Animalia,Actinopteri,https://vvtaxatree.tbn.org.tw/taxa/af38d1b7-1d7e-40f0-bf0e-dad93d60218f
7fae90b8-286d-4b95-b486-08ba0977fd9f,genus,b0f22c66-081b-46ad-a745-c6772bd81bcd,Chaenogobius,Animalia,Actinopteri,https://vvtaxatree.tbn.org.tw/taxa/7fae90b8-286d-4b95-b486-08ba0977fd9f
c273338a-1188-4378-ac19-4cfc5a97b092,genus,94c894d6-9402-4bb5-95a9-0857ae1c6152,Channichthys,Animalia,Actinopteri,https://vvtaxatree.tbn.org.tw/taxa/c273338a-1188-4378-ac19-4cfc5a97b092
e4e71756-dedd-4ad7-8298-0b5c325ff485,genus,d05098aa-193d-4567-9269-1a18dac62688,Chironephthya,Animalia,Octocorallia,https://vvtaxatree.tbn.org.tw/taxa/e4e71756-dedd-4ad7-8298-0b5c325ff485
c0f50c8f-866b-4e7e-945c-0bba7c15924d,genus,8b61603e-38d4-4e74-91f9-0b4fe01985dc,Colossoma,Animalia,Actinopteri,https://vvtaxatree.tbn.org.tw/taxa/c0f50c8f-866b-4e7e-945c-0bba7c15924d
b409c88a-3381-479d-9d86-5214f8866dbd,genus,f2c06801-e831-4824-84a6-9b172c8fab4b,Erythrinus,Animalia,Actinopteri,https://vvtaxatree.tbn.org.tw/taxa/b409c88a-3381-479d-9d86-5214f8866dbd
97d82d5b-be14-4843-bd2d-c4e9bff57a0c,genus,b0f22c66-081b-46ad-a745-c6772bd81bcd,Eugnathogobius,Animalia,Actinopteri,https://vvtaxatree.tbn.org.tw/taxa/97d82d5b-be14-4843-bd2d-c4e9bff57a0c
3e7ed702-60ae-4138-83bf-ab964797ab1c,genus,af0a144e-9769-4bd0-a77f-9fcd2eac3410,Geotomus,Animalia,Insecta,https://vvtaxatree.tbn.org.tw/taxa/3e7ed702-60ae-4138-83bf-ab964797ab1c
cd06e3a8-ab5d-4991-ba36-836ead49cc6c,genus,cad4f1b5-ecbb-46c3-9552-b7978fbe20d3,Graphoderus,Animalia,Insecta,https://vvtaxatree.tbn.org.tw/taxa/cd06e3a8-ab5d-4991-ba36-836ead49cc6c
3425680b-af87-472f-968f-8e374877f543,genus,3ed90309-5586-4664-a47e-cf875c5d0b98,Gyrinomimus,Animalia,Actinopteri,https://vvtaxatree.tbn.org.tw/taxa/3425680b-af87-472f-968f-8e374877f543
c617faf1-1a87-49a0-9287-50bdf1953962,genus,7540e7b5-9000-438e-9ffb-3eff00f1b751,Haloceras,Animalia,Gastropoda,https://vvtaxatree.tbn.org.tw/taxa/c617faf1-1a87-49a0-9287-50bdf1953962
9004307a-7943-4f3e-a7e7-39f2b85b22b9,genus,b0f22c66-081b-46ad-a745-c6772bd81bcd,Heteroplopomus,Animalia,Actinopteri,https://vvtaxatree.tbn.org.tw/taxa/9004307a-7943-4f3e-a7e7-39f2b85b22b9
1093a15e-7c53-4b7a-af9b-cfd04022c5f5,genus,813050af-129b-45d3-bd10-b46def60dc80,Hydrolycus,Animalia,Actinopteri,https://vvtaxatree.tbn.org.tw/taxa/1093a15e-7c53-4b7a-af9b-cfd04022c5f5
588eb08e-2a16-4e16-83fa-7cf74af26cf0,genus,689bff46-68b9-4734-a2fb-18ffbdd8b5c8,Hyperoplus,Animalia,Actinopteri,https://vvtaxatree.tbn.org.tw/taxa/588eb08e-2a16-4e16-83fa-7cf74af26cf0
26641656-bdcd-43ea-9f10-b9d8691d3706,genus,43a7b8b8-b337-4d25-b823-ab6478466ca3,Leuroglossus,Animalia,Actinopteri,https://vvtaxatree.tbn.org.tw/taxa/26641656-bdcd-43ea-9f10-b9d8691d3706
ccb0ae45-af2b-4585-a49e-81802c1c2c7a,genus,72101fa1-4ff2-4859-ad0c-06a43d131835,Lophospiza,Animalia,Aves,https://vvtaxatree.tbn.org.tw/taxa/ccb0ae45-af2b-4585-a49e-81802c1c2c7a
9fc49ca7-cd44-405b-9f7c-9b4fc2d76267,genus,502a6460-1ed9-4574-9a7d-89091c482656,Lycenchelys,Animalia,Actinopteri,https://vvtaxatree.tbn.org.tw/taxa/9fc49ca7-cd44-405b-9f7c-9b4fc2d76267
447e7225-6504-4840-9734-c40b1b5d8fde,genus,b5f41e78-1f85-45a3-b384-a5f899a9e717,Maldanidae,Animalia,Polychaeta,https://vvtaxatree.tbn.org.tw/taxa/447e7225-6504-4840-9734-c40b1b5d8fde
13a9588b-eb76-4c8d-83b8-6ad69678c337,genus,d8807c33-2d4c-498e-b510-a14af7018999,Marcusenius,Animalia,Actinopteri,https://vvtaxatree.tbn.org.tw/taxa/13a9588b-eb76-4c8d-83b8-6ad69678c337
b22707a7-7940-411a-a763-63871a030f2a,genus,a008ff98-4b23-468a-9d3f-1f8db111f9f1,Maroubra,Animalia,Actinopteri,https://vvtaxatree.tbn.org.tw/taxa/b22707a7-7940-411a-a763-63871a030f2a
9d4ede4d-1c65-40d4-b6e1-f7c9308ba748,genus,87998f61-cb16-4fb4-871c-88088b7a0f95,Marphysa,Animalia,Polychaeta,https://vvtaxatree.tbn.org.tw/taxa/9d4ede4d-1c65-40d4-b6e1-f7c9308ba748
19ae3d21-fe2a-4ab4-9fed-0a5d0f930f72,genus,8c6e8580-f144-4cfc-98c3-26f2c244997f,Nepa,Animalia,Insecta,https://vvtaxatree.tbn.org.tw/taxa/19ae3d21-fe2a-4ab4-9fed-0a5d0f930f72
be85ec64-4112-4751-ba93-b8978c347890,genus,a0515f77-58ca-45e0-889e-3e13eaceccda,Nymphonella,Animalia,Pycnogonida,https://vvtaxatree.tbn.org.tw/taxa/be85ec64-4112-4751-ba93-b8978c347890
583d0268-b3a8-45df-9730-395fb1d9eecc,genus,5eba343a-9975-4f42-ab13-d78bd8516408,Oncinopus,Animalia,Malacostraca,https://vvtaxatree.tbn.org.tw/taxa/583d0268-b3a8-45df-9730-395fb1d9eecc
de016dbb-86e6-4aed-b23f-725956ca0f48,genus,f3898c34-541f-46e2-bbe7-d6521fa8f814,Orbitestella,Animalia,Gastropoda,https://vvtaxatree.tbn.org.tw/taxa/de016dbb-86e6-4aed-b23f-725956ca0f48
e6abeaa1-4b34-4a66-acf3-29091aa85c82,genus,eda37a47-cfea-4438-b779-a693e6d6ee02,Oregonia,Animalia,Malacostraca,https://vvtaxatree.tbn.org.tw/taxa/e6abeaa1-4b34-4a66-acf3-29091aa85c82
0cff7445-2e24-4f48-ad92-15741b25151d,genus,87998f61-cb16-4fb4-871c-88088b7a0f95,Palola,Animalia,Polychaeta,https://vvtaxatree.tbn.org.tw/taxa/0cff7445-2e24-4f48-ad92-15741b25151d
c25c3890-fa79-439d-a245-0a0d72e4cbcd,genus,bc9b8f33-a41c-4128-9649-b7500bc72dfc,Panomya,Animalia,Bivalvia,https://vvtaxatree.tbn.org.tw/taxa/c25c3890-fa79-439d-a245-0a0d72e4cbcd
dfdb8dbb-dd49-4693-b71f-52878cc69dfd,genus,50f47ca3-75a5-40cd-9fc2-0434860f6908,Paralacydonia,Animalia,Polychaeta,https://vvtaxatree.tbn.org.tw/taxa/dfdb8dbb-dd49-4693-b71f-52878cc69dfd
15e0a7a4-ad65-4e72-928a-138304b6fb23,genus,5468c220-c89a-42a1-b513-f3a4c2b7b05d,Paraneetroplus,Animalia,Actinopteri,https://vvtaxatree.tbn.org.tw/taxa/15e0a7a4-ad65-4e72-928a-138304b6fb23
5bff8693-ce12-4a30-94a3-5b696dcb9d77,genus,5ab013ae-100e-42b6-ad96-eb1cdbfa3786,Pavoraja,Animalia,Elasmobranchii,https://vvtaxatree.tbn.org.tw/taxa/5bff8693-ce12-4a30-94a3-5b696dcb9d77
31023f87-3b11-4d48-9b00-1c1a6ad1bd13,genus,5eba343a-9975-4f42-ab13-d78bd8516408,Prosphorachaeus,Animalia,Malacostraca,https://vvtaxatree.tbn.org.tw/taxa/31023f87-3b11-4d48-9b00-1c1a6ad1bd13
cfb26f23-bd06-4734-bfb2-767b99ff23ed,genus,0f0f2713-3ddb-4161-8357-aa5c7dc330ff,Protomyctophum,Animalia,Actinopteri,https://vvtaxatree.tbn.org.tw/taxa/cfb26f23-bd06-4734-bfb2-767b99ff23ed
0681e0ba-2e3e-48b7-bf7f-179aaa198d29,genus,53ebe934-a0eb-40aa-a118-cec49ff970d3,Protonemura,Animalia,Insecta,https://vvtaxatree.tbn.org.tw/taxa/0681e0ba-2e3e-48b7-bf7f-179aaa198d29
fc5c57fb-88f9-46fb-b0ef-3448267aa696,genus,c44fa586-2978-4721-9d36-366ebe66484f,Pseudocalliurichthys,Animalia,Actinopteri,https://vvtaxatree.tbn.org.tw/taxa/fc5c57fb-88f9-46fb-b0ef-3448267aa696
db0482d4-a1d1-47e1-bf7d-91c4ee7404f5,genus,56fd88ea-a65e-45c2-995c-f5a6a0a383f5,Pyrgiscus,Animalia,Gastropoda,https://vvtaxatree.tbn.org.tw/taxa/db0482d4-a1d1-47e1-bf7d-91c4ee7404f5
23c4fcbb-c77b-415c-8bc2-d968a0937b7e,genus,7a80cfd4-cfec-44af-ab87-58a67b6ed328,Telocoris,Animalia,Insecta,https://vvtaxatree.tbn.org.tw/taxa/23c4fcbb-c77b-415c-8bc2-d968a0937b7e
89622c8a-6f63-4873-9a9a-4d0ddf369524,genus,5468c220-c89a-42a1-b513-f3a4c2b7b05d,Tilapia,Animalia,Actinopteri,https://vvtaxatree.tbn.org.tw/taxa/89622c8a-6f63-4873-9a9a-4d0ddf369524
de27c674-a157-4af5-9747-b523acc7dc6c,genus,aa521ac2-d24a-4d88-963d-2c4a7430f9bf,Travisia,Animalia,Polychaeta,https://vvtaxatree.tbn.org.tw/taxa/de27c674-a157-4af5-9747-b523acc7dc6c
1aa00a35-aa2f-41f0-9ff9-9bf745d84296,genus,5b231ff8-6606-4d94-97a9-b839dd42c44b,Velutinidae,Animalia,Gastropoda,https://vvtaxatree.tbn.org.tw/taxa/1aa00a35-aa2f-41f0-9ff9-9bf745d84296
4d6616b7-350a-4222-8ea9-5f839a9ebdda,genus,d01bf414-8708-42b1-a3ac-0aa2844776a2,Vitreolina,Animalia,Gastropoda,https://vvtaxatree.tbn.org.tw/taxa/4d6616b7-350a-4222-8ea9-5f839a9ebdda
80aa17ed-98b7-4791-85c8-3c1bdf99fc4c,genus,1750baff-7130-4373-8a1c-5d997c58782b,Zoanthus,Animalia,Hexacorallia,https://vvtaxatree.tbn.org.tw/taxa/80aa17ed-98b7-4791-85c8-3c1bdf99fc4c
c48f5411-d219-43ff-bbe7-1ad1f73ae857,genus,d9f9d84b-730b-4325-8aa9-11ec151474fe,Thinornis,Animalia,Aves,https://vvtaxatree.tbn.org.tw/taxa/c48f5411-d219-43ff-bbe7-1ad1f73ae857
45315195-73db-4e35-bb7d-4effd5c60ed7,genus,1cc1d873-4095-4f5a-b85e-7f0f5a1aff04,Asthenognathus,Animalia,Malacostraca,https://vvtaxatree.tbn.org.tw/taxa/45315195-73db-4e35-bb7d-4effd5c60ed7
45831e9d-9b43-457b-a700-72f06de2cd48,genus,50878374-8f35-463c-9799-03c1153e8f41,Atelerix,Animalia,Mammalia,https://vvtaxatree.tbn.org.tw/taxa/45831e9d-9b43-457b-a700-72f06de2cd48
de6b3755-fabb-4455-b8e3-ed7c52121f1d,genus,f6eb6f71-6c39-40a2-bdb6-341ec90ea95f,Atrachya,Animalia,Insecta,https://vvtaxatree.tbn.org.tw/taxa/de6b3755-fabb-4455-b8e3-ed7c52121f1d
46e414d7-a4ff-45d2-9614-77d25be0f1a9,genus,13ef7013-3d34-47a3-a024-3fa355fc2408,Borboropactus,Animalia,Arachnida,https://vvtaxatree.tbn.org.tw/taxa/46e414d7-a4ff-45d2-9614-77d25be0f1a9
64051302-e8fc-4f20-990c-834579ef5ba6,genus,838dbc22-6f11-40a1-955b-43bfc258a62b,Cicurina,Animalia,Arachnida,https://vvtaxatree.tbn.org.tw/taxa/64051302-e8fc-4f20-990c-834579ef5ba6
55ad1a96-d7fa-485b-9ea3-38c3d5b6bff7,genus,6190fabf-594d-4785-a3a2-47c796c53d1a,Cybaeus,Animalia,Arachnida,https://vvtaxatree.tbn.org.tw/taxa/55ad1a96-d7fa-485b-9ea3-38c3d5b6bff7
d98f1651-e238-4a4e-a717-c36eea5b17aa,genus,13ef7013-3d34-47a3-a024-3fa355fc2408,Epidius,Animalia,Arachnida,https://vvtaxatree.tbn.org.tw/taxa/d98f1651-e238-4a4e-a717-c36eea5b17aa
9551f6be-69e9-4b23-86c8-ded5f5b8d429,genus,f1b3fb3e-7241-4db8-82ba-eb47c663330e,Genusa,Animalia,Insecta,https://vvtaxatree.tbn.org.tw/taxa/9551f6be-69e9-4b23-86c8-ded5f5b8d429
3937cf3e-95ec-431b-96ef-0b9f21e68908,genus,521d1750-9ead-4d2a-a388-a6af9f4d5f0c,Itatsina,Animalia,Arachnida,https://vvtaxatree.tbn.org.tw/taxa/3937cf3e-95ec-431b-96ef-0b9f21e68908
a766f6d4-f0cd-448c-a3ed-a6e6b6360305,genus,2c0575f6-ddc4-4226-8edc-daab12425843,Lepthyphantes,Animalia,Arachnida,https://vvtaxatree.tbn.org.tw/taxa/a766f6d4-f0cd-448c-a3ed-a6e6b6360305
ec0db86a-a033-44ac-9578-53f350904c66,genus,e32d6b97-f907-496e-b87c-7d5f69576083,Ovalisia,Animalia,Insecta,https://vvtaxatree.tbn.org.tw/taxa/ec0db86a-a033-44ac-9578-53f350904c66
51c456c6-2bd8-4819-b473-c27a7e98ff7a,genus,81c1864f-197f-4486-956c-b240c5ec2923,Parazygiella,Animalia,Arachnida,https://vvtaxatree.tbn.org.tw/taxa/51c456c6-2bd8-4819-b473-c27a7e98ff7a
868b9d4c-c916-40df-b7ce-321d6b3cf218,genus,4b8eff56-5483-4139-ba22-39e7da42fb9e,Perisesarma,Animalia,Malacostraca,https://vvtaxatree.tbn.org.tw/taxa/868b9d4c-c916-40df-b7ce-321d6b3cf218
c2acbba5-2daf-4827-a79f-579d23a386e4,genus,51658d7c-9356-49ad-8f6c-b02b2c0f4f67,Phaeacius,Animalia,Arachnida,https://vvtaxatree.tbn.org.tw/taxa/c2acbba5-2daf-4827-a79f-579d23a386e4
42f38d52-978a-454b-ac31-c4d3ef41a175,genus,13ef7013-3d34-47a3-a024-3fa355fc2408,Pharta,Animalia,Arachnida,https://vvtaxatree.tbn.org.tw/taxa/42f38d52-978a-454b-ac31-c4d3ef41a175
bd18cbb0-bdae-4814-8e01-08de5dc68a3d,genus,51658d7c-9356-49ad-8f6c-b02b2c0f4f67,Pseudicius,Animalia,Arachnida,https://vvtaxatree.tbn.org.tw/taxa/bd18cbb0-bdae-4814-8e01-08de5dc68a3d
51851403-b6f8-49e2-8c9b-65b5b2069772,genus,601aac65-872d-4c20-9ebe-8d9b98b37c78,Ranilia,Animalia,Malacostraca,https://vvtaxatree.tbn.org.tw/taxa/51851403-b6f8-49e2-8c9b-65b5b2069772
c6d470fc-8f9f-475d-8b7f-3044dc5138f6,genus,42dd7880-484d-4309-982e-0ff744de31a7,Rondonia,Animalia,Chromadorea,https://vvtaxatree.tbn.org.tw/taxa/c6d470fc-8f9f-475d-8b7f-3044dc5138f6
7ba81638-9022-4b38-8bac-9311c1a2b3f7,genus,e8b06ad6-c547-4354-af6f-4e1691102252,Scolymia,Animalia,Hexacorallia,https://vvtaxatree.tbn.org.tw/taxa/7ba81638-9022-4b38-8bac-9311c1a2b3f7
d4842eb3-09f7-4ed8-9409-aa0c5382ff0d,genus,51658d7c-9356-49ad-8f6c-b02b2c0f4f67,Simaetha,Animalia,Arachnida,https://vvtaxatree.tbn.org.tw/taxa/d4842eb3-09f7-4ed8-9409-aa0c5382ff0d
86545ddf-400d-42cf-aa59-c9772d713b2c,genus,13ef7013-3d34-47a3-a024-3fa355fc2408,Strigoplus,Animalia,Arachnida,https://vvtaxatree.tbn.org.tw/taxa/86545ddf-400d-42cf-aa59-c9772d713b2c
0bcff838-bb5c-4dae-b099-d6e0e9a7db2f,genus,0baa7c02-e240-4cfa-a3d2-930f666a4065,Trachelas,Animalia,Arachnida,https://vvtaxatree.tbn.org.tw/taxa/0bcff838-bb5c-4dae-b099-d6e0e9a7db2f
2b618b8a-fae5-4ea9-9b84-49c776a81f2c,subgenus,c0c89aba-683f-435d-bdbd-923343fbcac1,Bactrocera (Zeugodacus),Animalia,Insecta,https://vvtaxatree.tbn.org.tw/taxa/2b618b8a-fae5-4ea9-9b84-49c776a81f2c
a914b011-e0c9-4685-b16c-e4e7669e960d,subgenus,8598379a-fab5-405d-a16b-9a64d27df2f3,Centropyge (Xiphypops),Animalia,Actinopteri,https://vvtaxatree.tbn.org.tw/taxa/a914b011-e0c9-4685-b16c-e4e7669e960d
cc799e62-13dc-42a2-b4fa-3d8494443ee4,subgenus,333a1f5c-781f-4a1c-9e0c-8bd763b0889b,Gryllus (Gryllus),Animalia,Insecta,https://vvtaxatree.tbn.org.tw/taxa/cc799e62-13dc-42a2-b4fa-3d8494443ee4
9fe8ec8f-b502-41c3-9a63-7fc6581522ee,subgenus,b7e7e69d-16f6-4f8a-bcb5-40b971bd9864,Ophiocoma (Breviturma),Animalia,Ophiuroidea,https://vvtaxatree.tbn.org.tw/taxa/9fe8ec8f-b502-41c3-9a63-7fc6581522ee
b9031273-902c-4fc2-abb2-4f0b7c331d79,subgenus,9dfb9315-1558-4cb0-adb3-cc917cd07e85,Bos (Bubalus),Animalia,Mammalia,https://vvtaxatree.tbn.org.tw/taxa/b9031273-902c-4fc2-abb2-4f0b7c331d79
88617164-28bc-4360-89cd-c1c47e33c273,subgenus,eb06a585-3a46-4864-ae06-e44d9f7fb3c0,Netelia (Bessobates),Animalia,Insecta,https://vvtaxatree.tbn.org.tw/taxa/88617164-28bc-4360-89cd-c1c47e33c273
7b7f4c49-fe92-4081-b329-a060f9a04baf,subgenus,eee61e3c-4581-4d5b-906f-f21bbf6c1abf,Plagiorhynchus (Plagiorhynchus),Animalia,Palaeacanthocephala,https://vvtaxatree.tbn.org.tw/taxa/7b7f4c49-fe92-4081-b329-a060f9a04baf
4585b908-de1c-429d-b03e-aa3ca35d6c76,subgenus,fa2045ea-8b9a-4e31-8056-0e51e95f0c41,Aesalus (Aesalus),Animalia,Insecta,https://vvtaxatree.tbn.org.tw/taxa/4585b908-de1c-429d-b03e-aa3ca35d6c76
ee0a71bc-d48d-4fea-b8ba-1ab516e01c61,section,d4572a92-02d5-464c-bd09-c4dfef2e0091,Podotremata,Animalia,Malacostraca,https://vvtaxatree.tbn.org.tw/taxa/ee0a71bc-d48d-4fea-b8ba-1ab516e01c61
8bbb1d1c-f9a0-413a-a56f-75527b1e8ec0,subsection,aa52d114-0b39-4d46-a593-76a4717cb262,Heterotremata,Animalia,Malacostraca,https://vvtaxatree.tbn.org.tw/taxa/8bbb1d1c-f9a0-413a-a56f-75527b1e8ec0
e450bde2-d6ff-4c66-8810-15c651cb06b0,subsection,aa52d114-0b39-4d46-a593-76a4717cb262,Thoracotremata,Animalia,Malacostraca,https://vvtaxatree.tbn.org.tw/taxa/e450bde2-d6ff-4c66-8810-15c651cb06b0
