TT_taxonUUID,TT_taxonRank,TT_kingdom,TT_taiCOLNameCode,TT_simplifiedScientificName,TC_rank,TC_kingdom,TC_simple_name,TC_taxon_status,TC_is_in_taiwan
5cc3c4f2-ed66-437c-89e4-1b3c84e70eb7,infraspecies,Animalia,t0084942,Papilio paris paris nakaharai,subspecies,Animalia,Papilio paris nakaharai,accepted,TRUE
b33560e4-07c5-4ef3-bfb0-358e6edef699,infraspecies,Animalia,t0086331,Tectocepheus velatus velatus sarekensis,subspecies,Animalia,Tectocepheus velatus sarekensis,accepted,TRUE
3f7a043a-1eab-488c-a709-2fbc9d6a751d,infraspecies,Animalia,t0086341,Tetraclita japonica japonica formosana,subspecies,Animalia,Tetraclita japonica formosana,accepted,TRUE
b77b7b07-7229-4a10-a0e1-c63f3b68ec1c,infraspecies,Animalia,t0030060,Callionymus persicus persicus izuensis,subspecies,Animalia,Callionymus persicus izuensis,accepted,TRUE
86411be4-c1f1-43b5-8750-fcdd950eed87,infraspecies,Animalia,t0031284,Oncorhynchus masou masou formosanus,subspecies,Animalia,Oncorhynchus masou formosanus,accepted,TRUE
911e3b0f-cbd0-4d95-9509-eb2e063de7ea,infraspecies,Animalia,t0085439,Anarhynchus mongolus mongolus mongolus,subspecies,Animalia,Anarhynchus mongolus mongolus,accepted,TRUE
e6c50f7c-78c3-493e-bf95-50c290f7983e,species,Animalia,t0081508,Nerita (Linnerita) polita,species,Animalia,Nerita polita,accepted,TRUE
071e2b93-feb0-4d32-a311-1c74ef1d27e5,infraspecies,Animalia,t0081812,Nipponacmea schrenckii schrenckii boninensis,subspecies,Animalia,Notoacmea schrenckii boninensis,accepted,TRUE
8e92e329-637d-4b0c-b1e3-9122d7ab9463,species,Animalia,t0065608,Hippeutis umbilicalis,species,Animalia,Hippeutis (Helicorbis) umbilicalis,accepted,TRUE
c8a1a0cd-11d7-4a01-863d-a694797e72cf,infraspecies,Animalia,t0085231,Amynthas nanganensis nanganensis nanganensis,subspecies,Animalia,Amynthas nanganensis nanganensis,accepted,TRUE
5074a45d-da42-4fa2-9275-3cea6cfc6b1f,infraspecies,Animalia,t0085230,Amynthas nanganensis nanganensis beiganensis,subspecies,Animalia,Amynthas nanganensis beiganensis,accepted,TRUE
b9cd7aa3-02a3-4b6d-9cd1-aca151acd24e,infraspecies,Animalia,t0085901,Metaphire nanaoensis nanaoensis nanaoensis,subspecies,Animalia,Metaphire nanaoensis nanaoensis,accepted,TRUE
92535ed9-27e6-4022-b3b1-3a98e7fc200c,infraspecies,Animalia,t0085907,Metaphire taiwanensis taiwanensis taiwanensis,subspecies,Animalia,Metaphire taiwanensis taiwanensis,accepted,TRUE
c8e043e7-3696-468b-9fb8-d70e57546b71,infraspecies,Animalia,t0085902,Metaphire nanaoensis nanaoensis truku,subspecies,Animalia,Metaphire nanaoensis truku,accepted,TRUE
d10e3f78-6cd3-41de-bc4f-4834cb0ab0cb,infraspecies,Animalia,t0085908,Metaphire taiwanensis taiwanensis tsaii,subspecies,Animalia,Metaphire taiwanensis tsaii,accepted,TRUE
97cd6cb9-d9db-48c6-963a-9fc8fef12b7e,species,Animalia,t0035935,Plagiorhynchus (Prosthorhynchus) bullocki,species,Animalia,Plagiorhynchus bullocki,accepted,TRUE
764717fe-5186-4129-8a45-8bae9248bc53,species,Animalia,t0035936,Plagiorhynchus (Prosthorhynchus) charadrii,species,Animalia,Plagiorhynchus charadrii,accepted,TRUE
de6d6e90-99c2-49eb-944c-74256d70fc6c,species,Animalia,t0035937,Plagiorhynchus (Prosthorhynchus) golvani,species,Animalia,Plagiorhynchus golvani,accepted,TRUE
d9dead89-55de-4bcd-abeb-0eda97d93f4d,species,Animalia,t0035938,Plagiorhynchus (Prosthorhynchus) malayensis,species,Animalia,Plagiorhynchus malayensis,accepted,TRUE
7c6b2703-c29f-4f48-9d5d-34b806a5032d,species,Animalia,t0035939,Plagiorhynchus (Prosthorhynchus) taiwanensis,species,Animalia,Plagiorhynchus taiwanensis,accepted,TRUE
b26feeb6-ddf2-402c-95c9-0112fee44780,infraspecies,Animalia,t0086084,Perscheloribates clavatus clavatus torquatu,subspecies,Animalia,Perscheloribates clavatus torquatu,accepted,TRUE
8d708b22-6aca-416a-bf08-ae1ba742a467,infraspecies,Animalia,t0085327,Belba verrucosa verrucosa japonica,subspecies,Animalia,Belba verrucosa japonica,accepted,TRUE
16c1850f-e30a-41ad-be9c-2e833c05ff34,infraspecies,Animalia,t0086054,Parachipteria distincta distincta incurva,subspecies,Animalia,Parachipteria distincta incurva,accepted,TRUE
9e129a0f-5c10-48fd-8586-419659dfb593,infraspecies,Animalia,t0085587,Dolichermaeus infrequens infrequens taiwanus,subspecies,Animalia,Dolichermaeus infrequens taiwanus,accepted,TRUE
dcf4a0e0-fc20-442b-aae6-4ea0cc2b4306,infraspecies,Animalia,t0086080,Pergalumna magnipora magnipora capillaris,subspecies,Animalia,Pergalumna magnipora capillaris,accepted,TRUE
c41aafa7-54ea-4ff2-8a04-6ee407e60e35,infraspecies,Animalia,t0085748,Heterobelba stellifera stellifera formosana,subspecies,Animalia,Heterobelba stellifera formosana,accepted,TRUE
0395e14d-030d-4ea9-aa04-4c0a0a62be24,infraspecies,Animalia,t0085554,Defectamerus crassisetiger crassisetiger australis,subspecies,Animalia,Defectamerus crassisetiger australis,accepted,TRUE
5f2e8112-e9ce-4b56-a905-c8ea839adcc3,infraspecies,Animalia,t0085114,Withius australasiae australasiae formosanus,subspecies,Animalia,Withius australasiae formosanus,accepted,TRUE
a2f9fe78-7be6-492a-b2fc-f757699dbdc7,infraspecies,Animalia,t0086367,Tokunosia tenuipes tenuipes taiwana,subspecies,Animalia,Tokunosia tenuipes taiwana,accepted,TRUE
64d839e2-2601-417c-978c-23e5d65d29dd,infraspecies,Animalia,t0085818,Leiobunum japonicum japonicum taiwanum,subspecies,Animalia,Leiobunum japonicum taiwanum,accepted,TRUE
4a693596-7692-4f73-9b17-5ab799b19b3f,infraspecies,Animalia,t0085819,Leiobunum maximum maximum formosum,subspecies,Animalia,Leiobunum maximum formosum,accepted,TRUE
be5562e8-d056-4c97-8515-a51f7a8d4fe8,infraspecies,Animalia,t0085820,Leiobunum maximum maximum yushan,subspecies,Animalia,Leiobunum maximum yushan,accepted,TRUE
77f4f2f9-df58-420c-9989-729650ea035a,infraspecies,Animalia,t0085549,Cythere lutea lutea omotenipponica,subspecies,Animalia,Cythere lutea omotenipponica,accepted,TRUE
4cd5b696-2453-4ec7-ad2a-e3a71fd7d325,infraspecies,Animalia,t0085550,Cythere lutea lutea uranipponica,subspecies,Animalia,Cythere lutea uranipponica,accepted,TRUE
4d977426-49e3-453c-b5f5-3770bc7b5925,infraspecies,Animalia,t0085636,Ephyrina figueirai figueirai spinicauda,subspecies,Animalia,Ephyrina figueirai spinicauda,accepted,TRUE
563485bf-6e92-4f81-af9f-cd910f1d4083,infraspecies,Animalia,t0086062,Parapontophilus gracilis gracilis junceus,subspecies,Animalia,Parapontophilus gracilis junceus,accepted,TRUE
656b6235-4254-498a-890d-4b825967e93d,infraspecies,Animalia,t0085899,Metapenaeopsis mogiensis mogiensis intermedia,subspecies,Animalia,Metapenaeopsis mogiensis intermedia,accepted,TRUE
6bae5433-d890-4705-93fb-597f4f53516b,infraspecies,Animalia,t0085125,Metapenaeopsis provocatoria provocatoria longirostris,subspecies,Animalia,Metapenaeopsis provocatoria longirostris,accepted,TRUE
95823ffe-c430-4dc9-91d6-ec1e42306639,infraspecies,Animalia,t0086077,Penaeus latisulcatus latisulcatus hathor,subspecies,Animalia,Penaeus latisulcatus hathor,accepted,TRUE
d6dca9ff-465e-48c9-880d-153993842e3e,infraspecies,Animalia,t0086050,Panulirus longipes longipes bispinosus,subspecies,Animalia,Panulirus longipes bispinosus,accepted,TRUE
b18298cf-817f-4096-b802-2fd9fa3c24d5,infraspecies,Animalia,t0086051,Panulirus longipes longipes longipes,subspecies,Animalia,Panulirus longipes longipes,accepted,TRUE
c44c863f-1a0f-46d3-a732-370225532e1b,infraspecies,Animalia,t0085563,Diacyclops crassicaudis crassicaudis taipehensis,subspecies,Animalia,Diacyclops crassicaudis taipehensis,accepted,TRUE
5dfedc44-da6e-44ac-9240-f0708d63bb99,infraspecies,Animalia,t0085871,Macrocyclops albidus albidus oligolasius,subspecies,Animalia,Macrocyclops albidus oligolasius,accepted,TRUE
15d77e6c-ed45-475a-88e3-9c54bcb9dba8,infraspecies,Animalia,t0085894,Mesocyclops leuckarti leuckarti aequatorialis,subspecies,Animalia,Mesocyclops leuckarti aequatorialis,accepted,TRUE
a18f1189-079d-43d4-b42f-0ad75bab8fc5,infraspecies,Animalia,t0085529,Cyclops crassicaudis crassicaudis taipehensis,subspecies,Animalia,Cyclops crassicaudis taipehensis,accepted,TRUE
21d31483-ec22-4c80-b3ee-cfd735e199cd,infraspecies,Animalia,t0085644,Euchirella messinensis messinensis indica,subspecies,Animalia,Euchirella messinensis indica,accepted,TRUE
e56784f1-07f5-40c5-b04e-11f9ff88f97f,infraspecies,Animalia,t0085595,Echinocamptus hiemalis hiemalis elongatus,subspecies,Animalia,Echinocamptus hiemalis elongatus,accepted,TRUE
e7f2fb23-fc42-4408-aead-31c249a7387c,infraspecies,Animalia,t0086365,Tisbe furcata furcata furcata,subspecies,Animalia,Tisbe furcata furcata,accepted,TRUE
665abb63-b487-4c52-a485-c8c17b25d08e,infraspecies,Animalia,t0086342,Tetraclita japonica japonica japonica,subspecies,Animalia,Tetraclita japonica japonica,accepted,TRUE
be993ac7-4676-4844-b3f5-d96898dc5428,infraspecies,Animalia,t0085244,Annandaleum japonicum japonicum biramosum,subspecies,Animalia,Annandaleum japonicum biramosum,accepted,TRUE
b67c285d-3ef6-4027-bdd8-f797e92e2691,infraspecies,Animalia,t0085364,Caligus pagrosomi pagrosomi pagrosomi,subspecies,Animalia,Caligus pagrosomi pagrosomi,accepted,TRUE
16715a4e-963b-46ce-906a-706eb3775028,infraspecies,Animalia,t0085365,Caligus pagrosomi pagrosomi schlegeli,subspecies,Animalia,Caligus pagrosomi schlegeli,accepted,TRUE
78d85d12-6fff-470c-90c8-87f65cf41777,infraspecies,Animalia,t0086268,Spirobolus formosae formosae formosae,subspecies,Animalia,Spirobolus formosae formosae,accepted,TRUE
e36fa10b-1740-4716-8190-5871cb277cd3,infraspecies,Animalia,t0086239,Scolopendra subspinipes subspinipes dehanni,subspecies,Animalia,Scolopendra subspinipes dehanni,accepted,TRUE
e4ae5935-b182-4859-a191-275913f0ce87,infraspecies,Animalia,t0086240,Scolopendra subspinipes subspinipes japonica,subspecies,Animalia,Scolopendra subspinipes japonica,accepted,TRUE
a22e951b-1ad3-46f1-9e04-9126a3101384,infraspecies,Animalia,t0086241,Scolopendra subspinipes subspinipes mutilans,subspecies,Animalia,Scolopendra subspinipes mutilans,accepted,TRUE
ceee261b-8ce9-4b86-adac-e468800d1dd8,infraspecies,Animalia,t0031959,Platybelone argalus argalus platyura,subspecies,Animalia,Platybelone argalus platyura,accepted,TRUE
cb24d801-ac9f-42f4-9f94-ba8042400506,infraspecies,Animalia,t0028422,Tylosurus acus acus melanotus,subspecies,Animalia,Tylosurus acus melanotus,accepted,TRUE
469a9707-edba-4e2c-8660-a7a2158f6469,infraspecies,Animalia,t0028423,Tylosurus crocodilus crocodilus crocodilus,subspecies,Animalia,Tylosurus crocodilus crocodilus,accepted,TRUE
44fe68ac-1508-444f-8fa6-ead5d1a788b5,infraspecies,Animalia,t0030372,Cheilopogon pinnatibarbatus pinnatibarbatus pinnatibarbatus,subspecies,Animalia,Cheilopogon pinnatibarbatus pinnatibarbatus,accepted,TRUE
f02d5c58-d1eb-4c39-babf-9a52501ff624,infraspecies,Animalia,t0031421,Oxyporhamphus micropterus micropterus micropterus,subspecies,Animalia,Oxyporhamphus micropterus micropterus,accepted,TRUE
105bbfb8-40e0-4546-ab05-837a805c87ad,infraspecies,Animalia,t0057862,Auxis rochei rochei rochei,subspecies,Animalia,Auxis rochei rochei,accepted,TRUE
8d3084b0-e151-400f-8725-586732735fba,infraspecies,Animalia,t0057863,Auxis thazard thazard thazard,subspecies,Animalia,Auxis thazard thazard,accepted,TRUE
9ad09141-4d73-4b31-950a-0336289fd732,infraspecies,Animalia,t0028000,Microphis brachyurus brachyurus brachyurus,subspecies,Animalia,Microphis brachyurus brachyurus,accepted,TRUE
b9af0d4d-76a2-4352-bf58-1003f2f2a47c,infraspecies,Animalia,t0030148,Carassius auratus auratus auratus,subspecies,Animalia,Carassius auratus auratus,accepted,TRUE
dc144689-0d47-4763-b98a-bc3a29f01386,infraspecies,Animalia,t0030862,Cyprinus carpio carpio carpio,subspecies,Animalia,Cyprinus carpio carpio,accepted,TRUE
1d3ea5e8-66ae-42db-8d80-a20f84ad82e8,infraspecies,Animalia,t0032499,Rhodeus ocellatus ocellatus ocellatus,subspecies,Animalia,Rhodeus ocellatus ocellatus,accepted,TRUE
37aec795-14b1-40a0-ae19-9995f8bc7983,infraspecies,Animalia,t0084657,Anguilla bicolor bicolor pacifica,subspecies,Animalia,Anguilla bicolor pacifica,accepted,TRUE
fa3e55a0-1995-4ad9-afaa-9df2c566a0f9,infraspecies,Animalia,t0084823,Hymenocephalus striatissimus striatissimus striatissimus,subspecies,Animalia,Hymenocephalus striatissimus striatissimus,accepted,TRUE
3f507d1c-8ff3-453e-8ce2-1b6637b5767e,infraspecies,Animalia,t0032711,Scopelogadus mizolepis mizolepis mizolepis,subspecies,Animalia,Scopelogadus mizolepis mizolepis,accepted,TRUE
ca2b07d8-03bc-42b2-b824-6f8bcae73e8c,infraspecies,Animalia,t0031978,Plecoglossus altivelis altivelis altivelis,subspecies,Animalia,Plecoglossus altivelis altivelis,accepted,TRUE
aadd267f-ab0c-49b8-a44b-3b6edfe5c95e,infraspecies,Animalia,t0085390,Carpodacus erythrinus erythrinus grebnitskii,subspecies,Animalia,Carpodacus erythrinus grebnitskii,accepted,TRUE
fbad454c-8781-4a8c-84a2-2b2e2471d666,infraspecies,Animalia,t0085391,Carpodacus roseus roseus roseus,subspecies,Animalia,Carpodacus roseus roseus,accepted,TRUE
7f8fd728-66a2-4db0-9b68-d800afb161f0,infraspecies,Animalia,t0030601,Coccothraustes coccothraustes coccothraustes japonicus,subspecies,Animalia,Coccothraustes coccothraustes japonicus,accepted,TRUE
03b42dc5-83f9-43fa-bd64-984da7636797,infraspecies,Animalia,t0085631,Eophona migratoria migratoria migratoria,subspecies,Animalia,Eophona migratoria migratoria,accepted,TRUE
6b7d2fc7-7a6c-44c8-a5da-ce38d891d894,infraspecies,Animalia,t0028921,Eophona personata personata personata,subspecies,Animalia,Eophona personata personata,accepted,TRUE
9fcacb86-3180-45e8-a673-b3750570a5ea,infraspecies,Animalia,t0085632,Eophona personata personata magnirostris,subspecies,Animalia,Eophona personata magnirostris,accepted,TRUE
018d7267-88f1-402f-830b-4630eb607d0e,infraspecies,Animalia,t0100976,Pyrrhula nipalensis nipalensis uchidai,subspecies,Animalia,Pyrrhula nipalensis uchidai,accepted,TRUE
6776d8b1-65dd-4d21-b2ff-eb4c0f187440,infraspecies,Animalia,t0086196,Pyrrhula pyrrhula pyrrhula griseiventris,subspecies,Animalia,Pyrrhula pyrrhula griseiventris,accepted,TRUE
07d00afd-5120-4bf1-9baa-7a2f019b05e6,infraspecies,Animalia,t0103443,Chloris sinica sinica kawarahiba,subspecies,Animalia,Chloris sinica kawarahiba,accepted,TRUE
3c1a7e15-85f9-4e3c-8c64-f0b647715d7a,infraspecies,Animalia,t0085451,Chloris sinica sinica sinica,subspecies,Animalia,Chloris sinica sinica,accepted,TRUE
25535de6-8e38-4b6d-abec-df7c96767537,infraspecies,Animalia,t0085171,Acridotheres cristatellus cristatellus formosanus,subspecies,Animalia,Acridotheres cristatellus formosanus,accepted,TRUE
74b1b544-85c2-44cc-ac1d-463ac1c1a3f2,infraspecies,Animalia,t0085170,Acridotheres cristatellus cristatellus cristatellus,subspecies,Animalia,Acridotheres cristatellus cristatellus,accepted,TRUE
0ee58031-c8a4-4a19-b86b-289b52c26a3a,infraspecies,Animalia,t0085172,Acridotheres tristis tristis tristis,subspecies,Animalia,Acridotheres tristis tristis,accepted,TRUE
4a8b6baf-dea8-4cc7-a2a0-bc8fb9e389d3,infraspecies,Animalia,t0086306,Sturnia malabarica malabarica nemoricola,subspecies,Animalia,Sturnia malabarica nemoricola,accepted,TRUE
20cec283-49cb-4f0b-9516-e15b823c9bf1,infraspecies,Animalia,t0086307,Sturnus vulgaris vulgaris poltaratskyi,subspecies,Animalia,Sturnus vulgaris poltaratskyi,accepted,TRUE
e0b4b35f-f0c8-4d5d-8e40-bc307837dc8e,infraspecies,Animalia,t0085285,Arundinax aedon aedon rufescens,subspecies,Animalia,Arundinax aedon rufescens,accepted,TRUE
a0d2fed4-7813-491e-9bd4-f11609948a95,infraspecies,Animalia,t0029282,Garrulax canorus canorus canorus,subspecies,Animalia,Garrulax canorus canorus,accepted,TRUE
da672855-46d2-48fb-a808-0d69bea75af1,infraspecies,Animalia,t0057605,Alauda arvensis arvensis intermedia,subspecies,Animalia,Alauda arvensis intermedia,accepted,TRUE
d69e3872-b695-4ffc-a91d-0b9c2a77343e,infraspecies,Animalia,t0057607,Alauda gulgula gulgula wattersi,subspecies,Animalia,Alauda gulgula wattersi,accepted,TRUE
9472d259-7d45-491b-9cdf-a71df39b5fb1,infraspecies,Animalia,t0057606,Alauda gulgula gulgula coelivox,subspecies,Animalia,Alauda gulgula coelivox,accepted,TRUE
cf1e99de-2561-42a8-bc6e-311f42d5fbeb,infraspecies,Animalia,t0085260,Anthus gustavi gustavi gustavi,subspecies,Animalia,Anthus gustavi gustavi,accepted,TRUE
888cfe35-ff7a-42b5-82a6-85da821b2c09,infraspecies,Animalia,t0085261,Anthus hodgsoni hodgsoni hodgsoni,subspecies,Animalia,Anthus hodgsoni hodgsoni,accepted,TRUE
53ed2593-30f2-4b5d-9abd-4500007cfb08,infraspecies,Animalia,t0085262,Anthus hodgsoni hodgsoni yunnanensis,subspecies,Animalia,Anthus hodgsoni yunnanensis,accepted,TRUE
70e0066b-adc5-4e87-9372-3833bc248e24,infraspecies,Animalia,t0085263,Anthus pratensis pratensis pratensis,subspecies,Animalia,Anthus pratensis pratensis,accepted,TRUE
42914914-e05d-4b5d-ae0c-f811b8a4690c,infraspecies,Animalia,t0085264,Anthus richardi richardi dauricus,subspecies,Animalia,Anthus richardi dauricus,accepted,TRUE
51b9a226-1276-49d2-af6c-f86d56bc78cb,infraspecies,Animalia,t0085265,Anthus richardi richardi ussuriensis,subspecies,Animalia,Anthus richardi ussuriensis,accepted,TRUE
a3081e79-b4e5-4ad7-a9e8-079d8ff3fd96,infraspecies,Animalia,t0085267,Anthus spinoletta spinoletta blakistoni,subspecies,Animalia,Anthus spinoletta blakistoni,accepted,TRUE
245c4d29-02bd-43f1-ae86-b0ad137f1fec,infraspecies,Animalia,t0085268,Anthus trivialis trivialis trivialis,subspecies,Animalia,Anthus trivialis trivialis,accepted,TRUE
4c55ba23-9205-47ed-a9e2-868a312c96bc,infraspecies,Animalia,t0085936,Motacilla alba alba lugens,subspecies,Animalia,Motacilla alba lugens,accepted,TRUE
07a3a833-0a34-45f4-895f-8b20884c129f,infraspecies,Animalia,t0103446,Motacilla alba alba leucopsis,subspecies,Animalia,Motacilla alba leucopsis,accepted,TRUE
e483cb27-8ee7-4c45-8788-48a5947f1363,infraspecies,Animalia,t0085937,Motacilla alba alba ocularis,subspecies,Animalia,Motacilla alba ocularis,accepted,TRUE
08f25909-8a0a-4ec7-810f-eb1db1ac4184,infraspecies,Animalia,t0028109,Motacilla alba alba baicalensis,subspecies,Animalia,Motacilla alba baicalensis,accepted,TRUE
a1100897-c944-4066-a88d-3d086a21b1f0,infraspecies,Animalia,t0028110,Motacilla alba alba dukhunensis,subspecies,Animalia,Motacilla alba dukhunensis,accepted,TRUE
b5496d69-bc9c-4930-861f-8b7bd9d1e993,infraspecies,Animalia,t0085939,Motacilla cinerea cinerea cinerea,subspecies,Animalia,Motacilla cinerea cinerea,accepted,TRUE
5595f8ed-6f48-49e7-ae2b-f56603633648,infraspecies,Animalia,t0085940,Motacilla citreola citreola citreola,subspecies,Animalia,Motacilla citreola citreola,accepted,TRUE
e6cda6f3-e1ae-4d45-93e5-8899b23900f3,infraspecies,Animalia,t0028111,Motacilla flava flava thunbergi,subspecies,Animalia,Motacilla flava thunbergi,accepted,TRUE
2959ea17-86a2-439b-bf09-20d91c924c96,infraspecies,Animalia,t0085941,Motacilla flava flava lutea,subspecies,Animalia,Motacilla flava lutea,accepted,TRUE
b0aeff40-5a65-4bfc-b9d5-3a62101a3dda,infraspecies,Animalia,t0085127,Motacilla tschutschensis tschutschensis tschutschensis,subspecies,Animalia,Motacilla tschutschensis tschutschensis,accepted,TRUE
e5ab17fb-88e9-42d8-b6b0-08591e8520b7,infraspecies,Animalia,t0085942,Motacilla tschutschensis tschutschensis macronyx,subspecies,Animalia,Motacilla tschutschensis macronyx,accepted,TRUE
abcc8154-653d-46a2-a6a4-8f3c083acedd,infraspecies,Animalia,t0085943,Motacilla tschutschensis tschutschensis taivana,subspecies,Animalia,Motacilla tschutschensis taivana,accepted,TRUE
80736154-3946-41d3-868e-352d78c707c2,infraspecies,Animalia,t0029907,Bombycilla garrulus garrulus garrulus,subspecies,Animalia,Bombycilla garrulus garrulus,accepted,TRUE
758e0c4d-ec49-4c73-91a1-620eeca20267,infraspecies,Animalia,t0085493,Copsychus saularis saularis saularis,subspecies,Animalia,Copsychus saularis saularis,accepted,TRUE
3d4f3023-acd3-45fe-ae37-2ccfee35be17,infraspecies,Animalia,t0085527,Cyanoptila cyanomelana cyanomelana cyanomelana,subspecies,Animalia,Cyanoptila cyanomelana cyanomelana,accepted,TRUE
4939e0f2-ac3d-407c-92da-035235044da9,infraspecies,Animalia,t0029205,Ficedula hyperythra hyperythra innexa,subspecies,Animalia,Ficedula hyperythra innexa,accepted,TRUE
62a55bbe-21ca-4c16-bbff-168d8d76b261,infraspecies,Animalia,t0085811,Larvivora cyane cyane bochaiensis,subspecies,Animalia,Larvivora cyane bochaiensis,accepted,TRUE
580aed3d-062c-414a-876c-7cec93ad6d92,infraspecies,Animalia,t0085812,Larvivora cyane cyane cyane,subspecies,Animalia,Larvivora cyane cyane,accepted,TRUE
d67446c5-0a6f-4b5b-bf75-19ef3300cb4b,infraspecies,Animalia,t0028094,Monticola solitarius solitarius philippensis,subspecies,Animalia,Monticola solitarius philippensis,accepted,TRUE
0df71c7a-798d-4b92-b56f-974f6b7edc42,infraspecies,Animalia,t0028093,Monticola solitarius solitarius pandoo,subspecies,Animalia,Monticola solitarius pandoo,accepted,TRUE
97166694-e7a0-4058-9323-34494047cb92,infraspecies,Animalia,t0085947,Muscicapa dauurica dauurica dauurica,subspecies,Animalia,Muscicapa dauurica dauurica,accepted,TRUE
fc4a725b-de7d-4f9d-82a1-fc592d75333c,infraspecies,Animalia,t0085948,Muscicapa sibirica sibirica sibirica,subspecies,Animalia,Muscicapa sibirica sibirica,accepted,TRUE
ceafe56d-4595-4aad-88e9-557daaf8167f,infraspecies,Animalia,t0085969,Niltava sundara sundara denotata,subspecies,Animalia,Niltava sundara denotata,accepted,TRUE
afac38c1-dd68-4408-a2db-212704852aa9,infraspecies,Animalia,t0085999,Oenanthe deserti deserti oreophila,subspecies,Animalia,Oenanthe deserti oreophila,accepted,TRUE
a5d3df95-f3dd-4942-be21-cd4327a33303,infraspecies,Animalia,t0103447,Oenanthe deserti deserti atrogularis,subspecies,Animalia,Oenanthe deserti atrogularis,accepted,TRUE
d67e98b5-9dbb-47a3-9f53-e87bca8eadd3,infraspecies,Animalia,t0086000,Oenanthe oenanthe oenanthe oenanthe,subspecies,Animalia,Oenanthe oenanthe oenanthe,accepted,TRUE
023a93a2-5d5e-407c-95f7-c923f8bda448,infraspecies,Animalia,t0086101,Phoenicurus auroreus auroreus auroreus,subspecies,Animalia,Phoenicurus auroreus auroreus,accepted,TRUE
cb356438-6649-4f2b-82af-fb6cfcef282a,infraspecies,Animalia,t0031833,Phoenicurus fuliginosus fuliginosus affinis,subspecies,Animalia,Phoenicurus fuliginosus affinis,accepted,TRUE
9c7ee1eb-c57b-437f-9517-b4e941caa556,infraspecies,Animalia,t0086102,Phoenicurus fuliginosus fuliginosus fuliginosus,subspecies,Animalia,Phoenicurus fuliginosus fuliginosus,accepted,TRUE
725d4322-933a-45ea-a5f7-103eb4e272c5,infraspecies,Animalia,t0086103,Phoenicurus ochruros ochruros rufiventris,subspecies,Animalia,Phoenicurus ochruros rufiventris,accepted,TRUE
50595939-0fd1-4793-ae54-71dbb76abfa7,infraspecies,Animalia,t0086227,Saxicola ferreus ferreus haringtoni,subspecies,Animalia,Saxicola ferreus haringtoni,accepted,TRUE
0d7e3678-71c8-494a-a131-f719c865223e,infraspecies,Animalia,t0085343,Brachypteryx leucophris leucophris carolinae,subspecies,Animalia,Brachypteryx leucophris carolinae,accepted,TRUE
7a1e7ef8-f28d-43d1-97b7-c95dc275b04d,infraspecies,Animalia,t0085367,Calliope calliope calliope camtschatkensis,subspecies,Animalia,Calliope calliope camtschatkensis,accepted,TRUE
ef8db97c-61fb-4655-b57e-f0357f1fda5c,infraspecies,Animalia,t0085366,Calliope calliope calliope calliope,subspecies,Animalia,Calliope calliope calliope,accepted,TRUE
2a067f71-4558-41d1-a01f-6633ee16425a,infraspecies,Animalia,t0085957,Myiomela leucura leucura montium,subspecies,Animalia,Myiomela leucura montium,accepted,TRUE
78fbfc69-ece2-4188-bc6a-feb95dce9704,infraspecies,Animalia,t0085625,Enicurus scouleri scouleri fortis,subspecies,Animalia,Enicurus scouleri fortis,accepted,TRUE
ee08a6cd-d0ec-4150-b3e8-f51736f545bb,infraspecies,Animalia,t0029079,Eumyias thalassinus thalassinus thalassinus,subspecies,Animalia,Eumyias thalassinus thalassinus,accepted,TRUE
37577c41-cdc9-4852-9f07-a1a19fefd89d,infraspecies,Animalia,t0085865,Luscinia svecica svecica svecica,subspecies,Animalia,Luscinia svecica svecica,accepted,TRUE
9d5152ec-411e-4b76-b98d-19a0fdef1a90,infraspecies,Animalia,t0085497,Corvus corone corone orientalis,subspecies,Animalia,Corvus corone orientalis,accepted,TRUE
e7ea8c85-e4e8-4ee2-8b9a-6a4d0bf1608b,infraspecies,Animalia,t0085498,Corvus frugilegus frugilegus pastinator,subspecies,Animalia,Corvus frugilegus pastinator,accepted,TRUE
cc944fac-1b91-4fcd-beee-4bf7062abd12,infraspecies,Animalia,t0085499,Corvus macrorhynchos macrorhynchos colonorum,subspecies,Animalia,Corvus macrorhynchos colonorum,accepted,TRUE
c53cb110-817c-45d0-8c82-9cbe8218d63e,infraspecies,Animalia,t0085500,Corvus splendens splendens insolens,subspecies,Animalia,Corvus splendens insolens,accepted,TRUE
e820d0f8-4a48-4885-a735-0adf9b0a8ed1,infraspecies,Animalia,t0085559,Dendrocitta formosae formosae formosae,subspecies,Animalia,Dendrocitta formosae formosae,accepted,TRUE
96aa90ee-9d14-415c-a446-24680625bfe7,infraspecies,Animalia,t0085560,Dendrocitta formosae formosae sinica,subspecies,Animalia,Dendrocitta formosae sinica,accepted,TRUE
cbe213a8-cdb5-432a-b46f-e54548d75d1b,infraspecies,Animalia,t0029283,Garrulus glandarius glandarius taivanus,subspecies,Animalia,Garrulus glandarius taivanus,accepted,TRUE
6c40792c-03a9-45ac-a176-a0a947b7d22b,infraspecies,Animalia,t0085982,Nucifraga hemispila hemispila owstoni,subspecies,Animalia,Nucifraga hemispila owstoni,accepted,TRUE
3f193303-d623-46b8-b9ac-a44e5b7a6172,infraspecies,Animalia,t0085571,Dicrurus aeneus aeneus braunianus,subspecies,Animalia,Dicrurus aeneus braunianus,accepted,TRUE
9564f099-9a4f-432c-909a-1133a4c3617d,infraspecies,Animalia,t0085572,Dicrurus hottentottus hottentottus brevirostris,subspecies,Animalia,Dicrurus hottentottus brevirostris,accepted,TRUE
292f9c9f-8b86-452d-a0b5-59139f9a4e9b,infraspecies,Animalia,t0085573,Dicrurus leucophaeus leucophaeus leucogenis,subspecies,Animalia,Dicrurus leucophaeus leucogenis,accepted,TRUE
e2be2732-949b-4735-b8b4-123128e0a942,infraspecies,Animalia,t0085574,Dicrurus macrocercus macrocercus cathoecus,subspecies,Animalia,Dicrurus macrocercus cathoecus,accepted,TRUE
c0af0a31-1087-4601-b1b6-945642537e16,infraspecies,Animalia,t0085575,Dicrurus macrocercus macrocercus harterti,subspecies,Animalia,Dicrurus macrocercus harterti,accepted,TRUE
32917a0d-f100-44dc-a059-ec6f3f6f1730,infraspecies,Animalia,t0085611,Emberiza aureola aureola ornata,subspecies,Animalia,Emberiza aureola ornata,accepted,TRUE
fef25f3c-3feb-4a76-ae9e-3fd275f75347,infraspecies,Animalia,t0028847,Emberiza cioides cioides castaneiceps,subspecies,Animalia,Emberiza cioides castaneiceps,accepted,TRUE
32190dc8-f020-4ba2-bb9d-adbe3ec39d48,infraspecies,Animalia,t0085612,Emberiza elegans elegans elegans,subspecies,Animalia,Emberiza elegans elegans,accepted,TRUE
013c10b8-7fb9-412d-b7e2-e8104dd0d4b3,infraspecies,Animalia,t0085613,Emberiza fucata fucata fucata,subspecies,Animalia,Emberiza fucata fucata,accepted,TRUE
1fce5c5f-75ca-4b5f-9bca-2c7cfda06aea,infraspecies,Animalia,t0085614,Emberiza fucata fucata kuatunensis,subspecies,Animalia,Emberiza fucata kuatunensis,accepted,TRUE
62511ccc-6edf-4054-a3bb-ea69ebbc25c3,infraspecies,Animalia,t0085615,Emberiza leucocephalos leucocephalos leucocephalos,subspecies,Animalia,Emberiza leucocephalos leucocephalos,accepted,TRUE
3ec5e648-2f8d-4dad-b1f3-ef4a574dc79a,infraspecies,Animalia,t0085616,Emberiza pallasi pallasi polaris,subspecies,Animalia,Emberiza pallasi polaris,accepted,TRUE
4d7ef9a0-f730-49fd-abeb-84727fc37463,infraspecies,Animalia,t0085617,Emberiza schoeniclus schoeniclus pallidior,subspecies,Animalia,Emberiza schoeniclus pallidior,accepted,TRUE
0e91b442-5f18-4a05-a6cc-a0df429a1351,infraspecies,Animalia,t0028848,Emberiza spodocephala spodocephala spodocephala,subspecies,Animalia,Emberiza spodocephala spodocephala,accepted,TRUE
a86417d4-9eac-4c76-95f0-db730bc71f85,infraspecies,Animalia,t0085619,Emberiza spodocephala spodocephala sordida,subspecies,Animalia,Emberiza spodocephala sordida,accepted,TRUE
fa4513a2-a6a6-419e-a52a-09a249227261,infraspecies,Animalia,t0085620,Emberiza yessoensis yessoensis continentalis,subspecies,Animalia,Emberiza yessoensis continentalis,accepted,TRUE
a6dab7b0-f273-4e20-91b2-2da85be91cb6,infraspecies,Animalia,t0029029,Estrilda melpoda melpoda melpoda,subspecies,Animalia,Estrilda melpoda melpoda,accepted,TRUE
9830adf2-86ce-4471-9b22-d6df1ad24538,infraspecies,Animalia,t0027553,Lonchura atricapilla atricapilla formosana,subspecies,Animalia,Lonchura atricapilla formosana,accepted,TRUE
099552d8-6b9d-4f92-9667-a690fe0c286c,infraspecies,Animalia,t0027554,Lonchura atricapilla atricapilla sinensis,subspecies,Animalia,Lonchura atricapilla sinensis,accepted,TRUE
1dc2ca35-a992-4753-b6e8-d609774848dc,infraspecies,Animalia,t0085855,Lonchura atricapilla atricapilla jagori,subspecies,Animalia,Lonchura atricapilla jagori,accepted,TRUE
69e21abf-b727-4b43-8fe6-d5fd3adf1ad5,infraspecies,Animalia,t0085854,Lonchura atricapilla atricapilla deignani,subspecies,Animalia,Lonchura atricapilla deignani,accepted,TRUE
8e21adba-2006-40d2-9c14-55b1a88f47c1,infraspecies,Animalia,t0027555,Lonchura punctulata punctulata topela,subspecies,Animalia,Lonchura punctulata topela,accepted,TRUE
940bad35-bee9-4eea-8049-e0d4f5a222a5,infraspecies,Animalia,t0027556,Lonchura striata striata swinhoei,subspecies,Animalia,Lonchura striata swinhoei,accepted,TRUE
1f7663d2-62ae-49d2-ad7d-758ff643c641,infraspecies,Animalia,t0086251,Sinosuthora webbiana webbianus bulomachus,subspecies,Animalia,Paradoxornis webbianus bulomachus,accepted,TRUE
0a9363b2-0192-4bd3-a555-43cd6bcb5d92,infraspecies,Animalia,t0086311,Suthora verreauxi verreauxi morrisoniana,subspecies,Animalia,Suthora verreauxi morrisoniana,accepted,TRUE
4b4c1968-3ecd-41bc-8f58-6ce562419e6f,infraspecies,Animalia,t0085703,Geokichla sibirica sibirica davisoni,subspecies,Animalia,Geokichla sibirica davisoni,accepted,TRUE
12825570-c385-4fc5-965e-56851cfab6e5,infraspecies,Animalia,t0085704,Geokichla sibirica sibirica sibirica,subspecies,Animalia,Geokichla sibirica sibirica,accepted,TRUE
8c444c42-ea52-4fab-9e49-ceeda6697bac,infraspecies,Animalia,t0086400,Turdus chrysolaus chrysolaus chrysolaus,subspecies,Animalia,Turdus chrysolaus chrysolaus,accepted,TRUE
c93d5131-4343-4a7e-a35b-f4a118d01244,infraspecies,Animalia,t0028405,Turdus mandarinus mandarinus mandarinus,subspecies,Animalia,Turdus mandarinus mandarinus,accepted,TRUE
9d228fcf-9b97-4431-be6b-9dc500323656,infraspecies,Animalia,t0086449,Zoothera aurea aurea aurea,subspecies,Animalia,Zoothera aurea aurea,accepted,TRUE
afcba86e-e370-45fc-9b98-4feb057b5330,infraspecies,Animalia,t0085115,Zoothera aurea aurea toratugumi,subspecies,Animalia,Zoothera aurea toratugumi,accepted,TRUE
b16e18d9-a49b-4086-9926-9ecd06967018,infraspecies,Animalia,t0086450,Zoothera dauma dauma dauma,subspecies,Animalia,Zoothera dauma dauma,accepted,TRUE
03519181-616a-4f5b-87dd-36be6d1d7228,infraspecies,Animalia,t0029749,Horornis acanthizoides acanthizoides concolor,subspecies,Animalia,Cettia acanthizoides concolor,accepted,TRUE
632cc291-4d92-4336-a1d0-0e478a3061e3,infraspecies,Animalia,t0085766,Horornis diphone diphone cantans,subspecies,Animalia,Horornis diphone cantans,accepted,TRUE
2477859d-aaeb-46de-bf45-b7db7cc11831,infraspecies,Animalia,t0085767,Horornis diphone diphone viridis,subspecies,Animalia,Horornis diphone viridis,accepted,TRUE
d07b2dc5-4fca-427f-9eb5-4d858a6c6884,infraspecies,Animalia,t0105575,Horornis canturians canturians canturians,subspecies,Animalia,Horornis canturians canturians,accepted,TRUE
4357e4b5-3f7c-438d-9ec0-4d8cd953744e,infraspecies,Animalia,t0101095,Horornis fortipes fortipes robustipes,subspecies,Animalia,Horornis fortipes robustipes,accepted,TRUE
1fcc280e-3a9b-47cd-aaaa-25ef7309f36c,infraspecies,Animalia,t0085768,Horornis fortipes fortipes davidianus,subspecies,Animalia,Horornis fortipes davidianus,accepted,TRUE
67390182-f93f-4912-b5fd-ad81de94f140,infraspecies,Animalia,t0085154,Abroscopus albogularis albogularis fulvifacies,subspecies,Animalia,Abroscopus albogularis fulvifacies,accepted,TRUE
8aa24731-49ec-4439-854c-6a06be7bb90a,infraspecies,Animalia,t0085792,Lalage melaschistos melaschistos intermedia,subspecies,Animalia,Lalage melaschistos intermedia,accepted,TRUE
9f8e69bc-a3c4-46ae-a26a-621351271aee,infraspecies,Animalia,t0086081,Pericrocotus ethologus ethologus ethologus,subspecies,Animalia,Pericrocotus ethologus ethologus,accepted,TRUE
a752127b-923a-419b-8237-01f55029333e,infraspecies,Animalia,t0085494,Coracina javensis javensis rexpineti,subspecies,Animalia,Coracina javensis rexpineti,accepted,TRUE
cc30da87-5f00-4860-9312-6d4d77196a1c,infraspecies,Animalia,t0085796,Lanius bucephalus bucephalus bucephalus,subspecies,Animalia,Lanius bucephalus bucephalus,accepted,TRUE
86c74a57-083b-4a23-b336-6d6fe9cf1af4,infraspecies,Animalia,t0085797,Lanius collurioides collurioides collurioides,subspecies,Animalia,Lanius collurioides collurioides,accepted,TRUE
79640da4-bfb3-4cc9-abea-76fe46c312a3,infraspecies,Animalia,t0085799,Lanius cristatus cristatus cristatus,subspecies,Animalia,Lanius cristatus cristatus,accepted,TRUE
ba893bc3-208f-4e36-9042-5b5c5e5768f3,infraspecies,Animalia,t0027308,Lanius cristatus cristatus lucionensis,subspecies,Animalia,Lanius cristatus lucionensis,accepted,TRUE
39d5f3f0-4491-4623-94ce-0f60f0c8aed3,infraspecies,Animalia,t0085798,Lanius cristatus cristatus confusus,subspecies,Animalia,Lanius cristatus confusus,accepted,TRUE
917e2adf-6a26-4621-887a-8cdee1e3e24e,infraspecies,Animalia,t0085800,Lanius cristatus cristatus superciliosus,subspecies,Animalia,Lanius cristatus superciliosus,accepted,TRUE
715e85f6-310c-4537-98a4-8a1e2c525210,infraspecies,Animalia,t0085117,Lanius schach schach schach,subspecies,Animalia,Lanius schach schach,accepted,TRUE
d38d18fe-d765-4aea-b655-ffc08591de18,infraspecies,Animalia,t0085138,Helopsaltes certhiola certhiola certhiola,subspecies,Animalia,Helopsaltes certhiola certhiola,accepted,TRUE
8f275e1f-e4dd-46b4-be50-a51038c9f476,infraspecies,Animalia,t0027544,Locustella lanceolata lanceolata lanceolata,subspecies,Animalia,Locustella lanceolata lanceolata,accepted,TRUE
76df0983-7d3c-4e81-ac82-e689decc6276,infraspecies,Animalia,t0085852,Locustella lanceolata lanceolata hendersonii,subspecies,Animalia,Locustella lanceolata hendersonii,accepted,TRUE
c1221dfa-f1a5-4c4f-8803-788a2ddd353b,infraspecies,Animalia,t0085139,Helopsaltes ochotensis ochotensis ochotensis,subspecies,Animalia,Helopsaltes ochotensis ochotensis,accepted,TRUE
3a66f27f-b957-4abb-8df3-f4eb7b03fde2,infraspecies,Animalia,t0085140,Helopsaltes ochotensis ochotensis subcerthiola,subspecies,Animalia,Helopsaltes ochotensis subcerthiola,accepted,TRUE
d1806e25-f71b-4c45-b8c7-6cb62d373eb1,infraspecies,Animalia,t0104372,Periparus ater ater ptilosus,subspecies,Animalia,Periparus ater ptilosus,accepted,TRUE
ef09812a-2d80-4450-b311-e7aac9eb22ad,infraspecies,Animalia,t0086259,Sittiparus varius varius varius,subspecies,Animalia,Sittiparus varius varius,accepted,TRUE
135732d4-c890-4a1b-a904-d47def022f54,infraspecies,Animalia,t0031646,Parus cinereus cinereus commixtus,subspecies,Animalia,Parus cinereus commixtus,accepted,TRUE
60c16ff7-c3df-469f-ad85-84c16443859f,infraspecies,Animalia,t0031647,Parus monticolus monticolus insperatus,subspecies,Animalia,Parus monticolus insperatus,accepted,TRUE
9f84a519-c070-4703-9113-d6fcde1abc42,infraspecies,Animalia,t0030810,Cyanoderma ruficeps ruficeps praecognitum,subspecies,Animalia,Cyanoderma ruficeps praecognitum,accepted,TRUE
1d750c53-5643-4c77-aa32-f6e6e13dba32,infraspecies,Animalia,t0086104,Phylloscopus affinis affinis affinis,subspecies,Animalia,Phylloscopus affinis affinis,accepted,TRUE
734f659a-16f1-43a3-aa93-26ae99576711,infraspecies,Animalia,t0086105,Phylloscopus armandii armandii armandii,subspecies,Animalia,Phylloscopus armandii armandii,accepted,TRUE
b85ca7f7-52be-4ef1-818a-12a1ae80fdf4,infraspecies,Animalia,t0086106,Phylloscopus borealis borealis borealis,subspecies,Animalia,Phylloscopus borealis borealis,accepted,TRUE
3ff74878-5b89-441b-86c5-4cff31dc7766,infraspecies,Animalia,t0086108,Phylloscopus collybita collybita tristis,subspecies,Animalia,Phylloscopus collybita tristis,accepted,TRUE
9ac94a59-3fb3-49e0-a227-e2b89b1bec26,infraspecies,Animalia,t0086109,Phylloscopus fuscatus fuscatus fuscatus,subspecies,Animalia,Phylloscopus fuscatus fuscatus,accepted,TRUE
1e90eae6-b6da-46d2-a7d3-63b27100f7b4,infraspecies,Animalia,t0086110,Phylloscopus goodsoni goodsoni fokiensis,subspecies,Animalia,Phylloscopus goodsoni fokiensis,accepted,TRUE
5af0fa74-3f5e-4ce7-a501-cb516cddd01f,infraspecies,Animalia,t0086107,Phylloscopus castaniceps castaniceps sinensis,subspecies,Animalia,Phylloscopus castaniceps sinensis,accepted,TRUE
894bc6a0-7f54-4bf5-a436-dc094aad44ec,infraspecies,Animalia,t0086120,Pitta sordida sordida sordida,subspecies,Animalia,Pitta sordida sordida,accepted,TRUE
35f5b540-ef72-445b-85e0-63b70e3d1d95,infraspecies,Animalia,t0086160,Prunella collaris collaris fennelli,subspecies,Animalia,Prunella collaris fennelli,accepted,TRUE
1565402e-092d-4497-a53b-9d85d32a0f80,infraspecies,Animalia,t0086191,Pycnonotus aurigaster aurigaster chrysorrhoides,subspecies,Animalia,Pycnonotus aurigaster chrysorrhoides,accepted,TRUE
54b7ade7-1d63-44ff-87c1-1648197d8df8,infraspecies,Animalia,t0086192,Pycnonotus sinensis sinensis formosae,subspecies,Animalia,Pycnonotus sinensis formosae,accepted,TRUE
9bc8b754-43ec-44b8-bdcd-064666be7890,infraspecies,Animalia,t0086193,Pycnonotus sinensis sinensis sinensis,subspecies,Animalia,Pycnonotus sinensis sinensis,accepted,TRUE
15de920a-2e7a-4d41-b62c-02b11391a888,infraspecies,Animalia,t0085746,Hemixos castanonotus castanonotus canipennis,subspecies,Animalia,Hemixos castanonotus canipennis,accepted,TRUE
12f55031-e66e-40df-8171-03a4064270ac,infraspecies,Animalia,t0104373,Hypsipetes amaurotis amaurotis nagamichii,subspecies,Animalia,Hypsipetes amaurotis nagamichii,accepted,TRUE
e54e81d5-264f-4e85-9924-122d4ee05081,infraspecies,Animalia,t0085778,Hypsipetes amaurotis amaurotis amaurotis,subspecies,Animalia,Hypsipetes amaurotis amaurotis,accepted,TRUE
6bdc33fb-7685-4f7f-814d-06ff1606f53e,infraspecies,Animalia,t0085779,Hypsipetes leucocephalus leucocephalus leucocephalus,subspecies,Animalia,Hypsipetes leucocephalus leucocephalus,accepted,TRUE
16ff889b-e7d2-46fc-b690-7de745310cb3,infraspecies,Animalia,t0033003,Spizixos semitorques semitorques cinereicapillus,subspecies,Animalia,Spizixos semitorques cinereicapillus,accepted,TRUE
c4f14045-7f3f-4127-aa82-b6652ec86db7,infraspecies,Animalia,t0086269,Spizixos semitorques semitorques semitorques,subspecies,Animalia,Spizixos semitorques semitorques,accepted,TRUE
357ffb67-81c7-4fc4-a8e1-0a9412f42bac,infraspecies,Animalia,t0086202,Regulus regulus regulus japonensis,subspecies,Animalia,Regulus regulus japonensis,accepted,TRUE
aa76fba3-b74d-401e-b7e6-4ce942ade07e,infraspecies,Animalia,t0086338,Terpsiphone atrocaudata atrocaudata atrocaudata,subspecies,Animalia,Terpsiphone atrocaudata atrocaudata,accepted,TRUE
2190fbbd-a33a-49f1-8a65-655a0ddb1342,infraspecies,Animalia,t0086340,Terpsiphone atrocaudata atrocaudata periophthalmica,subspecies,Animalia,Terpsiphone atrocaudata periophthalmica,accepted,TRUE
af647599-96b3-4b54-8079-3f3139303c01,infraspecies,Animalia,t0086339,Terpsiphone atrocaudata atrocaudata illex,subspecies,Animalia,Terpsiphone atrocaudata illex,accepted,TRUE
0505145a-853b-4672-ba2c-e1f7e1515dce,infraspecies,Animalia,t0029835,Hypothymis azurea azurea oberholseri,subspecies,Animalia,Hypothymis azurea oberholseri,accepted,TRUE
39cbf245-2b66-460c-b41a-a604c6b8bdee,infraspecies,Animalia,t0085777,Hypothymis azurea azurea styani,subspecies,Animalia,Hypothymis azurea styani,accepted,TRUE
e0275275-b446-49fa-801c-dd66ed623d96,infraspecies,Animalia,t0103182,Zosterops simplex simplex simplex,subspecies,Animalia,Zosterops simplex simplex,accepted,TRUE
32fe4ba9-89e8-4005-8f56-2610eccc1113,infraspecies,Animalia,t0086451,Zosterops japonicus japonicus japonicus,subspecies,Animalia,Zosterops japonicus japonicus,accepted,TRUE
9be63a32-1746-4a15-ade5-dee06b93d484,infraspecies,Animalia,t0086452,Zosterops meyeni meyeni batanis,subspecies,Animalia,Zosterops meyeni batanis,accepted,TRUE
0e050636-fb36-437b-aac0-4d2876defa09,infraspecies,Animalia,t0085184,Aegithalos concinnus concinnus concinnus,subspecies,Animalia,Aegithalos concinnus concinnus,accepted,TRUE
bbf69888-beb2-49c3-aab7-451b32739c64,infraspecies,Animalia,t0085191,Aethopyga christinae christinae latouchii,subspecies,Animalia,Aethopyga christinae latouchii,accepted,TRUE
bc98cafe-d106-4a52-a61d-80d237cfb17e,infraspecies,Animalia,t0085192,Aethopyga gouldiae gouldiae dabryii,subspecies,Animalia,Aethopyga gouldiae dabryii,accepted,TRUE
65118ecd-b5a3-4670-88b9-cd28e9825948,infraspecies,Animalia,t0085459,Cinnyris ornatus ornatus rhizophorae,subspecies,Animalia,Cinnyris ornatus rhizophorae,accepted,TRUE
6eece684-5352-4379-81b1-e3f653117f27,infraspecies,Animalia,t0085284,Artamus leucorynchus leucorynchus leucorynchus,subspecies,Animalia,Artamus leucorynchus leucorynchus,accepted,TRUE
48deeb84-7f76-40c8-85c8-4e108d661d4a,infraspecies,Animalia,t0030022,Calcarius lapponicus lapponicus coloratus,subspecies,Animalia,Calcarius lapponicus coloratus,accepted,TRUE
4960f35f-7052-44d0-a934-e49dfe252fa4,infraspecies,Animalia,t0031999,Plectrophenax nivalis nivalis vlasowae,subspecies,Animalia,Plectrophenax nivalis vlasowae,accepted,TRUE
7cf54952-75af-4f6d-bbdb-c7cb90f28e30,infraspecies,Animalia,t0085399,Hirundo daurica daurica japonica,subspecies,Animalia,Cecropis daurica japonica,accepted,TRUE
6b7577fc-0779-45d0-abc9-fb12d9b5614f,infraspecies,Animalia,t0085400,Hirundo daurica daurica striolata,subspecies,Animalia,Cecropis daurica striolata,accepted,TRUE
126f6597-add8-4b99-a041-f76c2d00598c,infraspecies,Animalia,t0085556,Delichon dasypus dasypus nigrimentale,subspecies,Animalia,Delichon dasypus nigrimentale,accepted,TRUE
6c5fa004-ddde-4f62-b52e-a6dc60773ebb,infraspecies,Animalia,t0085555,Delichon dasypus dasypus dasypus,subspecies,Animalia,Delichon dasypus dasypus,accepted,TRUE
b52f9731-5587-47e2-8181-f5e4a10f789f,infraspecies,Animalia,t0085752,Hirundo rustica rustica gutturalis,subspecies,Animalia,Hirundo rustica gutturalis,accepted,TRUE
2a2aec93-ddad-4d8c-9a9b-f8a5e0d92350,infraspecies,Animalia,t0085753,Hirundo rustica rustica mandschurica,subspecies,Animalia,Hirundo rustica mandschurica,accepted,TRUE
52c34a77-ee93-499c-92dc-a053c5049cc6,infraspecies,Animalia,t0085754,Hirundo rustica rustica tytleri,subspecies,Animalia,Hirundo rustica tytleri,accepted,TRUE
67f4b13c-b4da-4b62-9f05-bcd433c5cdd5,infraspecies,Animalia,t0085756,Hirundo javanica javanica namiyei,subspecies,Animalia,Hirundo javanica namiyei,accepted,TRUE
0ec707fe-c1d1-479d-9f3a-dbb657fbfb21,infraspecies,Animalia,t0085755,Hirundo javanica javanica javanica,subspecies,Animalia,Hirundo javanica javanica,accepted,TRUE
7ddcddbe-cc1f-403d-99ac-4fab212ba30e,infraspecies,Animalia,t0103448,Riparia chinensis chinensis chinensis,subspecies,Animalia,Riparia chinensis chinensis,accepted,TRUE
6458340f-4da8-48c7-9465-2d870788950c,infraspecies,Animalia,t0032535,Riparia riparia riparia ijimae,subspecies,Animalia,Riparia riparia ijimae,accepted,TRUE
f9f576d1-6572-4837-a9e0-10de1ac4d083,infraspecies,Animalia,t0085458,Cinclus pallasii pallasii pallasii,subspecies,Animalia,Cinclus pallasii pallasii,accepted,TRUE
c8b2d4f1-64f5-4ac9-8397-571c137a4e9a,infraspecies,Animalia,t0030559,Cisticola exilis exilis volitans,subspecies,Animalia,Cisticola exilis volitans,accepted,TRUE
bdf36132-6396-45b1-b1d2-e1398be99527,infraspecies,Animalia,t0085462,Cisticola juncidis juncidis tinnabulans,subspecies,Animalia,Cisticola juncidis tinnabulans,accepted,TRUE
5eac84f2-ec41-4d67-b113-83b6aee760b9,infraspecies,Animalia,t0032108,Prinia flaviventris flaviventris sonitans,subspecies,Animalia,Prinia flaviventris sonitans,accepted,TRUE
69ae8170-383b-4ee0-977a-b9aec8d5a704,infraspecies,Animalia,t0086151,Prinia inornata inornata flavirostris,subspecies,Animalia,Prinia inornata flavirostris,accepted,TRUE
75f97c3a-7153-4d92-81ca-013fc19f6680,infraspecies,Animalia,t0086150,Prinia inornata inornata extensicauda,subspecies,Animalia,Prinia inornata extensicauda,accepted,TRUE
78c6388f-66a0-4684-905a-9996c700af47,infraspecies,Animalia,t0085525,Culicicapa ceylonensis ceylonensis calochrysea,subspecies,Animalia,Culicicapa ceylonensis calochrysea,accepted,TRUE
f591488a-7abc-44fe-bb37-808465621023,infraspecies,Animalia,t0085565,Dicaeum ignipectus ignipectus formosum,subspecies,Animalia,Dicaeum ignipectus formosum,accepted,TRUE
4b2190e6-7993-4251-b56f-e8252fd24486,infraspecies,Animalia,t0085566,Dicaeum minullum minullum uchidai,subspecies,Animalia,Dicaeum minullum uchidai,accepted,TRUE
3736a780-409a-4f15-820b-a5271e7efa0f,infraspecies,Animalia,t0085643,Erpornis zantholeuca zantholeuca griseiloris,subspecies,Animalia,Erpornis zantholeuca griseiloris,accepted,TRUE
96648456-b936-4603-a826-b9290f627dba,infraspecies,Animalia,t0086019,Oriolus chinensis chinensis diffusus,subspecies,Animalia,Oriolus chinensis diffusus,accepted,TRUE
58c022b9-5598-44ca-93c5-514bbf212e49,infraspecies,Animalia,t0086020,Oriolus chinensis chinensis maculatus,subspecies,Animalia,Oriolus chinensis maculatus,accepted,TRUE
2a7dbf7c-f290-45ab-98cf-f71b787aeba1,infraspecies,Animalia,t0086021,Oriolus traillii traillii ardens,subspecies,Animalia,Oriolus traillii ardens,accepted,TRUE
0e95ffc0-c9ad-4b7c-9171-25e82d9d3eff,infraspecies,Animalia,t0086073,Passer domesticus domesticus domesticus,subspecies,Animalia,Passer domesticus domesticus,accepted,TRUE
7b2b8694-a894-4fb1-9d96-9c465e2f2e49,infraspecies,Animalia,t0031653,Passer montanus montanus saturatus,subspecies,Animalia,Passer montanus saturatus,accepted,TRUE
113edf4b-7c13-4ae0-8e01-bcf2d1e38486,infraspecies,Animalia,t0086236,Schoeniparus brunneus brunneus brunneus,subspecies,Animalia,Schoeniparus brunneus brunneus,accepted,TRUE
f3f17e16-6025-4d61-b2ce-98c05ed7b265,infraspecies,Animalia,t0032907,Sitta europaea europaea formosana,subspecies,Animalia,Sitta europaea formosana,accepted,TRUE
dcc62a9a-a73f-4381-abe0-2dc4572941cc,infraspecies,Animalia,t0086390,Troglodytes troglodytes troglodytes taivanus,subspecies,Animalia,Troglodytes troglodytes taivanus,accepted,TRUE
6edc0f8d-5367-4984-94d4-d2a4f59f4b0a,infraspecies,Animalia,t0085160,Tachyspiza badia badia poliopsis,subspecies,Animalia,Tachyspiza badia poliopsis,accepted,TRUE
fea1180f-5663-4500-95bd-c8e8530e1038,infraspecies,Animalia,t0057534,Accipiter gentilis gentilis fujiyamae,subspecies,Animalia,Astur gentilis fujiyamae,accepted,TRUE
e59aa6c7-db54-452e-86c9-17c0fd5e7274,infraspecies,Animalia,t0085161,Accipiter gentilis gentilis schvedowi,subspecies,Animalia,Accipiter gentilis schvedowi,accepted,TRUE
2d6dd3dd-f84a-4a5d-931c-46ebd54602d5,infraspecies,Animalia,t0057535,Accipiter gularis gularis gularis,subspecies,Animalia,Accipiter gularis gularis,accepted,TRUE
4b695626-9998-4d81-9868-d01ab2659431,infraspecies,Animalia,t0057536,Accipiter nisus nisus nisosimilis,subspecies,Animalia,Accipiter nisus nisosimilis,accepted,TRUE
8b793d63-11b9-47e2-b5bd-6fb62571ca19,infraspecies,Animalia,t0057537,Accipiter trivirgatus trivirgata formosae,subspecies,Animalia,Lophospiza trivirgata formosae,accepted,TRUE
6b2f477b-2331-40c0-87c2-e97d606daf03,infraspecies,Animalia,t0085162,Accipiter trivirgatus trivirgata indica,subspecies,Animalia,Lophospiza trivirgata indica,accepted,TRUE
83d5702a-0f7d-44cb-bb4b-0363432d7683,infraspecies,Animalia,t0057538,Accipiter virgatus virgata fuscipectus,subspecies,Animalia,Tachyspiza virgata fuscipectus,accepted,TRUE
ff09956d-ea7a-4568-980f-7c0d7f5b6f0a,infraspecies,Animalia,t0085163,Accipiter virgatus virgata affinis,subspecies,Animalia,Tachyspiza virgata affinis,accepted,TRUE
305fb33a-102c-4346-a8e4-e0f7924f24e6,infraspecies,Animalia,t0085277,Aquila fasciata fasciata fasciata,subspecies,Animalia,Aquila fasciata fasciata,accepted,TRUE
1cde0d7f-e86d-478b-97bc-563a0869f158,infraspecies,Animalia,t0029987,Buteo japonicus japonicus japonicus,subspecies,Animalia,Buteo japonicus japonicus,accepted,TRUE
366e2e63-8640-4953-adfa-ff5e76125d3b,infraspecies,Animalia,t0085349,Buteo lagopus lagopus menzbieri,subspecies,Animalia,Buteo lagopus menzbieri,accepted,TRUE
0dc8c3b9-a9ad-4d02-9af9-74cc3b5d32f3,infraspecies,Animalia,t0085348,Buteo lagopus lagopus kamtschatkensis,subspecies,Animalia,Buteo lagopus kamtschatkensis,accepted,TRUE
0de4d8f5-1318-489c-a961-75fa05f76e0b,infraspecies,Animalia,t0030541,Circus cyaneus cyaneus cyaneus,subspecies,Animalia,Circus cyaneus cyaneus,accepted,TRUE
d1c89829-7756-45f1-9842-8be37d714222,infraspecies,Animalia,t0085315,Aviceda leuphotes leuphotes syama,subspecies,Animalia,Aviceda leuphotes syama,accepted,TRUE
7fdb1a8f-7ec9-4c86-a1e7-e802953dbba0,infraspecies,Animalia,t0085607,Elanus caeruleus caeruleus vociferus,subspecies,Animalia,Elanus caeruleus vociferus,accepted,TRUE
61a4aecd-9074-46bd-9f28-a65fe07883bd,infraspecies,Animalia,t0105410,Haliastur indus indus indus,subspecies,Animalia,Haliastur indus indus,accepted,TRUE
b20f5a90-dff6-48a9-b9ba-fd047d2ec7b7,infraspecies,Animalia,t0029856,Ictinaetus malaiensis malaiensis malaiensis,subspecies,Animalia,Ictinaetus malaiensis malaiensis,accepted,TRUE
a04e4fd0-703a-418e-8aa7-2948c0d0468d,infraspecies,Animalia,t0085914,Milvus migrans migrans formosanus,subspecies,Animalia,Milvus migrans formosanus,accepted,TRUE
869544b3-aede-40ef-bec8-a2f05484b9e3,infraspecies,Animalia,t0028030,Milvus migrans migrans lineatus,subspecies,Animalia,Milvus migrans lineatus,accepted,TRUE
8d8634ef-b32f-4bb0-8bc4-83cbae1fd1e1,infraspecies,Animalia,t0085974,Nisaetus nipalensis nipalensis nipalensis,subspecies,Animalia,Nisaetus nipalensis nipalensis,accepted,TRUE
40599ff4-51f0-4de9-8dcf-bc1d952904ca,infraspecies,Animalia,t0031760,Pernis ptilorhynchus ptilorhynchus orientalis,subspecies,Animalia,Pernis ptilorhynchus orientalis,accepted,TRUE
9e3f272f-1fc2-41e5-9ce7-5c3885a967ec,infraspecies,Animalia,t0032992,Spilornis cheela cheela hoya,subspecies,Animalia,Spilornis cheela hoya,accepted,TRUE
27212316-f8b0-408b-8ca7-bafa764542a0,infraspecies,Animalia,t0031464,Pandion haliaetus haliaetus haliaetus,subspecies,Animalia,Pandion haliaetus haliaetus,accepted,TRUE
71d770c9-fc1d-47ad-9313-e4d8ba93495a,infraspecies,Animalia,t0085358,Calidris alba alba alba,subspecies,Animalia,Calidris alba alba,accepted,TRUE
d0abbcfa-96bf-4fbd-b886-d153129c608d,infraspecies,Animalia,t0030026,Calidris alpina alpina sakhalina,subspecies,Animalia,Calidris alpina sakhalina,accepted,TRUE
ebf8dbe0-2d87-48f4-be19-c55fd5dd9117,infraspecies,Animalia,t0085361,Calidris alpina alpina kistchinski,subspecies,Animalia,Calidris alpina kistchinski,accepted,TRUE
31489785-e1f8-416c-b065-c4fe655db2e6,infraspecies,Animalia,t0085359,Calidris alpina alpina actites,subspecies,Animalia,Calidris alpina actites,accepted,TRUE
1ea9b5d3-e569-4790-8637-a7a0c99521a5,infraspecies,Animalia,t0085360,Calidris alpina alpina arcticola,subspecies,Animalia,Calidris alpina arcticola,accepted,TRUE
e3c6f6c3-a25c-4403-bb06-56ebe6b6a785,infraspecies,Animalia,t0030027,Calidris canutus canutus rogersi,subspecies,Animalia,Calidris canutus rogersi,accepted,TRUE
9a4a5a63-8411-42ab-a955-451dadfbb1bf,infraspecies,Animalia,t0085362,Calidris canutus canutus piersmai,subspecies,Animalia,Calidris canutus piersmai,accepted,TRUE
d1a7c39c-4e12-4bd8-b5a6-2fd344dfb35c,infraspecies,Animalia,t0085363,Calidris falcinellus falcinellus sibirica,subspecies,Animalia,Calidris falcinellus sibirica,accepted,TRUE
652f825e-fe39-4d90-90a3-40f0d507e7b2,infraspecies,Animalia,t0029264,Gallinago gallinago gallinago gallinago,subspecies,Animalia,Gallinago gallinago gallinago,accepted,TRUE
3e9c051c-f9ba-4590-a1a5-7e3cd6982153,infraspecies,Animalia,t0031205,Numenius arquata arquata orientalis,subspecies,Animalia,Numenius arquata orientalis,accepted,TRUE
b7af91bd-4612-4cc0-acd0-d4e4dc9a31eb,infraspecies,Animalia,t0031207,Numenius phaeopus phaeopus variegatus,subspecies,Animalia,Numenius phaeopus variegatus,accepted,TRUE
5c70916f-eae3-4a5b-b704-d15eac6814bb,infraspecies,Animalia,t0028353,Tringa totanus totanus ussuriensis,subspecies,Animalia,Tringa totanus ussuriensis,accepted,TRUE
73c672dc-62a0-4f7a-9348-8aa8b8c80b8d,infraspecies,Animalia,t0086383,Tringa totanus totanus terrignotae,subspecies,Animalia,Tringa totanus terrignotae,accepted,TRUE
82dcdb31-782c-4dc4-a926-9c53011a355e,infraspecies,Animalia,t0085844,Limosa lapponica lapponica baueri,subspecies,Animalia,Limosa lapponica baueri,accepted,TRUE
e19ce850-d71b-4fd8-95cf-15ee3fc6f6b1,infraspecies,Animalia,t0085845,Limosa lapponica lapponica menzbieri,subspecies,Animalia,Limosa lapponica menzbieri,accepted,TRUE
27ef84d3-276c-4db8-ad62-e2875294e863,infraspecies,Animalia,t0027467,Limosa limosa limosa melanuroides,subspecies,Animalia,Limosa limosa melanuroides,accepted,TRUE
a71fad2a-1d85-42b3-8928-4d34884c0f01,infraspecies,Animalia,t0057745,Arenaria interpres interpres interpres,subspecies,Animalia,Arenaria interpres interpres,accepted,TRUE
0ff80a8a-cff7-4c96-92c4-3e890b28b7c7,infraspecies,Animalia,t0057685,Anous stolidus stolidus pileatus,subspecies,Animalia,Anous stolidus pileatus,accepted,TRUE
34bd7b8e-8ef4-416f-bf72-ec9d74c23b60,infraspecies,Animalia,t0085448,Chlidonias hybrida hybrida hybrida,subspecies,Animalia,Chlidonias hybrida hybrida,accepted,TRUE
380420b6-e1fe-4762-a8fb-5678db4742f9,infraspecies,Animalia,t0085449,Chlidonias niger niger niger,subspecies,Animalia,Chlidonias niger niger,accepted,TRUE
b9861138-8324-45af-9d2d-33bf7b4dda55,infraspecies,Animalia,t0030459,Chroicocephalus novaehollandiae novaehollandiae forsteri,subspecies,Animalia,Chroicocephalus novaehollandiae forsteri,accepted,TRUE
17075073-6b54-43d7-9bed-4366ef02d2db,infraspecies,Animalia,t0085808,Larus canus canus kamtschatschensis,subspecies,Animalia,Larus canus kamtschatschensis,accepted,TRUE
6da2d30c-3acc-4f87-ac74-b551087d0680,infraspecies,Animalia,t0085807,Larus canus canus heinei,subspecies,Animalia,Larus canus heinei,accepted,TRUE
435288c9-671b-47a3-b9a6-a761658340d8,infraspecies,Animalia,t0085809,Larus fuscus fuscus heuglini,subspecies,Animalia,Larus fuscus heuglini,accepted,TRUE
f16f2686-740f-4124-a3e0-56ff585fb720,infraspecies,Animalia,t0085810,Larus hyperboreus hyperboreus hyperboreus,subspecies,Animalia,Larus hyperboreus hyperboreus,accepted,TRUE
d76f1e59-aeb8-4607-9349-a2746e124fe3,infraspecies,Animalia,t0085839,Leucophaeus atricilla atricilla megalopterus,subspecies,Animalia,Leucophaeus atricilla megalopterus,accepted,TRUE
2b0852f5-0717-4b07-8eba-bfa790efd475,infraspecies,Animalia,t0031296,Onychoprion anaethetus anaethetus anaethetus,subspecies,Animalia,Onychoprion anaethetus anaethetus,accepted,TRUE
fe65f6d5-ce75-44bf-938f-7125be403f1c,infraspecies,Animalia,t0031297,Onychoprion fuscatus fuscatus nubilosus,subspecies,Animalia,Onychoprion fuscatus nubilosus,accepted,TRUE
aa380209-4a81-46dd-adc1-154982eb4aaa,infraspecies,Animalia,t0086345,Thalasseus bengalensis bengalensis torresii,subspecies,Animalia,Thalasseus bengalensis torresii,accepted,TRUE
279a32f1-10a5-43d9-98dd-1dbaf2a4ef75,infraspecies,Animalia,t0085110,Thalasseus bergii bergii cristatus,subspecies,Animalia,Thalasseus bergii cristatus,accepted,TRUE
02ea2d6c-4718-4e59-97be-112208a18bab,infraspecies,Animalia,t0086346,Thalasseus sandvicensis sandvicensis sandvicensis,subspecies,Animalia,Thalasseus sandvicensis sandvicensis,accepted,TRUE
61b8e0ae-d7ff-43a2-a19f-695d10675f87,infraspecies,Animalia,t0085697,Gelochelidon nilotica nilotica affinis,subspecies,Animalia,Gelochelidon nilotica affinis,accepted,TRUE
1db755b9-2339-4744-a2c7-ef3019f77592,infraspecies,Animalia,t0086288,Sterna dougallii dougallii bangsi,subspecies,Animalia,Sterna dougallii bangsi,accepted,TRUE
598c1cc9-dd96-48c4-bb9d-eb13b0346b1d,infraspecies,Animalia,t0086289,Sterna hirundo hirundo longipennis,subspecies,Animalia,Sterna hirundo longipennis,accepted,TRUE
cbae67b4-4ddb-4724-b67e-5beea51555e6,infraspecies,Animalia,t0086290,Sterna hirundo hirundo minussensis,subspecies,Animalia,Sterna hirundo minussensis,accepted,TRUE
1db8ec83-1bef-462d-88cd-204ed3de3447,infraspecies,Animalia,t0086291,Sterna sumatrana sumatrana sumatrana,subspecies,Animalia,Sterna sumatrana sumatrana,accepted,TRUE
cf6fced1-854c-40ff-9732-02864e309051,infraspecies,Animalia,t0086292,Sternula albifrons albifrons sinensis,subspecies,Animalia,Sternula albifrons sinensis,accepted,TRUE
ee0c66fd-cf31-469d-a940-b0c735f3b6c2,infraspecies,Animalia,t0085434,Charadrius alexandrinus alexandrinus alexandrinus,subspecies,Animalia,Anarhynchus alexandrinus alexandrinus,accepted,TRUE
7d616cdd-8a55-4742-a160-590b49b55c27,infraspecies,Animalia,t0085436,Charadrius dubius dubius curonicus,subspecies,Animalia,Charadrius dubius curonicus,accepted,TRUE
e605f49e-6e56-41c6-9520-8768c32328e0,infraspecies,Animalia,t0085437,Charadrius hiaticula hiaticula tundrae,subspecies,Animalia,Charadrius hiaticula tundrae,accepted,TRUE
74eded14-8860-4fde-8b93-dff81f34bb7c,infraspecies,Animalia,t0085438,Charadrius leschenaultii leschenaultii leschenaultii,subspecies,Animalia,Anarhynchus leschenaultii leschenaultii,accepted,TRUE
61994044-0057-476f-b522-3747c1195df7,infraspecies,Animalia,t0085440,Anarhynchus mongolus mongolus stegmanni,subspecies,Animalia,Anarhynchus mongolus stegmanni,accepted,TRUE
3bcb18cf-fbcc-4ba4-b471-27337ddbfadc,infraspecies,Animalia,t0086286,Stercorarius longicaudus longicaudus pallescens,subspecies,Animalia,Stercorarius longicaudus pallescens,accepted,TRUE
2cfa9e3b-fe26-4832-95dd-4fbfaff805fc,infraspecies,Animalia,t0086314,Synthliboramphus antiquus antiquus microrhynchos,subspecies,Animalia,Synthliboramphus antiquus microrhynchos,accepted,TRUE
abaf002b-9561-42b0-a3fb-e039ed2c3408,infraspecies,Animalia,t0086411,Uria aalge aalge inornata,subspecies,Animalia,Uria aalge inornata,accepted,TRUE
2a4fe9a8-bc2f-46bf-aff1-88dfdf658954,infraspecies,Animalia,t0029478,Haematopus ostralegus ostralegus osculans,subspecies,Animalia,Haematopus ostralegus osculans,accepted,TRUE
973c40f7-ac38-4640-b074-e7d63813a335,infraspecies,Animalia,t0028406,Turnix suscitator suscitator rostratus,subspecies,Animalia,Turnix suscitator rostratus,accepted,TRUE
1605186a-07b6-4653-85af-15abffb7c49a,infraspecies,Animalia,t0086401,Turnix sylvaticus sylvaticus davidi,subspecies,Animalia,Turnix sylvaticus davidi,accepted,TRUE
7c587ae5-32b9-4c04-960f-8a7894b12d65,infraspecies,Animalia,t0028407,Turnix tanki tanki blanfordii,subspecies,Animalia,Turnix tanki blanfordii,accepted,TRUE
a287c39c-b311-4920-a675-1a3df2d2d050,infraspecies,Animalia,t0085236,Anas crecca crecca crecca,subspecies,Animalia,Anas crecca crecca,accepted,TRUE
97a8e575-22b7-48ac-acc6-1580021c530a,infraspecies,Animalia,t0085237,Anas platyrhynchos platyrhynchos platyrhynchos,subspecies,Animalia,Anas platyrhynchos platyrhynchos,accepted,TRUE
02ac38b2-e6c9-4ea1-b0ee-55198bb9d2dc,infraspecies,Animalia,t0085253,Anser albifrons albifrons albifrons,subspecies,Animalia,Anser albifrons albifrons,accepted,TRUE
be261c9e-b7c2-4449-a762-713b24b764d3,infraspecies,Animalia,t0085254,Anser anser anser rubrirostris,subspecies,Animalia,Anser anser rubrirostris,accepted,TRUE
84313f4d-d913-4490-a1a0-03810670fc90,infraspecies,Animalia,t0057689,Anser fabalis fabalis middendorffii,subspecies,Animalia,Anser fabalis middendorffii,accepted,TRUE
3e3acad0-a217-48f7-b493-8e570bdd3207,infraspecies,Animalia,t0085255,Anser serrirostris serrirostris serrirostris,subspecies,Animalia,Anser serrirostris serrirostris,accepted,TRUE
6741dcfb-3b86-47bd-8980-401ebff01c31,infraspecies,Animalia,t0057867,Aythya marila marila marila,subspecies,Animalia,Aythya marila marila,accepted,TRUE
2491f32f-6f07-4572-80ea-b86ca7ceb1a0,infraspecies,Animalia,t0103441,Branta bernicla bernicla nigricans,subspecies,Animalia,Branta bernicla nigricans,accepted,TRUE
d1217867-c57e-4f76-a9c6-0928e4429d22,infraspecies,Animalia,t0085533,Cygnus columbianus columbianus bewickii,subspecies,Animalia,Cygnus columbianus bewickii,accepted,TRUE
fc2946f6-d415-4540-aab6-8fa1868be6bc,infraspecies,Animalia,t0085891,Mergus merganser merganser merganser,subspecies,Animalia,Mergus merganser merganser,accepted,TRUE
f62540ca-eef0-4dde-8b5b-c08fa5546fde,infraspecies,Animalia,t0029969,Bucephala clangula clangula clangula,subspecies,Animalia,Bucephala clangula clangula,accepted,TRUE
515edd93-bcb8-4c30-b78e-ce8ce4ae890e,infraspecies,Animalia,t0105412,Nettapus coromandelianus coromandelianus coromandelianus,subspecies,Animalia,Nettapus coromandelianus coromandelianus,accepted,TRUE
22208058-1bab-436b-b9f0-e05ae5a957c5,infraspecies,Animalia,t0101113,Amaurornis phoenicurus phoenicurus phoenicurus,subspecies,Animalia,Amaurornis phoenicurus phoenicurus,accepted,TRUE
b2260dc7-84ec-4245-aef9-fc12e175e03c,infraspecies,Animalia,t0086199,Rallina eurizonoides eurizonoides formosana,subspecies,Animalia,Rallina eurizonoides formosana,accepted,TRUE
f6fe3e4c-44db-44be-b82d-5f56a03111c5,infraspecies,Animalia,t0086445,Zapornia akool akool coccineipes,subspecies,Animalia,Zapornia akool coccineipes,accepted,TRUE
b576dce2-4b14-4938-b334-8d3872aa1602,infraspecies,Animalia,t0086446,Zapornia fusca fusca erythrothorax,subspecies,Animalia,Zapornia fusca erythrothorax,accepted,TRUE
9749961c-5077-4c7c-81e4-0973871b6336,infraspecies,Animalia,t0086447,Zapornia pusilla pusilla pusilla,subspecies,Animalia,Zapornia pusilla pusilla,accepted,TRUE
d478211a-08bc-444d-9ef4-f783350427a8,infraspecies,Animalia,t0085683,Fulica atra atra atra,subspecies,Animalia,Fulica atra atra,accepted,TRUE
379c2e91-228b-48b9-b1a3-b50a90c0d0e9,infraspecies,Animalia,t0029265,Gallinula chloropus chloropus chloropus,subspecies,Animalia,Gallinula chloropus chloropus,accepted,TRUE
93e0a410-8c67-4013-a039-c9f2d2c46ef6,infraspecies,Animalia,t0027446,Lewinia striata striata taiwana,subspecies,Animalia,Lewinia striata taiwana,accepted,TRUE
43f2a2a4-b784-4974-a45c-0533a0811f53,infraspecies,Animalia,t0085840,Lewinia striata striata jouyi,subspecies,Animalia,Lewinia striata jouyi,accepted,TRUE
58df3c1f-2a95-41ed-852b-30e435dee3fb,infraspecies,Animalia,t0086145,Porphyrio poliocephalus poliocephalus viridis,subspecies,Animalia,Porphyrio poliocephalus viridis,accepted,TRUE
9daa4aa9-c9ed-4ed0-83df-4120e5966cf5,infraspecies,Animalia,t0086094,Phasianus colchicus colchicus formosanus,subspecies,Animalia,Phasianus colchicus formosanus,accepted,TRUE
da946eff-550a-49ef-9c2d-6cafb480ccb9,infraspecies,Animalia,t0086095,Phasianus colchicus colchicus karpowi,subspecies,Animalia,Phasianus colchicus karpowi,accepted,TRUE
d76eb214-7b17-426a-9f12-1c58b046336b,infraspecies,Animalia,t0085688,Gallus gallus gallus domesticus,subspecies,Animalia,Gallus gallus domesticus,accepted,TRUE
c30b1bfd-5e73-402e-8ff3-eb94e1c08ade,infraspecies,Animalia,t0086174,Pseudobulweria rostrata rostrata rostrata,subspecies,Animalia,Pseudobulweria rostrata rostrata,accepted,TRUE
8da960a7-8e82-43ea-a6af-6589b4184c47,infraspecies,Animalia,t0085142,Hydrobates leucorhous leucorhous leucorhous,subspecies,Animalia,Hydrobates leucorhous leucorhous,accepted,TRUE
bb23c5b7-b2b6-4035-a552-9aa9e9f321ec,infraspecies,Animalia,t0085283,Ardeola speciosa speciosa continentalis,subspecies,Animalia,Ardeola speciosa continentalis,accepted,TRUE
a90c00c1-7501-4e45-93bd-ecf0d53aae9a,infraspecies,Animalia,t0028816,Egretta garzetta garzetta garzetta,subspecies,Animalia,Egretta garzetta garzetta,accepted,TRUE
36763926-a839-4941-b980-bb259408c27a,infraspecies,Animalia,t0085605,Egretta novaehollandiae novaehollandiae novaehollandiae,subspecies,Animalia,Egretta novaehollandiae novaehollandiae,accepted,TRUE
631788f9-a3a7-48d2-bf87-a7caf02026a9,infraspecies,Animalia,t0085606,Egretta sacra sacra sacra,subspecies,Animalia,Egretta sacra sacra,accepted,TRUE
6a0bd750-3793-403c-abba-57fb49246e85,infraspecies,Animalia,t0085787,Botaurus flavicollis flavicollis flavicollis,subspecies,Animalia,Botaurus flavicollis flavicollis,accepted,TRUE
f0a64182-43d1-42d8-b25c-05b73079d615,infraspecies,Animalia,t0085280,Ardea alba alba modesta,subspecies,Animalia,Ardea alba modesta,accepted,TRUE
1987e6a0-9ef1-4cd6-80a4-f4c8dcae4225,infraspecies,Animalia,t0085281,Ardea cinerea cinerea jouyi,subspecies,Animalia,Ardea cinerea jouyi,accepted,TRUE
df159770-6e41-445f-bb41-5d5291526689,infraspecies,Animalia,t0085282,Ardea purpurea purpurea manilensis,subspecies,Animalia,Ardea purpurea manilensis,accepted,TRUE
b666a32b-0a17-4f6c-b8ae-2e5a56becf5b,infraspecies,Animalia,t0029921,Botaurus stellaris stellaris stellaris,subspecies,Animalia,Botaurus stellaris stellaris,accepted,TRUE
57f41bd8-7220-4565-b0be-61287c345a9c,infraspecies,Animalia,t0029991,Butorides atricapilla atricapilla carcinophila,subspecies,Animalia,Butorides atricapilla carcinophila,accepted,TRUE
b3fe83b7-cefd-4c92-8cf2-453667144767,infraspecies,Animalia,t0085351,Butorides atricapilla atricapilla amurensis,subspecies,Animalia,Butorides atricapilla amurensis,accepted,TRUE
ccd6d3cc-7649-4c3d-aee5-7d2832422025,infraspecies,Animalia,t0085350,Butorides atricapilla atricapilla actophila,subspecies,Animalia,Butorides atricapilla actophila,accepted,TRUE
d00430e4-f846-45c2-9b7d-e5b2e3ba8aa5,infraspecies,Animalia,t0031215,Nycticorax caledonicus caledonicus manillensis,subspecies,Animalia,Nycticorax caledonicus manillensis,accepted,TRUE
44211b49-e49a-49ab-a43c-37d307a83388,infraspecies,Animalia,t0085989,Nycticorax nycticorax nycticorax nycticorax,subspecies,Animalia,Nycticorax nycticorax nycticorax,accepted,TRUE
cd7447cd-1443-4c1e-ada5-cca6049d2acf,infraspecies,Animalia,t0031952,Platalea leucorodia leucorodia leucorodia,subspecies,Animalia,Platalea leucorodia leucorodia,accepted,TRUE
71a2a98f-257e-4c20-9248-3136dffbdcab,infraspecies,Animalia,t0086360,Threskiornis aethiopicus aethiopicus aethiopicus,subspecies,Animalia,Threskiornis aethiopicus aethiopicus,accepted,TRUE
3afd208a-40cc-48dc-9969-be241d2197d5,infraspecies,Animalia,t0085463,Clamator jacobinus jacobinus pica,subspecies,Animalia,Clamator jacobinus pica,accepted,TRUE
2911c3a1-269e-4316-8650-28c5dba9edc4,infraspecies,Animalia,t0085522,Cuculus canorus canorus canorus,subspecies,Animalia,Cuculus canorus canorus,accepted,TRUE
de9b2451-ed25-4021-8758-b1bcc5245998,infraspecies,Animalia,t0085523,Cuculus micropterus micropterus micropterus,subspecies,Animalia,Cuculus micropterus micropterus,accepted,TRUE
873c401c-00dd-4b01-9be8-aa6aa8560b49,infraspecies,Animalia,t0085356,Cacomantis merulinus merulinus querulus,subspecies,Animalia,Cacomantis merulinus querulus,accepted,TRUE
e1c7e044-12d7-4fd3-a059-73084d9f4465,infraspecies,Animalia,t0030221,Centropus bengalensis bengalensis lignator,subspecies,Animalia,Centropus bengalensis lignator,accepted,TRUE
3b1cb7ed-6690-4a43-81df-f9d41321db86,infraspecies,Animalia,t0085407,Centropus sinensis sinensis sinensis,subspecies,Animalia,Centropus sinensis sinensis,accepted,TRUE
16fc70b2-f01c-4295-b326-de108dba06e2,infraspecies,Animalia,t0085646,Eudynamys scolopaceus scolopaceus chinensis,subspecies,Animalia,Eudynamys scolopaceus chinensis,accepted,TRUE
57ece490-8a91-4f97-9067-6b80759e9b28,infraspecies,Animalia,t0103450,Surniculus lugubris lugubris barussarum,subspecies,Animalia,Surniculus lugubris barussarum,accepted,TRUE
0eaf6bee-f33e-4869-99a9-654edcb25956,infraspecies,Animalia,t0085476,Columba janthina janthina janthina,subspecies,Animalia,Columba janthina janthina,accepted,TRUE
480cdaf0-aa28-44f4-b906-780e9aa7a52d,infraspecies,Animalia,t0102334,Spilopelia chinensis chinensis chinensis,subspecies,Animalia,Streptopelia chinensis chinensis,accepted,TRUE
85d262ad-9949-488f-a94a-b2ac006c56d6,infraspecies,Animalia,t0086300,Streptopelia orientalis orientalis orii,subspecies,Animalia,Streptopelia orientalis orii,accepted,TRUE
0f71f76e-ee96-4078-b0bb-c3065892f433,infraspecies,Animalia,t0086299,Streptopelia orientalis orientalis orientalis,subspecies,Animalia,Streptopelia orientalis orientalis,accepted,TRUE
06fe9af4-3836-4403-9149-973364216db0,infraspecies,Animalia,t0086301,Streptopelia tranquebarica tranquebarica humilis,subspecies,Animalia,Streptopelia tranquebarica humilis,accepted,TRUE
ce134993-d46b-4810-81a3-7cc4b5b315f3,infraspecies,Animalia,t0086373,Treron bicinctus bicinctus domvilii,subspecies,Animalia,Treron bicinctus domvilii,accepted,TRUE
c9b146ef-9d2a-4a39-979e-43559a0d7c29,infraspecies,Animalia,t0086374,Treron formosae formosae formosae,subspecies,Animalia,Treron formosae formosae,accepted,TRUE
f88055f7-2ac2-4245-8b8a-7ecbb067be81,infraspecies,Animalia,t0086375,Treron formosae formosae medioximus,subspecies,Animalia,Treron formosae medioximus,accepted,TRUE
a9dbfcae-25b2-4a2b-a342-3375a252e39a,infraspecies,Animalia,t0086376,Treron sieboldii sieboldii sieboldii,subspecies,Animalia,Treron sieboldii sieboldii,accepted,TRUE
10fcd8e8-84c0-496e-81b3-462fc4a0b23c,infraspecies,Animalia,t0030328,Chalcophaps indica indica indica,subspecies,Animalia,Chalcophaps indica indica,accepted,TRUE
e4ddc7c1-d74d-4f89-9aa0-c5c6cde3f7ca,infraspecies,Animalia,t0085872,Macropygia tenuirostris tenuirostris septentrionalis,subspecies,Animalia,Macropygia tenuirostris septentrionalis,accepted,TRUE
6a34fdbb-5508-4f33-b6ce-7e95d6f66706,infraspecies,Animalia,t0085873,Macropygia unchall unchall minor,subspecies,Animalia,Macropygia unchall minor,accepted,TRUE
80f016bc-a3d2-4afd-865e-d5d8ce4c2968,infraspecies,Animalia,t0086189,Ptilinopus leclancheri leclancheri longialis,subspecies,Animalia,Ptilinopus leclancheri longialis,accepted,TRUE
6293bed8-0c93-4ee2-acab-67c6e6381bdd,infraspecies,Animalia,t0085664,Falco columbarius columbarius insignis,subspecies,Animalia,Falco columbarius insignis,accepted,TRUE
9d335ab8-d355-4477-abb7-7ba97b331f6b,infraspecies,Animalia,t0085665,Falco columbarius columbarius pacificus,subspecies,Animalia,Falco columbarius pacificus,accepted,TRUE
4803633b-b356-4c03-b51c-ace12ce134a5,infraspecies,Animalia,t0085666,Falco peregrinus peregrinus calidus,subspecies,Animalia,Falco peregrinus calidus,accepted,TRUE
aec32b68-fdd9-4690-b46c-27ad42ac9740,infraspecies,Animalia,t0085669,Falco peregrinus peregrinus peregrinator,subspecies,Animalia,Falco peregrinus peregrinator,accepted,TRUE
c9905aae-419e-4df0-8439-524a879f0682,infraspecies,Animalia,t0085668,Falco peregrinus peregrinus japonensis,subspecies,Animalia,Falco peregrinus japonensis,accepted,TRUE
523d5290-4e64-477b-bc07-d49f20739f87,infraspecies,Animalia,t0085667,Falco peregrinus peregrinus ernesti,subspecies,Animalia,Falco peregrinus ernesti,accepted,TRUE
0c290888-4fce-4fb2-9328-a0d55f7f525b,infraspecies,Animalia,t0085671,Falco subbuteo subbuteo subbuteo,subspecies,Animalia,Falco subbuteo subbuteo,accepted,TRUE
b867bfb0-9983-490c-b220-1dba3103f65e,infraspecies,Animalia,t0085670,Falco subbuteo subbuteo streichi,subspecies,Animalia,Falco subbuteo streichi,accepted,TRUE
09cc20c4-5f37-4d4e-a770-472d2feab64f,infraspecies,Animalia,t0085673,Falco tinnunculus tinnunculus tinnunculus,subspecies,Animalia,Falco tinnunculus tinnunculus,accepted,TRUE
7568befd-24c8-4d55-bd00-086775d70e9a,infraspecies,Animalia,t0085672,Falco tinnunculus tinnunculus interstinctus,subspecies,Animalia,Falco tinnunculus interstinctus,accepted,TRUE
4e7f6376-02ee-4b48-a014-f0d285d07fb1,infraspecies,Animalia,t0085696,Gavia arctica arctica viridigularis,subspecies,Animalia,Gavia arctica viridigularis,accepted,TRUE
4cfba5a4-239e-4ee2-b571-6cfe34693916,infraspecies,Animalia,t0085727,Halcyon coromanda coromanda major,subspecies,Animalia,Halcyon coromanda major,accepted,TRUE
b511b104-4a0a-4d15-a398-1a80e43f13b7,infraspecies,Animalia,t0085726,Halcyon coromanda coromanda bangsi,subspecies,Animalia,Halcyon coromanda bangsi,accepted,TRUE
5b5fd359-17bb-4ede-859d-e41ec36531ae,infraspecies,Animalia,t0029481,Halcyon smyrnensis smyrnensis fokiensis,subspecies,Animalia,Halcyon smyrnensis fokiensis,accepted,TRUE
cb5d0e0f-dc8f-4719-b5c8-942ce9fa5b13,infraspecies,Animalia,t0085207,Alcedo atthis atthis bengalensis,subspecies,Animalia,Alcedo atthis bengalensis,accepted,TRUE
123b8365-63c0-4a96-9fa1-824da39c346e,infraspecies,Animalia,t0085427,Ceryle rudis rudis insignis,subspecies,Animalia,Ceryle rudis insignis,accepted,TRUE
27ce77f5-e10e-489a-858d-a6b0a040d590,infraspecies,Animalia,t0085429,Ceyx rufidorsa rufidorsa motleyi,subspecies,Animalia,Ceyx rufidorsa motleyi,accepted,TRUE
9ccc5d47-7804-48f6-8c36-0dfc69cb72b0,infraspecies,Animalia,t0085428,Ceyx erithaca erithaca erithaca,subspecies,Animalia,Ceyx erithaca erithaca,accepted,TRUE
8a837914-c70b-4f6f-831c-2fcffb691bdc,infraspecies,Animalia,t0086366,Todiramphus chloris chloris collaris,subspecies,Animalia,Todiramphus chloris collaris,accepted,TRUE
3dc9c69e-ff83-4a21-9f15-8d7719c101a5,infraspecies,Animalia,t0085657,Eurystomus orientalis orientalis cyanocollis,subspecies,Animalia,Eurystomus orientalis cyanocollis,accepted,TRUE
af4b8135-e2a0-479d-ac76-60ff0c3c764c,infraspecies,Animalia,t0085112,Upupa epops epops saturata,subspecies,Animalia,Upupa epops saturata,accepted,TRUE
d042a013-365a-40df-8693-51cc484382a8,infraspecies,Animalia,t0085750,Hirundapus caudacutus caudacutus caudacutus,subspecies,Animalia,Hirundapus caudacutus caudacutus,accepted,TRUE
56b7ddbf-a1fd-4682-8f34-27e47ad74c37,infraspecies,Animalia,t0085751,Hirundapus cochinchinensis cochinchinensis formosanus,subspecies,Animalia,Hirundapus cochinchinensis formosanus,accepted,TRUE
555d402c-4572-45db-954b-f59088a1a9af,infraspecies,Animalia,t0085186,Aerodramus brevirostris brevirostris innominatus,subspecies,Animalia,Aerodramus brevirostris innominatus,accepted,TRUE
3d76dac0-19e1-43ff-b0fd-dd95c88bfac6,infraspecies,Animalia,t0085274,Apus nipalensis nipalensis kuntzi,subspecies,Animalia,Apus nipalensis kuntzi,accepted,TRUE
6b8afb68-66ae-4ae9-9b10-93375cbeec58,infraspecies,Animalia,t0085276,Apus pacificus pacificus pacificus,subspecies,Animalia,Apus pacificus pacificus,accepted,TRUE
25cc7f50-0fc6-40be-989c-fb02a234792d,infraspecies,Animalia,t0085275,Apus pacificus pacificus kurodae,subspecies,Animalia,Apus pacificus kurodae,accepted,TRUE
2757ceb7-3b7a-47ce-b95e-6e1d0979e522,infraspecies,Animalia,t0085288,Asio flammeus flammeus flammeus,subspecies,Animalia,Asio flammeus flammeus,accepted,TRUE
30a48ffc-7c8f-4fd5-908f-33dd3daf397b,infraspecies,Animalia,t0057779,Asio otus otus otus,subspecies,Animalia,Asio otus otus,accepted,TRUE
de7fc1d9-4f28-4eb3-baec-b3b8f5f63e2c,infraspecies,Animalia,t0057812,Athene noctua noctua plumipes,subspecies,Animalia,Athene noctua plumipes,accepted,TRUE
43524496-bca3-44bc-9de9-98b3d7f1ac1a,infraspecies,Animalia,t0085346,Bubo bubo bubo swinhoei,subspecies,Animalia,Bubo bubo swinhoei,accepted,TRUE
863ed427-99f8-4381-b58c-d4e835c1df07,infraspecies,Animalia,t0085109,Taenioptynx brodiei brodiei pardalotum,subspecies,Animalia,Glaucidium brodiei pardalotum,accepted,TRUE
cada44ce-c5d7-4a2c-a2d4-7a4372b61898,infraspecies,Animalia,t0085970,Ninox japonica japonica japonica,subspecies,Animalia,Ninox japonica japonica,accepted,TRUE
4e378931-a9f8-44ce-bfee-d28e9450a62c,infraspecies,Animalia,t0086030,Otus elegans elegans botelensis,subspecies,Animalia,Otus elegans botelensis,accepted,TRUE
81206f87-53f9-4aae-a450-abcd552c0f80,infraspecies,Animalia,t0086032,Otus lettia lettia glabripes,subspecies,Animalia,Otus lettia glabripes,accepted,TRUE
77118313-0da7-404a-bf77-83f2e76ab487,infraspecies,Animalia,t0086031,Otus lettia lettia erythrocampe,subspecies,Animalia,Otus lettia erythrocampe,accepted,TRUE
6871aaf7-684a-4879-8c35-8e3361f1b096,infraspecies,Animalia,t0086033,Otus spilocephalus spilocephalus hambroecki,subspecies,Animalia,Otus spilocephalus hambroecki,accepted,TRUE
95977a32-ea9f-4ef3-aeb8-89c248bce464,infraspecies,Animalia,t0085128,Otus sunia sunia japonicus,subspecies,Animalia,Otus sunia japonicus,accepted,TRUE
291b013a-a0fa-4e88-9478-940173828f24,infraspecies,Animalia,t0086034,Otus sunia sunia stictonotus,subspecies,Animalia,Otus sunia stictonotus,accepted,TRUE
20765759-e60a-48b2-a35c-44b5a889fe9c,infraspecies,Animalia,t0033093,Strix leptogrammica leptogrammica caligata,subspecies,Animalia,Strix leptogrammica caligata,accepted,TRUE
a4b5ea95-9f25-4a03-9744-4e3c1140c2d7,infraspecies,Animalia,t0033094,Strix nivicolum nivicolum yamadae,subspecies,Animalia,Strix nivicolum yamadae,accepted,TRUE
de75f994-cf77-4d95-97a7-2c4d93a0d811,infraspecies,Animalia,t0086407,Tyto longimembris longimembris pithecops,subspecies,Animalia,Tyto longimembris pithecops,accepted,TRUE
2bc8c8fc-efc9-42b5-b5ce-a7cdab463423,infraspecies,Animalia,t0085113,Urile pelagicus pelagicus pelagicus,subspecies,Animalia,Urile pelagicus pelagicus,accepted,TRUE
ffd07b92-b250-48da-b09b-9d0f58a86a5d,infraspecies,Animalia,t0085680,Fregata ariel ariel ariel,subspecies,Animalia,Fregata ariel ariel,accepted,TRUE
a6f01440-6d47-42be-bf49-2c6f75cd0233,infraspecies,Animalia,t0085681,Fregata minor minor minor,subspecies,Animalia,Fregata minor minor,accepted,TRUE
42a38bd3-74a6-4954-9eaa-6d20092850c7,infraspecies,Animalia,t0086309,Sula dactylatra dactylatra personata,subspecies,Animalia,Sula dactylatra personata,accepted,TRUE
10387566-effa-4465-956f-eaefe50d3548,infraspecies,Animalia,t0033129,Sula leucogaster leucogaster plotus,subspecies,Animalia,Sula leucogaster plotus,accepted,TRUE
d0e1a674-b6a6-492e-a744-61ce33366ddf,infraspecies,Animalia,t0033130,Sula sula sula rubripes,subspecies,Animalia,Sula sula rubripes,accepted,TRUE
e31b2810-30c0-4ac6-9232-b52705adea39,infraspecies,Animalia,t0103451,Yungipicus canicapillus canicapillus kaleensis,subspecies,Animalia,Yungipicus canicapillus kaleensis,accepted,TRUE
6c6fe088-f285-4f0f-8f72-07d140ea6625,infraspecies,Animalia,t0030933,Dendrocopos leucotos leucotos insularis,subspecies,Animalia,Dendrocopos leucotos insularis,accepted,TRUE
16c9bead-2341-4312-a72d-802abfe67803,infraspecies,Animalia,t0101012,Jynx torquilla torquilla chinensis,subspecies,Animalia,Jynx torquilla chinensis,accepted,TRUE
86b08ea1-398a-4145-be12-bb4c6e05982a,infraspecies,Animalia,t0086088,Phaethon aethereus aethereus mesonauta,subspecies,Animalia,Phaethon aethereus mesonauta,accepted,TRUE
7efc3111-5c5d-4c9a-b4d7-83e64de4a30b,infraspecies,Animalia,t0086089,Phaethon lepturus lepturus dorotheae,subspecies,Animalia,Phaethon lepturus dorotheae,accepted,TRUE
0d9502b7-ee67-4f6b-ad03-c462604ae773,infraspecies,Animalia,t0031780,Phaethon rubricauda rubricauda melanorhynchos,subspecies,Animalia,Phaethon rubricauda melanorhynchos,accepted,TRUE
2d70d761-6b25-49b0-8039-719a68adbc28,infraspecies,Animalia,t0032029,Podiceps auritus auritus auritus,subspecies,Animalia,Podiceps auritus auritus,accepted,TRUE
2b67e0b4-6bec-46c8-9d71-3ba5fe177e59,infraspecies,Animalia,t0032030,Podiceps cristatus cristatus cristatus,subspecies,Animalia,Podiceps cristatus cristatus,accepted,TRUE
0ce89157-9543-4011-a1f9-52472baa56d5,infraspecies,Animalia,t0086133,Podiceps grisegena grisegena holbollii,subspecies,Animalia,Podiceps grisegena holbollii,accepted,TRUE
98d20817-9a64-49f3-9e07-c702da74ae5c,infraspecies,Animalia,t0086134,Podiceps nigricollis nigricollis nigricollis,subspecies,Animalia,Podiceps nigricollis nigricollis,accepted,TRUE
6e1af9b7-5581-4f28-84b7-83f98fc4f3ba,infraspecies,Animalia,t0086319,Tachybaptus ruficollis ruficollis poggei,subspecies,Animalia,Tachybaptus ruficollis poggei,accepted,TRUE
a38e9d8f-b7e6-49fe-8a27-18b985e1baf5,infraspecies,Animalia,t0085386,Caprimulgus affinis affinis stictomus,subspecies,Animalia,Caprimulgus affinis stictomus,accepted,TRUE
2641dfe8-426e-4ad5-83af-86b1fb9c8c6f,infraspecies,Animalia,t0085385,Caprimulgus affinis affinis amoyensis,subspecies,Animalia,Caprimulgus affinis amoyensis,accepted,TRUE
9f0fa325-00d8-4436-b59b-d8ce2c6c80c1,infraspecies,Animalia,t0085387,Caprimulgus jotaka jotaka jotaka,subspecies,Animalia,Caprimulgus jotaka jotaka,accepted,TRUE
becab61b-4ad1-4e86-861d-8cc74d78a9f5,infraspecies,Animalia,t0086249,Trimerodytes percarinatus percarinatus suriki,subspecies,Animalia,Trimerodytes percarinatus suriki,accepted,TRUE
7d58718c-51e3-4a75-a4a4-cd1a77cfcc99,infraspecies,Animalia,t0086017,Oreocryptophis porphyraceus porphyraceus kawakamii,subspecies,Animalia,Oreocryptophis porphyraceus kawakamii,accepted,TRUE
783f844c-d41c-4b40-a017-54ec9c5ca766,infraspecies,Animalia,t0031369,Elaphe taeniura taeniura friesi,subspecies,Animalia,Elaphe taeniura friesi,accepted,TRUE
54928bdc-7184-42c1-bc5a-b36532784799,infraspecies,Animalia,t0085581,Diploderma polygonatum polygonatum xanthostomum,subspecies,Animalia,Diploderma polygonatum xanthostomum,accepted,TRUE
7ac39eaf-514a-4c28-9374-d8ee3184fe01,infraspecies,Animalia,t0033457,Trachemys scripta scripta elegans,subspecies,Animalia,Trachemys scripta elegans,accepted,TRUE
a441e589-9fd5-4151-8830-36e3ca61b62d,infraspecies,Animalia,t0086368,Trachemys scripta scripta scripta,subspecies,Animalia,Trachemys scripta scripta,accepted,TRUE
899b8f21-5c62-4ae8-99a1-d6bacb7ba74c,infraspecies,Animalia,t0085512,Crocidura shantungensis shantungensis hosletti,subspecies,Animalia,Crocidura shantungensis hosletti,accepted,TRUE
c7fa2e1e-789f-4424-9978-8462dfaccf10,infraspecies,Animalia,t0085328,Belomys pearsonii pearsonii kaleensis,subspecies,Animalia,Belomys pearsonii kaleensis,accepted,TRUE
ebffab32-e2f6-49a1-93eb-a35ea6dd5f39,infraspecies,Animalia,t0085369,Callosciurus erythraeus erythraeus thaiwanensis,subspecies,Animalia,Callosciurus erythraeus thaiwanensis,accepted,TRUE
ecacc4d1-1d69-4c62-8129-e1b6c49dbc91,infraspecies,Animalia,t0085590,Dremomys pernyi pernyi owstoni,subspecies,Animalia,Dremomys pernyi owstoni,accepted,TRUE
5ce13ac2-2325-4faf-9567-e01b43099352,infraspecies,Animalia,t0085958,Myotis formosus formosus flavus,subspecies,Animalia,Myotis formosus flavus,accepted,TRUE
1ec16df2-ae13-4bdb-a0f5-0c235aa0476e,infraspecies,Animalia,t0085642,Cnephaeus pachyomus pachyomus horikawai,subspecies,Animalia,Cnephaeus pachyomus horikawai,accepted,TRUE
4de1d63b-1b78-4460-933b-941903374398,infraspecies,Animalia,t0085987,Nyctalus plancyi plancyi velutinus,subspecies,Animalia,Nyctalus plancyi velutinus,accepted,TRUE
280e0314-7d54-41ab-8c19-027dee079334,infraspecies,Animalia,t0086188,Pteropus dasymallus dasymallus formosus,subspecies,Animalia,Pteropus dasymallus formosus,accepted,TRUE
c2a0ef00-569b-479f-8cfd-bb467fb8f45f,infraspecies,Animalia,t0085472,Coelops frithii frithii formosanus,subspecies,Animalia,Coelops frithii formosanus,accepted,TRUE
67bce3f5-4317-47a1-a05d-eb4cb8e74acd,infraspecies,Animalia,t0085749,Hipposideros armiger armiger terasensis,subspecies,Animalia,Hipposideros armiger terasensis,accepted,TRUE
7289401e-7e8f-4cb7-9928-7433333b2e46,infraspecies,Animalia,t0085426,Cervus nippon nippon taiouanus,subspecies,Animalia,Cervus nippon taiouanus,accepted,TRUE
78165751-c537-4b92-948b-27a9fde8d585,infraspecies,Animalia,t0085944,Muntiacus reevesi reevesi micrurus,subspecies,Animalia,Muntiacus reevesi micrurus,accepted,TRUE
103f39fd-deea-4def-be42-cda337d745ea,infraspecies,Animalia,t0086217,Rusa unicolor unicolor swinhoii,subspecies,Animalia,Rusa unicolor swinhoii,accepted,TRUE
70068ad9-c107-42c4-bdb8-89ecbdc69385,infraspecies,Animalia,t0086310,Sus scrofa scrofa taivanus,subspecies,Animalia,Sus scrofa taivanus,accepted,TRUE
a238ef99-b569-4984-b21b-9c9140406207,infraspecies,Animalia,t0085962,Neofelis nebulosa nebulosa brachyura,subspecies,Animalia,Neofelis nebulosa brachyura,accepted,TRUE
1c2765a3-ec61-41df-97fb-3d84c54b4aa7,infraspecies,Animalia,t0085747,Urva urva urva formosana,subspecies,Animalia,Urva urva formosana,accepted,TRUE
76412706-8cf6-4ea9-8e48-7d74ad05eeeb,infraspecies,Animalia,t0085866,Lutra lutra lutra chinensis,subspecies,Animalia,Lutra lutra chinensis,accepted,TRUE
a70faadd-7ab3-47a8-a654-4860c7e32f52,infraspecies,Animalia,t0085880,Martes flavigula flavigula chrysospila,subspecies,Animalia,Martes flavigula chrysospila,accepted,TRUE
244cc3d6-0a1b-44ec-a4ca-7394b8e0f2f7,infraspecies,Animalia,t0085949,Mustela nivalis nivalis formosana,subspecies,Animalia,Mustela nivalis formosana,accepted,TRUE
3bd283f8-121e-4580-b395-908af1373ef1,infraspecies,Animalia,t0085950,Mustela sibirica sibirica taivana,subspecies,Animalia,Mustela sibirica taivana,accepted,TRUE
20fe92f8-16d1-465f-be47-4145d86bc660,infraspecies,Animalia,t0086045,Paguma larvata larvata larvata,subspecies,Animalia,Paguma larvata larvata,accepted,TRUE
e76585d5-5643-49dc-876a-b95699e6fd54,infraspecies,Animalia,t0086418,Viverricula indica indica pallida,subspecies,Animalia,Viverricula indica pallida,accepted,TRUE
861b3e71-0272-4a96-b81f-fa7b8588ac3a,infraspecies,Animalia,t0086413,Ursus thibetanus thibetanus formosanus,subspecies,Animalia,Ursus thibetanus formosanus,accepted,TRUE
ff4608e3-4fc3-4db5-824f-ccfb3b6bbf0b,infraspecies,Animalia,t0085835,Lepus sinensis sinensis formosus,subspecies,Animalia,Lepus sinensis formosus,accepted,TRUE
806fa9d6-73f9-4755-beb6-199f7b4fb990,infraspecies,Animalia,t0085879,Manis pentadactyla pentadactyla pentadactyla,subspecies,Animalia,Manis pentadactyla pentadactyla,accepted,TRUE
801c0d69-67c9-420e-ab87-79ec7ee0f29c,infraspecies,Animalia,t0085150,Abra profundorum profundorum japonica,subspecies,Animalia,Abra profundorum japonica,accepted,TRUE
3dfec32c-c916-4985-8f44-256c84729738,infraspecies,Animalia,t0085461,Circe scripta scripta tumefacta,subspecies,Animalia,Circe scripta tumefacta,accepted,TRUE
095a0441-9e55-439d-beb6-e921e9145ec5,infraspecies,Animalia,t0085460,Circe scripta scripta scripta,subspecies,Animalia,Circe scripta scripta,accepted,TRUE
ca5c1526-27e5-4bc7-a41e-a7794cff2753,infraspecies,Animalia,t0086052,Paphia exilis exilis takaokaensis,subspecies,Animalia,Paphia exilis takaokaensis,accepted,TRUE
0ba84d48-54aa-4256-8a25-78e4f4a9c331,infraspecies,Animalia,t0085337,Bonartemis histrio histrio histrio,subspecies,Animalia,Bonartemis histrio histrio,accepted,TRUE
641cb034-ed72-4476-96dc-98cd7c6b40dc,infraspecies,Animalia,t0085338,Bonartemis histrio histrio iwakawai,subspecies,Animalia,Bonartemis histrio iwakawai,accepted,TRUE
a2352419-93a6-4639-94ec-792a68ffbc50,infraspecies,Animalia,t0086229,Scapharca globosa globosa ursus,subspecies,Animalia,Scapharca globosa ursus,accepted,TRUE
3dfd77da-2a8d-43f1-9002-014845bb30f2,infraspecies,Animalia,t0086230,Scapharca satowi satowi nipponensis,subspecies,Animalia,Scapharca satowi nipponensis,accepted,TRUE
2835d0d6-dabd-448e-960a-8180f818d6c3,infraspecies,Animalia,t0086231,Scapharca satowi satowi satowi,subspecies,Animalia,Scapharca satowi satowi,accepted,TRUE
43655dac-169f-465b-93df-ae9eca8ea825,infraspecies,Animalia,t0085226,Amusium japonicum japonicum formosum,subspecies,Animalia,Amusium japonicum formosum,accepted,TRUE
07c96262-f170-47b0-a62e-4de7512897be,infraspecies,Animalia,t0085227,Amusium japonicum japonicum japonicum,subspecies,Animalia,Amusium japonicum japonicum,accepted,TRUE
b55eb89f-56f6-4b89-860e-9c34fd612c14,infraspecies,Animalia,t0057653,Amusium pleuronectes pleuronectes pleuronectes,subspecies,Animalia,Amusium pleuronectes pleuronectes,accepted,TRUE
7cd2e516-39a2-4db2-b7f3-7bb85477f4a0,infraspecies,Animalia,t0085228,Amusium pleuronectes pleuronectes okinawaensis,subspecies,Animalia,Amusium pleuronectes okinawaensis,accepted,TRUE
2847aaeb-4dc6-4d14-8f7c-31becbbbf7a9,infraspecies,Animalia,t0085447,Chlamys islandica islandica hindsi,subspecies,Animalia,Chlamys islandica hindsi,accepted,TRUE
ef88d0a9-4710-4174-a0b6-57ec2ad9e8bf,infraspecies,Animalia,t0086419,Volachlamys hirasei hirasei ecostata,subspecies,Animalia,Volachlamys hirasei ecostata,accepted,TRUE
1db0398d-4dc0-483d-8b75-5b92d3bddad3,infraspecies,Animalia,t0086420,Volachlamys hirasei hirasei hirasei,subspecies,Animalia,Volachlamys hirasei hirasei,accepted,TRUE
c4f5ad1c-614e-4c32-9d08-57df2cd5c3de,infraspecies,Animalia,t0086118,Pinctada fucata fucata martensii,subspecies,Animalia,Pinctada fucata martensii,accepted,TRUE
f94592dd-bb2f-4039-86ee-983bbf094ca3,infraspecies,Animalia,t0086117,Pinctada fucata fucata fucata,subspecies,Animalia,Pinctada fucata fucata,accepted,TRUE
97004abd-9e65-4274-b392-c7d9f1d9fb9b,infraspecies,Animalia,t0086271,Spondylus squamosus barbatus cruentus,subspecies,Animalia,Spondylus barbatus cruentus,accepted,TRUE
e540cb56-0603-4c9f-b2c4-e324ce4005c6,infraspecies,Animalia,t0086272,Spondylus nicobaricus nicobaricus ciliatus,subspecies,Animalia,Spondylus nicobaricus ciliatus,accepted,TRUE
c1a75cd4-743c-46da-8297-1fa06ab2f62a,infraspecies,Animalia,t0086273,Spondylus nicobaricus nicobaricus nicobaricus,subspecies,Animalia,Spondylus nicobaricus nicobaricus,accepted,TRUE
959c65fe-40bc-4f22-8e96-84ac559a5054,infraspecies,Animalia,t0085165,Acila divaricata divaricata divaricata,subspecies,Animalia,Acila divaricata divaricata,accepted,TRUE
0a0e5db3-87db-4a1c-92bc-62c5f97b9fe9,infraspecies,Animalia,t0085164,Acila divaricata divaricata archibenthalis,subspecies,Animalia,Acila divaricata archibenthalis,accepted,TRUE
7484139c-764d-4925-bb8a-cb7c8bebc506,infraspecies,Animalia,t0031199,Nucula tenuis tenuis tenuis,subspecies,Animalia,Nucula tenuis tenuis,accepted,TRUE
17ed654d-4df9-462f-9272-f2335c51b2ef,infraspecies,Animalia,t0085983,Nucula tenuis tenuis aegeensis,subspecies,Animalia,Nucula tenuis aegeensis,accepted,TRUE
8d0b1cb6-3553-4534-befd-6382102b5822,infraspecies,Animalia,t0085984,Nucula torresi torresi gemmulata,subspecies,Animalia,Nucula torresi gemmulata,accepted,TRUE
bd2e111c-f4d6-4ea1-86c2-0e704d9932be,infraspecies,Animalia,t0085985,Nuculana gordonis gordonis takaoensis,subspecies,Animalia,Nuculana gordonis takaoensis,accepted,TRUE
16523f75-cf98-41eb-b3a9-3bf0f3666263,infraspecies,Animalia,t0086144,Poromya eximia eximia eximia,subspecies,Animalia,Poromya eximia eximia,accepted,TRUE
46a46723-5650-4a38-b105-2ed57b538997,infraspecies,Animalia,t0085951,Mya arenaria arenaria oonogai,subspecies,Animalia,Mya arenaria oonogai,accepted,TRUE
feb40115-b98a-47f1-a85a-8f886d42b069,infraspecies,Animalia,t0085961,Nebularia aurora aurora floridula,subspecies,Animalia,Nebularia aurora floridula,accepted,TRUE
47292f9d-865d-4872-8d03-09e63a84fdfc,infraspecies,Animalia,t0085479,Columbarium pagoda pagoda stellatum,subspecies,Animalia,Columbarium pagoda stellatum,accepted,TRUE
a5824e04-bf14-4185-b111-2d0160d95346,infraspecies,Animalia,t0085478,Columbarium pagoda pagoda pagoda,subspecies,Animalia,Columbarium pagoda pagoda,accepted,TRUE
0ed3e735-422b-4555-8f49-7bd248c77921,infraspecies,Animalia,t0085477,Columbarium pagoda pagoda costatum,subspecies,Animalia,Columbarium pagoda costatum,accepted,TRUE
1e2bfd98-ba41-4cd6-8d1f-e2e706c54a19,infraspecies,Animalia,t0087681,Oliva annulata annulata fo. amethystina,form,Animalia,Oliva annulata fo. amethystina,accepted,TRUE
ab00a4e7-95a4-4683-8e2c-3781475b5e1e,infraspecies,Animalia,t0087682,Oliva annulata annulata fo. intricata,form,Animalia,Oliva annulata fo. intricata,accepted,TRUE
80af163d-9ee6-4e79-83a6-e79c39fc677e,infraspecies,Animalia,t0087684,Oliva mustelina mustelina fo. lanberti,form,Animalia,Oliva mustelina fo. lanberti,accepted,TRUE
de39ef17-76b4-40f6-a368-c51c7f3da49d,infraspecies,Animalia,t0087685,Oliva reticulata reticulata fo. zigzag,form,Animalia,Oliva reticulata fo. zigzag,accepted,TRUE
ddee9bbd-2456-462a-bbef-2415eb6762c7,infraspecies,Animalia,t0086003,Oliva tricolor tricolor philantha,subspecies,Animalia,Oliva tricolor philantha,accepted,TRUE
9c8bcd43-3f39-4a67-91f2-88a2410351ee,infraspecies,Animalia,t0086005,Oliva vidua vidua macleaya,subspecies,Animalia,Oliva vidua macleaya,accepted,TRUE
88d7026f-765f-40ac-8378-1cb60456f60f,infraspecies,Animalia,t0086004,Oliva vidua vidua aurata,subspecies,Animalia,Oliva vidua aurata,accepted,TRUE
115f82bc-6c11-4840-aa92-b7c9137d0ee2,infraspecies,Animalia,t0087683,Oliva carneola carneola fo. bizonalis,form,Animalia,Oliva carneola fo. bizonalis,accepted,TRUE
0849563c-d7ea-479b-ad91-f489f4286492,infraspecies,Animalia,t0085324,Baryspira rubiginosa rubiginosa albocallosa,subspecies,Animalia,Baryspira rubiginosa albocallosa,accepted,TRUE
4d7b08f1-3880-4c5e-bf47-2596a1013143,infraspecies,Animalia,t0085698,Gemmula congener congener congener,subspecies,Animalia,Gemmula congener congener,accepted,TRUE
a32c2e9c-049f-4fc9-adeb-fb227d92c5fe,infraspecies,Animalia,t0085699,Gemmula congener congener cosmoi,subspecies,Animalia,Gemmula congener cosmoi,accepted,TRUE
a5a434dc-0504-4d12-a4a3-ea503fba3cf1,infraspecies,Animalia,t0085700,Gemmula congener congener diomedea,subspecies,Animalia,Gemmula congener diomedea,accepted,TRUE
e6897af9-e152-46f4-9698-31f3f439a8b5,infraspecies,Animalia,t0085137,Gemmula timorensis timorensis teschi,subspecies,Animalia,Gemmula timorensis teschi,accepted,TRUE
0a420f4a-1ed0-4a88-9185-695b221a91ad,infraspecies,Animalia,t0086055,Paradrillia inconstans inconstans prunulum,subspecies,Animalia,Paradrillia inconstans prunulum,accepted,TRUE
1dfdfb6b-fa58-425c-9b9a-02ae45edb989,infraspecies,Animalia,t0086119,Pinguigemmula thielei thielei philippinensis,subspecies,Animalia,Pinguigemmula thielei philippinensis,accepted,TRUE
3a34a6ca-45c2-46a1-b582-ef0ae95915a3,infraspecies,Animalia,t0086402,Turricula nelliae nelliae spuria,subspecies,Animalia,Turricula nelliae spuria,accepted,TRUE
5e1dbd06-7bc2-4d67-afa6-d951d0fd3d1a,infraspecies,Animalia,t0087607,Turridrupa astricta astricta var. consobrina,variety,Animalia,Turridrupa astricta var. consobrina,accepted,TRUE
d6807d73-ceee-4941-a3ce-f2364acabdec,infraspecies,Animalia,t0087671,Babylonia areolata areolata fo. austraoceanensis,form,Animalia,Babylonia areolata fo. austraoceanensis,accepted,TRUE
07e2c4c4-4457-4820-a959-425d5262dc0d,infraspecies,Animalia,t0085318,Babylonia formosae formosae habei,subspecies,Animalia,Babylonia formosae habei,accepted,TRUE
29c92300-436e-421f-96f7-093b6de4c876,infraspecies,Animalia,t0085317,Babylonia formosae formosae formosae,subspecies,Animalia,Babylonia formosae formosae,accepted,TRUE
77e71b26-f3f6-4aff-921a-98a05836a741,infraspecies,Animalia,t0086255,Siphonalia callizona callizona bicallizona,subspecies,Animalia,Siphonalia callizona bicallizona,accepted,TRUE
0fb99fce-cf38-4445-a8f9-44d4b1a73ce1,infraspecies,Animalia,t0086336,Teramachia johnsoni johnsoni williamsorum,subspecies,Animalia,Teramachia johnsoni williamsorum,accepted,TRUE
8e6080ee-23ae-41ee-b616-8d656338e241,infraspecies,Animalia,t0085591,Sistrum ricinus ricina albolabris,subspecies,Animalia,Drupa ricina albolabris,accepted,TRUE
237e7748-cb6a-4128-b49d-28e7e9132f56,infraspecies,Animalia,t0085875,Maculotriton serrialis serrialis digitalis,subspecies,Animalia,Maculotriton serrialis digitalis,accepted,TRUE
2baaaaa5-a0fa-40bd-b2b8-8ced0665f3a3,infraspecies,Animalia,t0085945,Murex rectirostris rectirostris sobrinus,subspecies,Animalia,Murex rectirostris sobrinus,accepted,TRUE
84a03b7b-0c5b-4d15-a902-b64541f8447e,infraspecies,Animalia,t0086186,Pteropurpura adunca adunca adunca,subspecies,Animalia,Pteropurpura adunca adunca,accepted,TRUE
5fc8caa6-be0b-4a4d-8b5f-d676446e55f5,infraspecies,Animalia,t0086200,Rapana venosa venosa pechiliennsis,subspecies,Animalia,Rapana venosa pechiliennsis,accepted,TRUE
0911e87a-3cf9-4f2e-a998-345d108f6242,infraspecies,Animalia,t0086201,Rapana venosa venosa venosa,subspecies,Animalia,Rapana venosa venosa,accepted,TRUE
b329797e-6ba5-47db-8056-6a9d0b8bd916,infraspecies,Animalia,t0085973,Nipponotrophon echinus echinus elegantissima,subspecies,Animalia,Nipponotrophon echinus elegantissima,accepted,TRUE
4fc8fbdb-4030-4653-a114-c7648fd0bb84,infraspecies,Animalia,t0085972,Nipponotrophon echinus echinus echinus,subspecies,Animalia,Nipponotrophon echinus echinus,accepted,TRUE
bb664ed4-343a-49ce-bc1a-a5af7df5dffc,infraspecies,Animalia,t0087675,Conus eburneus eburneus fo. polyglotta,form,Animalia,Conus eburneus fo. polyglotta,accepted,TRUE
a4f2e15e-b1ee-4ec0-b5c8-8461b57dbdd4,infraspecies,Animalia,t0085483,Conus kinoshitai kinoshitai tamikoae,subspecies,Animalia,Conus kinoshitai tamikoae,accepted,TRUE
e6037baf-b672-47aa-9793-a0403efa86a4,infraspecies,Animalia,t0085484,Conus marmoreus marmoreus vidua,subspecies,Animalia,Conus marmoreus vidua,accepted,TRUE
10cbeb48-9cd2-4d2b-8347-b26acb9e8c52,infraspecies,Animalia,t0085485,Conus milneedwardsi milneedwardsi clytospira,subspecies,Animalia,Conus milneedwardsi clytospira,accepted,TRUE
04281f5d-5d0e-4134-ab10-2bdf876948e2,infraspecies,Animalia,t0085487,Conus musicus musicus musicus,subspecies,Animalia,Conus musicus musicus,accepted,TRUE
dd2a2537-194c-4e41-b065-4d6abc638c16,infraspecies,Animalia,t0085486,Conus musicus musicus ceylanensis,subspecies,Animalia,Conus musicus ceylanensis,accepted,TRUE
ec079c48-668e-404a-909c-5666c63b02af,infraspecies,Animalia,t0085488,Conus pennaceus pennaceus episcopus,subspecies,Animalia,Conus pennaceus episcopus,accepted,TRUE
00b5e18b-b9f4-479d-a4f0-7f148f3ce350,infraspecies,Animalia,t0085489,Conus pennaceus pennaceus pennaceus,subspecies,Animalia,Conus pennaceus pennaceus,accepted,TRUE
d129e70d-e5b1-4498-898c-3bb2a7de83d4,infraspecies,Animalia,t0085490,Conus sponsalis sponsalis nanus,subspecies,Animalia,Conus sponsalis nanus,accepted,TRUE
ff472a98-9993-46fa-ad2b-2aae2ec9bc96,infraspecies,Animalia,t0085491,Conus sponsalis sponsalis sponsalis,subspecies,Animalia,Conus sponsalis sponsalis,accepted,TRUE
4422556e-8ead-461f-9a53-2d03b559f74d,infraspecies,Animalia,t0085684,Fusinus forceps forceps salisburyi,subspecies,Animalia,Fusinus forceps salisburyi,accepted,TRUE
ffd72ed6-5848-498d-802e-7c7a65e105f4,infraspecies,Animalia,t0085717,Granulifusus niponicus niponicus suboblitus,subspecies,Animalia,Granulifusus niponicus suboblitus,accepted,TRUE
0dbf7a32-7da2-46dd-bcbc-ce7a213f3ddd,infraspecies,Animalia,t0085815,Latirus polygonus polygonus barclayi,subspecies,Animalia,Latirus polygonus barclayi,accepted,TRUE
398a982b-4ebd-4233-ac9c-20e16e7e9f3d,infraspecies,Animalia,t0086130,Pleuroploca trapezium trapezium paeteli,subspecies,Animalia,Pleuroploca trapezium paeteli,accepted,TRUE
6c19b8dd-14af-443b-b25c-6e2467221ac2,infraspecies,Animalia,t0085731,Hastula strigilata strigilata verreauxi,subspecies,Animalia,Hastula strigilata verreauxi,accepted,TRUE
f6cc1800-03be-44f7-8917-33a4a7be1a84,infraspecies,Animalia,t0085179,Aegista fulvicans fulvicans browni,subspecies,Animalia,Aegista fulvicans browni,accepted,TRUE
df892822-b0c0-4343-ab42-8737fe23d3cc,infraspecies,Animalia,t0085180,Aegista granti granti granti,subspecies,Animalia,Aegista granti granti,accepted,TRUE
111d8690-9cdc-402a-89b7-f14b4de5486c,infraspecies,Animalia,t0085183,Aegista lautsi lautsi micra,subspecies,Animalia,Aegista lautsi micra,accepted,TRUE
15c4bfdd-c22c-4e10-bb83-6d1814634ce3,infraspecies,Animalia,t0085182,Aegista lautsi lautsi lautsi,subspecies,Animalia,Aegista lautsi lautsi,accepted,TRUE
600a47aa-81b2-4941-babe-a1b605feb68b,infraspecies,Animalia,t0085181,Aegista lautsi lautsi brachylasia,subspecies,Animalia,Aegista lautsi brachylasia,accepted,TRUE
ba9f0966-d40f-43b0-84a5-a7abd10dd630,infraspecies,Animalia,t0085210,Allopeas mauritianum mauritianum obesispira,subspecies,Animalia,Allopeas mauritianum obesispira,accepted,TRUE
58a635ea-e298-4217-bac9-8c1f0b4a74e6,infraspecies,Animalia,t0085333,Bensonella plicidens plicidens lakainguta,subspecies,Animalia,Bensonella plicidens lakainguta,accepted,TRUE
570f2b89-11b9-428f-b64f-f3ce4b59a23d,infraspecies,Animalia,t0086417,Vertigo eogea eogea stagnalis,subspecies,Animalia,Vertigo eogea stagnalis,accepted,TRUE
aecce6c0-17a9-4e27-ad97-9ab9b01774a3,infraspecies,Animalia,t0085432,Chalepotaxis spadix spadix cinctus,subspecies,Animalia,Chalepotaxis spadix cinctus,accepted,TRUE
f20d299e-a19a-4cdd-96fa-0b9d8a0e28a9,infraspecies,Animalia,t0086257,Sitalina trochulus trochulus formosana,subspecies,Animalia,Sitalina trochulus formosana,accepted,TRUE
bbd1a285-cb42-479e-9938-4737899c6934,infraspecies,Animalia,t0086258,Sitalina turrita turrita taiwanica,subspecies,Animalia,Sitalina turrita taiwanica,accepted,TRUE
fc6b544b-e796-43b1-af76-5ee79a304849,infraspecies,Animalia,t0086384,Trochochlamys crenulata crenulata hotawana,subspecies,Animalia,Trochochlamys crenulata hotawana,accepted,TRUE
35fba4fe-5ec2-4cac-af0d-7d4fc6a61f58,infraspecies,Animalia,t0086385,Trochochlamys praealta praealta izushichitoensis,subspecies,Animalia,Trochochlamys praealta izushichitoensis,accepted,TRUE
b569be57-659d-4d7d-8184-923e62235003,infraspecies,Animalia,t0086248,Sinoennea iwakawa iwakawa yakushimae,subspecies,Animalia,Sinoennea iwakawa yakushimae,accepted,TRUE
dffeb5c6-2966-4dc6-b860-776f62060171,infraspecies,Animalia,t0027597,Luchuena luchuana luchuana luchuana,subspecies,Animalia,Luchuena luchuana luchuana,accepted,TRUE
cb996532-0a0e-4ce0-b32b-b310489cf836,infraspecies,Animalia,t0085863,Luchuena luchuana luchuana kasyotoensis,subspecies,Animalia,Luchuena luchuana kasyotoensis,accepted,TRUE
dc60efa7-3b6e-4669-91d7-c5b7b1cbcf7e,infraspecies,Animalia,t0085679,Formosana formosensis formosensis hotawana,subspecies,Animalia,Formosana formosensis hotawana,accepted,TRUE
1aa14b32-b59c-45e7-988a-51bbf53e711b,infraspecies,Animalia,t0085738,Hemiphaedusa arikangensis arikangensis longiplicata,subspecies,Animalia,Hemiphaedusa arikangensis longiplicata,accepted,TRUE
eb09d065-5136-4835-ba02-06fa223156f2,infraspecies,Animalia,t0085739,Hemiphaedusa exilis exilis janshanensis,subspecies,Animalia,Hemiphaedusa exilis janshanensis,accepted,TRUE
73c02b0c-d884-4d31-b812-6183ce949809,infraspecies,Animalia,t0085742,Hemiphaedusa odontochila odontochila clava,subspecies,Animalia,Hemiphaedusa odontochila clava,accepted,TRUE
b4e7ce04-bedf-44c8-b90f-e2d3da842d54,infraspecies,Animalia,t0085743,Hemiphaedusa odontochila odontochila fulvicollis,subspecies,Animalia,Hemiphaedusa odontochila fulvicollis,accepted,TRUE
6e06e7f3-7294-455c-8b65-4846daad5cbe,infraspecies,Animalia,t0085744,Hemiphaedusa similaris similaris clava,subspecies,Animalia,Hemiphaedusa similaris clava,accepted,TRUE
1d3e200e-dc1c-4cf5-b4f6-02bf177c764e,infraspecies,Animalia,t0085745,Hemiphaedusa similaris similaris ventriosa,subspecies,Animalia,Hemiphaedusa similaris ventriosa,accepted,TRUE
346225c0-204f-4187-93f1-e407be623aa2,infraspecies,Animalia,t0085736,Hemiphaedusa antuensis antuensis antuensis,subspecies,Animalia,Hemiphaedusa antuensis antuensis,accepted,TRUE
7c76188d-b5f2-4e41-962a-2a5d57ffca29,infraspecies,Animalia,t0085737,Hemiphaedusa antuensis antuensis chichiensis,subspecies,Animalia,Hemiphaedusa antuensis chichiensis,accepted,TRUE
387c9657-03b3-4baf-a9aa-16a275890e7c,infraspecies,Animalia,t0085740,Hemiphaedusa hemmeni hemmeni hemmeni,subspecies,Animalia,Hemiphaedusa hemmeni hemmeni,accepted,TRUE
8529b014-7a2c-47a0-98e2-e660b77c1d70,infraspecies,Animalia,t0085741,Hemiphaedusa hemmeni hemmeni yucola,subspecies,Animalia,Hemiphaedusa hemmeni yucola,accepted,TRUE
47cd3788-8eee-43f0-8eba-8c2d3dfd1423,infraspecies,Animalia,t0086204,Reinia eastlakeana eastlakeana yami,subspecies,Animalia,Reinia eastlakeana yami,accepted,TRUE
85ba3894-68b3-4b1e-be96-54d7fc2205ed,infraspecies,Animalia,t0086203,Reinia eastlakeana eastlakeana tayalis,subspecies,Animalia,Reinia eastlakeana tayalis,accepted,TRUE
624c9a1e-dbd8-4bf2-8a05-b829b768b465,infraspecies,Animalia,t0086287,Stereophaedusa horikawai horikawai ishizakii,subspecies,Animalia,Stereophaedusa horikawai ishizakii,accepted,TRUE
70411158-f6ab-4e1d-a5a3-4b645a48c44c,infraspecies,Animalia,t0086347,Thaumatoptyx diacoptyx diacoptyx hassenensis,subspecies,Animalia,Thaumatoptyx diacoptyx hassenensis,accepted,TRUE
dc3764d3-5126-4322-ac6b-e02f6288d736,infraspecies,Animalia,t0086348,Thaumatoptyx gonyptyx gonyptyx lacuphila,subspecies,Animalia,Thaumatoptyx gonyptyx lacuphila,accepted,TRUE
80d815c0-7755-431c-bfc3-2c93559cea8a,infraspecies,Animalia,t0086349,Thaumatoptyx uraniscoptyx uraniscoptyx diploptyx,subspecies,Animalia,Thaumatoptyx uraniscoptyx diploptyx,accepted,TRUE
660bac1e-7197-4541-893a-6fca071c185e,infraspecies,Animalia,t0085694,Gastrocopta pediculus pediculus ovatula,subspecies,Animalia,Gastrocopta pediculus ovatula,accepted,TRUE
c8cf0291-9e8a-47dc-a0ca-5d2107e638ea,infraspecies,Animalia,t0086226,Satsuma succincta succincta rubrotincta,subspecies,Animalia,Satsuma succincta rubrotincta,accepted,TRUE
0695f34c-1180-432c-9617-c9864b0d3728,infraspecies,Animalia,t0086223,Satsuma batanica batanica boteltobagoensis,subspecies,Animalia,Satsuma batanica boteltobagoensis,accepted,TRUE
1d43d901-bbbd-48f3-aa26-146bf2900312,infraspecies,Animalia,t0086224,Satsuma batanica batanica pancala,subspecies,Animalia,Satsuma batanica pancala,accepted,TRUE
84397ffe-32aa-4e08-87d3-12b5fd85f38c,infraspecies,Animalia,t0085374,Satsuma succincta succincta amblytropis,subspecies,Animalia,Satsuma succincta amblytropis,accepted,TRUE
46c997c1-cf8d-4985-bdea-ccd35128e1c5,infraspecies,Animalia,t0085965,Neosuccinea horticola horticola koreana,subspecies,Animalia,Neosuccinea horticola koreana,accepted,TRUE
17c3b148-af84-4209-83c6-755765db03c2,infraspecies,Animalia,t0085398,Cautor maculosa maculosa mcmichaeli,subspecies,Animalia,Cautor maculosa mcmichaeli,accepted,TRUE
228dfb4d-9661-4abf-9203-4d0b251b5929,infraspecies,Animalia,t0087512,Epitonium pallasi pallasi neglectum,subspecies,Animalia,Epitonium pallasi neglectum,accepted,TRUE
4820ffd5-e8c2-4137-b72e-63961bf757c8,infraspecies,Animalia,t0085641,Epitonium pallasi pallasi pallasi,subspecies,Animalia,Epitonium pallasi pallasi,accepted,TRUE
f2ad2c04-845f-4362-94dd-d4e2223584d5,infraspecies,Animalia,t0085373,Calpurnus lacteus lacteus semistriatus,subspecies,Animalia,Calpurnus lacteus semistriatus,accepted,TRUE
830306f0-12a4-425d-83fd-8ff153ab3329,infraspecies,Animalia,t0086152,Prionovolva pudica pudica wilsoniana,subspecies,Animalia,Prionovolva pudica wilsoniana,accepted,TRUE
43029813-d266-41dd-b037-035cea80e8e3,infraspecies,Animalia,t0085507,Crenavolva striatula striatula traillii,subspecies,Animalia,Crenavolva striatula traillii,accepted,TRUE
69733f26-84b4-4371-9f47-c4e587a90a50,infraspecies,Animalia,t0086421,Volva volva volva habei,subspecies,Animalia,Volva volva habei,accepted,TRUE
d8758836-6201-465d-8033-48d15b24a330,infraspecies,Animalia,t0028509,Volva volva volva volva,subspecies,Animalia,Volva volva volva,accepted,TRUE
faa4ce7e-2262-4f87-b9a5-af49ba3650d3,infraspecies,Animalia,t0086252,Sinotaia quadrata quadrata aeruginosa,subspecies,Animalia,Sinotaia quadrata aeruginosa,accepted,TRUE
e051f475-1ad0-4d08-bb1b-dcc99bcef1de,infraspecies,Animalia,t0086253,Sinotaia quadrata quadrata heudei,subspecies,Animalia,Sinotaia quadrata heudei,accepted,TRUE
b4a18f4b-05a9-4e4d-96b3-8f0ac03c3aba,infraspecies,Animalia,t0030282,Cerithidea rhizophorarum rhizophorarum morchii,subspecies,Animalia,Cerithidea rhizophorarum morchii,accepted,TRUE
5de9d007-91b2-4bd3-85bb-95e24caa0efd,infraspecies,Animalia,t0085424,Cerithidea rhizophorarum rhizophorarum rhizophorarum,subspecies,Animalia,Cerithidea rhizophorarum rhizophorarum,accepted,TRUE
d198ab9b-50d2-48e8-88ed-6397a78177fb,infraspecies,Animalia,t0085123,Mauritia arabica arabica asiatica,subspecies,Animalia,Mauritia arabica asiatica,accepted,TRUE
ab304a97-986f-4deb-8939-533188a4ea6d,infraspecies,Animalia,t0085545,Cypraea cicercula cicercula lienardi,subspecies,Animalia,Cypraea cicercula lienardi,accepted,TRUE
34018573-5666-49b6-98ed-41c0ec78219c,infraspecies,Animalia,t0085544,Cypraea cicercula cicercula cicercula,subspecies,Animalia,Cypraea cicercula cicercula,accepted,TRUE
e8d74e12-5393-4c29-8875-49f133041593,infraspecies,Animalia,t0085547,Cypraea cribraria cribraria orientalis,subspecies,Animalia,Cypraea cribraria orientalis,accepted,TRUE
30771d08-c27b-4dc6-aab1-748be6d5668a,infraspecies,Animalia,t0085546,Cypraea cribraria cribraria cribraria,subspecies,Animalia,Cypraea cribraria cribraria,accepted,TRUE
ea5de88e-80db-445d-bb2b-5755f8995b07,infraspecies,Animalia,t0085548,Cypraea hammondae hammondae raysummersi,subspecies,Animalia,Cypraea hammondae raysummersi,accepted,TRUE
8c44b5f5-feb4-4650-a041-d3ddd1b9f70a,infraspecies,Animalia,t0085931,Monetaria moneta moneta rhomboides,subspecies,Animalia,Monetaria moneta rhomboides,accepted,TRUE
08bf50b3-0529-43e5-8718-c938f2f3fba2,infraspecies,Animalia,t0085528,Cyclophorus friesianus friesianus latus,subspecies,Animalia,Cyclophorus friesianus latus,accepted,TRUE
4663464b-63e5-4401-9883-e38389a3e422,infraspecies,Animalia,t0085530,Cyclotus taivanus taivanus dilatus,subspecies,Animalia,Cyclotus taivanus dilatus,accepted,TRUE
5b72e064-44fd-4421-a53c-e38e064ddf99,infraspecies,Animalia,t0085531,Cyclotus taivanus taivanus diminutus,subspecies,Animalia,Cyclotus taivanus diminutus,accepted,TRUE
a877ccec-aeb6-402b-8a00-32be21c1b77d,infraspecies,Animalia,t0085532,Cyclotus taivanus taivanus taivanus,subspecies,Animalia,Cyclotus taivanus taivanus,accepted,TRUE
b135da87-bd87-4cb7-826d-c8b462481d6e,infraspecies,Animalia,t0027408,Leptopoma nitidum nitidum taivanum,subspecies,Animalia,Leptopoma nitidum taivanum,accepted,TRUE
d30e3f30-dd06-425e-b6c9-fb0294486b1c,infraspecies,Animalia,t0086128,Platyrhaphe swinhoei swinhoei swinhoei,subspecies,Animalia,Platyrhaphe swinhoei swinhoei,accepted,TRUE
d50b0484-6960-4e7a-be8c-a8fa1e02afec,infraspecies,Animalia,t0085582,Diplommatina hungerfordiana hungerfordiana suganiikeiensis,subspecies,Animalia,Diplommatina hungerfordiana suganiikeiensis,accepted,TRUE
99ccf168-cfbf-4277-bb0f-9990e3bd0761,infraspecies,Animalia,t0085584,Diplommatina taiwanica taiwanica montana,subspecies,Animalia,Diplommatina taiwanica montana,accepted,TRUE
0fae309f-46ea-4826-87f5-5b7170c51648,infraspecies,Animalia,t0085585,Diplommatina taiwanica taiwanica taiwanica,subspecies,Animalia,Diplommatina taiwanica taiwanica,accepted,TRUE
c0ed4b00-1c12-4e9b-8db5-de5557921ce7,infraspecies,Animalia,t0085583,Diplommatina taiwanica taiwanica camura,subspecies,Animalia,Diplommatina taiwanica camura,accepted,TRUE
787cb6f0-4e7c-4dfa-8c78-0cabd2e649af,infraspecies,Animalia,t0085851,Littoraria scabra scabra strigata,subspecies,Animalia,Littoraria scabra strigata,accepted,TRUE
d2940ef8-c76d-4703-9ae8-1e286575bb3b,infraspecies,Animalia,t0085850,Littoraria scabra scabra scabra,subspecies,Animalia,Littoraria scabra scabra,accepted,TRUE
9d9d7b8e-fd66-4efd-9a7f-7e1d35912311,infraspecies,Animalia,t0085976,Nodilittorina leucosticta leucosticta biangulata,subspecies,Animalia,Nodilittorina leucosticta biangulata,accepted,TRUE
92e56340-49f1-458e-9dac-9cdeaf7939cc,infraspecies,Animalia,t0087679,Echininus cumingii cumingii fo. spinulosus,form,Animalia,Echininus cumingii fo. spinulosus,accepted,TRUE
4439a576-bef1-4103-babc-8b69e8d9cdba,infraspecies,Animalia,t0087678,Echininus cumingii cumingii fo. luchuana,form,Animalia,Echininus cumingii fo. luchuana,accepted,TRUE
c1b658c3-118f-40bd-95c4-74b8e1f932d7,infraspecies,Animalia,t0087677,Echininus cumingii cumingii fo. cinerea,form,Animalia,Echininus cumingii fo. cinerea,accepted,TRUE
48ba4332-53a1-428f-883c-ebb33b14e11b,infraspecies,Animalia,t0085886,Melanoides tuberculata tuberculatus formosensis,subspecies,Animalia,Melanoides tuberculatus formosensis,accepted,TRUE
0ed56497-3498-4733-9cc5-526c09f7e662,infraspecies,Animalia,t0086357,Thiara scabra scabra subplicatulus,subspecies,Animalia,Thiara scabra subplicatulus,accepted,TRUE
2da54ad1-77f0-4d98-9bde-e581eddb2de4,infraspecies,Animalia,t0086356,Thiara scabra scabra scabra,subspecies,Animalia,Thiara scabra scabra,accepted,TRUE
4aebb2a2-f2bd-43b4-81dc-1cc283024a5e,infraspecies,Animalia,t0086280,Stenothyra edogawensis edogawensis miyadii,subspecies,Animalia,Stenothyra edogawensis miyadii,accepted,TRUE
4c7c454b-249c-4364-8b3e-702c909bd8b4,infraspecies,Animalia,t0086281,Stenothyra edogawensis edogawensis tanabensis,subspecies,Animalia,Stenothyra edogawensis tanabensis,accepted,TRUE
44777566-5f7c-4724-84ab-29be3b59b132,infraspecies,Animalia,t0028413,Turritella terebra terebra terebra,subspecies,Animalia,Turritella terebra terebra,accepted,TRUE
36ada06d-3199-48fa-bc90-3ebd2a6aefea,infraspecies,Animalia,t0086403,Turritella terebra terebra bacillum,subspecies,Animalia,Turritella terebra bacillum,accepted,TRUE
cae4a527-f948-4a6e-9226-3b4a29c08e20,infraspecies,Animalia,t0086404,Turritella terebra terebra cerea,subspecies,Animalia,Turritella terebra cerea,accepted,TRUE
edf17ce2-0001-4cb3-aed5-7d3315e15623,infraspecies,Animalia,t0027288,Lambis truncata truncata truncata,subspecies,Animalia,Lambis truncata truncata,accepted,TRUE
6311574e-46a6-4631-a7e8-6498b7d1c748,infraspecies,Animalia,t0085793,Lambis truncata truncata sebae,subspecies,Animalia,Lambis truncata sebae,accepted,TRUE
4d5e7224-c7be-44c9-a190-9ea8dc9a0ad0,infraspecies,Animalia,t0086303,Strombus marginatus marginatus septimus,subspecies,Animalia,Strombus marginatus septimus,accepted,TRUE
d24911c9-07dc-4279-96bd-85dec369e454,infraspecies,Animalia,t0086302,Strombus marginatus marginatus robustus,subspecies,Animalia,Strombus marginatus robustus,accepted,TRUE
45575e84-180f-4dc7-8853-8001be2e05fb,infraspecies,Animalia,t0033098,Strombus vittatus vittatus japonicus,subspecies,Animalia,Strombus vittatus japonicus,accepted,TRUE
5c7f783c-101f-4243-be43-345e1e81fa0c,infraspecies,Animalia,t0086304,Strombus plicatus plicatus pulchellus,subspecies,Animalia,Strombus plicatus pulchellus,accepted,TRUE
983dbfb5-b433-496f-aca9-349eec048aba,infraspecies,Animalia,t0087689,Terebellum terebellum terebellum fo. delicatum,form,Animalia,Terebellum terebellum fo. delicatum,accepted,TRUE
16552856-1bcd-4c0a-826e-15f830405b6d,infraspecies,Animalia,t0087690,Terebellum terebellum terebellum fo. lineatum,form,Animalia,Terebellum terebellum fo. lineatum,accepted,TRUE
2c18fde3-a797-4b2e-bbfc-0c6a29827d02,infraspecies,Animalia,t0087691,Terebellum terebellum terebellum fo. punctulorum,form,Animalia,Terebellum terebellum fo. punctulorum,accepted,TRUE
5e4e3b2c-1eb1-486d-9470-6c14c6a287ea,infraspecies,Animalia,t0086337,Terebellum terebellum terebellum terebellum,subspecies,Animalia,Terebellum terebellum terebellum,accepted,TRUE
832adfcc-2b3c-4c0c-a139-aa548de93aef,infraspecies,Animalia,t0086143,Pomacea bridgesii bridgesii effusa,subspecies,Animalia,Pomacea bridgesii effusa,accepted,TRUE
535bc62d-c946-46d7-95b0-a64e8d2ac382,infraspecies,Animalia,t0086008,Oncomelania hupensis hupensis chiui,subspecies,Animalia,Oncomelania hupensis chiui,accepted,TRUE
827da7a8-2b81-47f6-8838-1beb837d2062,infraspecies,Animalia,t0086009,Oncomelania hupensis hupensis formosana,subspecies,Animalia,Oncomelania hupensis formosana,accepted,TRUE
515cca98-5483-4a05-82bc-48e6d3bc83b0,infraspecies,Animalia,t0087687,Pyramidella dolabrata dolabrata fo. terebellum,form,Animalia,Pyramidella dolabrata fo. terebellum,accepted,TRUE
2b8f3ddc-3f00-49fc-8f3e-93877c9fa98a,infraspecies,Animalia,t0087688,Pyramidella sulcata sulcata fo. terebella,form,Animalia,Pyramidella sulcata fo. terebella,accepted,TRUE
783e9da5-75c8-4335-a8d9-adee2ac07562,infraspecies,Animalia,t0086197,Pyrunculus pyriformis pyriformis obesus,subspecies,Animalia,Pyrunculus pyriformis obesus,accepted,TRUE
e20838cb-9519-4261-82ff-50f88b901980,infraspecies,Animalia,t0030576,Clio pyramidata pyramidata lanceolata,subspecies,Animalia,Clio pyramidata lanceolata,accepted,TRUE
b82108d1-2415-4fdd-9c5d-9d89c7c60545,infraspecies,Animalia,t0085467,Clio pyramidata pyramidata microcaudata,subspecies,Animalia,Clio pyramidata microcaudata,accepted,TRUE
f5e83d3b-140e-493c-96a1-758cbbbdac21,infraspecies,Animalia,t0085508,Creseis virgula virgula conica,subspecies,Animalia,Creseis virgula conica,accepted,TRUE
3ac5a1ea-c1a6-433b-a896-2ace183f272d,infraspecies,Animalia,t0087511,Diacria quadridentata quadridentata var. costata,variety,Animalia,Diacria quadridentata var. costata,accepted,TRUE
deabec32-07dc-4cd5-bd75-77c4d8930273,infraspecies,Animalia,t0085396,Cassidula paludosa paludosa nigrobrunnea,subspecies,Animalia,Cassidula paludosa nigrobrunnea,accepted,TRUE
fcab4deb-8af7-4824-ad33-382df609d329,infraspecies,Animalia,t0085884,Melampus flavus flavus flavus,subspecies,Animalia,Melampus flavus flavus,accepted,TRUE
13675287-4d40-42dc-a8b2-55cb46a6e229,infraspecies,Animalia,t0086076,Pedipes jouani jouani philippinica,subspecies,Animalia,Pedipes jouani philippinica,accepted,TRUE
90e330e8-3662-4bae-8bcb-345cb5b99ca9,infraspecies,Animalia,t0087672,Cantharidus callichrous callichrous fo. bisbalteata,form,Animalia,Cantharidus callichrous fo. bisbalteata,accepted,TRUE
094029f6-45a1-4c74-8646-f3224192e511,infraspecies,Animalia,t0085465,Clanculus bronni bronni bronni,subspecies,Animalia,Clanculus bronni bronni,accepted,TRUE
db53410c-9ddc-4ef3-8bdc-b5b6ef5f0727,infraspecies,Animalia,t0085466,Clanculus bronni bronni fraterculus,subspecies,Animalia,Clanculus bronni fraterculus,accepted,TRUE
224b8f2b-3d37-4782-b181-1243c2b9b16a,infraspecies,Animalia,t0029328,Ginebis argenteonitens argenteonitens argenteonitens,subspecies,Animalia,Ginebis argenteonitens argenteonitens,accepted,TRUE
598bb2c3-84e8-42e5-b196-46c0374c9188,infraspecies,Animalia,t0085705,Ginebis argenteonitens argenteonitens hirasei,subspecies,Animalia,Ginebis argenteonitens hirasei,accepted,TRUE
f2b08997-01c7-40b7-a4a4-7a626c9b86e4,infraspecies,Animalia,t0085706,Ginebis argenteonitens convexiuscula tosana,subspecies,Animalia,Ginebis convexiuscula tosana,accepted,TRUE
bf50d275-b685-49da-bce7-70fcaddb3ee3,infraspecies,Animalia,t0085772,Hybochelus cancellatus cancellatus cancellatus,subspecies,Animalia,Hybochelus cancellatus cancellatus,accepted,TRUE
b424ab92-0417-4889-bf81-6b64df2e2142,infraspecies,Animalia,t0085773,Hybochelus cancellatus cancellatus orientalis,subspecies,Animalia,Hybochelus cancellatus orientalis,accepted,TRUE
0141b11d-9af6-4f56-8df8-cf9eee21ffdb,infraspecies,Animalia,t0085932,Monodonta labio labio confusa,subspecies,Animalia,Monodonta labio confusa,accepted,TRUE
d128b382-34d9-4094-90ea-0700a0bdd12e,infraspecies,Animalia,t0085933,Monodonta labio labio labio,subspecies,Animalia,Monodonta labio labio,accepted,TRUE
1ad0cc9c-d5c3-4dd5-a10d-2925741accf7,infraspecies,Animalia,t0085270,Aphanoconia hungerfordiana hungerfordiana formosana,subspecies,Animalia,Aphanoconia hungerfordiana formosana,accepted,TRUE
2e7acb57-0aa3-4a8d-8ad8-0e39fd90b5ff,infraspecies,Animalia,t0085271,Aphanoconia hungerfordiana hungerfordiana hainanensis,subspecies,Animalia,Aphanoconia hungerfordiana hainanensis,accepted,TRUE
739d4bb9-f7ed-4aeb-8894-5db40f18c2b7,infraspecies,Animalia,t0085336,Bolma henica henica gloriosa,subspecies,Animalia,Bolma henica gloriosa,accepted,TRUE
d579b082-b41a-49e6-b21a-6cdf9a3c16eb,infraspecies,Animalia,t0085335,Bolma guttata guttata millegranosa,subspecies,Animalia,Bolma guttata millegranosa,accepted,TRUE
5054672e-6d78-466c-a3ce-0c7fcf8e96fb,infraspecies,Animalia,t0087674,Cellana grata grata fo. steansii,form,Animalia,Cellana grata fo. steansii,accepted,TRUE
78fa8e4d-bfb2-4cb3-8cfd-488361829602,infraspecies,Animalia,t0087673,Cellana grata grata fo. eucosmia,form,Animalia,Cellana grata fo. eucosmia,accepted,TRUE
7f37b482-84f6-4b8d-864e-b1fff4d31cc1,infraspecies,Animalia,t0085403,Cellana radiata radiata orientalis,subspecies,Animalia,Cellana radiata orientalis,accepted,TRUE
43af35db-2543-4742-b052-61feca061f39,infraspecies,Animalia,t0085402,Cellana profunda profunda mauritiana,subspecies,Animalia,Cellana profunda mauritiana,accepted,TRUE
1fe37dc5-450d-4e30-9c5c-4414f628b44e,infraspecies,Animalia,t0085404,Cellana rediana rediana eneagona,subspecies,Animalia,Cellana rediana eneagona,accepted,TRUE
08a56158-3ccd-41a5-9ab4-5f6de12fc525,infraspecies,Animalia,t0085406,Cellana toreuma toreuma toreuma,subspecies,Animalia,Cellana toreuma toreuma,accepted,TRUE
964c410d-4ed2-459d-9c42-ca2972210d9b,infraspecies,Animalia,t0085405,Cellana toreuma toreuma amussitata,subspecies,Animalia,Cellana toreuma amussitata,accepted,TRUE
af2bb146-e32c-46ae-ae77-ad207d10aee5,infraspecies,Animalia,t0085966,Nerita helicinoides helicinoides tristis,subspecies,Animalia,Nerita helicinoides tristis,accepted,TRUE
23634711-7205-4043-9914-0fe2d0207922,infraspecies,Animalia,t0086244,Septaria porcellana porcellana cumingiana,subspecies,Animalia,Septaria porcellana cumingiana,accepted,TRUE
a61b732d-28b2-47b7-992c-f659b0a24602,infraspecies,Animalia,t0085610,Emarginula foveolata foveolata fujitai,subspecies,Animalia,Emarginula foveolata fujitai,accepted,TRUE
1f4c52f5-b0a4-4c75-84cc-b627b84333a8,infraspecies,Animalia,t0086074,Patelloida pygmaea pygmaea lampanicola,subspecies,Animalia,Patelloida pygmaea lampanicola,accepted,TRUE
d683ed99-7237-4477-817e-5a8f63a20641,infraspecies,Animalia,t0087686,Patelloida pygmaea pygmaea fo. conulus,form,Animalia,Patelloida pygmaea fo. conulus,accepted,TRUE
53affb14-81fe-41ce-87db-7b6709b295a5,infraspecies,Animalia,t0085474,Collisella heroldi heroldi heroldi,subspecies,Animalia,Collisella heroldi heroldi,accepted,TRUE
61684ec8-fccb-42a8-9df0-4794dfeea3a2,infraspecies,Animalia,t0085441,Charonia lampas lampas sauliae,subspecies,Animalia,Charonia lampas sauliae,accepted,TRUE
8698922b-3b0c-4d7d-99c6-b35108bc8e65,infraspecies,Animalia,t0085539,Cymatium exaratum exaratum kiiense,subspecies,Animalia,Cymatium exaratum kiiense,accepted,TRUE
8c08d1fc-0b5f-4253-8e02-d764851fa927,infraspecies,Animalia,t0086222,Sassia semitorta semitorta sakuraii,subspecies,Animalia,Sassia semitorta sakuraii,accepted,TRUE
7b235842-f5f9-4725-943f-8a1c9bb742a7,infraspecies,Animalia,t0085685,Galeoocorys echinophorella echinophorella echinophorella,subspecies,Animalia,Galeoocorys echinophorella echinophorella,accepted,TRUE
9c8813d9-ec47-4ee0-9cd2-2594c936a6cb,infraspecies,Animalia,t0085686,Galeoocorys echinophorella echinophorella suzumai,subspecies,Animalia,Galeoocorys echinophorella suzumai,accepted,TRUE
6252c189-f114-431b-8f0f-80e945e61ea5,infraspecies,Animalia,t0086090,Semicassis bisulcata bisulcatum japonica,subspecies,Animalia,Phalium bisulcatum japonica,accepted,TRUE
31a12eb2-9707-4278-bd58-dc986e9104bf,infraspecies,Animalia,t0086092,Phalium coronadoi coronadoi wyvillei,subspecies,Animalia,Phalium coronadoi wyvillei,accepted,TRUE
68f28c71-c941-41cc-aa8d-e24b92a24f3e,infraspecies,Animalia,t0086093,Phalium glabratum glabratum bulla,subspecies,Animalia,Phalium glabratum bulla,accepted,TRUE
5b6217ca-b468-4b85-bc56-a526f3283d63,infraspecies,Animalia,t0086243,Semicassis bisulcata bisulcata diuturna,subspecies,Animalia,Semicassis bisulcata diuturna,accepted,TRUE
ecf49309-f571-4204-9f32-f17ec8d1b8de,infraspecies,Animalia,t0086135,Neverita didyma didyma amplus,subspecies,Animalia,Polinices didyma amplus,accepted,TRUE
c4b230d2-ce0f-4246-ad00-5baf94eeb64b,infraspecies,Animalia,t0085347,Bursatella leachii leachii leachii,subspecies,Animalia,Bursatella leachii leachii,accepted,TRUE
e45ba66e-3792-4387-8803-57e634b9877f,infraspecies,Animalia,t0086141,Polypylis usta usta swinhoei,subspecies,Animalia,Polypylis usta swinhoei,accepted,TRUE
0062cebf-faf4-451d-86f3-4c5ba09d635d,infraspecies,Animalia,t0085258,Anthemiphyllia patera patera costata,subspecies,Animalia,Anthemiphyllia patera costata,accepted,TRUE
84033729-aa85-4743-a504-50ca8eb235ba,infraspecies,Animalia,t0085229,Amynthas exiguus exiguus aquilonius,subspecies,Animalia,Amynthas exiguus aquilonius,accepted,TRUE
683291a9-41b5-4986-914e-ef657ea65139,infraspecies,Animalia,t0085232,Amynthas papilio papilio papilio,subspecies,Animalia,Amynthas papilio papilio,accepted,TRUE
886158b0-2cb8-4596-a3dc-d50940aab345,infraspecies,Animalia,t0085234,Amynthas tessellatus tessellatus tessellatus,subspecies,Animalia,Amynthas tessellatus tessellatus,accepted,TRUE
57a754fd-db5a-4716-89f7-80e13f4b04d2,infraspecies,Animalia,t0085233,Amynthas tessellatus tessellatus paucus,subspecies,Animalia,Amynthas tessellatus paucus,accepted,TRUE
eeeb0071-ac1a-4b2d-a271-85aacf819f5f,infraspecies,Animalia,t0085900,Metaphire bununa bununa bununa,subspecies,Animalia,Metaphire bununa bununa,accepted,TRUE
18f6e9d0-436e-4db2-a001-0bdd7bd0599b,infraspecies,Animalia,t0085905,Metaphire paiwanna paiwanna paiwanna,subspecies,Animalia,Metaphire paiwanna paiwanna,accepted,TRUE
f8c91cee-1f6c-4e4a-895e-cc74342c3e9b,infraspecies,Animalia,t0085904,Metaphire paiwanna paiwanna liliumfordi,subspecies,Animalia,Metaphire paiwanna liliumfordi,accepted,TRUE
39a3f55d-4cce-4c26-963d-e6c22a34437c,infraspecies,Animalia,t0085903,Metaphire paiwanna paiwanna hengchunensis,subspecies,Animalia,Metaphire paiwanna hengchunensis,accepted,TRUE
229b18a2-4898-4e58-bd0c-382c04129f31,infraspecies,Animalia,t0085906,Metaphire schmardae schmardae schmardae,subspecies,Animalia,Metaphire schmardae schmardae,accepted,TRUE
05673fcb-9243-441a-b38f-b30d687895c6,infraspecies,Animalia,t0086177,Pseudopolydora kempi kempi japonica,subspecies,Animalia,Pseudopolydora kempi japonica,accepted,TRUE
4134d175-c549-4c60-aa12-6ab8b067c95a,infraspecies,Animalia,t0031800,Phascolosoma glabrum glabrum glabrum,subspecies,Animalia,Phascolosoma glabrum glabrum,accepted,TRUE
8c3eb792-97f1-4a0e-97c3-6f62d58ca9b5,infraspecies,Animalia,t0057784,Aspidosiphon muelleri muelleri muelleri,subspecies,Animalia,Aspidosiphon muelleri muelleri,accepted,TRUE
96ab749f-c9f4-4ec7-91bf-ae30c935bf6a,infraspecies,Animalia,t0029371,Golfingia margaritacea margaritacea margaritacea,subspecies,Animalia,Golfingia margaritacea margaritacea,accepted,TRUE
765b9130-ea22-473e-8753-61d9841d9fce,infraspecies,Animalia,t0029372,Golfingia vulgaris vulgaris vulgaris,subspecies,Animalia,Golfingia vulgaris vulgaris,accepted,TRUE
4c708f48-2dfb-4335-a70d-617823b8b3dc,infraspecies,Animalia,t0086256,Siphonosoma australe australe takatsukii,subspecies,Animalia,Siphonosoma australe takatsukii,accepted,TRUE
463c03d6-ad41-4c5e-8f89-fe5a62b50880,infraspecies,Animalia,t0029934,Brachionus angularis angularis var. bidens,variety,Animalia,Brachionus angularis var. bidens,accepted,TRUE
f2e28b70-3c51-4d44-8bd1-e493721172cd,infraspecies,Animalia,t0087504,Brachionus angularis angularis var. chelonis,variety,Animalia,Brachionus angularis var. chelonis,accepted,TRUE
a29932dd-4e93-4c1c-9f52-bc5f025aab35,infraspecies,Animalia,t0087505,Brachionus pala calyciflorus var. amphiceros,variety,Animalia,Brachionus calyciflorus var. amphiceros,accepted,TRUE
3ef294c4-85df-47f0-afdf-674676d50697,infraspecies,Animalia,t0087506,Brachionus pala calyciflorus var. anuraeiformis,variety,Animalia,Brachionus calyciflorus var. anuraeiformis,accepted,TRUE
0edd87ae-96f0-44db-850a-77a9beaa34dd,infraspecies,Animalia,t0087508,Brachionus quadridentatus quadridentatus var. brevispinus,variety,Animalia,Brachionus quadridentatus var. brevispinus,accepted,TRUE
220bfaca-ce08-4034-b978-c5ec1ab8baa6,infraspecies,Animalia,t0085143,Brachionus quadridentatus quadridentatus quadridentatus,subspecies,Animalia,Brachionus quadridentatus quadridentatus,accepted,TRUE
ddd32990-66ea-4185-8f1e-afef03839fa3,infraspecies,Animalia,t0087680,Lepadella patella patella fo. onga,form,Animalia,Lepadella patella fo. onga,accepted,TRUE
9b4851e7-82ee-41d1-96b3-eba220b0e4aa,infraspecies,Animalia,t0028153,Myotis fimbriatus fimbriatus taiwanensis,subspecies,Animalia,Myotis fimbriatus taiwanensis,accepted,TRUE
8233cb23-d289-4310-8772-a18b98b9ecdb,infraspecies,Animalia,t0085445,Chlaenius noguchii noguchii formesanus,subspecies,Animalia,Chlaenius noguchii formesanus,accepted,TRUE
06e1cb11-7601-41fe-9751-d7fff287e9f7,species,Animalia,t0079282,Coptodera (Coptoderina) eluta,species,Animalia,Coptodera eluta,accepted,TRUE
adda6057-bc56-43ef-8ac4-13c6eb0447d6,species,Animalia,t0079283,Coptodera (Coptoderina) flexuosa,species,Animalia,Coptodera flexuosa,accepted,TRUE
341ac699-f3c2-4193-98fa-18ac1ce6f7ab,species,Animalia,t0079288,Coptodera (Coptoderina) proksi,species,Animalia,Coptodera proksi,accepted,TRUE
1831e137-2822-418c-9c1e-c47225a571e3,infraspecies,Animalia,t0079289,Coptodera (Coptoderina) flexuosa flexuosa taiwana,subspecies,Animalia,Coptodera flexuosa taiwana,accepted,TRUE
209c8770-d3ba-419a-88bf-93ef42b96791,infraspecies,Animalia,t0085729,Harpalus indicus indicus orientalis,subspecies,Animalia,Harpalus indicus orientalis,accepted,TRUE
75e081b5-d5a8-40fe-9721-66bbb6b88ecf,infraspecies,Animalia,t0086013,Ophionea bhamoensis bhamoensis taiwanensis,subspecies,Animalia,Ophionea bhamoensis taiwanensis,accepted,TRUE
aa06fb92-72ce-45a9-ac85-e53019fae9f1,infraspecies,Animalia,t0086149,Praolia citrinipes citrinipes atripennis,subspecies,Animalia,Praolia citrinipes atripennis,accepted,TRUE
975fac0d-2075-4151-8f75-df0efbe9fbfa,infraspecies,Animalia,t0086359,Thranius rufescens rufescens formosanus,subspecies,Animalia,Thranius rufescens formosanus,accepted,TRUE
fb9c012a-a208-417c-82fa-b88f10c3e675,species,Animalia,t0068259,Macroilleis hauser,species,Animalia,Macroailleis hauser,accepted,TRUE
a254a7b4-9e79-4ff9-8a26-fab71b66cfd4,infraspecies,Animalia,t0061573,Dicronocephalus wallichii wallichii bourgoini,subspecies,Animalia,Dicronocephalus wallichii bourgoini,accepted,TRUE
d227dac9-831d-4387-8785-d5af10077751,species,Animalia,t0082262,Onthophagus tricornis,species,Animalia,Onthophagus (Parascatonomus) tricornis,accepted,TRUE
ca5e51e0-8ba6-4f48-a5b4-2cbf52c57180,species,Animalia,t0070422,Aesalus (Huaesalus) imanishii,species,Animalia,Aesalus imanishii,accepted,TRUE
b91366e8-8d5f-482e-b5fc-b178cc7a48b1,species,Animalia,t0105413,Cyclommatus asahinai,subspecies,Animalia,Cyclommatinus asahinai asahinai,deleted,TRUE
a94070bd-26a8-4355-9a61-362efa98b4e3,infraspecies,Animalia,t0061967,Dorcus yaksha yaksha gracilicornis,subspecies,Animalia,Dorcus yaksha gracilicornis,accepted,TRUE
7ef0b59f-e630-419e-9636-1e4c19433a09,infraspecies,Animalia,t0028712,Falcicornis pieli pieli mochizukii,subspecies,Animalia,Falcicornis pieli mochizukii,accepted,TRUE
a2b4eb87-ea90-47f9-81e5-21f0dffd5dc7,infraspecies,Animalia,t0105414,Miwanus formosanus formosanus formosanus,subspecies,Animalia,Miwanus formosanus formosanus,accepted,TRUE
e00facaa-b534-4418-82c8-f9677ef51cee,infraspecies,Animalia,t0085408,Cephalomalthinus taoyuanus taoyuanus ilanensis,subspecies,Animalia,Cephalomalthinus taoyuanus ilanensis,accepted,TRUE
fd7a10c0-15a2-40ea-aa5c-56ac10673c39,species,Animalia,t0046142,Atomaria (Atomaria) torrida,species,Animalia,Atomaria torrida,accepted,TRUE
4e21b164-7312-4efa-900d-2b14a9a8880c,species,Animalia,t0081769,Nosodendron (Dendrodipnis) taiwanense,species,Animalia,Nosodendron taiwanense,accepted,TRUE
3331e824-0f6a-4f06-a145-5beb26f39099,infraspecies,Animalia,t0030801,Cusiala boarmioides boarmoides boarmoides,subspecies,Animalia,Cusiala boarmoides boarmoides,accepted,TRUE
97c60447-4769-4318-9470-9fbc3adac503,infraspecies,Animalia,t0030196,Catarhoe obscura obscura obscura,subspecies,Animalia,Catarhoe obscura obscura,accepted,TRUE
8cf24bc2-3a28-495e-a254-dde4ea2dede8,infraspecies,Animalia,t0084953,Peratophyga grata grata stuningi,subspecies,Animalia,Peratophyga grata stuningi,accepted,TRUE
e598cd49-0c7e-43a9-a62d-e3307e0d76f3,infraspecies,Animalia,t0105415,Dichagyris triangularis triangularis triangularis,subspecies,Animalia,Dichagyris triangularis triangularis,accepted,TRUE
8b28e50c-9f1b-4999-93ff-187cd2dd3e1c,infraspecies,Animalia,t0084903,Nyctycia hoenei hoenei simonyii,subspecies,Animalia,Nyctycia hoenei simonyii,accepted,TRUE
1613dfb5-7077-4c18-a2f8-d063109b8f8d,infraspecies,Animalia,t0105416,Huangilene alikangiae alikangiae alikangiae,subspecies,Animalia,Huangilene alikangiae alikangiae,accepted,TRUE
8d4e8563-e410-447d-96bc-26c665f08fed,species,Animalia,t0056699,Utetheisa (Pitasila) inconstans,species,Animalia,Utetheisa inconstans,accepted,TRUE
8ce016f9-8e11-486f-b76e-1d2e53f807e0,species,Animalia,t0056698,Utetheisa (Pitasila) fractifascia,species,Animalia,Utetheisa fractifascia,accepted,TRUE
0f46c84c-41a2-4422-80df-9793caff0683,infraspecies,Animalia,t0027697,Macroglossum divergens divergens heliophila,subspecies,Animalia,Macroglossum divergens heliophila,accepted,TRUE
00819621-3531-4fe4-8b73-205c6ebdcb93,infraspecies,Animalia,t0028979,Epistauropus terminalis terminalis anmashanensis,subspecies,Animalia,Epistauropus terminalis anmashanensis,accepted,TRUE
18ae1d38-ead8-4c73-9131-86838dafe79d,infraspecies,Animalia,t0084648,Actias ningpoana ningpoana ningtaiwana,subspecies,Animalia,Actias ningpoana ningtaiwana,accepted,TRUE
c2131209-7410-4154-be07-7cf8fbbe479c,infraspecies,Animalia,t0027729,Mahathala ameria ameria hainani,subspecies,Animalia,Mahathala ameria hainani,accepted,TRUE
6cb115e2-1844-4f74-9a5a-5ccce8b66588,infraspecies,Animalia,t0056476,Tajuria yajna yajna caerulea,subspecies,Animalia,Tajuria yajna caerulea,accepted,TRUE
b496dc26-a6da-4c35-9b1f-60099f884194,infraspecies,Animalia,t0028136,Mycalesis mucianus mucianus zonatus,subspecies,Animalia,Mycalesis mucianus zonatus,accepted,TRUE
5cea1547-9c0a-448d-ab2b-8b008860b161,infraspecies,Animalia,t0052320,Algia fasciata fasciata fasciata,subspecies,Animalia,Algia fasciata fasciata,accepted,TRUE
3511a61a-90f4-4103-a673-bf727faef919,infraspecies,Animalia,t0028580,Ypthima atra atra taiwana,subspecies,Animalia,Ypthima atra taiwana,accepted,TRUE
b7191015-26ca-4138-962c-36d2170901e4,infraspecies,Animalia,t0056760,Ypthima argus argus okurai,subspecies,Animalia,Ypthima argus okurai,accepted,TRUE
1f9df10d-ca8c-424c-8274-deb6d8680734,infraspecies,Animalia,t0028383,Troides rhadamantus rhadamantus plateni,subspecies,Animalia,Troides rhadamantus plateni,accepted,TRUE
0c22ffd9-f212-45ac-8436-baa00222aee4,infraspecies,Animalia,t0027886,Melittia eurytion eurytion formosana,subspecies,Animalia,Melittia eurytion formosana,accepted,TRUE
e7dfa51a-3c10-49e0-a5de-e1d346ceac70,infraspecies,Animalia,t0032741,Scutellera nepalensis nepalensis amethystina,subspecies,Animalia,Scutellera nepalensis amethystina,accepted,TRUE
373acb61-23a2-45a5-bb23-199e394d0bfc,infraspecies,Animalia,t0070860,Allantus luctifer luctifer melanocoxus,subspecies,Animalia,Allantus luctifer melanocoxus,accepted,TRUE
43725e23-42c4-48ab-9cf5-7134e5b0c984,species,Animalia,t0033047,Stenobracon (Stenobracon) oculatus,species,Animalia,Stenobracon oculatus,accepted,TRUE
6b5651c4-e47b-4e2d-80c5-47b5965ad108,species,Animalia,t0072254,Armigeres (Armigeres) baisasi,species,Animalia,Armigeres baisasi,accepted,TRUE
2b49e094-8a38-4d22-a036-277f0d54accf,species,Animalia,t0072259,Armigeres (Armigeres) subalbatus,species,Animalia,Armigeres subalbatus,accepted,TRUE
4d6ee983-3572-4247-89d8-f53be14f9812,species,Animalia,t0072255,Armigeres (Leicesteria) digitatus,species,Animalia,Armigeres digitatus,accepted,TRUE
881736e3-a075-4bb1-9347-ceea01996b5e,species,Animalia,t0072256,Armigeres (Leicesteria) flavus,species,Animalia,Armigeres flavus,accepted,TRUE
9ac2c818-c847-4d19-8be1-bd15f1f2c054,species,Animalia,t0072258,Armigeres (Leicesteria) omissus,species,Animalia,Armigeres omissus,accepted,TRUE
d04e1708-52c5-4269-bb84-0eb3e3d803ab,species,Animalia,t0072253,Armigeres (Leicesteria) annulitarsis,species,Animalia,Armigeres annulitarsis,accepted,TRUE
0809d588-e198-47b8-9012-d435fc953df2,species,Animalia,t0065239,Heizmannia (Heizmannia) chengi,species,Animalia,Heizmannia chengi,accepted,TRUE
9d516226-72c0-48a8-a142-0644db7143e0,species,Animalia,t0065240,Heizmannia (Heizmannia) lii,species,Animalia,Heizmannia lii,accepted,TRUE
ee5e6121-5f3f-48ab-aaa7-a7f6947e4b12,species,Animalia,t0065241,Heizmannia (Heizmannia) macdonaldi,species,Animalia,Heizmannia macdonaldi,accepted,TRUE
1fb77c42-554f-493f-a190-421dbb3d6d7b,species,Animalia,t0065242,Heizmannia (Heizmannia) reidi,species,Animalia,Heizmannia reidi,accepted,TRUE
c2a6f91c-021f-4c3f-8ad6-d8b1cd164430,species,Animalia,t0065243,Heizmannia (Heizmannia) taiwanensis,species,Animalia,Heizmannia taiwanensis,accepted,TRUE
5dab01c4-b84c-4183-8c8e-ce5036bb8c54,species,Animalia,t0065238,Heizmannia (Mattinglyia) catesi,species,Animalia,Heizmannia catesi,accepted,TRUE
cec23c7c-26e7-4d5a-a124-24e91cdcc9b1,species,Animalia,t0027705,Macronychia (Moschusa) griseola,species,Animalia,Macronychia griseola,accepted,FALSE
0bf4773f-e79d-448b-9f19-39bb5d822d1c,species,Animalia,t0032587,Parasarcophaga (Parasarcophaga) albiceps,species,Animalia,Parasarcophaga albiceps,accepted,TRUE
38ca38ee-5a4f-4f55-b8ae-57ea59dce4be,species,Animalia,t0038168,Robineauella (Digitiventra) anchoriformis,species,Animalia,Robineauella anchoriformis,accepted,TRUE
d581d404-8104-4ad2-b77f-c15a003adc49,species,Animalia,t0038171,Lioproctia (Burmanomyia) beesoni,species,Animalia,Lioproctia beesoni,accepted,TRUE
afc0b6e2-ec38-4598-b347-30f696c8d5b5,species,Animalia,t0038172,Liosarcophaga (Liosarcophaga) kohla,species,Animalia,Liosarcophaga kohla,accepted,TRUE
f9d12da3-874f-4926-bf71-25f7c7494673,species,Animalia,t0038173,Asceloctella (Asceloctella) calicifera,species,Animalia,Asceloctella calicifera,accepted,TRUE
cc113da1-63fb-459c-a17f-8baad50dd603,species,Animalia,t0038176,Parasarcophaga (Sinonipponia) concreata,species,Animalia,Parasarcophaga concreata,accepted,TRUE
b01f0eb6-b917-40d4-993e-898e072d84b1,species,Animalia,t0032588,Sarcosolomonia (Parkerimyia) crinita,species,Animalia,Sarcosolomonia crinita,accepted,TRUE
52fab617-1cac-4ca4-af6d-0d496e2efafb,species,Animalia,t0032589,Liosarcophaga (Liosarcophaga) dux,species,Animalia,Liosarcophaga dux,accepted,TRUE
f77e3ff4-174e-4389-b227-64b1a3ca22c4,species,Animalia,t0038181,Parasarcophaga (Sinonipponia) hainanensis,species,Animalia,Parasarcophaga hainanensis,accepted,TRUE
78d9562b-bc01-47bf-8fe6-2d3890150b54,species,Animalia,t0038182,Parasarcophaga (Sinonipponia) hervebazini,species,Animalia,Parasarcophaga hervebazini,accepted,TRUE
ab79e586-2b3f-4943-8d2e-d6450bcbe587,species,Animalia,t0038183,Liosarcophaga (Liosarcophaga) idmais,species,Animalia,Liosarcophaga idmais,accepted,TRUE
7908aa41-113f-4726-8c26-bf754436d442,species,Animalia,t0038185,Liosarcophaga (Curranea) iwuensis,species,Animalia,Liosarcophaga iwuensis,accepted,TRUE
4c72dd87-228d-4a0f-a41f-8f4b91b88606,species,Animalia,t0038187,Myorhina (Pachystyleta) lini,species,Animalia,Myorhina lini,accepted,TRUE
1f28d994-f9d3-45c1-880b-ee70a5b6c9aa,species,Animalia,t0038188,Helicophagella (Parabellieria) melanura,species,Animalia,Helicophagella melanura,accepted,TRUE
85fcba59-9ab8-48f5-868d-bde02d219e47,species,Animalia,t0032591,Parasarcophaga (Parasarcophaga) misera,species,Animalia,Parasarcophaga misera,accepted,TRUE
421622d4-b112-4fb0-ae8b-94340f22ba5e,species,Animalia,t0038193,Lioproctia (Coonoria) pattoni,species,Animalia,Lioproctia pattoni,accepted,TRUE
11b6fa1b-3b81-47c4-8964-d727cfef32c7,species,Animalia,t0032593,Liopygia (Liopygia) ruficornis,species,Animalia,Liopygia ruficornis,accepted,TRUE
02f198c8-3792-47de-bac3-163a291cad59,species,Animalia,t0038196,Liosarcophaga (Liosarcophaga) scopariiformis,species,Animalia,Liosarcophaga scopariiformis,accepted,TRUE
eccb53e6-1105-419e-8064-75f50c927f19,species,Animalia,t0032594,Parasarcophaga (Parasarcophaga) taenionota,species,Animalia,Parasarcophaga taenionota,accepted,TRUE
7ec32710-dec9-48b7-beee-ae9841b6b705,species,Animalia,t0038198,Liosarcophaga (Pandelleisca) tristylata,species,Animalia,Liosarcophaga tristylata,accepted,TRUE
ab2c9f79-e769-4ce4-90e8-0ed9999b2ac4,species,Animalia,t0038200,Liosarcophaga (Liosarcophaga) tuberosa,species,Animalia,Liosarcophaga tuberosa,accepted,TRUE
07e5d6ee-cf0d-4048-933e-16a986180662,species,Animalia,t0062461,Elephantomyia luculenta,species,Animalia,Elephantomyia (Elephantomyia) luculenta,accepted,TRUE
8ce908ab-06eb-4702-b2d8-bfc6c1685c71,species,Animalia,t0062462,Elephantomyia serotina,species,Animalia,Elephantomyia (Elephantomyia) serotina,accepted,TRUE
49851c2d-c493-4d4f-9e0f-7d5465b0485c,infraspecies,Animalia,t0085843,Limonia productina productina formosana,subspecies,Animalia,Limonia productina formosana,accepted,TRUE
6f659a22-a3f0-465b-b4db-ea02e93c0607,infraspecies,Animalia,t0085119,Limonia apicalis apicalis majuscula,subspecies,Animalia,Limonia apicalis majuscula,accepted,TRUE
615d158c-897d-4a6b-b93f-d9f64c3f5558,species,Animalia,t0047471,Tipula (Formotipula) holoserica,species,Animalia,Tipula holoserica,accepted,TRUE
96637826-25da-4e32-813d-1591d8ae2d81,infraspecies,Animalia,t0101047,Orthetrum melania melania continentale,subspecies,Animalia,Orthetrum melania continentale,accepted,TRUE
0151f2e2-4365-49f8-a697-d93cfbe28de5,infraspecies,Animalia,t0098199,Orthetrum triangulare triangulare triangulare,subspecies,Animalia,Orthetrum triangulare triangulare,accepted,TRUE
a0fc262e-b8b0-4280-9701-6e46c6d0ffe3,infraspecies,Animalia,t0068271,Macromia cupricincta cupricincta berlandi,subspecies,Animalia,Macromia cupricincta berlandi,accepted,TRUE
0403760a-0c1a-4c44-aa56-22bfcfda4b4c,species,Animalia,t0037323,Pteronemobius (Pteronemobius) caudatus,species,Animalia,Pteronemobius caudatus,accepted,TRUE
9ef3ff3a-2ba2-4d3f-80f8-a88bd9d6f218,species,Animalia,t0037324,Pteronemobius (Pteronemobius) ohmachii,species,Animalia,Pteronemobius ohmachii,accepted,TRUE
2f411365-691d-4d7a-b9b1-52725be63605,species,Animalia,t0029120,Euscyrtus (Osus) hemelytrus,species,Animalia,Euscyrtus hemelytrus,accepted,TRUE
f1b9d17c-8cc0-4df9-b1b9-766deadfe3b9,species,Animalia,t0063569,Euscyrtus (Osus) japonicus,species,Animalia,Euscyrtus japonicus,accepted,TRUE
70144a21-7868-4c46-946c-8ad4555a0f1d,species,Animalia,t0062166,Duolandrevus (Eulandrevus) guntheri,species,Animalia,Duolandrevus guntheri,accepted,TRUE
a52ba642-612d-4f7d-bc14-9893af3ca8f8,species,Animalia,t0062165,Duolandrevus (Duolandrevus) coulonianus,species,Animalia,Duolandrevus coulonianus,accepted,FALSE
54b25421-d1f6-4d70-994c-b955bfaa4995,species,Animalia,t0062164,Duolandrevus (Eulandrevus) coriaceus,species,Animalia,Duolandrevus coriaceus,accepted,TRUE
f1dc2a11-6580-498a-aa96-d78b48519a9e,species,Animalia,t0083943,Phaloria (Phaloria) kotoshoensis,species,Animalia,Phaloria kotoshoensis,accepted,TRUE
0e18c311-a1b8-467b-af62-a9ed03e5e688,species,Animalia,t0033281,Teleogryllus (Macroteleogryllus) mitratus,species,Animalia,Teleogryllus mitratus,accepted,TRUE
b6867cd5-0f2d-41b5-91b0-23635eb0934f,species,Animalia,t0048576,Velarifictorus (Velarifictorus) arisanicus,species,Animalia,Velarifictorus arisanicus,accepted,TRUE
3d403f02-11f9-4acf-8f43-5bad7dd26021,species,Animalia,t0081019,Metriogryllacris (Metriogryllacris) magna,species,Animalia,Metriogryllacris magna,accepted,TRUE
b211fb93-b92a-4550-abfc-f3d8df1669cb,species,Animalia,t0061601,Diestrammena (Diestrammena) ingens,species,Animalia,Diestrammena ingens,accepted,TRUE
471cc9d4-ab8c-4ab7-99b9-a82890525aa8,species,Animalia,t0032821,Blattella flavomarginata,species,Animalia,Phyllodromia flavomarginata,accepted,TRUE
8ce24559-7752-4583-9b98-b99776a52bd1,species,Animalia,t0046262,Blattella lineata,species,Animalia,Phyllodromia lineata,accepted,TRUE
dd7c1534-cd9f-4782-980d-c26b81543c7d,species,Animalia,t0046263,Blattella nigripronota,species,Animalia,Phyllodromia nigripronota,accepted,TRUE
df4267e5-4ec0-4739-bc48-b453b4b84b77,species,Animalia,t0046267,Blattella niitakana,species,Animalia,Phyllodromia niitakana,accepted,TRUE
27d7fed7-c781-4276-9251-2c3caeee73f2,species,Animalia,t0031872,Blattella fusca,species,Animalia,Phyllodromia fusca,accepted,TRUE
33a8376c-41e3-4c95-b463-858e7fb04733,infraspecies,Animalia,t0085197,Agonum japonicum japonicum chinadense,subspecies,Animalia,Agonum japonicum chinadense,accepted,TRUE
b83d32de-c38e-40f7-a0c4-b1b4acbc7b26,infraspecies,Animalia,t0085331,Bembidion niloticum niloticum batesi,subspecies,Animalia,Bembidion niloticum batesi,accepted,TRUE
fb527ee9-f7d7-4494-aff3-cdc1081c844d,infraspecies,Animalia,t0085332,Bembidion tenellum tenellum pseudoplaga,subspecies,Animalia,Bembidion tenellum pseudoplaga,accepted,FALSE
b7afa489-7475-4347-a936-d9cf1e590a65,infraspecies,Animalia,t0085344,Bradycellus crassicerus crassicerus crassicerus,subspecies,Animalia,Bradycellus crassicerus crassicerus,accepted,TRUE
7fd546b1-a39b-43ad-9e0c-81d91e9440dc,infraspecies,Animalia,t0085345,Bradycellus crassicerus crassicerus houhuanshanus,subspecies,Animalia,Bradycellus crassicerus houhuanshanus,accepted,TRUE
f0a64c8f-4a18-4e7a-9a6b-878120a77bcd,infraspecies,Animalia,t0085372,Calomera plumigera plumigera devastata,subspecies,Animalia,Calomera plumigera devastata,accepted,TRUE
0b5dfd76-d0b2-4cfa-a4e4-0089d2d0f2dd,infraspecies,Animalia,t0085388,Carabus sauteri sauteri sauteri,subspecies,Animalia,Carabus sauteri sauteri,accepted,TRUE
362dfb29-32e5-4dd9-a691-185ea37d1b2f,infraspecies,Animalia,t0085389,Carabus sauteri sauteri shimizuianus,subspecies,Animalia,Carabus sauteri shimizuianus,accepted,TRUE
5cd67302-47d6-4d8d-85b9-5c037daf0171,infraspecies,Animalia,t0085442,Chlaenius circumdatus circumdatus xanthopleurus,subspecies,Animalia,Chlaenius circumdatus xanthopleurus,accepted,TRUE
086fcd62-4516-4527-a4d8-5398e449c5cd,infraspecies,Animalia,t0085443,Chlaenius inops inops inops,subspecies,Animalia,Chlaenius inops inops,accepted,TRUE
5a581c70-0d93-4926-84f9-527f74cdcf77,infraspecies,Animalia,t0085444,Chlaenius klapperichi klapperichi taiwanus,subspecies,Animalia,Chlaenius klapperichi taiwanus,accepted,TRUE
d2ceb0db-b7c4-4870-9775-ecb04ce51081,infraspecies,Animalia,t0085446,Chlaenius rufifemoratus rufifemoratus lynx,subspecies,Animalia,Chlaenius rufifemoratus lynx,accepted,TRUE
fbe82e21-a1ea-42d9-925d-637f291eda90,infraspecies,Animalia,t0085468,Clivina wallacei wallacei phillipinensis,subspecies,Animalia,Clivina wallacei phillipinensis,accepted,TRUE
08123c0b-b295-4337-b610-a909f38cafbb,infraspecies,Animalia,t0085534,Cylindera elisae elisae formosana,subspecies,Animalia,Cylindera elisae formosana,accepted,TRUE
b3ba4215-9963-4aac-aaa6-13816b48a4f2,infraspecies,Animalia,t0085535,Cylindera elisae elisae reductelineata,subspecies,Animalia,Cylindera elisae reductelineata,accepted,TRUE
82f735be-c4f9-4a3d-90c2-2dccc1e14375,infraspecies,Animalia,t0085536,Cylindera kaleea kaleea angulimaculata,subspecies,Animalia,Cylindera kaleea angulimaculata,accepted,TRUE
a4c21c75-cb9e-4e42-9236-429d4a1cba75,infraspecies,Animalia,t0085537,Cylindera kaleea kaleea kaleea,subspecies,Animalia,Cylindera kaleea kaleea,accepted,TRUE
a67e6a19-7317-4bfa-9ad3-b1bc06a639ca,infraspecies,Animalia,t0085538,Cylindera psilica psilica psilica,subspecies,Animalia,Cylindera psilica psilica,accepted,TRUE
a7388437-6340-4e39-bc5f-24fd502c7580,infraspecies,Animalia,t0085561,Desera kulti kulti recondita,subspecies,Animalia,Desera kulti recondita,accepted,TRUE
00222fcb-db17-472f-be0e-d0ca857a838e,infraspecies,Animalia,t0085578,Dioryche torta torta formosana,subspecies,Animalia,Dioryche torta formosana,accepted,TRUE
45401dea-0ce2-4381-901e-e5c69306453a,infraspecies,Animalia,t0085592,Drypta lineola lineola virgata,subspecies,Animalia,Drypta lineola virgata,accepted,TRUE
8a9bc2d8-0aac-41f9-8fc1-5681e445331f,infraspecies,Animalia,t0085608,Elaphropus latissimus latissimus latissimus,subspecies,Animalia,Elaphropus latissimus latissimus,accepted,TRUE
d46e6297-5413-4729-84fd-f8c9a40f6cc2,infraspecies,Animalia,t0085730,Harpalus tinctulus tinctulus luteicornoides,subspecies,Animalia,Harpalus tinctulus luteicornoides,accepted,TRUE
43a47dff-ae63-45c3-8d31-473142f4bacc,infraspecies,Animalia,t0085817,Lebidia bioculata bioculata bioculata,subspecies,Animalia,Lebidia bioculata bioculata,accepted,TRUE
80e75e36-ef3d-45e6-8094-077ff53cda3d,infraspecies,Animalia,t0086068,Parena nigrolineata nigrolineata nigrolineata,subspecies,Animalia,Parena nigrolineata nigrolineata,accepted,TRUE
5e3e5366-40f1-4cc5-a2d9-018ff2f27544,infraspecies,Animalia,t0086069,Parena nigrolineata nigrolineata nipponensis,subspecies,Animalia,Parena nigrolineata nipponensis,accepted,TRUE
9f7bb577-b38e-4803-999c-f1421fba9fb2,infraspecies,Animalia,t0086070,Parena testacea testacea testacea,subspecies,Animalia,Parena testacea testacea,accepted,TRUE
3e49e79f-6cae-45d4-b539-3c4a21afb95e,infraspecies,Animalia,t0086096,Pheropsophus nebulosus nebulosus formosanus,subspecies,Animalia,Pheropsophus nebulosus formosanus,accepted,TRUE
46876323-a839-4a04-8fbd-4cf833ea9fe5,infraspecies,Animalia,t0086097,Pheropsophus nebulosus nebulosus nebulosus,subspecies,Animalia,Pheropsophus nebulosus nebulosus,accepted,TRUE
41247dd9-5b6d-465d-b0e4-4df978aa8065,infraspecies,Animalia,t0086126,Platynus laetus laetus unicolor,subspecies,Animalia,Platynus laetus unicolor,accepted,TRUE
9dc316a2-b5dc-41a6-a1ba-49958644860a,infraspecies,Animalia,t0086127,Platynus spectans spectans kosempoides,subspecies,Animalia,Platynus spectans kosempoides,accepted,TRUE
0ffd2c4e-aac3-4fe3-8056-b4e229d90640,infraspecies,Animalia,t0086232,Scarites sulcatus sulcatus sulcatus,subspecies,Animalia,Scarites sulcatus sulcatus,accepted,TRUE
864c4f47-3fd9-4be3-b59c-a56774c4dfb9,infraspecies,Animalia,t0086233,Scarites terricola terricola pacificus,subspecies,Animalia,Scarites terricola pacificus,accepted,TRUE
0254970f-5d6e-4f15-967d-12cb599faf8a,infraspecies,Animalia,t0086315,Synuchus angustus angustus aliensis,subspecies,Animalia,Synuchus angustus aliensis,accepted,TRUE
5057f31b-e8a8-4301-8dbe-1bf86e6b2a2c,infraspecies,Animalia,t0086316,Synuchus angustus angustus angustus,subspecies,Animalia,Synuchus angustus angustus,accepted,TRUE
e1c4175d-2a8c-4c29-98af-ae86d1c32109,infraspecies,Animalia,t0086317,Synuchus nitidus nitidus nitidus,subspecies,Animalia,Synuchus nitidus nitidus,accepted,TRUE
362b00d7-d343-4d44-a793-c8a744b206b0,infraspecies,Animalia,t0086320,Tachys fasciatus fasciatus fasciatus,subspecies,Animalia,Tachys fasciatus fasciatus,accepted,TRUE
58f9ca86-f5fd-42a7-9a86-fd2c9c068cc7,infraspecies,Animalia,t0086321,Tachys plagiatus plagiatus sexmaculatus,subspecies,Animalia,Tachys plagiatus sexmaculatus,accepted,TRUE
525208dc-e959-4e36-8a50-b81d66571584,infraspecies,Animalia,t0086351,Therates alboobliquatus alboobliquatus albbobliquatus,subspecies,Animalia,Therates alboobliquatus albbobliquatus,accepted,TRUE
7f49ea30-63d8-41b7-a81a-e25e878ba123,infraspecies,Animalia,t0086352,Therates alboobliquatus alboobliquatus kotoshonis,subspecies,Animalia,Therates alboobliquatus kotoshonis,accepted,TRUE
a084b48f-bc8b-405f-aa56-16e6086509b2,infraspecies,Animalia,t0086353,Therates fruhstorferi fruhstorferi sauteri,subspecies,Animalia,Therates fruhstorferi sauteri,accepted,TRUE
d8dac179-a105-4a2b-91b3-21607ac8c76d,infraspecies,Animalia,t0086380,Trichotichnus taiwanus taiwanus splendens,subspecies,Animalia,Trichotichnus taiwanus splendens,accepted,TRUE
e5477316-593a-4c21-9923-a8e7f2639082,infraspecies,Animalia,t0086381,Trichotichnus taiwanus taiwanus taiwanus,subspecies,Animalia,Trichotichnus taiwanus taiwanus,accepted,TRUE
affd9c32-0633-4eaa-b6be-b5d516b4686a,infraspecies,Animalia,t0085151,Abroscelis anchoralis anchoralis anchoralis,subspecies,Animalia,Abroscelis anchoralis anchoralis,accepted,TRUE
76287ba0-a95c-4da6-bb91-f555c4aa0bd4,infraspecies,Animalia,t0085152,Abroscelis anchoralis anchoralis punctatissima,subspecies,Animalia,Abroscelis anchoralis punctatissima,accepted,TRUE
f72500b2-74cf-4851-bfe8-6514269dbd1b,infraspecies,Animalia,t0085153,Abroscelis psammodroma psammodroma reductescripta,subspecies,Animalia,Abroscelis psammodroma reductescripta,accepted,TRUE
7649ab44-bf3d-4ad7-8fd8-135c0427140e,infraspecies,Animalia,t0085370,Callytron inspeculare inspeculare inspeculare,subspecies,Animalia,Callytron inspeculare inspeculare,accepted,TRUE
64d17daf-6ea9-4f9a-8f01-52ac013ad6e5,infraspecies,Animalia,t0085371,Callytron yuasai yuasai okinawense,subspecies,Animalia,Callytron yuasai okinawense,accepted,TRUE
99590527-52e9-4969-9d55-20358edc1885,infraspecies,Animalia,t0085562,Diacanthostylus elainus elainus elainus,subspecies,Animalia,Diacanthostylus elainus elainus,accepted,TRUE
f2075b68-a249-4e99-92a8-0279a9efef85,infraspecies,Animalia,t0085687,Galerita orientalis orientalis opaca,subspecies,Animalia,Galerita orientalis opaca,accepted,TRUE
8503164f-df34-4f2d-871e-569dd8476ed8,infraspecies,Animalia,t0085856,Lophyra cancellata cancellata subtilesculpta,subspecies,Animalia,Lophyra cancellata subtilesculpta,accepted,TRUE
0ecacb46-4275-44ff-8b78-847eb03cc895,infraspecies,Animalia,t0085858,Lophyra striolata striolata striolata,subspecies,Animalia,Lophyra striolata striolata,accepted,TRUE
0648cb69-c421-4ae1-b4dd-d37ce399fa70,infraspecies,Animalia,t0085857,Lophyra striolata striolata dorsolineolata,subspecies,Animalia,Lophyra striolata dorsolineolata,accepted,TRUE
11cf2930-6bc8-4b18-913e-ba0b576f9241,infraspecies,Animalia,t0085867,Lymnastis pilosus pilosus pilosus,subspecies,Animalia,Lymnastis pilosus pilosus,accepted,TRUE
03f43c26-6f10-4663-8dd2-cf6ce699eb35,infraspecies,Animalia,t0085913,Microlestes annamensis annamensis formosanus,subspecies,Animalia,Microlestes annamensis formosanus,accepted,TRUE
c05574ad-8f22-40a9-a6c6-d3c7aee17b60,infraspecies,Animalia,t0086083,Peripristus ater ater schenklingi,subspecies,Animalia,Peripristus ater schenklingi,accepted,TRUE
4a7183a5-7473-4ce7-b3c0-379b8f0f17d4,infraspecies,Animalia,t0086178,Pseudozaena orientalis orientalis opaca,subspecies,Animalia,Pseudozaena orientalis opaca,accepted,TRUE
8bee1074-efa3-4eca-80be-1bfcf27e1508,infraspecies,Animalia,t0086228,Scalidion xanthophanum xanthophanum nigrans,subspecies,Animalia,Scalidion xanthophanum nigrans,accepted,TRUE
4132e5ee-a166-4cbb-87c7-5b32822b405e,infraspecies,Animalia,t0085299,Atholus deuodecimstriatus deuodecimstriatus quatuordecimstriatus,subspecies,Animalia,Atholus deuodecimstriatus quatuordecimstriatus,accepted,TRUE
e9cbd390-b528-4b0c-895f-cd359b6d97d2,infraspecies,Animalia,t0086444,Zabromorphus salebrosus salebrosus subsolanus,subspecies,Animalia,Zabromorphus salebrosus subsolanus,accepted,TRUE
9a787e82-a919-4c85-8ee9-636fb670a095,infraspecies,Animalia,t0057588,Agrypnus argillaceus argillaceus shirozui,subspecies,Animalia,Agrypnus argillaceus shirozui,accepted,TRUE
1b08f7bf-0b82-44cd-a982-25eda5d16818,infraspecies,Animalia,t0057590,Agrypnus formosanus formosanus formosanus,subspecies,Animalia,Agrypnus formosanus formosanus,accepted,TRUE
38fb354b-331b-464a-84d3-e224ef89f4ba,infraspecies,Animalia,t0085204,Agrypnus formosanus formosanus lanyuanus,subspecies,Animalia,Agrypnus formosanus lanyuanus,accepted,TRUE
7bf7055e-8916-4f84-a092-7c30d3d5f614,infraspecies,Animalia,t0085205,Agrypnus taciturnus taciturnus koshunensis,subspecies,Animalia,Agrypnus taciturnus koshunensis,accepted,TRUE
09704a6c-cb52-4b94-9423-4efd5da7a22a,infraspecies,Animalia,t0085517,Cryptalaus larvatus larvatus larvatus,subspecies,Animalia,Cryptalaus larvatus larvatus,accepted,TRUE
460b96b0-c872-4cc9-81b6-0652e3e000bb,infraspecies,Animalia,t0085735,Hemicrepidius rufangulus rufangulus rufangulus,subspecies,Animalia,Hemicrepidius rufangulus rufangulus,accepted,TRUE
665a8b61-b30a-42d0-bcb4-3aa0e2963f61,infraspecies,Animalia,t0085864,Ludioschema vittiger vittiger formosanum,subspecies,Animalia,Ludioschema vittiger formosanum,accepted,TRUE
47699b33-397c-43c9-86d6-a2450d3671dc,infraspecies,Animalia,t0085887,Melanotus melanotoides melanotoides melanotoides,subspecies,Animalia,Melanotus melanotoides melanotoides,accepted,TRUE
48c8597a-1237-4680-89d7-3b391abb74c6,infraspecies,Animalia,t0086132,Podeonius aquilus aquilus formosensis,subspecies,Animalia,Podeonius aquilus formosensis,accepted,TRUE
d54cc0e0-b37b-4622-a239-f2c2e5389c57,infraspecies,Animalia,t0086214,Rismethus scobinula scobinula scobinula,subspecies,Animalia,Rismethus scobinula scobinula,accepted,TRUE
0a860473-8746-4552-8605-5214b41a03e8,infraspecies,Animalia,t0086247,Silesis sauteri sauteri sauteri,subspecies,Animalia,Silesis sauteri sauteri,accepted,TRUE
fce3c37b-0ab1-4610-9d63-ca7be77454fd,infraspecies,Animalia,t0085821,Lema pectoralis pectoralis unicolor,subspecies,Animalia,Lema pectoralis unicolor,accepted,TRUE
77fea7ce-2d1a-4eee-af33-32f2959c7425,infraspecies,Animalia,t0086121,Plagiosterna maculicollis maculicollis insularis,subspecies,Animalia,Plagiosterna maculicollis insularis,accepted,TRUE
43823822-4b13-4e76-830f-2d55b08b51a9,infraspecies,Animalia,t0086379,Trichochrysea okinawana okinawana taiwana,subspecies,Animalia,Trichochrysea okinawana taiwana,accepted,TRUE
fda08037-50c4-4029-81fe-1de29a0cc969,infraspecies,Animalia,t0085803,Laphris emarginata emarginata rufofulva,subspecies,Animalia,Laphris emarginata rufofulva,accepted,TRUE
b8eac978-48bf-413d-87e5-ca0470ed132b,infraspecies,Animalia,t0085526,Curculio simius simius spretus,subspecies,Animalia,Curculio simius spretus,accepted,TRUE
01125462-4b56-411a-aa54-a3fcd4324da7,infraspecies,Animalia,t0086043,Pachyrhynchus nobilis nobilis yamianus,subspecies,Animalia,Pachyrhynchus nobilis yamianus,accepted,TRUE
3202dfd5-62aa-430f-aa2b-b666f144ca2d,infraspecies,Animalia,t0086044,Pachyrhynchus sarcitis sarcitis kotoensis,subspecies,Animalia,Pachyrhynchus sarcitis kotoensis,accepted,TRUE
249a0cee-ccc6-4dc7-8485-bb2dba0e8cfa,infraspecies,Animalia,t0086116,Pimelocerus orientalis orientalis formosanus,subspecies,Animalia,Pimelocerus orientalis formosanus,accepted,TRUE
559b18d6-111d-449e-80b5-0acc81209f93,infraspecies,Animalia,t0086325,Taiwanobyctiscus separandus separandus mariana,subspecies,Animalia,Taiwanobyctiscus separandus mariana,accepted,TRUE
9cd2c55d-0d86-4536-ad9d-2499d0c4263f,infraspecies,Animalia,t0086326,Taiwanobyctiscus separandus separandus separandus,subspecies,Animalia,Taiwanobyctiscus separandus separandus,accepted,TRUE
5cba6e9b-727f-4056-ab96-0bce125d46f4,infraspecies,Animalia,t0085155,Acalolepta flocculata flocculata flocculata,subspecies,Animalia,Acalolepta flocculata flocculata,accepted,TRUE
3b7c32b0-a165-4579-b44b-c3c7a3f8e740,infraspecies,Animalia,t0085156,Acalolepta permutans permutans paucipunctata,subspecies,Animalia,Acalolepta permutans paucipunctata,accepted,TRUE
007ca8eb-fc48-4f3b-800b-76a4ff201169,infraspecies,Animalia,t0085157,Acalolepta rusticatrix rusticatrix formosensis,subspecies,Animalia,Acalolepta rusticatrix formosensis,accepted,TRUE
8ba2a916-31cf-4253-a0db-7ea45c2e4172,infraspecies,Animalia,t0085158,Acalolepta rusticatrix rusticatrix rusticatrix,subspecies,Animalia,Acalolepta rusticatrix rusticatrix,accepted,TRUE
9a63367a-bbd5-4151-8d37-cf7aa464dc0a,infraspecies,Animalia,t0085159,Acalolepta sublusca sublusca maculihumera,subspecies,Animalia,Acalolepta sublusca maculihumera,accepted,TRUE
f4d215ad-78e0-4216-a10f-51aa3ceaf05c,infraspecies,Animalia,t0086172,Pseudaeolethes chrysothrix chrysothrix taiwanensis,subspecies,Animalia,Pseudaeolethes chrysothrix taiwanensis,accepted,TRUE
b836a2f4-0e35-4eee-a616-4203c7509b69,infraspecies,Animalia,t0085239,Anastrangalia dissimilis dissimilis niitakana,subspecies,Animalia,Anastrangalia dissimilis niitakana,accepted,TRUE
216d97ac-0381-4d6c-9db6-a6d77cda9dac,infraspecies,Animalia,t0085252,Anoplophora horsfieldi horsfieldi taiwanensis,subspecies,Animalia,Anoplophora horsfieldi taiwanensis,accepted,TRUE
5c28cafd-499d-48d5-8db8-952486900b5c,infraspecies,Animalia,t0085272,Aphrodisium faldermannii faldermannii horishaensis,subspecies,Animalia,Aphrodisium faldermannii horishaensis,accepted,TRUE
1f116d95-3220-40d7-a0da-d763ce67a14b,infraspecies,Animalia,t0085292,Astathes janthinipennis janthinipennis cyanoptera,subspecies,Animalia,Astathes janthinipennis cyanoptera,accepted,TRUE
85921134-58a9-4eea-99dd-8b29eb644973,infraspecies,Animalia,t0085319,Bacchisa fortunei fortunei flavicornis,subspecies,Animalia,Bacchisa fortunei flavicornis,accepted,TRUE
7f5dfc2b-f31a-491f-b4de-473a1fb52fa6,infraspecies,Animalia,t0085325,Batocera rubus rubus albofasciata,subspecies,Animalia,Batocera rubus albofasciata,accepted,TRUE
30ff2297-3850-4e01-822c-16a45525ecd3,infraspecies,Animalia,t0085326,Batocera rubus rubus rubus,subspecies,Animalia,Batocera rubus rubus,accepted,TRUE
e4272153-ed0a-4ce4-8050-74f2788d0e4b,infraspecies,Animalia,t0085419,Ceresium sinicum sinicum sinicum,subspecies,Animalia,Ceresium sinicum sinicum,accepted,TRUE
297bbed8-9a7c-4ce1-b2eb-c4b1f6dfc54b,infraspecies,Animalia,t0085450,Chloridolum accensum accensum kazuoi,subspecies,Animalia,Chloridolum accensum kazuoi,accepted,TRUE
2c3b6ce8-6961-43c9-8d2e-2466d4074689,infraspecies,Animalia,t0085663,Exocentrus alboguttatus alboguttatus taiwanensis,subspecies,Animalia,Exocentrus alboguttatus taiwanensis,accepted,TRUE
3ebe697c-e1c9-4afa-941a-0d17411d2061,infraspecies,Animalia,t0085707,Glenea lineata lineata sauteri,subspecies,Animalia,Glenea lineata sauteri,accepted,TRUE
07f96c61-141e-4f2a-b55a-cf1ef674ac06,infraspecies,Animalia,t0085708,Glenea mounieri mounieri horiensis,subspecies,Animalia,Glenea mounieri horiensis,accepted,TRUE
9ff2aea4-2858-4cd1-8335-c960453d22e6,infraspecies,Animalia,t0029339,Glenea pseudoscalaris pseudoscalaris miwai,subspecies,Animalia,Glenea pseudoscalaris miwai,accepted,TRUE
f0a05f08-2355-4036-995b-cd655e809a1e,infraspecies,Animalia,t0085709,Glenea relicta relicta formosensis,subspecies,Animalia,Glenea relicta formosensis,accepted,TRUE
858905ad-af13-4529-a632-c3b9a40971c5,infraspecies,Animalia,t0085710,Glenea relicta relicta silhetica,subspecies,Animalia,Glenea relicta silhetica,accepted,TRUE
cf661233-b21a-4c47-9453-4ef71619f26a,infraspecies,Animalia,t0085830,Leptura formosomontana formosomontana mesegakii,subspecies,Animalia,Leptura formosomontana mesegakii,accepted,TRUE
02709675-3819-4166-8cfd-51b6465a1158,infraspecies,Animalia,t0027417,Leptura auratopilosa auratopilosa auratopilosa,subspecies,Animalia,Leptura auratopilosa auratopilosa,accepted,TRUE
632e120a-96ed-427e-bd76-62350e226f7d,infraspecies,Animalia,t0085892,Merionoeda formosana formosana formosana,subspecies,Animalia,Merionoeda formosana formosana,accepted,TRUE
55a7ed5f-de58-4fcb-833e-4d26ad3c08a3,infraspecies,Animalia,t0085952,Mycerinopsis albomaculata albomaculata albomaculata,subspecies,Animalia,Mycerinopsis albomaculata albomaculata,accepted,TRUE
fc549df4-41b6-4899-ad9c-da162941c087,infraspecies,Animalia,t0085953,Mycerinopsis albomaculata albomaculata formosana,subspecies,Animalia,Mycerinopsis albomaculata formosana,accepted,TRUE
aacdac1c-8801-45b7-b857-4e73de3b98c9,infraspecies,Animalia,t0085954,Mycerinopsis bioculata bioculata bioculata,subspecies,Animalia,Mycerinopsis bioculata bioculata,accepted,TRUE
1bdc1cc9-23ac-4ccb-a209-4037867d4436,infraspecies,Animalia,t0085955,Mycerinopsis bioculata bioculata quadrinotata,subspecies,Animalia,Mycerinopsis bioculata quadrinotata,accepted,TRUE
dd325210-6be0-4016-a521-efa7719e7634,infraspecies,Animalia,t0085956,Mycerinopsis pascoei pascoei taiwanella,subspecies,Animalia,Mycerinopsis pascoei taiwanella,accepted,TRUE
c33fa268-d925-4998-8fb3-60fae7895b84,infraspecies,Animalia,t0085980,Nortia carinicollis carinicollis satsumana,subspecies,Animalia,Nortia carinicollis satsumana,accepted,TRUE
0355d1c4-1e62-438e-b142-58db60fbe909,infraspecies,Animalia,t0085986,Nupserha clypealis clypealis formosana,subspecies,Animalia,Nupserha clypealis formosana,accepted,TRUE
3bfbdf48-f500-4129-9d1a-0f5ac990b4b1,infraspecies,Animalia,t0086002,Olenecamptus cretaceus cretaceus marginatus,subspecies,Animalia,Olenecamptus cretaceus marginatus,accepted,TRUE
19fa41c9-769e-4ba3-be64-08e7a0941267,infraspecies,Animalia,t0086029,Ostedes inermis inermis inermis,subspecies,Animalia,Ostedes inermis inermis,accepted,TRUE
a6875127-b3a2-49f4-b6bf-d6ffc7a093e3,infraspecies,Animalia,t0086046,Palaeocallidium villosulum villosulum arisanum,subspecies,Animalia,Palaeocallidium villosulum arisanum,accepted,TRUE
d1c971e9-3809-44ac-b9b3-f390bcf14675,infraspecies,Animalia,t0086047,Palimna palimnoides palimnoides palimnoides,subspecies,Animalia,Palimna palimnoides palimnoides,accepted,TRUE
84fde80c-e60d-4bb4-9bac-5077acd70f7c,infraspecies,Animalia,t0086058,Paraleprodera diophthalma diophthalma formosana,subspecies,Animalia,Paraleprodera diophthalma formosana,accepted,TRUE
e63f7b2e-c056-4f4a-a519-b375537f0a2d,infraspecies,Animalia,t0086075,Peblephaeus decoloratus decoloratus decoloratus,subspecies,Animalia,Peblephaeus decoloratus decoloratus,accepted,TRUE
790811e3-789a-4646-a205-2e87578cddd9,infraspecies,Animalia,t0086115,Pidonia aenipennis aenipennis aenipennis,subspecies,Animalia,Pidonia aenipennis aenipennis,accepted,TRUE
748c7324-372c-4052-acd2-d7868fbe318c,infraspecies,Animalia,t0086147,Pothyne formosana formosana formosana,subspecies,Animalia,Pothyne formosana formosana,accepted,TRUE
a231dbc4-b8a4-40c6-ba7b-85ef06a4b029,infraspecies,Animalia,t0086148,Pothyne formosana formosana nanshanchina,subspecies,Animalia,Pothyne formosana nanshanchina,accepted,TRUE
48a46ddf-29b5-4704-91c0-eecf4c9374af,infraspecies,Animalia,t0032207,Pseudalosterna binotata binotata binotata,subspecies,Animalia,Pseudalosterna binotata binotata,accepted,TRUE
8b6c5e11-ef67-4da3-b7e6-cd8b77edde3c,infraspecies,Animalia,t0086182,Pterolophia gibbosipennis gibbosipennis gibbosipennis,subspecies,Animalia,Pterolophia gibbosipennis gibbosipennis,accepted,TRUE
4a0984db-1c4c-4beb-b04c-b3d037ad8e95,infraspecies,Animalia,t0032345,Pterolophia kaleea kaleea kaleea,subspecies,Animalia,Pterolophia kaleea kaleea,accepted,TRUE
92dd10d7-457b-4ef7-a345-48f84472eb5f,infraspecies,Animalia,t0086183,Pterolophia kaleea kaleea inftexa,subspecies,Animalia,Pterolophia kaleea inftexa,accepted,TRUE
0bb5e284-1fb1-4319-9273-3505ac1d434c,infraspecies,Animalia,t0086184,Pterolophia obscura obscura obscura,subspecies,Animalia,Pterolophia obscura obscura,accepted,TRUE
a23ebb17-59be-48ae-96e9-f713067b63bb,infraspecies,Animalia,t0086185,Pterolophia obscura obscura postmaculatoides,subspecies,Animalia,Pterolophia obscura postmaculatoides,accepted,TRUE
264e7f90-3058-44d4-b0b1-6bfc66735eb4,infraspecies,Animalia,t0032373,Purpuricenus temminckii temminckii sinensis,subspecies,Animalia,Purpuricenus temminckii sinensis,accepted,TRUE
77afecf1-065b-402f-86c6-007e39d6cbf1,infraspecies,Animalia,t0086215,Rondibilis horienis horienis horienis,subspecies,Animalia,Rondibilis horienis horienis,accepted,TRUE
5ca1fc09-18c8-4bfd-beed-239735f28be8,infraspecies,Animalia,t0086216,Rosalia formosa formosa conviva,subspecies,Animalia,Rosalia formosa conviva,accepted,TRUE
afa00faa-5729-46ea-8fc3-a743a355e76a,infraspecies,Animalia,t0086237,Sciades fasciatus fasciatus taiwanensis,subspecies,Animalia,Sciades fasciatus taiwanensis,accepted,TRUE
457ef1da-5483-4ccb-bdb1-33ca58bb8b21,infraspecies,Animalia,t0086275,Stenhomalus taiwanus taiwanus koshunensis,subspecies,Animalia,Stenhomalus taiwanus koshunensis,accepted,TRUE
b0152449-e90e-45ff-9c46-516efcb01cca,infraspecies,Animalia,t0086276,Stenhomalus taiwanus taiwanus taiwanus,subspecies,Animalia,Stenhomalus taiwanus taiwanus,accepted,TRUE
c5dd947a-4405-4ad4-841e-aa62d06c092e,infraspecies,Animalia,t0086358,Thranius multinotatus multinotatus signatus,subspecies,Animalia,Thranius multinotatus signatus,accepted,TRUE
417a8769-e2ac-4f67-999e-9befe14896d8,infraspecies,Animalia,t0086435,Xenolea collaris collaris formosana,subspecies,Animalia,Xenolea collaris formosana,accepted,TRUE
7a31168c-0d46-45e3-b48b-8c69c3fdc27c,infraspecies,Animalia,t0086441,Xylotrechus latefasciatus latefasciatus latefasciatus,subspecies,Animalia,Xylotrechus latefasciatus latefasciatus,accepted,TRUE
cec17d82-3911-4b91-a6fa-61637a77b407,infraspecies,Animalia,t0086440,Xylotrechus incurvatus incurvatus incurvatus,subspecies,Animalia,Xylotrechus incurvatus incurvatus,accepted,TRUE
0a36de2f-410a-4508-ad08-c53f77ecd050,infraspecies,Animalia,t0085189,Aethalodes verrucosus verrucosus formosanus,subspecies,Animalia,Aethalodes verrucosus formosanus,accepted,TRUE
a5183a3a-72a3-4494-b642-3fd5b7315047,infraspecies,Animalia,t0085238,Anastathes parva parva parva,subspecies,Animalia,Anastathes parva parva,accepted,TRUE
9c836c67-536b-4127-ad9d-7058a77a2101,infraspecies,Animalia,t0085322,Bandar fisheri fisheri formosae,subspecies,Animalia,Bandar fisheri formosae,accepted,TRUE
4a4bceef-80ff-40c6-8d7e-a30b21f153c2,infraspecies,Animalia,t0085323,Bandar pascoei pascoei formosae,subspecies,Animalia,Bandar pascoei formosae,accepted,TRUE
8e1d0e24-5b70-42d2-9d5e-556a9a49e576,infraspecies,Animalia,t0085634,Epepeotes ambigenus ambigenus formosanus,subspecies,Animalia,Epepeotes ambigenus formosanus,accepted,TRUE
d61a4769-197a-4516-88a7-7b01fdcbf274,infraspecies,Animalia,t0085637,Epiglenea comes comes formosana,subspecies,Animalia,Epiglenea comes formosana,accepted,TRUE
830b23e8-3a92-4c80-a38a-5c0242e3c8ff,infraspecies,Animalia,t0085658,Euseboides matsudai matsudai matsudai,subspecies,Animalia,Euseboides matsudai matsudai,accepted,TRUE
37f7e8d4-c82d-4dc6-a3ec-a704b1172981,infraspecies,Animalia,t0085124,Megobaralipton mandibulare mandibulare choui,subspecies,Animalia,Megobaralipton mandibulare choui,accepted,TRUE
cf6cd0bf-415c-4cab-9cf1-05f2f7e4adae,infraspecies,Animalia,t0086065,Parastenostola nigroantennata nigroantennata taiwanensis,subspecies,Animalia,Parastenostola nigroantennata taiwanensis,accepted,TRUE
6f7fa828-8549-4dc8-a836-72f8b22395be,infraspecies,Animalia,t0086071,Pareutetrapha magnifica magnifica magnifica,subspecies,Animalia,Pareutetrapha magnifica magnifica,accepted,TRUE
aaf56b58-35ea-41c2-a964-7f8571e37fc0,infraspecies,Animalia,t0086079,Penthides flavus flavus flavus,subspecies,Animalia,Penthides flavus flavus,accepted,TRUE
9f357184-4816-4254-bdef-e267f4436c17,infraspecies,Animalia,t0105419,Priotyrannus closteroides closteroides closteroides,subspecies,Animalia,Priotyrannus closteroides closteroides,accepted,TRUE
284a8745-887d-4c46-87bc-b70215cec60b,infraspecies,Animalia,t0085130,Priotyrannus closteroides closteroides lutauensis,subspecies,Animalia,Priotyrannus closteroides lutauensis,accepted,TRUE
bcd343b8-f184-430e-9202-dd7dbd3ad237,infraspecies,Animalia,t0086161,Psacothea hilaris hilaris botelensis,subspecies,Animalia,Psacothea hilaris botelensis,accepted,TRUE
4dbfa10e-6370-439d-8d37-95ba8e09c045,infraspecies,Animalia,t0032180,Psacothea hilaris hilaris hilaris,subspecies,Animalia,Psacothea hilaris hilaris,accepted,TRUE
68a02b12-f660-496c-9cb6-de1dbf298ae6,infraspecies,Animalia,t0086171,Psephactus remiger remiger taiwanus,subspecies,Animalia,Psephactus remiger taiwanus,accepted,TRUE
593a3d81-0f9a-43c1-ae00-85398197e976,infraspecies,Animalia,t0086194,Pyrocorennys latipennis latipennis taiwanensis,subspecies,Animalia,Pyrocorennys latipennis taiwanensis,accepted,TRUE
1d265926-cd0c-400e-ae1a-863779f4db92,infraspecies,Animalia,t0086242,Semanotus bifasciatus bifasciatus sinonauster,subspecies,Animalia,Semanotus bifasciatus sinonauster,accepted,TRUE
7a5df7e5-dc30-41e6-bb0b-e0d771f11a44,infraspecies,Animalia,t0086266,Spinimegopis formosana formosana formosana,subspecies,Animalia,Spinimegopis formosana formosana,accepted,TRUE
5f873508-1915-4494-9936-341415d7597b,infraspecies,Animalia,t0086267,Spinimegopis formosana formosana lanhsuensis,subspecies,Animalia,Spinimegopis formosana lanhsuensis,accepted,TRUE
63c35d97-9f08-42c5-bb59-22442a0e6416,infraspecies,Animalia,t0086277,Stenodryas clavigera clavigera impuncticollis,subspecies,Animalia,Stenodryas clavigera impuncticollis,accepted,TRUE
ae10951f-a13d-411e-a6d8-7915722d67f3,infraspecies,Animalia,t0085785,Ischnosoma discoidale discoidale taiwanum,subspecies,Animalia,Ischnosoma discoidale taiwanum,accepted,TRUE
0210864c-1bb5-4b4c-bd68-92740f792b0b,infraspecies,Animalia,t0085831,Leptusa centralis centralis centralis,subspecies,Animalia,Leptusa centralis centralis,accepted,TRUE
57854fb8-bafc-4d3b-81e7-0ee9d7e2c40b,infraspecies,Animalia,t0085832,Leptusa centralis centralis reposita,subspecies,Animalia,Leptusa centralis reposita,accepted,TRUE
58d5522d-072c-41df-8c20-4d5c676085da,infraspecies,Animalia,t0085833,Leptusa centralis centralis tarokensis,subspecies,Animalia,Leptusa centralis tarokensis,accepted,TRUE
d64138ca-98ab-429b-bfb5-c9c120ab4bfb,infraspecies,Animalia,t0085834,Leptusa centralis centralis yushanensis,subspecies,Animalia,Leptusa centralis yushanensis,accepted,TRUE
3a2c4d40-8c26-42fd-9986-094b90375ce8,infraspecies,Animalia,t0085837,Lesteva rufopunctata rufopunctata taiwanica,subspecies,Animalia,Lesteva rufopunctata taiwanica,accepted,TRUE
49dc4fcc-3fb3-404e-b12f-e094d0dcdc2e,infraspecies,Animalia,t0085925,Miobdelus insularis insularis insularis,subspecies,Animalia,Miobdelus insularis insularis,accepted,TRUE
4591bdec-bbac-451a-a42f-b57d672e8e75,infraspecies,Animalia,t0085926,Miobdelus insularis insularis kuai,subspecies,Animalia,Miobdelus insularis kuai,accepted,TRUE
498b1e85-bb0c-4756-835c-61bc6d1fa427,infraspecies,Animalia,t0085927,Miobdelus insularis insularis tenchi,subspecies,Animalia,Miobdelus insularis tenchi,accepted,TRUE
2f5f21ea-cae2-47dd-bbc3-6681cea15ac5,infraspecies,Animalia,t0085928,Miobdelus taiwanensis taiwanensis apicalis,subspecies,Animalia,Miobdelus taiwanensis apicalis,accepted,TRUE
05180f4f-ce10-416a-8021-de9ac3023686,infraspecies,Animalia,t0085929,Miobdelus taiwanensis taiwanensis taiwanensis,subspecies,Animalia,Miobdelus taiwanensis taiwanensis,accepted,TRUE
2a168691-2ad1-4a65-b3f1-b7a7aed5680b,infraspecies,Animalia,t0085959,Nazeris taiwanus taiwanus hohuanus,subspecies,Animalia,Nazeris taiwanus hohuanus,accepted,TRUE
ff7b82a4-c29b-4f9d-a4c8-b5f917d27299,infraspecies,Animalia,t0085960,Nazeris taiwanus taiwanus taiwanus,subspecies,Animalia,Nazeris taiwanus taiwanus,accepted,TRUE
f59bebf2-2464-44f8-9432-a2f0d139d8d1,infraspecies,Animalia,t0086282,Stenus bicolon bicolon posticus,subspecies,Animalia,Stenus bicolon posticus,accepted,TRUE
4f940247-43bf-49e0-8036-e9720fe24e6b,infraspecies,Animalia,t0086283,Stenus flavidulus flavidulus paederinus,subspecies,Animalia,Stenus flavidulus paederinus,accepted,TRUE
f37dcf53-7267-4e2e-82fa-864014c9e2d7,infraspecies,Animalia,t0086284,Stenus puberulus puberulus eurous,subspecies,Animalia,Stenus puberulus eurous,accepted,TRUE
4ca9af55-672a-409f-9268-2f463daf7ea5,infraspecies,Animalia,t0086285,Stenus puberulus puberulus puberulus,subspecies,Animalia,Stenus puberulus puberulus,accepted,TRUE
69e1eacc-0c2c-45fd-a492-987cb738792a,infraspecies,Animalia,t0028784,Echiaster unicolor unicolor unicolor,subspecies,Animalia,Echiaster unicolor unicolor,accepted,TRUE
2b4ecfc0-eaf8-4d95-82f4-5537e62a52d1,infraspecies,Animalia,t0086406,Tympanophorus sauteri sauteri taiwanensis,subspecies,Animalia,Tympanophorus sauteri taiwanensis,accepted,TRUE
013f2e8d-627b-4fb9-8126-14d7a14f14a9,infraspecies,Animalia,t0086405,Tympanophorus sauteri sauteri sauteri,subspecies,Animalia,Tympanophorus sauteri sauteri,accepted,TRUE
cc0b0a27-5db4-4607-b9de-5ab717b89f64,infraspecies,Animalia,t0085168,Acorynus anchis anchis anchis,subspecies,Animalia,Acorynus anchis anchis,accepted,TRUE
4f92e7ff-9f14-4178-9a92-0235abfca8cc,infraspecies,Animalia,t0085169,Acorynus luzonicus luzonicus lanhsuanus,subspecies,Animalia,Acorynus luzonicus lanhsuanus,accepted,TRUE
ca2270e9-ee30-45ef-8a20-978842b17c99,infraspecies,Animalia,t0085311,Autotropis modesta modesta conspersa,subspecies,Animalia,Autotropis modesta conspersa,accepted,TRUE
b5560fef-a626-458d-85a7-5900a83be1a4,infraspecies,Animalia,t0085312,Autotropis modesta modesta rugulosa,subspecies,Animalia,Autotropis modesta rugulosa,accepted,TRUE
9d91901f-5fbc-4619-b7df-547153a9597b,infraspecies,Animalia,t0085314,Autotropis montana montana taiwana,subspecies,Animalia,Autotropis montana taiwana,accepted,TRUE
79a8c09c-1ac7-496d-ba00-3a56bfaacd8b,infraspecies,Animalia,t0085313,Autotropis montana montana montana,subspecies,Animalia,Autotropis montana montana,accepted,TRUE
d97d6efe-68af-41d7-8d00-5d5feba10d8c,infraspecies,Animalia,t0085848,Litocerus communis communis communis,subspecies,Animalia,Litocerus communis communis,accepted,TRUE
6aee93a2-6a45-4227-8502-cc3206d95a5e,infraspecies,Animalia,t0085849,Litocerus tokarensis tokarensis yoshimii,subspecies,Animalia,Litocerus tokarensis yoshimii,accepted,TRUE
a17e633d-241a-4a3d-82e6-274ca9020b0c,infraspecies,Animalia,t0086100,Phloeobius gigas gigas nigroungulatus,subspecies,Animalia,Phloeobius gigas nigroungulatus,accepted,TRUE
c8f2205a-3b66-43d5-8ec1-1efe40b7b3f0,infraspecies,Animalia,t0086129,Platystomos wallacei wallacei malaicus,subspecies,Animalia,Platystomos wallacei malaicus,accepted,TRUE
afcf1309-4cd1-49f7-a247-dc912e54349e,infraspecies,Animalia,t0086207,Rhaphitropis guttifer guttifer taiwanus,subspecies,Animalia,Rhaphitropis guttifer taiwanus,accepted,TRUE
7bdac354-ec61-41b5-9087-c7cf0bcf5e06,infraspecies,Animalia,t0086254,Sintor dorsalis dorsalis intermedius,subspecies,Animalia,Sintor dorsalis intermedius,accepted,TRUE
f472f532-bd21-46b2-8446-50fa40ac6fae,infraspecies,Animalia,t0086391,Tropideres japonicus japonicus odai,subspecies,Animalia,Tropideres japonicus odai,accepted,TRUE
7ecfd70e-40e3-4976-8f99-1e6af6469185,infraspecies,Animalia,t0086392,Tropideres roelofsi roelofsi poecilus,subspecies,Animalia,Tropideres roelofsi poecilus,accepted,TRUE
b447d9d3-7cd6-448f-8a35-781e08e82326,infraspecies,Animalia,t0085655,Euparius modicus modicus yaeyamanus,subspecies,Animalia,Euparius modicus yaeyamanus,accepted,TRUE
1afef4a7-eb09-44f1-ab0b-0063f002551c,infraspecies,Animalia,t0085656,Euparius oculatus oculatus formosanus,subspecies,Animalia,Euparius oculatus formosanus,accepted,TRUE
e4b36dfa-ce51-4a5a-bc76-569bae02bd74,infraspecies,Animalia,t0086078,Penestica brevis brevis brevis,subspecies,Animalia,Penestica brevis brevis,accepted,TRUE
1b2378b6-06fe-48bc-ade4-e87f21e1d371,infraspecies,Animalia,t0086293,Stiboderes impressus impressus stibinus,subspecies,Animalia,Stiboderes impressus stibinus,accepted,TRUE
00f2cd21-5b2b-4d3b-8d9d-8b37cc894d2e,infraspecies,Animalia,t0085518,Cryptogonus orbiculus orbiculus nigripennis,subspecies,Animalia,Cryptogonus orbiculus nigripennis,accepted,TRUE
1aed45cd-c0da-4494-8ced-c9313ba2ad55,infraspecies,Animalia,t0085218,Amida tricolor tricolor formosana,subspecies,Animalia,Amida tricolor formosana,accepted,TRUE
d60ea33d-d13f-4e22-ad2f-88e77055a075,infraspecies,Animalia,t0085291,Aspidobyctiscus lacunipennis lacunipennis coelaris,subspecies,Animalia,Aspidobyctiscus lacunipennis coelaris,accepted,TRUE
9005fd35-fe29-4ea8-b228-08e65d8b2304,infraspecies,Animalia,t0085353,Byctiscus impressus impressus formosanus,subspecies,Animalia,Byctiscus impressus formosanus,accepted,TRUE
2ecc9679-6f2d-4da5-986e-ca3da375dd61,infraspecies,Animalia,t0085339,Borboresthes fainanensis fainanensis fainanensis,subspecies,Animalia,Borboresthes fainanensis fainanensis,accepted,TRUE
4218328d-795d-4d13-ae09-33e27495a34a,infraspecies,Animalia,t0085340,Borboresthes klapperichi klapperichi klapperichi,subspecies,Animalia,Borboresthes klapperichi klapperichi,accepted,TRUE
d2fa3fce-7342-408f-a0e4-5691519cd25e,infraspecies,Animalia,t0085580,Diphyrrhynchus oharensis oharensis botelensis,subspecies,Animalia,Diphyrrhynchus oharensis botelensis,accepted,TRUE
d277fbbd-9641-41b9-be8e-cb5bcda28eaf,infraspecies,Animalia,t0086124,Platydema fumosum fumosum formosanum,subspecies,Animalia,Platydema fumosum formosanum,accepted,TRUE
ff19c051-ecc3-46ba-bc6c-04277ef27784,infraspecies,Animalia,t0086154,Promethis valgipes valgipes subvalgipes,subspecies,Animalia,Promethis valgipes subvalgipes,accepted,TRUE
109ae919-a146-45d6-b6a8-1abf43237f09,infraspecies,Animalia,t0086305,Strongylium cultellatum cultellatum taiwanum,subspecies,Animalia,Strongylium cultellatum taiwanum,accepted,TRUE
724c82d6-1d1b-41e3-b6aa-72358f1c51c2,infraspecies,Animalia,t0086344,Tetraphyllus brunneipes brunneipes burnneipes,subspecies,Animalia,Tetraphyllus brunneipes burnneipes,accepted,TRUE
cdba0766-a5ef-44d2-a496-7e87a2a98dfc,infraspecies,Animalia,t0086408,Uloma excisa excisa excisa,subspecies,Animalia,Uloma excisa excisa,accepted,TRUE
986294bd-dde7-4319-8569-eb82e5184a67,infraspecies,Animalia,t0086409,Uloma rubripes rubripes rubripes,subspecies,Animalia,Uloma rubripes rubripes,accepted,TRUE
74058a42-e87f-4918-9533-c83dd124e664,infraspecies,Animalia,t0085564,Diaperis lewisi lewisi intersecta,subspecies,Animalia,Diaperis lewisi intersecta,accepted,TRUE
069fe0eb-4e40-4529-9cb2-5ebd0c9ab581,infraspecies,Animalia,t0085219,Amiserica rufidula rufidula piceola,subspecies,Animalia,Amiserica rufidula piceola,accepted,TRUE
6b649aa0-cc49-46ca-b665-442292579f48,infraspecies,Animalia,t0085220,Amiserica rufidula rufidula rufidula,subspecies,Animalia,Amiserica rufidula rufidula,accepted,TRUE
79bfc88e-a23b-4855-ab6f-f6c4909a8359,infraspecies,Animalia,t0057673,Anomala albopilosa albopilosa trachypyga,subspecies,Animalia,Anomala albopilosa trachypyga,accepted,TRUE
a3c380d6-c0b1-4aa6-a1c6-2c6c3e4a6ca6,infraspecies,Animalia,t0085245,Anomala expansa expansa expansa,subspecies,Animalia,Anomala expansa expansa,accepted,TRUE
d4e2c044-fef4-40cd-a559-e7ba72ffb383,infraspecies,Animalia,t0085246,Anomala expansa expansa lanshuensis,subspecies,Animalia,Anomala expansa lanshuensis,accepted,TRUE
c6a06e49-d6f2-40d9-adc0-27389278f7f6,infraspecies,Animalia,t0085247,Anomala expansa expansa lutaoensis,subspecies,Animalia,Anomala expansa lutaoensis,accepted,TRUE
76dcef75-8ac2-42e7-b88e-0e887546f4b9,infraspecies,Animalia,t0085248,Anomala rubripes rubripes virescens,subspecies,Animalia,Anomala rubripes virescens,accepted,TRUE
b5d2e9eb-86ca-4d6e-a865-9c45c2a248f6,infraspecies,Animalia,t0085249,Anomalocera olivacea olivacea insularis,subspecies,Animalia,Anomalocera olivacea insularis,accepted,TRUE
2382c277-0555-48fe-a885-2798a5369bc7,infraspecies,Animalia,t0085273,Apogonia bicarinata bicarinata sauteri,subspecies,Animalia,Apogonia bicarinata sauteri,accepted,TRUE
0eaf653b-d12e-4183-9ceb-281fe9d5db43,infraspecies,Animalia,t0085354,Caccobius tortus tortus matsudai,subspecies,Animalia,Caccobius tortus matsudai,accepted,TRUE
f758767e-85b8-42d8-a596-4a177a09f745,infraspecies,Animalia,t0030053,Callistethus plagiicollis plagiicollis ishidai,subspecies,Animalia,Callistethus plagiicollis ishidai,accepted,TRUE
df076246-1e6f-4dfe-95ad-de3f73dd6826,infraspecies,Animalia,t0085492,Copris punctatus punctatus formosanus,subspecies,Animalia,Copris punctatus formosanus,accepted,TRUE
1c3cd1e7-0366-4c9f-8487-e6c1e825e6da,infraspecies,Animalia,t0085542,Cyphochilus crataceus crataceus crataceus,subspecies,Animalia,Cyphochilus crataceus crataceus,accepted,TRUE
87b0a6aa-43f1-44df-9f90-0fe24958d6b9,infraspecies,Animalia,t0085543,Cyphochilus crataceus crataceus taipeiensis,subspecies,Animalia,Cyphochilus crataceus taipeiensis,accepted,TRUE
8af2d989-568c-4cc0-aae0-f107ce91691e,infraspecies,Animalia,t0085567,Dicronocephalus uenoi uenoi katoi,subspecies,Animalia,Dicronocephalus uenoi katoi,accepted,TRUE
7a669adc-5e00-4f9c-a254-333c50541b3d,infraspecies,Animalia,t0085568,Dicronocephalus uenoi uenoi uenoi,subspecies,Animalia,Dicronocephalus uenoi uenoi,accepted,TRUE
77798621-a95e-465b-afb7-7061d1f84b55,infraspecies,Animalia,t0085569,Dicronocephalus yui yui cheni,subspecies,Animalia,Dicronocephalus yui cheni,accepted,TRUE
1b20b766-f427-47b2-ac74-2ea636fc3b6f,infraspecies,Animalia,t0085570,Dicronocephalus yui yui yui,subspecies,Animalia,Dicronocephalus yui yui,accepted,TRUE
c30c8ea1-99d3-4f1d-b5c3-329ed7257555,infraspecies,Animalia,t0028811,Ectinohoplia formosana formosana arrowi,subspecies,Animalia,Ectinohoplia formosana arrowi,accepted,TRUE
010a6578-4466-4fd8-a0de-cb8bed2cb27d,infraspecies,Animalia,t0085604,Ectinohoplia formosana formosana formosana,subspecies,Animalia,Ectinohoplia formosana formosana,accepted,TRUE
2c4f9108-7692-41b1-87ea-cf8ac2e204f4,infraspecies,Animalia,t0085659,Euselates perraudieri perraudieri taivanica,subspecies,Animalia,Euselates perraudieri taivanica,accepted,TRUE
66c435e5-193f-483d-a026-b1c29ca1bdae,infraspecies,Animalia,t0085660,Euselates tonkinensis tonkinensis formosana,subspecies,Animalia,Euselates tonkinensis formosana,accepted,TRUE
7bab5589-519d-4eb8-98bb-3576ac81ef45,infraspecies,Animalia,t0085690,Gametis forticula forticula formosana,subspecies,Animalia,Gametis forticula formosana,accepted,TRUE
8e64aa32-1c6c-48b3-8da9-9befa80a9ff0,infraspecies,Animalia,t0085691,Gametis forticula forticula kotoensis,subspecies,Animalia,Gametis forticula kotoensis,accepted,TRUE
69b1151e-8490-4b2e-928d-ed7f17847db1,infraspecies,Animalia,t0085692,Gametis forticula forticula lutaoensis,subspecies,Animalia,Gametis forticula lutaoensis,accepted,TRUE
1ccdcf63-605d-4de7-9e04-11f467f7b2f8,infraspecies,Animalia,t0085695,Gastroserica marginalis marginalis puncticollis,subspecies,Animalia,Gastroserica marginalis puncticollis,accepted,TRUE
d3c81763-5c36-4f8d-b3f8-3a0b5a462bb9,infraspecies,Animalia,t0085714,Glycyphana horsfieldi horsfieldi chinensis,subspecies,Animalia,Glycyphana horsfieldi chinensis,accepted,TRUE
e9ced92c-7add-4146-8b27-a1ab07820747,infraspecies,Animalia,t0085715,Gnorimus pictus pictus yunnanus,subspecies,Animalia,Gnorimus pictus yunnanus,accepted,TRUE
29c77487-fe30-4793-a6c7-86331146148a,infraspecies,Animalia,t0085757,Holotrichia omeia omeia inexpectata,subspecies,Animalia,Holotrichia omeia inexpectata,accepted,TRUE
c67d47ac-70f1-4b65-a889-a344872dc1a2,infraspecies,Animalia,t0085758,Holotrichia sauteri sauteri lutaoensis,subspecies,Animalia,Holotrichia sauteri lutaoensis,accepted,TRUE
bdbefe4c-8e5b-4820-a1f8-a021111e44db,infraspecies,Animalia,t0085759,Holotrichia sauteri sauteri sauteri,subspecies,Animalia,Holotrichia sauteri sauteri,accepted,TRUE
8beea531-ad34-4bb4-98e0-fdc9a436be80,infraspecies,Animalia,t0085760,Hoplia nengkaoshana nengkaoshana alishana,subspecies,Animalia,Hoplia nengkaoshana alishana,accepted,TRUE
c288aafb-fd5a-4ad3-924a-414d80a9ff3e,infraspecies,Animalia,t0029739,Hoplia nengkaoshana nengkaoshana nengkaoshana,subspecies,Animalia,Hoplia nengkaoshana nengkaoshana,accepted,TRUE
62258a29-918b-4370-8afb-69e079d8380b,infraspecies,Animalia,t0085761,Hoplia shibatai shibatai makiharai,subspecies,Animalia,Hoplia shibatai makiharai,accepted,TRUE
56aeaf51-5fff-4dad-b5ad-e6fdb9729b85,infraspecies,Animalia,t0085141,Hoplia shibatai shibatai shibatai,subspecies,Animalia,Hoplia shibatai shibatai,accepted,TRUE
1b7ca74d-b5f7-4ad1-a2d3-9dc949a3bdb5,infraspecies,Animalia,t0085762,Hoplomaladera monticola monticola anmashana,subspecies,Animalia,Hoplomaladera monticola anmashana,accepted,TRUE
7db5c9df-baef-4529-a5b0-6e11d4a7b400,infraspecies,Animalia,t0085763,Hoplomaladera monticola monticola monticola,subspecies,Animalia,Hoplomaladera monticola monticola,accepted,TRUE
6722ca16-9333-428a-bb36-db2ee071a07c,infraspecies,Animalia,t0085876,Maladera nomurai nomurai hayashii,subspecies,Animalia,Maladera nomurai hayashii,accepted,TRUE
79c7cb6b-2215-48fd-9388-a45c598044ef,infraspecies,Animalia,t0085877,Maladera nomurai nomurai nomurai,subspecies,Animalia,Maladera nomurai nomurai,accepted,TRUE
eefb1bc4-3a51-4061-b529-6641a68f4241,infraspecies,Animalia,t0085878,Maladera secrata secrata horaiana,subspecies,Animalia,Maladera secrata horaiana,accepted,TRUE
bed2c3c5-f0ec-49a5-a8e3-a56dc807d640,infraspecies,Animalia,t0085890,Melolontha frater frater taiwana,subspecies,Animalia,Melolontha frater taiwana,accepted,TRUE
dc6f8474-bcab-49f7-89a7-13931da015a9,infraspecies,Animalia,t0085896,Metabolus manifestes manifestes manifestes,subspecies,Animalia,Metabolus manifestes manifestes,accepted,TRUE
f7844986-3eb3-44b2-8ed2-0f036e82ecc7,infraspecies,Animalia,t0085897,Metabolus manifestes manifestes nantouensis,subspecies,Animalia,Metabolus manifestes nantouensis,accepted,TRUE
27dfbe68-b62f-45b4-a515-ad8d54f62f53,infraspecies,Animalia,t0085919,Mimela confucius confucius formosana,subspecies,Animalia,Mimela confucius formosana,accepted,TRUE
9e0ba32e-65c0-4232-b270-1c9ec0d17388,infraspecies,Animalia,t0085920,Mimela confucius confucius kurodai,subspecies,Animalia,Mimela confucius kurodai,accepted,TRUE
4ee704ce-ad59-4057-9893-5d6340a147fb,infraspecies,Animalia,t0085921,Mimela passerinii passerinii taiheizana,subspecies,Animalia,Mimela passerinii taiheizana,accepted,TRUE
36af261d-b84d-46db-918e-96e60b21c4ed,infraspecies,Animalia,t0086011,Onthophagus potanini potanini hiurai,subspecies,Animalia,Onthophagus potanini hiurai,accepted,TRUE
8574b9a4-539f-4701-a9c6-cc970482754a,infraspecies,Animalia,t0086064,Parastasia ferrieri ferrieri formosana,subspecies,Animalia,Parastasia ferrieri formosana,accepted,TRUE
b8541685-0b8f-458a-a1ff-3ff8a36d911e,infraspecies,Animalia,t0086157,Protaetia culta culta culta,subspecies,Animalia,Protaetia culta culta,accepted,TRUE
eaeb92e5-93d3-4187-8105-f245493c8e41,infraspecies,Animalia,t0086158,Protaetia culta culta multimaculata,subspecies,Animalia,Protaetia culta multimaculata,accepted,TRUE
2c1a1548-c14c-404f-9322-4025017dc4ce,infraspecies,Animalia,t0086159,Protaetia orientalis orientalis sakaii,subspecies,Animalia,Protaetia orientalis sakaii,accepted,TRUE
de1e0c8c-7a61-4a6c-b144-e80cf6876748,infraspecies,Animalia,t0086382,Trigonophorus rothschildi rothschildi varians,subspecies,Animalia,Trigonophorus rothschildi varians,accepted,TRUE
7f0afb5f-5aa4-47e0-bc50-32b909b302a6,infraspecies,Animalia,t0085111,Trypoxylus dichotomus dichotomus tsunobosonis,subspecies,Animalia,Trypoxylus dichotomus tsunobosonis,accepted,TRUE
26c4754d-5c76-42ae-96ed-4e52e3b7ae34,infraspecies,Animalia,t0085579,Dipelicus deiphobus deiphobus loi,subspecies,Animalia,Dipelicus deiphobus loi,accepted,TRUE
2b650d5d-597f-49fb-bf6c-a8e1546bc8fd,infraspecies,Animalia,t0033217,Taeniodera flavofasciata flavofasciata formosana,subspecies,Animalia,Taeniodera flavofasciata formosana,accepted,TRUE
3b2b4090-dabf-42ad-a936-29a26e0d09a6,infraspecies,Animalia,t0086324,Taeniodera nigricollis nigricollis viridula,subspecies,Animalia,Taeniodera nigricollis viridula,accepted,TRUE
2739b127-229b-4b5f-bbbd-9d058b59b10d,infraspecies,Animalia,t0086378,Trichius succinctus succinctus shirozui,subspecies,Animalia,Trichius succinctus shirozui,accepted,TRUE
931627ca-9592-4400-919e-5c4a1b643cf5,infraspecies,Animalia,t0086377,Trichius succinctus succinctus formosanus,subspecies,Animalia,Trichius succinctus formosanus,accepted,TRUE
9ab28aff-8784-4520-8080-df3d27ef24d0,infraspecies,Animalia,t0086443,Xylotrupes philippinensis philippinensis peregrinus,subspecies,Animalia,Xylotrupes philippinensis peregrinus,accepted,TRUE
a2ba3d83-a843-46fa-ac9e-3a8dfe5ef746,infraspecies,Animalia,t0028710,Dorcus hopei hopei formosanus,subspecies,Animalia,Dorcus hopei formosanus,accepted,TRUE
6fbdda71-b63f-49e8-ae10-4cf3355289ab,infraspecies,Animalia,t0085131,Dorcus hirticornis hirticornis clypeatus,subspecies,Animalia,Dorcus hirticornis clypeatus,accepted,TRUE
d6a20b15-3c6c-40b8-b99a-6f03833cb10b,infraspecies,Animalia,t0085132,Dorcus striatipennis striatipennis yushiroi,subspecies,Animalia,Dorcus striatipennis yushiroi,accepted,TRUE
01b57b4e-08de-4165-8a80-7a1367cd1e31,infraspecies,Animalia,t0085589,Serrognathus titanus titanus sika,subspecies,Animalia,Serrognathus titanus sika,accepted,TRUE
2fe173fb-d0dd-41b8-8c37-6f7bc5209f78,infraspecies,Animalia,t0085860,Lucanus kanoi kanoi kanoi,subspecies,Animalia,Lucanus kanoi kanoi,accepted,TRUE
8a42d182-e989-4862-9d6c-cc564b4add2e,infraspecies,Animalia,t0027594,Lucanus dybowski dybowski taiwanus,subspecies,Animalia,Lucanus dybowski taiwanus,accepted,TRUE
ce413d57-8850-49f4-84bc-3eded7256c09,infraspecies,Animalia,t0085963,Neolucanus doro doro doro,subspecies,Animalia,Neolucanus doro doro,accepted,TRUE
d968e603-3ada-48a3-84d0-4b9656d49dc3,infraspecies,Animalia,t0085964,Neolucanus maximus maximus vendli,subspecies,Animalia,Neolucanus maximus vendli,accepted,TRUE
93a42fd6-172e-4a61-8225-36ab06c55c17,infraspecies,Animalia,t0086153,Prismognathus davidis davidis cheni,subspecies,Animalia,Prismognathus davidis cheni,accepted,TRUE
822a99a9-5800-4185-a300-a765985a0a7b,infraspecies,Animalia,t0086155,Prosopocoilus astacoides astacoides blanchardi,subspecies,Animalia,Prosopocoilus astacoides blanchardi,accepted,TRUE
f1ffe0ff-ff66-4c7b-80a2-f2ae5f00112a,infraspecies,Animalia,t0086156,Prosopocoilus forficula forficula austerus,subspecies,Animalia,Prosopocoilus forficula austerus,accepted,TRUE
fc35daea-a871-4aa0-820f-b90eb5897d94,infraspecies,Animalia,t0085996,Odontolabis siva siva parryi,subspecies,Animalia,Odontolabis siva parryi,accepted,TRUE
63dfe149-f831-4819-be76-3e4637c53da4,infraspecies,Animalia,t0032295,Pseudorhaetus sinicus sinicus concolor,subspecies,Animalia,Pseudorhaetus sinicus concolor,accepted,TRUE
bd7cae12-7efb-4727-a697-d4620f5522e3,infraspecies,Animalia,t0086206,Rhaetulus crenatus crenatus crenatus,subspecies,Animalia,Rhaetulus crenatus crenatus,accepted,TRUE
d2965c2c-fc78-4713-b3e4-9560cbbf8494,infraspecies,Animalia,t0085783,Ipidia variolosa variolosa latior,subspecies,Animalia,Ipidia variolosa latior,accepted,TRUE
9687d1a9-a581-4be2-8f37-4f2805aa670d,infraspecies,Animalia,t0085883,Megauchenia quadricollis quadricollis rotundata,subspecies,Animalia,Megauchenia quadricollis rotundata,accepted,TRUE
a701150f-4933-44eb-8c2a-fbe11d29beeb,infraspecies,Animalia,t0085397,Catops miensis miensis formosensis,subspecies,Animalia,Catops miensis formosensis,accepted,TRUE
6de72aa7-b04a-42d6-aaea-7d9671077c69,infraspecies,Animalia,t0085790,Laccophilus siamensis siamensis taiwanensis,subspecies,Animalia,Laccophilus siamensis taiwanensis,accepted,TRUE
4dffac16-4803-48a2-8252-4d70713873a4,infraspecies,Animalia,t0085626,Enochrus flavicans flavicans flavicans,subspecies,Animalia,Enochrus flavicans flavicans,accepted,TRUE
fb343c96-390d-405b-8306-aa9a1943d36f,infraspecies,Animalia,t0085733,Helochares anchoralis anchoralis anchoralis,subspecies,Animalia,Helochares anchoralis anchoralis,accepted,TRUE
d91d63e1-9f53-4b0f-be69-04f70d89f3a1,infraspecies,Animalia,t0085774,Hydrophilus bilineatus bilineatus caschmirensis,subspecies,Animalia,Hydrophilus bilineatus caschmirensis,accepted,TRUE
eb95b6d0-6676-48fe-857b-e677a96b74f6,infraspecies,Animalia,t0085198,Agrilus decoloratus decoloratus ajax,subspecies,Animalia,Agrilus decoloratus ajax,accepted,TRUE
302d2cae-e2e6-445f-987a-eacbfbfb1401,infraspecies,Animalia,t0085199,Agrilus okinawensis okinawensis shiozakii,subspecies,Animalia,Agrilus okinawensis shiozakii,accepted,TRUE
9fa6f821-91a0-400f-bd0f-b5e5eab2009d,infraspecies,Animalia,t0085200,Agrilus plasoni plasoni dichrosomus,subspecies,Animalia,Agrilus plasoni dichrosomus,accepted,TRUE
93225a1b-8a34-40cf-88bd-6f9f49ad2369,infraspecies,Animalia,t0085201,Agrilus rokuyai rokuyai mushanus,subspecies,Animalia,Agrilus rokuyai mushanus,accepted,TRUE
cfb4f79c-4a43-498b-a80c-e150eee80bec,infraspecies,Animalia,t0085495,Coraebus hastanus hastanus ephippiatus,subspecies,Animalia,Coraebus hastanus ephippiatus,accepted,TRUE
6cfa341d-7f3f-4a6c-990e-8b99a9f8f6d8,infraspecies,Animalia,t0085496,Coraebus sakagutii sakagutii imasakai,subspecies,Animalia,Coraebus sakagutii imasakai,accepted,TRUE
274f7bbe-47a9-4fda-acf8-6a45406627dd,infraspecies,Animalia,t0085623,Endelus collaris collaris kerremansi,subspecies,Animalia,Endelus collaris kerremansi,accepted,TRUE
996f75c4-3876-4066-8e38-4cebcd2b5665,infraspecies,Animalia,t0085624,Endelus opacipennis opacipennis aeneopacus,subspecies,Animalia,Endelus opacipennis aeneopacus,accepted,TRUE
744ce676-eb35-451d-ba13-87947ca0fbb8,infraspecies,Animalia,t0085721,Habroloma eximium eximium eupoeta,subspecies,Animalia,Habroloma eximium eupoeta,accepted,TRUE
8db0dd6c-efe9-4ac1-8113-399b66361258,infraspecies,Animalia,t0085794,Lamprodila cupreosplendens cupreosplendens karremansi,subspecies,Animalia,Lamprodila cupreosplendens karremansi,accepted,TRUE
43adeb6b-1e7e-4262-9bd9-6581ac660815,infraspecies,Animalia,t0085795,Lamprodila davidis davidis intermedia,subspecies,Animalia,Lamprodila davidis intermedia,accepted,TRUE
f0a8a426-fb21-4792-a374-4aab8967aa0b,infraspecies,Animalia,t0086219,Sambus quadricolor quadricolor quadricolor,subspecies,Animalia,Sambus quadricolor quadricolor,accepted,TRUE
bdfb4db8-69ec-4a21-9fd7-5559caf0d9d3,infraspecies,Animalia,t0085167,Acmaeodera luzonica luzonica volkovitshi,subspecies,Animalia,Acmaeodera luzonica volkovitshi,accepted,TRUE
d8a5cb4f-9b98-4898-add1-591ce9107966,infraspecies,Animalia,t0085430,Chalcophora japonica japonica miwai,subspecies,Animalia,Chalcophora japonica miwai,accepted,TRUE
a94f9abd-851b-40fb-9895-12c2771d2132,infraspecies,Animalia,t0085431,Chalcophora yunnana yunnana formosana,subspecies,Animalia,Chalcophora yunnana formosana,accepted,TRUE
b5118cd8-832a-4472-8884-85fcf0020266,infraspecies,Animalia,t0086066,Paratrachys hederae hederae formosana,subspecies,Animalia,Paratrachys hederae formosana,accepted,TRUE
ad3e4348-4392-4c77-b543-e75a472e1d79,infraspecies,Animalia,t0085309,Aulacocheilus luniferus luniferus helleri,subspecies,Animalia,Aulacocheilus luniferus helleri,accepted,TRUE
c6ccd378-c1da-4b7f-9d48-f6bde50f2714,infraspecies,Animalia,t0085310,Aulacocheilus sibiricus sibiricus bedeli,subspecies,Animalia,Aulacocheilus sibiricus bedeli,accepted,TRUE
da45350e-1b75-44ae-bb33-5eaf64e773b0,infraspecies,Animalia,t0085135,Episcapha flavofasciata flavofasciata cheni,subspecies,Animalia,Episcapha flavofasciata cheni,accepted,TRUE
b6956db2-9b9b-4472-a6e9-7e0cb5b78f72,infraspecies,Animalia,t0085639,Episcapha fortunii fortunii consanguinea,subspecies,Animalia,Episcapha fortunii consanguinea,accepted,TRUE
7a04c0b8-f857-4b1f-89bc-e26eb9674780,infraspecies,Animalia,t0085136,Episcapha morawitzi morawitzi magna,subspecies,Animalia,Episcapha morawitzi magna,accepted,TRUE
d323d49a-107a-4399-93f5-b801430a3615,infraspecies,Animalia,t0085551,Dacne zonaria zonaria taiwana,subspecies,Animalia,Dacne zonaria taiwana,accepted,TRUE
acdd4c7f-eed6-4d98-abfd-79d027f082e5,infraspecies,Animalia,t0085622,Encaustes cruenta cruenta formosana,subspecies,Animalia,Encaustes cruenta formosana,accepted,TRUE
c9837fbc-cf7b-439a-ac33-7498a15faf91,infraspecies,Animalia,t0085638,Episcapha asahinai asahinai asahinai,subspecies,Animalia,Episcapha asahinai asahinai,accepted,TRUE
805f37b0-57c0-4fa2-a8f7-6b2132457228,infraspecies,Animalia,t0085242,Ancylopus pictus pictus asiaticus,subspecies,Animalia,Ancylopus pictus asiaticus,accepted,TRUE
a921b655-b965-4026-a93b-ac755383f45e,infraspecies,Animalia,t0085651,Eumorphus quadriguttatus quadriguttatus pulchripes,subspecies,Animalia,Eumorphus quadriguttatus pulchripes,accepted,TRUE
0d2f1a0d-cbf4-44dc-9c34-9bc6982b3b63,infraspecies,Animalia,t0086261,Sphenophorus venatus venatus vestitus,subspecies,Animalia,Sphenophorus venatus vestitus,accepted,TRUE
faaa7f62-a740-40c3-abb7-aa4c65f7eef1,infraspecies,Animalia,t0085259,Omonadus floralis floralis quisguilius,subspecies,Animalia,Anthicus floralis quisguilius,accepted,TRUE
05205651-7a61-476b-ab27-b99550be14be,infraspecies,Animalia,t0085870,Macratria griseosellata griseosellata sauteri,subspecies,Animalia,Macratria griseosellata sauteri,accepted,TRUE
53a7fb6e-4b03-4444-968f-595a0826ced9,infraspecies,Animalia,t0086006,Omonadus confucii confucii confucii,subspecies,Animalia,Omonadus confucii confucii,accepted,TRUE
09e03d9c-1943-4791-89a3-27315d4cca8f,infraspecies,Animalia,t0086007,Omonadus formicarius formicarius formicarius,subspecies,Animalia,Omonadus formicarius formicarius,accepted,TRUE
c7958f66-a4d2-4f28-9c79-a9e1001dec43,infraspecies,Animalia,t0086176,Pseudoleptaleus trigibber trigibber medimaculatus,subspecies,Animalia,Pseudoleptaleus trigibber medimaculatus,accepted,TRUE
ca283d70-0814-461a-a657-fff4aa3d6d1c,infraspecies,Animalia,t0085303,Attalus formosanus formosanus formosanus,subspecies,Animalia,Attalus formosanus formosanus,accepted,TRUE
c31cbe84-c0fc-4883-9b61-bf521876c1bd,infraspecies,Animalia,t0085304,Attalus formosanus formosanus latus,subspecies,Animalia,Attalus formosanus latus,accepted,TRUE
30f29089-d32b-4e94-a224-5d75d17c2934,infraspecies,Animalia,t0085305,Attalus formosanus formosanus recurvus,subspecies,Animalia,Attalus formosanus recurvus,accepted,TRUE
4c214eba-659e-4967-be07-9c530efa0da7,infraspecies,Animalia,t0085306,Attalus formosanus formosanus subtilis,subspecies,Animalia,Attalus formosanus subtilis,accepted,TRUE
b71bd8a0-a9cb-463e-b45e-0e5d5196aa6f,infraspecies,Animalia,t0085307,Attalus pygidialis pygidialis bicornutus,subspecies,Animalia,Attalus pygidialis bicornutus,accepted,TRUE
345142e4-17e2-4f4a-82ba-9ab6de117b2d,infraspecies,Animalia,t0085308,Attalus pygidialis pygidialis pygidialis,subspecies,Animalia,Attalus pygidialis pygidialis,accepted,TRUE
bc06aa23-9f07-40fd-a8f9-f67a6f74479b,infraspecies,Animalia,t0085302,Attagenus unicolor unicolor unicolor,subspecies,Animalia,Attagenus unicolor unicolor,accepted,TRUE
0fa3b33e-82d2-444a-aad0-931e11dff037,infraspecies,Animalia,t0085301,Attagenus unicolor unicolor japonicus,subspecies,Animalia,Attagenus unicolor japonicus,accepted,TRUE
6cc097ff-65b6-4aa6-bf4c-3e6bcbdb1ceb,infraspecies,Animalia,t0085290,Asiopodabrus taiwanus taiwanus taiwanus,subspecies,Animalia,Asiopodabrus taiwanus taiwanus,accepted,TRUE
a6292a30-8c8d-438c-bebc-95b422ac148e,infraspecies,Animalia,t0085289,Asiopodabrus taiwanus taiwanus lienhuachiensis,subspecies,Animalia,Asiopodabrus taiwanus lienhuachiensis,accepted,TRUE
98503af0-b96c-45c6-8928-61af7b3314b4,infraspecies,Animalia,t0085409,Cephalomalthinus taoyuanus taoyuanus taoyuanus,subspecies,Animalia,Cephalomalthinus taoyuanus taoyuanus,accepted,TRUE
6ab6afa4-09dc-47e7-b833-eb8aaeeeb60c,infraspecies,Animalia,t0027652,Lycocerus metallescens metallescens metallescens,subspecies,Animalia,Lycocerus metallescens metallescens,accepted,TRUE
f5026780-fde5-4e44-9ac2-dcbb7acfcfe2,infraspecies,Animalia,t0085120,Malthodes nantouensis nantouensis nantouensis,subspecies,Animalia,Malthodes nantouensis nantouensis,accepted,TRUE
cc5ca67e-b976-4fbf-b9cb-1b337b7b4b20,infraspecies,Animalia,t0085121,Malthodes nantouensis nantouensis taoyuanus,subspecies,Animalia,Malthodes nantouensis taoyuanus,accepted,TRUE
81c76c5b-1bd7-4da9-9362-6bf18feb471a,infraspecies,Animalia,t0085122,Malthodes taipehanus taipehanus taipehanus,subspecies,Animalia,Malthodes taipehanus taipehanus,accepted,TRUE
c1e6e25e-ab26-4ade-bc49-f187fbb52bc3,infraspecies,Animalia,t0086422,Walteriella sanguinea sanguinea brevemarginata,subspecies,Animalia,Walteriella sanguinea brevemarginata,accepted,TRUE
f42d0c1c-9be1-47aa-b0ff-072c546d7b64,infraspecies,Animalia,t0085355,Caccodes niponicus niponicus formosanus,subspecies,Animalia,Caccodes niponicus formosanus,accepted,TRUE
78e04038-c7c9-43af-97b5-269c23b5d8f6,infraspecies,Animalia,t0086361,Tinodemus polygramma polygramma rubidus,subspecies,Animalia,Tinodemus polygramma rubidus,accepted,TRUE
01ac3c20-40db-4fe9-9357-c7ab294ffe00,infraspecies,Animalia,t0085674,Falsomordellistena hiranoi hiranoi takasagoana,subspecies,Animalia,Falsomordellistena hiranoi takasagoana,accepted,TRUE
db73a950-218d-4072-b2f2-1ee985c9afa7,infraspecies,Animalia,t0085675,Falsomordellistena konoi konoi konoi,subspecies,Animalia,Falsomordellistena konoi konoi,accepted,TRUE
019b95de-395a-4261-bf8c-117b191f1001,infraspecies,Animalia,t0085676,Falsomordellistena konoi konoi kotoensis,subspecies,Animalia,Falsomordellistena konoi kotoensis,accepted,TRUE
8128317c-4720-4236-8e5f-136ea7d9c557,infraspecies,Animalia,t0085711,Glipa hatayamai hatayamai izuinsulana,subspecies,Animalia,Glipa hatayamai izuinsulana,accepted,TRUE
05a57f9a-9552-4c71-b678-6865979c4687,infraspecies,Animalia,t0085712,Glipa ishigakiana ishigakiana kotoensis,subspecies,Animalia,Glipa ishigakiana kotoensis,accepted,TRUE
0b7bed45-1274-41d3-8522-0280752eb93e,infraspecies,Animalia,t0085713,Glipa sauteri sauteri sauteri,subspecies,Animalia,Glipa sauteri sauteri,accepted,TRUE
946554b0-9c44-4ee6-8d16-99cfa94462b5,infraspecies,Animalia,t0085769,Hoshihananomia auromaculata auromaculata auromaculata,subspecies,Animalia,Hoshihananomia auromaculata auromaculata,accepted,TRUE
2bafb654-78dc-420f-b61c-1904fff94e5f,infraspecies,Animalia,t0085770,Hoshihananomia composita composita composita,subspecies,Animalia,Hoshihananomia composita composita,accepted,TRUE
983f1501-70ac-4a6f-bb83-e0898b9e5793,infraspecies,Animalia,t0085771,Hoshihananomia nakanei nakanei kuraruana,subspecies,Animalia,Hoshihananomia nakanei kuraruana,accepted,TRUE
f73789e3-634b-4cab-9889-e00a81f6151b,infraspecies,Animalia,t0085935,Mordellina callichroa callichroa ami,subspecies,Animalia,Mordellina callichroa ami,accepted,TRUE
b21de0d0-514e-4a93-ae4f-e66530bc279d,infraspecies,Animalia,t0086414,Variimorda miyarabi miyarabi chujoi,subspecies,Animalia,Variimorda miyarabi chujoi,accepted,TRUE
086b6ff1-bce1-475e-bc1d-91d0fcacae11,infraspecies,Animalia,t0085464,Clambus formosanus formosanus formosanus,subspecies,Animalia,Clambus formosanus formosanus,accepted,TRUE
63e0d5c3-56c9-420f-be49-f532bbc7e976,infraspecies,Animalia,t0085480,Conapium morosum morosum pictum,subspecies,Animalia,Conapium morosum pictum,accepted,TRUE
152e1cea-0ff7-40f9-9546-9d9028e70729,infraspecies,Animalia,t0085521,Cucujus haematodes haematodes opacus,subspecies,Animalia,Cucujus haematodes opacus,accepted,TRUE
2f1ea81b-8410-413c-a69e-abbb6fd924c4,infraspecies,Animalia,t0086190,Ptilodactyla sinensis sinensis sauteri,subspecies,Animalia,Ptilodactyla sinensis sauteri,accepted,TRUE
ad6297b6-8918-4cb5-bd59-1d25fd8e9287,infraspecies,Animalia,t0085997,Oedemera sauteri sauteri lutipes,subspecies,Animalia,Oedemera sauteri lutipes,accepted,TRUE
74d6b834-de1f-41b8-a9c7-2d04cdedbdbb,infraspecies,Animalia,t0085998,Oedemera sauteri sauteri sauteri,subspecies,Animalia,Oedemera sauteri sauteri,accepted,TRUE
fe31d415-c6f7-47be-9074-9a80a9d2f051,infraspecies,Animalia,t0085628,Eobia chinensis chinensis kotoensis,subspecies,Animalia,Eobia chinensis kotoensis,accepted,TRUE
c75c9a2b-1c96-4f69-ad45-4c8b4ffe758b,infraspecies,Animalia,t0085627,Eobia chinensis chinensis chinensis,subspecies,Animalia,Eobia chinensis chinensis,accepted,TRUE
b959e901-9025-4624-bdd1-c900f90bfb2f,infraspecies,Animalia,t0085629,Eobia cinereipennis cinereipennis curticornis,subspecies,Animalia,Eobia cinereipennis curticornis,accepted,TRUE
18278d26-8637-4e69-8d28-9a191122b019,infraspecies,Animalia,t0085981,Nothochodaeus interruptus interruptus interruptus,subspecies,Animalia,Nothochodaeus interruptus interruptus,accepted,TRUE
333d2214-8f5a-47bf-8760-9601e128ec8e,infraspecies,Animalia,t0086393,Trox setifer setifer horiguchii,subspecies,Animalia,Trox setifer horiguchii,accepted,TRUE
98664fc5-6ff6-4bde-bce4-34c98f0b045f,infraspecies,Animalia,t0086221,Sandalus sauteri sauteri sauteri,subspecies,Animalia,Sandalus sauteri sauteri,accepted,TRUE
5e0acd18-59db-4e08-b845-fea729811347,infraspecies,Animalia,t0086220,Sandalus sauteri sauteri lanyuensis,subspecies,Animalia,Sandalus sauteri lanyuensis,accepted,TRUE
d7ecb2c5-20e1-4a07-9ef2-7fb650ae3943,infraspecies,Animalia,t0085934,Monomma glyphysternum glyphysternum formosanum,subspecies,Animalia,Monomma glyphysternum formosanum,accepted,TRUE
ed4b5144-4ceb-4944-8fb0-21f7847a1db2,infraspecies,Animalia,t0084637,Abaciscus tristis tristis tristis,subspecies,Animalia,Abaciscus tristis tristis,accepted,TRUE
ae14052d-1854-478c-982d-2df522dba11f,infraspecies,Animalia,t0084650,Agathia visenda visenda curvifiniens,subspecies,Animalia,Agathia visenda curvifiniens,accepted,TRUE
ea41fe33-211d-485b-9213-2a63b4ad901f,infraspecies,Animalia,t0084651,Alcis maculata maculata taiwanica,subspecies,Animalia,Alcis maculata taiwanica,accepted,TRUE
f9e30b30-904a-4534-b2b9-5695d0eafc43,infraspecies,Animalia,t0057612,Alcis admissaria admissaria undularia,subspecies,Animalia,Alcis admissaria undularia,accepted,TRUE
46ac5b47-55eb-4331-a6c3-18067263f799,infraspecies,Animalia,t0084531,Amraica superans superans taiwana,subspecies,Animalia,Amraica superans taiwana,accepted,TRUE
f7a335e2-bb9f-45f5-87a7-28b098c98cb6,infraspecies,Animalia,t0084677,Arichanna jaguararia jaguararia wangi,subspecies,Animalia,Arichanna jaguararia wangi,accepted,TRUE
b8dbd2b1-7fb5-4621-963a-a95447dd19c2,infraspecies,Animalia,t0084687,Biston regalis regalis comitata,subspecies,Animalia,Biston regalis comitata,accepted,TRUE
8189907d-07ea-436b-a9f5-1ed1f68d8ec2,infraspecies,Animalia,t0084688,Biston robustum robustum subrobustum,subspecies,Animalia,Biston robustum subrobustum,accepted,TRUE
b804219a-42fc-47a3-a8de-a84cb1cd4edb,infraspecies,Animalia,t0084691,Brabira artemidora artemidora pallida,subspecies,Animalia,Brabira artemidora pallida,accepted,TRUE
80f9b6ae-f62d-41d5-b3ed-5c7b55607d95,infraspecies,Animalia,t0084541,Callabraxas fabiolaria fabiolaria candida,subspecies,Animalia,Callabraxas fabiolaria candida,accepted,TRUE
d960d4f3-6b49-422d-8a51-439b6268373b,infraspecies,Animalia,t0084727,Chiasmia monticolaria monticolaria notia,subspecies,Animalia,Chiasmia monticolaria notia,accepted,TRUE
e950e1b1-68d6-48e2-9ad5-50a0f8f220c1,infraspecies,Animalia,t0030430,Chlorissa distinctaria distinctaria distinctaria,subspecies,Animalia,Chlorissa distinctaria distinctaria,accepted,TRUE
be0a3542-2e4f-44ca-9069-17ac06d315df,infraspecies,Animalia,t0084544,Chorodna corticaria corticaria formosana,subspecies,Animalia,Chorodna corticaria formosana,accepted,TRUE
853d033d-a0f4-4eac-b929-42dafe6aab1f,infraspecies,Animalia,t0084737,Cleora leucophaea leucophaea taiwanensis,subspecies,Animalia,Cleora leucophaea taiwanensis,accepted,TRUE
eba189ff-1438-43b3-b864-a04cc96baf8c,infraspecies,Animalia,t0084741,Comibaena pictipennis pictipennis pictipennis,subspecies,Animalia,Comibaena pictipennis pictipennis,accepted,TRUE
8fd7c1d2-0a95-4e2d-b87c-702e9ba6495b,infraspecies,Animalia,t0028772,Dysstroma calamistrata calamistrata scalata,subspecies,Animalia,Dysstroma calamistrata scalata,accepted,TRUE
f9dcf9d2-59d2-49eb-978b-e2c89b466556,infraspecies,Animalia,t0028773,Dysstroma cinereata cinereata cinereata,subspecies,Animalia,Dysstroma cinereata cinereata,accepted,TRUE
b64b5863-8b9f-4c91-bbcd-f242f15682e5,infraspecies,Animalia,t0101466,Ecliptopera dimita dimita dimita,subspecies,Animalia,Ecliptopera dimita dimita,accepted,TRUE
2a5e1ed3-e138-4700-bbe0-58ff41e2b184,infraspecies,Animalia,t0084763,Ecliptopera muscicolor muscicolor allobathra,subspecies,Animalia,Ecliptopera muscicolor allobathra,accepted,TRUE
c9404fbb-ec05-4740-8eef-0e3142c293d3,infraspecies,Animalia,t0084764,Ecliptopera rectilinea rectilinea kanshinensis,subspecies,Animalia,Ecliptopera rectilinea kanshinensis,accepted,TRUE
2913599a-8f83-423f-8b9f-667d135a2a6f,infraspecies,Animalia,t0084765,Ecliptopera umbrosaria umbrosaria stathera,subspecies,Animalia,Ecliptopera umbrosaria stathera,accepted,TRUE
488a9237-99dd-47c4-af14-b5931f9d6993,infraspecies,Animalia,t0028919,Eois lunulosa lunulosa duplicilinea,subspecies,Animalia,Eois lunulosa duplicilinea,accepted,TRUE
57020fc3-345b-4aa5-875c-f8aec8045a05,infraspecies,Animalia,t0029059,Eucyclodes semialba semialba semialba,subspecies,Animalia,Eucyclodes semialba semialba,accepted,TRUE
20073b43-e1ca-4754-acf9-24a360c5793a,infraspecies,Animalia,t0084781,Eupithecia costalis costalis ferrisparsata,subspecies,Animalia,Eupithecia costalis ferrisparsata,accepted,TRUE
a3dcfec4-455d-4ea0-8ddf-ec8b8e597890,infraspecies,Animalia,t0029123,Eustroma melancholica melancholica interrupta,subspecies,Animalia,Eustroma melancholica interrupta,accepted,TRUE
59fc72ac-96bc-42f8-ba2d-d55d1df5c493,infraspecies,Animalia,t0029275,Garaeus apicata apicata formosanus,subspecies,Animalia,Garaeus apicata formosanus,accepted,TRUE
c6e956d6-ed67-4daa-b086-d94b48b4d631,infraspecies,Animalia,t0029276,Garaeus specularis specularis specularis,subspecies,Animalia,Garaeus specularis specularis,accepted,TRUE
412a89df-1774-4f76-9faa-a1aa86ef1f5c,infraspecies,Animalia,t0084819,Heterophleps confusa confusa punkikonis,subspecies,Animalia,Heterophleps confusa punkikonis,accepted,TRUE
da6e93c5-ec2c-477b-9e43-63dc4fb69f8c,infraspecies,Animalia,t0084824,Hypomecis punctinalis punctinalis glos,subspecies,Animalia,Hypomecis punctinalis glos,accepted,TRUE
ea22b0ac-a61e-4c3d-acde-989684e17c8a,infraspecies,Animalia,t0084825,Hypomecis roboraria roboraria amplaria,subspecies,Animalia,Hypomecis roboraria amplaria,accepted,TRUE
ea058087-4324-4409-9242-a7f68392cdc8,infraspecies,Animalia,t0027304,Lampropteryx argentilineata argentilineata nitidaria,subspecies,Animalia,Lampropteryx argentilineata nitidaria,accepted,TRUE
243c9f75-278a-4455-ab2b-e97145761bb5,infraspecies,Animalia,t0027324,Lassaba parvalbidaria parvalbidaria parvalbidaria,subspecies,Animalia,Lassaba parvalbidaria parvalbidaria,accepted,TRUE
1454064c-f115-409b-99a5-d2b0587f1ee7,infraspecies,Animalia,t0027551,Lomographa platyleucata platyleucata marginata,subspecies,Animalia,Lomographa platyleucata marginata,accepted,TRUE
eb7b5eee-a4e4-414e-9ea5-9018a0299408,infraspecies,Animalia,t0084557,Lophophelma iterans iterans onerosus,subspecies,Animalia,Lophophelma iterans onerosus,accepted,TRUE
7dab2847-ed24-4b3b-9f89-30bd35a3b36b,infraspecies,Animalia,t0027641,Luxiaria amasa amasa amasa,subspecies,Animalia,Luxiaria amasa amasa,accepted,TRUE
ebde636c-43e7-4cc6-9a16-1cfd0be73767,infraspecies,Animalia,t0084870,Microcalicha fumosaria fumosaria fulvifusa,subspecies,Animalia,Microcalicha fumosaria fulvifusa,accepted,TRUE
32eb9bda-9867-452b-bb2a-7a58f6959618,infraspecies,Animalia,t0028157,Myrioblephara simplaria simplaria simplaria,subspecies,Animalia,Myrioblephara simplaria simplaria,accepted,TRUE
c1d798bb-9298-4dfa-b033-141c6b063efd,infraspecies,Animalia,t0084912,Odontopera bilinearia bilinearia subarida,subspecies,Animalia,Odontopera bilinearia subarida,accepted,TRUE
7a9e7711-7c2a-4fcf-b50e-f7e9792d9e87,infraspecies,Animalia,t0084917,Ophthalmitis albosignaria albosignaria viridans,subspecies,Animalia,Ophthalmitis albosignaria viridans,accepted,TRUE
b6ade0f7-aa56-4fae-960f-5bd7aa5e8e6a,infraspecies,Animalia,t0084920,Orthocabera sericea sericea sericea,subspecies,Animalia,Orthocabera sericea sericea,accepted,TRUE
09e410c0-c0a4-4553-baeb-196dbd3dabe8,infraspecies,Animalia,t0031397,Ourapteryx clara clara formosana,subspecies,Animalia,Ourapteryx clara formosana,accepted,TRUE
e795d69a-f22e-4498-bb99-4360f08dc142,infraspecies,Animalia,t0084922,Ourapteryx nigrociliaris nigrociliaris magnifica,subspecies,Animalia,Ourapteryx nigrociliaris magnifica,accepted,TRUE
b6bc6b17-2859-4e08-bebb-b9c63b50d1d3,infraspecies,Animalia,t0031400,Ourapteryx similaria similaria horishana,subspecies,Animalia,Ourapteryx similaria horishana,accepted,TRUE
a09cd598-a460-43b1-84d2-b32e6eccf551,infraspecies,Animalia,t0031402,Ourapteryx yerburii yerburii virescens,subspecies,Animalia,Ourapteryx yerburii virescens,accepted,TRUE
6c50192b-82cb-4ccd-8e97-17d8b281d386,infraspecies,Animalia,t0101477,Paradarisa chloauges chloauges chloauges,subspecies,Animalia,Paradarisa chloauges chloauges,accepted,TRUE
74642ed2-82c9-4aa7-8da7-cf09dd17b63b,infraspecies,Animalia,t0031508,Paradarisa comparataria comparataria rantaizanensis,subspecies,Animalia,Paradarisa comparataria rantaizanensis,accepted,TRUE
e3ed477c-6ad0-42b2-b21c-4f9ab8220f4a,infraspecies,Animalia,t0084954,Percnia luridaria luridaria nominoneura,subspecies,Animalia,Percnia luridaria nominoneura,accepted,TRUE
cdc854dc-f161-40b2-b4e9-c027d2a03c28,infraspecies,Animalia,t0031754,Perixera minorata minorata dubiosa,subspecies,Animalia,Perixera minorata dubiosa,accepted,TRUE
7a171379-32e0-4beb-bbc6-c407b18ab702,infraspecies,Animalia,t0084966,Pingasa ruginaria ruginaria pacifica,subspecies,Animalia,Pingasa ruginaria pacifica,accepted,TRUE
edfbe524-b1fe-4650-a73d-50c26da5d43d,infraspecies,Animalia,t0084980,Problepsis albidior albidior matsumurai,subspecies,Animalia,Problepsis albidior matsumurai,accepted,TRUE
27f227cf-1d3d-41e0-bddf-8f0b34438d40,infraspecies,Animalia,t0032311,Psilalcis breta breta rantaizana,subspecies,Animalia,Psilalcis breta rantaizana,accepted,TRUE
acb37b51-31d0-497e-9c82-36486d8b5ffa,infraspecies,Animalia,t0101500,Scopula emissaria emissaria emissaria,subspecies,Animalia,Scopula emissaria emissaria,accepted,TRUE
5bd072e9-f120-4b70-83e1-57626d69797d,infraspecies,Animalia,t0032715,Scopula emma emma jordani,subspecies,Animalia,Scopula emma jordani,accepted,TRUE
acddbe92-77fa-4d0e-940b-b358c3dbc730,infraspecies,Animalia,t0032720,Scopula nesciaria nesciaria absconditaria,subspecies,Animalia,Scopula nesciaria absconditaria,accepted,TRUE
7c669ab7-45e6-4eb6-a93f-a2649d8ba670,infraspecies,Animalia,t0084568,Scopula nigropunctata nigropunctata subcandidata,subspecies,Animalia,Scopula nigropunctata subcandidata,accepted,TRUE
7b3a7d48-fd10-4209-b83c-fb5e155986b0,infraspecies,Animalia,t0032722,Scopula proximaria proximaria indigenata,subspecies,Animalia,Scopula proximaria indigenata,accepted,TRUE
140ac0d0-476d-48d1-9f47-1a822f844ac2,infraspecies,Animalia,t0085055,Scopula pulchellata pulchellata takowensis,subspecies,Animalia,Scopula pulchellata takowensis,accepted,TRUE
b756c7de-c8b0-4d75-a7a4-4e78b9a14b6e,infraspecies,Animalia,t0084998,Somatina rosacea rosacea anaemica,subspecies,Animalia,Somatina rosacea anaemica,accepted,TRUE
b636a5af-2d30-4f4d-867c-a4c49eb4796b,infraspecies,Animalia,t0101502,Syncosmia bicornuta bicornuta bicornuta,subspecies,Animalia,Syncosmia bicornuta bicornuta,accepted,TRUE
a9c24f4f-601a-4098-af66-2ac203059997,infraspecies,Animalia,t0085011,Synegia pallens pallens abeliae,subspecies,Animalia,Synegia pallens abeliae,accepted,TRUE
2c00052b-1bcd-449e-9743-d77a9280da74,infraspecies,Animalia,t0085022,Tanaorhinus kina kina flavinfra,subspecies,Animalia,Tanaorhinus kina flavinfra,accepted,TRUE
e836a815-c5a2-4d14-b399-bc67a4764ddb,infraspecies,Animalia,t0085029,Thinopteryx crocoptera crocoptera assamensis,subspecies,Animalia,Thinopteryx crocoptera assamensis,accepted,TRUE
0ee45df1-3d39-485e-b04d-a6bf7d70cd90,infraspecies,Animalia,t0101482,Triphosa sericata sericata sericata,subspecies,Animalia,Triphosa sericata sericata,accepted,TRUE
8e4e6c13-953e-40d9-acf0-57defc65aa30,infraspecies,Animalia,t0085043,Xandrames latiferaria latiferaria curvistriga,subspecies,Animalia,Xandrames latiferaria curvistriga,accepted,TRUE
b706fb8d-05ee-43db-909c-0a937e234596,infraspecies,Animalia,t0028547,Xenortholitha latifusata latifusata latifusata,subspecies,Animalia,Xenortholitha latifusata latifusata,accepted,TRUE
0cc76abd-1c16-4a57-8c3f-2ace650fc2a4,infraspecies,Animalia,t0084574,Xerodes albonotaria albonotaria aritai,subspecies,Animalia,Xerodes albonotaria aritai,accepted,TRUE
2313f5c3-4e15-491b-9a47-1c371cf06c32,infraspecies,Animalia,t0084642,Acasis viretata viretata himalayica,subspecies,Animalia,Acasis viretata himalayica,accepted,TRUE
d2e9cbf6-616a-4830-ab82-33b732d14646,infraspecies,Animalia,t0057545,Acolutha pictaria pictaria imbecilla,subspecies,Animalia,Acolutha pictaria imbecilla,accepted,TRUE
2f728f70-0a5b-473c-9b05-8dd6644bfc66,infraspecies,Animalia,t0084644,Acolutha pulchella pulchella semifulva,subspecies,Animalia,Acolutha pulchella semifulva,accepted,TRUE
54592066-9cda-4f7e-9b27-ff8bd5d9ca28,infraspecies,Animalia,t0084660,Antitrygodes divisaria divisaria perturbata,subspecies,Animalia,Antitrygodes divisaria perturbata,accepted,TRUE
6a84ba9f-df0c-4e04-a3b7-f6b32fb536c9,infraspecies,Animalia,t0084663,Apithecia viridata viridata wilemani,subspecies,Animalia,Apithecia viridata wilemani,accepted,TRUE
fe3f813c-8fdf-4b9c-a387-a59cf39383d9,infraspecies,Animalia,t0084678,Ascotis selenaria selenaria imparata,subspecies,Animalia,Ascotis selenaria imparata,accepted,TRUE
846da1f1-bb31-4cb0-9bd3-4968f5588d83,infraspecies,Animalia,t0084689,Blepharoctenucha virescens virescens kawabei,subspecies,Animalia,Blepharoctenucha virescens kawabei,accepted,TRUE
bd7b41e2-e8f7-4a61-9449-494c4c53fe43,infraspecies,Animalia,t0030033,Callabraxas compositata compositata basistrigaria,subspecies,Animalia,Callabraxas compositata basistrigaria,accepted,TRUE
42b54c55-6cd9-48e2-bae4-3f81d8b9381f,infraspecies,Animalia,t0084543,Celenna festivaria festivaria formosensis,subspecies,Animalia,Celenna festivaria formosensis,accepted,TRUE
dfa9fba4-62e9-49a1-8df1-011a8b94dec2,infraspecies,Animalia,t0084755,Devenilia corearia corearia taivanensis,subspecies,Animalia,Devenilia corearia taivanensis,accepted,TRUE
cf52f27c-d391-4e9b-882b-81d3a691ac88,infraspecies,Animalia,t0084757,Dilophodes elegans elegans khasiana,subspecies,Animalia,Dilophodes elegans khasiana,accepted,TRUE
3aa7f951-184a-4030-9e8a-d09ba78d3796,infraspecies,Animalia,t0084758,Diplurodes vestita vestita fuscovestita,subspecies,Animalia,Diplurodes vestita fuscovestita,accepted,TRUE
03541805-8bc2-4e26-8d30-b69c9f29e6db,infraspecies,Animalia,t0084760,Dissoplaga flava flava changi,subspecies,Animalia,Dissoplaga flava changi,accepted,TRUE
d131c661-2a38-45de-8514-c614c085d380,infraspecies,Animalia,t0084762,Duliophyle agitata agitata taiwana,subspecies,Animalia,Duliophyle agitata taiwana,accepted,TRUE
cb23943a-e506-4ac2-aa4e-5c9c8a49c967,infraspecies,Animalia,t0084546,Epobeidia lucifera lucifera extranigricans,subspecies,Animalia,Epobeidia lucifera extranigricans,accepted,TRUE
4d3a74e2-820e-48f5-8b84-a0b6adf70d10,infraspecies,Animalia,t0084547,Epobeidia tigrata tigrata maxima,subspecies,Animalia,Epobeidia tigrata maxima,accepted,TRUE
bb6bce83-2b25-4c59-8552-55891218a8cb,infraspecies,Animalia,t0084776,Eschatarchia lineata lineata formosana,subspecies,Animalia,Eschatarchia lineata formosana,accepted,TRUE
5fd7f492-065e-4b52-adc7-9421a3f952d4,infraspecies,Animalia,t0084780,Euchristophia cumulata cumulata meridionalis,subspecies,Animalia,Euchristophia cumulata meridionalis,accepted,TRUE
5ba40f41-273f-4bed-9e9c-d33f1ddd7dc6,infraspecies,Animalia,t0084550,Evecliptopera illitata illitata acreta,subspecies,Animalia,Evecliptopera illitata acreta,accepted,TRUE
0735754b-c088-4b58-8f36-075363c8e349,infraspecies,Animalia,t0084800,Gasterocome pannosaria pannosaria orta,subspecies,Animalia,Gasterocome pannosaria orta,accepted,TRUE
3e631599-9e8c-4960-978d-d988b27ed5db,infraspecies,Animalia,t0084802,Gnamptopteryx perficita perficita cymatia,subspecies,Animalia,Gnamptopteryx perficita cymatia,accepted,TRUE
e965992c-885d-4308-a20f-28e9658849c8,infraspecies,Animalia,t0029544,Hastina subfalcaria subfalcaria caeruleolineata,subspecies,Animalia,Hastina subfalcaria caeruleolineata,accepted,TRUE
83a25d12-0efe-47d2-82ed-40e882f3839f,infraspecies,Animalia,t0029653,Heteralex aspersa aspersa formosana,subspecies,Animalia,Heteralex aspersa formosana,accepted,TRUE
b3139c22-109d-4cce-9662-d9d9e10e5e29,infraspecies,Animalia,t0084827,Hysterura protagma protagma agaura,subspecies,Animalia,Hysterura protagma agaura,accepted,TRUE
f1cc15cb-d304-4c54-b9e6-b2992f014f04,infraspecies,Animalia,t0027089,Idiochlora ussuriaria ussuriaria mundaria,subspecies,Animalia,Idiochlora ussuriaria mundaria,accepted,TRUE
02a113cd-1741-4ca1-8899-52f61d9e6044,infraspecies,Animalia,t0027406,Leptomiza calcearia calcearia calcearia,subspecies,Animalia,Leptomiza calcearia calcearia,accepted,TRUE
c06992af-38d2-4eee-b368-b5bf92b117a5,infraspecies,Animalia,t0084868,Melanthia catenaria catenaria mesozona,subspecies,Animalia,Melanthia catenaria mesozona,accepted,TRUE
447a6059-3edc-4718-b8b6-6f1bb4a07a04,infraspecies,Animalia,t0084558,Melanthia procellata procellata szechuanensis,subspecies,Animalia,Melanthia procellata szechuanensis,accepted,TRUE
b9fad17b-eaf3-42af-9e90-a8eaba3803e3,infraspecies,Animalia,t0027909,Mesastrape fulguraria fulguraria fulguraria,subspecies,Animalia,Mesastrape fulguraria fulguraria,accepted,TRUE
ce3b6e2c-9d1a-4398-806c-89049e6511d4,infraspecies,Animalia,t0084871,Milionia zonea zonea pryeri,subspecies,Animalia,Milionia zonea pryeri,accepted,TRUE
110d94b5-e830-4236-a503-85f0676bc4f3,infraspecies,Animalia,t0084908,Obeidia vagipardata vagipardata albomarginata,subspecies,Animalia,Obeidia vagipardata albomarginata,accepted,TRUE
0e5bde77-7b60-4e79-a55b-671bbb5d8298,infraspecies,Animalia,t0084910,Ocoelophora lentiginosaria lentiginosaria festa,subspecies,Animalia,Ocoelophora lentiginosaria festa,accepted,TRUE
0b6bd0ff-4418-4533-8299-44f1caeaa141,infraspecies,Animalia,t0031352,Organopoda carnearia carnearia carnearia,subspecies,Animalia,Organopoda carnearia carnearia,accepted,TRUE
fd0511aa-c0ee-43f0-899d-d3dd0e6ec20e,infraspecies,Animalia,t0084923,Oxymacaria normata normata arisana,subspecies,Animalia,Oxymacaria normata arisana,accepted,TRUE
d968da4d-2f67-47d7-bb6d-3111a8e564c9,infraspecies,Animalia,t0084924,Oxymacaria temeraria temeraria temeraria,subspecies,Animalia,Oxymacaria temeraria temeraria,accepted,TRUE
2205a370-bb71-4cb5-a729-50891dc010dd,infraspecies,Animalia,t0031417,Oxymacaria truncaria truncaria truncaria,subspecies,Animalia,Oxymacaria truncaria truncaria,accepted,TRUE
58a6ec70-3cbe-4126-8c97-fa6d50390ca4,infraspecies,Animalia,t0084928,Palpoctenidia phoenicosoma phoenicosoma semilauta,subspecies,Animalia,Palpoctenidia phoenicosoma semilauta,accepted,TRUE
e8705136-5820-4e9c-a8e8-97e017ea5cce,infraspecies,Animalia,t0084562,Parobeidia gigantearia gigantearia marginifascia,subspecies,Animalia,Parobeidia gigantearia marginifascia,accepted,TRUE
9fbb0520-b6ef-44ad-81b3-f2213c728a4f,infraspecies,Animalia,t0031714,Peratostega deletaria deletaria deletaria,subspecies,Animalia,Peratostega deletaria deletaria,accepted,TRUE
e1f2a335-6352-4cb8-9088-6a77c4dd143f,infraspecies,Animalia,t0084962,Phoenissa brephos brephos albofascia,subspecies,Animalia,Phoenissa brephos albofascia,accepted,TRUE
a8932abc-0c35-47b6-b60e-1de2d1344749,infraspecies,Animalia,t0084963,Phthonandria atrilineata atrilineata cuneilinearia,subspecies,Animalia,Phthonandria atrilineata cuneilinearia,accepted,TRUE
932d423d-fbd1-46a6-bdb4-58c8612f55f2,infraspecies,Animalia,t0031907,Physetobasis dentifascia dentifascia triangulifera,subspecies,Animalia,Physetobasis dentifascia triangulifera,accepted,TRUE
c0b10ab9-feb0-4a29-a23b-e016e6e51014,infraspecies,Animalia,t0084563,Polyscia argentilinea argentilinea changi,subspecies,Animalia,Polyscia argentilinea changi,accepted,TRUE
950da8c6-e7e6-4884-b0d6-8f986311604f,infraspecies,Animalia,t0085080,Pseudeuchromia maculifera maculifera catachroma,subspecies,Animalia,Pseudeuchromia maculifera catachroma,accepted,TRUE
56a0cfe7-4507-4cc2-91e3-86c9f7f46326,infraspecies,Animalia,t0084564,Pseudocollix hyperythra hyperythra catalalia,subspecies,Animalia,Pseudocollix hyperythra catalalia,accepted,TRUE
4315c616-a1a8-418b-b5ad-ed2d0dc1dbb2,infraspecies,Animalia,t0084987,Pylargosceles steganioides steganioides limbaria,subspecies,Animalia,Pylargosceles steganioides limbaria,accepted,TRUE
1caf70a7-d83f-47fb-ac32-538cc9005c79,infraspecies,Animalia,t0084993,Rhodostrophia bisinuata bisinuata wilemani,subspecies,Animalia,Rhodostrophia bisinuata wilemani,accepted,TRUE
b21f7ec2-8574-420c-b26e-1d012fa313a6,infraspecies,Animalia,t0084571,Tristeirometa decussata decussata moltrechti,subspecies,Animalia,Tristeirometa decussata moltrechti,accepted,TRUE
a9999e54-925b-447e-b028-759dc81cdc4c,infraspecies,Animalia,t0028375,Tristrophis rectifascia rectifascia rectifascia,subspecies,Animalia,Tristrophis rectifascia rectifascia,accepted,TRUE
71dd16f6-63d1-4587-84c3-f286ccb758b9,infraspecies,Animalia,t0084573,Tyloptera bella bella ogatai,subspecies,Animalia,Tyloptera bella ogatai,accepted,TRUE
321276e1-7057-45aa-a107-bfd73c8ca85b,infraspecies,Animalia,t0084640,Abrostola suisharyonis suisharyonis suisharyonis,subspecies,Animalia,Abrostola suisharyonis suisharyonis,accepted,TRUE
8bce0c63-9349-422d-9c8c-8d3c5161e2bd,infraspecies,Animalia,t0057549,Acronicta denticulata denticulata pernivea,subspecies,Animalia,Acronicta denticulata pernivea,accepted,TRUE
af3b6ab7-78c8-4979-9e2a-246a85609f31,infraspecies,Animalia,t0084647,Acronicta pulverosa pulverosa taitungensis,subspecies,Animalia,Acronicta pulverosa taitungensis,accepted,TRUE
a3080c1e-a633-4e04-907c-f75f8d4087a6,infraspecies,Animalia,t0057587,Agrocholorta albirena albirena chihtuana,subspecies,Animalia,Agrocholorta albirena chihtuana,accepted,TRUE
0bc3dc15-bae5-4b5e-9f97-cf202aeb8a9a,infraspecies,Animalia,t0084661,Apamea aquila aquila substriata,subspecies,Animalia,Apamea aquila substriata,accepted,TRUE
48f92f50-0f4f-4fd9-91e1-9afb40e80f3e,infraspecies,Animalia,t0084538,Belosticta cinerea cinerea ilan,subspecies,Animalia,Belosticta cinerea ilan,accepted,TRUE
94145c39-fcaa-4fd3-a747-31351eca2187,infraspecies,Animalia,t0030785,Ctenoplusia furcifera furcifera furcifera,subspecies,Animalia,Ctenoplusia furcifera furcifera,accepted,TRUE
8c1d7fea-2eb2-45de-aee5-2d43a037d991,infraspecies,Animalia,t0084746,Cucullia pustulata pustulata fraterna,subspecies,Animalia,Cucullia pustulata fraterna,accepted,TRUE
23610699-6678-48d3-9508-994aebb547e1,infraspecies,Animalia,t0084838,Karana hoenei hoenei marcida,subspecies,Animalia,Karana hoenei marcida,accepted,TRUE
4466ddb8-72b7-4843-8f5e-ecaf35b12240,infraspecies,Animalia,t0084852,Lithophane venusta venusta yazakii,subspecies,Animalia,Lithophane venusta yazakii,accepted,TRUE
37f08d57-fc76-4047-bf47-72b69c05efe0,infraspecies,Animalia,t0027527,Lithopolia confusa confusa confusa,subspecies,Animalia,Lithopolia confusa confusa,accepted,TRUE
1da53317-4097-4589-98a6-55f599b9643d,infraspecies,Animalia,t0084876,Mythimna albomarginata albomarginata rubea,subspecies,Animalia,Mythimna albomarginata rubea,accepted,TRUE
19a14939-3259-410b-b6fe-6ab3a3e30c27,infraspecies,Animalia,t0084902,Nyctycia endoi endoi endoi,subspecies,Animalia,Nyctycia endoi endoi,accepted,TRUE
08694a40-81ad-407a-b585-5c3661afc1a2,infraspecies,Animalia,t0084904,Nyctycia mesomelana mesomelana formosana,subspecies,Animalia,Nyctycia mesomelana formosana,accepted,TRUE
985716bc-a9cb-48ff-8d8b-f4bc45bc88d8,infraspecies,Animalia,t0084905,Nyctycia stenoptera stenoptera minori,subspecies,Animalia,Nyctycia stenoptera minori,accepted,TRUE
db72b0b0-c84f-46a9-9c22-9975c93480c7,infraspecies,Animalia,t0084906,Nyctycia strigidisca strigidisca nigridorsi,subspecies,Animalia,Nyctycia strigidisca nigridorsi,accepted,TRUE
0df98e44-c97e-46e2-9ddd-969627950843,infraspecies,Animalia,t0101476,Orthosia limbata limbata limbata,subspecies,Animalia,Orthosia limbata limbata,accepted,TRUE
af92b225-0f66-46bb-8b46-1afecd560536,infraspecies,Animalia,t0084921,Orthosia reticulata reticulata fuscovestita,subspecies,Animalia,Orthosia reticulata fuscovestita,accepted,TRUE
a44cd18b-d4aa-4fb8-aec3-7cbcf6e1b777,infraspecies,Animalia,t0084929,Panolis pinicortex pinicortex exornata,subspecies,Animalia,Panolis pinicortex exornata,accepted,TRUE
d4f5fd1b-e7ef-45f5-8438-719d5145507e,infraspecies,Animalia,t0084971,Polia mortua mortua caeca,subspecies,Animalia,Polia mortua caeca,accepted,TRUE
0b999741-4e16-4053-9036-7f6a7cb538fd,infraspecies,Animalia,t0101498,Rhynchaglaea hemixantha hemixantha hemixantha,subspecies,Animalia,Rhynchaglaea hemixantha hemixantha,accepted,TRUE
c4a46b51-bf42-4b1f-baf6-4167d972edce,infraspecies,Animalia,t0032953,Speidelia taiwana taiwana taiwana,subspecies,Animalia,Speidelia taiwana taiwana,accepted,TRUE
19f36a61-68bb-4503-afa8-0039cc5f0589,infraspecies,Animalia,t0085001,Sphragifera sigillata sigillata taimacula,subspecies,Animalia,Sphragifera sigillata taimacula,accepted,TRUE
f07d9b6e-0af4-4fc1-be6c-e186e3fb0676,infraspecies,Animalia,t0085005,Stenoloba assimilis assimilis taiwana,subspecies,Animalia,Stenoloba assimilis taiwana,accepted,TRUE
e0c41393-dc55-4639-957a-fdc303f1f5be,infraspecies,Animalia,t0085006,Stenoloba manleyi manleyi formosana,subspecies,Animalia,Stenoloba manleyi formosana,accepted,TRUE
363c5f64-98db-490e-bd3c-a896283e4de6,infraspecies,Animalia,t0085008,Sugitania uenoi uenoi uenoi,subspecies,Animalia,Sugitania uenoi uenoi,accepted,TRUE
72307874-584c-44fb-b2cf-1398301f4a4c,infraspecies,Animalia,t0033453,Trachea auriplena auriplena auriplena,subspecies,Animalia,Trachea auriplena auriplena,accepted,TRUE
9cd44805-a142-4a5d-aa63-92daf516c68f,infraspecies,Animalia,t0085036,Trachea punkikonis punkikonis punkikonis,subspecies,Animalia,Trachea punkikonis punkikonis,accepted,TRUE
552bed07-c99b-4fe9-99c0-8a9f0f6ea201,infraspecies,Animalia,t0085044,Xenotrachea albidisca albidisca pseudodisca,subspecies,Animalia,Xenotrachea albidisca pseudodisca,accepted,TRUE
e4dbfc02-c75d-403a-bf62-f8bf959366f5,infraspecies,Animalia,t0085045,Xylena tatajiana tatajiana tatajiana,subspecies,Animalia,Xylena tatajiana tatajiana,accepted,TRUE
76c8d134-bbfe-4deb-b6c4-ed9d6e2db572,infraspecies,Animalia,t0085046,Xylopolia bella bella taiwanicola,subspecies,Animalia,Xylopolia bella taiwanicola,accepted,TRUE
d80830b5-7c60-421d-a85b-06bcc3a62d58,infraspecies,Animalia,t0057864,Axylia putris putris triseriata,subspecies,Animalia,Axylia putris triseriata,accepted,TRUE
81085220-735d-4a5c-af0c-cf5a370deb02,infraspecies,Animalia,t0084726,Chelonomorpha formosana formosana formosana,subspecies,Animalia,Chelonomorpha formosana formosana,accepted,TRUE
4c1951fb-8551-4843-92ed-ffc30c2644dd,infraspecies,Animalia,t0084736,Clavipalpula aurariae aurariae formosana,subspecies,Animalia,Clavipalpula aurariae formosana,accepted,TRUE
2b1cc605-9068-45a5-9873-21c3910dd269,infraspecies,Animalia,t0084745,Cruriopsis funebris funebris cognata,subspecies,Animalia,Cruriopsis funebris cognata,accepted,TRUE
0fb732c3-e843-4e94-8a0e-2bb480d06909,infraspecies,Animalia,t0084766,Elwesia sugii sugii yoshimotoi,subspecies,Animalia,Elwesia sugii yoshimotoi,accepted,TRUE
d53d0755-f139-4c72-a62d-0d98ceb2e4d4,infraspecies,Animalia,t0084771,Episteme adulatrix adulatrix taiwana,subspecies,Animalia,Episteme adulatrix taiwana,accepted,TRUE
2d9aa3fb-7354-4b5f-982a-35b41c345e69,infraspecies,Animalia,t0084772,Episteme beatrix beatrix formosana,subspecies,Animalia,Episteme beatrix formosana,accepted,TRUE
522ad4e4-bf4c-48a5-8ead-9f9a4e76f8d8,infraspecies,Animalia,t0084773,Episteme lectrix lectrix sauteri,subspecies,Animalia,Episteme lectrix sauteri,accepted,TRUE
fb357aa7-2d27-4ffc-99d7-d331876b9e7b,infraspecies,Animalia,t0084817,Hemictenophora euplexiodes euplexiodes lanyuensis,subspecies,Animalia,Hemictenophora euplexiodes lanyuensis,accepted,TRUE
10d51a92-ce46-4cc3-9108-9df233f86502,infraspecies,Animalia,t0029751,Houlberthosia ornatissima ornatissima ornatissima,subspecies,Animalia,Houlberthosia ornatissima ornatissima,accepted,TRUE
1247ab88-4d90-4c2d-bbf9-13324195c2e7,infraspecies,Animalia,t0084855,Loscopia scotoptera scotoptera insularis,subspecies,Animalia,Loscopia scotoptera insularis,accepted,TRUE
16f60d4d-af34-47d2-8972-ea33d4ccaabd,infraspecies,Animalia,t0084916,Ophthalmis lincea lincea intermedia,subspecies,Animalia,Ophthalmis lincea intermedia,accepted,TRUE
e8ae6b6e-7aa8-4b65-ab8b-638893d14942,infraspecies,Animalia,t0084968,Plataplecta pulverosa pulverosa taitungensis,subspecies,Animalia,Plataplecta pulverosa taitungensis,accepted,TRUE
42a80647-fd43-42c7-b965-7b8de7572362,infraspecies,Animalia,t0084969,Plusiopalpa adrasta adrasta shisa,subspecies,Animalia,Plusiopalpa adrasta shisa,accepted,TRUE
400eda97-ac1f-43d7-9c71-4f84cb36bcf7,infraspecies,Animalia,t0085016,Taipsaphida curiosa curiosa curiosa,subspecies,Animalia,Taipsaphida curiosa curiosa,accepted,TRUE
47486324-8711-4fac-8e50-dc8bafc5a7c0,infraspecies,Animalia,t0084643,Acleris pulchella pulchella pulchella,subspecies,Animalia,Acleris pulchella pulchella,accepted,TRUE
99342d25-fa03-4983-b1e0-2b0591cb7558,infraspecies,Animalia,t0084723,Cerace stipatana stipatana formosana,subspecies,Animalia,Cerace stipatana formosana,accepted,TRUE
7000fd1b-dee2-46c1-a2ba-3e57e30face0,infraspecies,Animalia,t0084883,Neopotamia cryptocosma cryptocosma taiwana,subspecies,Animalia,Neopotamia cryptocosma taiwana,accepted,TRUE
b33edc70-aa6f-4329-80d3-730300cb19b5,infraspecies,Animalia,t0084652,Amata fortunei fortunei matsumurai,subspecies,Animalia,Amata fortunei matsumurai,accepted,TRUE
1c73d257-610c-4642-a581-9f1ee5e06460,infraspecies,Animalia,t0084671,Arctornis l-nigrum l-nigrum okurai,subspecies,Animalia,Arctornis l-nigrum okurai,accepted,TRUE
b0be04e9-4e4a-408a-89bf-1a381d59b2be,infraspecies,Animalia,t0084679,Asota egens egens confinis,subspecies,Animalia,Asota egens confinis,accepted,TRUE
35a8c878-0e67-441e-92dc-723e1027ed0f,infraspecies,Animalia,t0084680,Asota heliconia heliconia zebrina,subspecies,Animalia,Asota heliconia zebrina,accepted,TRUE
d16cd4db-ceab-4e2b-bf83-d6f4f6cb5ba3,infraspecies,Animalia,t0084681,Asota plana plana lacteata,subspecies,Animalia,Asota plana lacteata,accepted,TRUE
d8ba05fa-26cb-4a75-81d6-01f72e368613,infraspecies,Animalia,t0057899,Bastilla acuta acuta acuta,subspecies,Animalia,Bastilla acuta acuta,accepted,TRUE
264c0c0b-f928-478f-bd05-d0b3864dfafa,infraspecies,Animalia,t0084699,Calliteara contexta contexta kezukai,subspecies,Animalia,Calliteara contexta kezukai,accepted,TRUE
042bed73-f843-49ee-a75f-f35d7b72551b,infraspecies,Animalia,t0084700,Calliteara lunulata lunulata takamukuana,subspecies,Animalia,Calliteara lunulata takamukuana,accepted,TRUE
f57e688d-fa32-4a7a-bcb9-74f0341aef5c,infraspecies,Animalia,t0084704,Calyptra minuticornis minuticornis bisacutum,subspecies,Animalia,Calyptra minuticornis bisacutum,accepted,TRUE
364cff64-2bee-4d8b-9905-5a008ee90bea,infraspecies,Animalia,t0084705,Catocala dejeani dejeani owadai,subspecies,Animalia,Catocala dejeani owadai,accepted,TRUE
c1290f23-a278-432e-bcd4-47dffda003c6,infraspecies,Animalia,t0084706,Catocala intacta intacta taiwana,subspecies,Animalia,Catocala intacta taiwana,accepted,TRUE
0aa6b492-7d07-4bde-898c-6611c52bb4df,infraspecies,Animalia,t0084707,Catocala nivea nivea asahinaorum,subspecies,Animalia,Catocala nivea asahinaorum,accepted,TRUE
ff7320d7-8416-4312-b6ed-5f578a54519c,infraspecies,Animalia,t0084708,Catocala praegnax praegnax sakaii,subspecies,Animalia,Catocala praegnax sakaii,accepted,TRUE
4d1ed047-fb69-42fd-a317-02e31e702f80,infraspecies,Animalia,t0084545,Creatonotos transiens transiens koni,subspecies,Animalia,Creatonotos transiens koni,accepted,TRUE
99862095-0a93-436a-81a8-f4ed8ce00186,infraspecies,Animalia,t0084767,Eospilarctia nehallenia nehallenia baibarensis,subspecies,Animalia,Eospilarctia nehallenia baibarensis,accepted,TRUE
830531f2-4df4-40e2-b8f7-8773602e21e0,infraspecies,Animalia,t0084775,Erebus albicincta albicincta obscurata,subspecies,Animalia,Erebus albicincta obscurata,accepted,TRUE
aaab4a81-3b15-4ffd-9f66-d4f6ecc1014d,infraspecies,Animalia,t0101468,Ericeia inangulata inangulata inangulata,subspecies,Animalia,Ericeia inangulata inangulata,accepted,TRUE
efb16ec7-fd8b-4651-a700-db06c7442964,infraspecies,Animalia,t0084790,Euproctis bimaculata bimaculata lutescens,subspecies,Animalia,Euproctis bimaculata lutescens,accepted,TRUE
468885eb-4d93-4671-a0c7-90b9ea94f353,infraspecies,Animalia,t0084791,Euproctis latifascia latifascia suisharyonis,subspecies,Animalia,Euproctis latifascia suisharyonis,accepted,TRUE
4aba290a-fc3e-4eb0-a759-bfa34ea32c42,infraspecies,Animalia,t0031216,Nygmia marginata marginata insulata,subspecies,Animalia,Nygmia marginata insulata,accepted,TRUE
c9202956-aa6c-44c9-9b91-30354d0a18a2,infraspecies,Animalia,t0084857,Lymantria concolor concolor concolor,subspecies,Animalia,Lymantria concolor concolor,accepted,TRUE
bbcffa01-ef6b-4b96-a8c2-39591f47d03c,infraspecies,Animalia,t0084898,Nishada chilomorpha chilomorpha adunca,subspecies,Animalia,Nishada chilomorpha adunca,accepted,TRUE
a22899b1-3a23-4b15-b159-0bb18b387e29,infraspecies,Animalia,t0084901,Nyctemera coleta coleta coleta,subspecies,Animalia,Nyctemera coleta coleta,accepted,TRUE
2c63d661-d341-4cc9-9472-5d13a7a52d15,infraspecies,Animalia,t0084915,Ophiusa disjungens disjungens indiscriminata,subspecies,Animalia,Ophiusa disjungens indiscriminata,accepted,TRUE
f4338825-837f-4a13-821f-f587f7008934,infraspecies,Animalia,t0084930,Pantana visum visum ampla,subspecies,Animalia,Pantana visum ampla,accepted,TRUE
49ce5fa9-edec-4694-99b2-4dc2989c73b8,infraspecies,Animalia,t0084964,Pida decolorata decolorata maculosa,subspecies,Animalia,Pida decolorata maculosa,accepted,TRUE
d64eaa23-c4be-46a3-a154-08c56559bee8,infraspecies,Animalia,t0085002,Spilarctia alba alba kikuchii,subspecies,Animalia,Spilarctia alba kikuchii,accepted,TRUE
3d6b2890-bfdf-44af-a95a-566ef5c97578,infraspecies,Animalia,t0084569,Spilarctia nydia nydia werneri,subspecies,Animalia,Spilarctia nydia werneri,accepted,TRUE
7d1c3dd8-c0e7-4ecc-a129-39f9a0e30184,infraspecies,Animalia,t0085040,Utetheisa pulchelloides pulchelloides vaga,subspecies,Animalia,Utetheisa pulchelloides vaga,accepted,TRUE
6e150457-198d-4649-98b6-981cdab3960f,infraspecies,Animalia,t0084672,Areas galactina galactina formosana,subspecies,Animalia,Areas galactina formosana,accepted,TRUE
d1c222a8-2a64-4372-a767-44dc177e1a84,infraspecies,Animalia,t0084537,Bamra albicola albicola melli,subspecies,Animalia,Bamra albicola melli,accepted,TRUE
bfeac7d3-d9eb-4ac3-bfb5-92a900ba5e65,infraspecies,Animalia,t0084742,Conilepia nigricosta nigricosta paiwan,subspecies,Animalia,Conilepia nigricosta paiwan,accepted,TRUE
9847daf9-5f07-4ac4-9469-b17c32c02d40,infraspecies,Animalia,t0029005,Eressa confinis confinis finitima,subspecies,Animalia,Eressa confinis finitima,accepted,TRUE
1389e92d-bc2f-475c-aef9-c895ab6269ac,infraspecies,Animalia,t0027227,Katha magnata magnata magnata,subspecies,Animalia,Katha magnata magnata,accepted,TRUE
a2039d59-9a10-417f-93f0-d9d0e1f61ac6,infraspecies,Animalia,t0027956,Meteugoa ochrivena ochrivena japonica,subspecies,Animalia,Meteugoa ochrivena japonica,accepted,TRUE
523ffa98-1c36-4350-980d-dc4c27d557ae,infraspecies,Animalia,t0031550,Paraona staudingeri staudingeri formosana,subspecies,Animalia,Paraona staudingeri formosana,accepted,TRUE
983f77d6-a293-48df-9037-68bae9723b7b,infraspecies,Animalia,t0084952,Pelosia muscerda muscerda tetrasticta,subspecies,Animalia,Pelosia muscerda tetrasticta,accepted,TRUE
31c6d5a4-fd19-442f-b282-5041f338248e,infraspecies,Animalia,t0084996,Scaptesyle bicolor bicolor integra,subspecies,Animalia,Scaptesyle bicolor integra,accepted,TRUE
4ba51174-0130-4cc2-a261-1376a4883d00,infraspecies,Animalia,t0057580,Aglaomorpha histrio histrio formosana,subspecies,Animalia,Aglaomorpha histrio formosana,accepted,TRUE
1f5c651e-ca25-4ff1-9dc5-54e900e6694e,infraspecies,Animalia,t0084724,Chalcosia thaivana thaivana owadai,subspecies,Animalia,Chalcosia thaivana owadai,accepted,TRUE
905b5e53-e4d7-4068-9df2-553da9e65710,infraspecies,Animalia,t0084725,Chalcosia thaivana thaivana thaivana,subspecies,Animalia,Chalcosia thaivana thaivana,accepted,TRUE
d1c090eb-5fb8-4340-8820-eb05ae97ca49,infraspecies,Animalia,t0084777,Eterusia aedea aedea formosana,subspecies,Animalia,Eterusia aedea formosana,accepted,TRUE
96ddebea-09da-445c-95ce-ab291cc1d49e,infraspecies,Animalia,t0084654,Amesia sanguiflua sanguiflua viriditincta,subspecies,Animalia,Amesia sanguiflua viriditincta,accepted,TRUE
587f38cf-db8a-4801-ba8e-41515447e60c,infraspecies,Animalia,t0084552,Histia flabellicornis flabellicornis ultima,subspecies,Animalia,Histia flabellicornis ultima,accepted,TRUE
ce3498ec-b986-42b8-848b-128232cfbbf5,infraspecies,Animalia,t0084820,Histia flabellicornis flabellicornis orientalis,subspecies,Animalia,Histia flabellicornis orientalis,accepted,TRUE
0be9956e-e814-48ae-ac89-e07d6eea7544,infraspecies,Animalia,t0084872,Milleria adalifa adalifa fuhoshonis,subspecies,Animalia,Milleria adalifa fuhoshonis,accepted,TRUE
681dc5e1-55a1-439b-a429-5372c389d5f6,infraspecies,Animalia,t0084559,Milleria formosana formosana contradicta,subspecies,Animalia,Milleria formosana contradicta,accepted,TRUE
4721dd39-e512-4631-96a4-627998033659,infraspecies,Animalia,t0084645,Acosmeryx anceus anceus subdentata,subspecies,Animalia,Acosmeryx anceus subdentata,accepted,TRUE
b488bf08-380e-4e55-baca-2a70cfe362c0,infraspecies,Animalia,t0057547,Acosmeryx naga naga metanaga,subspecies,Animalia,Acosmeryx naga metanaga,accepted,TRUE
df70645b-4254-4502-88bc-4286e173eded,infraspecies,Animalia,t0084529,Ambulyx japonica japonica angustifasciata,subspecies,Animalia,Ambulyx japonica angustifasciata,accepted,TRUE
b31c7e3f-e172-49d9-89e6-cb8d5b16a944,infraspecies,Animalia,t0084749,Daphnis hypothous hypothous crameri,subspecies,Animalia,Daphnis hypothous crameri,accepted,TRUE
6c8b3248-ed52-4832-bd25-5825e3fdc63e,infraspecies,Animalia,t0027696,Macroglossum corythus corythus corythus,subspecies,Animalia,Macroglossum corythus corythus,accepted,TRUE
bfe7a8c1-0905-4e37-9198-17c8d5c906e3,infraspecies,Animalia,t0084862,Macroglossum troglodytus troglodytus troglodytus,subspecies,Animalia,Macroglossum troglodytus troglodytus,accepted,TRUE
306c18fd-5138-4aac-8194-948b0cb894d6,infraspecies,Animalia,t0101595,Macroglossum mitchellii mitchellii imperator,subspecies,Animalia,Macroglossum mitchellii imperator,accepted,TRUE
767ec97f-b079-4332-b343-b76617bfa579,infraspecies,Animalia,t0084863,Macroglossum ungues ungues cheni,subspecies,Animalia,Macroglossum ungues cheni,accepted,TRUE
3714af72-83ce-4310-a7cb-967c82152cd3,infraspecies,Animalia,t0101597,Neogurelca himachala himachala sangaica,subspecies,Animalia,Neogurelca himachala sangaica,accepted,TRUE
78e415e9-8b6c-4d0f-a33e-a9e97e180f57,infraspecies,Animalia,t0101503,Theretra oldenlandiae oldenlandiae oldenlandiae,subspecies,Animalia,Theretra oldenlandiae oldenlandiae,accepted,TRUE
4a119b4b-3940-453f-9571-81c4d4d4e919,infraspecies,Animalia,t0101504,Theretra silhetensis silhetensis silhetensis,subspecies,Animalia,Theretra silhetensis silhetensis,accepted,TRUE
7bf92b62-7464-466b-9e4d-8996d418bbed,infraspecies,Animalia,t0084655,Ampelophaga rubiginosa rubiginosa myosotis,subspecies,Animalia,Ampelophaga rubiginosa myosotis,accepted,TRUE
6e3f93d4-ec1b-4011-a1bc-f12f5ea35f00,infraspecies,Animalia,t0057648,Amplypterus mansoni mansoni takamukui,subspecies,Animalia,Amplypterus mansoni takamukui,accepted,TRUE
5a79dde7-34a8-488f-b6de-39172265d0d7,infraspecies,Animalia,t0084697,Callambulyx tatarinovii tatarinovii formosana,subspecies,Animalia,Callambulyx tatarinovii formosana,accepted,TRUE
081d3faf-a20f-4a41-a87f-5b77cb1fa410,infraspecies,Animalia,t0084735,Clanis bilineata bilineata formosana,subspecies,Animalia,Clanis bilineata formosana,accepted,TRUE
9b5db51d-0162-4c39-a1d1-710424f020ff,infraspecies,Animalia,t0084839,Langia zenzeroides zenzeroides formosana,subspecies,Animalia,Langia zenzeroides formosana,accepted,TRUE
ae09bbd0-bfa4-4699-a5d0-e354d0cf27a5,infraspecies,Animalia,t0084865,Marumba cristata cristata bukaiana,subspecies,Animalia,Marumba cristata bukaiana,accepted,TRUE
9db3ec95-ff31-4bb9-b202-1154603242a3,infraspecies,Animalia,t0096302,Marumba dyras dyras dyras,subspecies,Animalia,Marumba dyras dyras,accepted,TRUE
888eb923-a511-43cd-b56c-e8722ce78ece,infraspecies,Animalia,t0084866,Marumba gaschkewitschii gaschkewitschii gressitti,subspecies,Animalia,Marumba gaschkewitschii gressitti,accepted,TRUE
f6c61618-7c8e-4e1f-b52a-694e1ac73718,infraspecies,Animalia,t0027784,Marumba saishiuana saishiuana formosana,subspecies,Animalia,Marumba saishiuana formosana,accepted,TRUE
d62dc9ba-66af-4d35-86f1-830adda0ea80,infraspecies,Animalia,t0027785,Marumba sperchius sperchius sperchius,subspecies,Animalia,Marumba sperchius sperchius,accepted,TRUE
26419b7a-69c8-489a-8f50-c8b33c5e5644,infraspecies,Animalia,t0084561,Notonagemia analis analis gressitti,subspecies,Animalia,Notonagemia analis gressitti,accepted,TRUE
cb613649-1d61-4b41-8676-4424dc27dff1,infraspecies,Animalia,t0031882,Phyllosphingia dissimilis dissimilis dissimilis,subspecies,Animalia,Phyllosphingia dissimilis dissimilis,accepted,TRUE
83e17c47-de05-4020-918b-bf9401772eea,infraspecies,Animalia,t0032913,Smerinthulus perversa perversa flavomaculatus,subspecies,Animalia,Smerinthulus perversa flavomaculatus,accepted,TRUE
c4cb49d5-d889-48c6-ac72-10fff2b6d2cd,infraspecies,Animalia,t0085021,Tamraca torridalis torridalis taiwana,subspecies,Animalia,Tamraca torridalis taiwana,accepted,TRUE
4cbdb8a3-3b4d-4d30-8181-64bb54ef2bba,infraspecies,Animalia,t0085041,Volobilis biplaga biplaga taiwanella,subspecies,Animalia,Volobilis biplaga taiwanella,accepted,TRUE
33d6828c-ed1b-4c89-b2ba-f8b52dbe2bf3,infraspecies,Animalia,t0084656,Ancylosis maculifera maculifera signosella,subspecies,Animalia,Ancylosis maculifera signosella,accepted,TRUE
e53f2325-d217-4025-9113-8712fab661d4,infraspecies,Animalia,t0084853,Lixa productalis productalis taiwana,subspecies,Animalia,Lixa productalis taiwana,accepted,TRUE
cb5e21a7-4ca2-40d0-b5aa-f68b42aaf8f6,infraspecies,Animalia,t0084873,Mimicia pseudolibatrix pseudolibatrix taiwana,subspecies,Animalia,Mimicia pseudolibatrix taiwana,accepted,TRUE
4599f9b6-bde2-4d53-95a7-d9c3ee1a7f2e,infraspecies,Animalia,t0084692,Bradina atopalis atopalis taiwanensis,subspecies,Animalia,Bradina atopalis taiwanensis,accepted,TRUE
9042cbc8-e070-492e-934d-dc53e523595e,infraspecies,Animalia,t0084988,Pyrausta mystica mystica taitungensis,subspecies,Animalia,Pyrausta mystica taitungensis,accepted,TRUE
ff7f6096-b386-4fe6-b3f0-547ce5436429,infraspecies,Animalia,t0085038,Udea stigmatalis stigmatalis tayulingensis,subspecies,Animalia,Udea stigmatalis tayulingensis,accepted,TRUE
1e8f773a-1c63-412d-b758-cf23386b06ac,infraspecies,Animalia,t0057576,Aethaloessa calidalis calidalis tiphalis,subspecies,Animalia,Aethaloessa calidalis tiphalis,accepted,TRUE
186f0450-bba4-4c2d-a89d-127434b26cfe,infraspecies,Animalia,t0084956,Perinephela lancealis lancealis taiwanensis,subspecies,Animalia,Perinephela lancealis taiwanensis,accepted,TRUE
ffcd6043-7aa0-4853-846f-a30d24892d07,infraspecies,Animalia,t0028684,Disparia diluta diluta variegata,subspecies,Animalia,Disparia diluta variegata,accepted,TRUE
6f5f2c14-94d2-463e-9089-780f9963ff2c,infraspecies,Animalia,t0084810,Harpyia microsticta microsticta baibarana,subspecies,Animalia,Harpyia microsticta baibarana,accepted,TRUE
f90147e8-beb3-40be-a17f-44e726a51d03,infraspecies,Animalia,t0027569,Lophocosma nigrilinea nigrilinea geniculatum,subspecies,Animalia,Lophocosma nigrilinea geniculatum,accepted,TRUE
b742b506-0b82-4d58-bc1b-ca0d24634953,infraspecies,Animalia,t0028285,Neodrymonia basalis basalis seriatopunctata,subspecies,Animalia,Neodrymonia basalis seriatopunctata,accepted,TRUE
a25c423c-e77e-4879-a4fd-1e898c8b45da,infraspecies,Animalia,t0084955,Peridea graeseri graeseri tayal,subspecies,Animalia,Peridea graeseri tayal,accepted,TRUE
890be832-7d79-4dc5-9279-0c081335bffd,infraspecies,Animalia,t0031731,Peridea moorei moorei ochreipennis,subspecies,Animalia,Peridea moorei ochreipennis,accepted,TRUE
e894c5ea-c9d4-41a6-9694-8b415787a693,infraspecies,Animalia,t0084958,Phalera assimilis assimilis formosicola,subspecies,Animalia,Phalera assimilis formosicola,accepted,TRUE
bc22ef76-6279-4e08-a115-7375b0d23b83,infraspecies,Animalia,t0031789,Phalera flavescens flavescens flavescens,subspecies,Animalia,Phalera flavescens flavescens,accepted,TRUE
2d3f0168-32c2-4e78-af08-17cd2733e3e0,infraspecies,Animalia,t0084959,Phalera huangtiao huangtiao baoshinchangi,subspecies,Animalia,Phalera huangtiao baoshinchangi,accepted,TRUE
7de003aa-3491-4f60-a403-5212641b4a83,infraspecies,Animalia,t0031808,Pheosiopsis cinerea cinerea formosana,subspecies,Animalia,Pheosiopsis cinerea formosana,accepted,TRUE
dd8fb71c-ed7f-48cd-ba70-a6c920a11427,infraspecies,Animalia,t0085003,Stauropus alternus alternus alternus,subspecies,Animalia,Stauropus alternus alternus,accepted,TRUE
53ad3a84-eba2-42e7-bb7a-453e89734cdd,infraspecies,Animalia,t0085004,Stauropus sikkimensis sikkimensis lushanus,subspecies,Animalia,Stauropus sikkimensis lushanus,accepted,TRUE
7219d476-7b25-4b39-87a2-62c870b012eb,infraspecies,Animalia,t0101501,Stauropus teikichiana teikichiana teikichiana,subspecies,Animalia,Stauropus teikichiana teikichiana,accepted,TRUE
2b5f12b1-f9c4-423c-8148-ecba776837a6,infraspecies,Animalia,t0085013,Syntypistis pallidifascia pallidifascia pallidifascia,subspecies,Animalia,Syntypistis pallidifascia pallidifascia,accepted,TRUE
0c804efc-f1bc-470b-9bdb-e7fa40565ad9,infraspecies,Animalia,t0033189,Syntypistis perdix perdix perdix,subspecies,Animalia,Syntypistis perdix perdix,accepted,TRUE
7dbd0667-62ca-4762-954f-72e3380de777,infraspecies,Animalia,t0101515,Betashachia angustipennis angustipennis angustipennis,subspecies,Animalia,Betashachia angustipennis angustipennis,accepted,TRUE
6ff96414-ef1c-4592-86c1-cd4b50292658,infraspecies,Animalia,t0030289,Cerura erminea erminea formosana,subspecies,Animalia,Cerura erminea formosana,accepted,TRUE
8b9ecbaf-e430-4d5f-a859-8d73930a20d7,infraspecies,Animalia,t0084738,Cnethodonta grisescens grisescens baibarana,subspecies,Animalia,Cnethodonta grisescens baibarana,accepted,TRUE
b6d06178-ff54-414d-b75e-c26f05eab4f3,infraspecies,Animalia,t0084549,Eushachia acyptera acyptera insido,subspecies,Animalia,Eushachia acyptera insido,accepted,TRUE
1b007e01-2648-45ae-99b5-700fa38cc919,infraspecies,Animalia,t0029121,Eushachia aurata aurata auripennis,subspecies,Animalia,Eushachia aurata auripennis,accepted,TRUE
89f8b9b3-ffaa-4ca1-b09c-586e7134b4ee,infraspecies,Animalia,t0084797,Formofentonia orbifer orbifer rotundata,subspecies,Animalia,Formofentonia orbifer rotundata,accepted,TRUE
7c3b4866-ade1-4e7c-8a04-4b507badb1ae,infraspecies,Animalia,t0029677,Hexafrenum leucodera leucodera yamamotoi,subspecies,Animalia,Hexafrenum leucodera yamamotoi,accepted,TRUE
5d1e95bd-d35c-4f03-a2d7-8909f3ba520e,infraspecies,Animalia,t0027968,Metriaeschra apatela apatela elegans,subspecies,Animalia,Metriaeschra apatela elegans,accepted,TRUE
057b3705-25e6-469c-bf2b-63dcd4fb70da,infraspecies,Animalia,t0027999,Microphalera grisea grisea yoshimotoi,subspecies,Animalia,Microphalera grisea yoshimotoi,accepted,TRUE
fc505395-36e7-4d5e-864a-1fae7420493e,infraspecies,Animalia,t0084560,Mimopydna kishidai kishidai kishidai,subspecies,Animalia,Mimopydna kishidai kishidai,accepted,TRUE
a7997185-cdaf-4f03-aaa2-6fc0c55e2812,infraspecies,Animalia,t0101490,Neocerura liturata liturata liturata,subspecies,Animalia,Neocerura liturata liturata,accepted,TRUE
dd5221e5-a46e-4197-8eb4-900379a2ed43,infraspecies,Animalia,t0031069,Neopheosia fasciata fasciata fasciata,subspecies,Animalia,Neopheosia fasciata fasciata,accepted,TRUE
a1991a8c-bb9d-4acd-a7d8-1dc74cb94751,infraspecies,Animalia,t0084895,Netria multispinae multispinae multispinae,subspecies,Animalia,Netria multispinae multispinae,accepted,TRUE
4a135b07-d379-4dd5-b56a-d0294bfd71e4,infraspecies,Animalia,t0084896,Netria viridescens viridescens continentalis,subspecies,Animalia,Netria viridescens continentalis,accepted,TRUE
7a735357-9131-4136-b77c-bc370318c354,infraspecies,Animalia,t0084960,Phalerodonta manleyi manleyi formosana,subspecies,Animalia,Phalerodonta manleyi formosana,accepted,TRUE
c2102ec7-82d0-4a7b-8576-6182145a9aeb,infraspecies,Animalia,t0031807,Pheosia rimosa rimosa taiwanognoma,subspecies,Animalia,Pheosia rimosa taiwanognoma,accepted,TRUE
5dbdb8ce-e059-41d5-839e-a96d735361bd,infraspecies,Animalia,t0032263,Pseudofentonia argentifera argentifera argentifera,subspecies,Animalia,Pseudofentonia argentifera argentifera,accepted,TRUE
b17ef84f-cf1b-46ee-a1f8-7e8f8de0b5bc,infraspecies,Animalia,t0084985,Pseudofentonia plagiviridis plagiviridis plagiviridis,subspecies,Animalia,Pseudofentonia plagiviridis plagiviridis,accepted,TRUE
59642873-bba9-4b35-ab4d-dba2728e2179,infraspecies,Animalia,t0084986,Pseudosomera noctuiformis noctuiformis yunwu,subspecies,Animalia,Pseudosomera noctuiformis yunwu,accepted,TRUE
f57b63d9-94eb-49d4-8990-46a27febe231,infraspecies,Animalia,t0032411,Rachiades lichenicolor lichenicolor albimaculata,subspecies,Animalia,Rachiades lichenicolor albimaculata,accepted,TRUE
74cc9250-ff87-47c5-b3a0-b16fad6add29,infraspecies,Animalia,t0084999,Somera viridifusca viridifusca viridifusca,subspecies,Animalia,Somera viridifusca viridifusca,accepted,TRUE
26bcc8c8-8c1f-4558-bb79-08b55a835724,infraspecies,Animalia,t0028766,Dysaethria scopocera scopocera formosibia,subspecies,Animalia,Dysaethria scopocera formosibia,accepted,TRUE
66f64aa1-68db-4b82-8158-cda7da60eb7a,infraspecies,Animalia,t0084526,Actias sinensis sinensis subaurea,subspecies,Animalia,Actias sinensis subaurea,accepted,TRUE
59f3dec3-4f24-492d-ae73-55bd2f462d0f,infraspecies,Animalia,t0057833,Attacus atlas atlas atlas,subspecies,Animalia,Attacus atlas atlas,accepted,TRUE
36f688d1-bb24-4e88-bfed-3feff21d9c0f,infraspecies,Animalia,t0032532,Rinaca japonica japonica arisana,subspecies,Animalia,Rinaca japonica arisana,accepted,TRUE
9b382432-1030-433d-b2cb-1d4f8c396978,infraspecies,Animalia,t0032533,Rinaca thibeta thibeta okurai,subspecies,Animalia,Rinaca thibeta okurai,accepted,TRUE
7f91d3b5-a9ee-429a-b656-29be3c9b41cc,infraspecies,Animalia,t0084649,Aeromachus inachus inachus formosana,subspecies,Animalia,Aeromachus inachus formosana,accepted,TRUE
e345a741-125f-428c-b242-b919045bff8f,infraspecies,Animalia,t0084715,Celaenorrhinus maculosus maculosus taiwanus,subspecies,Animalia,Celaenorrhinus maculosus taiwanus,accepted,TRUE
f27317ce-9c39-4067-8539-6ed31b0a70bf,infraspecies,Animalia,t0084716,Celaenorrhinus pulomaya pulomaya formosanus,subspecies,Animalia,Celaenorrhinus pulomaya formosanus,accepted,TRUE
7e52115b-7413-485b-8297-db0b98e046b0,infraspecies,Animalia,t0084811,Hasora anura anura taiwana,subspecies,Animalia,Hasora anura taiwana,accepted,TRUE
bc5589ef-9799-4268-a5f0-b7c9162ebb86,infraspecies,Animalia,t0084812,Hasora mixta mixta limata,subspecies,Animalia,Hasora mixta limata,accepted,TRUE
e8097c0c-3ed5-4fe3-8b38-3f967d6b3cfe,infraspecies,Animalia,t0084813,Hasora taminatus taminatus vairacana,subspecies,Animalia,Hasora taminatus vairacana,accepted,TRUE
c7877c0f-9a5e-4109-bdc0-0bd0ccda4268,infraspecies,Animalia,t0084899,Notocrypta feisthamelii feisthamelii alinkara,subspecies,Animalia,Notocrypta feisthamelii alinkara,accepted,TRUE
95c2f9df-cfb9-4b5a-8fe7-7255759f0f0e,infraspecies,Animalia,t0084900,Notocrypta feisthamelii feisthamelii arisana,subspecies,Animalia,Notocrypta feisthamelii arisana,accepted,TRUE
fe58bcf1-63c3-496c-a148-48e41e2712a0,infraspecies,Animalia,t0084909,Ochlodes bouddha bouddha yuchingkinus,subspecies,Animalia,Ochlodes bouddha yuchingkinus,accepted,TRUE
cccd281a-0f4c-4397-b52c-88d217e907bc,infraspecies,Animalia,t0084951,Pelopidas mathias mathias oberthueri,subspecies,Animalia,Pelopidas mathias oberthueri,accepted,TRUE
5968a628-ac88-4985-89c5-28fe70aa93af,infraspecies,Animalia,t0028603,Zenonoida eltola eltola tappana,subspecies,Animalia,Zenonoida eltola tappana,accepted,TRUE
78a9d9a3-a762-43b6-97f5-0c13e5a54980,infraspecies,Animalia,t0084974,Polytremis lubricans lubricans kuyaniana,subspecies,Animalia,Polytremis lubricans kuyaniana,accepted,TRUE
0be32ce8-6f81-4890-80a3-ba946061d101,infraspecies,Animalia,t0028614,Zinaida zina zina asahinai,subspecies,Animalia,Zinaida zina asahinai,accepted,TRUE
b10deec4-ce6f-4671-bab0-40d2fe035ce3,infraspecies,Animalia,t0084977,Potanthus confucius confucius angustatus,subspecies,Animalia,Potanthus confucius angustatus,accepted,TRUE
3f9a8739-9ce4-4972-975d-3b75815eb0ee,infraspecies,Animalia,t0085015,Tagiades trebellius trebellius martinus,subspecies,Animalia,Tagiades trebellius martinus,accepted,TRUE
f8133d28-3228-4b6d-842f-bff3b6d1f70f,infraspecies,Animalia,t0084639,Abraximorpha davidii davidii ermasis,subspecies,Animalia,Abraximorpha davidii ermasis,accepted,TRUE
00525e32-3b86-4b8e-9648-ed628a116bc2,infraspecies,Animalia,t0057646,Ampittia dioscorides dioscorides etura,subspecies,Animalia,Ampittia dioscorides etura,accepted,TRUE
95be6ae2-b729-40a1-a840-959b69f47430,infraspecies,Animalia,t0057647,Ampittia virgata virgata myakei,subspecies,Animalia,Ampittia virgata myakei,accepted,TRUE
ce99d91c-9f51-4240-acdb-55a755f390ba,infraspecies,Animalia,t0084694,Burara jaina jaina formosana,subspecies,Animalia,Burara jaina formosana,accepted,TRUE
c2a468e5-50ec-484d-8de9-e344da289b00,infraspecies,Animalia,t0084703,Caltoris bromus bromus yanuca,subspecies,Animalia,Caltoris bromus yanuca,accepted,TRUE
57f74f2f-58f3-44a6-8c3c-0e360460d074,infraspecies,Animalia,t0030090,Caltoris cahira cahira austeni,subspecies,Animalia,Caltoris cahira austeni,accepted,TRUE
0ff5bdfe-fd5b-4641-ad32-cbc12f7d3d24,infraspecies,Animalia,t0084731,Choaspes benjaminii benjaminii formosana,subspecies,Animalia,Choaspes benjaminii formosana,accepted,TRUE
17d8f10d-0f4a-46e4-aa28-4f980c89f3fe,infraspecies,Animalia,t0084732,Choaspes xanthopogon xanthopogon chrysopterus,subspecies,Animalia,Choaspes xanthopogon chrysopterus,accepted,TRUE
85dad353-5fc4-41e4-bd74-30635f0695ff,infraspecies,Animalia,t0033226,Daimio tethys tethys moori,subspecies,Animalia,Daimio tethys moori,accepted,TRUE
7921b123-2ac3-4594-bc33-93f9803372aa,infraspecies,Animalia,t0084831,Isoteinon lamprospilus lamprospilus formosanus,subspecies,Animalia,Isoteinon lamprospilus formosanus,accepted,TRUE
d69a67e5-0b23-499e-a7ec-549ec116e057,infraspecies,Animalia,t0084854,Lobocla bifasciata bifasciata kodairai,subspecies,Animalia,Lobocla bifasciata kodairai,accepted,TRUE
1e1afc18-50e7-4759-8020-d40871440b38,infraspecies,Animalia,t0084914,Onryza maga maga takeuchii,subspecies,Animalia,Onryza maga takeuchii,accepted,TRUE
060159fa-66d1-4fc9-bf87-ff1b8925a539,infraspecies,Animalia,t0085025,Telicota bambusae bambusae horisha,subspecies,Animalia,Telicota bambusae horisha,accepted,TRUE
b22b333e-efd0-4afe-8d41-132073f02be7,infraspecies,Animalia,t0085026,Telicota colon colon hayashikeii,subspecies,Animalia,Telicota colon hayashikeii,accepted,TRUE
459464df-f1e3-4eac-8634-4fde797c6f3b,infraspecies,Animalia,t0085028,Telicota ohara ohara formosana,subspecies,Animalia,Telicota ohara formosana,accepted,TRUE
098ff0a8-6e8e-41d7-a12b-6e1c93fcdfec,infraspecies,Animalia,t0027853,Meganola major major takasago,subspecies,Animalia,Meganola major takasago,accepted,TRUE
085875c0-f437-47c4-aa61-ee211d3b8b1d,infraspecies,Animalia,t0027850,Meganola albula albula formosana,subspecies,Animalia,Meganola albula formosana,accepted,TRUE
86e01dc3-1fa6-4221-acd8-7a3f345897d5,infraspecies,Animalia,t0085042,Westermannia elliptica elliptica elliptica,subspecies,Animalia,Westermannia elliptica elliptica,accepted,TRUE
9363e181-f8d8-45fc-825f-9c3547c56c1f,infraspecies,Animalia,t0101478,Parasa lepida lepida lepida,subspecies,Animalia,Parasa lepida lepida,accepted,TRUE
7144b215-479c-4f0a-aee2-388588cc11ff,infraspecies,Animalia,t0030926,Demonarosa rufotessellata rufotessellata subrosea,subspecies,Animalia,Demonarosa rufotessellata subrosea,accepted,TRUE
f666c97b-07a2-42d0-a84b-7668b2d38157,infraspecies,Animalia,t0085000,Spatulifimbria castaneiceps castaneiceps opprimata,subspecies,Animalia,Spatulifimbria castaneiceps opprimata,accepted,TRUE
3851613e-fb37-46c4-999f-2604e87d7d4a,infraspecies,Animalia,t0084686,Auzata minuta minuta infirma,subspecies,Animalia,Auzata minuta infirma,accepted,TRUE
da9dbf2d-864f-411f-8c9d-bdd8a43ec3d2,infraspecies,Animalia,t0028693,Ditrigona conflexaria conflexaria micronioides,subspecies,Animalia,Ditrigona conflexaria micronioides,accepted,TRUE
08d7af4b-b2cb-4fd8-abec-9c3b0e5ba60b,infraspecies,Animalia,t0084769,Epipsestis bilineata bilineata pallida,subspecies,Animalia,Epipsestis bilineata pallida,accepted,TRUE
fd71cfcb-fbfb-4aed-9670-1bfaf605fc0d,infraspecies,Animalia,t0084770,Epipsestis dubia dubia chengshinglini,subspecies,Animalia,Epipsestis dubia chengshinglini,accepted,TRUE
cf0efff4-8dce-4f12-b1a0-64ab5d28f535,infraspecies,Animalia,t0084808,Habrosyne fraterna fraterna chekiangensis,subspecies,Animalia,Habrosyne fraterna chekiangensis,accepted,TRUE
0af292ae-d8d8-4644-8b59-55c2e4c9c3da,infraspecies,Animalia,t0084809,Habrosyne indica indica formosana,subspecies,Animalia,Habrosyne indica formosana,accepted,TRUE
a0e17a3a-5123-4ecc-aad8-545f11bb4f98,infraspecies,Animalia,t0084860,Macrauzata fenestraria fenestraria insulata,subspecies,Animalia,Macrauzata fenestraria insulata,accepted,TRUE
6cefaabc-6380-46f6-b041-8c9ad8ce0289,infraspecies,Animalia,t0084861,Macrocilix mysticata mysticata flavotincta,subspecies,Animalia,Macrocilix mysticata flavotincta,accepted,TRUE
5f80135e-70e0-4db1-b562-61d4f05867dc,infraspecies,Animalia,t0027717,Macrothyatira arizana arizana arizana,subspecies,Animalia,Macrothyatira arizana arizana,accepted,TRUE
3d92e2b7-c220-4bb8-9d82-73b233d2c0ae,infraspecies,Animalia,t0101486,Macrothyatira flavida flavida flavida,subspecies,Animalia,Macrothyatira flavida flavida,accepted,TRUE
b407723a-732d-467d-a9c9-39b729ebd445,infraspecies,Animalia,t0084869,Microblepsis manleyi manleyi formosensis,subspecies,Animalia,Microblepsis manleyi formosensis,accepted,TRUE
c15de2ea-d194-4f7b-bbbe-206cd1854b00,infraspecies,Animalia,t0101473,Neotogaria saitonis saitonis saitonis,subspecies,Animalia,Neotogaria saitonis saitonis,accepted,TRUE
861edf2b-2a0d-4745-be97-259ea04cc667,infraspecies,Animalia,t0084957,Phalacra strigata strigata insulicola,subspecies,Animalia,Phalacra strigata insulicola,accepted,TRUE
27009755-0908-41c4-814d-0ef2860a20fd,infraspecies,Animalia,t0028341,Tridrepana flava flava flava,subspecies,Animalia,Tridrepana flava flava,accepted,TRUE
2fdacab7-e0c9-4128-b5ff-b4ee27acdf94,infraspecies,Animalia,t0057582,Agnidra scabiosa scabiosa fixseni,subspecies,Animalia,Agnidra scabiosa fixseni,accepted,TRUE
7b3b0c8d-3774-40a9-a9b1-7ba11219551b,infraspecies,Animalia,t0057608,Albara reversaria reversaria opalescens,subspecies,Animalia,Albara reversaria opalescens,accepted,TRUE
4e021f1c-df95-47f5-824d-80baf9a94cf9,infraspecies,Animalia,t0030040,Callicilix abraxata abraxata nguldoe,subspecies,Animalia,Callicilix abraxata nguldoe,accepted,TRUE
81e6e048-6fbf-4170-bafd-114788e72d28,infraspecies,Animalia,t0030120,Canucha miranda miranda formosicola,subspecies,Animalia,Canucha miranda formosicola,accepted,TRUE
b0ce4658-a3df-4b9c-9344-6f8dfca8582e,infraspecies,Animalia,t0030816,Cyclidia substigmaria substigmaria substigmaria,subspecies,Animalia,Cyclidia substigmaria substigmaria,accepted,TRUE
f1bf198c-6fcb-4cdb-a440-8be58ae0dab7,infraspecies,Animalia,t0084753,Deroca hidda hidda ampla,subspecies,Animalia,Deroca hidda ampla,accepted,TRUE
ba1c8d87-fc53-4e54-b5a3-24ac538929cb,infraspecies,Animalia,t0028727,Drepana pallida pallida nigromaculata,subspecies,Animalia,Drepana pallida nigromaculata,accepted,TRUE
c6a705f8-c3a5-46df-a7a0-9a2fbef9f7b9,infraspecies,Animalia,t0029746,Horipsestis aenea aenea aenea,subspecies,Animalia,Horipsestis aenea aenea,accepted,TRUE
0a8ddb09-ba05-4b55-8bf4-a3491221d36f,infraspecies,Animalia,t0029747,Horipsestis mushana mushana mushana,subspecies,Animalia,Horipsestis mushana mushana,accepted,TRUE
ce3c0bd8-58a7-452b-98cf-b320b380636d,infraspecies,Animalia,t0085064,Horithyatira decorata decorata takamukui,subspecies,Animalia,Horithyatira decorata takamukui,accepted,TRUE
c8e069b3-7151-4d53-b0f2-c46a4f8c6056,infraspecies,Animalia,t0031575,Parapsestis argenteopicta argenteopicta taiwana,subspecies,Animalia,Parapsestis argenteopicta taiwana,accepted,TRUE
6e9ac63d-350a-46e0-a9e5-d4481a9b8b6d,infraspecies,Animalia,t0085076,Parapsestis tomponis tomponis tomponis,subspecies,Animalia,Parapsestis tomponis tomponis,accepted,TRUE
33d34191-ed67-496e-b826-b1c59d39d1c1,infraspecies,Animalia,t0085019,Takapsestis wilemaniella wilemaniella wilemaniella,subspecies,Animalia,Takapsestis wilemaniella wilemaniella,accepted,TRUE
a2166b4f-b8d3-424f-8c40-088a3c9a337f,infraspecies,Animalia,t0033311,Tethea ampliata ampliata grandis,subspecies,Animalia,Tethea ampliata grandis,accepted,TRUE
df761c15-002c-4a9b-b523-f8cb00dbcd7a,infraspecies,Animalia,t0033312,Tethea consimilis consimilis c-album,subspecies,Animalia,Tethea consimilis c-album,accepted,TRUE
a56d5b7c-07d1-4368-9a12-2e3c816713c8,infraspecies,Animalia,t0033313,Tethea oberthueri oberthueri taiwana,subspecies,Animalia,Tethea oberthueri taiwana,accepted,TRUE
6f602284-f460-4682-8fe8-1cf77c74cd32,infraspecies,Animalia,t0033314,Tethea octogesima octogesima watanabei,subspecies,Animalia,Tethea octogesima watanabei,accepted,TRUE
7e3656e4-c418-44d3-aee8-57045d197ec1,infraspecies,Animalia,t0085030,Thyatira batis batis formosicola,subspecies,Animalia,Thyatira batis formosicola,accepted,TRUE
0a739688-f1cd-4485-83c1-a36f3f0225f4,infraspecies,Animalia,t0084659,Antigius attilia attilia obsoleta,subspecies,Animalia,Antigius attilia obsoleta,accepted,TRUE
a1bb892b-4a4e-465f-a3a7-40a15172c511,infraspecies,Animalia,t0057754,Arhopala bazalus bazalus turbata,subspecies,Animalia,Arhopala bazalus turbata,accepted,TRUE
22833f18-40f5-40b6-be4d-e9dac91a65e8,infraspecies,Animalia,t0084534,Arhopala birmana birmana asakurae,subspecies,Animalia,Arhopala birmana asakurae,accepted,TRUE
c7b50ece-5d8d-4c6e-b158-c601012a2513,infraspecies,Animalia,t0084674,Arhopala ganesa ganesa formosana,subspecies,Animalia,Arhopala ganesa formosana,accepted,TRUE
2344b18c-f7a3-4ec2-ab6b-927fa1ad4dc2,infraspecies,Animalia,t0084675,Arhopala paramuta paramuta horishana,subspecies,Animalia,Arhopala paramuta horishana,accepted,TRUE
9f725f60-dbbf-4efb-9e16-04c73031fd9c,infraspecies,Animalia,t0084733,Chrysozephyrus disparatus disparatus pseudotaiwanus,subspecies,Animalia,Chrysozephyrus disparatus pseudotaiwanus,accepted,TRUE
5cc1f831-86d8-41a6-8ecc-496be801e924,infraspecies,Animalia,t0084734,Chrysozephyrus kabrua kabrua niitakanus,subspecies,Animalia,Chrysozephyrus kabrua niitakanus,accepted,TRUE
4b64637c-db15-4ad2-85c4-f400fdfe45f5,infraspecies,Animalia,t0084747,Curetis acuta acuta formosana,subspecies,Animalia,Curetis acuta formosana,accepted,TRUE
eaaf1e6a-69af-4193-b265-9224eb0a5a8a,infraspecies,Animalia,t0084754,Deudorix epijarbas epijarbas menesicles,subspecies,Animalia,Deudorix epijarbas menesicles,accepted,TRUE
b61ec584-164f-47b8-8b67-c948c3a373ca,infraspecies,Animalia,t0084778,Euaspa milionia milionia formosana,subspecies,Animalia,Euaspa milionia formosana,accepted,TRUE
fc1ee0f4-ca0c-4a55-8a18-2286abd49270,infraspecies,Animalia,t0084821,Horaga albimacula albimacula triumphalis,subspecies,Animalia,Horaga albimacula triumphalis,accepted,TRUE
2156944c-b09e-4622-a0c4-2a99be926f05,infraspecies,Animalia,t0084822,Horaga onyx onyx moltrechti,subspecies,Animalia,Horaga onyx moltrechti,accepted,TRUE
2041d825-8649-46b3-a5bc-71a086d4f167,infraspecies,Animalia,t0029824,Hypolycaena kina kina inari,subspecies,Animalia,Hypolycaena kina inari,accepted,TRUE
a8266c32-cde2-40db-8b4e-3472972f6880,infraspecies,Animalia,t0084832,Jamides alecto alecto dromicus,subspecies,Animalia,Jamides alecto dromicus,accepted,TRUE
4eded84e-51b6-466f-96ac-157033d86ff5,infraspecies,Animalia,t0084833,Jamides bochus bochus formosanus,subspecies,Animalia,Jamides bochus formosanus,accepted,TRUE
8dcd1a5b-342c-438c-befd-bd3a2fb9550e,infraspecies,Animalia,t0084961,Phengaris atroguttata atroguttata formosana,subspecies,Animalia,Phengaris atroguttata formosana,accepted,TRUE
4d5aa3de-c542-40ab-83e3-2162695c8cc7,infraspecies,Animalia,t0084989,Rapala caerulea caerulea liliacea,subspecies,Animalia,Rapala caerulea liliacea,accepted,TRUE
ea163495-dd97-48e8-a65e-a0d806e90cac,infraspecies,Animalia,t0032424,Rapala manea manea schistacea,subspecies,Animalia,Rapala manea schistacea,accepted,TRUE
2cc9bf0c-ffab-413a-a8b8-827535948fef,infraspecies,Animalia,t0084990,Rapala nissa nissa hirayamana,subspecies,Animalia,Rapala nissa hirayamana,accepted,TRUE
4bb299f7-7208-4a76-8b0e-552ee614f71c,infraspecies,Animalia,t0084991,Rapala varuna varuna formosana,subspecies,Animalia,Rapala varuna formosana,accepted,TRUE
b86f77f0-6d65-4fca-8e17-fdf215584bef,infraspecies,Animalia,t0084567,Satyrium eximium eximium mushanum,subspecies,Animalia,Satyrium eximium mushanum,accepted,TRUE
efcc26f7-d603-42b4-9317-4470e7c818f8,infraspecies,Animalia,t0032995,Spindasis lohita lohita formosanus,subspecies,Animalia,Spindasis lohita formosanus,accepted,TRUE
f37cbe10-29bc-4a94-b096-197e47900c4a,infraspecies,Animalia,t0085017,Tajuria diaeus diaeus karenkonis,subspecies,Animalia,Tajuria diaeus karenkonis,accepted,TRUE
63bd8a67-5c6b-43a9-85fd-b181eac2ff8c,infraspecies,Animalia,t0085018,Tajuria illurgis illurgis tattaka,subspecies,Animalia,Tajuria illurgis tattaka,accepted,TRUE
a3c5f2eb-8aa2-41b9-a9f1-f38f809db1fe,infraspecies,Animalia,t0084570,Tongeia filicaudis filicaudis mushanus,subspecies,Animalia,Tongeia filicaudis mushanus,accepted,TRUE
b860ca9a-7661-4df7-ba69-791ab848e66c,infraspecies,Animalia,t0085052,Zizeeria maha maha okinawana,subspecies,Animalia,Zizeeria maha okinawana,accepted,TRUE
8be691cd-8749-48d5-9d07-829681a89f74,infraspecies,Animalia,t0084575,Zizina otis otis riukuensis,subspecies,Animalia,Zizina otis riukuensis,accepted,TRUE
ddade9c0-73c8-453a-89cd-91586f065e06,infraspecies,Animalia,t0084638,Abisara burnii burnii etymander,subspecies,Animalia,Abisara burnii etymander,accepted,TRUE
1ff9ec72-8ba4-4fb1-a5be-82b21bcf51d9,infraspecies,Animalia,t0057569,Acytolepis puspa puspa myla,subspecies,Animalia,Acytolepis puspa myla,accepted,TRUE
d54d29fa-8550-4371-b410-f3bdb79fc6e2,infraspecies,Animalia,t0084528,Amblopala avidiena avidiena y-fasciatus,subspecies,Animalia,Amblopala avidiena y-fasciatus,accepted,TRUE
9406ad35-b0d1-4e78-bcc7-56c141965586,infraspecies,Animalia,t0084532,Ancema ctesia ctesia cakravasti,subspecies,Animalia,Ancema ctesia cakravasti,accepted,TRUE
423edf5d-4772-47a4-9ef4-71d9fd0ab302,infraspecies,Animalia,t0084670,Araragi enthea enthea morisonensis,subspecies,Animalia,Araragi enthea morisonensis,accepted,TRUE
a174a311-38c8-4f41-b555-64a84fadd077,infraspecies,Animalia,t0084536,Artipe eryx eryx horiella,subspecies,Animalia,Artipe eryx horiella,accepted,TRUE
2c26fd5a-2620-44b4-b5a4-ddbfc5bcf1e2,infraspecies,Animalia,t0084698,Callenya melaena melaena shonen,subspecies,Animalia,Callenya melaena shonen,accepted,TRUE
d680535b-0add-46b9-938d-03a20b232f7e,infraspecies,Animalia,t0030191,Catapaecilma major major moltrechti,subspecies,Animalia,Catapaecilma major moltrechti,accepted,TRUE
cca23524-71e2-474c-8309-ce76d3d4dbe1,infraspecies,Animalia,t0084710,Catochrysops panormus panormus exiguus,subspecies,Animalia,Catochrysops panormus exiguus,accepted,TRUE
790a7cc9-3e6f-44e4-adfc-f6e79c81f372,infraspecies,Animalia,t0084711,Catochrysops strabo strabo luzonensis,subspecies,Animalia,Catochrysops strabo luzonensis,accepted,TRUE
feab64bf-f2ef-4347-9708-3742808766f6,infraspecies,Animalia,t0084713,Catopyrops ancyra ancyra almora,subspecies,Animalia,Catopyrops ancyra almora,accepted,TRUE
5cca0b95-cc94-43ef-b56e-ee3f3b3b4ccb,infraspecies,Animalia,t0084717,Celastrina argiolus argiolus caphis,subspecies,Animalia,Celastrina argiolus caphis,accepted,TRUE
e803c162-718c-4a94-92cd-941ab81580be,infraspecies,Animalia,t0084718,Celastrina lavendularis lavendularis himilcon,subspecies,Animalia,Celastrina lavendularis himilcon,accepted,TRUE
3e991d59-ad34-4315-8a18-7730f9fc9f51,infraspecies,Animalia,t0084542,Celastrina oreas oreas arisana,subspecies,Animalia,Celastrina oreas arisana,accepted,TRUE
8d2ef7c7-552b-40c0-b586-231eb8bf430d,infraspecies,Animalia,t0084719,Celastrina sugitanii sugitanii shirozui,subspecies,Animalia,Celastrina sugitanii shirozui,accepted,TRUE
92d13a2c-8d22-448d-8f4a-350fe11b36a7,infraspecies,Animalia,t0084728,Chilades lajus lajus koshuensis,subspecies,Animalia,Chilades lajus koshuensis,accepted,TRUE
6a7c97c6-b7e5-4e35-bc11-7a90501ba0ce,infraspecies,Animalia,t0084729,Chilades pandava pandava peripatria,subspecies,Animalia,Chilades pandava peripatria,accepted,TRUE
859040e1-ed0b-402b-9ad4-fb3365e20b3a,infraspecies,Animalia,t0084743,Cordelia comes comes wilemaniella,subspecies,Animalia,Cordelia comes wilemaniella,accepted,TRUE
be517edf-2c74-47a7-95c5-9e76cff9d544,infraspecies,Animalia,t0084796,Everes lacturnus lacturnus rileyi,subspecies,Animalia,Everes lacturnus rileyi,accepted,TRUE
355cdc6f-fff6-4bbd-b136-8996e24d4847,infraspecies,Animalia,t0084798,Freyeria putli putli formosanus,subspecies,Animalia,Freyeria putli formosanus,accepted,TRUE
916a3ca5-eb96-4d23-9d83-2d456345aaa9,infraspecies,Animalia,t0084816,Heliophorus ila ila matsumurae,subspecies,Animalia,Heliophorus ila matsumurae,accepted,TRUE
4cba83f4-1861-4369-8c41-6df60772e1a7,infraspecies,Animalia,t0084830,Iratsume orsedice orsedice suzukii,subspecies,Animalia,Iratsume orsedice suzukii,accepted,TRUE
82b2311b-742d-45c1-b5a8-200cd0d364fa,infraspecies,Animalia,t0027861,Megisba malaya malaya sikkima,subspecies,Animalia,Megisba malaya sikkima,accepted,TRUE
740cc381-0e18-45d9-b115-437b73a7b35c,infraspecies,Animalia,t0084877,Nacaduba berenice berenice leei,subspecies,Animalia,Nacaduba berenice leei,accepted,TRUE
69f43c68-c5a7-4c68-8304-2c1e21dbfdce,infraspecies,Animalia,t0084878,Nacaduba beroe beroe asakusa,subspecies,Animalia,Nacaduba beroe asakusa,accepted,TRUE
e2dbefbd-090b-437e-901e-3ddde84c88fa,infraspecies,Animalia,t0084879,Nacaduba kurava kurava therasia,subspecies,Animalia,Nacaduba kurava therasia,accepted,TRUE
131e3db8-c99a-4dd6-bf3e-4af2a41747f9,infraspecies,Animalia,t0028206,Nacaduba pactolus pactolus hainani,subspecies,Animalia,Nacaduba pactolus hainani,accepted,TRUE
498510a0-fec5-4ad9-8bcc-89fac5a21006,infraspecies,Animalia,t0084897,Niphanda fusca fusca formosensis,subspecies,Animalia,Niphanda fusca formosensis,accepted,TRUE
0b4fa9a4-303d-4bfd-909d-997bc235aacf,infraspecies,Animalia,t0084967,Pithecops corvus corvus cornix,subspecies,Animalia,Pithecops corvus cornix,accepted,TRUE
4e6a9a79-8a8b-4d0b-a6d8-9eb1373d78c3,infraspecies,Animalia,t0031938,Pithecops fulgens fulgens urai,subspecies,Animalia,Pithecops fulgens urai,accepted,TRUE
beb325f2-ece4-4ded-99bc-fa39067e00b5,infraspecies,Animalia,t0084981,Prosotas dubiosa dubiosa asbolodes,subspecies,Animalia,Prosotas dubiosa asbolodes,accepted,TRUE
81394896-23e2-4375-b4c8-81e352925d73,infraspecies,Animalia,t0084982,Prosotas gracilis gracilis gracilis,subspecies,Animalia,Prosotas gracilis gracilis,accepted,TRUE
813d2090-92df-4b1c-ab39-f91b91836e87,infraspecies,Animalia,t0032167,Prosotas nora nora formosana,subspecies,Animalia,Prosotas nora formosana,accepted,TRUE
8c61743e-600d-42d1-b4e3-9ad1f9458833,infraspecies,Animalia,t0084997,Sinthusa chandrana chandrana kuyaniana,subspecies,Animalia,Sinthusa chandrana kuyaniana,accepted,TRUE
87d9d4d7-586f-4bf3-9761-753ae49c3adc,infraspecies,Animalia,t0032944,Spalgis epeus epeus dilama,subspecies,Animalia,Spalgis epeus dilama,accepted,TRUE
1c59f5e1-0272-4223-89eb-dbf86d5d07f7,infraspecies,Animalia,t0085024,Taraka hamada hamada thalaba,subspecies,Animalia,Taraka hamada thalaba,accepted,TRUE
28cf60ea-6446-4b11-b157-2f539495a36d,infraspecies,Animalia,t0085039,Ussuriana michaelis michaelis takarana,subspecies,Animalia,Ussuriana michaelis takarana,accepted,TRUE
6d03e1ac-0d6f-4419-94c0-0ac60dd0158a,infraspecies,Animalia,t0084927,Palirisa cervina cervina formosana,subspecies,Animalia,Palirisa cervina formosana,accepted,TRUE
c7e84dc9-6227-4cab-bc49-eadad15ab094,infraspecies,Animalia,t0101496,Dendrolimus kikuchii kikuchii kikuchii,subspecies,Animalia,Dendrolimus kikuchii kikuchii,accepted,TRUE
c085f2b0-d0fc-44cf-8270-d3af2785a1f3,infraspecies,Animalia,t0084795,Euthrix orboy orboy occasialis,subspecies,Animalia,Euthrix orboy occasialis,accepted,TRUE
0c0866bb-86aa-4c30-ba5f-08167a3e60aa,infraspecies,Animalia,t0084801,Gastropacha pardale pardale formosana,subspecies,Animalia,Gastropacha pardale formosana,accepted,TRUE
b50bb32d-148b-4cde-ac78-cc6e0f3ae8f0,infraspecies,Animalia,t0084556,Kunugia undans undans metanastroides,subspecies,Animalia,Kunugia undans metanastroides,accepted,TRUE
122bbb9c-1cd6-41e6-8a66-f6c4aac9d9d7,infraspecies,Animalia,t0031227,Odonestis bheroba bheroba formosae,subspecies,Animalia,Odonestis bheroba formosae,accepted,TRUE
4c82ae1d-bd73-4676-8410-8a9bf86b2742,infraspecies,Animalia,t0101494,Cosmotriche discitincta discitincta discitincta,subspecies,Animalia,Cosmotriche discitincta discitincta,accepted,TRUE
2343316a-5e11-4107-a930-b79f5a7e07c9,infraspecies,Animalia,t0084864,Malacosoma neustria neustria formosana,subspecies,Animalia,Malacosoma neustria formosana,accepted,TRUE
c5fe6bd7-47ef-41ee-b45a-a4602d93c2b5,infraspecies,Animalia,t0031511,Paradoxopla sinuata sinuata taiwana,subspecies,Animalia,Paradoxopla sinuata taiwana,accepted,TRUE
e0ccef51-e2d3-4cb1-a939-5a58da3bb47a,infraspecies,Animalia,t0031525,Paralebeda femorata femorata mirabilis,subspecies,Animalia,Paralebeda femorata mirabilis,accepted,TRUE
91491ae7-a58a-4b45-8dba-192b5ea7221a,infraspecies,Animalia,t0084566,Radhica flavovittata flavovittata taiwanensis,subspecies,Animalia,Radhica flavovittata taiwanensis,accepted,TRUE
3d8e09b1-994b-4cfe-aa22-03a620c22643,infraspecies,Animalia,t0085014,Syrastrena sumatrana sumatrana obliquilinea,subspecies,Animalia,Syrastrena sumatrana obliquilinea,accepted,TRUE
00693901-953c-4d5a-9cb0-74da0317edab,infraspecies,Animalia,t0033237,Takanea excisa excisa excisa,subspecies,Animalia,Takanea excisa excisa,accepted,TRUE
89d01f6f-90fc-4e63-b21a-2fb210d8d810,infraspecies,Animalia,t0033452,Trabala vishnou vishnou guttata,subspecies,Animalia,Trabala vishnou guttata,accepted,TRUE
88fd914a-ae63-45aa-a376-de6c6680f02a,infraspecies,Animalia,t0084673,Argynnis paphia paphia formosicola,subspecies,Animalia,Argynnis paphia formosicola,accepted,TRUE
732308f8-9e4c-4560-9206-1fe49cbc122c,infraspecies,Animalia,t0084682,Limenitis asura asura baelia,subspecies,Animalia,Limenitis asura baelia,accepted,TRUE
2855bca0-6b52-49be-9e18-8d462e2241da,infraspecies,Animalia,t0057828,Athyma cama cama zoroastes,subspecies,Animalia,Athyma cama zoroastes,accepted,TRUE
f55a1cce-db92-43da-85f9-f825b7c6dae7,infraspecies,Animalia,t0084683,Limenitis fortuna fortuna kodahirai,subspecies,Animalia,Limenitis fortuna kodahirai,accepted,TRUE
e8879e45-e87e-4492-b1b8-1477a721ed94,infraspecies,Animalia,t0084684,Limenitis jina jina sauteri,subspecies,Animalia,Limenitis jina sauteri,accepted,TRUE
b311fd69-095a-46c6-b748-d570962711e5,infraspecies,Animalia,t0084685,Athyma opalina opalina hirayamai,subspecies,Animalia,Athyma opalina hirayamai,accepted,TRUE
ffea48d4-fc44-4a46-8e81-a5899d23790e,infraspecies,Animalia,t0057829,Athyma selenophora selenophora laela,subspecies,Animalia,Athyma selenophora laela,accepted,TRUE
08c9c487-0c69-49e7-812e-4a53bd1123b5,infraspecies,Animalia,t0084730,Chitoria ulupi ulupi arakii,subspecies,Animalia,Chitoria ulupi arakii,accepted,TRUE
1cad3ddd-1cc8-4b7a-ad03-5bdb7a6baaf3,infraspecies,Animalia,t0030887,Danaus melanippus melanippus edmondii,subspecies,Animalia,Danaus melanippus edmondii,accepted,TRUE
b18b3591-2ebd-4529-983b-2e9742cb58e7,infraspecies,Animalia,t0084782,Euploea camaralzeman camaralzeman cratis,subspecies,Animalia,Euploea camaralzeman cratis,accepted,TRUE
7709ecd6-7556-4ae7-b851-3ff945283d54,infraspecies,Animalia,t0029093,Euploea core core amymone,subspecies,Animalia,Euploea core amymone,accepted,TRUE
decc7c45-a76b-43d6-8feb-1e4553ae144b,infraspecies,Animalia,t0084783,Euploea eunice eunice botelianus,subspecies,Animalia,Euploea eunice botelianus,accepted,TRUE
8461d5ab-db9d-401f-9414-95190755af19,infraspecies,Animalia,t0084784,Euploea eunice eunice hobsoni,subspecies,Animalia,Euploea eunice hobsoni,accepted,TRUE
c29d6155-515b-420d-9576-c9088f744ef7,infraspecies,Animalia,t0084785,Euploea eunice eunice kadu,subspecies,Animalia,Euploea eunice kadu,accepted,TRUE
a7ea5386-c7b6-4eb2-8fda-413ea1524ba8,infraspecies,Animalia,t0084786,Euploea mulciber mulciber barsine,subspecies,Animalia,Euploea mulciber barsine,accepted,TRUE
0ef0925f-7093-4edb-b1d5-6b5f6bf9dd9d,infraspecies,Animalia,t0084787,Euploea phaenareta phaenareta juvia,subspecies,Animalia,Euploea phaenareta juvia,accepted,TRUE
4af068b5-a83b-4c4e-9d40-e8d4bd6283a1,infraspecies,Animalia,t0029096,Euploea sylvester sylvester swinhoei,subspecies,Animalia,Euploea sylvester swinhoei,accepted,TRUE
3f509cd7-5271-46da-80cc-485698a92a12,infraspecies,Animalia,t0084788,Euploea sylvester sylvester laetifica,subspecies,Animalia,Euploea sylvester laetifica,accepted,TRUE
4dedfa42-473e-477b-b6b7-79b306229928,infraspecies,Animalia,t0084789,Euploea tulliolus tulliolus koxinga,subspecies,Animalia,Euploea tulliolus koxinga,accepted,TRUE
37aa9187-c19c-4ca1-96dd-9e117dcad5f4,infraspecies,Animalia,t0029097,Euploea tulliolus tulliolus pollita,subspecies,Animalia,Euploea tulliolus pollita,accepted,TRUE
78546272-b591-4d1e-a59f-6382744a308e,infraspecies,Animalia,t0084794,Euthalia irrubescens irrubescens fulguralis,subspecies,Animalia,Euthalia irrubescens fulguralis,accepted,TRUE
b8b75a45-ae90-4885-a4d1-02e239fb2b66,infraspecies,Animalia,t0084815,Helcyra superba superba takamukui,subspecies,Animalia,Helcyra superba takamukui,accepted,TRUE
ca26ab0f-eed4-4c01-a4ee-93c7d7844eeb,infraspecies,Animalia,t0029822,Hypolimnas bolina bolina iacintha,subspecies,Animalia,Hypolimnas bolina iacintha,accepted,TRUE
dd8588b4-a4d7-433a-825c-e4b32bca3124,infraspecies,Animalia,t0084553,Hypolimnas bolina bolina kezia,subspecies,Animalia,Hypolimnas bolina kezia,accepted,TRUE
8c24268a-1f33-4e06-8e7a-49f58ee26a37,infraspecies,Animalia,t0084834,Junonia hedonia hedonia ida,subspecies,Animalia,Junonia hedonia ida,accepted,TRUE
ec14007f-b6e6-4a1f-a79f-90d5eed23809,infraspecies,Animalia,t0084835,Junonia lemonias lemonias aenaria,subspecies,Animalia,Junonia lemonias aenaria,accepted,TRUE
8c9be996-13f8-43a9-aa0d-db24c392fb8e,infraspecies,Animalia,t0084840,Lethe butleri butleri periscelis,subspecies,Animalia,Lethe butleri periscelis,accepted,TRUE
492b829b-1e2a-4741-8d80-e81b94088117,infraspecies,Animalia,t0084841,Lethe chandica chandica ratnacri,subspecies,Animalia,Lethe chandica ratnacri,accepted,TRUE
e8d28cb2-f26b-424f-b564-515bc39ebc82,infraspecies,Animalia,t0084842,Lethe christophi christophi hanako,subspecies,Animalia,Lethe christophi hanako,accepted,TRUE
a4cac857-dfcd-46a5-9191-93409f554e88,infraspecies,Animalia,t0084843,Lethe diana diana australis,subspecies,Animalia,Lethe diana australis,accepted,TRUE
cf586905-06e3-44cd-930c-ae50e0d0f602,infraspecies,Animalia,t0084844,Lethe europa europa pavida,subspecies,Animalia,Lethe europa pavida,accepted,TRUE
d814e87c-6825-4baa-9b0e-85d06baa157b,infraspecies,Animalia,t0084845,Lethe gemina gemina zaitha,subspecies,Animalia,Lethe gemina zaitha,accepted,TRUE
2e02c692-9597-4cee-ba56-78d0ddaf651a,infraspecies,Animalia,t0084846,Lethe hyrania hyrania formosana,subspecies,Animalia,Lethe hyrania formosana,accepted,TRUE
a3b11003-c453-4340-969c-0e2966b9039c,infraspecies,Animalia,t0084847,Lethe rohria rohria daemoniaca,subspecies,Animalia,Lethe rohria daemoniaca,accepted,TRUE
a2218f9e-1975-44a1-ba05-c61a5d102194,infraspecies,Animalia,t0084848,Lethe verma verma cintamani,subspecies,Animalia,Lethe verma cintamani,accepted,TRUE
40e49bae-3e95-49f7-b63b-e6a2d22ed09c,infraspecies,Animalia,t0084867,Melanitis phedima phedima polishana,subspecies,Animalia,Melanitis phedima polishana,accepted,TRUE
a9366948-89cd-4d33-998b-c261b0d741a1,infraspecies,Animalia,t0084874,Mycalesis francisca francisca formosana,subspecies,Animalia,Mycalesis francisca formosana,accepted,TRUE
220e2baa-cccf-4533-90f6-620666b5dc72,infraspecies,Animalia,t0084875,Mycalesis gotama gotama nanda,subspecies,Animalia,Mycalesis gotama nanda,accepted,TRUE
b3b08448-6696-434c-9f7f-100e4f0eb1dc,infraspecies,Animalia,t0101596,Mycalesis perseus perseus blasius,subspecies,Animalia,Mycalesis perseus blasius,accepted,TRUE
5e6095b6-30d7-40a0-b9d5-f13f8fdcb244,infraspecies,Animalia,t0084885,Neptis hylas hylas luculenta,subspecies,Animalia,Neptis hylas luculenta,accepted,TRUE
a39a6729-7d86-4813-9b56-4ad5c063b566,infraspecies,Animalia,t0084886,Neptis ilos ilos nirei,subspecies,Animalia,Neptis ilos nirei,accepted,TRUE
11c07c2d-e3bb-4f2b-b646-1556c5256fe0,infraspecies,Animalia,t0031116,Neptis nata nata lutatia,subspecies,Animalia,Neptis nata lutatia,accepted,TRUE
189279c0-a643-4ae7-882c-477c6596cad2,infraspecies,Animalia,t0031117,Neptis noyala noyala ikedai,subspecies,Animalia,Neptis noyala ikedai,accepted,TRUE
9f1850ce-81cd-45f5-a573-c6fc61003d62,infraspecies,Animalia,t0084887,Neptis philyra philyra splendens,subspecies,Animalia,Neptis philyra splendens,accepted,TRUE
23f00930-5338-49f9-b4d0-56d5ae2a553e,infraspecies,Animalia,t0084888,Neptis philyroides philyroides sonani,subspecies,Animalia,Neptis philyroides sonani,accepted,TRUE
2b997004-31ab-4a10-a6c3-1747d85641eb,infraspecies,Animalia,t0084889,Neptis pryeri pryeri jucundita,subspecies,Animalia,Neptis pryeri jucundita,accepted,TRUE
18d008d7-fd33-4b7b-8982-f734c1cbbb62,infraspecies,Animalia,t0084890,Neptis rivularis rivularis bergmanni,subspecies,Animalia,Neptis rivularis bergmanni,accepted,TRUE
d5e7cc75-7d00-466e-aae4-7560bc0fa0c5,infraspecies,Animalia,t0084891,Neptis sankara sankara shirakiana,subspecies,Animalia,Neptis sankara shirakiana,accepted,TRUE
53ba1283-f817-4a1b-8de1-71ee3b2ed499,infraspecies,Animalia,t0084892,Neptis sappho sappho formosana,subspecies,Animalia,Neptis sappho formosana,accepted,TRUE
16f8bbb4-338c-4495-8a1b-81d6d394c50b,infraspecies,Animalia,t0084893,Neptis soma soma tayalina,subspecies,Animalia,Neptis soma tayalina,accepted,TRUE
6b758f1b-7e4a-4529-b30c-a9c860d65f75,infraspecies,Animalia,t0084894,Neptis sylvana sylvana esakii,subspecies,Animalia,Neptis sylvana esakii,accepted,TRUE
0062a415-4e8b-4ba2-a705-c7219a00dc7b,infraspecies,Animalia,t0084948,Parantica aglea aglea maghaba,subspecies,Animalia,Parantica aglea maghaba,accepted,TRUE
a24263f9-95dd-4284-9a73-dbb194c276d6,infraspecies,Animalia,t0031548,Parantica sita sita niphonica,subspecies,Animalia,Parantica sita niphonica,accepted,TRUE
8e59e0f1-9bb4-44a0-bfba-e9659779149f,infraspecies,Animalia,t0032787,Sephisa chandra chandra androdamas,subspecies,Animalia,Sephisa chandra androdamas,accepted,TRUE
9aabb8d7-0f83-498b-a159-23caf98371b9,infraspecies,Animalia,t0085032,Tirumala hamata hamata orientalis,subspecies,Animalia,Tirumala hamata orientalis,accepted,TRUE
849c4aeb-4fa8-44f5-9db3-b77d98fe5c7b,infraspecies,Animalia,t0085033,Tirumala limniace limniace limniace,subspecies,Animalia,Tirumala limniace limniace,accepted,TRUE
d45baf8e-3a15-404b-87f5-4bd4aac79de8,infraspecies,Animalia,t0085034,Tirumala limniace limniace orestilla,subspecies,Animalia,Tirumala limniace orestilla,accepted,TRUE
3e538ada-f285-420f-b52b-c35d787b359f,infraspecies,Animalia,t0028581,Ypthima esakii esakii wangi,subspecies,Animalia,Ypthima esakii wangi,accepted,TRUE
74453ffa-37d5-444b-b91f-cd9374d62832,infraspecies,Animalia,t0085048,Ypthima baldus baldus zodina,subspecies,Animalia,Ypthima baldus zodina,accepted,TRUE
a4e6331f-e9c1-4343-8d01-932a28946a76,infraspecies,Animalia,t0085049,Ypthima norma norma posticalis,subspecies,Animalia,Ypthima norma posticalis,accepted,TRUE
ae7a54c0-09f0-4397-a43d-9501510a650f,infraspecies,Animalia,t0085050,Ypthima praenubila praenubila kanonis,subspecies,Animalia,Ypthima praenubila kanonis,accepted,TRUE
ec447f01-e811-40cd-acd8-64623ab20e21,infraspecies,Animalia,t0085051,Ypthima praenubila praenubila neobilia,subspecies,Animalia,Ypthima praenubila neobilia,accepted,TRUE
5b94626c-1b06-4b53-b28a-edfa533c04ff,infraspecies,Animalia,t0085053,Zophoessa dura dura neoclides,subspecies,Animalia,Zophoessa dura neoclides,accepted,TRUE
5d7aa0ef-b23a-4553-b9a7-75b385d62e0e,infraspecies,Animalia,t0085054,Zophoessa siderea siderea kanoi,subspecies,Animalia,Zophoessa siderea kanoi,accepted,TRUE
1aceedf7-58c2-4bcc-9320-ec623c33671f,infraspecies,Animalia,t0084641,Abrota ganga ganga formosana,subspecies,Animalia,Abrota ganga formosana,accepted,TRUE
eb319101-9c66-4679-8bfe-3f07bb46b8c1,infraspecies,Animalia,t0084646,Telchinia issoria issoria formosana,subspecies,Animalia,Telchinia issoria formosana,accepted,TRUE
16c39381-9207-4c7b-86c2-2c7903e6fe6e,infraspecies,Animalia,t0084662,Apatura ilia ilia nikosia,subspecies,Animalia,Apatura ilia nikosia,accepted,TRUE
45aea6e4-77e3-4dca-9c3d-abbeac3c5750,infraspecies,Animalia,t0084676,Ariadne ariadne ariadne pallidior,subspecies,Animalia,Ariadne ariadne pallidior,accepted,TRUE
55143f68-15e1-41c3-8dbb-302b71b7f6c0,infraspecies,Animalia,t0084690,Boloria pales pales yangi,subspecies,Animalia,Boloria pales yangi,accepted,TRUE
060cc7c0-4f45-47ee-a0e7-3ac61d346a82,infraspecies,Animalia,t0084748,Cyrestis thyodamas thyodamas formosana,subspecies,Animalia,Cyrestis thyodamas formosana,accepted,TRUE
c1bc5a10-791f-4800-b449-ed1e0b2b8f7a,infraspecies,Animalia,t0084756,Dichorragia nesimachus nesimachus formosanus,subspecies,Animalia,Dichorragia nesimachus formosanus,accepted,TRUE
58324b99-16f5-43b2-8ccd-433124995efc,infraspecies,Animalia,t0084759,Discophora sondaica sondaica tulliana,subspecies,Animalia,Discophora sondaica tulliana,accepted,TRUE
149bffa4-31fa-4e3f-848b-c8db5a591dd0,infraspecies,Animalia,t0084761,Doleschallia bisaltide bisaltide philippensis,subspecies,Animalia,Doleschallia bisaltide philippensis,accepted,TRUE
af7832e2-6dd4-4e90-9418-a412cb6c96c4,infraspecies,Animalia,t0028845,Elymnias hypermnestra hypermnestra hainana,subspecies,Animalia,Elymnias hypermnestra hainana,accepted,TRUE
0eeec9ff-1ece-479f-9e75-f0b2eef666d4,infraspecies,Animalia,t0029651,Hestina assimilis assimilis formosana,subspecies,Animalia,Hestina assimilis formosana,accepted,TRUE
4240e3e7-9981-490d-a032-36769e564c9b,infraspecies,Animalia,t0029650,Hestina assimilis assimilis assimilis,subspecies,Animalia,Hestina assimilis assimilis,accepted,TRUE
e87e6139-2a1c-4706-8ad7-5f19aacb859c,infraspecies,Animalia,t0084818,Hestina japonica japonica manja,subspecies,Animalia,Hestina japonica manja,accepted,TRUE
db29cd92-9ae7-41d7-81b8-73200243ae69,infraspecies,Animalia,t0084828,Idea leuconoe leuconoe clara,subspecies,Animalia,Idea leuconoe clara,accepted,TRUE
de9fe7c0-dbb6-4ee5-a354-dda59b8bbe7e,infraspecies,Animalia,t0084829,Idea leuconoe leuconoe kwashotoensis,subspecies,Animalia,Idea leuconoe kwashotoensis,accepted,TRUE
0b3d229b-ba4c-49f7-8e00-7384bb904d82,infraspecies,Animalia,t0084836,Kallima inachus inachus formosana,subspecies,Animalia,Kallima inachus formosana,accepted,TRUE
50dc1c42-f585-4de7-a72f-14bea37fe42e,infraspecies,Animalia,t0084837,Kaniska canace canace drilon,subspecies,Animalia,Kaniska canace drilon,accepted,TRUE
4df5e56b-3b5e-4fc5-8548-5805e20553e9,infraspecies,Animalia,t0084849,Libythea geoffroy geoffroy philippina,subspecies,Animalia,Libythea geoffroy philippina,accepted,TRUE
9c5460e9-248f-4f8d-92cd-ac61c38636d1,infraspecies,Animalia,t0084850,Libythea lepita lepita formosana,subspecies,Animalia,Libythea lepita formosana,accepted,TRUE
0bf5311c-8e88-477e-b02e-24450442ecc9,infraspecies,Animalia,t0084851,Limenitis sulpitia sulpitia tricula,subspecies,Animalia,Limenitis sulpitia tricula,accepted,TRUE
9ca018a2-4038-460c-89f9-16b7a2d6d896,infraspecies,Animalia,t0031063,Neope armandii armandii lacticolora,subspecies,Animalia,Neope armandii lacticolora,accepted,TRUE
bb5744f2-768c-45a7-995b-aee98095e875,infraspecies,Animalia,t0084880,Neope bremeri bremeri watanabei,subspecies,Animalia,Neope bremeri watanabei,accepted,TRUE
d3752ce7-dd88-4ed9-a64a-16093437fd4d,infraspecies,Animalia,t0084882,Neope pulaha pulaha didia,subspecies,Animalia,Neope pulaha didia,accepted,TRUE
3d74436d-204f-451e-877d-2e3f6bb7ea01,infraspecies,Animalia,t0084907,Nymphalis xanthomelas xanthomelas formosana,subspecies,Animalia,Nymphalis xanthomelas formosana,accepted,TRUE
0ab04c1f-e425-4943-8cf6-217daa862452,infraspecies,Animalia,t0084926,Palaeonympha opalina opalina macrophthalmia,subspecies,Animalia,Palaeonympha opalina macrophthalmia,accepted,TRUE
98b97cbe-07f9-4ecb-b561-f486c2d9c9bd,infraspecies,Animalia,t0031471,Pantoporia hordonia hordonia rihodona,subspecies,Animalia,Pantoporia hordonia rihodona,accepted,TRUE
f8f3df7d-4451-4c32-a1b0-3f32c5ba281f,infraspecies,Animalia,t0084949,Limenitis dudu dudu jinamitra,subspecies,Animalia,Limenitis dudu jinamitra,accepted,TRUE
a1cdd640-1eba-46d4-bf62-0009f21df83d,infraspecies,Animalia,t0084950,Parthenos sylvia sylvia philippensis,subspecies,Animalia,Parthenos sylvia philippensis,accepted,TRUE
347bdaf5-9397-43d6-8424-56e8daf266d6,infraspecies,Animalia,t0032056,Polygonia c-album c-album asakurai,subspecies,Animalia,Polygonia c-album asakurai,accepted,TRUE
b1474e55-cc6f-4fb1-8d00-eec7bfc7a40f,infraspecies,Animalia,t0084972,Polygonia c-aureum c-aureum lunulata,subspecies,Animalia,Polygonia c-aureum lunulata,accepted,TRUE
9d187a31-9234-40d1-b0cc-4d586d189f5d,infraspecies,Animalia,t0084976,Charaxes narcaea narcaea meghaduta,subspecies,Animalia,Charaxes narcaea meghaduta,accepted,TRUE
d7bc3d04-5be2-44a8-834a-cf5e5d566747,infraspecies,Animalia,t0084995,Sasakia charonda charonda formosana,subspecies,Animalia,Sasakia charonda formosana,accepted,TRUE
4ea18293-871a-4df2-9422-1fd64bd83353,infraspecies,Animalia,t0085007,Stichophthalma howqua howqua formosana,subspecies,Animalia,Stichophthalma howqua formosana,accepted,TRUE
79165272-b3f9-48a1-80e3-c64598c68062,infraspecies,Animalia,t0085009,Symbrenthia brabira brabira scatinia,subspecies,Animalia,Symbrenthia brabira scatinia,accepted,TRUE
ee8a60d6-705c-4559-b2ce-f6ffa4280ae4,infraspecies,Animalia,t0033144,Symbrenthia lilaea lilaea lilaea,subspecies,Animalia,Symbrenthia lilaea lilaea,accepted,TRUE
a5c16a71-377e-4d4a-8e5f-0955c77f257c,infraspecies,Animalia,t0085031,Timelaea albescens albescens formosana,subspecies,Animalia,Timelaea albescens formosana,accepted,TRUE
999d9524-9e42-400e-8dcc-cab84bc9d3ac,infraspecies,Animalia,t0085047,Yoma sabina sabina podium,subspecies,Animalia,Yoma sabina podium,accepted,TRUE
88ad4b6d-326d-425d-bd4f-d75f1eb151dd,infraspecies,Animalia,t0084931,Papilio agestor agestor matsumurae,subspecies,Animalia,Papilio agestor matsumurae,accepted,TRUE
ac5c9565-4a0a-4e8c-a087-6d33e09de187,infraspecies,Animalia,t0084937,Papilio epycides epycides melanoleucus,subspecies,Animalia,Papilio epycides melanoleucus,accepted,TRUE
e5ddcc39-637d-4af1-9aca-b2ee17909881,infraspecies,Animalia,t0084933,Papilio bianor bianor kotoensis,subspecies,Animalia,Papilio bianor kotoensis,accepted,TRUE
100efaae-56f0-4e45-921a-14e3b308b712,infraspecies,Animalia,t0084934,Papilio bianor bianor thrasymedes,subspecies,Animalia,Papilio bianor thrasymedes,accepted,TRUE
e3d9fb2b-f585-46aa-aa6e-2771392db243,infraspecies,Animalia,t0084935,Papilio castor castor formosanus,subspecies,Animalia,Papilio castor formosanus,accepted,TRUE
5b5a0956-71e9-455b-bf02-693413489467,infraspecies,Animalia,t0084936,Papilio dialis dialis tatsuta,subspecies,Animalia,Papilio dialis tatsuta,accepted,TRUE
1ad4edfb-ac3b-489c-86d2-def5d521ffc2,infraspecies,Animalia,t0084938,Papilio helenus helenus fortunius,subspecies,Animalia,Papilio helenus fortunius,accepted,TRUE
bd297b34-8b6a-4844-990a-290071b13e30,infraspecies,Animalia,t0084939,Papilio machaon machaon sylvina,subspecies,Animalia,Papilio machaon sylvina,accepted,TRUE
631c0341-4ab1-40e1-8a94-a29c72cbe919,infraspecies,Animalia,t0084940,Papilio agenor agenor heronus,subspecies,Animalia,Papilio agenor heronus,accepted,TRUE
222cfef4-4976-426a-9216-eab56249b6db,infraspecies,Animalia,t0084941,Papilio nephelus nephelus chaonulus,subspecies,Animalia,Papilio nephelus chaonulus,accepted,TRUE
5bda7999-2d85-4807-ac2c-8e134e52cdf8,infraspecies,Animalia,t0084944,Papilio polytes polytes ledebouria,subspecies,Animalia,Papilio polytes ledebouria,accepted,TRUE
f15f3495-727b-4d9b-a44b-0f5925e46ce7,infraspecies,Animalia,t0084945,Papilio polytes polytes polytes,subspecies,Animalia,Papilio polytes polytes,accepted,TRUE
ae388ad5-8a9c-4e1c-b07c-2836a49a5e90,infraspecies,Animalia,t0084947,Papilio protenor protenor protenor,subspecies,Animalia,Papilio protenor protenor,accepted,TRUE
47b4ff50-05ed-4153-a075-c8fb8cdf5e9c,infraspecies,Animalia,t0084946,Papilio protenor protenor liukiuensis,subspecies,Animalia,Papilio protenor liukiuensis,accepted,TRUE
f63b489a-0daf-4d23-a912-a8a3232d50aa,infraspecies,Animalia,t0084572,Troides aeacus aeacus kaguya,subspecies,Animalia,Troides aeacus kaguya,accepted,TRUE
1685f070-42f9-4252-8c42-f9e406600d27,infraspecies,Animalia,t0085037,Troides magellanus magellanus sonani,subspecies,Animalia,Troides magellanus sonani,accepted,TRUE
2bc0f2fa-1aae-4d10-a801-a5f40e49b3b0,infraspecies,Animalia,t0084540,Byasa confusus confusus mansonensis,subspecies,Animalia,Byasa confusus mansonensis,accepted,TRUE
10c0b29f-931d-4fce-8ee9-a0ea4c9bee83,infraspecies,Animalia,t0084695,Byasa impediens impediens febanus,subspecies,Animalia,Byasa impediens febanus,accepted,TRUE
ada1a86f-f434-4fc8-a20d-9fb66d288ddd,infraspecies,Animalia,t0084696,Byasa polyeuctes polyeuctes termessus,subspecies,Animalia,Byasa polyeuctes termessus,accepted,TRUE
c7d6e587-7f04-4ade-abc7-a8a438ba7850,infraspecies,Animalia,t0084856,Luehdorfia japonica japonica formosana,subspecies,Animalia,Luehdorfia japonica formosana,accepted,TRUE
e62425bb-7026-4f58-9849-d8df3c7ed1db,infraspecies,Animalia,t0084925,Pachliopta aristolochiae aristolochiae interpositus,subspecies,Animalia,Pachliopta aristolochiae interpositus,accepted,TRUE
285631be-365e-4a35-9494-f2d67ea78b1e,infraspecies,Animalia,t0029399,Graphium eurous eurous asakurae,subspecies,Animalia,Graphium eurous asakurae,accepted,TRUE
169578e3-e871-4ada-9f61-7409ebbd32bd,infraspecies,Animalia,t0084804,Graphium cloanthus cloanthus kuge,subspecies,Animalia,Graphium cloanthus kuge,accepted,TRUE
60921cf3-00b7-498f-9a4c-424a1ac785d0,infraspecies,Animalia,t0084805,Graphium doson doson postianus,subspecies,Animalia,Graphium doson postianus,accepted,TRUE
ac871f8b-22a9-4e6d-b425-0c39ee6bc4ac,infraspecies,Animalia,t0084807,Graphium sarpedon sarpedon connectens,subspecies,Animalia,Graphium sarpedon connectens,accepted,TRUE
5d15239a-8953-4e47-a5e6-4f495c6d4049,infraspecies,Animalia,t0084539,Bombyx mandarina mandarina formosana,subspecies,Animalia,Bombyx mandarina formosana,accepted,TRUE
7523932e-7059-4b54-91d5-33416a5a0af2,infraspecies,Animalia,t0084712,Catopsilia scylla scylla cornelia,subspecies,Animalia,Catopsilia scylla cornelia,accepted,TRUE
ec115102-50c8-42b8-a39e-5a3122ae5ca4,infraspecies,Animalia,t0029103,Eurema alitha alitha esakii,subspecies,Animalia,Eurema alitha esakii,accepted,TRUE
2e9f47cd-ef50-4846-ae33-0fc284c40e20,infraspecies,Animalia,t0084792,Eurema andersoni andersoni godana,subspecies,Animalia,Eurema andersoni godana,accepted,TRUE
36b68572-eecb-4813-ac64-c631b7961c82,infraspecies,Animalia,t0084548,Eurema blanda blanda arsakia,subspecies,Animalia,Eurema blanda arsakia,accepted,TRUE
3dfad919-1c28-4477-a4e2-f67be832b4f2,infraspecies,Animalia,t0029104,Eurema drona drona hainana,subspecies,Animalia,Eurema drona hainana,accepted,TRUE
f81dd4dc-11cc-4b58-95dc-8d28e9f4e8e5,infraspecies,Animalia,t0084793,Eurema laeta laeta punctissima,subspecies,Animalia,Eurema laeta punctissima,accepted,TRUE
4fdeff5b-dbc4-44a5-bf35-8872cf6abc17,infraspecies,Animalia,t0084803,Gonepteryx amintha amintha formosana,subspecies,Animalia,Gonepteryx amintha formosana,accepted,TRUE
d85b2ead-1197-4b2c-a119-2b2b836c1166,infraspecies,Animalia,t0084965,Pieris rapae rapae crucivora,subspecies,Animalia,Pieris rapae crucivora,accepted,TRUE
a4f4cd9a-2b1b-4c1f-8431-ed2165fc65c3,infraspecies,Animalia,t0084979,Prioneris thestylis thestylis formosana,subspecies,Animalia,Prioneris thestylis formosana,accepted,TRUE
7bf52ad4-4f4e-46b3-a827-5ad65e7b160e,infraspecies,Animalia,t0084533,Aporia genestieri genestieri insularis,subspecies,Animalia,Aporia genestieri insularis,accepted,TRUE
1b97f4c9-1d7f-410e-acd5-1230cc66da6d,infraspecies,Animalia,t0084665,Aporia kuangtungensis kuangtungensis cheni,subspecies,Animalia,Aporia kuangtungensis cheni,accepted,TRUE
9a8d93b7-3567-4a22-b463-b7ff1215c69e,infraspecies,Animalia,t0057722,Appias albina albina semperi,subspecies,Animalia,Appias albina semperi,accepted,TRUE
e3cd6370-45ad-4cc6-bc88-7580af32b3a3,infraspecies,Animalia,t0084666,Appias indra indra aristoxemus,subspecies,Animalia,Appias indra aristoxemus,accepted,TRUE
d2af9109-5aba-48ec-b430-044937d52ea0,infraspecies,Animalia,t0057723,Appias lyncida lyncida eleonora,subspecies,Animalia,Appias lyncida eleonora,accepted,TRUE
77c0ed9e-01b6-4b71-a8f2-b38472d6375c,infraspecies,Animalia,t0084667,Appias nero nero domitia,subspecies,Animalia,Appias nero domitia,accepted,TRUE
b1480384-a0a8-4b51-8f50-6c11b0cb0a80,infraspecies,Animalia,t0084668,Appias olferna olferna peducaea,subspecies,Animalia,Appias olferna peducaea,accepted,TRUE
255deae2-10d9-4ad9-81ce-ede56adbd7c8,infraspecies,Animalia,t0084669,Appias paulina paulina minato,subspecies,Animalia,Appias paulina minato,accepted,TRUE
c0dd97ca-82c3-4ae3-93d0-94d64d58cdab,infraspecies,Animalia,t0084720,Cepora iudith iudith olga,subspecies,Animalia,Cepora iudith olga,accepted,TRUE
2198ab8c-ced3-4267-b10c-d1a5e9f879ad,infraspecies,Animalia,t0084721,Cepora nadina nadina eunama,subspecies,Animalia,Cepora nadina eunama,accepted,TRUE
6fee91d5-c660-4de8-86a7-8b2c898f208d,infraspecies,Animalia,t0084722,Cepora nerissa nerissa cibyra,subspecies,Animalia,Cepora nerissa cibyra,accepted,TRUE
0961e5c4-8ffc-4fc8-9f87-9e41ad21f83c,infraspecies,Animalia,t0084739,Colias erate erate formosana,subspecies,Animalia,Colias erate formosana,accepted,TRUE
d18ca08b-aeeb-43a1-9e14-5f6ce1f2bfc2,infraspecies,Animalia,t0030921,Delias berinda berinda wilemani,subspecies,Animalia,Delias berinda wilemani,accepted,TRUE
47719293-0952-4bfb-9d62-def792b7d793,infraspecies,Animalia,t0084750,Delias hyparete hyparete luzonensis,subspecies,Animalia,Delias hyparete luzonensis,accepted,TRUE
0ca8228e-d5c6-4595-93b6-00cff70bca49,infraspecies,Animalia,t0084751,Delias lativitta lativitta formosana,subspecies,Animalia,Delias lativitta formosana,accepted,TRUE
61a387f0-fd8c-4be3-90f1-22aa96ec6d5c,infraspecies,Animalia,t0084752,Delias pasithoe pasithoe curasena,subspecies,Animalia,Delias pasithoe curasena,accepted,TRUE
c77a7eb7-06ba-4896-bffc-52d2853df18a,infraspecies,Animalia,t0084814,Hebomoia glaucippe glaucippe formosana,subspecies,Animalia,Hebomoia glaucippe formosana,accepted,TRUE
afba83cc-4666-4573-a1dc-4788995ccaca,infraspecies,Animalia,t0027176,Ixias pyrene pyrene insignis,subspecies,Animalia,Ixias pyrene insignis,accepted,TRUE
461d4b03-18a8-4d87-8a3f-775d25b0e794,infraspecies,Animalia,t0027412,Leptosia nina nina niobe,subspecies,Animalia,Leptosia nina niobe,accepted,TRUE
870c64f3-7c5c-471a-af8e-792604a4bf1e,infraspecies,Animalia,t0084994,Saletara panda panda nathalia,subspecies,Animalia,Saletara panda nathalia,accepted,TRUE
d8760853-dcba-4859-8632-e5b22ed97608,infraspecies,Animalia,t0085020,Talbotia naganum naganum karumii,subspecies,Animalia,Talbotia naganum karumii,accepted,TRUE
640a05ed-4f34-44ac-99a2-cb1084888be3,infraspecies,Animalia,t0101488,Melittia sangaica sangaica sangaica,subspecies,Animalia,Melittia sangaica sangaica,accepted,TRUE
e086724a-2f1a-4594-9ee3-66dba87651ef,infraspecies,Animalia,t0084768,Epicopeia hainesii hainesii matsumurai,subspecies,Animalia,Epicopeia hainesii matsumurai,accepted,TRUE
251e26ae-2292-484e-84c8-39abb60b63f0,infraspecies,Animalia,t0084693,Brahmaea wallichii wallichii insulata,subspecies,Animalia,Brahmaea wallichii insulata,accepted,TRUE
1b678a21-066e-4bb9-9182-f6d99edeb7f6,infraspecies,Animalia,t0031931,Pinnaspis aspidistrae aspidistrae aspidistrae,subspecies,Animalia,Pinnaspis aspidistrae aspidistrae,accepted,TRUE
b6141138-6abb-45d8-9af2-cb4e3366c7f7,infraspecies,Animalia,t0032231,Pseudaulacaspis prunicola prunicola prunicola,subspecies,Animalia,Pseudaulacaspis prunicola prunicola,accepted,TRUE
e4ac639e-2e3b-4180-b955-2d36d49a5ded,infraspecies,Animalia,t0085725,Haematoloecha nigrorubra nigrorubra conspicua,subspecies,Animalia,Haematoloecha nigrorubra conspicua,accepted,TRUE
f4d5affc-1775-4f1b-9085-fc8bc3a48269,infraspecies,Animalia,t0086142,Polytoxus rufinervis rufinervis ardens,subspecies,Animalia,Polytoxus rufinervis ardens,accepted,TRUE
b74d8780-973d-4676-98ed-f4dff44717f9,infraspecies,Animalia,t0085716,Gralliclava horrens horrens horrens,subspecies,Animalia,Gralliclava horrens horrens,accepted,TRUE
9f55cecc-0a04-4cb7-b048-369d03cb8c65,infraspecies,Animalia,t0087503,Bothrogonia ferruginea ferruginea var. apicalis,variety,Animalia,Bothrogonia ferruginea var. apicalis,accepted,TRUE
dbed5503-5a44-4e5c-affe-316ba656c5e3,infraspecies,Animalia,t0085553,Dayus takagii takagii takagii,subspecies,Animalia,Dayus takagii takagii,accepted,TRUE
9987f3d0-377f-485e-94bf-f3ddd66e7e2a,infraspecies,Animalia,t0085701,Geocoris flaviceps flaviceps fenestellus,subspecies,Animalia,Geocoris flaviceps fenestellus,accepted,TRUE
b267c2ae-e746-4e6a-bcc2-280ee24cd9d9,infraspecies,Animalia,t0085702,Geocoris pallidipennis pallidipennis scissilis,subspecies,Animalia,Geocoris pallidipennis scissilis,accepted,TRUE
7f08d61b-29a9-468b-8f72-b54291a5a46e,infraspecies,Animalia,t0086010,Oncopeltus nigriceps nigriceps nigriceps,subspecies,Animalia,Oncopeltus nigriceps nigriceps,accepted,TRUE
acbacbbb-e1e8-4202-a1f2-42f07195ae66,infraspecies,Animalia,t0086040,Oxycarenus bicolor bicolor bicolor,subspecies,Animalia,Oxycarenus bicolor bicolor,accepted,TRUE
869fa77b-eb9e-4b72-b57c-94220013c0c4,infraspecies,Animalia,t0086041,Pachygrontha bipunctata bipunctata bipunctata,subspecies,Animalia,Pachygrontha bipunctata bipunctata,accepted,TRUE
526501d9-ac02-4e67-9bef-401a9aa39d2b,infraspecies,Animalia,t0085718,Graptostethus servus servus servus,subspecies,Animalia,Graptostethus servus servus,accepted,TRUE
8d24ebdf-03d0-40af-88ee-0e6154224d5f,infraspecies,Animalia,t0085990,Nysius ericae ericae ericae,subspecies,Animalia,Nysius ericae ericae,accepted,TRUE
3ae5eb17-59bd-4409-888f-9d59adc758bc,infraspecies,Animalia,t0086042,Pachyphlegyas modigliani modigliani modigliani,subspecies,Animalia,Pachyphlegyas modigliani modigliani,accepted,TRUE
a27003e9-5d64-4d16-af50-f89ec8aeb947,infraspecies,Animalia,t0086265,Spilostethus hospes hospes hospes,subspecies,Animalia,Spilostethus hospes hospes,accepted,TRUE
f078d87f-0869-4fc9-9957-236142469758,infraspecies,Animalia,t0086205,Reticulaphis distylii distylii oveolate,subspecies,Animalia,Reticulaphis distylii oveolate,accepted,TRUE
a21ae1e6-d572-488b-ab82-8247788009b6,infraspecies,Animalia,t0029745,Horcoma colorata colorata lacteipennis,subspecies,Animalia,Horcoma colorata lacteipennis,accepted,TRUE
1ca8f6ea-ae6b-4532-b441-4535e9ad3f1a,infraspecies,Animalia,t0085719,Greenidea nigra nigra kanzanensis,subspecies,Animalia,Greenidea nigra kanzanensis,accepted,TRUE
ecb44f8e-df59-47dc-a780-6b0b4728f56e,infraspecies,Animalia,t0085593,Dysdercus cingulatus cingulatus cingulatus,subspecies,Animalia,Dysdercus cingulatus cingulatus,accepted,TRUE
7aa1169f-519c-495e-8267-316b7900dbb4,infraspecies,Animalia,t0087515,Philagra fusiformis fusiformis var. numerosa,variety,Animalia,Philagra fusiformis var. numerosa,accepted,TRUE
a9dca6d0-7027-4d2e-93f9-2ec147700046,infraspecies,Animalia,t0086218,Russellaspis pustulans pustulans pustulans,subspecies,Animalia,Russellaspis pustulans pustulans,accepted,TRUE
c0247359-2623-4a25-8b25-b4094bc557eb,infraspecies,Animalia,t0087509,Cosmoscarta bispecularis bispecularis var. formosana,variety,Animalia,Cosmoscarta bispecularis var. formosana,accepted,TRUE
3d44aebf-a808-406a-9f07-92efc26f5b01,infraspecies,Animalia,t0087510,Cosmoscarta rubroscutellata rubroscutellata var. ater,variety,Animalia,Cosmoscarta rubroscutellata var. ater,accepted,TRUE
5a5bcc8a-04da-4f90-9735-563bd9d30ec2,infraspecies,Animalia,t0087513,Cosmoscarta uchidae uchidae ratonis,subspecies,Animalia,Cosmoscarta uchidae ratonis,accepted,TRUE
a15cca81-b949-49dc-bc3d-5204dbff8726,infraspecies,Animalia,t0086343,Tetraneura akinire akinire shanxiensis,subspecies,Animalia,Tetraneura akinire shanxiensis,accepted,TRUE
ce6b3a2b-6e71-4eff-926b-ee3302a2d55f,infraspecies,Animalia,t0085368,Calliphara excellens excellens excellens,subspecies,Animalia,Calliphara excellens excellens,accepted,TRUE
18778b4c-a535-482a-9df9-75aa13d1d5b8,infraspecies,Animalia,t0030603,Coccus hesperidum hesperidum hesperidum,subspecies,Animalia,Coccus hesperidum hesperidum,accepted,TRUE
964c4752-bb0f-42bc-9f84-3a297b86bf45,infraspecies,Animalia,t0086057,Paralecanium expansum expansum expansum,subspecies,Animalia,Paralecanium expansum expansum,accepted,TRUE
4866a0a6-2121-4ec2-a092-fdd2a2d2c8bf,infraspecies,Animalia,t0029852,Icerya purchasi purchasi purchasi,subspecies,Animalia,Icerya purchasi purchasi,accepted,TRUE
f5cc4278-5a8c-42be-87dc-142c372ea3ad,infraspecies,Animalia,t0029853,Icerya seychellarum seychellarum seychellarum,subspecies,Animalia,Icerya seychellarum seychellarum,accepted,TRUE
a8d0da08-e1f8-4fba-b201-b8470f5320a5,infraspecies,Animalia,t0027402,Leptocoris abdominalis abdominalis abdominalis,subspecies,Animalia,Leptocoris abdominalis abdominalis,accepted,TRUE
c82ec313-19c0-475d-bc95-3f696af6fd3f,infraspecies,Animalia,t0085788,Kerria lacca lacca lacca,subspecies,Animalia,Kerria lacca lacca,accepted,TRUE
1d3a2f83-09b3-4a7a-af7b-ae16624cd1df,infraspecies,Animalia,t0085924,Mindura subfasciata subfasciata kotoshonis,subspecies,Animalia,Mindura subfasciata kotoshonis,accepted,TRUE
65a2be73-c803-4b07-bb03-db69184c11e9,infraspecies,Animalia,t0086112,Physopelta gutta gutta gutta,subspecies,Animalia,Physopelta gutta gutta,accepted,TRUE
4be71eed-0221-42cf-a86b-793a07bf8fd3,infraspecies,Animalia,t0085149,Abeleses formosanus formosanus notatus,subspecies,Animalia,Abeleses formosanus notatus,accepted,TRUE
d7236251-25bf-4dfb-bad6-ade970927d1d,infraspecies,Animalia,t0085294,Athalia rosae rosae ruficornis,subspecies,Animalia,Athalia rosae ruficornis,accepted,TRUE
a660a574-3dcf-406e-bd65-4e5539dcf1d3,infraspecies,Animalia,t0085295,Athlophorus perplexus perplexus formosacola,subspecies,Animalia,Athlophorus perplexus formosacola,accepted,TRUE
10dc6ca4-381a-4af1-99fa-b0b3f53d347c,infraspecies,Animalia,t0085296,Athlophorus perplexus perplexus pallidus,subspecies,Animalia,Athlophorus perplexus pallidus,accepted,TRUE
5b45ec1a-e5ad-47bc-ab13-757f9e464196,infraspecies,Animalia,t0085297,Athlophorus perplexus perplexus ruficornis,subspecies,Animalia,Athlophorus perplexus ruficornis,accepted,TRUE
ce58ee32-ab9f-4e8b-9ef7-5397a698f7ee,infraspecies,Animalia,t0085298,Athlophorus perplexus perplexus sauteri,subspecies,Animalia,Athlophorus perplexus sauteri,accepted,TRUE
bc11ce37-d6fa-40d8-b4da-787a62e4e6e1,infraspecies,Animalia,t0085791,Lagidina platycerus platycerus taiwana,subspecies,Animalia,Lagidina platycerus taiwana,accepted,TRUE
490119ea-978e-4018-9f40-5d7ac3de70ec,infraspecies,Animalia,t0086334,Tenthredopsis insularis insularis fuscicornis,subspecies,Animalia,Tenthredopsis insularis fuscicornis,accepted,TRUE
fc118995-fad0-423c-b11e-b54964d35370,infraspecies,Animalia,t0086335,Tenthredopsis insularis insularis insularis,subspecies,Animalia,Tenthredopsis insularis insularis,accepted,TRUE
655b8f65-a6cf-4a83-800b-23c3826b7713,infraspecies,Animalia,t0085185,Aenictus longi longi taivanae,subspecies,Animalia,Aenictus longi taivanae,accepted,TRUE
3093d77c-df81-4b03-ad35-fb4e09c3e5da,infraspecies,Animalia,t0085377,Camponotus friedae friedae amius,subspecies,Animalia,Camponotus friedae amius,accepted,TRUE
7b566b18-a18c-4d11-a25f-f5478396e885,infraspecies,Animalia,t0085376,Camponotus carin carin tipuna,subspecies,Animalia,Camponotus carin tipuna,accepted,TRUE
ff28604d-2800-41cb-949f-6ffe0456e802,infraspecies,Animalia,t0085378,Camponotus rothneyi rothneyi tainvanae,subspecies,Animalia,Camponotus rothneyi tainvanae,accepted,TRUE
8118f0d1-624f-4b47-9716-a5cdcff30fbc,infraspecies,Animalia,t0085379,Camponotus variegatus variegatus dulcis,subspecies,Animalia,Camponotus variegatus dulcis,accepted,TRUE
44ee1870-1f63-4be9-9685-27a19884fe15,infraspecies,Animalia,t0085504,Crematogaster popohana popohana amia,subspecies,Animalia,Crematogaster popohana amia,accepted,TRUE
fa972b93-6778-45c8-9f5b-19325ddb5afb,infraspecies,Animalia,t0085503,Crematogaster pia pia taivanae,subspecies,Animalia,Crematogaster pia taivanae,accepted,TRUE
e0628dd3-bbf4-442d-bfc2-77622128201e,infraspecies,Animalia,t0085505,Crematogaster subnuda subnuda nigrosubnuda,subspecies,Animalia,Crematogaster subnuda nigrosubnuda,accepted,TRUE
a01912dd-e19e-4188-b834-685490988894,infraspecies,Animalia,t0085506,Crematogaster treubi treubi apilis,subspecies,Animalia,Crematogaster treubi apilis,accepted,TRUE
8f189764-9cd6-4bd7-89dd-030e9f032b42,infraspecies,Animalia,t0085678,Formica candida candida formosae,subspecies,Animalia,Formica candida formosae,accepted,TRUE
1628a6ee-3fff-4a48-ad31-223ffa601844,infraspecies,Animalia,t0085784,Iridomyrmex bicknelli bicknelli formosae,subspecies,Animalia,Iridomyrmex bicknelli formosae,accepted,TRUE
308c311a-a4b0-4569-a6b2-291ee7d1e0cd,infraspecies,Animalia,t0085825,Lepisiota rothneyi rothneyi taivanae,subspecies,Animalia,Lepisiota rothneyi taivanae,accepted,TRUE
e686a1bc-88ae-4e73-becb-53ad931d0597,infraspecies,Animalia,t0086175,Pseudolasius binghami binghami taivanae,subspecies,Animalia,Pseudolasius binghami taivanae,accepted,TRUE
8cfa3e63-1072-41cd-88ca-ced62f3cc59b,infraspecies,Animalia,t0086330,Technomyrmex modiglianii modiglianii angustior,subspecies,Animalia,Technomyrmex modiglianii angustior,accepted,TRUE
cbb5a5a1-68d6-4078-9004-1e5d0e2a126c,infraspecies,Animalia,t0085341,Bothriomyrmex wroughtoni wroughtoni formosensis,subspecies,Animalia,Bothriomyrmex wroughtoni formosensis,accepted,TRUE
d0178b98-3555-456b-8e1f-dd41646bb375,infraspecies,Animalia,t0085452,Chronoxenus wroughtonii wroughtonii formosensis,subspecies,Animalia,Chronoxenus wroughtonii formosensis,accepted,TRUE
d2645499-d39d-41e7-9a78-285f727993d5,infraspecies,Animalia,t0085174,Acropimpla nigrescens nigrescens nigrescens,subspecies,Animalia,Acropimpla nigrescens nigrescens,accepted,TRUE
e4ce904a-eadd-41ac-8e47-401e34edd911,infraspecies,Animalia,t0085196,Aglaojoppa caeruleodorsata caeruleodorsata sauteri,subspecies,Animalia,Aglaojoppa caeruleodorsata sauteri,accepted,TRUE
e30587e7-f88f-4716-a04b-452f8ab30d68,infraspecies,Animalia,t0085293,Atanyjoppa rufomaculata rufomaculata formosana,subspecies,Animalia,Atanyjoppa rufomaculata formosana,accepted,TRUE
de575c11-2af2-435d-904a-591b64d4501f,infraspecies,Animalia,t0085380,Campoplex septentrionalis septentrionalis septentrionalis,subspecies,Animalia,Campoplex septentrionalis septentrionalis,accepted,TRUE
771531dc-2e7b-4b61-a512-53d0fc3739c5,infraspecies,Animalia,t0085393,Casinaria formosana formosana formosana,subspecies,Animalia,Casinaria formosana formosana,accepted,TRUE
8417c3cc-4b3c-4911-aa50-d05375343efb,infraspecies,Animalia,t0085394,Casinaria leo leo rufipedalis,subspecies,Animalia,Casinaria leo rufipedalis,accepted,TRUE
9a4dfd90-776e-4ad4-8f7e-cfc0f773b9df,infraspecies,Animalia,t0085395,Casinaria pedunculata pedunculata pedunculata,subspecies,Animalia,Casinaria pedunculata pedunculata,accepted,TRUE
8612af50-bbec-4c4a-9b76-9c3fb5d4d45c,infraspecies,Animalia,t0085475,Colpotrochia pilosa pilosa pilosa,subspecies,Animalia,Colpotrochia pilosa pilosa,accepted,TRUE
8630dc60-5814-4b97-b7d4-ba268de49bfe,infraspecies,Animalia,t0085594,Eccoptosage shizoaspis shizoaspis unicolor,subspecies,Animalia,Eccoptosage shizoaspis unicolor,accepted,TRUE
4ca5ab48-bf64-4862-915d-ad76655fb195,infraspecies,Animalia,t0085647,Eugalta strigosa strigosa rufithorax,subspecies,Animalia,Eugalta strigosa rufithorax,accepted,TRUE
4154ce89-d4e5-4a30-b936-3e5dd2547aad,infraspecies,Animalia,t0085826,Leptobatopsis nigra nigra nigra,subspecies,Animalia,Leptobatopsis nigra nigra,accepted,TRUE
abf6b0ad-ad00-48fc-9ef8-917dbc5bbe7a,infraspecies,Animalia,t0085882,Megarhyssa praecellens praecellens superbiens,subspecies,Animalia,Megarhyssa praecellens superbiens,accepted,TRUE
b8785e2b-3d8b-4089-8c4c-a45bf562d05d,infraspecies,Animalia,t0085909,Metopius dissectorius dissectorius taiwanensis,subspecies,Animalia,Metopius dissectorius taiwanensis,accepted,TRUE
48ccbc4a-0295-4a23-85f0-ea3df74150e4,infraspecies,Animalia,t0031103,Neotypus nobilitator nobilitator orientalis,subspecies,Animalia,Neotypus nobilitator orientalis,accepted,TRUE
ab3e482e-1403-4f5d-a82f-380a1db1e036,infraspecies,Animalia,t0085979,Nomosphecia zebroides zebroides indicus,subspecies,Animalia,Nomosphecia zebroides indicus,accepted,TRUE
21aa108d-7705-4d70-b81d-c84128da1fb3,infraspecies,Animalia,t0086296,Stirexephanes signatus signatus formosanus,subspecies,Animalia,Stirexephanes signatus formosanus,accepted,TRUE
70a3742d-d7e5-47f0-8ab2-12c4db245862,infraspecies,Animalia,t0086354,Theronia clathrata clathrata clathrata,subspecies,Animalia,Theronia clathrata clathrata,accepted,TRUE
1a004850-4058-4da8-a7d0-9df557357ce1,infraspecies,Animalia,t0086355,Theronia zebra zebra diluta,subspecies,Animalia,Theronia zebra diluta,accepted,TRUE
e47dd0a1-eff8-4607-905d-087abe739881,infraspecies,Animalia,t0086423,Xanthopimpla appendicularis appendicularis sonani,subspecies,Animalia,Xanthopimpla appendicularis sonani,accepted,TRUE
39b95c4c-cbd7-456c-a646-06c3f00ab875,infraspecies,Animalia,t0086424,Xanthopimpla brachycentra brachycentra brachycentra,subspecies,Animalia,Xanthopimpla brachycentra brachycentra,accepted,TRUE
e3d85113-6338-431b-86d0-8c64d4447759,infraspecies,Animalia,t0086425,Xanthopimpla brevicauda brevicauda brevicauda,subspecies,Animalia,Xanthopimpla brevicauda brevicauda,accepted,TRUE
69ebc9d1-5cd6-470a-ac2b-a2a7931f606c,infraspecies,Animalia,t0086426,Xanthopimpla decurtata decurtata detruncata,subspecies,Animalia,Xanthopimpla decurtata detruncata,accepted,TRUE
4755c2af-f2ed-4fdf-9c7b-134f9d95c663,infraspecies,Animalia,t0086427,Xanthopimpla elegans elegans insulana,subspecies,Animalia,Xanthopimpla elegans insulana,accepted,TRUE
85bede69-7ced-469c-be0c-af2f54eb67aa,infraspecies,Animalia,t0086428,Xanthopimpla honorata honorata honorata,subspecies,Animalia,Xanthopimpla honorata honorata,accepted,TRUE
b1ab7731-7761-48b8-a9f2-2ea967f4706a,infraspecies,Animalia,t0086429,Xanthopimpla minuta minuta minuta,subspecies,Animalia,Xanthopimpla minuta minuta,accepted,TRUE
7348dfaf-90ec-4985-bf41-34aa0526568e,infraspecies,Animalia,t0086430,Xanthopimpla modesta modesta modesta,subspecies,Animalia,Xanthopimpla modesta modesta,accepted,TRUE
459719cd-09e9-43e7-a870-21d6ee65f7bc,infraspecies,Animalia,t0086431,Xanthopimpla nana nana aequabilis,subspecies,Animalia,Xanthopimpla nana aequabilis,accepted,TRUE
41cbd3bf-1985-4d56-bf3c-7a5a8d9df6e6,infraspecies,Animalia,t0086432,Xanthopimpla ochracea ochracea yami,subspecies,Animalia,Xanthopimpla ochracea yami,accepted,TRUE
8eaffbc6-afc3-48dd-92b9-421f673775c7,infraspecies,Animalia,t0086433,Xanthopimpla pleuralis pleuralis pleuralis,subspecies,Animalia,Xanthopimpla pleuralis pleuralis,accepted,TRUE
f9225caf-bd92-454e-a4bd-2a9e58878be4,infraspecies,Animalia,t0086434,Xanthopimpla trunca trunca pallipes,subspecies,Animalia,Xanthopimpla trunca pallipes,accepted,TRUE
1e4b95e5-e61a-4494-a94e-cc6cbd6ad989,infraspecies,Animalia,t0085175,Acroricnus ambulator ambulator ambulator,subspecies,Animalia,Acroricnus ambulator ambulator,accepted,TRUE
c5fb09a0-e773-4423-9588-16f92fff1677,infraspecies,Animalia,t0085176,Acroricnus ambulator ambulator rufiabdominalis,subspecies,Animalia,Acroricnus ambulator rufiabdominalis,accepted,TRUE
08d50058-aba9-49b0-9172-55c284f7ba62,infraspecies,Animalia,t0085193,Afrephialtes laetiventris laetiventris laetiventris,subspecies,Animalia,Afrephialtes laetiventris laetiventris,accepted,TRUE
b93807a9-9bef-4ff5-b3f2-f66cbcb0285b,infraspecies,Animalia,t0085194,Afrephialtes latisulcatus latisulcatus latisulcatus,subspecies,Animalia,Afrephialtes latisulcatus latisulcatus,accepted,TRUE
46ef236a-94f0-495b-afc2-5628fe4a2669,infraspecies,Animalia,t0085195,Afrephialtes taiwanus taiwanus taiwanus,subspecies,Animalia,Afrephialtes taiwanus taiwanus,accepted,TRUE
b337dd2b-bafd-40a3-8210-9d6cfbe825bd,infraspecies,Animalia,t0085209,Allonotus politus politus sauteri,subspecies,Animalia,Allonotus politus sauteri,accepted,TRUE
cfc40369-e10d-4fe9-98d0-d1ff4f6fd12b,infraspecies,Animalia,t0085212,Amauromorpha accepta accepta schoenobii,subspecies,Animalia,Amauromorpha accepta schoenobii,accepted,TRUE
c21f61ab-3107-46d4-aa28-cbf7f6a75c39,infraspecies,Animalia,t0085214,Amblyjoppa annulitarsis annulitarsis horishana,subspecies,Animalia,Amblyjoppa annulitarsis horishana,accepted,TRUE
a4f92967-4eaa-4eff-8ee1-061bb8a3095c,infraspecies,Animalia,t0085215,Amblyjoppa forticornis forticornis taichuensis,subspecies,Animalia,Amblyjoppa forticornis taichuensis,accepted,TRUE
d585bcdd-94aa-49c9-87b6-2657ad71bce9,infraspecies,Animalia,t0085216,Amblyjoppa yayeyamensis yayeyamensis kankauensis,subspecies,Animalia,Amblyjoppa yayeyamensis kankauensis,accepted,TRUE
3decf2cf-9053-4f08-8782-1b556c86cba1,infraspecies,Animalia,t0085217,Amblyjoppa yayeyamensis yayeyamensis yayeyamensis,subspecies,Animalia,Amblyjoppa yayeyamensis yayeyamensis,accepted,TRUE
23f9e31e-0e7e-4c4a-bd80-ca078b25067d,infraspecies,Animalia,t0085243,Anisobas kankoensis kankoensis kankoensis,subspecies,Animalia,Anisobas kankoensis kankoensis,accepted,TRUE
87a35389-4c7b-4181-b0df-6000c6fbccf4,infraspecies,Animalia,t0085352,Buysmania oxymora oxymora robusta,subspecies,Animalia,Buysmania oxymora robusta,accepted,TRUE
36e5cc40-4eac-434d-9db1-73b129c2d972,infraspecies,Animalia,t0085382,Camptotypus arianus arianus formosanus,subspecies,Animalia,Camptotypus arianus formosanus,accepted,TRUE
83611aa8-7570-446e-ae4a-e90470224e8e,infraspecies,Animalia,t0085473,Coesula fulvipes fulvipes areolata,subspecies,Animalia,Coesula fulvipes areolata,accepted,TRUE
ffc4a374-d638-43b6-807f-c5dbe6ab5442,infraspecies,Animalia,t0085501,Crathiorada fasciata fasciata formosana,subspecies,Animalia,Crathiorada fasciata formosana,accepted,TRUE
52121222-f744-4df0-82ba-91fe9628c3d5,infraspecies,Animalia,t0085540,Cymodusa josephi josephi malaisei,subspecies,Animalia,Cymodusa josephi malaisei,accepted,TRUE
a8d59d94-b1e0-471b-a9f3-87403dfce114,infraspecies,Animalia,t0085577,Dimaetha tibialis tibialis takanonis,subspecies,Animalia,Dimaetha tibialis takanonis,accepted,TRUE
73d9e2b6-555c-4e30-abcb-33905abfc7f4,infraspecies,Animalia,t0085588,Dolichomitus melanomerus melanomerus tinctipennis,subspecies,Animalia,Dolichomitus melanomerus tinctipennis,accepted,TRUE
83a523ed-507b-40aa-960f-196d89b0be46,infraspecies,Animalia,t0085596,Echthromorpha agrestoria agrestoria notulatoria,subspecies,Animalia,Echthromorpha agrestoria notulatoria,accepted,TRUE
ce893f20-f049-4d31-9cfe-1e51768f8e55,infraspecies,Animalia,t0085654,Eupalamus giganteus giganteus isshikii,subspecies,Animalia,Eupalamus giganteus isshikii,accepted,TRUE
dbd611c4-e1e7-401b-9731-a1435bbf73d9,infraspecies,Animalia,t0085661,Eutanyacra stramineomaculata stramineomaculata sauteri,subspecies,Animalia,Eutanyacra stramineomaculata sauteri,accepted,TRUE
ffeec8a6-de10-4172-9448-5910a8d6641d,infraspecies,Animalia,t0085677,Flavopimpla nigromaculata nigromaculata nigromaculata,subspecies,Animalia,Flavopimpla nigromaculata nigromaculata,accepted,TRUE
fb159181-d82d-4703-9e48-5e0b4f70f34a,infraspecies,Animalia,t0085689,Gambroides chilonis chilonis chilonis,subspecies,Animalia,Gambroides chilonis chilonis,accepted,TRUE
f41b74c0-46b5-4d03-9a6f-224846982cbd,infraspecies,Animalia,t0085885,Melanichneumon albipictus albipictus sinicus,subspecies,Animalia,Melanichneumon albipictus sinicus,accepted,TRUE
b5b0eccd-81c4-4fb4-af29-b7a52949b472,infraspecies,Animalia,t0085895,Mesophadnus formosanus formosanus formosanus,subspecies,Animalia,Mesophadnus formosanus formosanus,accepted,TRUE
f56b0c5b-c60d-4563-b7c3-876ccc2e04b0,infraspecies,Animalia,t0085910,Metopius rufus rufus browni,subspecies,Animalia,Metopius rufus browni,accepted,TRUE
27dfa9bd-ffad-4059-b5de-757369c81887,infraspecies,Animalia,t0086067,Parema nigrobalteata nigrobalteata formosana,subspecies,Animalia,Parema nigrobalteata formosana,accepted,TRUE
e5eec289-f391-427b-bea4-a7a2bf0dd62d,infraspecies,Animalia,t0086235,Scenocharops flavipetiola flavipetiola flavipetiola,subspecies,Animalia,Scenocharops flavipetiola flavipetiola,accepted,TRUE
9e7f2f43-c86b-483e-9abf-c24f13c45ea6,infraspecies,Animalia,t0086246,Sericopimpla sagrae sagrae sauteri,subspecies,Animalia,Sericopimpla sagrae sauteri,accepted,TRUE
2a1302a5-589a-4191-9fb4-dd78d1df65cb,infraspecies,Animalia,t0085425,Ceropales pygmaeus pygmaeus takasago,subspecies,Animalia,Ceropales pygmaeus takasago,accepted,TRUE
8bfa94ac-b495-4a08-9257-75f8d2a7d52b,infraspecies,Animalia,t0085633,Eopompilus minor minor itoi,subspecies,Animalia,Eopompilus minor itoi,accepted,TRUE
768a4b0c-7ae6-4b3c-bc16-f2c473326c41,infraspecies,Animalia,t0085640,Episyron vagabundus vagabundus hopponis,subspecies,Animalia,Episyron vagabundus hopponis,accepted,TRUE
a3085fb2-0597-4c60-aae7-f8949abc6492,infraspecies,Animalia,t0085300,Atopopompilus daedalus daedalus taiwanianus,subspecies,Animalia,Atopopompilus daedalus taiwanianus,accepted,TRUE
0ceda4bc-cf53-4796-b6ca-651ae1c87d9f,infraspecies,Animalia,t0085256,Anterhynchium flavomarginatum flavomarginatum formosicola,subspecies,Animalia,Anterhynchium flavomarginatum formosicola,accepted,TRUE
5d24fb8a-3beb-4374-bd5e-74dc127b4f61,infraspecies,Animalia,t0085558,Delta esuriens esuriens okinawae,subspecies,Animalia,Delta esuriens okinawae,accepted,TRUE
b8c78cd1-2267-4e2e-957b-984b57fb9cf3,infraspecies,Animalia,t0085648,Eumenes labiatus labiatus labiatus,subspecies,Animalia,Eumenes labiatus labiatus,accepted,TRUE
ddb92a12-4303-4f1f-82e6-b2404b986331,infraspecies,Animalia,t0085649,Eumenes punctatus punctatus formosensis,subspecies,Animalia,Eumenes punctatus formosensis,accepted,TRUE
4e2561ef-9b23-4268-9e6d-687a75345854,infraspecies,Animalia,t0085650,Eumenes quadratus quadratus urainus,subspecies,Animalia,Eumenes quadratus urainus,accepted,TRUE
5c6e86f8-f7fa-4233-bc84-004058481529,infraspecies,Animalia,t0085652,Euodynerus dantici dantici nigrescens,subspecies,Animalia,Euodynerus dantici nigrescens,accepted,TRUE
2ac35cc3-763b-49b7-a6eb-f858345ff083,infraspecies,Animalia,t0085653,Euodynerus nipanicus nipanicus flavicornis,subspecies,Animalia,Euodynerus nipanicus flavicornis,accepted,TRUE
b1c9ed18-d285-44af-b97c-43ca44e0488f,infraspecies,Animalia,t0086060,Parancistrocerus yachowensis yachowensis konkuensis,subspecies,Animalia,Parancistrocerus yachowensis konkuensis,accepted,TRUE
77952e5d-0b78-4fcd-bc9b-5b26a3a4a135,infraspecies,Animalia,t0086061,Parapolybia varia varia varia,subspecies,Animalia,Parapolybia varia varia,accepted,TRUE
da6c28a1-d3eb-4d68-aab4-28ad362a6b6b,infraspecies,Animalia,t0086063,Pararrhynchium ornatum ornatum sauteri,subspecies,Animalia,Pararrhynchium ornatum sauteri,accepted,TRUE
b9ddc561-1947-4e0e-870c-bb838154d704,infraspecies,Animalia,t0086099,Phimenes flavopictus flavopictus formosanus,subspecies,Animalia,Phimenes flavopictus formosanus,accepted,TRUE
5a26f636-686b-4856-9bbe-9939aba158c7,infraspecies,Animalia,t0086140,Polistes tenebricosus tenebricosus tenebricosus,subspecies,Animalia,Polistes tenebricosus tenebricosus,accepted,TRUE
ebdab555-cea4-4eb9-b1e6-17877d3d2732,infraspecies,Animalia,t0086138,Polistes stigma stigma stigma,subspecies,Animalia,Polistes stigma stigma,accepted,TRUE
163d78c9-c848-4777-96fd-7a33ee1a748a,infraspecies,Animalia,t0086139,Polistes strigosus strigosus strigosus,subspecies,Animalia,Polistes strigosus strigosus,accepted,TRUE
71acb745-6915-4f22-90a8-99a4e30d72a0,infraspecies,Animalia,t0086179,Pseumenes depressus depressus depressus,subspecies,Animalia,Pseumenes depressus depressus,accepted,TRUE
227dd30f-8fa1-4f6f-a6ca-8002cab7fe60,infraspecies,Animalia,t0086210,Rhynchium quinquecinctum quinquecinctum brunneum,subspecies,Animalia,Rhynchium quinquecinctum brunneum,accepted,TRUE
ade814bc-53f1-4d5e-baf2-742a706d914f,infraspecies,Animalia,t0086279,Stenodynerus pappi pappi luteifasciatus,subspecies,Animalia,Stenodynerus pappi luteifasciatus,accepted,TRUE
b5d04d76-83cd-4dc1-a173-5ee1c18ac09f,infraspecies,Animalia,t0086278,Stenodyneru chinensis chinensis simillimus,subspecies,Animalia,Stenodynerus chinensis simillimus,accepted,TRUE
956355f1-9fab-4eca-aaf9-8186803d916c,infraspecies,Animalia,t0085469,Coeleumenes burmanicus burmanicus thoracicus,subspecies,Animalia,Coeleumenes burmanicus thoracicus,accepted,TRUE
d75c8031-f714-4133-8d51-86fa4897f4f3,infraspecies,Animalia,t0086001,Okinawepipona kogimai kogimai taiwana,subspecies,Animalia,Okinawepipona kogimai taiwana,accepted,TRUE
563acf8c-b04b-42eb-9823-aa37fb74ea0f,infraspecies,Animalia,t0086015,Orancistrocerus drewseni drewseni ingens,subspecies,Animalia,Orancistrocerus drewseni ingens,accepted,TRUE
c5ef06aa-cef0-414c-8b98-1c5bd92663d5,infraspecies,Animalia,t0086016,Orancistrocerus drewseni drewseni nigricapitus,subspecies,Animalia,Orancistrocerus drewseni nigricapitus,accepted,TRUE
49579507-bbd3-4328-8f63-fe3a7a23748a,infraspecies,Animalia,t0086059,Paraleptomenes miniatus miniatus miniatus,subspecies,Animalia,Paraleptomenes miniatus miniatus,accepted,TRUE
d56e4083-4572-460c-b345-7f7f73f6fa99,infraspecies,Animalia,t0086137,Polistes chinensis chinensis chinensis,subspecies,Animalia,Polistes chinensis chinensis,accepted,TRUE
da90b777-8aeb-4203-9125-fefe33b49066,infraspecies,Animalia,t0085211,Alysson pertheesi pertheesi formosanus,subspecies,Animalia,Alysson pertheesi formosanus,accepted,TRUE
c94759f5-49e4-403e-a7a4-9c6dd2be8aa9,infraspecies,Animalia,t0085329,Bembecinus hungaricus hungaricus formosanus,subspecies,Animalia,Bembecinus hungaricus formosanus,accepted,TRUE
f0b33089-fcd5-4db2-ba5a-2660277fad23,infraspecies,Animalia,t0085330,Bembecinus quadratus quadratus lanhsuensis,subspecies,Animalia,Bembecinus quadratus lanhsuensis,accepted,TRUE
66259af8-efa7-4536-833e-58a6215d4a66,infraspecies,Animalia,t0085414,Cerceris albofasciata albofasciata navigatrix,subspecies,Animalia,Cerceris albofasciata navigatrix,accepted,TRUE
491e24e8-28c2-414d-8973-3df35950c96a,infraspecies,Animalia,t0085415,Cerceris luzonensis luzonensis fukaii,subspecies,Animalia,Cerceris luzonensis fukaii,accepted,TRUE
9c703909-d869-4dcb-a683-7cf0221cbab8,infraspecies,Animalia,t0085416,Cerceris pictiventris pictiventris formosicola,subspecies,Animalia,Cerceris pictiventris formosicola,accepted,TRUE
613fb985-9f36-49c9-8da4-4372fe837d31,infraspecies,Animalia,t0085417,Cerceris umbinifera umbinifera kentinensis,subspecies,Animalia,Cerceris umbinifera kentinensis,accepted,TRUE
c35bbdf8-8638-496c-9383-2ac2e35a47c6,infraspecies,Animalia,t0085418,Cerceris varia varia kalensis,subspecies,Animalia,Cerceris varia kalensis,accepted,TRUE
d99858fb-8b32-44c7-a794-91ddee7160d6,infraspecies,Animalia,t0085514,Crossocerus aeta aeta loa,subspecies,Animalia,Crossocerus aeta loa,accepted,TRUE
d5dcb988-7dc2-4806-9ef2-07f8ac66be66,infraspecies,Animalia,t0085515,Crossocerus fukuiensis fukuiensis bambosicola,subspecies,Animalia,Crossocerus fukuiensis bambosicola,accepted,TRUE
1968684c-510d-4914-b330-de81135f9801,infraspecies,Animalia,t0085516,Crossocerus hakusanus hakusanus sungkangensis,subspecies,Animalia,Crossocerus hakusanus sungkangensis,accepted,TRUE
ce6433db-da98-4885-9c32-386ef6fb9a87,infraspecies,Animalia,t0085597,Ectemnius cavifrons cavifrons kizanensis,subspecies,Animalia,Ectemnius cavifrons kizanensis,accepted,TRUE
c722abbb-57db-4f0f-9806-dd7bdc3a0f90,infraspecies,Animalia,t0085598,Ectemnius furuichii furuichii formosanus,subspecies,Animalia,Ectemnius furuichii formosanus,accepted,TRUE
5004b3a4-66fb-4c4d-810b-e4e7218f24b5,infraspecies,Animalia,t0085599,Ectemnius melanotarsis melanotarsis changi,subspecies,Animalia,Ectemnius melanotarsis changi,accepted,TRUE
580886a0-7ee6-4326-9b15-d1cd508e1a70,infraspecies,Animalia,t0085600,Ectemnius orius orius cetonicus,subspecies,Animalia,Ectemnius orius cetonicus,accepted,TRUE
6ac45ff4-4631-4388-a69f-c21bd9dd52af,infraspecies,Animalia,t0085601,Ectemnius ruficornis ruficornis taiwanus,subspecies,Animalia,Ectemnius ruficornis taiwanus,accepted,TRUE
d5d77a72-a292-49dc-b748-c17d8958c612,infraspecies,Animalia,t0085602,Ectemnius schlettereri schlettereri sakaguchii,subspecies,Animalia,Ectemnius schlettereri sakaguchii,accepted,TRUE
4cbe4d69-b956-4895-a72b-8105e29e077f,infraspecies,Animalia,t0085603,Ectemnius schlettereri schlettereri taiwanensis,subspecies,Animalia,Ectemnius schlettereri taiwanensis,accepted,TRUE
70e89b6c-a283-4e4f-911e-0eced25e6b64,infraspecies,Animalia,t0085804,Larra polita polita luzonenensis,subspecies,Animalia,Larra polita luzonenensis,accepted,TRUE
de2e06e6-f6d8-4d90-8473-34e6573da3aa,infraspecies,Animalia,t0085838,Lestica collaris collaris maculata,subspecies,Animalia,Lestica collaris maculata,accepted,TRUE
bcc29aa1-cd9e-4b7f-a95b-563ae32c94b8,infraspecies,Animalia,t0085846,Liris deplanata deplanata binghami,subspecies,Animalia,Liris deplanata binghami,accepted,TRUE
dcf2f789-61de-4a12-a8e8-016c660b86ad,infraspecies,Animalia,t0085847,Liris larroides larroides taiwanus,subspecies,Animalia,Liris larroides taiwanus,accepted,TRUE
f3e28c28-2e74-49c3-b589-87ee9f157e05,infraspecies,Animalia,t0085975,Nitela yasumatsui yasumatsui taiwana,subspecies,Animalia,Nitela yasumatsui taiwana,accepted,TRUE
bc4bd84b-1697-417b-8894-508bf9447bea,infraspecies,Animalia,t0086037,Oxybelus agilis agilis taiwanus,subspecies,Animalia,Oxybelus agilis taiwanus,accepted,TRUE
735daf45-0c6b-4158-b6f6-07a40e5d145a,infraspecies,Animalia,t0086038,Oxybelus lamellatus lamellatus bicolorisquama,subspecies,Animalia,Oxybelus lamellatus bicolorisquama,accepted,TRUE
7af8926c-75c1-4050-955c-4e4fb682392a,infraspecies,Animalia,t0086039,Oxybelus nipponicus nipponicus formosus,subspecies,Animalia,Oxybelus nipponicus formosus,accepted,TRUE
2b511681-c805-4a5e-87ed-b804808ffe0c,infraspecies,Animalia,t0086072,Passaloecus monilicornis monilicornis taiwanus,subspecies,Animalia,Passaloecus monilicornis taiwanus,accepted,TRUE
afd85c1e-d2e0-44f5-9468-05c94e594df7,infraspecies,Animalia,t0086162,Psen hakusanus hakusanus seminitidus,subspecies,Animalia,Psen hakusanus seminitidus,accepted,TRUE
ca2562f7-3466-4f60-aaa3-5b3c84717649,infraspecies,Animalia,t0086163,Psen koreanus koreanus formosensis,subspecies,Animalia,Psen koreanus formosensis,accepted,TRUE
6324cb34-7dbe-4e64-9b65-1ed3e56fc288,infraspecies,Animalia,t0086164,Psen lieftincki lieftincki nigripennis,subspecies,Animalia,Psen lieftincki nigripennis,accepted,TRUE
82746720-cf36-4dc7-81f7-4b516baf281f,infraspecies,Animalia,t0086165,Psen nitidus nitidus takasago,subspecies,Animalia,Psen nitidus takasago,accepted,TRUE
73ada87b-5b07-4dd3-bdc8-2911b8805c31,infraspecies,Animalia,t0086170,Psenulus quadridentatus quadridentatus formosanus,subspecies,Animalia,Psenulus quadridentatus formosanus,accepted,TRUE
48cb4869-e440-43b0-8b00-84e7154e0ede,infraspecies,Animalia,t0086167,Psenulus carinifrons carinifrons rohweri,subspecies,Animalia,Psenulus carinifrons rohweri,accepted,TRUE
0391d37d-88cc-4162-a1fb-2f0dc87424c7,infraspecies,Animalia,t0086168,Psenulus ornatus ornatus kankauensis,subspecies,Animalia,Psenulus ornatus kankauensis,accepted,TRUE
975da23a-2134-4fbb-9759-18d5c73c1714,infraspecies,Animalia,t0086169,Psenulus ornatus ornatus pempuchiensis,subspecies,Animalia,Psenulus ornatus pempuchiensis,accepted,TRUE
a93fdb47-b689-460f-834b-99af6304dfe6,infraspecies,Animalia,t0086208,Rhopalum succineicollare succineicollare taiwanum,subspecies,Animalia,Rhopalum succineicollare taiwanum,accepted,TRUE
55f5a9f3-31a9-4233-8ada-cb7b83d5c683,infraspecies,Animalia,t0086209,Rhopalum watanabei watanabei tsuifenicum,subspecies,Animalia,Rhopalum watanabei tsuifenicum,accepted,TRUE
8f073cd8-8153-44fa-9822-acc995e83642,infraspecies,Animalia,t0086294,Stigmus convergens convergens ami,subspecies,Animalia,Stigmus convergens ami,accepted,TRUE
8970fa00-b5b4-409f-970c-37f16e47d96a,infraspecies,Animalia,t0086295,Stigmus shirozui shirozui alishanus,subspecies,Animalia,Stigmus shirozui alishanus,accepted,TRUE
5daff628-ea20-4494-bd06-17eeaa770aa6,infraspecies,Animalia,t0086322,Tachysphex nigricolor nigricolor lanhsuensis,subspecies,Animalia,Tachysphex nigricolor lanhsuensis,accepted,TRUE
3a5b4c25-b269-470e-9013-8127906deda6,infraspecies,Animalia,t0086323,Tachytes sinensis sinensis fundatus,subspecies,Animalia,Tachytes sinensis fundatus,accepted,TRUE
8430f410-dd30-4735-b5b8-b419e8b1ef60,infraspecies,Animalia,t0086396,Trypoxylon fronticorne fronticorne shirozui,subspecies,Animalia,Trypoxylon fronticorne shirozui,accepted,TRUE
7598a83d-9100-4e79-a601-c677dc37d080,infraspecies,Animalia,t0086395,Trypoxylon fronticorne fronticorne obliquum,subspecies,Animalia,Trypoxylon fronticorne obliquum,accepted,TRUE
f5a33e50-751b-4700-a6c8-8e2fcee1598e,infraspecies,Animalia,t0086397,Trypoxylon nipponicum nipponicum puliense,subspecies,Animalia,Trypoxylon nipponicum puliense,accepted,TRUE
13d2d0ff-f575-4353-9c2b-18fccd60f6d2,infraspecies,Animalia,t0086398,Trypoxylon regium regium taiwanum,subspecies,Animalia,Trypoxylon regium taiwanum,accepted,TRUE
316c0594-e02a-4dd7-a5f5-80cebe8e8c3b,infraspecies,Animalia,t0086399,Trypoxylon schmiedeknechtii schmiedeknechtii hungtouense,subspecies,Animalia,Trypoxylon schmiedeknechtii hungtouense,accepted,TRUE
b469f2fa-c9ab-4e35-8cb7-014a55ea4f47,infraspecies,Animalia,t0085868,Lyroda japonica japonica takasago,subspecies,Animalia,Lyroda japonica takasago,accepted,TRUE
a85a0f83-120b-4708-8e7f-1a97c06ecfcb,infraspecies,Animalia,t0085869,Lyroda venusta venusta taiwana,subspecies,Animalia,Lyroda venusta taiwana,accepted,TRUE
182d0ce2-0983-464a-ad11-1376ea51aca9,infraspecies,Animalia,t0085923,Mimumesa vanlithi vanlithi meridionalis,subspecies,Animalia,Mimumesa vanlithi meridionalis,accepted,TRUE
08a82213-2c56-4fcb-b50d-997283ab457f,infraspecies,Animalia,t0085991,Nysson basalis basalis taiwanus,subspecies,Animalia,Nysson basalis taiwanus,accepted,TRUE
5aeffa2c-6619-487e-b3aa-85acf4bf0fbf,infraspecies,Animalia,t0086098,Philanthus notatulus notatulus formosanus,subspecies,Animalia,Philanthus notatulus formosanus,accepted,TRUE
3df992a9-c897-4d8f-9323-961a5c48032d,infraspecies,Animalia,t0086166,Pseneo exaratus exaratus taiwanus,subspecies,Animalia,Pseneo exaratus taiwanus,accepted,TRUE
822c3cab-3876-4044-b329-8f2074114149,infraspecies,Animalia,t0085410,Ceratina dentipes dentipes kankauensis,subspecies,Animalia,Ceratina dentipes kankauensis,accepted,TRUE
9cee9a6a-b5eb-452d-b960-1af4ce31d4d7,infraspecies,Animalia,t0085412,Ceratina nigrolateralis nigrolateralis vechti,subspecies,Animalia,Ceratina nigrolateralis vechti,accepted,TRUE
233b8b5b-e432-4bae-8032-1ead423ca696,infraspecies,Animalia,t0085723,Habropoda sinensis sinensis taiwana,subspecies,Animalia,Habropoda sinensis taiwana,accepted,TRUE
1d8bf6fd-73ee-4b55-ab7a-3bab4adbcdb4,infraspecies,Animalia,t0085724,Habropoda tainanicola tainanicola tainanicola,subspecies,Animalia,Habropoda tainanicola tainanicola,accepted,TRUE
eaa0727d-95e0-4414-a69d-a66790c20e1f,infraspecies,Animalia,t0085977,Nomada anpingensis anpingensis suisharonisy,subspecies,Animalia,Nomada anpingensis suisharonisy,accepted,TRUE
79933246-6674-45d2-b79d-396bdf44a28d,infraspecies,Animalia,t0033328,Tetralonioidella himalayana himalayana formosana,subspecies,Animalia,Tetralonioidella himalayana formosana,accepted,TRUE
a1ca3e90-186f-4bfa-95f7-85dc5ea83fda,infraspecies,Animalia,t0086438,Xylocopa collaris collaris sauteri,subspecies,Animalia,Xylocopa collaris sauteri,accepted,TRUE
e286770b-9e3b-46ce-a600-c7cf42362cc7,infraspecies,Animalia,t0085411,Ceratina japonica japonica alpicola,subspecies,Animalia,Ceratina japonica alpicola,accepted,TRUE
ba46a530-5477-465a-be92-5e73b0d8963b,infraspecies,Animalia,t0085413,Ceratina okinawana okinawana taiwanensis,subspecies,Animalia,Ceratina okinawana taiwanensis,accepted,TRUE
ad514e49-0c03-4145-bbfe-83bc963ec20c,infraspecies,Animalia,t0085221,Ammophila atripes atripes formosana,subspecies,Animalia,Ammophila atripes formosana,accepted,TRUE
223d15a2-2f54-4527-b14c-b6434fa2120c,infraspecies,Animalia,t0085222,Ammophila clavus clavus clavus,subspecies,Animalia,Ammophila clavus clavus,accepted,TRUE
12908a93-60ca-474a-b69d-11c0fbc96102,infraspecies,Animalia,t0085223,Ammophila clavus clavus formosana,subspecies,Animalia,Ammophila clavus formosana,accepted,TRUE
aee664fe-38ea-4fee-bcc0-24caf1227ba0,infraspecies,Animalia,t0085224,Ammophila sabulosa sabulosa vagabunda,subspecies,Animalia,Ammophila sabulosa vagabunda,accepted,TRUE
3b0ee069-6f76-4e33-a95f-a4c7ffe0db54,infraspecies,Animalia,t0085225,Ammophila sickmanni sickmanni wusheensis,subspecies,Animalia,Ammophila sickmanni wusheensis,accepted,TRUE
059ec0fc-1325-4cfc-879c-53aed9f5ff6e,infraspecies,Animalia,t0085433,Chalybion japonicum japonicum punctatum,subspecies,Animalia,Chalybion japonicum punctatum,accepted,TRUE
1efb532a-8a6c-4e4f-94b5-52c7002e7adc,infraspecies,Animalia,t0086234,Sceliphron madraspatanum madraspatanum formosanum,subspecies,Animalia,Sceliphron madraspatanum formosanum,accepted,TRUE
7b1162b8-f6de-41cc-bc49-b22aa06d4325,infraspecies,Animalia,t0086262,Sphex diabolicus diabolicus flammitrichus,subspecies,Animalia,Sphex diabolicus flammitrichus,accepted,TRUE
10faa32f-2861-41d1-b09b-32c96f6db2d6,infraspecies,Animalia,t0086263,Sphex sericeus sericeus lineolus,subspecies,Animalia,Sphex sericeus lineolus,accepted,TRUE
4fbc377d-a875-4a6a-81a3-e5d61a61daa8,infraspecies,Animalia,t0086264,Sphex subtruncatus subtruncatus sulciscuta,subspecies,Animalia,Sphex subtruncatus sulciscuta,accepted,TRUE
21a24824-dd18-42f8-a3bc-06e119a7d269,infraspecies,Animalia,t0085334,Bischoffitilla sauteri sauteri sauteri,subspecies,Animalia,Bischoffitilla sauteri sauteri,accepted,TRUE
15bdcfe1-d173-4bf5-9f5a-5558002aa422,infraspecies,Animalia,t0085635,Ephucilla drola drola drola,subspecies,Animalia,Ephucilla drola drola,accepted,TRUE
79fec627-c830-45db-8277-53b766f1127f,infraspecies,Animalia,t0085911,Mickelomyrme norna norna norna,subspecies,Animalia,Mickelomyrme norna norna,accepted,TRUE
457c6791-b903-48eb-9782-826fffdb7965,infraspecies,Animalia,t0086087,Petersenidia spiracularis spiracularis dilutemacula,subspecies,Animalia,Petersenidia spiracularis dilutemacula,accepted,TRUE
86ab8eb8-16a6-45a6-b818-5800ac1f8ad3,infraspecies,Animalia,t0086198,Radoszkowskius oculata oculata amartana,subspecies,Animalia,Radoszkowskius oculata amartana,accepted,TRUE
cc7c7e59-c61c-44c2-a23e-cc7c009fc0f1,infraspecies,Animalia,t0086260,Smicromyrme triguttata triguttata triguttata,subspecies,Animalia,Smicromyrme triguttata triguttata,accepted,TRUE
a19976f0-5584-452b-afd1-e5782a0e1634,infraspecies,Animalia,t0086386,Trogaspidia auroguttata auroguttata repraesentoides,subspecies,Animalia,Trogaspidia auroguttata repraesentoides,accepted,TRUE
d310d0cd-0ca7-4bbf-b33c-92592f200d1a,infraspecies,Animalia,t0086387,Trogaspidia fuscipennis fuscipennis concava,subspecies,Animalia,Trogaspidia fuscipennis concava,accepted,TRUE
51255509-f896-4c67-b4f0-6321328f1a9b,infraspecies,Animalia,t0086388,Trogaspidia rhea rhea rhea,subspecies,Animalia,Trogaspidia rhea rhea,accepted,TRUE
85492248-f20c-4fbd-8fc3-ccceffe0671d,infraspecies,Animalia,t0086389,Trogaspidia sibylla sibylla minae,subspecies,Animalia,Trogaspidia sibylla minae,accepted,TRUE
e1a42026-24dd-45b3-b892-33003ccbbc15,infraspecies,Animalia,t0086448,Zavatilla gutrunae gutrunae gutrunae,subspecies,Animalia,Zavatilla gutrunae gutrunae,accepted,TRUE
bbac4d85-3ea8-486e-8414-ce84ca94f796,infraspecies,Animalia,t0085471,Coelioxys taihorinica taihorinica latipyga,subspecies,Animalia,Coelioxys taihorinica latipyga,accepted,TRUE
8504f45a-61ff-4bfc-a849-1376a1595c98,infraspecies,Animalia,t0085881,Megachile bicolor bicolor kagiana,subspecies,Animalia,Megachile bicolor kagiana,accepted,TRUE
31630be6-e558-448a-bb8f-ab59259dca3a,infraspecies,Animalia,t0086131,Podagrion philippinense philippinense cyanonigrum,subspecies,Animalia,Podagrion philippinense cyanonigrum,accepted,TRUE
02584cdd-7896-42bb-bdac-7ee41c05daff,infraspecies,Animalia,t0085145,Campsomeris prismatica prismatica fulvoanalis,subspecies,Animalia,Campsomeris prismatica fulvoanalis,accepted,TRUE
6fc9f07a-02cd-4691-8da2-c96f16f47fd0,infraspecies,Animalia,t0085146,Campsomeris prismatica prismatica shibatai,subspecies,Animalia,Campsomeris prismatica shibatai,accepted,TRUE
6df0a2f7-8440-4617-8a7d-67e77be9a023,infraspecies,Animalia,t0085381,Campsomeris quadrifasciata quadrifasciata sauteri,subspecies,Animalia,Campsomeris quadrifasciata sauteri,accepted,TRUE
1788af55-b5db-483d-b727-5afc37ebc541,infraspecies,Animalia,t0085107,Scolia quadripustulata quadripustulata formosensis,subspecies,Animalia,Scolia quadripustulata formosensis,accepted,TRUE
c2f1d155-0a77-46b6-9e72-d7b8344d5936,infraspecies,Animalia,t0085106,Scolia clypeata clypeata pseudovollenhoveni,subspecies,Animalia,Scolia clypeata pseudovollenhoveni,accepted,TRUE
67fb803b-68e2-4f63-bb71-0e3bd83bac97,infraspecies,Animalia,t0085108,Scolia superciliaris superciliaris sauteri,subspecies,Animalia,Scolia superciliaris sauteri,accepted,TRUE
906db289-aaec-48ca-84fe-e3aac5fdc65e,infraspecies,Animalia,t0085144,Campsomeris marginella marginella formosana,subspecies,Animalia,Campsomeris marginella formosana,accepted,TRUE
6ff47f50-1060-432e-aa5b-7e66e1cfbc46,infraspecies,Animalia,t0085841,Liacos erythrosoma erythrosoma formosana,subspecies,Animalia,Liacos erythrosoma formosana,accepted,TRUE
911e4bde-87fb-4450-9ade-ec15816cde7a,infraspecies,Animalia,t0086238,Scolia watanabei watanabei shirakii,subspecies,Animalia,Scolia watanabei shirakii,accepted,TRUE
bf82124a-eef7-4ba1-b7bc-6c145e5b1cfb,infraspecies,Animalia,t0085541,Cyoceraphron fuscopleuralis fuscopleuralis taiwanensis,subspecies,Animalia,Cyoceraphron fuscopleuralis taiwanensis,accepted,TRUE
4caae426-ea0f-4196-99a3-30b30ba32dc4,infraspecies,Animalia,t0029156,Evylaeus fulvicornis fulvicornis koshunocharis,subspecies,Animalia,Evylaeus fulvicornis koshunocharis,accepted,TRUE
a0782ad6-ed1c-472a-85e6-2d6f94120dfa,infraspecies,Animalia,t0085728,Halictus taihorinis taihorinis anpingensis,subspecies,Animalia,Halictus taihorinis anpingensis,accepted,TRUE
70f1b8e9-df17-4e87-8bed-c164c14ab31c,infraspecies,Animalia,t0085813,Lasioglossum fulvicorne fulvicorne koshunocharis,subspecies,Animalia,Lasioglossum fulvicorne koshunocharis,accepted,TRUE
6f685bc9-5c89-4718-984d-48b7d4a7e0ad,infraspecies,Animalia,t0085978,Nomia rapida rapida gyammensis,subspecies,Animalia,Nomia rapida gyammensis,accepted,TRUE
8b669b5b-f7ab-4132-800d-24296886e099,infraspecies,Animalia,t0085775,Hylaeus transversicostata transversicostata ligula,subspecies,Animalia,Hylaeus transversicostata ligula,accepted,TRUE
2651024a-b73d-4709-82d5-2780a8059013,infraspecies,Animalia,t0085776,Hylaeus transversicostata transversicostata rugatula,subspecies,Animalia,Hylaeus transversicostata rugatula,accepted,TRUE
06fafdf2-0563-4395-9f34-4c3cf988ce07,infraspecies,Animalia,t0086436,Xeris spectrum spectrum malaisei,subspecies,Animalia,Xeris spectrum malaisei,accepted,TRUE
62e8211c-ac5d-4a12-be4f-a2d1e73d32f9,infraspecies,Animalia,t0086437,Xeris spectrum spectrum spectrum,subspecies,Animalia,Xeris spectrum spectrum,accepted,TRUE
2f6771ea-1ba1-463f-b396-db2a7a139ee3,infraspecies,Animalia,t0086362,Tiphia brevilineata brevilineata formosana,subspecies,Animalia,Tiphia brevilineata formosana,accepted,TRUE
88b83f6c-1c34-42e3-8c79-46ff417e8e6c,infraspecies,Animalia,t0086363,Tiphia ordinaria ordinaria atayal,subspecies,Animalia,Tiphia ordinaria atayal,accepted,TRUE
047ee9f8-b8b9-499c-809e-4b16d58d3e73,infraspecies,Animalia,t0086364,Tiphia rufomandibulata rufomandibulata taipeiana,subspecies,Animalia,Tiphia rufomandibulata taipeiana,accepted,TRUE
a09ca944-8244-4ede-9bf7-c6c3d40a2f53,infraspecies,Animalia,t0085621,Empis velutina velutina cineraria,subspecies,Animalia,Empis velutina cineraria,accepted,TRUE
ceb05aff-93c1-43bc-9447-29becad886a4,infraspecies,Animalia,t0086056,Parahybos simplicipes simplicipes minutulus,subspecies,Animalia,Parahybos simplicipes minutulus,accepted,TRUE
e567c762-7bb6-47a9-88fe-932fc2b2dfb6,infraspecies,Animalia,t0031968,Platypalpus longirostris longirostris xanthopus,subspecies,Animalia,Platypalpus longirostris xanthopus,accepted,TRUE
2f3a0856-69be-40cc-939b-b50f9753ac8b,infraspecies,Animalia,t0085178,Aedes vexans vexans vexans,subspecies,Animalia,Aedes vexans vexans,accepted,TRUE
fff704b7-16e9-4657-b15b-ad65a7621ddc,infraspecies,Animalia,t0086274,Stegomyia gardnerii gardnerii imitator,subspecies,Animalia,Stegomyia gardnerii imitator,accepted,TRUE
ade35045-7107-4759-8545-5a56a45d0fb5,infraspecies,Animalia,t0085250,Anopheles gigas gigas baileyi,subspecies,Animalia,Anopheles gigas baileyi,accepted,TRUE
25babd12-610f-45a9-950a-24882e0e5d8e,infraspecies,Animalia,t0057677,Anopheles lindesayi lindesayi pleccau,subspecies,Animalia,Anopheles lindesayi pleccau,accepted,TRUE
13ef311a-6427-47ac-8a1e-d82c04e3a851,infraspecies,Animalia,t0085251,Anopheles jeyporiensis jeyporiensis candidiensis,subspecies,Animalia,Anopheles jeyporiensis candidiensis,accepted,TRUE
6c7c62ff-45bd-4e1c-af7c-d96b5bee0545,infraspecies,Animalia,t0087676,Culex pipiens pipiens fo. molestus,form,Animalia,Culex pipiens fo. molestus,accepted,TRUE
f6831df3-91d7-4c4d-bebc-233be2b9b5fc,infraspecies,Animalia,t0085524,Culex tritaeniorhynchus tritaeniorhynchus summorosus,subspecies,Animalia,Culex tritaeniorhynchus summorosus,accepted,TRUE
e54a1575-6457-4e3f-bed2-1e0364fe55d3,infraspecies,Animalia,t0085992,Ochlerotatus aureostriatus aureostriatus taiwanus,subspecies,Animalia,Ochlerotatus aureostriatus taiwanus,accepted,TRUE
8454f093-f851-4af9-b0a0-eef93a136e43,infraspecies,Animalia,t0085993,Ochlerotatus elsiae elsiae vicarius,subspecies,Animalia,Ochlerotatus elsiae vicarius,accepted,TRUE
db1296d5-36f3-4d78-ab62-f42fb7bcddaf,infraspecies,Animalia,t0085994,Ochlerotatus japonicus japonicus shintienensis,subspecies,Animalia,Ochlerotatus japonicus shintienensis,accepted,TRUE
2da30121-694c-400d-8997-3cef6f248010,infraspecies,Animalia,t0085922,Mimomyia chamberlaini chamberlaini metallica,subspecies,Animalia,Mimomyia chamberlaini metallica,accepted,TRUE
9605d972-b341-4f63-8dec-819f408c3c18,infraspecies,Animalia,t0086018,Orffelia annan annan formosana,subspecies,Animalia,Orffelia annan formosana,accepted,TRUE
298e2a56-635b-4901-9657-ffa68f80e640,infraspecies,Animalia,t0085286,Asarkina ericetorum ericetorum formosae,subspecies,Animalia,Asarkina ericetorum formosae,accepted,TRUE
3877eaea-4822-4206-811f-0b8cef425136,infraspecies,Animalia,t0085287,Asarkina porcina porcina porcina,subspecies,Animalia,Asarkina porcina porcina,accepted,TRUE
2e06ee3e-c589-45e0-a7b8-dee6166dd7d7,infraspecies,Animalia,t0085576,Dideoides latus latus formoseuns,subspecies,Animalia,Dideoides latus formoseuns,accepted,TRUE
f5157d35-320a-4cb2-a3d9-f133c59bce85,infraspecies,Animalia,t0085888,Meliscava cinctella cinctella formosana,subspecies,Animalia,Meliscava cinctella formosana,accepted,TRUE
5c02fb46-6817-434a-bff5-83fb791e8c4e,infraspecies,Animalia,t0085889,Meliscava cinctella cinctella taiwana,subspecies,Animalia,Meliscava cinctella taiwana,accepted,TRUE
4c8733f0-c4cc-45d3-a209-5ca6ab63cf39,infraspecies,Animalia,t0085912,Microdon caeruleus caeruleus simplex,subspecies,Animalia,Microdon caeruleus simplex,accepted,TRUE
888f8929-809f-4495-87f9-387e5c603a01,infraspecies,Animalia,t0086318,Syrphus sonami sonami arisanicus,subspecies,Animalia,Syrphus sonami arisanicus,accepted,TRUE
23379760-307d-49b9-b696-05977e82b941,infraspecies,Animalia,t0086439,Xylota annulata annulata ornatipes,subspecies,Animalia,Xylota annulata ornatipes,accepted,TRUE
40af87b9-e766-4360-8c85-61b146517638,infraspecies,Animalia,t0085457,Chrysosoma ignobile ignobile platypum,subspecies,Animalia,Chrysosoma ignobile platypum,accepted,TRUE
8aa5859d-f2d9-4c2f-aa85-eecdcceb8c09,infraspecies,Animalia,t0085357,Cadrena pallida pallida bilineata,subspecies,Animalia,Cadrena pallida bilineata,accepted,TRUE
8f23d71e-f118-4ea9-aaf0-f730e4378e44,infraspecies,Animalia,t0085946,Musca dasyops dasyops pilifacies,subspecies,Animalia,Musca dasyops pilifacies,accepted,TRUE
25e49bbc-7df4-4aad-9359-f7540388e28d,infraspecies,Animalia,t0085134,Elephantomyia major major uniformis,subspecies,Animalia,Elephantomyia major uniformis,accepted,TRUE
985d1296-4d74-4da5-b45c-f87030fc997b,infraspecies,Animalia,t0085118,Limnophila platystyla platystyla parallela,subspecies,Animalia,Limnophila platystyla parallela,accepted,TRUE
5e984dce-2248-4d0e-9deb-c3050e672459,infraspecies,Animalia,t0085320,Baeoura trichopoda trichopoda hassensis,subspecies,Animalia,Baeoura trichopoda hassensis,accepted,TRUE
f0d6c6f9-3f74-49b8-9351-88b2c377363b,infraspecies,Animalia,t0085609,Elliptera zipanguensis zipanguensis taiwanicola,subspecies,Animalia,Elliptera zipanguensis taiwanicola,accepted,TRUE
1e6452c4-1f2e-439e-bc71-d0b38e90f74a,infraspecies,Animalia,t0086245,Sergentomyia iyengari iyengari taiwanensis,subspecies,Animalia,Sergentomyia iyengari taiwanensis,accepted,TRUE
7addd484-724f-4a19-919f-c0c194767225,infraspecies,Animalia,t0085720,Gymnonerius fuscus fuscus hendeli,subspecies,Animalia,Gymnonerius fuscus hendeli,accepted,TRUE
f875ad79-b467-4206-aa67-d282ab351854,infraspecies,Animalia,t0085482,Conops nebeculosus nebeculosus fulvicornis,subspecies,Animalia,Conops nebeculosus fulvicornis,accepted,TRUE
f6c09255-d212-49c3-abf6-e1eb4066d14b,infraspecies,Animalia,t0085915,Mimegralla albimana albimana galbula,subspecies,Animalia,Mimegralla albimana galbula,accepted,TRUE
c16109d1-af35-4487-aa6e-5e4e70302be0,infraspecies,Animalia,t0085916,Mimegralla cedens cedens formosana,subspecies,Animalia,Mimegralla cedens formosana,accepted,TRUE
4b8331d5-79c3-443e-82d2-bca1085a0f63,infraspecies,Animalia,t0085917,Mimegralla sinensis sinensis niveitarsis,subspecies,Animalia,Mimegralla sinensis niveitarsis,accepted,TRUE
b4d56793-1644-4ec0-ae74-4fc485520cde,infraspecies,Animalia,t0085918,Mimegralla sinensis sinensis sinensis,subspecies,Animalia,Mimegralla sinensis sinensis,accepted,TRUE
aff85c41-8083-4d0c-96c6-cc200b43a1e0,infraspecies,Animalia,t0086022,Ornithoica stipituri stipituri tridens,subspecies,Animalia,Ornithoica stipituri tridens,accepted,TRUE
9dd294ec-a97b-4a7e-b1d1-6d56b6b6cd3b,infraspecies,Animalia,t0086023,Ornithomyia chloropus chloropus montivaga,subspecies,Animalia,Ornithomyia chloropus montivaga,accepted,TRUE
e346eaea-b2e3-4e5e-9649-3d9b77dcd356,infraspecies,Animalia,t0085782,Icosta ardeae ardeae ardeae,subspecies,Animalia,Icosta ardeae ardeae,accepted,TRUE
5dd7affc-5509-4fea-b672-a9170f362abe,infraspecies,Animalia,t0085988,Nycteribia allotopa allotopa allotopa,subspecies,Animalia,Nycteribia allotopa allotopa,accepted,TRUE
3cf11b17-b5bb-4d4e-a653-f613e67ac281,infraspecies,Animalia,t0085789,Labiobaetis atrebatinus atrebatinus orientalis,subspecies,Animalia,Labiobaetis atrebatinus orientalis,accepted,TRUE
5b643d2f-e361-4a97-b908-c079158497cf,infraspecies,Animalia,t0085202,Agriocnemis femina femina oryzae,subspecies,Animalia,Agriocnemis femina oryzae,accepted,TRUE
31c38595-79d4-4382-a256-6bce09bf9dea,infraspecies,Animalia,t0085420,Ceriagrion auranticum auranticum ryukyuanum,subspecies,Animalia,Ceriagrion auranticum ryukyuanum,accepted,TRUE
fde0f09a-36a1-4cec-a83c-e4cf030a99d5,infraspecies,Animalia,t0085421,Ceriagrion fallax fallax fallax,subspecies,Animalia,Ceriagrion fallax fallax,accepted,TRUE
9f879755-2385-48c5-b5cc-38e476c87123,infraspecies,Animalia,t0086053,Paracercion calamorum calamorum dyeri,subspecies,Animalia,Paracercion calamorum dyeri,accepted,TRUE
5b0a2a23-276c-41cd-bde9-c4fa8986b0b0,infraspecies,Animalia,t0086173,Pseudagrion pilidorsum pilidorsum pilidorsum,subspecies,Animalia,Pseudagrion pilidorsum pilidorsum,accepted,TRUE
592888d1-97d1-43f2-9245-146c5c8da8b5,infraspecies,Animalia,t0085240,Anax nigrofasciatus nigrofasciatus nigrofasciatus,subspecies,Animalia,Anax nigrofasciatus nigrofasciatus,accepted,TRUE
6f5208a4-0e18-41c4-845c-7a907add218d,infraspecies,Animalia,t0086122,Aeschnophlebia ishigakiana ishigakiana flavostria,subspecies,Animalia,Planaeschna ishigakiana flavostria,accepted,TRUE
612dcd10-3e43-4f06-97f5-c462e854cfd5,infraspecies,Animalia,t0086123,Aeschnophlebia risi risi risi,subspecies,Animalia,Aeschnophlebia risi risi,accepted,TRUE
7a4988f7-6fe4-40a1-bb7e-d69258f354dc,infraspecies,Animalia,t0085188,Aeshna petalura petalura taiyal,subspecies,Animalia,Aeshna petalura taiyal,accepted,TRUE
bd0ccfa8-1179-4181-8cd0-82feedc1ead3,infraspecies,Animalia,t0086308,Stylogomphus shirozui shirozui shirozui,subspecies,Animalia,Stylogomphus shirozui shirozui,accepted,TRUE
3dcf80dc-c609-4983-af75-d4b9c7a7996a,infraspecies,Animalia,t0085828,Leptogomphus sauteri sauteri formosanus,subspecies,Animalia,Leptogomphus sauteri formosanus,accepted,TRUE
d9946b2c-0fe5-4134-b27d-4f3729c010d6,infraspecies,Animalia,t0085829,Leptogomphus sauteri sauteri sauteri,subspecies,Animalia,Leptogomphus sauteri sauteri,accepted,TRUE
1541536d-1f13-44c3-a0b2-e6754b66e95d,infraspecies,Animalia,t0085732,Heliocypha perforata perforata perforata,subspecies,Animalia,Heliocypha perforata perforata,accepted,TRUE
46c2db6d-a1b7-4294-927d-1a734d0437b7,infraspecies,Animalia,t0085842,Libellago lineata lineata lineata,subspecies,Animalia,Libellago lineata lineata,accepted,TRUE
2923e97c-4957-4f18-98bb-c03f193cc24e,infraspecies,Animalia,t0085968,Neurothemis tullia tullia tullia,subspecies,Animalia,Neurothemis tullia tullia,accepted,TRUE
839c6d29-fcfd-4ba3-8391-d413e18f79bc,infraspecies,Animalia,t0086024,Orthetrum albistylum albistylum speciosum,subspecies,Animalia,Orthetrum albistylum speciosum,accepted,TRUE
67449ef9-01f6-46d8-84aa-753183d327ef,infraspecies,Animalia,t0086025,Orthetrum pruinosum pruinosum clelia,subspecies,Animalia,Orthetrum pruinosum clelia,accepted,TRUE
d505ac66-f898-4dca-af0e-d31747e9b216,infraspecies,Animalia,t0086026,Orthetrum pruinosum pruinosum neglectum,subspecies,Animalia,Orthetrum pruinosum neglectum,accepted,TRUE
5d2b1148-ef83-4e1a-bccf-80fe83ee5f8b,infraspecies,Animalia,t0086027,Orthetrum sabina sabina sabina,subspecies,Animalia,Orthetrum sabina sabina,accepted,TRUE
a80e1f65-73fd-4677-b5b2-8407b8ffbd9e,infraspecies,Animalia,t0086028,Orthetrum testaceum testaceum testaceum,subspecies,Animalia,Orthetrum testaceum testaceum,accepted,TRUE
8f9515ba-199a-441f-ae43-31024d791ce4,infraspecies,Animalia,t0086211,Rhyothemis regia regia regia,subspecies,Animalia,Rhyothemis regia regia,accepted,TRUE
bf761e8c-35ff-4d4d-bdd6-aaef71e247d4,infraspecies,Animalia,t0086212,Rhyothemis variegata variegata arria,subspecies,Animalia,Rhyothemis variegata arria,accepted,TRUE
17cae73a-6031-4ab9-a152-f0b0c377148b,infraspecies,Animalia,t0086312,Sympetrum baccha baccha baccha,subspecies,Animalia,Sympetrum baccha baccha,accepted,TRUE
e5fd7189-23c5-40c0-b4aa-a2b9e39d14f0,infraspecies,Animalia,t0086313,Sympetrum eroticum eroticum ardens,subspecies,Animalia,Sympetrum eroticum ardens,accepted,TRUE
6a7921cf-520b-4cf8-85bd-51b6bbbb2dd2,infraspecies,Animalia,t0086369,Tramea transmarina transmarina euryale,subspecies,Animalia,Tramea transmarina euryale,accepted,TRUE
55506a27-5eb0-41d0-8b5f-45059499fac2,infraspecies,Animalia,t0086370,Tramea transmarina transmarina propinqua,subspecies,Animalia,Tramea transmarina propinqua,accepted,TRUE
cfd21070-4578-48f8-93f1-44c7d0cff8a5,infraspecies,Animalia,t0085166,Acisoma panorpoides panorpoides panorpoides,subspecies,Animalia,Acisoma panorpoides panorpoides,accepted,TRUE
1e074759-3908-4d78-b9e3-f86841e4a566,infraspecies,Animalia,t0085203,Agrionoptera insignis insignis similis,subspecies,Animalia,Agrionoptera insignis similis,accepted,TRUE
b903b6f7-6e77-49f1-ad68-9f1456167ac1,infraspecies,Animalia,t0085342,Brachydiplax chalybea chalybea flavovittata,subspecies,Animalia,Brachydiplax chalybea flavovittata,accepted,TRUE
e7da34f1-6ac2-40e7-aae4-18ea3b7790bf,infraspecies,Animalia,t0085502,Cratilla lineata lineata assidua,subspecies,Animalia,Cratilla lineata assidua,accepted,TRUE
6e69b30d-b39c-4dba-8fd7-4acddbca4784,infraspecies,Animalia,t0085513,Crocothemis servilia servilia servilia,subspecies,Animalia,Crocothemis servilia servilia,accepted,TRUE
950f1b16-f3c4-4ae8-9de1-3e6fab53d465,infraspecies,Animalia,t0085814,Lathrecista asiatica asiatica asiatica,subspecies,Animalia,Lathrecista asiatica asiatica,accepted,TRUE
2193f2eb-529a-439d-986b-e92f9e2806e7,infraspecies,Animalia,t0086146,Potamarcha congener congener congener,subspecies,Animalia,Potamarcha congener congener,accepted,TRUE
a97e2366-e890-4668-862e-0459e18da23e,infraspecies,Animalia,t0086412,Urothemis signata signata yiei,subspecies,Animalia,Urothemis signata yiei,accepted,TRUE
8e6af5dd-413a-477e-a973-71c8f685225a,infraspecies,Animalia,t0085470,Coeliccia flavicauda flavicauda flavicauda,subspecies,Animalia,Coeliccia flavicauda flavicauda,accepted,TRUE
0a4fabfe-7f53-4e04-a367-3f06dad89654,infraspecies,Animalia,t0085734,Hemicordulia mindana mindana nipponica,subspecies,Animalia,Hemicordulia mindana nipponica,accepted,TRUE
0345cd1e-79cb-4da9-9b1f-a2db4e890911,infraspecies,Animalia,t0031132,Neurobasis chinensis chinensis chinensis,subspecies,Animalia,Neurobasis chinensis chinensis,accepted,TRUE
c8240fd4-443a-49ee-a7fe-0bccc5fd2273,infraspecies,Animalia,t0086180,Psolodesmus mandarinus mandarinus dorothea,subspecies,Animalia,Psolodesmus mandarinus dorothea,accepted,TRUE
0328b361-5357-4f77-af97-37c0a259a030,infraspecies,Animalia,t0086181,Psolodesmus mandarinus mandarinus mandarinus,subspecies,Animalia,Psolodesmus mandarinus mandarinus,accepted,TRUE
22981c1f-fa40-46fa-bd70-0ad12dd5a0ae,infraspecies,Animalia,t0032493,Rhipidolestes aculeatus aculeatus aculeatus,subspecies,Animalia,Rhipidolestes aculeatus aculeatus,accepted,TRUE
2fb4cfaa-60ad-4337-a985-c23cd53a8f9e,infraspecies,Animalia,t0085682,Frontopsylla nakagawai nakagawai taiwanensis,subspecies,Animalia,Frontopsylla nakagawai taiwanensis,accepted,TRUE
57217bad-7ca2-405e-97c1-023d7006bb47,infraspecies,Animalia,t0085519,Ctenocephalides felis felis felis,subspecies,Animalia,Ctenocephalides felis felis,accepted,TRUE
6f280805-ba4c-41ee-9f70-053b2e9bac88,infraspecies,Animalia,t0085520,Ctenophthalmus taiwanus taiwanus taiwanus,subspecies,Animalia,Ctenophthalmus taiwanus taiwanus,accepted,TRUE
8d5a4647-0609-4fce-940b-921b1d8ad78c,infraspecies,Animalia,t0085781,Hystrichopsylla weida weida weida,subspecies,Animalia,Hystrichopsylla weida weida,accepted,TRUE
19425402-4ad0-43d9-af8f-45d3ccaa3250,infraspecies,Animalia,t0085552,Dasypsyllus gallinulae gallinulae gallinulae,subspecies,Animalia,Dasypsyllus gallinulae gallinulae,accepted,TRUE
2694d891-3577-4c7a-ab1e-8618905f9867,infraspecies,Animalia,t0085316,Aviostivalus klossi klossi alishanensis,subspecies,Animalia,Aviostivalus klossi alishanensis,accepted,TRUE
03469ae1-8074-4a68-8182-aeeb3247ddca,infraspecies,Animalia,t0086297,Stivalius aporus aporus yenpinensis,subspecies,Animalia,Stivalius aporus yenpinensis,accepted,TRUE
0d8cb4bf-2966-4eaf-95f7-17f349842e5c,infraspecies,Animalia,t0027543,Locusta migratoria migratoria manilensis,subspecies,Animalia,Locusta migratoria manilensis,accepted,TRUE
267c2f4e-ec2e-43a6-ae44-f90463a9936b,infraspecies,Animalia,t0086371,Traulia ornata ornata chui,subspecies,Animalia,Traulia ornata chui,accepted,TRUE
bec673a3-ff26-43dc-8d22-db13f2acfb63,infraspecies,Animalia,t0085206,Aiolopus thalassinus thalassinus tamulus,subspecies,Animalia,Aiolopus thalassinus tamulus,accepted,TRUE
fe5d775a-d73d-4a90-821b-2faff0215930,infraspecies,Animalia,t0085401,Celes skalozubovi skalozubovi akitanus,subspecies,Animalia,Celes skalozubovi akitanus,accepted,TRUE
5e0ecb60-70f2-4c6c-b0c0-0f881278daca,species,Animalia,t0086415,Velarifictorus (Velarifictorus) ornatus,species,Animalia,Velarifictorus ornatus,accepted,TRUE
14013dc7-52a9-4481-84fd-cdb96327dafd,infraspecies,Animalia,t0028981,Episymploce formosana formosana formosana,subspecies,Animalia,Episymploce formosana formosana,accepted,TRUE
be00e99b-c177-4f74-8b6b-3ea388d5c9d5,infraspecies,Animalia,t0028982,Episymploce formosana formosana yoshinoe,subspecies,Animalia,Episymploce formosana yoshinoe,accepted,TRUE
f264536b-a47c-42fc-a426-5821c7f55016,infraspecies,Animalia,t0027771,Margattea nimbata nimbata shirakii,subspecies,Animalia,Margattea nimbata shirakii,accepted,TRUE
573d38c5-4919-4101-8dcd-4ed54e2c7920,infraspecies,Animalia,t0105395,Centrocolumna gigas gigas gigas,subspecies,Animalia,Centrocolumna gigas gigas,accepted,TRUE
9a23caf4-0e07-4f6c-a24b-a82e25128a11,infraspecies,Animalia,t0105396,Centrocolumna striata striata striata,subspecies,Animalia,Centrocolumna striata striata,accepted,TRUE
d55322b8-8eb1-4c08-b731-a3604a4560e4,infraspecies,Animalia,t0085148,Centrocolumna striata striata wulaii,subspecies,Animalia,Centrocolumna striata wulaii,accepted,TRUE
ac75acc8-1fe7-4a4f-b28f-1effe98e6ed8,infraspecies,Animalia,t0086048,Panesthia angustipennis angustipennis spadica,subspecies,Animalia,Panesthia angustipennis spadica,accepted,TRUE
ac47463f-dc6a-4d0f-90a0-47191f1eb6ac,infraspecies,Animalia,t0086049,Panesthia angustipennis angustipennis yayeyamensis,subspecies,Animalia,Panesthia angustipennis yayeyamensis,accepted,TRUE
88cd4119-cf1f-4838-95c3-747dd5370dae,infraspecies,Animalia,t0086250,Micadina hoenei hoenei formosanum,subspecies,Animalia,Sinophasma hoenei formosanum,accepted,TRUE
d4b09403-939c-4895-8cc2-bbd0f61448ae,species,Animalia,t0048578,Velarifictorus (Velarifictorus) micado,species,Animalia,Velarifictorus micado,accepted,TRUE
25e17bd9-9455-4f45-bde9-ca870ccc7698,infraspecies,Animalia,t0085764,Horornis canturians canturians borealis,subspecies,Animalia,Horornis canturians borealis,accepted,TRUE
c27f7f5d-4482-43ac-b4f4-da45735e7c75,infraspecies,Animalia,t0085816,Latouchia formosensis formosensis smithi,subspecies,Animalia,Latouchia formosensis smithi,accepted,TRUE
6aea4758-bc1c-42f0-ae1e-077c13fc989f,infraspecies,Animalia,t0085235,Anas crecca crecca carolinensis,subspecies,Animalia,Anas crecca carolinensis,accepted,TRUE
c7e5ba9a-a9e4-419d-a51f-7f9366bcec83,infraspecies,Animalia,t0085435,Charadrius alexandrinus alexandrinus nihonensis,subspecies,Animalia,Anarhynchus alexandrinus nihonensis,accepted,TRUE
68bcb39a-e245-4103-a94e-7254eba8db86,infraspecies,Animalia,t0085893,Merops persicus persicus persicus,subspecies,Animalia,Merops persicus persicus,accepted,TRUE
efd00b02-94bc-4dc5-9ee2-57c86de0ceeb,infraspecies,Animalia,t0085801,Lanius isabellinus isabellinus isabellinus,subspecies,Animalia,Lanius isabellinus isabellinus,accepted,TRUE
e7667af8-d7bf-44de-a23f-5f7c86333aa6,infraspecies,Animalia,t0085802,Lanius tephronotus tephronotus tephronotus,subspecies,Animalia,Lanius tephronotus tephronotus,accepted,TRUE
cc2c77d7-0598-41cf-abf0-e9a6e2dada7f,infraspecies,Animalia,t0085173,Acrocephalus concinens concinens concinens,subspecies,Animalia,Acrocephalus concinens concinens,accepted,TRUE
a979f434-40d5-44b7-b409-830ae619ac28,infraspecies,Animalia,t0086111,Phylloscopus intermedius intermedius intermedius,subspecies,Animalia,Phylloscopus intermedius intermedius,accepted,TRUE
c74356e2-4bcc-43b0-a5ee-33d3e9820637,infraspecies,Animalia,t0085938,Motacilla alba alba personata,subspecies,Animalia,Motacilla alba personata,accepted,TRUE
83131693-7026-46e3-b12f-89b272a75a3c,infraspecies,Animalia,t0085859,Loxia curvirostra curvirostra japonica,subspecies,Animalia,Loxia curvirostra japonica,accepted,TRUE
71e0d009-f8f2-43f6-8a8c-c136574d5546,infraspecies,Animalia,t0085321,Balaenoptera edeni edeni brydei,subspecies,Animalia,Balaenoptera edeni brydei,accepted,TRUE
7676cf9a-9a80-489e-8271-9d6b92021024,infraspecies,Animalia,t0085056,Shijimia moorei moorei taiwana,subspecies,Animalia,Shijimia moorei taiwana,accepted,TRUE
4a1f1614-0ad5-4c87-890c-f7696795d17c,infraspecies,Animalia,t0085722,Habroloma griseonigrum griseonigrum chionochaetum,subspecies,Animalia,Habroloma griseonigrum chionochaetum,accepted,TRUE
acc1a518-e50d-4c5d-b2f0-6351999bf9a2,infraspecies,Animalia,t0085456,Chrysodema lewisii lewisii nakatai,subspecies,Animalia,Chrysodema lewisii nakatai,accepted,TRUE
7a754b0d-4156-48a3-b21d-6874244d76ae,infraspecies,Animalia,t0085133,Elephantomyia major major major,subspecies,Animalia,Elephantomyia major major,accepted,TRUE
e9514116-3836-4982-ad61-e0806dbadc93,species,Animalia,t0068278,Macronychia (Moschusa) polyodon,species,Animalia,Macronychia polyodon,accepted,TRUE
97b698cf-6a5f-4105-a422-917a0df60c68,infraspecies,Animalia,t0085827,Leptobelus gazella gazella sauteri,subspecies,Animalia,Leptobelus gazella sauteri,accepted,TRUE
45b6a136-54d4-4adf-a0a1-eeac6bda41d0,infraspecies,Animalia,t0086442,Xylotrechus subscalaris subscalaris basalis,subspecies,Animalia,Xylotrechus subscalaris basalis,accepted,TRUE
ea50f62e-948e-4e3a-aa7f-fb7da951f9e3,infraspecies,Animalia,t0097804,Cosmia restituta restituta picta,subspecies,Animalia,Cosmia restituta picta,accepted,TRUE
aed82ffa-1f71-4f59-91be-0e47b572e5bf,infraspecies,Animalia,t0101074,Eupithecia likiangi likiangi pedisequa,subspecies,Animalia,Eupithecia likiangi pedisequa,accepted,TRUE
3b403c32-caf1-4cbf-acb6-8b1a2eb434ae,infraspecies,Animalia,t0029088,Eupithecia robiginascens robiginascens flexicornuta,subspecies,Animalia,Eupithecia robiginascens flexicornuta,accepted,TRUE
8ef80f7a-ad73-4ab5-8e62-88f991f9339d,infraspecies,Animalia,t0029400,Graphium mullah mullah chungianus,subspecies,Animalia,Graphium mullah chungianus,accepted,TRUE
6a5f97a6-558e-4792-8dd9-24233b32ea00,infraspecies,Animalia,t0030920,Delias acalis acalis acalis,subspecies,Animalia,Delias acalis acalis,accepted,TRUE
23a13f43-d602-4dbe-bec5-4d4f5e452433,infraspecies,Animalia,t0030922,Delias pasithoe pasithoe pasithoe,subspecies,Animalia,Delias pasithoe pasithoe,accepted,TRUE
ef89a149-c5a9-4256-940a-261fab56dfb3,infraspecies,Animalia,t0084565,Pyrgus maculatus maculatus bocki,subspecies,Animalia,Pyrgus maculatus bocki,accepted,TRUE
02ec5f81-b794-412e-bc91-bc24552d8eed,infraspecies,Animalia,t0101067,Pseudocoladenia dan dan fabia,subspecies,Animalia,Pseudocoladenia dan fabia,accepted,TRUE
76f17fcc-1311-4835-a037-05f6126d94af,infraspecies,Animalia,t0084978,Potanthus confucius confucius confucius,subspecies,Animalia,Potanthus confucius confucius,accepted,TRUE
a1e4ecc0-5930-43db-9db1-92bd302faf13,infraspecies,Animalia,t0085027,Telicota colon colon stinga,subspecies,Animalia,Telicota colon stinga,accepted,TRUE
0ac37021-d481-4e4b-a72c-f7b7539a86c4,infraspecies,Animalia,t0084702,Caltoris bromus bromus bromus,subspecies,Animalia,Caltoris bromus bromus,accepted,TRUE
b345e5e2-e76c-4850-8d16-2c65e21700c6,infraspecies,Animalia,t0084658,Anthocharis scolymus scolymus scolymus,subspecies,Animalia,Anthocharis scolymus scolymus,accepted,TRUE
c9a696f9-7831-4297-a49e-5472af83b6b1,infraspecies,Animalia,t0027177,Ixias pyrene pyrene pyrene,subspecies,Animalia,Ixias pyrene pyrene,accepted,TRUE
2d88ff7e-2bb5-46fc-a15a-56c302890a78,infraspecies,Animalia,t0084806,Graphium mullah mullah mullah,subspecies,Animalia,Graphium mullah mullah,accepted,TRUE
6d41873c-78de-4ece-8592-5b75c4427903,infraspecies,Animalia,t0084943,Papilio paris paris paris,subspecies,Animalia,Papilio paris paris,accepted,TRUE
adcad1b2-4428-49b7-af3c-224aaba3a7e6,infraspecies,Animalia,t0085824,Lemula formosana formosana formosana,subspecies,Animalia,Lemula formosana formosana,accepted,TRUE
1025ef08-acbc-403c-aa5f-c5d8ae6e826d,infraspecies,Animalia,t0085823,Lemula formosana formosana aenea,subspecies,Animalia,Lemula formosana aenea,accepted,TRUE
5a84bfe0-081d-4961-9b29-ba7bee16b408,infraspecies,Animalia,t0084799,Gandaritis pseudolargetaui pseudolargetaui taiwana,subspecies,Animalia,Gandaritis pseudolargetaui taiwana,accepted,TRUE
67c03ba1-750c-4583-a703-793de565d938,infraspecies,Animalia,t0032822,Sibatania arizana arizana arizana,subspecies,Animalia,Sibatania arizana arizana,accepted,TRUE
267929f2-2985-476b-a5e9-580c3a75b634,infraspecies,Animalia,t0084530,Ammatho karenkensis karenkensis wushipheri,subspecies,Animalia,Ammatho karenkensis wushipheri,accepted,TRUE
b8cfd8da-3097-4a22-9f09-885925c9405a,infraspecies,Animalia,t0085257,Anthaxia huashanica huashanica sculpticollis,subspecies,Animalia,Anthaxia huashanica sculpticollis,accepted,TRUE
2469d5ee-77c4-4442-bf4e-942d50902b20,infraspecies,Animalia,t0028326,Trichopterigia sanguinipunctata sanguinipunctata sanguinipunctata,subspecies,Animalia,Trichopterigia sanguinipunctata sanguinipunctata,accepted,TRUE
1fa90c9b-4d3a-4849-99fb-a591461abc14,infraspecies,Animalia,t0084740,Colias erate erate sinensis,subspecies,Animalia,Colias erate sinensis,accepted,TRUE
c05b9690-698a-4029-b80c-8d9bab383843,infraspecies,Animalia,t0084932,Papilio bianor bianor bianor,subspecies,Animalia,Papilio bianor bianor,accepted,TRUE
603f2f01-4e9c-49eb-9b0f-789111addc70,infraspecies,Animalia,t0101483,Lebeda nobilis nobilis nobilis,subspecies,Animalia,Lebeda nobilis nobilis,accepted,TRUE
fd7432d3-acd2-47f2-b5c8-442c77742be7,infraspecies,Animalia,t0057721,Appias albina albina darada,subspecies,Animalia,Appias albina darada,accepted,TRUE
53a64f94-f150-423b-8be6-1aa12fea3a20,infraspecies,Animalia,t0029553,Hebomoia glaucippe glaucippe glaucippe,subspecies,Animalia,Hebomoia glaucippe glaucippe,accepted,TRUE
eae6bbe2-15e1-43b9-9302-5f1119c01a25,infraspecies,Animalia,t0105418,Artipe eryx eryx eryx,subspecies,Animalia,Artipe eryx eryx,accepted,TRUE
15975879-430d-4e24-a3ae-de73aa4e198c,infraspecies,Animalia,t0032996,Spindasis syama syama lamuae,subspecies,Animalia,Spindasis syama lamuae,accepted,TRUE
531b0637-c4d0-444f-98a3-eeba458f6ac9,infraspecies,Animalia,t0084701,Callopistria maillardi maillardi maillardi,subspecies,Animalia,Callopistria maillardi maillardi,accepted,TRUE
22c80f43-cd3d-4f03-957f-43541a1e0b39,infraspecies,Animalia,t0105417,Tongeia filicaudis filicaudis filicaudis,subspecies,Animalia,Tongeia filicaudis filicaudis,accepted,TRUE
c577a715-aea4-4622-ba42-3aa9c580c936,infraspecies,Animalia,t0057900,Bastilla joviana joviana joviana,subspecies,Animalia,Bastilla joviana joviana,accepted,TRUE
1d9f9c65-70c0-4a3d-96a0-57847a30e391,infraspecies,Animalia,t0085023,Taraka hamada hamada isona,subspecies,Animalia,Taraka hamada isona,accepted,TRUE
fc61b96b-871e-4662-a57b-1d40ffb4e0a6,infraspecies,Animalia,t0084551,Heliophorus ila ila chinensis,subspecies,Animalia,Heliophorus ila chinensis,accepted,TRUE
e8ed215a-6361-44f7-902a-e09f39e18d4c,infraspecies,Animalia,t0084535,Arhopala rama rama ramosa,subspecies,Animalia,Arhopala rama ramosa,accepted,TRUE
84b07d16-3ef3-4254-897f-58786564add7,infraspecies,Animalia,t0027185,Jamides bochus bochus plato,subspecies,Animalia,Jamides bochus plato,accepted,TRUE
3f23896d-4d6f-4812-9f46-2c31c75ae129,infraspecies,Animalia,t0084554,Jamides bochus bochus herodicus,subspecies,Animalia,Jamides bochus herodicus,accepted,TRUE
e35ea0c7-e783-485f-a2a4-b67fdff40e8f,infraspecies,Animalia,t0105403,Zizeeria maha maha maha,subspecies,Animalia,Zizeeria maha maha,accepted,TRUE
88530bfb-9452-4cf2-a741-6e6d3ae129c5,infraspecies,Animalia,t0085065,Hypocala deflorata deflorata deflorata,subspecies,Animalia,Hypocala deflorata deflorata,accepted,TRUE
22e95ab8-8a11-4fa8-a68b-cea7317124a9,infraspecies,Animalia,t0028617,Zizina otis otis otis,subspecies,Animalia,Zizina otis otis,accepted,TRUE
5d575722-40d7-43fa-ad82-9ad3774b83cb,infraspecies,Animalia,t0084527,Acytolepis puspa puspa gisca,subspecies,Animalia,Acytolepis puspa gisca,accepted,TRUE
040233e8-130b-4f91-957b-b7451f9f4922,infraspecies,Animalia,t0085058,Chilades pandava pandava pandava,subspecies,Animalia,Chilades pandava pandava,accepted,TRUE
cc543dac-bcd3-4194-96ee-7d2abd8b8212,infraspecies,Animalia,t0084919,Oroplexia fortunata fortunata fortunata,subspecies,Animalia,Oroplexia fortunata fortunata,accepted,TRUE
e9b0dc34-c22a-49a7-a779-542afdb1dbd6,infraspecies,Animalia,t0084714,Catoria olivescens olivescens olivescens,subspecies,Animalia,Catoria olivescens olivescens,accepted,TRUE
03b72168-32d4-4004-8620-abbafa769a9e,infraspecies,Animalia,t0085012,Syntypistis cyanea cyanea cyanea,subspecies,Animalia,Syntypistis cyanea cyanea,accepted,TRUE
2184cf16-84e5-4401-b734-4fbc838e7e1e,infraspecies,Animalia,t0033190,Syntypistis subgeneris subgeneris subgeneris,subspecies,Animalia,Syntypistis subgeneris subgeneris,accepted,TRUE
e6dd3f81-848e-4d8e-b83f-dfed87be2971,infraspecies,Animalia,t0030200,Catopsilia pomona pomona pomona,subspecies,Animalia,Catopsilia pomona pomona,accepted,TRUE
753c6697-dfae-4f68-ab09-06117cb1e772,infraspecies,Animalia,t0030201,Catopsilia pyranthe pyranthe pyranthe,subspecies,Animalia,Catopsilia pyranthe pyranthe,accepted,TRUE
a6201b17-ecd5-4b15-a6ad-1d46de7ed438,infraspecies,Animalia,t0085693,Gargara pallida pallida lineata,subspecies,Animalia,Gargara pallida lineata,accepted,TRUE
ebc78d7f-8c97-460d-9d13-c7fe7a8b6a15,infraspecies,Animalia,t0085454,Chrysodema dalmanni dalmanni penghuensis,subspecies,Animalia,Chrysodema dalmanni penghuensis,accepted,TRUE
7522ca36-5664-4be7-823d-41e3646143b4,infraspecies,Animalia,t0084653,Ambulyx ochracea ochracea ochracea,subspecies,Animalia,Ambulyx ochracea ochracea,accepted,TRUE
4e36290c-adc7-4af1-9256-cd7eae915641,infraspecies,Animalia,t0086213,Rhyparus kitanoi kitanoi taiwanus,subspecies,Animalia,Rhyparus kitanoi taiwanus,accepted,TRUE
7ee17ec9-e583-4922-8f9a-9d9fcd55b0f3,infraspecies,Animalia,t0084973,Polyptychus chinensis chinensis chinensis,subspecies,Animalia,Polyptychus chinensis chinensis,accepted,TRUE
78161fa1-cb1e-445b-b541-e3500c3da6be,infraspecies,Animalia,t0084709,Catocala seiohbo seiohbo sanctocula,subspecies,Animalia,Catocala seiohbo sanctocula,accepted,TRUE
b9ff1808-29aa-413e-8443-741ac7ab7237,infraspecies,Animalia,t0105420,Theretra clotho clotho clotho,subspecies,Animalia,Theretra clotho clotho,accepted,TRUE
2991ff57-bdb8-40a1-ade8-d824bdb8affb,infraspecies,Animalia,t0085586,Diploptera nigrescens nigrescens nigrescens,subspecies,Animalia,Diploptera nigrescens nigrescens,accepted,TRUE
fddf6c6f-0b9d-4ce0-8fa3-33f7420dd632,infraspecies,Animalia,t0105582,Theretra nessus nessus nessus,subspecies,Animalia,Theretra nessus nessus,accepted,TRUE
71cecbca-45a8-4317-b59b-15d712b16b62,infraspecies,Animalia,t0085035,Tosirips perpulchrana perpulchrana perpulchrana,subspecies,Animalia,Tosirips perpulchrana perpulchrana,accepted,TRUE
6e0f9674-fc59-40c6-ae9a-901dae9f7bc8,infraspecies,Animalia,t0085453,Chrysochroa fulgidissima fulgidissima fulgidissima,subspecies,Animalia,Chrysochroa fulgidissima fulgidissima,accepted,TRUE
a5b47c48-1f8b-44b8-8f62-5276920f648c,infraspecies,Animalia,t0084859,Lymantria xylina xylina xylina,subspecies,Animalia,Lymantria xylina xylina,accepted,TRUE
1cbebab3-5cb9-4258-926e-45059f72cd41,infraspecies,Animalia,t0030907,Data thalpophiloides thalpophiloides thalpophiloides,subspecies,Animalia,Data thalpophiloides thalpophiloides,accepted,TRUE
a3b14438-ee2d-4458-8894-648e08a58f1b,infraspecies,Animalia,t0051856,Megaceramis clara clara clara,subspecies,Animalia,Megaceramis clara clara,accepted,TRUE
51b6cb6c-aa1f-4042-a657-57c075149101,infraspecies,Animalia,t0085105,Rhipidia formosana formosana formosana,subspecies,Animalia,Rhipidia formosana formosana,accepted,TRUE
9eb0ad5d-6ea4-42d4-9534-1d497cc85f7d,infraspecies,Animalia,t0084918,Oroplexia erinacea erinacea erinacea,subspecies,Animalia,Oroplexia erinacea erinacea,accepted,TRUE
aa306f68-54e3-419d-9063-e392bc8419d8,infraspecies,Animalia,t0031778,Phaeochrous emarginatus emarginatus emarginatus,subspecies,Animalia,Phaeochrous emarginatus emarginatus,accepted,TRUE
973c047f-5bf8-4c6d-bdfb-54f3a0784532,infraspecies,Animalia,t0031172,Nola lucidalis lucidalis nephodes,subspecies,Animalia,Nola lucidalis nephodes,accepted,TRUE
d0c975dc-1c98-4bc1-8673-2180bbadbe02,infraspecies,Animalia,t0085822,Lema trivittata trivittata trivittata,subspecies,Animalia,Lema trivittata trivittata,accepted,TRUE
3eff4e19-ba42-464e-95da-3ecc12d5f79f,infraspecies,Animalia,t0030636,Colpodes acroglyptus acroglyptus acroglyptus,subspecies,Animalia,Colpodes acroglyptus acroglyptus,accepted,TRUE
34d88726-15ed-4e03-a560-3ff88ff60cc7,infraspecies,Animalia,t0085278,Archicolliuris bimaculata bimaculata bimaculata,subspecies,Animalia,Archicolliuris bimaculata bimaculata,accepted,TRUE
3af3e0e8-b479-4c18-bc71-2acee0dc85c0,infraspecies,Animalia,t0101493,Cleora contiguata contiguata contiguata,subspecies,Animalia,Cleora contiguata contiguata,accepted,TRUE
8fd11032-6087-4a1a-809a-6ffb93c213b9,infraspecies,Animalia,t0086014,Ophionea ishiii ishiii ishiii,subspecies,Animalia,Ophionea ishiii ishiii,accepted,TRUE
529ab018-6f78-4040-ac2b-516d5b0e91c5,infraspecies,Animalia,t0027818,Maxates versicauda versicauda versicauda,subspecies,Animalia,Maxates versicauda versicauda,accepted,TRUE
dc88be49-9ca2-4c77-bece-eaeca4918ecc,infraspecies,Animalia,t0105421,Mixochlora vittata vittata vittata,subspecies,Animalia,Mixochlora vittata vittata,accepted,TRUE
e1dee10f-c79c-48f2-a4ba-7912c8f0db40,infraspecies,Animalia,t0084913,Odontopera insulata insulata insulata,subspecies,Animalia,Odontopera insulata insulata,accepted,TRUE
116ad804-7689-4643-8eb1-4b1dd4e1125e,infraspecies,Animalia,t0101479,Pingasa alba alba alba,subspecies,Animalia,Pingasa alba alba,accepted,TRUE
5b697f0e-e7c2-40a8-8e7b-8db38dc8bb03,infraspecies,Animalia,t0032716,Scopula impersonata impersonata impersonata,subspecies,Animalia,Scopula impersonata impersonata,accepted,TRUE
49d4f75b-c942-4c0d-8e96-0b60c9dd7404,infraspecies,Animalia,t0032719,Scopula mecysma mecysma mecysma,subspecies,Animalia,Scopula mecysma mecysma,accepted,TRUE
9296288a-de31-48bd-9336-96870a2e23c1,infraspecies,Animalia,t0030809,Cyana hamata hamata hamata,subspecies,Animalia,Cyana hamata hamata,accepted,TRUE
86ffe68d-5938-4317-a0ad-faa949171d7c,infraspecies,Animalia,t0084826,Hyposidra talaca talaca talaca,subspecies,Animalia,Hyposidra talaca talaca,accepted,TRUE
132baf43-cc5f-4ff4-9cbc-0f56416896ef,infraspecies,Animalia,t0032912,Smerinthulus mirabilis mirabilis mirabilis,subspecies,Animalia,Smerinthulus mirabilis mirabilis,accepted,TRUE
c651bd03-f078-4f3c-81ab-f5a7eb567b7f,infraspecies,Animalia,t0033421,Togaritensha curvilinea curvilinea curvilinea,subspecies,Animalia,Togaritensha curvilinea curvilinea,accepted,TRUE
6bacaf64-48f2-45d5-84a9-808b3e4490f4,infraspecies,Animalia,t0084555,Jamides celeno celeno lydanus,subspecies,Animalia,Jamides celeno lydanus,accepted,TRUE
4a79a9f3-1176-4755-a306-adb9aeecd508,infraspecies,Animalia,t0084911,Odonestis pruni pruni rufescens,subspecies,Animalia,Odonestis pruni rufescens,accepted,TRUE
2f9140bf-3f02-414a-8ad0-e40f3b2608da,infraspecies,Animalia,t0057635,Ammatho karenkensis karenkensis karenkensis,subspecies,Animalia,Ammatho karenkensis karenkensis,accepted,TRUE
6fae1aa0-c940-4920-b376-4f87e54819c9,infraspecies,Animalia,t0030516,Chrysozephyrus mushaellus mushaellus mushaellus,subspecies,Animalia,Chrysozephyrus mushaellus mushaellus,accepted,TRUE
43fa4921-4da3-48cb-b412-4d81d282d2e7,infraspecies,Animalia,t0085455,Chrysodema eximia eximia berliozi,subspecies,Animalia,Chrysodema eximia berliozi,accepted,TRUE
daf19282-1d4e-4ecd-b726-38c4bb0d3826,infraspecies,Animalia,t0084970,Polia gigantea gigantea gigantea,subspecies,Animalia,Polia gigantea gigantea,accepted,TRUE
d4b5a246-88b0-4224-85e4-bcee6f211fa6,infraspecies,Animalia,t0030404,Chinasa costalis costalis bicoloriceps,subspecies,Animalia,Chinasa costalis bicoloriceps,accepted,TRUE
4f0be4a6-493e-4241-96ae-1e7ff4383fbc,infraspecies,Animalia,t0031211,Nyctemera carissima carissima formosana,subspecies,Animalia,Nyctemera carissima formosana,accepted,TRUE
f775a0d3-145a-4820-93a8-bacbaf2c8463,infraspecies,Animalia,t0101017,Lanius excubitor excubitor pallidirostris,subspecies,Animalia,Lanius excubitor pallidirostris,accepted,TRUE
2610d703-9b56-47ac-8d36-27175d63412a,infraspecies,Animalia,t0029111,Euryobeidia languidata languidata languidata,subspecies,Animalia,Euryobeidia languidata languidata,accepted,TRUE
c172503c-1dc2-4343-97df-ef02aaa25cbd,infraspecies,Animalia,t0057127,Hemiglaea costalis costalis costalis,subspecies,Animalia,Hemiglaea costalis costalis,accepted,TRUE
e3625327-5e57-470a-8231-8d03edd34026,infraspecies,Animalia,t0097338,Hypersypnoides submarginata submarginata submarginata,subspecies,Animalia,Hypersypnoides submarginata submarginata,accepted,TRUE
3d463226-e913-41aa-a1fa-aca2abe82d95,infraspecies,Animalia,t0102335,Amaurornis phoenicurus phoenicurus leucomelana,subspecies,Animalia,Amaurornis phoenicurus leucomelana,accepted,TRUE
5c500c82-521b-464e-9006-341a76b59496,infraspecies,Animalia,t0057093,Cyclophora intermixtaria intermixtaria intermixtaria,subspecies,Animalia,Cyclophora intermixtaria intermixtaria,accepted,TRUE
dd0a0196-62dc-4eda-bdf1-77084f4547fe,infraspecies,Animalia,t0098828,Scriptoplusia nigriluna nigriluna nigriluna,subspecies,Animalia,Scriptoplusia nigriluna nigriluna,accepted,TRUE
514c5987-3c7f-45f6-b2f6-b16bb7f0bfcc,infraspecies,Animalia,t0099030,Syntypistis nigribasalis nigribasalis nigribasalis,subspecies,Animalia,Syntypistis nigribasalis nigribasalis,accepted,TRUE
69841dfd-1e8e-460e-8211-0058abb31f1a,infraspecies,Animalia,t0085645,Eucriotettix oculatus oculatus oculatus,subspecies,Animalia,Eucriotettix oculatus oculatus,accepted,TRUE
d203668b-ebf0-4934-a220-c354b9fa3104,infraspecies,Animalia,t0086372,Traulia ornata ornata ornata,subspecies,Animalia,Traulia ornata ornata,accepted,TRUE
34f6a90a-fa71-4f99-bda6-c53d53081cf8,infraspecies,Animalia,t0101094,Catocala macula macula macula,subspecies,Animalia,Catocala macula macula,accepted,TRUE
07158031-07ad-4937-ae21-dba5a3f5f3ff,infraspecies,Animalia,t0085481,Conocephalus japonicus japonicus japonicus,subspecies,Animalia,Conocephalus japonicus japonicus,accepted,TRUE
903d2e82-3e79-4e3d-ac06-6193c6042064,infraspecies,Animalia,t0057099,Dysaethria erasaria erasaria erasaria,subspecies,Animalia,Dysaethria erasaria erasaria,accepted,TRUE
acea7887-71ca-4290-86a0-80c57dd914ae,infraspecies,Animalia,t0085190,Aethes cnicana cnicana taiwanica,subspecies,Animalia,Aethes cnicana taiwanica,accepted,TRUE
ebeef434-c3aa-4f3b-96e4-8817f5152807,infraspecies,Animalia,t0057142,Macroglossum faro faro faro,subspecies,Animalia,Macroglossum faro faro,accepted,TRUE
96ce14ec-e453-48fc-ba08-93f24c4a7cbd,infraspecies,Animalia,t0086036,Oxya japonica japonica japonica,subspecies,Animalia,Oxya japonica japonica,accepted,TRUE
1a03550d-c74e-4e2d-94be-2157f616ee66,infraspecies,Animalia,t0086332,Tectocepheus velatus velatus velatus,subspecies,Animalia,Tectocepheus velatus velatus,accepted,TRUE
d87d4a9b-f341-44d2-857f-923b3a054eff,infraspecies,Animalia,t0124894,Urothemis signata signata signata,subspecies,Animalia,Urothemis signata signata,accepted,TRUE
fddc3400-0932-4f43-be55-815acd02c15e,infraspecies,Animalia,t0084983,Pseudocoladenia dan dan dan,subspecies,Animalia,Pseudocoladenia dan dan,accepted,TRUE
0f102248-82c8-4a05-858d-8e69778b24e7,infraspecies,Animalia,t0029821,Hypolimnas anomala anomala truentus,subspecies,Animalia,Hypolimnas anomala truentus,accepted,TRUE
c9da62be-bf5e-4cdd-b28c-c8f8645fad60,infraspecies,Animalia,t0095969,Kaniska canace canace canace,subspecies,Animalia,Kaniska canace canace,accepted,TRUE
63886265-d37f-4635-a277-822ec340edfb,infraspecies,Animalia,t0098029,Neptis hylas hylas hylas,subspecies,Animalia,Neptis hylas hylas,accepted,TRUE
2f2773ec-4cdc-4d13-aff6-f176b267207d,infraspecies,Animalia,t0098328,Parantica aglea aglea melanoides,subspecies,Animalia,Parantica aglea melanoides,accepted,TRUE
c43e1a7e-e9c5-4748-8447-4dfdf4f5960a,infraspecies,Animalia,t0098563,Polygonia c-aureum c-aureum c-aureum,subspecies,Animalia,Polygonia c-aureum c-aureum,accepted,TRUE
ed07fbd1-430a-4546-b1b8-ac94b954df1c,infraspecies,Animalia,t0100996,Telchinia issoria issoria issoria,subspecies,Animalia,Telchinia issoria issoria,accepted,TRUE
90d29aad-2c5d-4053-8f23-dfe2e792c747,infraspecies,Animalia,t0100998,Tirumala ishmoides ishmoides sontinus,subspecies,Animalia,Tirumala ishmoides sontinus,accepted,TRUE
2de40b01-50c6-44b9-a075-788f96e643aa,infraspecies,Animalia,t0101004,Ypthima esakii esakii esakii,subspecies,Animalia,Ypthima esakii esakii,accepted,TRUE
77c8b891-9498-4e93-9358-d0951170975c,infraspecies,Animalia,t0101005,Ypthima norma norma norma,subspecies,Animalia,Ypthima norma norma,accepted,TRUE
1d0a213c-c5cc-4fb5-bfde-ff8da1896128,infraspecies,Animalia,t0101014,Kaniska canace canace ishima,subspecies,Animalia,Kaniska canace ishima,accepted,TRUE
017e0475-ada7-40f4-b9c6-8c1c1178a7c2,infraspecies,Animalia,t0101018,Lethe europa europa beroe,subspecies,Animalia,Lethe europa beroe,accepted,TRUE
28d127e2-83b2-4811-b098-6078ca171b8d,infraspecies,Animalia,t0101019,Lethe rohria rohria permagnis,subspecies,Animalia,Lethe rohria permagnis,accepted,TRUE
01922a7a-c364-4a9f-9c1b-8ae7bf10c12f,infraspecies,Animalia,t0101021,Limenitis sulpitia sulpitia sulpitia,subspecies,Animalia,Limenitis sulpitia sulpitia,accepted,TRUE
8c7a606b-02e3-460b-bf2d-6d7ad966967c,infraspecies,Animalia,t0101035,Nacaduba kurava kurava euplea,subspecies,Animalia,Nacaduba kurava euplea,accepted,TRUE
cd500c05-c2a1-4c09-a817-5d59599b174e,infraspecies,Animalia,t0101040,Neptis soma soma ominicola,subspecies,Animalia,Neptis soma ominicola,accepted,TRUE
0a59b985-8f0c-431b-9fd2-3a8e1e8f9e2c,infraspecies,Animalia,t0101051,Papilio machaon machaon schantungensis,subspecies,Animalia,Papilio machaon schantungensis,accepted,TRUE
05900483-949b-4ce6-b64c-00a57863750a,infraspecies,Animalia,t0101081,Graphium sarpedon sarpedon sarpedon,subspecies,Animalia,Graphium sarpedon sarpedon,accepted,TRUE
9e641b5f-e82c-4e8a-9b91-5315e459dbf6,infraspecies,Animalia,t0101085,Hypolimnas bolina bolina philippensis,subspecies,Animalia,Hypolimnas bolina philippensis,accepted,TRUE
aa205d4e-3a56-4736-bd50-2b23d17d094a,infraspecies,Animalia,t0101087,Boloria palina palina yangi,subspecies,Animalia,Boloria palina yangi,accepted,TRUE
d36e746e-03a5-43d6-af9b-1c9a856da2c3,infraspecies,Animalia,t0101107,Cyrestis thyodamas thyodamas chinensis,subspecies,Animalia,Cyrestis thyodamas chinensis,accepted,TRUE
c2ac272b-99ed-4519-9d74-65f17a51963a,infraspecies,Animalia,t0101121,Astictopterus jama jama chinensis,subspecies,Animalia,Astictopterus jama chinensis,accepted,TRUE
301e57fa-0a43-4b53-b621-c47f7b0d8ee0,infraspecies,Animalia,t0105431,Papilio agenor agenor agenor,subspecies,Animalia,Papilio agenor agenor,accepted,TRUE
435e630a-c310-47e3-bc23-d4e9a74cd014,infraspecies,Animalia,t0100974,Pseudoxenodon stejnegeri stejnegeri stejnegeri,subspecies,Animalia,Pseudoxenodon stejnegeri stejnegeri,accepted,TRUE
18dd97ee-d04e-4ed5-ae81-5d8e89b4558a,infraspecies,Animalia,t0102401,Mauremys mutica mutica mutica,subspecies,Animalia,Mauremys mutica mutica,accepted,TRUE
276ef774-5250-4394-aa20-96abc01a9ee9,infraspecies,Animalia,t0102402,Takydromus kuehnei kuehnei kuehnei,subspecies,Animalia,Takydromus kuehnei kuehnei,accepted,TRUE
7b45175d-8bb9-464f-a1ba-a33c4a7dbac8,infraspecies,Animalia,t0102407,Sibynophis chinensis chinensis chinensis,subspecies,Animalia,Sibynophis chinensis chinensis,accepted,TRUE
52388e0a-4398-45c2-8512-74c9c7d6e3d5,infraspecies,Animalia,t0102406,Lycodon ruhstrati ruhstrati ruhstrati,subspecies,Animalia,Lycodon ruhstrati ruhstrati,accepted,TRUE
a520128b-8965-46e0-9044-e9261ec980eb,infraspecies,Animalia,t0102403,Achalinus formosanus formosanus formosanus,subspecies,Animalia,Achalinus formosanus formosanus,accepted,TRUE
fad8855a-c629-45ac-ba70-b5a7e97922a8,infraspecies,Animalia,t0102404,Calamaria pavimentata pavimentata pavimentata,subspecies,Animalia,Calamaria pavimentata pavimentata,accepted,TRUE
b8d20e1c-90ed-46c9-97e5-9fa7a47731c9,infraspecies,Animalia,t0102405,Lycodon rufozonatus rufozonatus rufozonatus,subspecies,Animalia,Lycodon rufozonatus rufozonatus,accepted,TRUE
53dc200d-fcc9-4312-8254-e2e4ed084a16,infraspecies,Animalia,t0102408,Trimeresurus stejnegeri stejnegeri stejnegeri,subspecies,Animalia,Trimeresurus stejnegeri stejnegeri,accepted,TRUE
3bf41844-d824-4126-89b7-35abd27ffadf,infraspecies,Animalia,t0101024,Mareca strepera strepera strepera,subspecies,Animalia,Mareca strepera strepera,accepted,TRUE
1d99b38a-7163-4b9f-9693-a792660ee115,infraspecies,Animalia,t0032183,Psammodynastes pulverulentus pulverulentus papenfussi,subspecies,Animalia,Psammodynastes pulverulentus papenfussi,accepted,TRUE
8989ce3a-1469-4e44-83e7-1d441abbf286,infraspecies,Animalia,t0057686,Anser anser anser domesticus,subspecies,Animalia,Anser anser domesticus,accepted,TRUE
84abc7e0-53bf-4733-a52e-871cb611d1f3,infraspecies,Animalia,t0100990,Sterna hirundo hirundo hirundo,subspecies,Animalia,Sterna hirundo hirundo,accepted,TRUE
f79832ca-16e6-4af5-aa73-e712e2fea62c,infraspecies,Animalia,t0100991,Sterna hirundo hirundo tibetana,subspecies,Animalia,Sterna hirundo tibetana,accepted,TRUE
d3f3ac4d-c594-49b7-b5a4-7485f034affb,infraspecies,Animalia,t0100994,Synoicus chinensis chinensis chinensis,subspecies,Animalia,Synoicus chinensis chinensis,accepted,TRUE
576ba9cc-0fa7-4948-a797-8b54a28522b8,infraspecies,Animalia,t0101016,Lalage nigra nigra nigra,subspecies,Animalia,Lalage nigra nigra,accepted,TRUE
465651dc-8040-444c-b1a7-901e907636c9,infraspecies,Animalia,t0101022,Locustella mandelli mandelli melanorhyncha,subspecies,Animalia,Locustella mandelli melanorhyncha,accepted,TRUE
9ed4efa4-197c-4b38-b2fe-86a816155b4e,infraspecies,Animalia,t0101031,Muscicapa striata striata mongola,subspecies,Animalia,Muscicapa striata mongola,accepted,TRUE
24586434-f3a7-41d8-874c-f96e9f66e45a,infraspecies,Animalia,t0101032,Myophonus caeruleus caeruleus caeruleus,subspecies,Animalia,Myophonus caeruleus caeruleus,accepted,TRUE
73139b05-9f49-4993-9c07-53925833e530,infraspecies,Animalia,t0102061,Plestiodon chinensis chinensis chinensis,subspecies,Animalia,Plestiodon chinensis chinensis,accepted,TRUE
e8ffaea0-1894-4d87-814c-456a655f5529,infraspecies,Animalia,t0102330,Rallus aquaticus aquaticus korejewi,subspecies,Animalia,Rallus aquaticus korejewi,accepted,TRUE
b361477f-151e-4735-b94b-41ec6e211bdd,infraspecies,Animalia,t0101057,Pericrocotus speciosus speciosus fohkiensis,subspecies,Animalia,Pericrocotus speciosus fohkiensis,accepted,TRUE
a248e169-d506-41c9-8490-88a703fd733a,infraspecies,Animalia,t0101060,Phasianus colchicus colchicus torquatus,subspecies,Animalia,Phasianus colchicus torquatus,accepted,TRUE
9353e0a9-af30-4a9d-ba41-7f50bf5ae90a,infraspecies,Animalia,t0101070,Emberiza schoeniclus schoeniclus pyrrhulina,subspecies,Animalia,Emberiza schoeniclus pyrrhulina,accepted,TRUE
878a3a2b-4df2-4816-a2dd-6520f911bc93,infraspecies,Animalia,t0101076,Ficedula strophiata strophiata strophiata,subspecies,Animalia,Ficedula strophiata strophiata,accepted,TRUE
662dcd7c-8988-4df0-85bd-b2b6c6c73350,infraspecies,Animalia,t0101077,Fulmarus glacialis glacialis rodgersii,subspecies,Animalia,Fulmarus glacialis rodgersii,accepted,TRUE
32df7ca2-38c1-4ce4-9ba7-3f54e82cacd8,infraspecies,Animalia,t0105762,Prionailurus bengalensis bengalensis euptilurus,subspecies,Animalia,Prionailurus bengalensis euptilurus,accepted,TRUE
67f01745-188c-43e2-aa65-bca7d6f90721,infraspecies,Animalia,t0084975,Charaxes eudamippus eudamippus formosana,subspecies,Animalia,Charaxes eudamippus formosana,accepted,TRUE
41178504-dd7d-4131-b842-f6adfe52b976,infraspecies,Animalia,t0050358,Clelea formosana formosana kanoi,subspecies,Animalia,Clelea formosana kanoi,accepted,TRUE
cbd7eed8-56fe-4b49-9ca6-8612b8e28e56,infraspecies,Animalia,t0105888,Agrilus esakii esakii pudicus,subspecies,Animalia,Agrilus esakii pudicus,accepted,TRUE
cb12c3af-55fd-4466-b36a-90f06804dfeb,species,Animalia,t0106060,Modicogryllus (Modicogryllus) consobrinus,species,Animalia,Modicogryllus consobrinus,accepted,TRUE
5f0519c2-dc9a-49cf-999e-1a9fd98caf44,species,Animalia,t0032307,Pseudoxyroptilatila oenophanes,species,Animalia,Pseudoxyroptila oenophanes,accepted,TRUE
b369fe3e-dade-4db0-93cf-c96c99ce6e5e,species,Animalia,t0106042,Mnesibulus (Mnesibulus) okunii,species,Animalia,Mnesibulus okunii,accepted,TRUE
2b618b8a-fae5-4ea9-9b84-49c776a81f2c,subgenus,Animalia,t0026312,Bactrocera (Zeugodacus),subgenus,Animalia,Zeugodacus,accepted,FALSE
ada33067-434e-4a83-803f-a814d7d1ea11,subgenus,Animalia,t0026313,Utetheisa (Pitasila),subgenus,Animalia,Pitasila,accepted,TRUE
548a69c4-64f0-43a5-b285-a1f355050f74,subgenus,Animalia,t0101372,Sesapa (Sesapa),subgenus,Animalia,Sesapa,accepted,TRUE
a676a318-3300-4424-9bc4-580d1dc7f36b,subgenus,Animalia,t0101385,Atomaria (Atomaria),subgenus,Animalia,Atomaria,accepted,TRUE
fa69dbe5-09af-4798-882c-945fb93af592,subgenus,Animalia,t0101836,Nosodendron (Dendrodipnis),subgenus,Animalia,Dendrodipnis,accepted,TRUE
6150f909-e920-49e3-b1d5-8a64af5f6b86,subgenus,Animalia,t0102392,Armigeres (Armigeres),subgenus,Animalia,Armigeres,accepted,TRUE
074947ac-b8a0-4dc3-9cab-6213c769829c,subgenus,Animalia,t0102393,Armigeres (Leicesteria),subgenus,Animalia,Leicesteria,accepted,TRUE
3816ac02-e7f9-4696-8152-a64434e36c96,subgenus,Animalia,t0102394,Heizmannia (Heizmannia),subgenus,Animalia,Heizmannia,accepted,TRUE
70231410-c987-4354-8188-66e758a0b99d,subgenus,Animalia,t0102395,Heizmannia (Mattinglyia),subgenus,Animalia,Mattinglyia,accepted,TRUE
a914b011-e0c9-4685-b16c-e4e7669e960d,subgenus,Animalia,t0102717,Centropyge (Xiphypops),subgenus,Animalia,Xiphypops,accepted,FALSE
07ab5524-2e73-426b-bdbb-a3fef2dd03c7,subgenus,Animalia,t0103689,Sesapa (Nipponasura),subgenus,Animalia,Nipponasura,accepted,FALSE
cc799e62-13dc-42a2-b4fa-3d8494443ee4,subgenus,Animalia,t0106029,Gryllus (Gryllus),subgenus,Animalia,Gryllus,accepted,FALSE
2f2be88f-d113-4ae3-8cef-cff47cbee454,subgenus,Animalia,t0106030,Phaloria (Phaloria),subgenus,Animalia,Phaloria,accepted,TRUE
995de743-e938-4073-be1a-04f9e32332c2,subgenus,Animalia,t0106032,Teleogryllus (Teleogryllus),subgenus,Animalia,Teleogryllus,accepted,TRUE
504a3410-8894-41bb-8522-b1476becc035,subgenus,Animalia,t0106033,Modicogryllus (Modicogryllus),subgenus,Animalia,Modicogryllus,accepted,TRUE
e39ead94-5fc3-448b-a925-4008047f7331,subgenus,Animalia,t0106034,Teleogryllus (Macroteleogryllus),subgenus,Animalia,Macroteleogryllus,accepted,TRUE
e544be44-bf14-444a-91da-7b9a7f852efd,subgenus,Animalia,t0106035,Euscyrtus (Osus),subgenus,Animalia,Osus,accepted,TRUE
a1e55247-9a90-4ff1-a065-a70093955af7,subgenus,Animalia,t0106036,Mnesibulus (Mnesibulus),subgenus,Animalia,Mnesibulus,accepted,TRUE
a4d64601-fe07-49f7-926a-ef365bbc847d,subgenus,Animalia,t0106037,Pteronemobius (Pteronemobius),subgenus,Animalia,Pteronemobius,accepted,TRUE
2e21177a-cc0e-4289-bdd3-d9dc5e9c12f4,subgenus,Animalia,t0106038,Duolandrevus (Eulandrevus),subgenus,Animalia,Eulandrevus,accepted,TRUE
f28e52c5-7904-4ceb-bdf0-27283c531c0f,subgenus,Animalia,t0106039,Munda (Munda),subgenus,Animalia,Munda,accepted,TRUE
8cc9460a-9195-46fc-b7ac-9a50c8b37f2a,subgenus,Animalia,t0106040,Velarifictorus (Velarifictorus),subgenus,Animalia,Velarifictorus,accepted,TRUE
b1390186-c1e3-4536-b75a-78cce267eabe,subgenus,Animalia,t0106080,Myrmecophilus (Myrmecophilus),subgenus,Animalia,Myrmecophilus,accepted,TRUE
05bd8afb-a0d4-4c01-a5fc-e35151bf9430,subgenus,Animalia,t0106081,Myrmecophilus (Myrmophilina),subgenus,Animalia,Myrmophilina,accepted,TRUE
e561aa1f-ee07-4182-bbc5-810bbce8ea6b,subgenus,Animalia,t0106095,Diestrammena (Diestrammena),subgenus,Animalia,Diestrammena,accepted,TRUE
2c2e1d8e-b703-44c0-a7fc-0a9828359509,subgenus,Animalia,t0106797,Tipula (Formotipula),subgenus,Animalia,Formotipula,accepted,TRUE
e1955bd0-2c75-4dd1-b293-9b01f3f3c9fc,subgenus,Animalia,t0106995,Ammatho (Delineatia),subgenus,Animalia,Delineatia,accepted,FALSE
9fe8ec8f-b502-41c3-9a63-7fc6581522ee,subgenus,Animalia,t0107011,Ophiocoma (Breviturma),subgenus,Animalia,Breviturma,accepted,FALSE
b9031273-902c-4fc2-abb2-4f0b7c331d79,subgenus,Animalia,t0107086,Bos (Bubalus),subgenus,Animalia,Bubalus,accepted,FALSE
1ffeffde-8e5d-4700-a8b7-0a8ab4561bab,subgenus,Animalia,t0121684,Lioproctia (Burmanomyia),subgenus,Animalia,Burmanomyia,accepted,TRUE
1d56381c-3a90-4df0-8d39-8c7026010d46,subgenus,Animalia,t0121692,Macronychia (Moschusa),subgenus,Animalia,Moschusa,accepted,TRUE
358d20d5-80b2-4bbf-8003-3d4d76848e1d,subgenus,Animalia,t0121693,Senotainia (Arrenopus),subgenus,Animalia,Arrenopus,accepted,TRUE
0101b5f6-b02c-4072-b6a6-110476862fa7,subgenus,Animalia,t0121699,Sphenometopa (Asiaraba),subgenus,Animalia,Asiaraba,accepted,TRUE
fa1cc636-1dec-432e-822b-09cefaa71be2,subgenus,Animalia,t0121707,Helicophagella (Parabellieria),subgenus,Animalia,Parabellieria,accepted,TRUE
f373a885-608e-49d4-8048-2f35bf3bde1d,subgenus,Animalia,t0121712,Asceloctella (Asceloctella),subgenus,Animalia,Asceloctella,accepted,TRUE
7b551817-b78b-4db0-84f4-592f6c212fa5,subgenus,Animalia,t0121715,Myorhina (Pachystyleta),subgenus,Animalia,Pachystyleta,accepted,TRUE
7bacef47-f9d9-43d1-bd30-23f161779f45,subgenus,Animalia,t0121722,Liopygia (Liopygia),subgenus,Animalia,Liopygia,accepted,TRUE
c0369ede-b1a7-4d7c-8059-63bdb0566be4,subgenus,Animalia,t0121724,Liosarcophaga (Curranea),subgenus,Animalia,Curranea,accepted,TRUE
74c88636-4846-49d3-b6c3-9d4ff6612346,subgenus,Animalia,t0121725,Liosarcophaga (Liosarcophaga),subgenus,Animalia,Liosarcophaga,accepted,TRUE
7ff1b2ad-3a07-478d-b791-2cf643a5c9ad,subgenus,Animalia,t0121726,Liosarcophaga (Pandelleisca),subgenus,Animalia,Pandelleisca,accepted,TRUE
14777416-663b-44f7-8136-c8230c623a9d,subgenus,Animalia,t0121728,Parasarcophaga (Parasarcophaga),subgenus,Animalia,Parasarcophaga,accepted,TRUE
956ad0b8-140c-43b2-bf8e-2d43696a7944,subgenus,Animalia,t0121729,Parasarcophaga (Sinonipponia),subgenus,Animalia,Sinonipponia,accepted,TRUE
92813694-ec7f-488d-97ef-5d1ee633f3e3,subgenus,Animalia,t0121731,Robineauella (Digitiventra),subgenus,Animalia,Digitiventra,accepted,TRUE
81c41cb1-7d2c-4cf7-9101-bd3011350098,subgenus,Animalia,t0121734,Sarcosolomonia (Parkerimyia),subgenus,Animalia,Parkerimyia,accepted,TRUE
6344c1c4-5eda-4df7-9561-cb2bd74c073a,subgenus,Animalia,t0121741,Lioproctia (Coonoria),subgenus,Animalia,Coonoria,accepted,TRUE
cbd0ffaf-1f7d-45f4-a4df-ce3e58f78a92,subgenus,Animalia,t0122494,Metriogryllacris (Metriogryllacris),subgenus,Animalia,Metriogryllacris,accepted,TRUE
5d3b2dc5-4ebf-4ebe-87e4-41607f4438dc,subgenus,Animalia,t0122509,Coptodera (Coptoderina),subgenus,Animalia,Coptoderina,accepted,TRUE
88617164-28bc-4360-89cd-c1c47e33c273,subgenus,Animalia,t0122560,Netelia (Bessobates),subgenus,Animalia,Bessobates,accepted,FALSE
7b7f4c49-fe92-4081-b329-a060f9a04baf,subgenus,Animalia,t0122596,Plagiorhynchus (Plagiorhynchus),subgenus,Animalia,Plagiorhynchus,accepted,FALSE
bc44e029-304a-4480-b831-c19b9ac08c89,subgenus,Animalia,t0122597,Plagiorhynchus (Prosthorhynchus),subgenus,Animalia,Prosthorhynchus,accepted,TRUE
38e381a3-9600-487d-84fa-500a67113f12,subgenus,Animalia,t0123754,Stenobracon (Stenobracon),subgenus,Animalia,Stenobracon,accepted,TRUE
ce137b4f-7213-4150-bf24-78eba52ab671,subgenus,Animalia,t0123769,Aesalus (Huaesalus),subgenus,Animalia,Huaesalus,accepted,TRUE
4585b908-de1c-429d-b03e-aa3ca35d6c76,subgenus,Animalia,t0123770,Aesalus (Aesalus),subgenus,Animalia,Aesalus,accepted,FALSE
7fbd3d43-d5f7-41a8-9166-0e53209a2368,subgenus,Animalia,t0125236,Duolandrevus (Duolandrevus),subgenus,Animalia,Duolandrevus,accepted,FALSE
1dd24841-ee65-4bd7-87ba-70d67bca31a2,subgenus,Animalia,t0125469,Nerita (Linnerita),subgenus,Animalia,Linnerita,accepted,TRUE
f67fcac9-e8f2-4860-b1aa-c3daeb93c545,species,Animalia,t0096019,Laterialis oculatus,species,Animalia,Laterialis (Laterialis) oculatus,accepted,FALSE
7e04f9c7-44bd-424f-9fe7-9de332140009,species,Animalia,t0096030,Lema concinnipennis,species,Animalia,Lema (Lema) concinnipennis,accepted,FALSE
805daa53-6413-4d9b-9062-ecb463424303,species,Animalia,t0096031,Lema coronata,species,Animalia,Lema (Lema) coronata,accepted,FALSE
6c7d4510-0be8-4fe9-8bad-a5e5a6171746,species,Animalia,t0096032,Lema fortunei,species,Animalia,Lema (Petauristes) fortunei,accepted,FALSE
49391cbc-5766-4ff3-9d81-8e30dccb637a,species,Animalia,t0096033,Lema honorata,species,Animalia,Lema (Petauristes) honorata,accepted,FALSE
ee575cdd-e3c2-4ff7-be71-91d986856922,species,Animalia,t0096038,Lencophenga ornata,species,Animalia,Lencophenga (Lencophenga) ornata,accepted,FALSE
44bcda4e-a519-48a3-bece-b8963ccabb3d,species,Animalia,t0096093,Limnophila excelsa,species,Animalia,Limnophila (Adelphomyia) excelsa,accepted,FALSE
358312dd-dc87-4cb9-baeb-96bfc62ea9f7,species,Animalia,t0096094,Limnophila ferocia,species,Animalia,Limnophila (Adelphomyia) ferocia,accepted,FALSE
94c5a6c7-9469-4501-aa06-2bedd33a65f7,species,Animalia,t0096095,Limnophila platystyla,species,Animalia,Limnophila (Adelphomyia) platystyla,accepted,FALSE
a40fb197-ea5c-4f94-a860-3d1c2ea80936,species,Animalia,t0096096,Limnophila rantaizana,species,Animalia,Limnophila (Adelphomyia) rantaizana,accepted,FALSE
ea5d9ffc-60f0-4e22-9b0b-b6b1953598f7,species,Animalia,t0096097,Limnophila inaequalis,species,Animalia,Limnophila (Brachylimnophlila) inaequalis,accepted,FALSE
906b1541-5696-498d-af35-778a74108226,species,Animalia,t0096098,Limnophila nesonemoralis,species,Animalia,Limnophila (Brachylimnophlila) nesonemoralis,accepted,FALSE
657dd391-0857-4e3f-a52e-a8e53525c6d6,species,Animalia,t0096099,Limnophila dorsolineata,species,Animalia,Limnophila (Dicranophragma) dorsolineata,accepted,FALSE
d4374c37-e691-4d18-96e2-f05bb0a2b4ac,species,Animalia,t0096100,Limnophila formosa,species,Animalia,Limnophila (Dicranophragma) formosa,accepted,FALSE
b4019df6-8ec8-4b9e-a7b2-cafe71cd0b3e,species,Animalia,t0096101,Limnophila taiwanensis,species,Animalia,Limnophila (Dicranophragma) taiwanensis,accepted,FALSE
d52993a5-45c4-40c9-9efa-36a9083bc71b,species,Animalia,t0096102,Limnophila harukonis,species,Animalia,Limnophila (Prionolabis) harukonis,accepted,FALSE
d8fa7902-69ea-491b-9818-5ae3c3d24a64,species,Animalia,t0096103,Limnophila oritropha,species,Animalia,Limnophila (Prionolabis) oritropha,accepted,FALSE
563aaa80-39ff-4c68-9be3-acf86a6f6696,species,Animalia,t0096104,Limnophila serridentata,species,Animalia,Limnophila (Prionolabis) serridentata,accepted,FALSE
e245bb98-b8c4-4811-8b27-bc016548b4dd,species,Animalia,t0096105,Limonia ebriola,species,Animalia,Limonia (Dicranomyia) ebriola,accepted,FALSE
0d8a6a06-232b-4855-b0b2-8cf134f4101c,species,Animalia,t0096106,Limonia inscita,species,Animalia,Limonia (Dicranomyia) inscita,accepted,FALSE
edfe390c-b1ed-4e31-a3cb-24980df0f920,species,Animalia,t0096107,Limonia koxinga,species,Animalia,Limonia (Dicranomyia) koxinga,accepted,FALSE
7bfeb2a8-caef-4aba-8080-9d6f6e50df6a,species,Animalia,t0096108,Limonia montium,species,Animalia,Limonia (Dicranomyia) montium,accepted,FALSE
5ce92d52-b357-41da-bbd1-d290c76ca2de,species,Animalia,t0096109,Limonia subpunctulata,species,Animalia,Limonia (Dicranomyia) subpunctulata,accepted,FALSE
c2c4e805-3a25-45bf-8f93-6b6555bef6d7,species,Animalia,t0096110,Limonia tattakae,species,Animalia,Limonia (Dicranomyia) tattakae,accepted,FALSE
5d51bb2e-c9ef-4a35-be6d-833b1c61ebdf,species,Animalia,t0096111,Limonia tenuicula,species,Animalia,Limonia (Dicranomyia) tenuicula,accepted,FALSE
fb66711f-c1f9-4459-af85-285c86e14c89,species,Animalia,t0096112,Limonia taivanella,species,Animalia,Limonia (Discobola) taivanella,accepted,FALSE
9b94217b-43ee-45d7-92fc-2846b891ec8a,species,Animalia,t0096113,Limonia alpestris,species,Animalia,Limonia (Geranomyia) alpestris,accepted,FALSE
e716497e-a253-4e6c-be2a-0e548af13834,species,Animalia,t0096114,Limonia apicifasciata,species,Animalia,Limonia (Geranomyia) apicifasciata,accepted,FALSE
a64d3849-5d8e-4f7e-b54e-6d78fca8be29,species,Animalia,t0096115,Limonia pictorum,species,Animalia,Limonia (Geranomyia) pictorum,accepted,FALSE
220e0e24-3c99-4a4f-8ae8-40f34b6767a3,species,Animalia,t0096116,Limonia unifilosa,species,Animalia,Limonia (Geranomyia) unifilosa,accepted,FALSE
4dd3ee50-4eef-4dc5-bf02-3a5b4f2ede74,species,Animalia,t0096117,Limonia clitelligera,species,Animalia,Limonia (Goniodineura) clitelligera,accepted,FALSE
071dd78a-40c1-4635-978d-194aeef363c5,species,Animalia,t0096118,Limonia hassenana,species,Animalia,Limonia (Goniodineura) hassenana,accepted,FALSE
cc2b18e0-384a-4053-9fb9-248d62d7a010,species,Animalia,t0096119,Limonia imbellis,species,Animalia,Limonia (Goniodineura) imbellis,accepted,FALSE
1f69e8b7-0657-47ff-83bf-f87cc9a7d435,species,Animalia,t0096120,Limonia immetata,species,Animalia,Limonia (Goniodineura) immetata,accepted,FALSE
170cc1d5-ca8e-4957-bf01-471fd1c9550a,species,Animalia,t0096121,Limonia perparvuloides,species,Animalia,Limonia (Goniodineura) perparvuloides,accepted,FALSE
06c6f35a-f875-402f-9871-3b2c7f20b61d,species,Animalia,t0096122,Limonia comissabunda,species,Animalia,Limonia (Libnotes) comissabunda,accepted,FALSE
d1467643-4c8f-46b6-8430-f12fba148ae5,species,Animalia,t0096123,Limonia griseola,species,Animalia,Limonia (Libnotes) griseola,accepted,FALSE
263f5e93-9dd7-4bcc-b420-2329af8c330f,species,Animalia,t0096124,Limonia fraudulenta,species,Animalia,Limonia (Limonia) fraudulenta,accepted,FALSE
28cfe165-3d51-47fb-9355-348da873a784,species,Animalia,t0096125,Limonia inelegans,species,Animalia,Limonia (Limonia) inelegans,accepted,FALSE
1bef0efb-c78e-4239-b636-5ff7680ab636,species,Animalia,t0096126,Limonia melas,species,Animalia,Limonia (Limonia) melas,accepted,FALSE
102768f2-bb4d-467f-9dbe-0d8474e84ba4,species,Animalia,t0096127,Limonia rantaiensis,species,Animalia,Limonia (Limonia) rantaiensis,accepted,FALSE
839b664e-9c6f-4278-9500-16dfd0838f3a,species,Animalia,t0096128,Limonia subhostillis,species,Animalia,Limonia (Limonia) subhostillis,accepted,FALSE
6ddc79f2-7805-489e-9fb9-869a000c8312,species,Animalia,t0096129,Limonia aurita,species,Animalia,Limonia (Melanolimonia) aurita,accepted,FALSE
a0586efb-1c98-4882-aebd-4120f272a6d4,species,Animalia,t0096130,Limonia argyrata,species,Animalia,Limonia (Nealexandriaria) argyrata,accepted,FALSE
6b727440-4a10-4366-9a70-35d31b16af34,species,Animalia,t0096131,Limonia atayal,species,Animalia,Limonia (Nealexandriaria) atayal,accepted,FALSE
97fa7341-963c-4418-a52c-38163a2c1548,species,Animalia,t0096132,Limonia remissa,species,Animalia,Limonia (Neolimonia) remissa,accepted,FALSE
4d68c29c-3f0f-4bc7-8e77-6f93587b11a1,species,Animalia,t0096133,Limonia dimelania,species,Animalia,Limonia (Pseudoglochina) dimelania,accepted,FALSE
726dc360-7b58-44c6-80ad-45f7c3418189,species,Animalia,t0096134,Limonia monocycla,species,Animalia,Limonia (Pseudoglochina) monocycla,accepted,FALSE
66520830-9fc3-4a54-9515-759f1d479862,species,Animalia,t0096135,Limonia unisetosa,species,Animalia,Limonia (Thrypticomyia) unisetosa,accepted,FALSE
dbfb93d5-6b5c-4438-aa3b-ed204a459486,species,Animalia,t0096152,Lissodema uenoi,species,Animalia,Lissodema (Episcapha) uenoi,accepted,FALSE
bd38d65c-6d07-498b-864d-c65e043728b3,species,Animalia,t0096246,Lyponia kleinei,species,Animalia,Lyponia (Poniella) kleinei,accepted,FALSE
36d8f558-8c5b-4f59-af96-97b05868844c,species,Animalia,t0096247,Lyponia palpalis,species,Animalia,Lyponia (Poniella) palpalis,accepted,FALSE
2b6204d2-4cee-46c9-8c85-4fb7609ce4f7,species,Animalia,t0096272,Malthinus fenchihuensis,species,Animalia,Malthinus (Malthinus) fenchihuensis,accepted,FALSE
38e9764a-a411-44c5-8e3e-b1f6c3768cdf,species,Animalia,t0096273,Malthinus notsui,species,Animalia,Malthinus (Malthinus) notsui,accepted,FALSE
8acd27ba-8edf-4a36-8ce5-ffe3b6b60846,species,Animalia,t0096274,Malthinus ohbai,species,Animalia,Malthinus (Malthinus) ohbai,accepted,FALSE
f5137333-6312-48d0-be20-f740721c41fc,species,Animalia,t0096275,Malthinus palingensis,species,Animalia,Malthinus (Malthinus) palingensis,accepted,FALSE
570bdad1-7986-4a78-bbf4-8dde11e4dc74,species,Animalia,t0096276,Malthinus shimomurai,species,Animalia,Malthinus (Malthinus) shimomurai,accepted,FALSE
289e7037-2628-48f9-be16-6d13ad6f3fe0,species,Animalia,t0096277,Malthinus ssulingensis,species,Animalia,Malthinus (Malthinus) ssulingensis,accepted,FALSE
1e2d6fc4-3ced-4d50-bc5e-4bbab256f005,species,Animalia,t0096278,Malthinus taiwanoniger,species,Animalia,Malthinus (Malthinus) taiwanoniger,accepted,FALSE
181a8d6f-f658-430f-b944-7e76c3caddd9,species,Animalia,t0096279,Malthinus taiwanus,species,Animalia,Malthinus (Malthinus) taiwanus,accepted,FALSE
3c3e7aba-5c02-43b1-b5cf-cf8b8de7db0a,species,Animalia,t0096280,Malthinus vixlimbatus,species,Animalia,Malthinus (Malthinus) vixlimbatus,accepted,FALSE
296b2148-c924-4147-bff3-f2b497a8109c,species,Animalia,t0096281,Malthinus yangmingensis,species,Animalia,Malthinus (Malthinus) yangmingensis,accepted,FALSE
857513dd-6691-4868-a610-c6f7d5c70179,species,Animalia,t0096282,Malthodes brancuccii,species,Animalia,Malthodes (Malthodes) brancuccii,accepted,FALSE
cda738d0-5296-44c3-bb7a-bed4b55c42b7,species,Animalia,t0096283,Malthodes fenchihuensis,species,Animalia,Malthodes (Malthodes) fenchihuensis,accepted,FALSE
3bc8b88a-1df2-4b81-b697-6ac24d244ee1,species,Animalia,t0096284,Malthodes makiharai,species,Animalia,Malthodes (Malthodes) makiharai,accepted,FALSE
265e326f-94a1-4728-aec2-9528e2f10352,species,Animalia,t0096285,Malthodes niitakaensis,species,Animalia,Malthodes (Malthodes) niitakaensis,accepted,FALSE
be2d146b-834e-420c-b068-9edec116f711,species,Animalia,t0096286,Malthodes taiwanus,species,Animalia,Malthodes (Malthodes) taiwanus,accepted,FALSE
114b9087-36ef-4369-b3c7-526e3f07f443,species,Animalia,t0096350,Menimus formosanus,species,Animalia,Menimus (Menimus) formosanus,accepted,FALSE
96ad7c46-2c8d-4e73-9165-9ed4503ac184,species,Animalia,t0096370,Metopius baibarensis,species,Animalia,Metopius (Ceratopius) baibarensis,accepted,FALSE
c25180bc-e69c-43e3-8831-74bf4e02fb66,species,Animalia,t0096380,Micrencaustes taiwana,species,Animalia,Micrencaustes (Mimencaustes) taiwana,accepted,FALSE
2dae1912-e575-4ea6-beb3-499be48749af,species,Animalia,t0096385,Microdon stilboides,species,Animalia,Microdon (Microdon) stilboides,accepted,FALSE
44d129f2-0c34-452e-ab8e-711acb0e8572,species,Animalia,t0096428,Molophilus alcocostalis,species,Animalia,Molophilus (Molophilus) alcocostalis,accepted,FALSE
93d14279-6dd7-4a07-abe0-fed2fb3e96a0,species,Animalia,t0096429,Molophilus aricola,species,Animalia,Molophilus (Molophilus) aricola,accepted,FALSE
2b965056-1533-4ca0-8c3b-39e14a09b2c7,species,Animalia,t0096430,Molophilus arisanus,species,Animalia,Molophilus (Molophilus) arisanus,accepted,FALSE
1b348f34-4eb1-4d5a-806b-19fe686ee636,species,Animalia,t0096431,Molophilus editus,species,Animalia,Molophilus (Molophilus) editus,accepted,FALSE
e53192d4-484e-42d5-8326-14603a36c1fd,species,Animalia,t0096432,Molophilus ephippiger,species,Animalia,Molophilus (Molophilus) ephippiger,accepted,FALSE
cf9d7b66-b5bf-4aef-8020-7e1d3ac3c561,species,Animalia,t0096433,Molophilus hoplostylus,species,Animalia,Molophilus (Molophilus) hoplostylus,accepted,FALSE
b3679253-5e63-44b1-8062-277b4fe8c822,species,Animalia,t0096434,Molophilus issikii,species,Animalia,Molophilus (Molophilus) issikii,accepted,FALSE
b08a085a-801f-487c-a1a5-e188ec0abf32,species,Animalia,t0096435,Molophilus nifritus,species,Animalia,Molophilus (Molophilus) nifritus,accepted,FALSE
6d80f98b-3e65-48c0-9dbb-f7112e0dcf94,species,Animalia,t0096436,Molophilus nigripes,species,Animalia,Molophilus (Molophilus) nigripes,accepted,FALSE
9bba6f3b-f3ec-448f-a0c9-671612af1c0b,species,Animalia,t0096437,Molophilus nigritarsis,species,Animalia,Molophilus (Molophilus) nigritarsis,accepted,FALSE
7d4f6889-872e-4f81-b0ec-f1b57be48f87,species,Animalia,t0096438,Molophilus nokonis,species,Animalia,Molophilus (Molophilus) nokonis,accepted,FALSE
a6418b65-0139-48be-9412-7126832c1bd9,species,Animalia,t0096439,Molophilus pallidibasis,species,Animalia,Molophilus (Molophilus) pallidibasis,accepted,FALSE
7d42e4d7-d058-4a1c-90bb-e303deef7b81,species,Animalia,t0096440,Molophilus spinosissimus,species,Animalia,Molophilus (Molophilus) spinosissimus,accepted,FALSE
bd6d88af-0ca0-4e1c-a2a7-c04e9415425c,species,Animalia,t0096441,Molophilus alticola,species,Animalia,Molophilus (Neolimnophila) alticola,accepted,FALSE
3a9b7af0-b752-40d8-a925-e027148d4f87,species,Animalia,t0096445,Mongoloraphidia caelebs,species,Animalia,Mongoloraphidia (Formosoraphidia) caelebs,accepted,FALSE
bb75d11c-6ecf-4edc-a90d-faab67e9138c,species,Animalia,t0096446,Mongoloraphidia taiwanica,species,Animalia,Mongoloraphidia (Formosoraphidia) taiwanica,accepted,FALSE
6c88f6c9-88dd-42b4-a36d-353602d857ec,species,Animalia,t0096462,Musca conducens,species,Animalia,Musca (Byomya) conducens,accepted,FALSE
779b421b-c0fd-4634-ac00-af8ded4b0906,species,Animalia,t0096463,Musca sorbens,species,Animalia,Musca (Byomya) sorbens,accepted,FALSE
803a9ab9-0af1-4a8e-b891-da08dce47231,species,Animalia,t0096464,Musca ventrosa,species,Animalia,Musca (Byomya) ventrosa,accepted,FALSE
31f24f61-cdd7-4874-9710-051f784d6662,species,Animalia,t0096465,Musca domestica,species,Animalia,Musca (Musca) domestica,accepted,FALSE
623022f8-8200-4304-a5fe-294a073793ff,species,Animalia,t0096466,Musca crassirostris,species,Animalia,Musca (Philaematomyia) crassirostris,accepted,FALSE
1f79f87a-045b-413b-bfb0-e5dcee3a4d79,species,Animalia,t0096467,Musca inferior,species,Animalia,Musca (Ptilolpis) inferior,accepted,FALSE
2876a67c-50d1-4836-8bff-c2cdc7be4ead,species,Animalia,t0096494,Mythimna hirashimai,species,Animalia,Mythimna (Hyphilare) hirashimai,accepted,FALSE
dc1d72f1-71a8-4311-b8b7-9d3436e85f89,species,Animalia,t0096495,Mythimna lucida,species,Animalia,Mythimna (Mythimna) lucida,accepted,FALSE
659d0d7b-98a0-4c4d-b4aa-1c2cfd0afc42,species,Animalia,t0096496,Mythimna rushanensis,species,Animalia,Mythimna (Mythimna) rushanensis,accepted,FALSE
6e8b6262-5aac-4f05-95bc-720582540dfc,species,Animalia,t0096497,Mythimna wulinensis,species,Animalia,Mythimna (Mythimna) wulinensis,accepted,FALSE
305b3f36-eeb6-4f38-a32c-e4846552878b,species,Animalia,t0096538,Triaspis imitatus,species,Animalia,Triaspis (Schizoprymnus) imitatus,accepted,FALSE
3e1add96-13db-4181-957b-24c71702d60a,species,Animalia,t0096562,Trioza neolitsae,species,Animalia,Trioza (Megatrioza) neolitsae,accepted,FALSE
8e289fd7-d3da-4b0c-97e1-d8c5c436f7a3,species,Animalia,t0096571,Trochocyathus rhombocolumna,species,Animalia,Trochocyathus (Trochocyathus) rhombocolumna,accepted,FALSE
7213654a-5eda-40fc-91c9-f5151e350a5d,species,Animalia,t0096613,Ula flavidibasis,species,Animalia,Ula (Ula) flavidibasis,accepted,FALSE
3e148e87-20df-4d04-bf12-3cb08212b53a,species,Animalia,t0096614,Ula fuscistigma,species,Animalia,Ula (Ula) fuscistigma,accepted,FALSE
03970013-1866-49d2-9c9e-4d3d4e76f29f,species,Animalia,t0096615,Ula superelegans,species,Animalia,Ula (Ula) superelegans,accepted,FALSE
e697a88f-b28a-49ec-aed4-04be9ea756d5,species,Animalia,t0096621,Uranotaenia novobscura,species,Animalia,Uranotaenia (Pseudoficalbia) novobscura,accepted,FALSE
aaad8fdc-1a2b-4007-af22-7a6178d2e07f,species,Animalia,t0096622,Uranotaenia annandalei,species,Animalia,Uranotaenia (Uranotaensis) annandalei,accepted,FALSE
cb3b2d4e-35bc-4b4d-9845-61c4015e509b,species,Animalia,t0096623,Uranotaenia hebes,species,Animalia,Uranotaenia (Uranotaensis) hebes,accepted,FALSE
0e1703fb-d7de-4c3f-abc5-6690c29b88c3,species,Animalia,t0096679,Xenokeroplatus gozmanyi,species,Animalia,Xenokeroplatus (Tipulokeroplatus) gozmanyi,accepted,FALSE
64a1d72f-df57-40ff-a5e7-6fd8db94ea09,species,Animalia,t0096734,Zoraida nitobii,species,Animalia,Zoraida (Zoraida) nitobii,accepted,FALSE
23eb5d71-27af-41ba-95e2-c738577f9014,species,Animalia,t0096765,Dolichopeza issikiella,species,Animalia,Dolichopeza (Dolichopeza) issikiella,accepted,FALSE
28a4f60e-3df5-410d-b227-92dcbb2a879c,species,Animalia,t0096766,Dolichopeza taiwanicola,species,Animalia,Dolichopeza (Mitopeza) taiwanicola,accepted,FALSE
28b51ef1-b349-41d0-b1eb-e89aba18c0fe,species,Animalia,t0096767,Dolichopeza lugubrivestis,species,Animalia,Dolichopeza (Nesopeza) lugubrivestis,accepted,FALSE
9bb99ea8-3973-46ce-b33c-9d5640f2fa68,species,Animalia,t0096768,Dolichopeza profundemarginata,species,Animalia,Dolichopeza (Nesopeza) profundemarginata,accepted,FALSE
dc7549e9-32c8-453c-ab69-52b032477c03,species,Animalia,t0096769,Dolichopeza subalbitibia,species,Animalia,Dolichopeza (Nesopeza) subalbitibia,accepted,FALSE
9c4929ef-589c-4c38-82bd-5bfbc7da3f8e,species,Animalia,t0096770,Dolichopeza tuberculifera,species,Animalia,Dolichopeza (Nesopeza) tuberculifera,accepted,FALSE
cf3d089f-61bd-47a1-833c-ee82f087a7bc,species,Animalia,t0096791,Drosophila repleta,species,Animalia,Drosophila (Drosophila) repleta,accepted,FALSE
911aeed1-2b46-4294-a224-4b9c9639eece,species,Animalia,t0096792,Drosophila ananassae,species,Animalia,Drosophila (Sophophora) ananassae,accepted,FALSE
b919680e-5f24-4b04-a73d-8f62c708f4e5,species,Animalia,t0096793,Drosophila elegans,species,Animalia,Drosophila (Sophophora) elegans,accepted,FALSE
c714a33e-2656-43a8-b621-4d3f98376ac5,species,Animalia,t0096794,Drosophila eugracilis,species,Animalia,Drosophila (Sophophora) eugracilis,accepted,FALSE
c5f0f77f-a36d-4e43-bde7-7e4746ec1645,species,Animalia,t0096795,Drosophila lini,species,Animalia,Drosophila (Sophophora) lini,accepted,FALSE
227cb897-3120-4f0d-9ec6-f0026d42c4de,species,Animalia,t0096796,Drosophila parabipectinata,species,Animalia,Drosophila (Sophophora) parabipectinata,accepted,FALSE
f52b9380-df15-409a-a661-19569764335d,species,Animalia,t0096797,Drosophila quadraria,species,Animalia,Drosophila (Sophophora) quadraria,accepted,FALSE
49d2628e-a222-47e2-9ca5-1c94e97c0bde,species,Animalia,t0096798,Drosophila trilutea,species,Animalia,Drosophila (Sophophora) trilutea,accepted,FALSE
ab7fc4dc-2e05-43f9-ab7b-ed5b95236389,species,Animalia,t0096805,Dysdercus fuscomaculatus,species,Animalia,Dysdercus (Leptophthalmus) fuscomaculatus,accepted,FALSE
9224999f-9814-4057-8242-3e8b957ae1e4,species,Animalia,t0096819,Ectemnius alishanus,species,Animalia,Ectemnius (Menyllus) alishanus,accepted,FALSE
2a3430d4-80c8-4d76-9345-f00812a47317,species,Animalia,t0096834,Elachiptera umbrosa,species,Animalia,Elachiptera (Melanochaeta) umbrosa,accepted,FALSE
61d71cad-ac4c-4021-a446-7dd0b127cdf1,species,Animalia,t0096899,Epiphragma divisum,species,Animalia,Epiphragma (Epiphragma) divisum,accepted,FALSE
dfb7ad56-f81b-4bbc-a533-9785bd335427,species,Animalia,t0096900,Epiphragma nymphicum,species,Animalia,Epiphragma (Epiphragma) nymphicum,accepted,FALSE
515b02b8-efcf-408d-8693-6e7f7f44ff0a,species,Animalia,t0096917,Epuraea concolor,species,Animalia,Epuraea (Haptoncus) concolor,accepted,FALSE
0edb9f90-9bd2-4b30-ab61-36b3a1e51a6a,species,Animalia,t0096927,Erioptera ensifera,species,Animalia,Erioptera (Meterioptera) ensifera,accepted,FALSE
03d970ca-4a14-465e-a5a1-8da6a833438f,species,Animalia,t0096928,Erioptera luliana,species,Animalia,Erioptera (Psiloconopa) luliana,accepted,FALSE
19e09d20-e6d8-4d65-814f-9c22940c0fc3,species,Animalia,t0096929,Erioptera tenuisentis,species,Animalia,Erioptera (Psiloconopa) tenuisentis,accepted,FALSE
90f36d6b-bb1a-413b-aa5c-e4505c6d6181,species,Animalia,t0096930,Erioptera subsessillis,species,Animalia,Erioptera (Tasiocerodes) subsessillis,accepted,FALSE
51a87883-410d-409e-bcb9-7ac92c27bbfc,species,Animalia,t0097044,Farrania orbus,species,Animalia,Farrania (Drepanopsis) orbus,accepted,FALSE
cffe2a57-c58a-4f43-9331-f83209a2d0d0,species,Animalia,t0097052,Flabellum lamellulosum,species,Animalia,Flabellum (Flabellum) lamellulosum,accepted,FALSE
182bc260-2818-4749-a44e-747c9a8a3cef,species,Animalia,t0097053,Flabellum japonicum,species,Animalia,Flabellum (Ulocyathus) japonicum,accepted,FALSE
321b49a2-459e-4590-a612-144535ebb099,species,Animalia,t0097056,Forcipomyia tokunagai,species,Animalia,Forcipomyia (Synthyridomyia) tokunagai,accepted,FALSE
05b067e2-685a-4ea1-90f9-fb0ff298b88d,species,Animalia,t0097092,Gastrophysa atrocyanea,species,Animalia,Gastrophysa (Gastrophysa) atrocyanea,accepted,FALSE
4aa8fad0-d783-454c-b69f-1032b92111d8,species,Animalia,t0097134,Gnophomyia curticellula,species,Animalia,Gnophomyia (Idiocera) curticellula,accepted,FALSE
fbbd97d1-f20e-4395-ac1b-1bc8d0bce209,species,Animalia,t0097135,Gnophomyia pruinosa,species,Animalia,Gnophomyia (Idiocera) pruinosa,accepted,FALSE
8bebe6c2-e2a6-4816-af53-a02ce5c47c26,species,Animalia,t0097136,Gnophomyia gressitti,species,Animalia,Gnophomyia (Lipophleps) gressitti,accepted,FALSE
4f49544e-3711-4051-9b01-879178c0a276,species,Animalia,t0097137,Gnophomyia neonebulosa,species,Animalia,Gnophomyia (Lipophleps) neonebulosa,accepted,FALSE
0838afd3-84b8-48b6-88f2-80b976fa7641,species,Animalia,t0097138,Gnophomyia praedita,species,Animalia,Gnophomyia (Lipophleps) praedita,accepted,FALSE
5b0362d2-7756-4804-a5da-8d9c039e58d1,species,Animalia,t0097139,Gnophomyia sauteri,species,Animalia,Gnophomyia (Lipophleps) sauteri,accepted,FALSE
ae757274-9590-40df-9ebb-b52706511c5f,species,Animalia,t0097140,Gnophomyia sinuosa,species,Animalia,Gnophomyia (Lipophleps) sinuosa,accepted,FALSE
6e8838e9-aa79-4255-a177-1aa1d7325e2d,species,Animalia,t0097141,Gnophomyia clitelata,species,Animalia,Gnophomyia (Protogonomyia) clitelata,accepted,FALSE
4681cfdb-cf4d-46f0-aa80-24621bd1f8ef,species,Animalia,t0097142,Gnophomyia scutellumalbum,species,Animalia,Gnophomyia (Protogonomyia) scutellumalbum,accepted,FALSE
1b057476-172e-4cad-b69c-2ea35e43a14e,species,Animalia,t0097143,Gnophomyia ptilostenoides,species,Animalia,Gnophomyia (Ptilostenoides) ptilostenoides,accepted,FALSE
2af44ab5-058d-4922-8f5f-328af4709e6e,species,Animalia,t0097162,Gonioctena scutellaris,species,Animalia,Gonioctena (Brachyphytodecta) scutellaris,accepted,FALSE
5d4694bd-3ad0-42eb-969b-81d53257720f,species,Animalia,t0097163,Gonioctena nigroplagiata,species,Animalia,Gonioctena (Sinomela) nigroplagiata,accepted,FALSE
3bde6e24-8b59-4d57-bed6-71f232904991,species,Animalia,t0097182,Greenidea viticola,species,Animalia,Greenidea (Paragreenidea) viticola,accepted,FALSE
719bb01c-78e1-4687-b48c-e2f0b7833465,species,Animalia,t0097183,Greenidea mushana,species,Animalia,Greenidea (Trichosiphum) mushana,accepted,FALSE
61805d3f-c678-48ba-b94c-1749d684372e,species,Animalia,t0097184,Greenidea myricae,species,Animalia,Greenidea (Trichosiphum) myricae,accepted,FALSE
1d30904c-763d-4d8f-a248-8e6edabdef3e,species,Animalia,t0097212,Harpalus capito,species,Animalia,Harpalus (Pseudoophonus) capito,accepted,FALSE
d628033e-8b91-4e5c-b3d9-21b56ce814f1,species,Animalia,t0097213,Harpalus roninus,species,Animalia,Harpalus (Pseudoophonus) roninus,accepted,FALSE
c4b29d1f-7805-409b-9eaa-857d1e912e23,species,Animalia,t0097228,Helius perelegans,species,Animalia,Helius (Eurhamphidia) perelegans,accepted,FALSE
c1350cf5-16e3-4403-91ba-84bda99a181c,species,Animalia,t0097229,Helius attenuatus,species,Animalia,Helius (Helius) attenuatus,accepted,FALSE
1cdc2cf1-d09c-492b-bbc7-76339acdbf82,species,Animalia,t0097230,Helius chikuriensis,species,Animalia,Helius (Helius) chikuriensis,accepted,FALSE
307e816c-5ae3-46a2-b1e8-6459df9d940c,species,Animalia,t0097231,Helius liliputanus,species,Animalia,Helius (Helius) liliputanus,accepted,FALSE
a0ce9da8-f681-417f-bc03-32a34f71abfa,species,Animalia,t0097232,Helius minusculus,species,Animalia,Helius (Helius) minusculus,accepted,FALSE
bdb9d2b5-f576-46e5-bf3d-3ed652ae819f,species,Animalia,t0097233,Helius rufithorax,species,Animalia,Helius (Helius) rufithorax,accepted,FALSE
8ee1cd82-9718-4712-8ecb-5c44caf921b6,species,Animalia,t0097234,Helius subfasciatus,species,Animalia,Helius (Helius) subfasciatus,accepted,FALSE
bcbe610e-88cd-4bb6-8237-ccd41e4cebd4,species,Animalia,t0097235,Helius tenuistylus,species,Animalia,Helius (Helius) tenuistylus,accepted,FALSE
1139c681-a454-45ff-bd2f-35f4773cc8eb,species,Animalia,t0097287,Homoeocerus striicornis,species,Animalia,Homoeocerus (Anacanthocoris) striicornis,accepted,FALSE
afe42093-4969-4673-ac69-67f82303fe3a,species,Animalia,t0097288,Homolobus undulatus,species,Animalia,Homolobus (Chartolobus) undulatus,accepted,FALSE
c08599aa-4501-4775-ad4d-c5e91fff5f95,species,Animalia,t0097324,Hygia pedestris,species,Animalia,Hygia (Hygia) pedestris,accepted,FALSE
fcdd3f1d-30ea-4c90-8eef-20619b009bd2,species,Animalia,t0097350,Hypselothyrea formosana,species,Animalia,Hypselothyrea (Deplanothyrea) formosana,accepted,FALSE
ef56ce89-c9a7-4947-8855-c21a7e1649ce,species,Animalia,t0097397,Brachypeplus latus,species,Animalia,Brachypeplus (Brachypeplus) latus,accepted,FALSE
75eabfbc-0170-4afb-b982-12befff9d37e,species,Animalia,t0097398,Brachypeplus apicalis,species,Animalia,Brachypeplus (Selis) apicalis,accepted,FALSE
2f1fb575-b9d3-4f74-bfcf-58d2b221f579,species,Animalia,t0097406,Bryocoris gracilis,species,Animalia,Bryocoris (Bryocoris) gracilis,accepted,FALSE
9257e969-6036-4d2d-8396-20ff0e89445b,species,Animalia,t0097407,Bryocoris flaviceps,species,Animalia,Bryocoris (Cobalorrhynchus) flaviceps,accepted,FALSE
6809dd5b-abcd-4e03-b35d-acaa71fb762e,species,Animalia,t0097430,Caccobius scrofa,species,Animalia,Caccobius (Caccophilus) scrofa,accepted,FALSE
d0ad9ae4-533c-4300-a230-808bc317699c,species,Animalia,t0097479,Campsomeris ilanensis,species,Animalia,Campsomeris (Campsomeriella) ilanensis,accepted,FALSE
f2357e9a-6be0-4b17-af14-707c4de30a22,species,Animalia,t0097480,Campsomeris binghami,species,Animalia,Campsomeris (Megacampsomeris) binghami,accepted,FALSE
f16454f1-f3c2-406a-9ddd-d4081f7da48c,species,Animalia,t0097481,Campsomeris formosensis,species,Animalia,Campsomeris (Megacampsomeris) formosensis,accepted,FALSE
69489f77-8475-44b3-8e72-75311dca1dab,species,Animalia,t0097482,Campsomeris taiwana,species,Animalia,Campsomeris (Megacampsomeris) taiwana,accepted,FALSE
af26da7a-cdac-4c6b-b918-1dd87327533f,species,Animalia,t0097483,Campsomeris uchidai,species,Animalia,Campsomeris (Megacampsomeris) uchidai,accepted,FALSE
7d4d63df-d2e8-4f27-bca5-39e75f2de2b8,species,Animalia,t0097503,Carcelia caudata,species,Animalia,Carcelia (Carcelia) caudata,accepted,FALSE
3e73f2de-8d42-4907-aefc-90a76b959b61,species,Animalia,t0097504,Carcelia frontalis,species,Animalia,Carcelia (Carcelia) frontalis,accepted,FALSE
6bc76bd1-0983-4775-9f34-d0470e224af0,species,Animalia,t0097505,Carcelia rasoides,species,Animalia,Carcelia (Carcelia) rasoides,accepted,FALSE
c490e4a9-8290-4a76-afce-adf581047275,species,Animalia,t0097506,Carcelia rutilloides,species,Animalia,Carcelia (Carcelia) rutilloides,accepted,FALSE
5d2d5b91-2a46-4b72-9afe-1f9c081a245f,species,Animalia,t0097507,Carcelia setosella,species,Animalia,Carcelia (Carcelia) setosella,accepted,FALSE
eea1862d-07d2-4cee-89e4-f90ea5e7c580,species,Animalia,t0097508,Carcelia sexta,species,Animalia,Carcelia (Carcelia) sexta,accepted,FALSE
30f0b74d-96d0-46df-9fcf-81f4af08b4af,species,Animalia,t0097509,Carcelia aberrans,species,Animalia,Carcelia (Carceliella) aberrans,accepted,FALSE
57388604-75ad-4ddc-a549-975c48d6db9a,species,Animalia,t0097510,Carcelia hirsuta,species,Animalia,Carcelia (Carceliella) hirsuta,accepted,FALSE
07b34f4b-59ee-4be8-86b7-5e24a7bb9107,species,Animalia,t0097511,Carcelia pilosella,species,Animalia,Carcelia (Carceliella) pilosella,accepted,FALSE
e88e73b3-1bf7-4006-9ea0-12df87c43daf,species,Animalia,t0097512,Carcelia septima,species,Animalia,Carcelia (Carceliella) septima,accepted,FALSE
caa37f7e-fbe7-4872-8a55-dd9e6b9f47c2,species,Animalia,t0097523,Carpophilus chalybaeus,species,Animalia,Carpophilus (Capophilus) chalybaeus,accepted,FALSE
3de3735f-39ff-48e0-a0a3-93a5c8965aa6,species,Animalia,t0097524,Carpophilus marginellus,species,Animalia,Carpophilus (Capophilus) marginellus,accepted,FALSE
b5d5405d-8018-4778-81c1-51422f5ddbff,species,Animalia,t0097525,Carpophilus funereus,species,Animalia,Carpophilus (Megacarpolus) funereus,accepted,FALSE
532a0b66-58e8-4c13-9607-9988a225a508,species,Animalia,t0097526,Carpophilus triton,species,Animalia,Carpophilus (Megacarpolus) triton,accepted,FALSE
6a25bf37-fd96-406e-acb5-6a80f55eb975,species,Animalia,t0097527,Carpophilus shioedtei,species,Animalia,Carpophilus (Myothorax) shioedtei,accepted,FALSE
3438a73f-4805-4440-86fe-32ae641f44f7,species,Animalia,t0097528,Carpophilus truncatus,species,Animalia,Carpophilus (Myothorax) truncatus,accepted,FALSE
c6b7bdd1-5fd0-4300-9a47-1ff98ad37a7a,species,Animalia,t0097530,Caryophyllia ambrosia,species,Animalia,Caryophyllia (Caryophyllia) ambrosia,accepted,FALSE
fcbf026a-1636-41e6-b821-53ab94effd7c,species,Animalia,t0097531,Caryophyllia hawaiiensis,species,Animalia,Caryophyllia (Caryophyllia) hawaiiensis,accepted,FALSE
27911e36-a995-4206-ae62-186ad9a08c7f,species,Animalia,t0097532,Caryophyllia quadragenaria,species,Animalia,Caryophyllia (Caryophyllia) quadragenaria,accepted,FALSE
be735e66-be83-4291-b74d-ddc4207a6f9b,species,Animalia,t0097533,Caryophyllia rugosa,species,Animalia,Caryophyllia (Caryophyllia) rugosa,accepted,FALSE
6e9aa511-f881-40a9-9a2c-ef3f2ce2ecb9,species,Animalia,t0097534,Caryophyllia scobinosa,species,Animalia,Caryophyllia (Caryophyllia) scobinosa,accepted,FALSE
3977825b-1930-4f41-8cd8-6b623107adad,species,Animalia,t0097576,Centistes choui,species,Animalia,Centistes (Chaetocentistes) choui,accepted,FALSE
991972b2-a080-45d7-a424-dcd44cbc8271,species,Animalia,t0097616,Chaetocnema granulosa,species,Animalia,Chaetocnema (Chaetocnema) granulosa,accepted,FALSE
62406d7c-b45c-4ea7-b11c-93fc14b86816,species,Animalia,t0097617,Chaetocnema nigrica,species,Animalia,Chaetocnema (Chaetocnema) nigrica,accepted,FALSE
64c60275-1169-4121-803d-ed4fb32914eb,species,Animalia,t0097618,Chaetocnema wallacei,species,Animalia,Chaetocnema (Chaetocnema) wallacei,accepted,FALSE
3c146b24-1a87-49f9-8b92-8c9373843dc4,species,Animalia,t0097619,Chaetocnema malayana,species,Animalia,Chaetocnema (Udorpes) malayana,accepted,FALSE
61266680-ede1-4da7-8ee5-f400b7af9021,species,Animalia,t0097749,Coelostoma sulcatum,species,Animalia,Coelostoma (Holocoelostoma) sulcatum,accepted,FALSE
bc554a05-438b-4ae0-bfe4-36d4f1e77eb8,species,Animalia,t0097753,Colastes pilosiventris,species,Animalia,Colastes (Colastes) pilosiventris,accepted,FALSE
b8efffe8-098a-49f7-a369-9a64d6002a34,species,Animalia,t0097754,Colastes alboapicalis,species,Animalia,Colastes (Shawiana) alboapicalis,accepted,FALSE
c0ccefde-7899-43cd-820d-40db1cc9df43,species,Animalia,t0097755,Colastes longitergum,species,Animalia,Colastes (Shawiana) longitergum,accepted,FALSE
f13e1e96-5fb7-426f-9931-1c66d2d1a46a,species,Animalia,t0097773,Conops nubeculosus,species,Animalia,Conops (Conops) nubeculosus,accepted,FALSE
c368c1b4-04ef-4118-a932-46ff343f2830,species,Animalia,t0097783,Copris fukiensis,species,Animalia,Copris (Copris) fukiensis,accepted,FALSE
3a203f60-ceb1-4253-9511-584811aa9427,species,Animalia,t0097799,Corycaeus dahli,species,Animalia,Corycaeus (Ditrichocorycaeus) dahli,accepted,FALSE
e7aba423-45dc-44ef-bb93-78b1323f245d,species,Animalia,t0097800,Corycaeus japonica,species,Animalia,Corycaeus (Ditrichocorycaeus) japonica,accepted,FALSE
1d8ffe2c-3fbb-49d7-9d56-1557ce507fe0,species,Animalia,t0097843,Culex alis,species,Animalia,Culex (Culex) alis,accepted,FALSE
198c18e0-b966-4d60-a594-f7b86926ff66,species,Animalia,t0097844,Culex annulus,species,Animalia,Culex (Culex) annulus,accepted,FALSE
301a602a-920b-41e2-bea6-630f80fc02b3,species,Animalia,t0097845,Culex fuscocephala,species,Animalia,Culex (Culex) fuscocephala,accepted,FALSE
137c8986-bac0-44a7-9cee-41d5b7ddd568,species,Animalia,t0097846,Culex gelidus,species,Animalia,Culex (Culex) gelidus,accepted,FALSE
37e8e47f-2e31-430e-9c1b-b80125893112,species,Animalia,t0097847,Culex infula,species,Animalia,Culex (Culex) infula,accepted,FALSE
f41350a2-e0e9-418a-9814-0891bd320b30,species,Animalia,t0097848,Culex sinensis,species,Animalia,Culex (Culex) sinensis,accepted,FALSE
abd81c4c-b5a3-40ed-94b3-f0b4805a6064,species,Animalia,t0097849,Culex sitiens,species,Animalia,Culex (Culex) sitiens,accepted,FALSE
8ceb4625-273a-474e-a0b3-e5e1b78249d3,species,Animalia,t0097850,Culex vagans,species,Animalia,Culex (Culex) vagans,accepted,FALSE
69b9864e-4041-446d-a5ee-6193b75efc7b,species,Animalia,t0097851,Culex vishnui,species,Animalia,Culex (Culex) vishnui,accepted,FALSE
2a5b2837-8ce1-4244-9bb1-09719e218397,species,Animalia,t0097852,Culex whitei,species,Animalia,Culex (Culex) whitei,accepted,FALSE
bf0037d9-4cea-4db0-9d39-4b05992d4b9c,species,Animalia,t0097853,Culex pallidothorax,species,Animalia,Culex (Culiciomyia) pallidothorax,accepted,FALSE
dd24ccb0-a6f7-4d96-8495-2b2d6ac00638,species,Animalia,t0097859,Culicoides dubius,species,Animalia,Culicoides (Culicoides) dubius,accepted,FALSE
547fb28b-4479-4e2f-a27e-0662d6771bb9,species,Animalia,t0097860,Culicoides liui,species,Animalia,Culicoides (Culicoides) liui,accepted,FALSE
9c92324f-1bf2-498c-b244-ab7e6d407963,species,Animalia,t0097861,Culicoides charadraeus,species,Animalia,Culicoides (Oecacta) charadraeus,accepted,FALSE
0be75f24-d71d-464e-8dcf-9728171be444,species,Animalia,t0097862,Culicoides clavipalpis,species,Animalia,Culicoides (Oecacta) clavipalpis,accepted,FALSE
85ea95a3-7766-4060-ab7d-c9c04bd1da55,species,Animalia,t0097863,Culicoides kepongensis,species,Animalia,Culicoides (Oecacta) kepongensis,accepted,FALSE
d0177069-29f9-4813-8390-a44fb9539e5e,species,Animalia,t0097864,Culicoides okinawensis,species,Animalia,Culicoides (Oecacta) okinawensis,accepted,FALSE
bb6831da-1670-4a06-ae33-da0558b66283,species,Animalia,t0097865,Culicoides barreti,species,Animalia,Culicoides (Trithecoides) barreti,accepted,FALSE
f786d946-fd91-4d4b-810e-23d219c991cd,species,Animalia,t0097866,Culicoides flaviscutatus,species,Animalia,Culicoides (Trithecoides) flaviscutatus,accepted,FALSE
adee7615-5af5-46ec-83e5-c2d89781bd12,species,Animalia,t0097867,Culicoides fordae,species,Animalia,Culicoides (Trithecoides) fordae,accepted,FALSE
bb6b6d47-553e-4d30-9fe2-02100751a377,species,Animalia,t0097868,Culicoides paraflavescens,species,Animalia,Culicoides (Trithecoides) paraflavescens,accepted,FALSE
d281b3d9-ccaf-4cd2-b0ab-ebddbd7411bb,species,Animalia,t0097869,Culicoides ragulithecus,species,Animalia,Culicoides (Trithecoides) ragulithecus,accepted,FALSE
f58b179c-399e-4e6f-864e-3c1e82074994,species,Animalia,t0097870,Culicoides subpalpifer,species,Animalia,Culicoides (Trithecoides) subpalpifer,accepted,FALSE
e55003e3-0a54-419c-a3f6-1fdfaba4cb7f,species,Animalia,t0097871,Culicoides tenuipalpis,species,Animalia,Culicoides (Trithecoides) tenuipalpis,accepted,FALSE
fbde9343-2890-4b4a-bd40-71bbf067c0b4,species,Animalia,t0097948,Dermestes nidum,species,Animalia,Dermestes (Dermestes) nidum,accepted,FALSE
af4f5705-aa70-494c-85e5-a2db36ce5d41,species,Animalia,t0097980,Dicranota delectata,species,Animalia,Dicranota (Amalopina) delectata,accepted,FALSE
6bbcdb46-9ddd-4ad1-be6d-ab0105b08191,species,Animalia,t0097981,Dicranota fumicostata,species,Animalia,Dicranota (Amalopina) fumicostata,accepted,FALSE
fc1d4907-34b4-41ea-bc5d-fa80ea13274f,species,Animalia,t0097982,Dicranota plana,species,Animalia,Dicranota (Rhaphidolabis) plana,accepted,FALSE
60ce6e06-0871-49cc-88c3-d3f19ced3ebe,species,Animalia,t0098018,Nephrotoma atrolatera,species,Animalia,Nephrotoma (Nephrotoma) atrolatera,accepted,FALSE
ac5a9d35-255e-4bcc-ae40-b9e6afc2506c,species,Animalia,t0098019,Nephrotoma caudifera,species,Animalia,Nephrotoma (Nephrotoma) caudifera,accepted,FALSE
42ef3589-fdd7-4599-808b-a8bbe50e2666,species,Animalia,t0098020,Nephrotoma definita,species,Animalia,Nephrotoma (Nephrotoma) definita,accepted,FALSE
2ae0dbad-1a41-45e4-ab28-9c08f2cb583c,species,Animalia,t0098021,Nephrotoma integra,species,Animalia,Nephrotoma (Nephrotoma) integra,accepted,FALSE
27698eeb-6556-4d0f-9037-fc6d4529c421,species,Animalia,t0098022,Nephrotoma omeiana,species,Animalia,Nephrotoma (Nephrotoma) omeiana,accepted,FALSE
66ad98ea-7615-48d2-a061-b6abd86c00cf,species,Animalia,t0098023,Nephrotoma takeuchii,species,Animalia,Nephrotoma (Nephrotoma) takeuchii,accepted,FALSE
26cd7aeb-f629-49ae-b795-feb665953fd5,species,Animalia,t0098024,Nephus sauteri,species,Animalia,Nephus (Nephus) sauteri,accepted,FALSE
947aad26-3f1b-4b66-94a5-1b8a196f8ff5,species,Animalia,t0098061,Sesapa (Nipponasura) inouei,species,Animalia,Sesapa inouei,accepted,FALSE
0ee57261-ef79-4d41-946d-6e0680766593,species,Animalia,t0098077,Notiphila dorsopunctata,species,Animalia,Notiphila (Notiphila) dorsopunctata,accepted,FALSE
1904a8e1-6b1b-45f5-a6df-f3cc6e8fcb63,species,Animalia,t0098152,Onthophagus taurinus,species,Animalia,Onthophagus (Gibbonthophagus) taurinus,accepted,FALSE
d84c43ba-b0fc-4d81-b31e-15b8248530d7,species,Animalia,t0098153,Onthophagus koshunensis,species,Animalia,Onthophagus (Indachorius) koshunensis,accepted,FALSE
dafeb227-cb5f-4916-9553-bec83ebb4945,species,Animalia,t0098154,Onthophagus pseudoarmatus,species,Animalia,Onthophagus (Onthophagus) pseudoarmatus,accepted,FALSE
ef1475d1-2eae-45e9-86f5-3e4aa3c531e7,species,Animalia,t0098155,Onthophagus roubali,species,Animalia,Onthophagus (Onthophagus) roubali,accepted,FALSE
49a4733c-6bd5-413c-bf29-2d774f273833,species,Animalia,t0098156,Onthophagus tatsienluensis,species,Animalia,Onthophagus (Onthophagus) tatsienluensis,accepted,FALSE
18107f3c-6a84-43fd-969e-a966cfd77134,species,Animalia,t0098175,Orimarga formosicola,species,Animalia,Orimarga (Orimarga) formosicola,accepted,FALSE
1dd9d9b2-4932-4ec9-ae95-b90d60bfeaf9,species,Animalia,t0098176,Orimarga fuscivenosa,species,Animalia,Orimarga (Orimarga) fuscivenosa,accepted,FALSE
eb314a3a-0bdb-435f-8d14-e53f60e7c19e,species,Animalia,t0098177,Orimarga griseipennis,species,Animalia,Orimarga (Orimarga) griseipennis,accepted,FALSE
47c9f8bc-8115-459e-9b34-3cca452a91ac,species,Animalia,t0098178,Orimarga gymnoneura,species,Animalia,Orimarga (Orimarga) gymnoneura,accepted,FALSE
13204b7e-8e13-4836-85bc-4eaa9352b045,species,Animalia,t0098179,Orimarga taiwanensis,species,Animalia,Orimarga (Orimarga) taiwanensis,accepted,FALSE
3792a695-707c-413d-8185-74c0dee71251,species,Animalia,t0098182,Ormosia anthracopoda,species,Animalia,Ormosia (Ormosia) anthracopoda,accepted,FALSE
ea44c369-c90b-469b-8ade-8afb270f9b7a,species,Animalia,t0098183,Ormosia arisanensis,species,Animalia,Ormosia (Ormosia) arisanensis,accepted,FALSE
5dbccc70-911d-4047-8e82-4bdf867d3d4a,species,Animalia,t0098184,Ormosia diplotergata,species,Animalia,Ormosia (Ormosia) diplotergata,accepted,FALSE
70a6b725-7120-47d7-a76e-9b67d1cf47e0,species,Animalia,t0098185,Ormosia diversipennis,species,Animalia,Ormosia (Ormosia) diversipennis,accepted,FALSE
5d06e8cc-fc52-4939-97be-acf214433da8,species,Animalia,t0098186,Ormosia shoreana,species,Animalia,Ormosia (Ormosia) shoreana,accepted,FALSE
a530db11-5c5d-4431-9381-367bfe5aef84,species,Animalia,t0098192,Orphinus aethiops,species,Animalia,Orphinus (Orphinus) aethiops,accepted,FALSE
0e7a1f6f-b5ee-4da4-9e2b-b4a93ad536b9,species,Animalia,t0098241,Pachos dentatum,species,Animalia,Pachos (Pachysoma) dentatum,accepted,FALSE
f6e45a71-19c1-4074-9050-0ae91e73fb12,species,Animalia,t0098249,Paederus adiectus,species,Animalia,Paederus (Megalopaederus) adiectus,accepted,FALSE
942f2527-3955-46d1-b90a-bad0cfec369b,species,Animalia,t0098250,Paederus aequilobatus,species,Animalia,Paederus (Megalopaederus) aequilobatus,accepted,FALSE
70707798-6bee-42e0-a2dd-1a93292e8aad,species,Animalia,t0098251,Paederus alesi,species,Animalia,Paederus (Megalopaederus) alesi,accepted,FALSE
5a5f3a0f-cd7d-46c9-ae35-a80daca40ee5,species,Animalia,t0098252,Paederus anmamontis,species,Animalia,Paederus (Megalopaederus) anmamontis,accepted,FALSE
dab9657f-ce79-47ee-9998-5610cb0a699e,species,Animalia,t0098253,Paederus bivirgatus,species,Animalia,Paederus (Megalopaederus) bivirgatus,accepted,FALSE
7e491f51-8b81-4f59-85ea-8031967d7c1b,species,Animalia,t0098254,Paederus discurrens,species,Animalia,Paederus (Megalopaederus) discurrens,accepted,FALSE
ab8f6ee6-78d9-4c76-a605-f600a25d6960,species,Animalia,t0098255,Paederus excisissimus,species,Animalia,Paederus (Megalopaederus) excisissimus,accepted,FALSE
4a54ab99-aa1b-4e92-877c-585fb3ece78e,species,Animalia,t0098256,Paederus fulvocaudatus,species,Animalia,Paederus (Megalopaederus) fulvocaudatus,accepted,FALSE
7c0c6bfc-ba25-4fb9-8093-24bf8ac803c0,species,Animalia,t0098257,Paederus furcispinosus,species,Animalia,Paederus (Megalopaederus) furcispinosus,accepted,FALSE
140897c7-8fc6-451f-a9c6-d0f22910a6b2,species,Animalia,t0098258,Paederus incisus,species,Animalia,Paederus (Megalopaederus) incisus,accepted,FALSE
fb8421f0-dbbc-4c98-a1e9-b51e508c272b,species,Animalia,t0098259,Paederus incurvatus,species,Animalia,Paederus (Megalopaederus) incurvatus,accepted,FALSE
34bba834-06a5-4405-8efa-143aee997f99,species,Animalia,t0098260,Paederus nigricrus,species,Animalia,Paederus (Megalopaederus) nigricrus,accepted,FALSE
33bb6293-5891-4240-9b61-f26b4b042840,species,Animalia,t0098261,Paederus semiflavus,species,Animalia,Paederus (Megalopaederus) semiflavus,accepted,FALSE
5c32ca31-6eb8-43f5-a175-7bdd8fb6968f,species,Animalia,t0098262,Paederus trihamatus,species,Animalia,Paederus (Megalopaederus) trihamatus,accepted,FALSE
42c2f31d-0310-4cc6-9802-65aea210a861,species,Animalia,t0098263,Paederus virgifer,species,Animalia,Paederus (Megalopaederus) virgifer,accepted,FALSE
ceda870c-252e-47fc-8e17-b5e14d7cdd29,species,Animalia,t0098275,Pambolus caudalis,species,Animalia,Pambolus (Phaenodus) caudalis,accepted,FALSE
ca39b78a-7639-4d9a-b65b-3c1e656e2ef0,species,Animalia,t0098276,Pambolus ruficeps,species,Animalia,Pambolus (Phaenodus) ruficeps,accepted,FALSE
df07f567-3ce1-4410-8505-82f98343aa3f,species,Animalia,t0098370,Pedicia orophila,species,Animalia,Pedicia (Tricyphona) orophila,accepted,FALSE
b8e26845-20fa-45d5-9b86-14acef62314a,species,Animalia,t0098488,Physopelta parviceps,species,Animalia,Physopelta (Neophysopelta) parviceps,accepted,FALSE
033dc49b-eb05-4374-99c1-c45623662cf1,species,Animalia,t0098489,Physopelta quadriguttata,species,Animalia,Physopelta (Neophysopelta) quadriguttata,accepted,FALSE
fd2929dd-d567-4fd4-ab32-5898475d3736,species,Animalia,t0098503,Piophila contecta,species,Animalia,Piophila (Protopiophila) contecta,accepted,FALSE
2b4025dd-9101-454a-a4f5-7a460ee3cf31,species,Animalia,t0098504,Pipunculus coatalis,species,Animalia,Pipunculus (Cephalops) coatalis,accepted,FALSE
7078e213-2483-4285-a662-e9c667f45db0,species,Animalia,t0098505,Pipunculus bicolor,species,Animalia,Pipunculus (Eudorylas) bicolor,accepted,FALSE
57b40dd0-a045-4c47-ba99-a7916ca0c0c7,species,Animalia,t0098506,Pipunculus holosericeus,species,Animalia,Pipunculus (Eudorylas) holosericeus,accepted,FALSE
f4cfbda3-e566-4d69-96f6-6201922d8f62,species,Animalia,t0098603,Prometopia quadrimaculata,species,Animalia,Prometopia (Prometopia) quadrimaculata,accepted,FALSE
2a69c125-db8f-43cf-b8ad-2835af4254c1,species,Animalia,t0098692,Pylocheles mortensenii,species,Animalia,Pylocheles (Pylocheles) mortensenii,accepted,FALSE
9d4b1acb-418d-4e69-9a4d-4d01481f795a,species,Animalia,t0098807,Scolia desidiosa,species,Animalia,Scolia (Discolia) desidiosa,accepted,FALSE
c36e36a7-f346-43ed-b436-21c425268b75,species,Animalia,t0098808,Scolia formosicola,species,Animalia,Scolia (Discolia) formosicola,accepted,FALSE
97ac0216-55c0-47ba-82bf-53062ff4bf4e,species,Animalia,t0098809,Scolia minowai,species,Animalia,Scolia (Discolia) minowai,accepted,FALSE
639833cb-fe2e-431d-9397-86403c8b3125,species,Animalia,t0098810,Scolia taiwana,species,Animalia,Scolia (Discolia) taiwana,accepted,FALSE
8687ce26-1d69-420e-9767-eb91b8189058,species,Animalia,t0098811,Scolia wusheensis,species,Animalia,Scolia (Discolia) wusheensis,accepted,FALSE
5aafb8f5-b928-4320-8c39-9c64b3f616f2,species,Animalia,t0098832,Scymnus hoffmanni,species,Animalia,Scymnus (Neopullus) hoffmanni,accepted,FALSE
ff27fe8e-aa87-4651-81e0-99f01b4d6498,species,Animalia,t0098833,Scymnus dorcatomoides,species,Animalia,Scymnus (Pullus) dorcatomoides,accepted,FALSE
a049f444-c2d9-4c55-92db-ef7cc8f6d9a8,species,Animalia,t0098834,Scymnus ovimaculatus,species,Animalia,Scymnus (Pullus) ovimaculatus,accepted,FALSE
49d830c2-f4ad-43ce-9aaa-6e8f07cb14be,species,Animalia,t0098835,Scymnus quadrillum,species,Animalia,Scymnus (Pullus) quadrillum,accepted,FALSE
b6482727-e578-40f7-a326-c6b39ebdf02c,species,Animalia,t0098836,Scymnus nubilus,species,Animalia,Scymnus (Scymnus) nubilus,accepted,FALSE
d0752d25-6f82-4c01-80c4-62a76ca27ce8,species,Animalia,t0098861,Sesapa (Sesapa) inscripta,species,Animalia,Sesapa inscripta,accepted,FALSE
2f338aee-6f6f-48b7-a5ed-68124f4e1445,species,Animalia,t0098862,Sesapa (Sesapa) sanguinea,species,Animalia,Sesapa sanguinea,accepted,FALSE
a5123aa2-25b1-418a-9ac7-a6cf435ba381,species,Animalia,t0098873,Simulium tuenense,species,Animalia,Simulium (Comphostibia) tuenense,accepted,FALSE
9727917a-dc02-4fb9-80fd-d9f5d3c9c86f,species,Animalia,t0098874,Simulium taulingense,species,Animalia,Simulium (Eusimulium) taulingense,accepted,FALSE
83576d51-e7a6-4947-86da-f660770e5609,species,Animalia,t0098875,Simulium yushangense,species,Animalia,Simulium (Nevermannia) yushangense,accepted,FALSE
d924f0ec-9371-4fb0-bc13-e8506b2663d5,species,Animalia,t0098876,Simulium chungi,species,Animalia,Simulium (Simulium) chungi,accepted,FALSE
5a06460a-e535-4f71-bb74-09b073642b69,species,Animalia,t0098877,Simulium puliense,species,Animalia,Simulium (Simulium) puliense,accepted,FALSE
2c4b1585-9555-4ea3-9c0e-be9c3484a0a0,species,Animalia,t0098878,Simulium sakishimaense,species,Animalia,Simulium (Simulium) sakishimaense,accepted,FALSE
db671722-54f3-4326-a18a-529ac16ee534,species,Animalia,t0098879,Simulium taiwanicum,species,Animalia,Simulium (Simulium) taiwanicum,accepted,FALSE
d67ba22b-c899-4c07-a322-a2644e387cd4,species,Animalia,t0098880,Simulium ufengense,species,Animalia,Simulium (Simulium) ufengense,accepted,FALSE
ecbe5059-265c-4ca5-98c9-d555d01c7b59,species,Animalia,t0098881,Simulium yonakuniense,species,Animalia,Simulium (Wallacellum) yonakuniense,accepted,FALSE
5629f0b8-7616-4453-93b9-940cd9088757,species,Animalia,t0098899,Sipunculus nudus,species,Animalia,Sipunculus (Sipunculus) nudus,accepted,FALSE
5f4b3e0c-20c2-4a64-8ab2-74525af7dd88,species,Animalia,t0098985,Streblocera okadai,species,Animalia,Streblocera (Cosmophoridia) okadai,accepted,FALSE
a117a953-297d-4198-8d3c-168b568386b4,species,Animalia,t0098986,Streblocera villosa,species,Animalia,Streblocera (Streblocera) villosa,accepted,FALSE
a304198a-8b02-4cb9-9c29-a77136ef4c7a,species,Animalia,t0099076,Tarsolepis fulgurifera,species,Animalia,Tarsolepis (Megaschachia) fulgurifera,accepted,FALSE
518d3233-4eab-47e9-b4b3-641e9fcdbafa,species,Animalia,t0099111,Thaumastoptera issikiana,species,Animalia,Thaumastoptera (Taiwanita) issikiana,accepted,FALSE
7040c46e-2df7-4927-ae06-d852069483b9,species,Animalia,t0099123,Themus bicoloricornis,species,Animalia,Themus (Telephorops) bicoloricornis,accepted,FALSE
1f806eaf-72d3-4404-8bed-b43de06988b4,species,Animalia,t0099124,Themus uniformis,species,Animalia,Themus (Telephorops) uniformis,accepted,FALSE
2221c023-6b1a-4023-841f-a4167763ebb2,species,Animalia,t0099125,Themus formosanus,species,Animalia,Themus (Themus) formosanus,accepted,FALSE
d1c85d4f-32a0-4ec1-91b3-068d1a652937,species,Animalia,t0099126,Themus pallidipes,species,Animalia,Themus (Themus) pallidipes,accepted,FALSE
1df68d9a-c4dd-44c7-9eb8-89fb56e9158e,species,Animalia,t0099127,Themus purpuratus,species,Animalia,Themus (Themus) purpuratus,accepted,FALSE
15a19579-a645-4ecd-bcb2-0d880a6c8197,species,Animalia,t0099128,Themus satoi,species,Animalia,Themus (Themus) satoi,accepted,FALSE
168e6601-7ff7-4653-aecc-1889f314e4c2,species,Animalia,t0099129,Themus taiwanus,species,Animalia,Themus (Themus) taiwanus,accepted,FALSE
47aa5a6b-9748-47ee-8e81-fc69e367e58c,species,Animalia,t0099161,Tipula alboplagiata,species,Animalia,Tipula (Acutipula) alboplagiata,accepted,FALSE
7bbb79be-dcec-454a-a2f6-b0e14cc76dbf,species,Animalia,t0099162,Tipula obtusiloba,species,Animalia,Tipula (Acutipula) obtusiloba,accepted,FALSE
13e5107f-aef3-4536-ade0-4aaf4df96dff,species,Animalia,t0099163,Tipula yamata,species,Animalia,Tipula (Indotipula) yamata,accepted,FALSE
1ccff270-81bc-42fa-86b2-56f1e44afb03,species,Animalia,t0099164,Tipula niitakensis,species,Animalia,Tipula (Pterelachisus) niitakensis,accepted,FALSE
36543e26-0437-4049-aead-f2f81bae83e7,species,Animalia,t0099165,Tipula obnata,species,Animalia,Tipula (Pterelachisus) obnata,accepted,FALSE
f2d018ca-8c20-438c-b1fe-04161dec1078,species,Animalia,t0099166,Tipula tridentata,species,Animalia,Tipula (Pterelachisus) tridentata,accepted,FALSE
42e10993-0d3c-4d93-8ddc-c6e2d620bbdd,species,Animalia,t0099167,Tipula rantaicola,species,Animalia,Tipula (Schummelia) rantaicola,accepted,FALSE
51795810-24d9-425c-9173-5970fcdc0b00,species,Animalia,t0099168,Tipula sparsissima,species,Animalia,Tipula (Schummelia) sparsissima,accepted,FALSE
a01d3c56-2783-49b8-9d0f-23c0ef4ee2c3,species,Animalia,t0099169,Tipula strictiva,species,Animalia,Tipula (Schummelia) strictiva,accepted,FALSE
c69e8574-0642-4f65-af70-b02195a1a278,species,Animalia,t0099170,Tipula lackschewitziana,species,Animalia,Tipula (Sivatipula) lackschewitziana,accepted,FALSE
ba963ccc-9259-493c-9854-ccee6569aa17,species,Animalia,t0099171,Tipula haplotricha,species,Animalia,Tipula (Trichotipula) haplotricha,accepted,FALSE
13557a15-bc58-4615-a29d-84c3e8291b30,species,Animalia,t0099172,Tipula bicornigera,species,Animalia,Tipula (Vestiplex) bicornigera,accepted,FALSE
6eb3f686-4ee2-478f-a943-ab8d6839410b,species,Animalia,t0099173,Tipula bicorunta,species,Animalia,Tipula (Vestiplex) bicorunta,accepted,FALSE
8e9c2a23-dfa9-4f19-a2bb-2320da3b37c4,species,Animalia,t0099174,Tipula foliacea,species,Animalia,Tipula (Vestiplex) foliacea,accepted,FALSE
c339d14e-a89e-4058-807b-63bbec297343,species,Animalia,t0099175,Tipula nestor,species,Animalia,Tipula (Vestiplex) nestor,accepted,FALSE
3a3c30d1-a152-4c75-b035-d5c83324c7e5,species,Animalia,t0099176,Tipula nokonis,species,Animalia,Tipula (Vestiplex) nokonis,accepted,FALSE
d90b9ac1-5d00-4d45-a2d1-03c170fc7943,species,Animalia,t0099177,Tipula paravapiculata,species,Animalia,Tipula (Vestiplex) paravapiculata,accepted,FALSE
5394e923-c108-4e6b-befe-169932e6ba00,species,Animalia,t0099178,Tipula subapterogyne,species,Animalia,Tipula (Vestiplex) subapterogyne,accepted,FALSE
b1a77e2f-e5b5-47cd-b017-a5f4bba7c6d8,species,Animalia,t0099179,Tipula takahashiana,species,Animalia,Tipula (Vestiplex) takahashiana,accepted,FALSE
1abc9b5f-39e1-487b-a259-ea9837d1b3a8,species,Animalia,t0099180,Tipula nova,species,Animalia,Tipula (Yamatotipula) nova,accepted,FALSE
99ae2ec2-116d-41df-b2e9-e96636eba89e,species,Animalia,t0099223,Trentepholia atayal,species,Animalia,Trentepholia (Mongoma) atayal,accepted,FALSE
ddbd4616-b2ce-424d-8ad5-7e74cd47d757,species,Animalia,t0099224,Trentepholia esakii,species,Animalia,Trentepholia (Mongoma) esakii,accepted,FALSE
77cc86e7-9246-415d-b47d-f5efb98e5334,species,Animalia,t0099225,Trentepholia montina,species,Animalia,Trentepholia (Mongoma) montina,accepted,FALSE
f91bb2f0-b34b-41ed-842e-f42e39426c5a,species,Animalia,t0099226,Trentepholia platyleuca,species,Animalia,Trentepholia (Mongoma) platyleuca,accepted,FALSE
72d39ffd-281e-40b0-a8a0-b744519cfb8c,species,Animalia,t0099227,Trentepholia tarsalba,species,Animalia,Trentepholia (Mongoma) tarsalba,accepted,FALSE
eb419d5f-6617-4cd1-b191-ef5b66207974,species,Animalia,t0099228,Trentepholia fuscobasalis,species,Animalia,Trentepholia (Trentepohlia) fuscobasalis,accepted,FALSE
0d44bce2-8adb-40c3-aeb3-aab3ce882288,species,Animalia,t0099229,Trentepholia proba,species,Animalia,Trentepholia (Trentepohlia) proba,accepted,FALSE
cb450045-839d-4bb7-8ab0-8614419f4c89,species,Animalia,t0099230,Trentepholia pulchripennis,species,Animalia,Trentepholia (Trentepohlia) pulchripennis,accepted,FALSE
71f96812-903b-46b8-bbea-e3059ebf4b43,species,Animalia,t0099495,Atomaria (Atomaria) cooteri,species,Animalia,Atomaria cooteri,accepted,FALSE
330f06d7-03fc-461c-9ec0-2a61df24a351,species,Animalia,t0099496,Atomaria (Atomaria) johnsoni,species,Animalia,Atomaria johnsoni,accepted,TRUE
0d4e2203-b2cd-4629-a801-4c2ef16c3e16,species,Animalia,t0099497,Atomaria (Atomaria) klapperichi,species,Animalia,Atomaria klapperichi,accepted,FALSE
046ffca5-f6eb-4830-b05c-d84c16dfa441,species,Animalia,t0099498,Atomaria (Atomaria) plecta,species,Animalia,Atomaria plecta,accepted,TRUE
e646ad66-43a2-4f3a-828b-ff9389f0b897,species,Animalia,t0099799,Adelges tsugae,species,Animalia,Adelges (Annandina) tsugae,accepted,FALSE
d5d83def-1239-451c-9c21-8d7c176cf781,species,Animalia,t0099822,Agathidium alesi,species,Animalia,Agathidium (Agathidium) alesi,accepted,FALSE
b9535e0f-b6bf-4355-83b9-bedac81ecd4b,species,Animalia,t0099823,Agathidium alpestre,species,Animalia,Agathidium (Agathidium) alpestre,accepted,FALSE
d95bd8d6-3dd6-43d4-8d62-b81ebb6e6470,species,Animalia,t0099824,Agathidium angustatum,species,Animalia,Agathidium (Agathidium) angustatum,accepted,FALSE
72ee4048-d794-472e-8e94-3061cc4eaa29,species,Animalia,t0099825,Agathidium anmashanense,species,Animalia,Agathidium (Agathidium) anmashanense,accepted,FALSE
6e79805c-3d7e-4cb2-80e4-0968a69a661c,species,Animalia,t0099826,Agathidium asphaltinum,species,Animalia,Agathidium (Agathidium) asphaltinum,accepted,FALSE
7f017d0e-e705-4d07-95d9-d204494175e9,species,Animalia,t0099827,Agathidium chalconotum,species,Animalia,Agathidium (Agathidium) chalconotum,accepted,FALSE
0bf4f905-69f2-46ca-abe1-b7d6428c5dca,species,Animalia,t0099828,Agathidium chiaicum,species,Animalia,Agathidium (Agathidium) chiaicum,accepted,FALSE
42b88979-7bbd-4ef3-bb45-f8638f018062,species,Animalia,t0099829,Agathidium comptum,species,Animalia,Agathidium (Agathidium) comptum,accepted,FALSE
dfecdc3b-c661-4254-878d-ed03c16d3f4f,species,Animalia,t0099830,Agathidium delicatulum,species,Animalia,Agathidium (Agathidium) delicatulum,accepted,FALSE
1df999eb-7853-4126-9cde-94869b3d6651,species,Animalia,t0099831,Agathidium discretum,species,Animalia,Agathidium (Agathidium) discretum,accepted,FALSE
11f52d6c-7790-40a9-8a03-b6a2245a31c6,species,Animalia,t0099832,Agathidium distinguendum,species,Animalia,Agathidium (Agathidium) distinguendum,accepted,FALSE
c700da23-333d-46eb-a830-c1ab3785c34f,species,Animalia,t0099833,Agathidium egregium,species,Animalia,Agathidium (Agathidium) egregium,accepted,FALSE
55b73537-0d92-4272-9a26-49d44dc75c33,species,Animalia,t0099834,Agathidium exoletum,species,Animalia,Agathidium (Agathidium) exoletum,accepted,FALSE
53290239-c424-4874-b07c-ad32a1d37201,species,Animalia,t0099835,Agathidium familiare,species,Animalia,Agathidium (Agathidium) familiare,accepted,FALSE
c2ee24d3-49ed-4525-9884-85ae163a8f91,species,Animalia,t0099836,Agathidium fenestratum,species,Animalia,Agathidium (Agathidium) fenestratum,accepted,FALSE
8a1f265c-3905-4e8f-93f1-a96b2417dbee,species,Animalia,t0099837,Agathidium formosum,species,Animalia,Agathidium (Agathidium) formosum,accepted,FALSE
07e2c856-bc11-435c-b4f2-ef6106bb1b5d,species,Animalia,t0099838,Agathidium fuliginosum,species,Animalia,Agathidium (Agathidium) fuliginosum,accepted,FALSE
3c7ffe0d-1c23-4a82-a071-499025094739,species,Animalia,t0099839,Agathidium furcatum,species,Animalia,Agathidium (Agathidium) furcatum,accepted,FALSE
b55794cd-1148-46a8-9530-4bde428a65a5,species,Animalia,t0099840,Agathidium fuscum,species,Animalia,Agathidium (Agathidium) fuscum,accepted,FALSE
22961beb-a430-4434-80e2-d48297b43487,species,Animalia,t0099841,Agathidium glabricolle,species,Animalia,Agathidium (Agathidium) glabricolle,accepted,FALSE
f4359489-66e6-4db8-8674-83d2e8aef179,species,Animalia,t0099842,Agathidium griseum,species,Animalia,Agathidium (Agathidium) griseum,accepted,FALSE
1b288c68-9a35-4797-8427-2a91affaf518,species,Animalia,t0099843,Agathidium grossum,species,Animalia,Agathidium (Agathidium) grossum,accepted,FALSE
dfcbf3f6-964f-4ba7-8c44-e5e12f37615d,species,Animalia,t0099844,Agathidium honestum,species,Animalia,Agathidium (Agathidium) honestum,accepted,FALSE
7458f83f-f5b5-47f2-8ff6-f10deead711e,species,Animalia,t0099845,Agathidium intricatum,species,Animalia,Agathidium (Agathidium) intricatum,accepted,FALSE
9aeb252e-f775-4e4c-ac5c-ebc3c7794cec,species,Animalia,t0099846,Agathidium inustum,species,Animalia,Agathidium (Agathidium) inustum,accepted,FALSE
1ed7fd8e-34a7-4a48-93c1-d122fc4357fd,species,Animalia,t0099847,Agathidium kaohsiungense,species,Animalia,Agathidium (Agathidium) kaohsiungense,accepted,FALSE
89ac1a5a-478c-4407-8709-5ff4a1d4679a,species,Animalia,t0099848,Agathidium lucidum,species,Animalia,Agathidium (Agathidium) lucidum,accepted,FALSE
ec784da7-d784-4a69-8393-c08f2f1a1d10,species,Animalia,t0099849,Agathidium lucifugum,species,Animalia,Agathidium (Agathidium) lucifugum,accepted,FALSE
cda84cc3-1ef6-4bcd-97f6-067d97d36eac,species,Animalia,t0099850,Agathidium lunatum,species,Animalia,Agathidium (Agathidium) lunatum,accepted,FALSE
4b44ea4d-d157-4c84-9eb2-786078805ae7,species,Animalia,t0099851,Agathidium meifengense,species,Animalia,Agathidium (Agathidium) meifengense,accepted,FALSE
693cdab1-d2af-4fd5-b4b4-34dc8f1fd27e,species,Animalia,t0099852,Agathidium melanocephalum,species,Animalia,Agathidium (Agathidium) melanocephalum,accepted,FALSE
1e12eed1-ea64-4b39-a08f-5b023b2ad9c2,species,Animalia,t0099853,Agathidium memnonium,species,Animalia,Agathidium (Agathidium) memnonium,accepted,FALSE
04433f2c-c121-47a2-88bb-623cb97253dd,species,Animalia,t0099854,Agathidium pictum,species,Animalia,Agathidium (Agathidium) pictum,accepted,FALSE
53f785ad-4100-4847-bf18-fd0833aee94c,species,Animalia,t0099855,Agathidium splendidulum,species,Animalia,Agathidium (Agathidium) splendidulum,accepted,FALSE
6271e4fe-b27b-436f-b593-6be71ab4fcca,species,Animalia,t0099856,Agathidium subalpinum,species,Animalia,Agathidium (Agathidium) subalpinum,accepted,FALSE
212a1b77-52e9-4870-bd6f-035b1a702e81,species,Animalia,t0099857,Agathidium subnitidum,species,Animalia,Agathidium (Agathidium) subnitidum,accepted,FALSE
3990c1e5-9b94-42c1-b4ac-b6bc1c64db44,species,Animalia,t0099858,Agathidium subsinuatum,species,Animalia,Agathidium (Agathidium) subsinuatum,accepted,FALSE
c4081794-684d-4954-8d73-9986ef50f777,species,Animalia,t0099859,Agathidium taichungense,species,Animalia,Agathidium (Agathidium) taichungense,accepted,FALSE
f111c17e-ef3b-4e62-bdb7-bf8049d988e1,species,Animalia,t0099860,Agathidium tardum,species,Animalia,Agathidium (Agathidium) tardum,accepted,FALSE
d9c11c42-b89f-4d38-b781-8083e8e7eeca,species,Animalia,t0099861,Agathidium tenebroides,species,Animalia,Agathidium (Agathidium) tenebroides,accepted,FALSE
5fcf7457-fbec-4271-9742-3c7dd49a8cbc,species,Animalia,t0099862,Agathidium tessellatum,species,Animalia,Agathidium (Agathidium) tessellatum,accepted,FALSE
5b3fcc7c-0d21-442c-a0c8-3f1be52534de,species,Animalia,t0099863,Agathidium umbratum,species,Animalia,Agathidium (Agathidium) umbratum,accepted,FALSE
238819ce-c0ac-47cc-ad7a-98c43d2edfd5,species,Animalia,t0099864,Agathidium geniculatum,species,Animalia,Agathidium (Cyphoceble) geniculatum,accepted,FALSE
65a07e35-effa-401b-9d1f-8b30a1f03cfc,species,Animalia,t0099865,Agathidium inquisitor,species,Animalia,Agathidium (Cyphoceble) inquisitor,accepted,FALSE
28ffe8ad-985a-4c25-8fa1-8e5e64468528,species,Animalia,t0099866,Agathidium yushanicum,species,Animalia,Agathidium (Cyphoceble) yushanicum,accepted,FALSE
4f7f38e1-4c7a-4eee-b514-b13f07482bec,species,Animalia,t0099867,Agathidium oblitum,species,Animalia,Agathidium (Macroceble) oblitum,accepted,FALSE
dc3aeea9-45bb-4725-9c9a-323efdd83642,species,Animalia,t0099868,Agathidium amictum,species,Animalia,Agathidium (Microceble) amictum,accepted,FALSE
b96fce34-a8cd-48f8-a756-e9b17cbeeda2,species,Animalia,t0099869,Agathidium fenchihuense,species,Animalia,Agathidium (Microceble) fenchihuense,accepted,FALSE
77d15bd9-6cf5-4100-b625-0da30c6bdb37,species,Animalia,t0099870,Agathidium klapperichi,species,Animalia,Agathidium (Microceble) klapperichi,accepted,FALSE
bde8eeb4-3cad-40ee-90fa-81016ce5360f,species,Animalia,t0099871,Agathidium serratum,species,Animalia,Agathidium (Microceble) serratum,accepted,FALSE
a8bd4bc7-ed55-4421-997d-b601dfbaf638,species,Animalia,t0099872,Agathidium taiwanense,species,Animalia,Agathidium (Microceble) taiwanense,accepted,FALSE
bd7428b1-2e12-4071-ae9a-69ece4c8043e,species,Animalia,t0099873,Agathidium venustum,species,Animalia,Agathidium (Microceble) venustum,accepted,FALSE
7d44fb04-dc2a-46a7-831c-0d9dd5c12c59,species,Animalia,t0099874,Agathidium kyotoense,species,Animalia,Agathidium (Neoceble) kyotoense,accepted,FALSE
045e9308-6cbb-485d-b9bf-9fa34cf62f53,species,Animalia,t0099875,Agathidium nigrocastaneum,species,Animalia,Agathidium (Neoceble) nigrocastaneum,accepted,FALSE
22ad6219-6841-428b-a34d-89786af835ed,species,Animalia,t0099876,Agathidium praeustum,species,Animalia,Agathidium (Neoceble) praeustum,accepted,FALSE
87a3f7a4-5b6b-4486-901b-c7a2cae575e5,species,Animalia,t0099877,Agathidium rufomarginatum,species,Animalia,Agathidium (Neoceble) rufomarginatum,accepted,FALSE
5a7b677c-26b2-44a6-ad46-9043493c9037,species,Animalia,t0099878,Agathidium tarokoense,species,Animalia,Agathidium (Neoceble) tarokoense,accepted,FALSE
d77c0105-f646-4410-ab2b-9da2d2dcd011,species,Animalia,t0099879,Agathidium vestitum,species,Animalia,Agathidium (Neoceble) vestitum,accepted,FALSE
6b5f63bc-e66d-4a78-901b-01921ce8aa72,species,Animalia,t0099929,Amarygmus antecedens,species,Animalia,Amarygmus (Amarygmus) antecedens,accepted,FALSE
ecc0159d-a91d-4645-82b1-0926a727d9cf,species,Animalia,t0099930,Amarygmus antecursor,species,Animalia,Amarygmus (Amarygmus) antecursor,accepted,FALSE
63a5224c-350b-43c2-b3ef-cc9de4d4f60e,species,Animalia,t0099947,Ammatho (Delineatia) delineata,species,Animalia,Ammatho delineata,accepted,FALSE
0b320002-ac76-4816-936c-db7a05159c7c,species,Animalia,t0099984,Ankylopteryx gracilis,species,Animalia,Ankylopteryx (Ankylopteryx) gracilis,accepted,FALSE
80dd7764-77d0-4b70-8c96-3dca2d0885d4,species,Animalia,t0099991,Anopheles sinensis,species,Animalia,Anopheles (Anopheles) sinensis,accepted,FALSE
095798c9-aee9-4e1f-a345-4b9e290339f1,species,Animalia,t0099992,Anopheles minimus,species,Animalia,Anopheles (Cellia) minimus,accepted,FALSE
723914e5-95d9-43eb-b741-2bcb8913f66d,species,Animalia,t0099993,Anopheles takasagoensis,species,Animalia,Anopheles (Cellia) takasagoensis,accepted,FALSE
abd082e2-703d-4a77-9aa6-992965816fa2,species,Animalia,t0099994,Anopheles tessellatus,species,Animalia,Anopheles (Cellia) tessellatus,accepted,FALSE
2cc79dbf-91b8-448a-ac11-8080a77101cc,species,Animalia,t0100017,Anthaxia taiwanensis,species,Animalia,Anthaxia (Anthaxia) taiwanensis,accepted,FALSE
a0ac85c6-fd19-4440-bd04-a18a0d3662ab,species,Animalia,t0100018,Anthaxia akiyamai,species,Animalia,Anthaxia (Haplanthaxia) akiyamai,accepted,FALSE
ee5068ad-b353-4a15-bbe5-22c4a6dd1ccf,species,Animalia,t0100019,Anthaxia clio,species,Animalia,Anthaxia (Haplanthaxia) clio,accepted,FALSE
effbf7a1-5f30-4b85-b947-5eee4eefb935,species,Animalia,t0100020,Anthaxia erato,species,Animalia,Anthaxia (Haplanthaxia) erato,accepted,FALSE
790bf3cc-0085-4ae7-93cb-86b253054ab6,species,Animalia,t0100021,Anthaxia formosensis,species,Animalia,Anthaxia (Haplanthaxia) formosensis,accepted,FALSE
0ccf2976-3ee0-4ec4-940f-9900696ac7ea,species,Animalia,t0100022,Anthaxia kurosawai,species,Animalia,Anthaxia (Haplanthaxia) kurosawai,accepted,FALSE
fb74b82c-bd14-4635-b99c-69633a352b22,species,Animalia,t0100023,Anthaxia svatopluki,species,Animalia,Anthaxia (Haplanthaxia) svatopluki,accepted,FALSE
79a6f606-d5ba-459b-ae7d-413ab36969ba,species,Animalia,t0100024,Anthaxia toyamai,species,Animalia,Anthaxia (Haplanthaxia) toyamai,accepted,FALSE
51d85183-a802-4057-b446-760e0b64fc42,species,Animalia,t0100025,Anthaxia vicesimasexta,species,Animalia,Anthaxia (Haplanthaxia) vicesimasexta,accepted,FALSE
961a220a-4c83-4aab-922b-8c87ebf00b98,species,Animalia,t0100043,Antocha bifida,species,Animalia,Antocha (Antocha) bifida,accepted,FALSE
47f08409-1818-4346-931b-4d7846d73e4b,species,Animalia,t0100044,Antocha javaensis,species,Animalia,Antocha (Antocha) javaensis,accepted,FALSE
63f4d7dc-c350-46d3-b61d-c5fd001a40df,species,Animalia,t0100045,Antocha styx,species,Animalia,Antocha (Antocha) styx,accepted,FALSE
3c8f6250-5298-467d-a975-e7e4f400ecd3,species,Animalia,t0100048,Apamea herczigi,species,Animalia,Apamea (Apamea) herczigi,accepted,FALSE
95cea2cb-af5d-4180-b7d3-445d78f3d2b7,species,Animalia,t0100049,Apamea ikerfasciata,species,Animalia,Apamea (Apamea) ikerfasciata,accepted,FALSE
90fd6100-9ed4-47ae-937c-7f47b3c7ea2f,species,Animalia,t0100050,Apamea changi,species,Animalia,Apamea (Digitapamea) changi,accepted,FALSE
80a5af83-3464-409e-85ca-5d1f98add109,species,Animalia,t0100059,Aphodius sublimbatus,species,Animalia,Aphodius (Calamosternus) sublimbatus,accepted,FALSE
583bdfba-1805-4d32-bb5f-674c3ac0f3ef,species,Animalia,t0100060,Aphodius kotoensis,species,Animalia,Aphodius (Loboparius) kotoensis,accepted,FALSE
5e6da547-5b3d-4311-8f16-a69b1bc6b696,species,Animalia,t0100061,Aphodius priscus,species,Animalia,Aphodius (Pharaphodius) priscus,accepted,FALSE
b64443ef-9125-4463-8f06-eae5501ca4b1,species,Animalia,t0100119,Asarkina eurytaeniata,species,Animalia,Asarkina (Asarkina) eurytaeniata,accepted,FALSE
a0811b3d-446b-4764-a30e-102978cd58ee,species,Animalia,t0100145,Atarba issikiana,species,Animalia,Atarba (Atarbodes) issikiana,accepted,FALSE
898f7e29-3243-4eb3-8b14-3898b38739a9,species,Animalia,t0100146,Atarba leptoxantha,species,Animalia,Atarba (Atarbodes) leptoxantha,accepted,FALSE
ad77dfde-1137-4cd4-ba54-d4c9e74901d5,species,Animalia,t0100156,Atherigona machligera,species,Animalia,Atherigona (Acritochaeta) machligera,accepted,FALSE
c0417361-9f25-4a27-84d9-ceb68bd725a3,species,Animalia,t0100157,Atherigona nigripes,species,Animalia,Atherigona (Acritochaeta) nigripes,accepted,FALSE
0b344992-4f78-4805-847a-b8682b26bd56,species,Animalia,t0100158,Atherigona orientalis,species,Animalia,Atherigona (Acritochaeta) orientalis,accepted,FALSE
91d993ab-f470-4414-9840-33180e30f94f,species,Animalia,t0100159,Atherigona reversura,species,Animalia,Atherigona (Acritochaeta) reversura,accepted,FALSE
fc246ea1-f3d6-4338-9cd1-11fa5a36c2ab,species,Animalia,t0100179,Aulacocheilus shinoharai,species,Animalia,Aulacocheilus (Aulacocheilus) shinoharai,accepted,FALSE
b7f8f039-a96d-4177-91a4-9530df36170a,species,Animalia,t0100192,Baccha amphithoe,species,Animalia,Baccha (Allobaccha) amphithoe,accepted,FALSE
667c8854-c563-4cc1-806c-02e9a08c0d8e,species,Animalia,t0100193,Baccha fallax,species,Animalia,Baccha (Allobaccha) fallax,accepted,FALSE
0bd47ed2-eb16-4ce2-aa10-da791ca30217,species,Animalia,t0100194,Baccha nubilipennis,species,Animalia,Baccha (Allobaccha) nubilipennis,accepted,FALSE
0f9ddb53-e0bb-49bb-9298-bac9ea8bd1ed,species,Animalia,t0100195,Baccha sapphirina,species,Animalia,Baccha (Allobaccha) sapphirina,accepted,FALSE
024f62e4-1e2b-4faa-b7ee-65b5d3723ccc,species,Animalia,t0100196,Baccha maculata,species,Animalia,Baccha (Baccha) maculata,accepted,FALSE
1299cc9a-b313-433b-b332-9f393aedccde,species,Animalia,t0100206,Balanophyllia cornu,species,Animalia,Balanophyllia (Balanophyllia) cornu,accepted,FALSE
ad90cd03-942f-45f6-b56f-03e8ed6cb1b4,species,Animalia,t0101837,Nosodendron (Dendrodipnis) coenosum,species,Animalia,Nosodendron coenosum,accepted,FALSE
2940e275-17e3-4a9c-8eab-9d7a6620319b,species,Animalia,t0101915,Physarchus octotuberculatus,species,Animalia,Sternechosomus octotuberculatus,accepted,FALSE
03f867b1-c4aa-454c-85ad-7795d0087278,species,Animalia,t0105996,Euscyrtus (Osus) concinnus,species,Animalia,Euscyrtus concinnus,accepted,FALSE
8e218563-69fe-4cc0-add1-796dc6f6f1f1,species,Animalia,t0106052,Munda (Munda) javana,species,Animalia,Munda javana,accepted,TRUE
dd416b05-66a1-46cc-92aa-b69fc555f932,species,Animalia,t0106053,Phaloria (Phaloria) karnyello,species,Animalia,Phaloria karnyello,accepted,TRUE
a0c7d1f2-6067-4658-83eb-32d4dc9a8e70,species,Animalia,t0106063,Teleogryllus (Teleogryllus) fallaciosus,species,Animalia,Teleogryllus fallaciosus,accepted,TRUE
722ad03e-c90f-4607-a671-91d8c6b227f2,species,Animalia,t0106064,Pteronemobius (Pteronemobius) nigriscens,species,Animalia,Pteronemobius nigriscens,accepted,TRUE
04c74d49-a987-4e25-8902-c026ffe8c19f,species,Animalia,t0106082,Myrmecophilus (Myrmecophilus) quadrispinus,species,Animalia,Myrmecophilus quadrispinus,accepted,TRUE
c45b3f0e-6002-45a4-866b-b4c687347f2e,species,Animalia,t0106083,Myrmecophilus (Myrmecophilus) caliginosus,species,Animalia,Myrmecophilus caliginosus,accepted,TRUE
01824fc1-92ca-4832-bc91-e453a0df50b7,species,Animalia,t0106084,Myrmecophilus (Myrmecophilus) antilucanus,species,Animalia,Myrmecophilus antilucanus,accepted,TRUE
784c9000-c8e4-43cd-a676-65ef7a3ff758,species,Animalia,t0106085,Myrmecophilus (Myrmecophilus) mayaealberti,species,Animalia,Myrmecophilus mayaealberti,accepted,TRUE
34345361-209e-487f-a44e-7ab6cff9ff3b,species,Animalia,t0106086,Myrmecophilus (Myrmecophilus) pallidithorax,species,Animalia,Myrmecophilus pallidithorax,accepted,FALSE
abdd4572-f877-49c7-9db2-e018f32e5a0e,species,Animalia,t0106087,Myrmecophilus (Myrmecophilus) hebardi,species,Animalia,Myrmecophilus hebardi,accepted,TRUE
7c2f5111-7c99-49d8-90cc-cb3d49cc0d71,species,Animalia,t0106088,Myrmecophilus (Myrmecophilus) ikaros,species,Animalia,Myrmecophilus ikaros,accepted,FALSE
b0135d18-66fd-4259-92d2-0fee2495960a,species,Animalia,t0106089,Myrmecophilus (Myrmophilina) albicinctus,species,Animalia,Myrmecophilus albicinctus,accepted,TRUE
4161a6bb-8da1-42f6-a7fb-16c475ae7da2,species,Animalia,t0106090,Myrmecophilus (Myrmecophilus) dubius,species,Animalia,Myrmecophilus dubius,accepted,FALSE
c9efd386-ed8b-4bee-b701-b1e3896ce5d7,species,Animalia,t0107079,Senotainia (Arrenopus) albifrons,species,Animalia,Senotainia albifrons,accepted,TRUE
14c07b9d-f11c-4658-af3a-d989d6a5da23,species,Animalia,t0107081,Sphenometopa (Asiaraba) matsumurai,species,Animalia,Sphenometopa matsumurai,accepted,TRUE
5703f17c-f864-4fea-bad7-8c34ae37b5df,species,Animalia,t0122348,Bufonidae zeteki,species,Animalia,Atelopus zeteki,accepted,FALSE
431a435f-3d87-4514-a7ed-6ccbf14fe0a5,species,Animalia,t0123755,Stenobracon (Stenobracon) nicevillei,species,Animalia,Stenobracon nicevillei,accepted,TRUE
ab02b6fb-592d-4640-b78a-35ad704abe87,species,Animalia,t0123768,Aesalus (Huaesalus) leei,species,Animalia,Aesalus leei,accepted,TRUE
ee8667cb-c21b-49de-b738-386b4ec60b3e,species,Animalia,t0128704,Mnestia biplicata,species,Animalia,Cylichna biplicata,accepted,FALSE
c669ba67-8baa-4fd3-a64a-a701c79ae7ae,species,Animalia,t0132101,Mesoparopia heterophylla,species,Animalia,Moonia heterophylla,accepted,FALSE
7fa118b1-3dd2-42c2-8ef9-85a069530caa,species,Animalia,t0136182,Penichrolucanus bartsioides,species,Animalia,Xizangia bartsioides,accepted,FALSE
e088f99c-e080-4fa2-94b9-5be6094607cc,infraspecies,Animalia,t0030198,Catocala tokui tokui tayal,subspecies,Animalia,Catocala tokui tayal,accepted,TRUE
21a0082e-6adf-4ae6-be7c-db312d564734,infraspecies,Animalia,t0038071,Salganea taiwanensis taiwanensis taiwanensis,subspecies,Animalia,Salganea taiwanensis taiwanensis,accepted,TRUE
d4fb64f3-e216-4ca8-95c2-143f6eb6b515,infraspecies,Animalia,t0049478,Acleris lacordairana lacordairana lacordairana,subspecies,Animalia,Acleris lacordairana lacordairana,accepted,TRUE
cd32becc-8d4e-46f4-9755-4f3d0f31d69b,infraspecies,Animalia,t0050292,Chrioloba cinerea cinerea cinerea,subspecies,Animalia,Chrioloba cinerea cinerea,accepted,TRUE
5922e5c6-1efe-4e8e-90f5-87d4200f255a,infraspecies,Animalia,t0057086,Chloroclystis rubroviridis rubroviridis rubroviridis,subspecies,Animalia,Chloroclystis rubroviridis rubroviridis,accepted,TRUE
f77e8246-2699-48e9-b981-ea5fdd217357,infraspecies,Animalia,t0057107,Entomopteryx combusta combusta combusta,subspecies,Animalia,Entomopteryx combusta combusta,accepted,TRUE
51f7c267-d1c5-4ca8-8ea1-e5a58c29247c,infraspecies,Animalia,t0057112,Euthrix laeta laeta laeta,subspecies,Animalia,Euthrix laeta laeta,accepted,TRUE
01425c77-e70d-4f9f-8f2a-00dd6f33b97e,infraspecies,Animalia,t0057116,Glaucoclystis griseorufa griseorufa griseorufa,subspecies,Animalia,Glaucoclystis griseorufa griseorufa,accepted,TRUE
b7c412f1-90ac-411c-a558-28068d741c5c,infraspecies,Animalia,t0057140,Leucoblepsis fenestraria fenestraria fenestraria,subspecies,Animalia,Leucoblepsis fenestraria fenestraria,accepted,TRUE
2057f031-2959-4988-8681-c5c612c16467,infraspecies,Animalia,t0057150,Orthocabera tinagmaria tinagmaria tinagmaria,subspecies,Animalia,Orthocabera tinagmaria tinagmaria,accepted,TRUE
1c9a7084-c73e-45c1-88cd-c34384a8a487,infraspecies,Animalia,t0057179,Protuliocnemis castalaria castalaria castalaria,subspecies,Animalia,Protuliocnemis castalaria castalaria,accepted,TRUE
dc5ea1c8-de3e-43f0-8b0b-4e8b73cb1f12,infraspecies,Animalia,t0057184,Pterotosoma castanea castanea castanea,subspecies,Animalia,Pterotosoma castanea castanea,accepted,TRUE
759d4ba0-dde3-473a-a5bb-19b252e2a30c,infraspecies,Animalia,t0057192,Scopula caesaria caesaria caesaria,subspecies,Animalia,Scopula caesaria caesaria,accepted,TRUE
69de6e22-a378-4a57-b64e-9b9a7e581023,infraspecies,Animalia,t0057207,Tridrepana arikana arikana arikana,subspecies,Animalia,Tridrepana arikana arikana,accepted,TRUE
f3f6dacd-19ad-4b70-8264-41d8bb6ab787,infraspecies,Animalia,t0069262,Microdebilissa aethiops aethiops hiranoi,subspecies,Animalia,Microdebilissa aethiops hiranoi,accepted,TRUE
064cb620-a8e1-4439-8c34-58cfca145cc8,infraspecies,Animalia,t0084744,Cosmia restituta restituta restituta,subspecies,Animalia,Cosmia restituta restituta,accepted,TRUE
93182cfb-1aec-48ba-a3d6-32338e384453,infraspecies,Animalia,t0084779,Euchoeca likiangi likiangi pedisequa,subspecies,Animalia,Euchoeca likiangi pedisequa,accepted,TRUE
3bae4f3d-305e-41b2-98e4-872c22af2f93,infraspecies,Animalia,t0084881,Neope muirheadii muirheadi nagasawae,subspecies,Animalia,Neope muirheadi nagasawae,accepted,TRUE
526febbe-1a7b-46e5-afba-294c935dce74,infraspecies,Animalia,t0085116,Jynx torquilla torquilla torquilla,subspecies,Animalia,Jynx torquilla torquilla,accepted,FALSE
cf0a10e6-396f-4c45-b967-aab663a3f606,infraspecies,Animalia,t0085129,Prinia crinigera crinigera striata,subspecies,Animalia,Prinia crinigera striata,accepted,TRUE
8f7bab40-f585-41be-87a9-912d8e0238fa,infraspecies,Animalia,t0085213,Amaurornis phoenicurus phoenicurus chinensis,subspecies,Animalia,Amaurornis phoenicurus chinensis,accepted,TRUE
eabb4c0c-e622-4143-a4c5-428775069ab7,infraspecies,Animalia,t0085279,Arcoppia fenestralis fenestralis sinensis,subspecies,Animalia,Arcoppia fenestralis sinensis,accepted,TRUE
f85ed809-48d7-404a-9d11-79cb14d1a47b,infraspecies,Animalia,t0085375,Campachipteria distincta distincta incurva,subspecies,Animalia,Campachipteria distincta incurva,accepted,TRUE
502aa61d-c62c-48f5-a81d-ae1e4412c95d,infraspecies,Animalia,t0085392,Carpodacus vinaceus vinaceus vinaceus,subspecies,Animalia,Carpodacus vinaceus vinaceus,accepted,TRUE
0be309d8-291e-4cf6-8d55-03da12dffe13,infraspecies,Animalia,t0085853,Lohmannia javana javana interrupta,subspecies,Animalia,Lohmannia javana interrupta,accepted,TRUE
139bbb8b-bb22-4f12-be80-acc4effedb9a,infraspecies,Animalia,t0086113,Phytodietus arisanus arisanus arisanus,subspecies,Animalia,Phytodietus arisanus arisanus,accepted,TRUE
4f4d4c43-47ea-46c7-8236-aed14fbae2cd,infraspecies,Animalia,t0086333,Tegeozetes tunicatus tunicatus breviclava,subspecies,Animalia,Tegeozetes tunicatus breviclava,accepted,TRUE
f1d805b5-0a4f-4eb9-943b-76f0bd86a7e0,infraspecies,Animalia,t0086350,Themiste minor minor minor,subspecies,Animalia,Themiste minor minor,accepted,TRUE
2f43bdc0-f6eb-4bbc-b5fb-a2f55ef31f9a,infraspecies,Animalia,t0086394,Truncopes moderatus moderatus variabilis,subspecies,Animalia,Truncopes moderatus variabilis,accepted,TRUE
aa2bde04-7172-4d1e-9eee-4a596b910eb8,infraspecies,Animalia,t0096237,Lygropia amplificata amplificata definitalis,subspecies,Animalia,Lygropia amplificata definitalis,accepted,TRUE
2efd5c41-9d0a-4ca0-babb-f704b9ba30db,infraspecies,Animalia,t0098169,Oreta griseotincta griseotincta griseotincta,subspecies,Animalia,Oreta griseotincta griseotincta,accepted,TRUE
2aec481d-cb8d-43ff-928a-c0bf5307bf60,infraspecies,Animalia,t0098170,Oreta loochooana loochooana loochooana,subspecies,Animalia,Oreta loochooana loochooana,accepted,TRUE
d26c3cd3-9498-46e1-91e6-9c12acf69555,infraspecies,Animalia,t0099515,Megamareta pallidiola pallidiola pallidiola,subspecies,Animalia,Megamareta pallidiola pallidiola,accepted,TRUE
94263f4d-2d56-4567-94c2-d52194c3432b,infraspecies,Animalia,t0100975,Pterolophia kaleea kaleea inflexa,subspecies,Animalia,Pterolophia kaleea inflexa,accepted,TRUE
74953a8e-950c-4e02-824a-dd77eeaa99fb,infraspecies,Animalia,t0100977,Rhynchobatus djiddensis djiddensis australiae,subspecies,Animalia,Rhynchobatus djiddensis australiae,accepted,FALSE
025fa9f2-d19a-4e96-bae9-eb9df5285f0d,infraspecies,Animalia,t0100978,Rhysida longipes longipes longipes,subspecies,Animalia,Rhysida longipes longipes,accepted,TRUE
12fc17da-9c73-4caf-bfe2-2f3e15c17dd9,infraspecies,Animalia,t0100979,Rhysodes sakuraii sakuraii sakuraii,subspecies,Animalia,Rhysodes sakuraii sakuraii,accepted,FALSE
15a1de0f-394c-4331-93ca-cd2487ebed63,infraspecies,Animalia,t0100980,Sceliphron deforme deforme taiwanum,subspecies,Animalia,Sceliphron deforme taiwanum,accepted,FALSE
e5be29bc-ea65-46eb-b6e9-25f34fd257f1,infraspecies,Animalia,t0100982,Sousa chinensis chinensis taiwanensis,subspecies,Animalia,Sousa chinensis taiwanensis,accepted,TRUE
e713f8af-0eb1-4d20-bdb1-2d5f2715ff7e,infraspecies,Animalia,t0100983,Spatalia dives dives angustipennis,subspecies,Animalia,Spatalia dives angustipennis,accepted,TRUE
13628e76-f9b1-4d0e-8e07-f6388ef84327,infraspecies,Animalia,t0100989,Stenus melanarius melanarius verecundus,subspecies,Animalia,Stenus melanarius verecundus,accepted,FALSE
36f11601-e2a7-4fc8-96c9-2e4270148e3b,infraspecies,Animalia,t0100992,Streptopelia decaocto decaocto xanthocycla,subspecies,Animalia,Streptopelia decaocto xanthocycla,accepted,FALSE
bc8e3de9-0510-4b5c-a53b-2d8726073a5b,infraspecies,Animalia,t0100995,Tajuria illurgioides illurgioides minekoae,subspecies,Animalia,Tajuria illurgioides minekoae,accepted,FALSE
1c837952-34cc-4a8a-8089-722391a1fe0e,infraspecies,Animalia,t0100997,Thinodromus socius socius taichungensis,subspecies,Animalia,Thinodromus socius taichungensis,accepted,TRUE
77a3d86d-43d2-40c4-86cf-27be3474d7fe,infraspecies,Animalia,t0100999,Trabala vishnou vishnou vishnou,subspecies,Animalia,Trabala vishnou vishnou,accepted,TRUE
6f7c6b66-3476-4481-9d18-74226a834e0c,infraspecies,Animalia,t0101000,Trigona ventralis ventralis hoozana,subspecies,Animalia,Trigona ventralis hoozana,accepted,FALSE
c14727fc-4aea-489f-902f-d5acf70ded41,infraspecies,Animalia,t0101002,Xylotrechus atronotatus atronotatus bandaishanus,subspecies,Animalia,Xylotrechus atronotatus bandaishanus,accepted,FALSE
1773272f-425c-4bec-b9a7-ac68ca78e0ae,infraspecies,Animalia,t0101003,Yepcalphis dilectissima dilectissima dilectissima,subspecies,Animalia,Yepcalphis dilectissima dilectissima,accepted,TRUE
0b35b05e-1f65-4699-89d9-f78aa5c1e415,infraspecies,Animalia,t0101006,Zaranga pannosa pannosa neciponatus,subspecies,Animalia,Zaranga pannosa neciponatus,accepted,TRUE
5e81343a-5d0c-41ff-a4bf-0d1be66164fb,infraspecies,Animalia,t0101007,Zaranga pannosa pannosa necopinatus,subspecies,Animalia,Zaranga pannosa necopinatus,accepted,TRUE
6c810b52-2fde-4f1a-bb28-71343342ceb8,infraspecies,Animalia,t0101008,Zephyrus atilia atilia obsoleta,subspecies,Animalia,Zephyrus atilia obsoleta,accepted,FALSE
a184725f-3e5c-4d14-b26b-54cd2399e863,infraspecies,Animalia,t0101009,Zeuzera multistrigata multistrigata multistrigata,subspecies,Animalia,Zeuzera multistrigata multistrigata,accepted,TRUE
6061a231-5813-4741-ae8a-7e4b4db24c11,infraspecies,Animalia,t0101010,Ischyja manlia manlia manlia,subspecies,Animalia,Ischyja manlia manlia,accepted,TRUE
3484d1b5-74db-4bfd-9cba-beab25949491,infraspecies,Animalia,t0101011,Java nigrita nigrita nigrita,subspecies,Animalia,Java nigrita nigrita,accepted,TRUE
f2977615-d749-471b-a66b-ae2b7ea72455,infraspecies,Animalia,t0101013,Kamalia priapus priapus priapus,subspecies,Animalia,Kamalia priapus priapus,accepted,TRUE
da86243a-435e-4120-a967-82c2a81b804e,infraspecies,Animalia,t0101015,Kuromondokuga albofascia albofascia albofascia,subspecies,Animalia,Kuromondokuga albofascia albofascia,accepted,TRUE
4d7ac262-00ea-4d8a-99b0-412213aab5b2,infraspecies,Animalia,t0101023,Lymantria grisea grisea kosemponis,subspecies,Animalia,Lymantria grisea kosemponis,accepted,FALSE
8a20fe79-1b94-4e34-909e-b6cb85bb227d,infraspecies,Animalia,t0101025,Meranoplus bicolor bicolor fuscens,subspecies,Animalia,Meranoplus bicolor fuscens,accepted,FALSE
08cad963-154b-48da-8e71-30db79113ffd,infraspecies,Animalia,t0101026,Mespilia globulus globulus whitmaei,subspecies,Animalia,Mespilia globulus whitmaei,accepted,FALSE
ba5f515b-ca51-4882-bc5f-d2f4d887eff1,infraspecies,Animalia,t0101028,Micropodabrus taoyuanus taoyuanus tayuanus,subspecies,Animalia,Micropodabrus taoyuanus tayuanus,accepted,FALSE
87a8bb34-4920-4dd8-b1ba-dc302b37ee89,infraspecies,Animalia,t0101029,Microsternus tricolor tricolor taiwanicus,subspecies,Animalia,Microsternus tricolor taiwanicus,accepted,FALSE
670a7a5a-6553-48e3-89e3-7c241cdee0b2,infraspecies,Animalia,t0101033,Myriochila specularis specularis specularis,subspecies,Animalia,Myriochila specularis specularis,accepted,TRUE
5b355056-1cbe-4997-82b7-98e066032998,infraspecies,Animalia,t0101034,Myrteta angelica angelica angelica,subspecies,Animalia,Myrteta angelica angelica,accepted,TRUE
e630c1c5-71c3-469f-9f81-e4a3891be574,infraspecies,Animalia,t0101036,Naxa textilis textilis textilis,subspecies,Animalia,Naxa textilis textilis,accepted,TRUE
f5eb380a-793e-4e88-8842-1f25f9e5cfd0,infraspecies,Animalia,t0101041,Neptis yerburii yerburii tayalina,subspecies,Animalia,Neptis yerburii tayalina,accepted,FALSE
686ddede-ce56-4809-ac78-19101162c606,infraspecies,Animalia,t0101043,Nototodarus sloanii sloanii philippinensis,subspecies,Animalia,Nototodarus sloanii philippinensis,accepted,FALSE
01bfabd0-4c48-43ef-a093-18dd99375415,infraspecies,Animalia,t0101046,Oroplexia variegata variegata variegata,subspecies,Animalia,Oroplexia variegata variegata,accepted,TRUE
16b334c9-9a4e-4602-a2d0-5f5e1b7f0721,infraspecies,Animalia,t0101048,Ourapteryx clara clara clara,subspecies,Animalia,Ourapteryx clara clara,accepted,TRUE
17621d2e-ed41-4f7c-8ed5-3eca4c5ad537,infraspecies,Animalia,t0101049,Ozius guttatus guttatus garciaensis,subspecies,Animalia,Ozius guttatus garciaensis,accepted,FALSE
42175a3f-7c50-4b04-8fdc-4f451b2e291f,infraspecies,Animalia,t0101052,Paraona staudingeri staudingeri staudingeri,subspecies,Animalia,Paraona staudingeri staudingeri,accepted,TRUE
b04dcc03-2049-4c65-9fec-dd8a02e6eb41,infraspecies,Animalia,t0101053,Paroplapoderus vitticeps vitticeps tristoides,subspecies,Animalia,Paroplapoderus vitticeps tristoides,accepted,FALSE
e9499212-c934-4958-a61e-e5a3f2ef91be,infraspecies,Animalia,t0101054,Patella stellaeformis stellaeformis optima,subspecies,Animalia,Patella stellaeformis optima,accepted,FALSE
bcef54af-1f3b-468a-ac8c-b6c66586912a,infraspecies,Animalia,t0101055,Pediculus humanus humanus capitis,subspecies,Animalia,Pediculus humanus capitis,accepted,TRUE
20ae6d16-8b38-48f2-bbdf-413f7d8b9083,infraspecies,Animalia,t0101058,Peridea sikkima sikkima ochreipennis,subspecies,Animalia,Peridea sikkima ochreipennis,accepted,FALSE
8deb9558-feff-4f68-b23d-3eebb1baf216,infraspecies,Animalia,t0101059,Phalerodonta manleyi manleyi schimtlemeisteri,subspecies,Animalia,Phalerodonta manleyi schimtlemeisteri,accepted,FALSE
170e5bed-001d-47f3-abce-721cf930464a,infraspecies,Animalia,t0101061,Photoscotosia miniosata miniosata miniosata,subspecies,Animalia,Photoscotosia miniosata miniosata,accepted,TRUE
c9649a09-d566-4524-a637-ccb1ac1ad652,infraspecies,Animalia,t0101062,Platyrhaphe swinhoei swinhoei depressus,subspecies,Animalia,Platyrhaphe swinhoei depressus,accepted,FALSE
42636caa-9cdd-443d-8b09-03b6c177f6b0,infraspecies,Animalia,t0101063,Pogonopygia nigralbata nigralbata nigralbata,subspecies,Animalia,Pogonopygia nigralbata nigralbata,accepted,TRUE
f53823a1-0f02-4244-b112-9e0550969aa9,infraspecies,Animalia,t0101064,Polytremis theca theca asahinai,subspecies,Animalia,Polytremis theca asahinai,accepted,FALSE
bbbf4d34-b821-4fea-bc92-b116c8671a09,infraspecies,Animalia,t0101065,Polytremis zina zina taiwana,subspecies,Animalia,Polytremis zina taiwana,accepted,FALSE
ce8b1cb4-54d1-4233-87a0-be436e28dfd7,infraspecies,Animalia,t0101066,Problepsis conjunctiva conjunctiva subjunctiva,subspecies,Animalia,Problepsis conjunctiva subjunctiva,accepted,FALSE
68c29f76-faca-4915-8a56-26be86200de4,infraspecies,Animalia,t0101068,Dodona eugenes eugenes esakii,subspecies,Animalia,Dodona eugenes esakii,accepted,FALSE
e403033b-b8ac-499a-894f-b2c52fa503c5,infraspecies,Animalia,t0101071,Epobeidia tigrata tigrata tigrata,subspecies,Animalia,Epobeidia tigrata tigrata,accepted,TRUE
292a3b2b-8cef-479c-b851-65e025113344,infraspecies,Animalia,t0101072,Erebus caprimulgus caprimulgus caprimulgus,subspecies,Animalia,Erebus caprimulgus caprimulgus,accepted,TRUE
506992c4-b005-4ad0-9752-4055c20fae6c,infraspecies,Animalia,t0101073,Eumelea ludovicata ludovicata ludovicata,subspecies,Animalia,Eumelea ludovicata ludovicata,accepted,TRUE
034811d4-1a7b-4408-80ff-697977cb2d4f,infraspecies,Animalia,t0101075,Fentonia ocypete ocypete crenulata,subspecies,Animalia,Fentonia ocypete crenulata,accepted,TRUE
dddaa17a-73e8-4c9c-9f9f-70bcf54e6576,infraspecies,Animalia,t0101078,Gallinago solitaria solitaria japonica,subspecies,Animalia,Gallinago solitaria japonica,accepted,TRUE
b707aa0a-ace0-4526-9c44-2e54951b9fe2,infraspecies,Animalia,t0101079,Gastropacha horishana horishana horishana,subspecies,Animalia,Gastropacha horishana horishana,accepted,TRUE
e5bfc61a-733f-4524-bf89-cb2d01527f04,infraspecies,Animalia,t0101080,Gorsachius melanolophus melanolophus melanolophus,subspecies,Animalia,Gorsachius melanolophus melanolophus,accepted,TRUE
3aa52575-d543-4710-b67d-e6ba699aae74,infraspecies,Animalia,t0101082,Gymnoscelis tristrigosa tristrigosa tristrigosa,subspecies,Animalia,Gymnoscelis tristrigosa tristrigosa,accepted,TRUE
b15ea0fe-6f23-473e-8409-0a83710039f3,infraspecies,Animalia,t0101083,Hotea curculionoides curculionoides curculionoides,subspecies,Animalia,Hotea curculionoides curculionoides,accepted,TRUE
bc990af2-edba-413e-ae7e-fbb2fe18fda4,infraspecies,Animalia,t0101084,Hyalobole changae changae changae,subspecies,Animalia,Hyalobole changae changae,accepted,TRUE
ccf9155a-d73b-49f1-8fbc-5ada8cb9b92e,infraspecies,Animalia,t0101086,Pterorhinus chinensis chinensis chinensis,subspecies,Animalia,Pterorhinus chinensis chinensis,accepted,TRUE
347bed62-8d4b-42c4-8509-cdfdd45fba2a,infraspecies,Animalia,t0101091,Carea varipes varipes varipes,subspecies,Animalia,Carea varipes varipes,accepted,TRUE
c186eb6f-2791-48de-b6f2-d4ded1bb5d69,infraspecies,Animalia,t0101092,Catocala armandi armandi shirozui,subspecies,Animalia,Catocala armandi shirozui,accepted,FALSE
d1b9bfe0-7610-4ea2-a868-8544e2b446ca,infraspecies,Animalia,t0101093,Catocala columbina columbina okurai,subspecies,Animalia,Catocala columbina okurai,accepted,FALSE
33c9c3a5-fc0f-4aaf-96f9-b5771ac8e844,infraspecies,Animalia,t0101096,Chondracris rosea rosea brunneri,subspecies,Animalia,Chondracris rosea brunneri,accepted,FALSE
c38d7cb4-6ee9-4d8d-8261-deab1125d67a,infraspecies,Animalia,t0101097,Cifuna locuples locuples locuples,subspecies,Animalia,Cifuna locuples locuples,accepted,TRUE
3a9ad62e-24d3-4b12-8bcd-dbcd3f609f2f,infraspecies,Animalia,t0101098,Circus aeruginosus aeruginosus aeruginosus,subspecies,Animalia,Circus aeruginosus aeruginosus,accepted,TRUE
bbab8855-5631-4cdc-a9b0-83257e27a6b7,infraspecies,Animalia,t0101099,Cleora repulsaria repulsaria repulsaria,subspecies,Animalia,Cleora repulsaria repulsaria,accepted,TRUE
d82e2aeb-1611-4610-8f47-e30c56979642,infraspecies,Animalia,t0101100,Coelodera penicillata penicillata formosana,subspecies,Animalia,Coelodera penicillata formosana,accepted,FALSE
fb3345a8-628a-498e-b0b6-d5acb74cbf60,infraspecies,Animalia,t0101101,Collix ghosha ghosha ghosha,subspecies,Animalia,Collix ghosha ghosha,accepted,TRUE
872f278f-4c17-41c0-a2f4-9c792ca0d832,infraspecies,Animalia,t0101102,Comostola subtiliaria subtiliaria demeritaria,subspecies,Animalia,Comostola subtiliaria demeritaria,accepted,FALSE
d6a6ce7b-a862-4226-a3e8-a534b3045998,infraspecies,Animalia,t0101103,Corvus splendens splendens splendens,subspecies,Animalia,Corvus splendens splendens,accepted,FALSE
fbca8f7d-0734-4bbb-8901-895f4c6d3119,infraspecies,Animalia,t0101104,Crematogaster subnuda subnuda formosae,subspecies,Animalia,Crematogaster subnuda formosae,accepted,FALSE
6f01d9bc-65ab-4956-a587-3543887aaacc,infraspecies,Animalia,t0101106,Cymo melanodactylus melanodactylus savaiiensis,subspecies,Animalia,Cymo melanodactylus savaiiensis,accepted,FALSE
f453635b-c8fb-4ddf-a96f-768a8a3efb73,infraspecies,Animalia,t0101108,Dahira obliquifascia obliquifascia baibarana,subspecies,Animalia,Dahira obliquifascia baibarana,accepted,TRUE
a9f66b2a-1c38-430e-b2ea-2e6b316f50f5,infraspecies,Animalia,t0101109,Dahira rubiginosa rubiginosa fukienensis,subspecies,Animalia,Dahira rubiginosa fukienensis,accepted,TRUE
f5eec189-b31f-4ba8-9545-aac333fb6b9d,infraspecies,Animalia,t0101110,Acanthis flammea flammea flammea,subspecies,Animalia,Acanthis flammea flammea,accepted,TRUE
0972c21c-9df7-426c-88aa-1391f8e79a79,infraspecies,Animalia,t0101111,Achaea serva serva serva,subspecies,Animalia,Achaea serva serva,accepted,TRUE
6f9932cc-cf29-4838-ba38-8a5b1c24e8df,infraspecies,Animalia,t0101114,Amegilla dulcifera dulcifera subflavescens,subspecies,Animalia,Amegilla dulcifera subflavescens,accepted,FALSE
ca841a82-80f3-4465-87d1-a9f6480c3b91,infraspecies,Animalia,t0101115,Ammophila clavus clavus taiwana,subspecies,Animalia,Ammophila clavus taiwana,accepted,FALSE
737dbab5-cb77-4760-912a-b92c52570801,infraspecies,Animalia,t0101116,Anisephyra ocularia ocularia ocularia,subspecies,Animalia,Anisephyra ocularia ocularia,accepted,TRUE
05a19d49-f86d-4cd9-a26b-64b202c45122,infraspecies,Animalia,t0101117,Anthus richardi richardi sinensis,subspecies,Animalia,Anthus richardi sinensis,accepted,TRUE
8c73f65a-9550-404a-b39e-55974291fa21,infraspecies,Animalia,t0101118,Antigone canadensis canadensis canadensis,subspecies,Animalia,Antigone canadensis canadensis,accepted,TRUE
e75be1d0-9402-41e2-a878-c485d02a54ed,infraspecies,Animalia,t0101120,Ardenna pacifica pacifica chlororhyncha,subspecies,Animalia,Ardenna pacifica chlororhyncha,accepted,TRUE
f9fdfe4f-3c59-4c77-acc1-f669a18eb6cb,infraspecies,Animalia,t0101122,Austrohancockia platynota platynota platynota,subspecies,Animalia,Austrohancockia platynota platynota,accepted,TRUE
c631ab3f-e774-4b97-a432-56b2273dc906,infraspecies,Animalia,t0101123,Banisia fenestrifera fenestrifera fenestrifera,subspecies,Animalia,Banisia fenestrifera fenestrifera,accepted,TRUE
9da685d3-de87-4cfe-89e7-ca8198540245,infraspecies,Animalia,t0101124,Banisia lobata lobata lobata,subspecies,Animalia,Banisia lobata lobata,accepted,TRUE
126b74c0-c7a4-4e77-9bd7-770e772450f6,infraspecies,Animalia,t0101786,Centrocolumna gigas gigas okinawana,subspecies,Animalia,Centrocolumna gigas okinawana,accepted,FALSE
ab60da79-6fb0-46f6-98ba-02e5cdd22d53,infraspecies,Animalia,t0101846,Nothochodaeus interruptus interruptus kurosawai,subspecies,Animalia,Nothochodaeus interruptus kurosawai,accepted,FALSE
52142446-0fa9-409f-86fb-f3f239eb21af,infraspecies,Animalia,t0101873,Megamareta pallidiola pallidiola boninensis,subspecies,Animalia,Megamareta pallidiola boninensis,accepted,FALSE
aeb257c8-5370-44fc-8589-a8fbe0dd473b,infraspecies,Animalia,t0101934,Pseudoglomeris valida valida moderata,subspecies,Animalia,Pseudoglomeris valida moderata,accepted,FALSE
f997f488-9a49-44bb-8e69-8ecc6fc5647f,infraspecies,Animalia,t0101982,Diploptera nigrescens nigrescens guani,subspecies,Animalia,Diploptera nigrescens guani,accepted,FALSE
683f41f1-5a76-4aaf-ae18-7c2f1ba65576,infraspecies,Animalia,t0101984,Salganea taiwanensis taiwanensis ryukyuanus,subspecies,Animalia,Salganea taiwanensis ryukyuanus,accepted,FALSE
f92a0d27-c8ce-4275-92fb-8d21f1481669,infraspecies,Animalia,t0102020,Mantis religiosa religiosa inornata,subspecies,Animalia,Mantis religiosa inornata,accepted,FALSE
d3073276-e750-4552-ad83-8e65ea3a172a,infraspecies,Animalia,t0102021,Mantis religiosa religiosa polonica,subspecies,Animalia,Mantis religiosa polonica,accepted,FALSE
bfe7654f-7197-49bb-99a1-d99c3d248dad,infraspecies,Animalia,t0102022,Mantis religiosa religiosa eichleri,subspecies,Animalia,Mantis religiosa eichleri,accepted,FALSE
4d08b345-940e-4a9c-b75b-3723a59bee02,infraspecies,Animalia,t0102023,Mantis religiosa religiosa siedleckii,subspecies,Animalia,Mantis religiosa siedleckii,accepted,TRUE
6594fe95-ac45-4f33-837c-e67e3743eb2b,infraspecies,Animalia,t0102024,Mantis religiosa religiosa sinica,subspecies,Animalia,Mantis religiosa sinica,accepted,FALSE
4660ee9a-34e6-47d3-bff8-5b2b35a5ddff,infraspecies,Animalia,t0102025,Mantis religiosa religiosa beybienkoi,subspecies,Animalia,Mantis religiosa beybienkoi,accepted,FALSE
389bc109-762c-4e0b-b062-fb9e9e619bf4,infraspecies,Animalia,t0102062,Plestiodon chinensis chinensis formosensis,subspecies,Animalia,Plestiodon chinensis formosensis,accepted,TRUE
45c99857-f660-4005-ab1e-e10b81b09942,infraspecies,Animalia,t0102331,Rissa tridactyla tridactyla pollicaris,subspecies,Animalia,Rissa tridactyla pollicaris,accepted,TRUE
a8bbf219-7794-4ab8-a288-ed178fc09120,infraspecies,Animalia,t0102340,Buteo buteo buteo vulpinus,subspecies,Animalia,Buteo buteo vulpinus,accepted,TRUE
99d0b2e4-eabd-402f-9990-1698260e8604,infraspecies,Animalia,t0102341,Phylloscopus affinis affinis occisinensis,subspecies,Animalia,Phylloscopus affinis occisinensis,accepted,TRUE
2000c56c-b7b0-4d94-8c39-5c184f8e720a,infraspecies,Animalia,t0102411,Cyclommatinus asahinai asahinai asahinai,subspecies,Animalia,Cyclommatinus asahinai asahinai,accepted,TRUE
6ba3e630-8440-4683-bc09-f212ba1c3b77,infraspecies,Animalia,t0102535,Mecopoda minor minor minor,subspecies,Animalia,Mecopoda minor minor,accepted,TRUE
5c4efcba-c454-4b19-aa04-c8ea39b1d864,infraspecies,Animalia,t0102536,Mecopoda minor minor yunnana,subspecies,Animalia,Mecopoda minor yunnana,accepted,FALSE
a1a1181e-33c6-4d1e-b570-b9f2d1d19d1f,infraspecies,Animalia,t0102553,Upupa epops epops epops,subspecies,Animalia,Upupa epops epops,accepted,FALSE
14ffa75b-f421-4666-b9a8-4ea0fac51a69,infraspecies,Animalia,t0102563,Micropodabrus taoyuanus taoyuanus taoyuanus,subspecies,Animalia,Micropodabrus taoyuanus taoyuanus,accepted,FALSE
9c395f3b-93b6-4edf-bec6-1c6b994c8d6a,infraspecies,Animalia,t0103175,Striglina propatula propatula huisun,subspecies,Animalia,Striglina propatula huisun,accepted,TRUE
9d8f5faf-4bc9-484f-b413-83b51be1eed7,infraspecies,Animalia,t0104402,Ptilinopus leclancheri leclancheri gironieri,subspecies,Animalia,Ptilinopus leclancheri gironieri,accepted,FALSE
35905c60-9e62-4d96-8cd6-c93273985ac6,infraspecies,Animalia,t0105376,Holcophylloceras caucasicum caucasicum taiwanum,subspecies,Animalia,Holcophylloceras caucasicum taiwanum,accepted,TRUE
5dda4833-9b04-46c5-8005-18486271331e,infraspecies,Animalia,t0105379,Dicronocephalus wallichii wallichii wallichii,subspecies,Animalia,Dicronocephalus wallichii wallichii,accepted,FALSE
17cfd6c4-2d41-4926-8e2e-4564a4c15404,infraspecies,Animalia,t0105432,Pericrocotus roseus roseus roseus,subspecies,Animalia,Pericrocotus roseus roseus,accepted,TRUE
cd1fa5ff-ef16-4493-bf83-cb3fbf94b896,infraspecies,Animalia,t0105433,Alaudala cheleensis cheleensis cheleensis,subspecies,Animalia,Alaudala cheleensis cheleensis,accepted,TRUE
de7cc1b0-fdb3-490e-9f5e-647ff458f0e2,infraspecies,Animalia,t0105435,Cyornis hainanus hainanus hainanus,subspecies,Animalia,Cyornis hainanus hainanus,accepted,TRUE
bce2e5cf-d800-4d68-81d7-ae4cb4b7184f,infraspecies,Animalia,t0105436,Dorcus yaksha yaksha yaksha,subspecies,Animalia,Dorcus yaksha yaksha,accepted,FALSE
1f976760-5af3-43df-9726-cb38a3fa06d3,infraspecies,Animalia,t0105437,Dorcus rubrofemoratus rubrofemoratus rubrofemoratus,subspecies,Animalia,Dorcus rubrofemoratus rubrofemoratus,accepted,FALSE
40a29be6-7355-4048-b1e2-02b9a72eb1cb,infraspecies,Animalia,t0105438,Dorcus hopei hopei hopei,subspecies,Animalia,Dorcus hopei hopei,accepted,FALSE
7f877cbb-e48e-499e-a39c-9dc6ff051d85,infraspecies,Animalia,t0105441,Margattea nimbata nimbata nimbata,subspecies,Animalia,Margattea nimbata nimbata,accepted,FALSE
2554a774-dbb3-4f31-97a4-937c20efa3c9,infraspecies,Animalia,t0105574,Ficedula narcissina narcissina narcissina,subspecies,Animalia,Ficedula narcissina narcissina,accepted,TRUE
4d13fe51-7e19-46ac-b886-e0145566d96c,infraspecies,Animalia,t0105576,Lanius sphenocercus sphenocercus sphenocercus,subspecies,Animalia,Lanius sphenocercus sphenocercus,accepted,TRUE
33b349fe-35fa-4dcb-b828-95a4240d891f,infraspecies,Animalia,t0105577,Circus spilonotus spilonotus spilonotus,subspecies,Animalia,Circus spilonotus spilonotus,accepted,TRUE
218d32f4-af77-4c69-953d-9aae9e12a455,infraspecies,Animalia,t0105578,Pogonopygia pavida pavida pavida,subspecies,Animalia,Pogonopygia pavida pavida,accepted,TRUE
9d1db04c-f7b1-4138-ae1e-77cd0ed3f062,infraspecies,Animalia,t0105579,Lassaba brevipennis brevipennis brevipennis,subspecies,Animalia,Lassaba brevipennis brevipennis,accepted,TRUE
b6a6be57-9b43-42f0-937c-65aaf9a4286e,infraspecies,Animalia,t0105580,Habrosyne albipuncta albipuncta albipuncta,subspecies,Animalia,Habrosyne albipuncta albipuncta,accepted,TRUE
54e07f82-6519-4cf3-a676-738297472ea1,infraspecies,Animalia,t0105581,Callyntrura microphysarum microphysarum microphysarum,subspecies,Animalia,Callyntrura microphysarum microphysarum,accepted,TRUE
f4a26c00-4e45-47aa-b90a-fdc16e51eb23,infraspecies,Animalia,t0105583,Problepsis discophora discophora discophora,subspecies,Animalia,Problepsis discophora discophora,accepted,TRUE
cabad1d6-adc3-4e16-93a1-00a00da1d8a9,infraspecies,Animalia,t0105584,Meteima mediorufa mediorufa mediorufa,subspecies,Animalia,Meteima mediorufa mediorufa,accepted,TRUE
42624c8a-a71d-4a5b-9b3f-a1968b1e5dc8,infraspecies,Animalia,t0105585,Megacrania tsudai tsudai tsudai,subspecies,Animalia,Megacrania tsudai tsudai,accepted,TRUE
25622c3a-5c2c-488d-887b-da35ac9a5895,infraspecies,Animalia,t0105586,Lymantria sinica sinica sinica,subspecies,Animalia,Lymantria sinica sinica,accepted,TRUE
f5ce6366-1d1d-43cc-a88b-88ab2aaa304d,infraspecies,Animalia,t0105587,Parapenaeus fissuroides fissuroides fissuroides,subspecies,Animalia,Parapenaeus fissuroides fissuroides,accepted,FALSE
58bbf58b-d2ba-4b39-b67e-84a3e8c9fa25,infraspecies,Animalia,t0105588,Niphona yanoi yanoi yanoi,subspecies,Animalia,Niphona yanoi yanoi,accepted,FALSE
846e5c21-4506-4a2d-bf8d-5a9d3f5c1a3f,infraspecies,Animalia,t0105595,Blattella lituricollis lituricollis lituricollis,subspecies,Animalia,Blattella lituricollis lituricollis,accepted,TRUE
81c3abe3-43c0-4b41-891a-5747374aa412,infraspecies,Animalia,t0105599,Cyclommatus mniszechi mniszechi mniszechi,subspecies,Animalia,Cyclommatus mniszechi mniszechi,accepted,TRUE
e019e84d-6be9-4222-a634-e5bd2d34cced,infraspecies,Animalia,t0105615,Salmacis sphaeroides sphaeroides variegata,subspecies,Animalia,Salmacis sphaeroides variegata,accepted,TRUE
3896b5fb-21d7-4501-9356-42a9733e2096,infraspecies,Animalia,t0105621,Mantis religiosa religiosa religiosa,subspecies,Animalia,Mantis religiosa religiosa,accepted,FALSE
b7b86c8a-224c-482e-8341-1f4fc93cedc2,infraspecies,Animalia,t0105622,Ptilinopus leclancheri leclancheri leclancheri,subspecies,Animalia,Ptilinopus leclancheri leclancheri,accepted,FALSE
42871e47-94cc-43f1-b99e-62d7fb8849dd,infraspecies,Animalia,t0105699,Ommatophora luminosa luminosa monotona,subspecies,Animalia,Ommatophora luminosa monotona,accepted,TRUE
8fa222a4-0444-4ecf-879c-c82b2a1cc3a8,infraspecies,Animalia,t0105801,Viverricula indica indica indica,subspecies,Animalia,Viverricula indica indica,accepted,FALSE
c07e5832-8354-4ea1-b97c-3a9419e7b282,infraspecies,Animalia,t0105802,Viverricula indica indica baliensis,subspecies,Animalia,Viverricula indica baliensis,accepted,FALSE
b1f49ffa-e043-421a-a748-73d00ed54c1c,infraspecies,Animalia,t0105803,Viverricula indica indica rasse,subspecies,Animalia,Viverricula indica rasse,accepted,FALSE
14475e3c-8902-488b-90f1-90ce5461d32f,infraspecies,Animalia,t0105804,Paguma larvata larvata tytlerii,subspecies,Animalia,Paguma larvata tytlerii,accepted,FALSE
160e543d-f9e5-47b9-a5bb-ff2783d1c27c,infraspecies,Animalia,t0105805,Paguma larvata larvata leucomystax,subspecies,Animalia,Paguma larvata leucomystax,accepted,FALSE
17bc18b1-e82e-46cd-a69d-5753c541b63e,infraspecies,Animalia,t0105806,Paguma larvata larvata annectens,subspecies,Animalia,Paguma larvata annectens,accepted,FALSE
c6a48d97-ce3b-455f-8906-5c10b0488724,infraspecies,Animalia,t0105807,Paguma larvata larvata grayi,subspecies,Animalia,Paguma larvata grayi,accepted,FALSE
8d508137-1648-41bf-b6ce-7ae4ff0cbefe,infraspecies,Animalia,t0105808,Paguma larvata larvata leucocephala,subspecies,Animalia,Paguma larvata leucocephala,accepted,FALSE
80df5958-6671-4972-b7b5-1737f674b854,infraspecies,Animalia,t0105887,Agrilus yakushimensis yakushimensis remotus,subspecies,Animalia,Agrilus yakushimensis remotus,accepted,TRUE
d981038d-c872-49df-9e5e-ca2399c72a7c,infraspecies,Animalia,t0105899,Agrilus bocaki bocaki dimidius,subspecies,Animalia,Agrilus bocaki dimidius,accepted,TRUE
6bdb8b3d-7c33-4fac-922f-6151f861ad0c,infraspecies,Animalia,t0105984,Anser fabalis fabalis fabalis,subspecies,Animalia,Anser fabalis fabalis,accepted,FALSE
fba35831-35dc-4645-adcb-19205cc80fd8,infraspecies,Animalia,t0105987,Oenanthe deserti deserti deserti,subspecies,Animalia,Oenanthe deserti deserti,accepted,FALSE
e12174ae-daee-4007-acc5-f9317048f467,infraspecies,Animalia,t0106001,Xenogryllus marmoratus marmoratus unipartitus,subspecies,Animalia,Xenogryllus marmoratus unipartitus,accepted,TRUE
2021f70b-af94-4c39-82da-7ce451cd2106,infraspecies,Animalia,t0106043,Meloimorpha japonica japonica japonica,subspecies,Animalia,Meloimorpha japonica japonica,accepted,TRUE
b4ff4cda-bcf3-4d47-8549-19d59e1e414d,infraspecies,Animalia,t0106056,Xenogryllus marmoratus marmoratus marmoratus,subspecies,Animalia,Xenogryllus marmoratus marmoratus,accepted,FALSE
a468cb8e-8088-47a2-a16e-31e5eaae46bb,infraspecies,Animalia,t0106096,Sigmella schenklingi schenklingi biguttata,subspecies,Animalia,Sigmella schenklingi biguttata,accepted,FALSE
6c903dfb-7e5a-4fe2-9e01-71232813a725,infraspecies,Animalia,t0106132,Eopselaphus luzonensis luzonensis taiwanus,subspecies,Animalia,Eopselaphus luzonensis taiwanus,accepted,TRUE
a4f7a61b-d18b-4e60-9cc5-4e34d920deba,infraspecies,Animalia,t0106225,Thaumatographa aurosa aurosa taiwana,subspecies,Animalia,Thaumatographa aurosa taiwana,accepted,TRUE
c411dcc9-a687-40ab-87e7-7ea6f0fd5cdd,infraspecies,Animalia,t0106920,Clelea formosana formosana formosana,subspecies,Animalia,Clelea formosana formosana,accepted,TRUE
57b5dcfe-0a92-489f-8fcd-841c5257afdc,infraspecies,Animalia,t0106988,Serrognathus titanus titanus platymelus,subspecies,Animalia,Serrognathus titanus platymelus,accepted,TRUE
6ff7792b-2649-4afd-93af-76a74e21104d,infraspecies,Animalia,t0107089,Everes argiades argiades argiades,subspecies,Animalia,Everes argiades argiades,accepted,TRUE
13e8456f-830b-42c1-be84-d496bd55fd1f,infraspecies,Animalia,t0107092,Junonia orithya orithya orithya,subspecies,Animalia,Junonia orithya orithya,accepted,TRUE
09f1dee9-b73a-4955-8bc2-2703f9bf9710,infraspecies,Animalia,t0107095,Junonia almana almana almana,subspecies,Animalia,Junonia almana almana,accepted,TRUE
180b0416-c782-4c35-b5ee-02145952e684,infraspecies,Animalia,t0107096,Vanessa indica indica indica,subspecies,Animalia,Vanessa indica indica,accepted,TRUE
5a29d548-ac2b-469a-93d8-7f6bfcd6da6f,infraspecies,Animalia,t0107097,Vanessa cardui cardui cardui,subspecies,Animalia,Vanessa cardui cardui,accepted,TRUE
fce145ee-2f85-4232-bdc0-1dd7fc6c2699,infraspecies,Animalia,t0107101,Junonia iphita iphita iphita,subspecies,Animalia,Junonia iphita iphita,accepted,TRUE
6b3f1abb-71e9-4ed4-abb1-8dbdc11e7686,infraspecies,Animalia,t0121768,Damaliscus pygargus pygargus pygargus,subspecies,Animalia,Damaliscus pygargus pygargus,accepted,FALSE
851f79db-1298-4ea2-845c-c3e193f60aaa,infraspecies,Animalia,t0121771,Hippotragus niger niger variani,subspecies,Animalia,Hippotragus niger variani,accepted,FALSE
b7d785ac-09fc-4bb8-9321-69970351c6ab,infraspecies,Animalia,t0121782,Ovis aries aries ophion,subspecies,Animalia,Ovis aries ophion,accepted,FALSE
95e0ee6a-247d-4e2c-baf6-dadcfd6d7578,infraspecies,Animalia,t0121783,Ovis aries aries vignei,subspecies,Animalia,Ovis aries vignei,accepted,FALSE
6f8136f4-d118-433d-8277-37f2b940c8fc,infraspecies,Animalia,t0121787,Rupicapra pyrenaica pyrenaica ornate,subspecies,Animalia,Rupicapra pyrenaica ornate,accepted,FALSE
5f78d491-cd56-4a39-b080-ecada9f77bae,infraspecies,Animalia,t0121794,Axis porcinus porcinus annamiticus,subspecies,Animalia,Axis porcinus annamiticus,accepted,FALSE
30c6169c-dab7-4125-b549-cc5cbc92fb91,infraspecies,Animalia,t0121796,Cervus elaphus elaphus bactrianus,subspecies,Animalia,Cervus elaphus bactrianus,accepted,FALSE
c1c77023-dea9-4243-b96c-4647d1a2185f,infraspecies,Animalia,t0121797,Cervus elaphus elaphus hanglu,subspecies,Animalia,Cervus elaphus hanglu,accepted,FALSE
0600631e-6f25-41e7-bfc3-362707cd07b3,infraspecies,Animalia,t0121798,Dama dama dama mesopotamica,subspecies,Animalia,Dama dama mesopotamica,accepted,FALSE
19087baf-2ac9-4ee8-b071-5c3453b410e1,infraspecies,Animalia,t0121840,Panthera leo leo persica,subspecies,Animalia,Panthera leo persica,accepted,FALSE
e445c8e6-4ed1-41b0-ad0b-2d7cc3005945,infraspecies,Animalia,t0121845,Puma concolor concolor coryi,subspecies,Animalia,Puma concolor coryi,accepted,FALSE
b5340321-2c4c-4d59-812e-0b8e9bb41d33,infraspecies,Animalia,t0121846,Puma concolor concolor costaricensis,subspecies,Animalia,Puma concolor costaricensis,accepted,FALSE
a775927f-5ace-49b8-bd97-8ed508eb071e,infraspecies,Animalia,t0121847,Puma concolor concolor couguar,subspecies,Animalia,Puma concolor couguar,accepted,FALSE
696c28d7-44f4-4cae-943d-6334e1f5c927,infraspecies,Animalia,t0121852,Aonyx capensis capensis microdon,subspecies,Animalia,Aonyx capensis microdon,accepted,FALSE
ef1e8895-1304-4935-9d32-21f34e7d9ea5,infraspecies,Animalia,t0121862,Ursus arctos arctos isabellinus,subspecies,Animalia,Ursus arctos isabellinus,accepted,FALSE
d5c9ed28-5ae3-43fc-b6d8-77bc3b3c75b2,infraspecies,Animalia,t0121902,Equus hemionus hemionus hemionus,subspecies,Animalia,Equus hemionus hemionus,accepted,FALSE
9608cfb9-6eda-4af7-8a11-897d6dd8e40f,infraspecies,Animalia,t0121903,Equus hemionus hemionus khur,subspecies,Animalia,Equus hemionus khur,accepted,FALSE
413a6272-ae9e-4fbc-951c-6e0f6212908e,infraspecies,Animalia,t0121906,Equus zebra zebra hartmannae,subspecies,Animalia,Equus zebra hartmannae,accepted,FALSE
2493a013-eb42-4ebc-bb86-050970c94fe4,infraspecies,Animalia,t0121907,Equus zebra zebra zebra,subspecies,Animalia,Equus zebra zebra,accepted,FALSE
f0e9e5b2-2379-4770-bc60-68e54fec9b5c,infraspecies,Animalia,t0121916,Ateles geoffroyi geoffroyi frontatus,subspecies,Animalia,Ateles geoffroyi frontatus,accepted,FALSE
6383b34c-0991-4507-9d12-fea73bb447bf,infraspecies,Animalia,t0121917,Ateles geoffroyi geoffroyi panamensis,subspecies,Animalia,Ateles geoffroyi panamensis,accepted,FALSE
8d2ee65f-d141-458a-b3e8-f5da7b12b445,infraspecies,Animalia,t0121983,Branta canadensis canadensis leucopareia,subspecies,Animalia,Branta canadensis leucopareia,accepted,FALSE
da55f8b8-622b-40a1-97c3-ce7a0d096254,infraspecies,Animalia,t0122016,Chondrohierax uncinatus uncinatus wilsonii,subspecies,Animalia,Chondrohierax uncinatus wilsonii,accepted,FALSE
a6df0f9c-acbb-4261-b927-d3709ef615b0,infraspecies,Animalia,t0122035,Colinus virginianus virginianus ridgwayi,subspecies,Animalia,Colinus virginianus ridgwayi,accepted,FALSE
6d006c87-0f07-45eb-9f24-3f57dcd91fb3,infraspecies,Animalia,t0122058,Tympanuchus cupido cupido attwateri,subspecies,Animalia,Tympanuchus cupido attwateri,accepted,FALSE
c3acd43e-bb02-4f13-99eb-5ed8fc263816,infraspecies,Animalia,t0122060,Grus canadensis canadensis nesiotes,subspecies,Animalia,Grus canadensis nesiotes,accepted,FALSE
78ec5343-0143-40d9-b9a8-a701015bcbc6,infraspecies,Animalia,t0122061,Grus canadensis canadensis pulla,subspecies,Animalia,Grus canadensis pulla,accepted,FALSE
8e9d68c2-4a66-421f-b8bd-4f05059abc11,infraspecies,Animalia,t0122078,Poephila cincta cincta cincta,subspecies,Animalia,Poephila cincta cincta,accepted,FALSE
a4d3a3c5-41f3-4857-bceb-bda5f34c0e01,infraspecies,Animalia,t0122084,Lichenostomus melanops melanops cassidix,subspecies,Animalia,Lichenostomus melanops cassidix,accepted,FALSE
1e429780-5ce8-4bf3-ba79-6976c6a1bb2b,infraspecies,Animalia,t0122086,Dasyornis broadbenti broadbenti litoralis,subspecies,Animalia,Dasyornis broadbenti litoralis,accepted,FALSE
f40c55c5-1a91-488e-93ee-d32cd547ec31,infraspecies,Animalia,t0122097,Dryocopus javensis javensis richardsi,subspecies,Animalia,Dryocopus javensis richardsi,accepted,FALSE
3f89b7bc-4648-43c3-8387-cc77ea01ad61,infraspecies,Animalia,t0122115,Amazona aestiva aestiva xanthopteryx,subspecies,Animalia,Amazona aestiva xanthopteryx,accepted,FALSE
65a6397e-2a01-4d01-873e-40790d7512e5,infraspecies,Animalia,t0122152,Cyclopsitta diophthalma diophthalma coxeni,subspecies,Animalia,Cyclopsitta diophthalma coxeni,accepted,FALSE
7d16301d-42ae-45d3-ba4d-36fa1efe86e0,infraspecies,Animalia,t0122180,Caiman crocodilus crocodilus apaporiensis,subspecies,Animalia,Caiman crocodilus apaporiensis,accepted,FALSE
9ee181d0-40dc-4708-ade8-0e3358fbb148,infraspecies,Animalia,t0122216,Heloderma horridum horridum charlesbogerti,subspecies,Animalia,Heloderma horridum charlesbogerti,accepted,FALSE
747b0941-bec2-427b-a3fe-ab3352c2db55,infraspecies,Animalia,t0122243,Boa constrictor constrictor occidentalis,subspecies,Animalia,Boa constrictor occidentalis,accepted,FALSE
c103ec4a-5b9a-4c71-a37b-43385db8c294,infraspecies,Animalia,t0122323,Apalone spinifera spinifera atra,subspecies,Animalia,Apalone spinifera atra,accepted,FALSE
ae8ca589-62f8-4232-9952-60ac5e095a1a,infraspecies,Animalia,t0122380,Epioblasma sulcata sulcata perobliqua,subspecies,Animalia,Epioblasma sulcata perobliqua,accepted,FALSE
c6c1dca4-9c5d-40b1-b18e-0f796b7b6854,infraspecies,Animalia,t0122381,Epioblasma torulosa torulosa gubernaculum,subspecies,Animalia,Epioblasma torulosa gubernaculum,accepted,FALSE
05c24d4b-a519-4c4a-8b53-61ce171bb7d3,infraspecies,Animalia,t0122382,Epioblasma torulosa torulosa torulosa,subspecies,Animalia,Epioblasma torulosa torulosa,accepted,FALSE
f91587d2-458e-4ac7-99a1-0ef96327859a,infraspecies,Animalia,t0122388,Lampsilis orbiculata orbiculata orbiculata,subspecies,Animalia,Lampsilis orbiculata orbiculata,accepted,FALSE
b7f7c620-feee-496d-b198-c814f9e39c65,infraspecies,Animalia,t0122399,Unio tampicoensis tampicoensis tecomatensis,subspecies,Animalia,Unio tampicoensis tecomatensis,accepted,FALSE
55a39774-3c11-47d5-b380-f11869d6894c,infraspecies,Animalia,t0122403,Enhydra lutris lutris nereis,subspecies,Animalia,Enhydra lutris nereis,accepted,FALSE
a070e674-7b6b-4a63-b5a0-b0feb4248047,infraspecies,Animalia,t0122510,Coptodera (Coptoderina) flexuosa flexuosa flexuosa,subspecies,Animalia,Coptodera flexuosa flexuosa,accepted,TRUE
7b9a9071-4b46-4833-af30-08edf8b144dd,infraspecies,Animalia,t0122530,Melanitis leda leda leda,subspecies,Animalia,Melanitis leda leda,accepted,TRUE
bfb8cf8d-422b-4d97-a03b-52804644a6d4,infraspecies,Animalia,t0122539,Passer cinnamomeus cinnamomeus rutilans,subspecies,Animalia,Passer cinnamomeus rutilans,accepted,TRUE
e86f0e8a-cdcb-4997-95aa-17734c633a3d,infraspecies,Animalia,t0122642,Tanaisia fedtschenkoi fedtschenkoi meridionalis,subspecies,Animalia,Tanaisia fedtschenkoi meridionalis,accepted,TRUE
b4a5d224-9b68-47ea-a1e5-ae8b5aea407e,infraspecies,Animalia,t0123534,Turdus viscivorus viscivorus bonapartei,subspecies,Animalia,Turdus viscivorus bonapartei,accepted,TRUE
72649d1f-fcf8-44c0-a44b-9011c76e1cc9,infraspecies,Animalia,t0123535,Anarhynchus atrifrons atrifrons schaeferi,subspecies,Animalia,Anarhynchus atrifrons schaeferi,accepted,TRUE
597ebb81-1eb7-4d6c-8cf7-380be1e713b0,infraspecies,Animalia,t0123536,Anarhynchus atrifrons atrifrons atrifrons,subspecies,Animalia,Anarhynchus atrifrons atrifrons,accepted,TRUE
360a226a-1552-47d6-99b6-ec17a4d4fa08,infraspecies,Animalia,t0123540,Dendrocopos hyperythrus hyperythrus subrufinus,subspecies,Animalia,Dendrocopos hyperythrus subrufinus,accepted,TRUE
cc53afe8-59ff-4acc-8c72-763f25a31c62,infraspecies,Animalia,t0123543,Orthotomus sutorius sutorius longicauda,subspecies,Animalia,Orthotomus sutorius longicauda,accepted,TRUE
9998b33d-5620-4a5e-b8e0-a1494cbe9409,infraspecies,Animalia,t0123544,Pnoepyga pusilla pusilla pusilla,subspecies,Animalia,Pnoepyga pusilla pusilla,accepted,TRUE
00a1b7dd-a287-4969-af45-e2a757d1b556,infraspecies,Animalia,t0123613,Crocuta crocuta crocuta ultima,subspecies,Animalia,Crocuta crocuta ultima,accepted,TRUE
f5c830ac-caa2-4973-9404-b220412110b6,infraspecies,Animalia,t0123702,Spilopelia chinensis chinensis formosa,subspecies,Animalia,Streptopelia chinensis formosa,accepted,TRUE
fb16fadb-3ff7-4e52-9f4b-2edea0058fe9,infraspecies,Animalia,t0123707,Hypsipetes amaurotis amaurotis harterti,subspecies,Animalia,Microscelis amaurotis harterti,accepted,TRUE
f2e7b49a-4d51-4a6e-9c51-7cd22df557e0,infraspecies,Animalia,t0123710,Zoothera dauma dauma horsfieldi,subspecies,Animalia,Zoothera dauma horsfieldi,accepted,FALSE
aef64403-584a-4f49-aa11-277e73fb0ea4,infraspecies,Animalia,t0123740,Turdus naumanni naumanni naumanni,subspecies,Animalia,Turdus naumanni naumanni,accepted,FALSE
e316d7a8-964e-46df-a628-44507cc92603,infraspecies,Animalia,t0123765,Zoothera dauma dauma major,subspecies,Animalia,Zoothera dauma major,accepted,FALSE
6128469e-f2ea-4b49-8efd-b38dd5d1f80b,infraspecies,Animalia,t0124304,Xylotrupes socrates socrates tonkinensis,subspecies,Animalia,Xylotrupes socrates tonkinensis,accepted,TRUE
2d019b03-ee60-4103-9c86-2346a58b6abd,infraspecies,Animalia,t0124364,Taenia saginata saginata asiatica,subspecies,Animalia,Taenia saginata asiatica,accepted,TRUE
7c488333-906a-4eff-aa5c-d5166f3e4e94,infraspecies,Animalia,t0124386,Balaenoptera edeni edeni edeni,subspecies,Animalia,Balaenoptera edeni edeni,accepted,TRUE
085ab6e0-2b51-4dee-a83d-4c33702b8e06,infraspecies,Animalia,t0124401,Cerura menciana menciana formosana,subspecies,Animalia,Cerura menciana formosana,accepted,TRUE
0ed240e3-c324-4f9d-b2f3-73b782ba1207,infraspecies,Animalia,t0124421,Notonagemia analis analis analis,subspecies,Animalia,Notonagemia analis analis,accepted,TRUE
21fb7e91-3250-48fe-8f6a-2d83bffec361,infraspecies,Animalia,t0124460,Hippotion rafflesii rafflesii rafflesii,subspecies,Animalia,Hippotion rafflesii rafflesii,accepted,TRUE
221fda05-9436-46b7-8675-59eb2279a858,infraspecies,Animalia,t0124467,Clelea simplicior simplicior formosana,subspecies,Animalia,Clelea simplicior formosana,accepted,TRUE
a3dfe17a-717d-408a-9912-c0be42f62462,infraspecies,Animalia,t0124893,Pseudagrion rubriceps rubriceps rubriceps,subspecies,Animalia,Pseudagrion rubriceps rubriceps,accepted,TRUE
acf50c62-61ae-498d-a7b3-c9f3c4f74878,infraspecies,Animalia,t0125158,Aphrodisium faldermannii faldermannii yugaii,subspecies,Animalia,Aphrodisium faldermannii yugaii,accepted,TRUE
1091be9d-6e12-404c-8e10-994775d4a995,infraspecies,Animalia,t0125180,Neoserixia longicollis longicollis infasciatus,subspecies,Animalia,Neoserixia longicollis infasciatus,accepted,TRUE
4ee85ef5-fe88-421f-b068-e26ccd4e7ba8,infraspecies,Animalia,t0125187,Elaphurus davidianus davidianus predavidianus,subspecies,Animalia,Elaphurus davidianus predavidianus,accepted,TRUE
21af2bc2-b04a-4824-96bb-059880f71e25,infraspecies,Animalia,t0125188,Elaphurus davidianus davidianus davidianus,subspecies,Animalia,Elaphurus davidianus davidianus,accepted,FALSE
868c4346-1d79-4b03-9f37-574be918e744,infraspecies,Animalia,t0125189,Elaphurus davidianus davidianus tamaensis,subspecies,Animalia,Elaphurus davidianus tamaensis,accepted,FALSE
7f8113d9-553a-413d-9fa4-af230933b8cf,infraspecies,Animalia,t0125190,Elaphurus davidianus davidianus menziesianus,subspecies,Animalia,Elaphurus davidianus menziesianus,accepted,TRUE
dca3202a-8b4a-42ca-9246-d378ce93b676,infraspecies,Animalia,t0125192,Elaphurus bifurcatus bifurcatus bifurcatus,subspecies,Animalia,Elaphurus bifurcatus bifurcatus,accepted,FALSE
c6ac33f9-db19-4d26-94ae-435328156aca,infraspecies,Animalia,t0125193,Elaphurus bifurcatus bifurcatus shikamai,subspecies,Animalia,Elaphurus bifurcatus shikamai,accepted,FALSE
05427ddb-8130-4305-9010-9b262b700e61,infraspecies,Animalia,t0125196,Elaphurus chinnaniensis chinnaniensis chinnaniensis,subspecies,Animalia,Elaphurus chinnaniensis chinnaniensis,accepted,FALSE
a9d86dda-0bf2-4be4-9c32-5ebe2b815753,infraspecies,Animalia,t0125197,Elaphurus chinnaniensis chinnaniensis lantianensis,subspecies,Animalia,Elaphurus chinnaniensis lantianensis,accepted,FALSE
f842e18e-526d-4286-82d7-7b72ddea0db0,infraspecies,Animalia,t0125361,Neocaridina denticulata denticulata denticulata,subspecies,Animalia,Neocaridina denticulata denticulata,accepted,FALSE
6ccbdfaa-b3f5-4801-a69d-b766b95e37d8,infraspecies,Animalia,t0125776,Aerodramus vanikorensis vanikorensis lugubris,subspecies,Animalia,Aerodramus vanikorensis lugubris,accepted,FALSE
29f6d3ab-d8b7-41ec-b361-29e0d4578ac4,infraspecies,Animalia,t0126295,Argentina anserina anserina subsp. anserina,subspecies,Animalia,Argentina anserina subsp. anserina,accepted,FALSE
4af00c86-f34b-45f6-9e75-f84309cd7f3a,infraspecies,Animalia,t0126296,Argentina anserina anserina subsp. groenlandica,subspecies,Animalia,Argentina anserina subsp. groenlandica,accepted,FALSE
8e3905b6-48f7-47b7-8ba1-cb27e7bc0cf2,infraspecies,Animalia,t0127951,Ceyx melanurus melanurus platenae,subspecies,Animalia,Ceyx melanurus platenae,accepted,FALSE
dc2a0bf6-181b-4170-ba65-9f19c1938ada,infraspecies,Animalia,t0127981,Chalcites minutillus minutillus poecilurus,subspecies,Animalia,Chalcites minutillus poecilurus,accepted,FALSE
274f3ff6-388a-4424-9454-889a7991b8cd,infraspecies,Animalia,t0130511,Horornis flavolivaceus flavolivaceus vulcanius,subspecies,Animalia,Horornis flavolivaceus vulcanius,accepted,FALSE
d3340383-da99-46c5-873d-b700def8d733,infraspecies,Animalia,t0132340,Ninox spilonotus spilonotus spilonotus,subspecies,Animalia,Ninox spilonotus spilonotus,accepted,FALSE
e5fdd1bc-5549-4c55-bde4-76353402c4ee,infraspecies,Animalia,t0135358,Synoicus chinensis chinensis victoriae,subspecies,Animalia,Synoicus chinensis victoriae,accepted,FALSE
bc93b77d-78fa-4385-a967-38cc4cfd0950,infraspecies,Animalia,t0135626,Todiramphus winchelli winchelli winchelli,subspecies,Animalia,Todiramphus winchelli winchelli,accepted,FALSE
59b7507b-12d1-4d4e-b5a7-19481f5c50d5,infraspecies,Animalia,t0136245,Cyornis whitei whitei whitei,subspecies,Animalia,Cyornis whitei whitei,accepted,TRUE
a1774646-36cc-4c36-9f41-5d9808ed748e,infraspecies,Animalia,t0136247,Haliaeetus albicilla albicilla albicilla,subspecies,Animalia,Haliaeetus albicilla albicilla,accepted,TRUE
2a2f7cd2-2c19-44ef-b8ea-611729ced051,infraspecies,Animalia,t0136252,Columba janthina janthina stejnegeri,subspecies,Animalia,Columba janthina stejnegeri,accepted,TRUE
de3ad359-1eaa-4cf6-a7dc-33979dd581d0,infraspecies,Animalia,t0136253,Charadrius dubius dubius curonicus,subspecies,Animalia,Thinornis dubius curonicus,accepted,TRUE
94e6419b-e7c0-40ec-9a0a-3136431fda28,infraspecies,Animalia,t0136256,Gygis candida candida candida,subspecies,Animalia,Gygis candida candida,accepted,TRUE
0c8c370e-3dbf-498e-9148-bebd37ac2810,infraspecies,Animalia,t0136258,Puffinus bailloni bailloni dichrous,subspecies,Animalia,Puffinus bailloni dichrous,accepted,TRUE
8ece7e92-3cd0-460b-96f7-aa1d539d05a7,infraspecies,Animalia,t0136260,Accipiter gentilis gentilis schvedowi,subspecies,Animalia,Astur gentilis schvedowi,accepted,TRUE
d7c9067b-37c4-4e9e-8ab1-b98758509103,infraspecies,Animalia,t0136262,Merops orientalis orientalis ferrugeiceps,subspecies,Animalia,Merops orientalis ferrugeiceps,accepted,TRUE
489b5228-87b5-48d7-b03f-c3198da0a716,infraspecies,Animalia,t0136264,Hypsipetes amaurotis amaurotis stejnegeri,subspecies,Animalia,Hypsipetes amaurotis stejnegeri,accepted,FALSE
c0cccf05-f8c1-4e91-82ea-ac2527d43199,infraspecies,Animalia,t0136265,Eophona migratoria migratoria sowerbyi,subspecies,Animalia,Eophona migratoria sowerbyi,accepted,TRUE
2ba2f45b-6a84-44dc-b7f6-6506a8ed422d,infraspecies,Animalia,t0136373,Mustela putorius putorius furo,subspecies,Animalia,Mustela putorius furo,accepted,TRUE
8e790c38-e2e5-4980-ab0f-b244ccbe34b8,infraspecies,Animalia,t0087507,Brachionus pala calyciflorus var. dorcas,variety,Animalia,Brachionus calyciflorus var. dorcas,accepted,FALSE
5ee41cc1-b38c-4ec7-87c1-ffeb79a53391,infraspecies,Animalia,t0101148,Amphibalanus amphitrite amphitrite var. malayensis,variety,Animalia,Balanus amphitrite var. malayensis,accepted,FALSE
b3b189fd-be8f-43f2-bf11-e6c87c2949ca,infraspecies,Animalia,t0101153,Rusostigma tristylii tristylii var. uichancoi,variety,Animalia,Dialeurodes tristylii var. uichancoi,accepted,FALSE
3315a4de-40cb-47e3-bc4d-d925d4123545,infraspecies,Animalia,t0101154,Rhipicephalus sanguineus sanguineus var. punctatissima,variety,Animalia,Rhipicephalus sanguineus var. punctatissima,accepted,FALSE
4b3e3b87-d922-435f-a592-9538d1610250,infraspecies,Animalia,t0125501,Taenia saginata saginata asiatica macrotera var. engleriana,variety,Animalia,Abelia macrotera var. engleriana,accepted,FALSE
