TT_taxonUUID,TT_taxonRank,TT_kingdom,TT_taiCOLNameCode,TT_simplifiedScientificName,hit_index,taicol_taxon_id,taicol_status
c81c2d9d-6ab5-461f-ba33-48c46fd7a98f,domain,"","",Bacteria,1,t0000005,accepted
b97f04e6-e040-43c4-a957-4c1d09c2094f,kingdom,Cryptista,"",Cryptista,1,t0000078,accepted
88a7facc-492e-457e-98c7-73ce5329017e,kingdom,Plantae,"",Plantae,1,t0000003,accepted
28731836-31a0-45ee-a2a3-c141f6c9698b,subkingdom,Plantae,"",Viridiplantae,1,t0000011,accepted
0ea931ec-3d72-4ea9-9848-f42a1f973bef,superphylum,Plantae,"",Streptophyta,1,t0000021,accepted
8973cf04-1c50-4e7f-9536-08fbdf4d101e,phylum,Plantae,"",Embryophyta,1,t0000029,accepted
84909b46-ad27-4df3-8a4a-f8892cba0249,subclass,Plantae,"",Lycopodiidae,1,t0124082,accepted
d71da4b4-6d1d-4c3f-b28b-3f2f6e7eb039,subclass,Plantae,"",Isoetidae,1,t0124082,not-accepted
450e1089-93fd-41ad-8627-8024da76405e,subclass,Plantae,"",Gnetidae,1,t0000567,accepted
b65e5700-b03e-404b-a8ca-baddd53067d2,order,Plantae,"",Welwitschiales,1,t0002278,accepted
d4538179-8c94-463b-9738-58a22848edf1,order,Plantae,"",Gnetales,1,t0000785,accepted
310e40e5-c407-40b5-9a2b-8dbeeac7d393,order,Plantae,"",Ephedrales,1,t0002279,accepted
e27fd325-f7c5-480f-8c01-63107b0ac9e7,order,Plantae,"",Canellales,1,t0000790,accepted
f575ead5-fddb-4963-a938-5f49c765037b,order,Plantae,"",Acorales,1,t0000795,accepted
e9f4a72d-5067-4ce0-a3bd-3e6055fa1fdf,order,Plantae,"",Gunnerales,1,t0000811,accepted
35d0e9bd-3770-45f6-af67-f91c9a7a88ff,order,Plantae,"",Picramniales,1,t0000826,accepted
520cf167-010a-4996-b3c6-eea79bd2c347,order,Plantae,"",Berberidopsidales,1,t0000831,accepted
ecec58f7-2493-406c-bd68-a55d7d85221f,order,Plantae,"",Metteniusales,1,t0002283,accepted
f72678b2-17dd-4f44-9c78-1f2cf848a4c7,order,Plantae,"",Vahliales,1,t0002284,accepted
7de95bc3-65d0-49f5-8952-383737ee2ccc,order,Plantae,"",Escalloniales,1,t0000843,accepted
6d6b27e9-bc51-43e4-8721-3126b3dbe50b,order,Plantae,"",Bruniales,1,t0000844,accepted
ac707472-fd0b-4cd3-b126-1c83df54e512,order,Plantae,"",Paracryphiales,1,t0000845,accepted
02a78660-f20f-4920-9dfb-f54b02f721d5,family,Plantae,"",Matoniaceae,1,t0124084,accepted
d41085b4-8139-4c49-9e4d-44dd76ab0dc8,family,Plantae,"",Anemiaceae,1,t0124085,accepted
e2fb81ab-1d50-4391-b385-f5d4e5f33000,family,Plantae,"",Thyrsopteridaceae,1,t0124087,accepted
efced2d2-2d46-4ad0-9b6e-c68e93f32690,family,Plantae,"",Loxsomataceae,1,t0124088,accepted
b4b98498-3c09-4220-82b0-9635fa02c111,family,Plantae,"",Culcitaceae,1,t0124089,accepted
2f650ff5-45ce-4b30-8d74-3ed84192fa56,family,Plantae,"",Dicksoniaceae,1,t0091696,accepted
e8a4c204-9004-4a54-9ef1-a9a9bef6d939,family,Plantae,"",Metaxyaceae,1,t0124090,accepted
b8f55998-81db-48f0-9d2d-35cc175d80f0,family,Plantae,"",Lonchitidaceae,1,t0124091,accepted
0c8449f4-3a84-4471-8715-cc7478d5ad9f,family,Plantae,"",Saccolomataceae,1,t0124092,accepted
8f02a41a-bd3e-4410-a954-e6aae8a22cdd,family,Plantae,"",Cystodiaceae,1,t0124093,accepted
4c160bcf-daed-47f3-9c52-1d08fb0c115f,family,Plantae,"",Gnetaceae,1,t0130114,accepted
a397ba47-c0ba-4732-911f-2cf58b7ba5db,family,Plantae,"",Ephedraceae,1,t0129524,accepted
6199d3d6-a020-4a2a-973c-fa03bdd7689c,family,Plantae,"",Sciadopityaceae,1,t0134706,accepted
f0121175-fa2e-458e-81ff-d9072e04ab3b,family,Plantae,"",Tofieldiaceae,1,t0135634,accepted
8b1caab8-96e4-4d29-915f-74ca8af35402,family,Plantae,"",Butomaceae,1,t0127358,accepted
968285ab-f032-4613-bfed-d612f632b6ab,family,Plantae,"",Restionaceae,1,t0134004,accepted
d487adb6-22a3-4ef2-bd91-69bae35386bd,family,Plantae,"",Circaeasteraceae,1,t0128139,accepted
eedc8a4c-c2d3-4c6a-bf06-f3400cc6d0ea,family,Plantae,"",Platanaceae,1,t0133184,accepted
73f6354f-5c01-43a4-b619-939a620d6dea,family,Plantae,"",Gunneraceae,1,t0130203,accepted
0042093a-ea40-406a-aee2-026f56bf984e,family,Plantae,"",Cynomoriaceae,1,t0128736,accepted
207e141e-e0c2-4cdf-b4d9-5e50cb6ff957,family,Plantae,"",Apodanthaceae,1,t0126206,accepted
2496c7c5-945c-4739-a542-9b16be13a2a5,family,Plantae,"",Anisophylleaceae,1,t0126141,accepted
0406c35b-8943-4866-9b51-6168968c1be7,family,Plantae,"",Tetramelaceae,1,t0135498,accepted
f77441b2-e595-4224-bd9c-18e5c674ecce,family,Plantae,"",Brunelliaceae,1,t0127306,accepted
5a3d4217-6533-43f2-ade5-3062e995b2b8,family,Plantae,"",Erythroxylaceae,1,t0129680,accepted
2fe0285b-bbb8-4de1-8d38-86825d1d4379,family,Plantae,"",Podostemaceae,1,t0133285,accepted
c6c47e6e-91c5-4bd0-8cbf-a79ffe0411cb,family,Plantae,"",Centroplacaceae,1,t0127901,accepted
63002326-6413-4ae5-83a6-13d9811cd175,family,Plantae,"",Balanopaceae,1,t0126640,accepted
05857eb2-43e7-41d3-aeb3-f01a9f131a25,family,Plantae,"",Trigoniaceae,1,t0003855,accepted
a42d78d0-c5c2-4be4-9c4e-d984c5580630,family,Plantae,"",Rafflesiaceae,1,t0106570,accepted
4cd5fe88-12fb-4b67-8c2d-2c1fa59e9695,family,Plantae,"",Ixonanthaceae,1,t0130875,accepted
abe0ecb0-6337-4950-90ce-37a13b3b70c2,family,Plantae,"",Crypteroniaceae,1,t0128627,accepted
2969ef4c-6683-4a9c-824e-07c557f614d9,family,Plantae,"",Tapisciaceae,1,t0135415,accepted
a07b2eb3-9862-4b97-9e9a-36180ac6ad36,family,Plantae,"",Dipterocarpaceae,1,t0002432,accepted
b9d70080-f50a-4e58-949e-47b2ec5dd4b5,family,Plantae,"",Salvadoraceae,1,t0134472,accepted
133a0acb-4dea-41ba-86a5-9df7745b4552,family,Plantae,"",Nepenthaceae,1,t0132297,accepted
6903d43e-cb48-49fe-83c0-86d18f0306be,family,Plantae,"",Ancistrocladaceae,1,t0126065,accepted
b0a17463-329a-4eb2-9a5e-ebee662cd6d1,family,Plantae,"",Gisekiaceae,1,t0130061,accepted
34ea55f0-1a08-4e38-8a91-887e55c794ab,family,Plantae,"",Montiaceae,1,t0132100,accepted
89f76cee-ad9b-4a85-97f5-569985e665c4,family,Plantae,"",Sladeniaceae,1,t0134941,accepted
e36a769c-3390-45bd-9229-7a4e30239b74,family,Plantae,"",Clethraceae,1,t0128294,accepted
1ba065a2-203b-4c1d-9872-79ea3a2d7827,family,Plantae,"",Eucommiaceae,1,t0002477,accepted
89f875d8-c9a1-46ce-b9e1-587930a0f813,family,Plantae,"",Hydrophyllaceae,1,t0091708,accepted
7ae48123-b54e-4f23-9039-422dcbf14a4c,family,Plantae,"",Vahliaceae,1,t0135913,accepted
b1629c73-6ab0-4bb5-95bf-9a92f234935c,family,Plantae,"",Carlemanniaceae,1,t0127811,accepted
069587af-6fcc-490e-8f89-508d63a15d66,family,Plantae,"",Tetrachondraceae,1,t0135488,accepted
50e3b7a3-c76c-47a1-8fae-06f39cf4c514,family,Plantae,"",Calceolariaceae,1,t0127393,accepted
2105e15d-ceb1-4ab9-898d-1affce99a100,family,Plantae,"",Martyniaceae,1,t0131799,accepted
5b1cc231-235f-4ad4-8f6b-04b8fbfaea2a,family,Plantae,"",Escalloniaceae,1,t0129693,accepted
095cb660-6b63-4a5f-baad-a4f87781d010,family,Plantae,"",Paracryphiaceae,1,t0132716,accepted
e749f097-667f-4585-a6ee-d5c02bc1a2f6,family,Plantae,"",Viburnaceae,1,t0091658,accepted
507db7e8-13f7-4284-b6a3-d8041dbe86e9,class,Fungi,"",Zygomycetes,1,t0124974,accepted
4bb492bd-b350-428a-8f51-2d7f33ff4ebc,class,Protozoa,"",Polyhymenophora,1,t0002910,accepted
dda23863-c926-4aee-9f19-e999052e6324,order,Plantae,"",Pyramimonadales,1,t0001624,accepted
63d4dce0-cc39-4f7d-b451-936c1d439b0f,genus,Plantae,"",Tetraselmis,1,t0025920,accepted
d3482b07-e2d4-4f23-a2c3-fc493e52de96,family,Plantae,"",Botryococcaceae,1,t0005021,accepted
db1592e6-96a3-4004-96a2-187575473655,genus,Plantae,"",Halosphaera,1,t0025701,accepted
b6ebab58-240b-4fd8-b930-22d53fb33075,family,Fungi,"",Heterosporium,1,t0094479,accepted
6b7b23fb-0fbd-464e-a83d-b1b1b8aceb43,class,Plantae,"",Trebouxiophyceae,1,t0000461,accepted
83e18e56-c269-4560-bd38-fc4d5791c775,order,Plantae,"",Chlorellales,1,t0001537,accepted
35c2f033-7a05-4cf9-adbf-0c9690e9bdd3,family,Plantae,"",Chlorellaceae,1,t0005038,accepted
35098854-7b53-4742-aeef-00ffefad6a4c,class,Plantae,"",Chlorophyceae,1,t0000434,accepted
283849f4-b2af-4bf4-9f3c-56f652358855,order,Plantae,"",Tetrasporales,1,t0003035,accepted
393c1148-f3c6-43c9-911c-a83b19f73761,family,Plantae,"",Gloeocystaceae,1,t0005078,accepted
23bfdb90-a8a5-44f9-af78-cacd4bd0681b,family,Plantae,"",Palmellaceae,1,t0004093,accepted
6501640e-66ea-4632-a835-f6490684e2e3,class,Plantae,"",Ulvophyceae,1,t0000462,accepted
b9aa8575-b5b2-4b94-aaae-975548205a6e,order,Plantae,"",Ulvales,1,t0001653,accepted
cc55f162-08cd-448a-8588-1843fd021487,family,Plantae,"",Ulvaceae,1,t0005186,accepted
f0a6d155-fdc0-43d1-a604-09f466555ee8,order,Plantae,"",Volvocales,1,t0001536,not-accepted
d9d19103-642d-4a49-be74-302f14f70b1c,family,Plantae,"",Chlamydomonadaceae,1,t0004085,accepted
b5c53bc4-0e24-44a0-9c02-9f34a050960a,family,Plantae,"",Volvocaceae,1,t0005187,accepted
9dd6b26f-32e8-4819-ac92-6f03a537bbef,order,Plantae,"",Chlorococcales,1,t0003025,accepted
55942c25-1627-4c9b-8464-ffac1acf7c59,family,Plantae,"",Hydrodictyaceae,1,t0004101,accepted
10f5203a-4ba9-49f3-a703-c318f670715c,family,Plantae,"",Oocystaceae,1,t0005128,accepted
13cdd4ba-f0b9-4d6e-9542-f90c26e041d5,family,Plantae,"",Coelastraceae,1,t0005043,accepted
69e4f27b-69b1-4394-8de0-be0cf9c23061,family,Plantae,"",Scenedesmaceae,1,t0004087,accepted
a92f903f-458e-48ae-b2bd-8955fa675877,family,Plantae,"",Radiococcaceae,1,t0004097,accepted
d9765d5f-a491-4b8d-9c82-8bee784d611c,family,Plantae,"",Chlorococcaceae,1,t0005039,accepted
98d86732-4745-40d8-963d-d67af778ea43,family,Plantae,"",Dictyosphaeriaceae,1,t0005057,accepted
b657487b-ee2c-4674-8b40-2997a54fa551,order,Plantae,"",Oedogoniales,1,t0001597,accepted
41b34ef4-c5eb-4d04-a309-86fbc2ce0875,family,Plantae,"",Oedogoniaceae,1,t0005127,accepted
aab656bf-60d5-4db4-9a09-a533026836c9,class,Plantae,"",Zygnematophyceae,1,t0000437,not-accepted
0be36994-8b02-4bd1-b545-fe7e6107d910,order,Plantae,"",Zygnematales,1,t0001654,accepted
3783aa3a-fb32-4665-8ce6-fe30faa580bf,family,Plantae,"",Desmidiaceae,1,t0004086,accepted
e2c3e7cd-c6b1-4f35-aa5a-0e3c2511e94b,family,Plantae,"",Zygnemataceae,1,t0005190,accepted
c465fde5-a88f-40fe-ab32-7b6e8c5d5e36,family,Plantae,"",Mesotaeniaceae,1,t0005116,accepted
287e924b-3f31-4cc0-a935-b042b0c264d7,order,Plantae,"",Chaetophorales,1,t0001533,accepted
8315ece0-df0c-4802-be0b-f5d93a76baa3,family,Plantae,"",Chaetophoraceae,1,t0005035,accepted
5ee1f5d0-f953-4ee9-ba0f-34e707ecf113,order,Plantae,"",Ulotrichales,1,t0001652,accepted
d69051d7-3627-4f71-8305-c9b537b5f4a1,family,Plantae,"",Ulotrichaceae,1,t0005185,accepted
01a4e2d9-7fee-4153-abf4-2cfdea62f5a5,order,Plantae,"",Cladophorales,1,t0001540,accepted
7022349b-51ce-4c50-8eca-322622d0e364,family,Plantae,"",Cladophoraceae,1,t0005040,accepted
a996cb46-ab83-4825-96ed-5cb03f7d3681,genus,Plantae,"",Danaea,1,t0128806,accepted
5b1978c6-88b3-431c-9c35-cc4fe41bbc44,genus,Plantae,"",Eupodium,1,t0129738,accepted
cdc78087-245a-4c7b-a4a2-c7986e55cffb,genus,Plantae,"",Christensenia,1,t0128069,accepted
c27c7fa0-59d5-4e22-9ae1-b9d1c8dad5bd,genus,Plantae,"",Marattia,1,t0095579,accepted
cbaa0f6a-a21e-4f00-82c9-c2cecc741544,genus,Plantae,"",Trichomanes,1,t0094808,accepted
1706b73b-24c3-4ec6-9bc1-d12ba137bac3,genus,Plantae,"",Sticherus,1,t0135231,accepted
7758188e-736e-4288-aa0d-a82a679f417a,genus,Plantae,"",Gleichenia,1,t0094394,accepted
59ea018e-ef7e-4a82-a462-7e7c77fbd65c,genus,Plantae,"",Cyathea,1,t0095326,accepted
92a5d8ed-237a-4336-9af1-d4658c10d9f9,genus,Plantae,"",Gymnosphaera,1,t0106928,accepted
7de14727-8344-4eae-be67-c221db6d09b5,genus,Plantae,"",Dicksonia,1,t0095789,accepted
3b851138-e1bd-462e-a257-f77465ac8e57,genus,Plantae,"",Lophosoria,1,t0131525,accepted
6414646d-64ac-4432-b217-5cd07920041f,genus,Plantae,"",Lonchitis,1,t0095551,accepted
ba0b1e9d-7cc9-4293-a13a-3a01b8a8cbf4,genus,Plantae,"",Saccoloma,1,t0134437,accepted
3004cd94-183f-4539-8ed2-d40da12c9591,genus,Plantae,"",Sphenomeris,1,t0094704,accepted
b42c1bb4-0cb0-402b-8dea-c2e6ce7cba0c,genus,Plantae,"",Taenitis,1,t0094752,accepted
f64ef073-4fc8-4e31-8298-308654ddf86d,genus,Plantae,"",Mildella,1,t0102188,accepted
e7cc0edc-3985-48fe-9905-3755c5bfd418,genus,Plantae,"",Parathelypteris,1,t0102206,accepted
0880772b-4348-4f86-9479-8e3da1eb370f,genus,Plantae,"",Onoclea,1,t0132453,accepted
d2a938a6-945d-4dd2-bfad-cddd3aeb7aaf,genus,Plantae,"",Stenochlaena,1,t0135196,accepted
d248b0f5-b997-4403-b8fe-2fa993cee33c,genus,Plantae,"",Blechnum,1,t0091864,accepted
916cd583-370a-4fc4-9e11-f90b916c11c0,genus,Plantae,"",Struthiopteris,1,t0094739,accepted
9e7257b2-3719-446b-ae0d-258b5099f7a1,genus,Plantae,"",Anisocampium,1,t0091762,accepted
4436a40b-2a4e-42a2-b4c6-4c7c8b71efb7,genus,Plantae,"",Dracoglossum,1,t0129260,accepted
a6f383e4-f4f3-441f-9503-7c787a9cc714,genus,Plantae,"",Cyrtogonellum,1,t0095345,accepted
32fad4f9-a3df-413e-a1db-4e10c67b12dd,genus,Plantae,"",Lomagramma,1,t0131460,accepted
4eb31a9c-96a0-47bd-9fcf-59495307b9cd,genus,Plantae,"",Megalastrum,1,t0131831,accepted
7e7ba8ff-8925-42b2-a9ba-a108eb2b2d9b,genus,Plantae,"",Polybotrya,1,t0095435,accepted
92ae4f48-d84a-40f1-8606-6dc6dbae98fa,genus,Plantae,"",Rumohra,1,t0095537,accepted
89d5f071-fc62-49e5-9720-c47764c48b3c,genus,Plantae,"",Stigmatopteris,1,t0135236,accepted
6c7a55cf-d75c-4e25-af98-63164a51f346,genus,Plantae,"",Teratophyllum,1,t0135474,accepted
49733336-6825-44b1-b497-fea0d1757de9,genus,Plantae,"",Hypoderris,1,t0130641,accepted
7c6dd89d-b48b-4f5b-ba6c-f3bcdb148747,genus,Plantae,"",Lecanopteris,1,t0094582,accepted
56b211c4-f1f8-4324-9d72-1e5f05de8c20,genus,Plantae,"",Phymatosorus,1,t0102172,accepted
c95927ff-2c97-4dd4-bb84-6b59b1d3e84f,genus,Plantae,"",Tricholepidium,1,t0102182,accepted
39270813-c8bc-4602-80a7-f3bff2b7f7b6,genus,Plantae,"",Microgramma,1,t0131991,accepted
b5c429cb-0ef8-4419-a0ac-a040ee241278,genus,Plantae,"",Niphidium,1,t0132341,accepted
666b7df4-d417-443a-b33c-380e03292f57,genus,Plantae,"",Pecluma,1,t0132817,accepted
cfe94e0d-915c-4689-b238-7fcc1ef353bd,genus,Plantae,"",Pleopeltis,1,t0095416,accepted
244d168b-a9a4-4719-9dfc-d5a69608de24,genus,Plantae,"",Pleurosoriopsis,1,t0133251,accepted
a28427f4-92af-4c95-b005-2140e8ee1763,genus,Plantae,"",Serpocaulon,1,t0134823,accepted
cf0f1b75-c732-417c-9748-e5c37172dbef,genus,Plantae,"",Acrosorus,1,t0125678,accepted
1690ba2e-0a8f-419d-b309-a752fdc14deb,genus,Plantae,"",Chrysogrammitis,1,t0009068,accepted
45e94534-c04f-4269-b302-8feed75912ea,genus,Plantae,"",Enterosora,1,t0129493,accepted
1cfb0ee6-fdf3-434c-95c2-95cae7c0ece8,genus,Plantae,"",Radiogrammitis,1,t0095493,accepted
3e38b967-1612-4e42-a895-4a8bc947cdf8,genus,Plantae,"",Themelium,1,t0102181,accepted
9db10a56-f5c7-4bda-826a-9f6e21f13e93,genus,Plantae,"",Pichisermollodes,1,t0102173,accepted
87600c3e-218c-4465-9381-0bb9c1f54fe5,genus,Plantae,"",Gnetum,1,t0130115,accepted
5ec6da35-c58a-4d61-b7ea-2b81a6fb743b,genus,Plantae,"",Ephedra,1,t0129516,accepted
75662c1b-aa8d-449b-a150-7ae4111d51fb,genus,Plantae,"",Cathaya,1,t0127867,accepted
08bd844f-f5b2-46b6-be44-46f299594cdd,genus,Plantae,"",Phyllocladus,1,t0133014,accepted
d019117e-e944-4c18-8fdc-b0f7b72e45d7,genus,Plantae,"",Lepidothamnus,1,t0131241,accepted
244d3068-5c1f-4e06-9dcc-2cf1a64854aa,genus,Plantae,"",Prumnopitys,1,t0133597,accepted
4c199621-917b-47d4-837a-d9b1659bfd37,genus,Plantae,"",Sundacarpus,1,t0135314,accepted
1e571d27-359b-4fc7-9b2e-e215031f6c55,genus,Plantae,"",Saxegothaea,1,t0134634,accepted
bd358c56-89a5-4914-9544-a3f84af01e13,genus,Plantae,"",Dacrycarpus,1,t0128784,accepted
aba502d3-9b28-4d9e-9431-6b08ee1a6733,genus,Plantae,"",Dacrydium,1,t0128788,accepted
ab04be5a-31b7-45bb-a115-3227e73fb204,genus,Plantae,"",Afrocarpus,1,t0125807,accepted
02fecf5b-d62f-4b3d-97e0-d536c86e538a,genus,Plantae,"",Sciadopitys,1,t0134707,accepted
8a142fec-5554-48c7-b88f-a2141c06b9ac,genus,Plantae,"",Athrotaxis,1,t0126549,accepted
4bd8c363-e931-4aeb-a632-1b79fa1ce715,genus,Plantae,"",Austrocedrus,1,t0126601,accepted
b10f2372-3985-495c-b717-ddd235a796ac,genus,Plantae,"",Libocedrus,1,t0094611,accepted
d1c1f99c-c715-4412-8fda-3003003b1472,genus,Plantae,"",Pilgerodendron,1,t0133066,accepted
4a590d0b-d124-469b-bab4-17ec5a2e1e3b,genus,Plantae,"",Widdringtonia,1,t0136144,accepted
224d0e5c-3e98-4a86-8fa0-a7c620d3f869,genus,Plantae,"",Diselma,1,t0129189,accepted
00ac8003-640e-4565-8653-db16b8487fa4,genus,Plantae,"",Fitzroya,1,t0129855,accepted
14afe90a-3628-464f-afa1-f44f8dfa4097,genus,Plantae,"",Tetraclinis,1,t0135489,accepted
c8bee1f6-b68e-482a-907b-2f97475dee70,genus,Plantae,"",Platycladus,1,t0133192,accepted
45aeeb87-8c33-461f-8a06-cc3df09a44d9,genus,Plantae,"",Torreya,1,t0135653,accepted
e88dcc8d-eee4-46c8-88ad-fde8d6f8597e,genus,Plantae,"",Guatteria,1,t0130193,accepted
53dd1c5f-cb38-40e5-83e7-32bc08023758,genus,Plantae,"",Xylopia,1,t0094877,accepted
212caf6f-9340-49f4-b7c4-726047175631,genus,Plantae,"",Uvaria,1,t0094843,accepted
3d939812-53ce-4ee1-bb65-8be15bbc4d31,genus,Plantae,"",Anaxagorea,1,t0126058,accepted
b5e2f75b-1878-4ca7-a8a6-e50649e496a0,genus,Plantae,"",Asimina,1,t0091812,accepted
8d3a9909-c5d3-4873-83c2-e2600b79dbc6,genus,Plantae,"",Damasonium,1,t0095359,accepted
913877f9-f437-44e4-acfc-e06234635f5f,genus,Plantae,"",Elodea,1,t0095860,accepted
4b865160-aca9-4ac1-9cfa-db551861ea63,genus,Plantae,"",Enhalus,1,t0129482,accepted
1ff09a2d-b2b4-41c9-afb2-ef511f89fa86,genus,Plantae,"",Metanarthecium,1,t0095622,accepted
fff49c1b-33c8-4df3-8d06-c4646a642104,genus,Plantae,"",Heloniopsis,1,t0094465,accepted
76b89eaf-2f11-428a-8dec-9cdb5c9a6886,genus,Plantae,"",Anticlea,1,t0010092,accepted
b959efaa-d03c-45a8-a56e-656a3b94c72e,genus,Plantae,"",Chamaelirium,1,t0127989,accepted
7282d67f-034f-4ee6-b568-e8d8975b9209,genus,Plantae,"",Toxicoscordion,1,t0135670,accepted
83cf92f8-dfae-4afa-a153-903cd25ba505,genus,Plantae,"",Zigadenus,1,t0136214,accepted
6e98964e-0986-4771-948c-edc5fc12e990,genus,Plantae,"",Iphigenia,1,t0130773,accepted
db47b453-1173-4cc1-8df0-1b705cc372d3,genus,Plantae,"",Uvularia,1,t0135888,accepted
97da6ab4-34a4-439b-b049-f0c3fc87c7a8,genus,Plantae,"",Fritillaria,1,t0129913,accepted
7597f02b-400e-4a18-bcec-231d2f7aaaad,genus,Plantae,"",Clintonia,1,t0128300,accepted
152675ce-1bc8-447d-adbe-21a48aae0b0b,genus,Plantae,"",Medeola,1,t0131815,accepted
2ff82790-1f57-461d-89b9-3f81014980d4,genus,Plantae,"",Dienia,1,t0023692,accepted
eb265ae8-767f-41e4-b0ad-ef6d58ed4015,genus,Plantae,"",Empusa,1,t0095862,accepted
e0c57a80-0a6b-4398-8a6e-71d98e7707dd,genus,Plantae,"",Eucosia,1,t0023814,accepted
9b377d55-738a-43f9-87e5-d6136fef6baf,genus,Plantae,"",Flickingeria,1,t0023853,accepted
ab08983a-ded7-4968-86f4-6abce8b1391b,genus,Plantae,"",Galeola,1,t0023873,accepted
8b340626-141c-44d0-a4ff-5d4547fef11f,genus,Plantae,"",Pseudoliparis,1,t0024628,accepted
01aa06fa-ff64-4c2f-ad7a-5973ae09f062,genus,Plantae,"",Microtatorchis,1,t0024295,accepted
b2673fb2-5cf2-4b88-9db2-cc87d069444f,genus,Plantae,"",Bletia,1,t0091866,accepted
cc6dc718-778c-44e7-af50-b003589de889,genus,Plantae,"",Corallorhiza,1,t0095293,accepted
5d42cb45-f14e-4d14-bda0-982cb9f6f50f,genus,Plantae,"",Orchis,1,t0095721,accepted
03d7fef7-e924-4954-8841-8a6398655d8f,genus,Plantae,"",Triphora,1,t0017776,accepted
b063ff80-ddb3-48e4-8708-8459f6e94768,genus,Plantae,"",Ascocentrum,1,t0106588,accepted
e3c08324-f10e-45a8-b4a4-e571d0f34a31,genus,Plantae,"",Chamaeanthus,1,t0023442,accepted
0c7bd7ef-a57e-466b-9eb9-2762a1ee4e38,genus,Plantae,"",Coeloglossum,1,t0023532,accepted
2848590f-5638-424d-94a3-4d5bf1aae1ec,genus,Plantae,"",Didiciea,1,t0023685,accepted
087ba7b7-f2b0-403e-aed9-04091d95b2f0,genus,Plantae,"",Ephemerantha,1,t0025660,accepted
837c263a-9c68-402f-8dfb-ec713f40f64d,genus,Plantae,"",Epigeneium,1,t0106590,accepted
828b03e7-4355-4a9b-8a3b-db76765ab52c,genus,Plantae,"",× Epiphronitis,1,t0025661,accepted
2c9c38f3-0c67-4dfd-8724-d0268ff4bcbb,genus,Plantae,"",Myrmechis,1,t0025778,accepted
7032f85a-ae0d-43f9-84b0-10859da6d336,genus,Plantae,"",Tulotis,1,t0025064,accepted
f50bc0f5-5461-4719-970a-23ec04d9feac,genus,Plantae,"",Podochilus,1,t0095426,accepted
f812b870-b9ca-42c6-8862-e1f1ef3c7f17,genus,Plantae,"",Cirrhopetalum,1,t0095266,accepted
790aa1e1-3082-4563-92ef-aa769171a829,genus,Plantae,"",Microstylis,1,t0095631,accepted
ed8ec08e-27d2-4091-9fdc-895ee1e396ad,genus,Plantae,"",Zosterostylis,1,t0094888,accepted
8c79f807-1a6f-4c1c-b5ba-8b31e937f691,genus,Plantae,"",Liuguishania,1,t0095547,accepted
09846ed3-2498-4898-9b5a-d302c100abde,genus,Plantae,"",Leucolena,1,t0094608,accepted
97c358c0-83cd-4e7e-9783-1168b65149ed,genus,Plantae,"",Epiphanes,1,t0095874,accepted
51c74d9e-05e0-43ef-983a-aa28381b1574,genus,Plantae,"",Cottonia,1,t0095305,accepted
355fabc9-918d-4823-b97d-30d338a85fa3,genus,Plantae,"",Galera,1,t0007594,accepted
e11391b3-4c5b-4144-97ee-3d0c15a0c93d,genus,Plantae,"",Limodorum,1,t0094619,accepted
f314a679-bb4a-455a-9f6c-c76a2fa98df4,genus,Plantae,"",Trichosma,1,t0094810,accepted
20d6374b-def8-4c22-a9f6-d2262b2b87a4,genus,Plantae,"",Physurus,1,t0095396,accepted
068fae55-710b-4a81-b350-96cc7c0cb187,genus,Plantae,"",Cyrtopera,1,t0095346,accepted
a1390c3d-868a-485c-9754-3fb7ab8e4698,genus,Plantae,"",Saccolabium,1,t0094621,accepted
3231e560-3ca5-4e32-b3b1-0e7c0fc1aa40,genus,Plantae,"",Georchis,1,t0094386,accepted
cea9d656-f6ee-4f2c-bb6e-b6647b107e8c,genus,Plantae,"",Adenostylis,1,t0091982,accepted
8c5e912a-77f9-4b8c-8d49-82684e89be68,genus,Plantae,"",Dicerostylis,1,t0095784,accepted
46dd6cb9-2d19-4029-9e9a-5be8b436aa65,genus,Plantae,"",Hippeophyllum,1,t0094484,accepted
cecd0d43-2e19-413c-8fa1-e39889336111,genus,Plantae,"",Apaturia,1,t0091777,accepted
5abd66cb-991e-43c6-9846-6779ad1a450f,genus,Plantae,"",Glossula,1,t0094399,accepted
f9dee32e-76f5-4e7d-9214-ff0f10a3d747,genus,Plantae,"",Conchidium,1,t0023550,accepted
36beeec5-82cc-4a7e-b82a-fea8217e02c1,genus,Plantae,"",Gymnadenia,1,t0094425,accepted
a6b87d2b-0f07-47ea-be54-e144b3bd7209,genus,Plantae,"",Sarcochilus,1,t0094634,accepted
640780f1-fbe0-4b15-b2d1-327c7e51d982,genus,Plantae,"",Euproboscis,1,t0095888,accepted
2cb06f01-fea6-42ff-8c31-e1eba2c97ef5,genus,Plantae,"",Ascochilus,1,t0091808,accepted
1d3edf76-f4f6-4560-90b0-9c888ec39609,genus,Plantae,"",Dendrocolla,1,t0095368,accepted
bc525358-37cb-499e-b022-074e9c74381f,genus,Plantae,"",Stauropsis,1,t0094718,accepted
70f9e435-6935-434c-80b8-7235777db35b,genus,Plantae,"",Kuhlhasseltia,1,t0024106,accepted
ac60d092-cd62-4514-8424-53ba19386504,genus,Plantae,"",Pristiglottis,1,t0095454,accepted
32b3d08f-2977-4ed6-a0d7-b42b374cfaa9,genus,Plantae,"",Cystopus,1,t0095349,accepted
0e8c570c-e1f4-4088-93f9-650d08896b53,genus,Plantae,"",Monochilus,1,t0095647,accepted
d62f2fbb-5395-41aa-88fd-fa07d1069df5,genus,Plantae,"",Watsonia,1,t0136119,accepted
83573763-f403-41b7-97ed-c91202abdda2,genus,Plantae,"",Nolina,1,t0024385,accepted
34b5a799-b440-44a7-8c2e-f9c815a8d080,genus,Plantae,"",Euterpe,1,t0095891,accepted
dde2339e-27cc-4a66-813f-3aef9aa24c57,genus,Plantae,"",Collinia,1,t0023539,accepted
1fe1eaec-8ec5-4803-a3ae-eab05acc31e5,genus,Plantae,"",Neodypsis,1,t0024357,accepted
06eae701-70b2-4ba8-a60e-6c4e448ac288,genus,Plantae,"",Aneilema,1,t0091756,accepted
2619aea5-3e99-41bb-99e8-e8b211f8b052,genus,Plantae,"",Setcreasea,1,t0094677,accepted
fd5fb76e-f7c7-47c1-9c6e-a2ed2f95023f,genus,Plantae,"",Heteranthera,1,t0094477,accepted
bdee11fc-3c98-4def-8406-0acaf5fcca3c,genus,Plantae,"",Monochoria,1,t0024318,accepted
321a6ffb-1b4e-4914-bd07-38bc38da535e,genus,Plantae,"",Kaempferia,1,t0094553,accepted
c9a648a7-7570-4fd4-9384-fbfad5197e9a,genus,Plantae,"",Renealmia,1,t0095503,accepted
5b010e5e-ff86-480a-b7ce-f53d18055d16,genus,Plantae,"",Languas,1,t0023147,not-accepted
df1899e4-593f-4a17-95b2-81f78c86bdc9,genus,Plantae,"",Leiothrix,1,t0021618,accepted
a7b900e0-36f4-4641-9522-c5c31564d93c,genus,Plantae,"",Eriophorum,1,t0129638,accepted
88caca45-b961-4571-8a99-33d22e52b3c8,genus,Plantae,"",Kyllinga,1,t0094568,accepted
5fbbb340-2c2b-465d-84a3-cc81617d97ad,genus,Plantae,"",Mariscus,1,t0024237,accepted
e526b094-9faa-4628-9646-606cc47f83b7,genus,Plantae,"",Restio,1,t0095504,accepted
80e1ef00-cced-468a-a962-a5785366d5b0,genus,Plantae,"",Andropogon,1,t0091753,accepted
9ab1c887-af9a-4697-ae6e-f0e6d8450378,genus,Plantae,"",Pleioblastus,1,t0095414,accepted
d14b5dcd-f76a-446a-924c-d17dbbf7e8ee,genus,Plantae,"",Sasa,1,t0094637,accepted
abc5017b-7e15-4c35-b0c8-b042f6a229a9,genus,Plantae,"",Spartina,1,t0024853,accepted
715abf10-bb8e-4f4b-8388-7509ea69337b,genus,Plantae,"",Stipa,1,t0094731,accepted
5aa2a341-9777-4437-9c18-7504b09ef9a7,genus,Plantae,"",Thaumastochloa,1,t0024978,accepted
78ea92f0-26a4-4c4a-82cd-0232d1c685c0,genus,Plantae,"",Dichanthelium,1,t0128983,accepted
3b56dfb1-e205-48e6-9dd1-0167a210cbaf,genus,Plantae,"",Chelidonium,1,t0011744,accepted
f7f12c7a-01ac-484c-a109-6658d0b5b7f5,genus,Plantae,"",Sanguinaria,1,t0094625,accepted
9cffe59c-86f3-4e87-bfe5-a656131eb635,genus,Plantae,"",Menispermum,1,t0095611,accepted
3927383e-1761-434e-a5d5-ec5ad23d768d,genus,Plantae,"",Achlys,1,t0122668,accepted
32b9bc5b-8ae6-46c5-b3e5-f007c296579f,genus,Plantae,"",Caulophyllum,1,t0122664,accepted
6b4cd9ed-15e5-4830-913f-7d99f0b5275c,genus,Plantae,"",Diphylleia,1,t0122678,accepted
03a58589-1de9-4a3a-a3db-a77f13765459,genus,Plantae,"",Jeffersonia,1,t0122676,accepted
79a4e56f-27ef-4317-a346-30dd4764b85a,genus,Plantae,"",Podophyllum,1,t0095427,accepted
89d1c5ba-792f-4558-9d6c-4c149b0d692e,genus,Plantae,"",Vancouveria,1,t0122673,accepted
5e427259-cc77-4809-841b-7be86802e155,genus,Plantae,"",Caltha,1,t0127442,accepted
16edd0c2-7377-475d-b8f4-892fb8dfb5fa,genus,Plantae,"",Isopyrum,1,t0094539,accepted
d3de4a53-efe6-48f0-ad48-c7a9bfd4bf0c,genus,Plantae,"",Xanthorhiza,1,t0136173,accepted
7655cacd-a7af-4607-af96-eafb26aef70e,genus,Plantae,"",Platanus,1,t0133187,accepted
f03583d6-9e33-4a95-b2b6-06be22c136f3,genus,Plantae,"",Hakea,1,t0130255,accepted
d4cc5652-b0b8-4ed7-b41f-cdb7371776e0,genus,Plantae,"",Leucadendron,1,t0131295,accepted
84c77baf-74ad-414f-a989-ec24c5e4b75f,genus,Plantae,"",Telopea,1,t0094763,accepted
748615e1-e2d0-4d1a-8032-13504de04cc4,genus,Plantae,"",Rhodoleia,1,t0134169,accepted
3102f429-e23a-4cf4-bbae-089f7adc6e08,genus,Plantae,"",Causonis,1,t0127873,accepted
820d9fb0-808c-4709-ac20-9da5ad6abcd5,genus,Plantae,"",Balanites,1,t0126638,accepted
5f617109-3e36-4079-ae45-40d12696ee8c,genus,Plantae,"",Guaiacum,1,t0130191,accepted
80686a70-e4ac-468b-ad30-751f0e3aa0e7,genus,Plantae,"",Kallstroemia,1,t0124229,accepted
09752fd9-4353-41c0-b986-f2385256918b,genus,Plantae,"",Zygophyllum,1,t0136241,accepted
6e6d4888-8400-4b02-8def-0e3dbf07c7c6,genus,Plantae,"",Inga,1,t0094530,accepted
5d3c6b25-f04c-4076-b00e-7f87763471bb,genus,Plantae,"",Parkinsonia,1,t0132770,accepted
830586e6-0cb9-4f80-adc2-9e2574e2c6f2,genus,Plantae,"",Swartzia,1,t0094745,accepted
dd58ecdc-dc33-424a-8222-b53941354363,genus,Plantae,"",Glycyrrhiza,1,t0130098,accepted
6754a329-c10a-4697-a71b-8e0921ca6be5,genus,Plantae,"",Alchemilla,1,t0125860,accepted
77372892-edc1-4e7d-bbab-6a57c3b115e7,genus,Plantae,"",Amelanchier,1,t0125973,accepted
2c35b870-c10b-4f69-b7af-878ea2008531,genus,Plantae,"",Exochorda,1,t0129779,accepted
7cc45f32-8695-434b-aeed-2454fbe98e81,genus,Plantae,"",Kerria,1,t0021350,accepted
aaab23ab-1e91-4727-b5a0-129586979c25,genus,Plantae,"",Physocarpus,1,t0133043,accepted
a0575013-5e03-41c8-a03f-f5be4383ee8a,genus,Plantae,"",Ceanothus,1,t0127878,accepted
8eab6f40-9aa2-485e-939d-10fe2bcfd809,genus,Plantae,"",Gouania,1,t0130143,accepted
2b0dcd77-d44b-4b71-abf5-2b98e8a8d9d2,genus,Plantae,"",Forrestia,1,t0095909,accepted
fee7bd00-fb26-4f6e-b5a0-9d04eaf83464,genus,Plantae,"",Dorstenia,1,t0129244,accepted
b8766c7b-a7f2-468e-8e1c-a787f7a0ddcf,genus,Plantae,"",Allaeanthus,1,t0091714,accepted
19cafbbe-d4bf-4c43-9a6d-3159ef628310,genus,Plantae,"",Ostrya,1,t0132572,accepted
6f3ed467-796c-4594-9514-485e63065d58,genus,Plantae,"",Catha,1,t0127864,accepted
53a81d71-9dbb-4186-bac2-a3f2e86a8bcc,genus,Plantae,"",Salacia,1,t0134458,accepted
faf38c63-4eea-460e-9521-ecabb61a4761,genus,Plantae,"",Clusia,1,t0128311,accepted
2a9e7c3b-ac71-4ccb-b284-f2b74d9c8ffc,genus,Plantae,"",Galphimia,1,t0129973,accepted
af7c937f-711d-4353-84a9-976e520543f9,genus,Plantae,"",Rinorea,1,t0134207,accepted
ec88c77c-9db9-4a62-b057-bf82af320ba0,genus,Plantae,"",Dalechampia,1,t0128801,accepted
03e4ad59-6912-493d-8ae8-3626689cd3b5,genus,Plantae,"",Sapium,1,t0002622,accepted
3d9cd535-8aa4-4508-8022-03785aea5d1d,genus,Plantae,"",Stillingia,1,t0094730,accepted
97dcfa5c-756b-4938-b18a-c839d38af5de,genus,Plantae,"",Tragia,1,t0094800,accepted
ebdcd46b-38d3-485b-b3a0-cea1a955bb5a,genus,Plantae,"",Pedilanthus,1,t0024475,accepted
b3266f40-d889-4e6f-9ea8-65e820dcf071,genus,Plantae,"",Andrachne,1,t0091750,accepted
3b60aee4-33f5-40ca-a748-ad9db1cff356,genus,Plantae,"",Cleistanthus,1,t0128217,accepted
496a7f1f-f270-49c7-8a3d-06e83a42c97a,genus,Plantae,"",Cicca,1,t0095260,accepted
c774c810-b675-4f8b-ac6c-d2aa5a50b5a5,genus,Plantae,"",Emblica,1,t0095861,accepted
52604a3c-f0d3-44df-af2f-132abc500082,genus,Plantae,"",Decodon,1,t0018460,accepted
6b3104df-95d1-40b6-a50a-3061b81d7148,genus,Plantae,"",Corymbia,1,t0025620,accepted
5f07bb2d-89f3-4ac9-96f7-21ea52e8df2f,genus,Plantae,"",Calyptranthes,1,t0091928,accepted
6e962f86-801e-483b-8e7e-a983d1432563,genus,Plantae,"",Myrcia,1,t0132176,accepted
b49db9c4-8758-450e-b792-23cb119c19c7,genus,Plantae,"",Myrcianthes,1,t0132180,accepted
865c3edd-5ec4-4c2e-9aa8-849609025331,genus,Plantae,"",Myrtus,1,t0095665,accepted
ffe94245-d2fc-4759-b530-dd250946df36,genus,Plantae,"",Pimenta,1,t0133078,accepted
bba9a505-2921-41ed-8cc3-19e4be21f8b0,genus,Plantae,"",Pachycentria,1,t0046121,not-accepted
ab7a8280-bcfb-4f3a-a954-f35be637c39a,genus,Plantae,"",Leandra,1,t0094581,accepted
17c94769-6b6e-49a8-9d9e-91a044cbf349,genus,Plantae,"",Rhexia,1,t0095513,accepted
070d5ba7-0a93-46ee-9f41-89b686f31f32,genus,Plantae,"",Euscaphis,1,t0023827,accepted
e6021836-995b-4578-9595-b2573ffa113d,genus,Plantae,"",Turpinia,1,t0025065,accepted
3949fd34-1d09-4cea-a2a4-2aefdd33769f,genus,Plantae,"",Commiphora,1,t0128394,accepted
0892df50-8dea-4f77-bf66-44bc4779fea3,genus,Plantae,"",Cotinus,1,t0128505,accepted
9c691a59-9115-442f-9322-38000537dcf1,genus,Plantae,"",Lannea,1,t0131154,accepted
fd7ae12d-e35e-4982-b249-096f9f692ab4,genus,Plantae,"",Paullinia,1,t0095765,accepted
0437e1cb-738c-4f4d-9ae8-d100de7cd84f,genus,Plantae,"",Chloroxylon,1,t0128060,accepted
405f707f-46dc-4f1e-8e60-fccb50a7aed4,genus,Plantae,"",Fortunella,1,t0023858,accepted
305de729-aca9-4821-9237-c2ed0d798ac7,genus,Plantae,"",Ptelea,1,t0095470,accepted
99a6fa16-a3c1-41d1-a640-8341d0b75b32,genus,Plantae,"",Triphasia,1,t0135772,accepted
69b6cadc-1c8f-4f42-b0a1-58a6eb84556b,genus,Plantae,"",Euodia,1,t0025488,accepted
4cc501f2-0b13-4d2c-8cb8-7554758d61a9,genus,Plantae,"",Chorisia,1,t0023477,accepted
969f90ea-3b85-4fe2-8749-674d5c116796,genus,Plantae,"",Cola,1,t0128355,accepted
4349ae9d-5025-422d-b9b2-77d8f2be1642,genus,Plantae,"",Pavonia,1,t0132810,accepted
5140a1dd-0a1c-4a91-b0c8-4111d4b8344e,genus,Plantae,"",Diplomorpha,1,t0023707,accepted
39bdf3d9-1d65-47a5-9a11-8c377b330246,genus,Plantae,"",Dipterocarpus,1,t0129178,accepted
e340665d-db8d-4356-a520-0077eaba1378,genus,Plantae,"",Hopea,1,t0130501,accepted
a3811a67-0608-4080-a438-da59a950d836,genus,Plantae,"",Shorea,1,t0134838,accepted
9062b9bd-bb27-4076-b812-4326a8912f07,genus,Plantae,"",Tovaria,1,t0094795,accepted
7786ac00-8a19-4c5e-937a-80d4e6f52c8d,genus,Plantae,"",Alliaria,1,t0125880,accepted
442bebad-7cf9-4052-87d1-995ec5d96b07,genus,Plantae,"",Cakile,1,t0127378,accepted
66289e0c-d90e-41e7-8792-85717f0f229a,genus,Plantae,"",Descurainia,1,t0128921,accepted
0bae9c2e-ce41-4996-9fa9-c60463294bd6,genus,Plantae,"",Dimorphocarpa,1,t0129076,accepted
c36dc7fe-9128-40ee-a09f-6a70e28b79c7,genus,Plantae,"",Erysimum,1,t0129660,accepted
7bb28fdc-7581-49be-8e1b-530401e5f3cc,genus,Plantae,"",Iberis,1,t0130659,accepted
604e9c2d-efa2-414c-a138-a5f580f0a327,genus,Plantae,"",Physaria,1,t0133029,accepted
c52bf094-dc8e-401c-ac67-79b5f0e9d3a2,genus,Plantae,"",Streptanthus,1,t0135246,accepted
59a3f573-75c2-4af5-8c78-1ca52c3434a2,genus,Plantae,"",Arceuthobium,1,t0126266,accepted
78c63895-baea-414f-8ce7-cec3a0841455,genus,Plantae,"",Phoradendron,1,t0132994,accepted
0166500a-88a6-432d-9007-0ff8c996c9ad,genus,Plantae,"",Eriogonum,1,t0129626,accepted
765bb47d-9f05-4c4b-aded-ef012e3f33a4,genus,Plantae,"",Oxyria,1,t0132608,accepted
1fc301dd-914a-4f00-8924-aa41ddb91a92,genus,Plantae,"",Rheum,1,t0134062,accepted
46699cc2-8d9d-4cbe-a35b-a0c615aa5809,genus,Plantae,"",Carpobrotus,1,t0127836,accepted
f5309d51-9458-4afb-8547-c26510c0e6c9,genus,Plantae,"",Aptenia,1,t0023204,accepted
5d5f62a3-08ed-4177-90cc-1045b236ee31,genus,Plantae,"",Abronia,1,t0107300,accepted
849545db-2068-42be-87b8-7cf00ef0118f,genus,Plantae,"",Commicarpus,1,t0128390,accepted
501dca1d-fd1e-4204-beca-8aea79a7f0aa,genus,Plantae,"",Okenia,1,t0013384,accepted
6c7a2e7a-1711-4312-bcdd-fafa38331781,genus,Plantae,"",Claytonia,1,t0128208,accepted
0c92d684-5f4a-43e8-a6b5-e13df610346e,genus,Plantae,"",Montia,1,t0132098,accepted
c37e76d9-afad-4c34-830f-736fb830f039,genus,Plantae,"",Hylocereus,1,t0002684,accepted
6cff8299-ddd5-4693-8482-4e2a6dab621f,genus,Plantae,"",Schlumbergera,1,t0134679,accepted
c502331a-f79b-49d7-9b37-3de70e53d693,genus,Plantae,"",Philadelphus,1,t0132960,accepted
8f4b4421-c665-46ce-ad02-a2a04b083ef3,genus,Plantae,"",Swida,1,t0024920,accepted
c1646f48-c5f9-463a-a534-bcbcaa97281c,genus,Plantae,"",Davidia,1,t0128837,accepted
b3a5cfa3-d160-493a-a8e9-774cf938aa71,genus,Plantae,"",Nyssa,1,t0093102,accepted
efc10bab-d844-4019-b8d0-0bee2b04a7de,genus,Plantae,"",Eschweilera,1,t0095885,accepted
7305997e-18fe-45fa-8074-edd4d46c1835,genus,Plantae,"",Gustavia,1,t0020305,accepted
047dd7d1-8837-48f8-8666-1df8df8c5ef4,genus,Plantae,"",Madhuca,1,t0131694,accepted
e8171d9b-e725-4b41-8499-8b8c01646cf0,genus,Plantae,"",Sideroxylon,1,t0094679,accepted
57d46081-c474-45c6-8bb5-0a614687c67f,genus,Plantae,"",Lucuma,1,t0024194,accepted
03e3daa1-fa46-4041-a976-12a49ac05a8c,genus,Plantae,"",Hottonia,1,t0094494,accepted
01dc65bc-5486-46db-8280-dadff0ccfbc2,genus,Plantae,"",Jacquinia,1,t0130898,accepted
e73169b1-52fb-45c7-a04f-b4a5a7ce3dc6,genus,Plantae,"",Monotropastrum,1,t0024322,accepted
ef1eb501-dc40-469c-9dec-53afae7fd1eb,genus,Plantae,"",Agapetes,1,t0125812,accepted
8e61d9e0-e4d4-4139-a5b5-1eb8e0c6ba80,genus,Plantae,"",Andromeda,1,t0091752,accepted
b46a683e-3354-4eb4-b7c8-7ad1be0772c7,genus,Plantae,"",Erica,1,t0129574,accepted
76c5f316-a475-48a8-a21e-0446446b7804,genus,Plantae,"",Leucothoe,1,t0131319,accepted
cd609fae-7bb0-4643-b18a-de4856622094,genus,Plantae,"",Palicourea,1,t0132652,accepted
a74dc8b0-6892-4332-89cd-45487a3bfebc,genus,Plantae,"",Rondeletia,1,t0015956,accepted
b11e087f-8958-4d6c-88c8-cde884c95810,genus,Plantae,"",Ernodea,1,t0095878,accepted
bdca0b04-49d7-4d76-969f-229041486008,genus,Plantae,"",Litosanthes,1,t0002730,accepted
8cbbb618-4755-4841-973b-0b0ce47f58ee,genus,Plantae,"",Neolamarckia,1,t0132281,accepted
d056f295-1bf8-4d95-af0f-8378aaf1c378,genus,Plantae,"",Halenia,1,t0130261,accepted
cb880cd6-f03c-4aea-8f66-ee30359425be,genus,Plantae,"",Sabatia,1,t0134419,accepted
ea2c9d89-5a1a-4324-8f1b-0c83040db1f9,genus,Plantae,"",Secamone,1,t0134760,accepted
2d42f320-dc82-4afb-aad4-33c6feeffc52,genus,Plantae,"",Mandevilla,1,t0131776,accepted
6439e5ee-4592-4da5-adae-d169d24db7ef,genus,Plantae,"",Amsonia,1,t0126027,accepted
2455721b-9835-4057-b95a-552e4aacf95b,genus,Plantae,"",Apocynum,1,t0091783,accepted
48b2dbfe-d0d4-45bd-b90b-072abe9506ca,genus,Plantae,"",Echites,1,t0095852,accepted
ede38088-b837-485e-8613-2746d4e5d89b,genus,Plantae,"",Aspidosperma,1,t0126464,accepted
9caba56d-8c7e-4372-b9dc-c9629ba38f4e,genus,Plantae,"",Pergularia,1,t0095773,accepted
2b42396f-0611-43ff-bdbe-edcc77edd49a,genus,Plantae,"",Cryptantha,1,t0128620,accepted
1e7c0a9a-9758-46b8-84e0-9954ac2c8c21,genus,Plantae,"",Amsinckia,1,t0126024,accepted
ec371207-b90b-4502-8807-edb58d197331,genus,Plantae,"",Bourreria,1,t0127231,accepted
eb0056fc-9fb7-45a8-bd64-31460e25a917,genus,Plantae,"",Hackelia,1,t0130251,accepted
f5d4c55d-773e-4a80-a4f0-9f13a338f928,genus,Plantae,"",Lappula,1,t0131156,accepted
3f2adf25-e8ce-4f61-be62-054b31e92235,genus,Plantae,"",Mertensia,1,t0095617,accepted
39fbfe46-4e81-49f4-be86-6560f42f2413,genus,Plantae,"",Nama,1,t0095670,accepted
175b3507-393c-4cc6-a7b7-d832e3dddab9,genus,Plantae,"",Plagiobothrys,1,t0133141,accepted
ebe51b0f-5882-4206-814f-72db69077d06,genus,Plantae,"",Varronia,1,t0135934,accepted
1b2fdf39-9b6f-44a9-b9a2-440cf453aa22,genus,Plantae,"",Convolvulus,1,t0095287,accepted
70e4e219-cbe5-416a-8996-401917480547,genus,Plantae,"",Bonamia,1,t0127208,accepted
7f604542-366c-42f9-9fdc-f9643f5d9da9,genus,Plantae,"",Porana,1,t0133399,accepted
abe787cd-5b18-414f-8b31-8c9b14aecbe5,genus,Plantae,"",Atropa,1,t0091825,accepted
bd3a8c48-a43e-4056-bfb1-bf73c47c0e4e,genus,Plantae,"",Forsythia,1,t0002687,not-accepted
f98f7324-3e21-469d-9e72-24f1fff949ed,genus,Plantae,"",Chirita,1,t0023462,accepted
1a4f61f3-92bd-4649-8ee6-1bd74232f411,genus,Plantae,"",Boea,1,t0125287,accepted
59306550-5e40-4fba-a512-10c9b5f22297,genus,Plantae,"",Didymocarpus,1,t0125298,accepted
13048f2a-c400-455a-9518-cc2846e2da87,genus,Plantae,"",Gratiola,1,t0094414,accepted
a54e7ee6-8e05-4850-99b2-45d56b9b6fc0,genus,Plantae,"",Chelone,1,t0095236,accepted
d12d4202-791b-4610-9967-884ca339ded3,genus,Plantae,"",Hippuris,1,t0130460,accepted
ae50c4ee-5f80-40de-b166-855e87ff6a09,genus,Plantae,"",Verbascum,1,t0135956,accepted
6e2e7c5a-0986-48db-94f9-2f5c7eb91b75,genus,Plantae,"",Manulea,1,t0026129,accepted
70db8cdd-3d96-49dd-be5f-ad4002f1b38f,genus,Plantae,"",Sutera,1,t0124257,accepted
d14c3e96-1e9d-46db-81d2-f7d992b67836,genus,Plantae,"",Dyschoriste,1,t0129339,accepted
dc51244a-4879-406a-9f48-b64e5ccaabaf,genus,Plantae,"",Elytraria,1,t0129449,accepted
99074069-fad8-41d3-b650-41c619b24b81,genus,Plantae,"",Asystasiella,1,t0023245,accepted
fbc3656f-6dfa-4704-af74-3862b7ad6f74,genus,Plantae,"",Adhatoda,1,t0091983,accepted
5e4de1b3-67e2-4145-90e1-a165a5e4fad1,genus,Plantae,"",Adenocalymma,1,t0091979,accepted
64c6b191-4f34-4709-bf64-813b35ab1163,genus,Plantae,"",Chilopsis,1,t0128033,accepted
9599f634-e234-4a98-8757-168987384ca4,genus,Plantae,"",Pinguicula,1,t0133097,accepted
ff60dc4e-c46b-44b5-9849-40a0638b1916,genus,Plantae,"",Lippia,1,t0095541,accepted
f32accc4-dd66-4e53-befc-f1edc9a4dcee,genus,Plantae,"",Citharexylum,1,t0128191,accepted
8d8c7699-3851-47fe-9ff4-74013bb5da94,genus,Plantae,"",Glandularia,1,t0130063,accepted
1d4b259c-ca48-4080-bf10-460df4ac0ad9,genus,Plantae,"",Priva,1,t0133577,accepted
606803ef-282b-4c13-8602-714e0dc24e9c,genus,Plantae,"",Thymus,1,t0135590,accepted
b522ed53-c5db-44c6-b75b-af63d037a862,genus,Plantae,"",Plectranthus,1,t0095412,accepted
bba2f463-7eff-4812-a0b0-25ae53ba6466,genus,Plantae,"",Nepeta,1,t0095683,accepted
8355cb27-d110-425c-8c4e-d74d30a4dea7,genus,Plantae,"",Monarda,1,t0132088,accepted
f7e2d6e4-aa34-4adf-883c-1429b70f6c58,genus,Plantae,"",Holmskioldia,1,t0130478,accepted
f5e52f48-7216-477e-9df1-14802b9c6a0d,genus,Plantae,"",Leonotis,1,t0131202,accepted
c76fe99b-dfa1-4fb2-82f4-7310da790272,genus,Plantae,"",Buchnera,1,t0091898,accepted
3e0709c9-e851-4939-9af5-db1301a5cc13,genus,Plantae,"",Centropogon,1,t0127902,accepted
b701a051-78e0-4b88-9fd6-89443b11e0d6,genus,Plantae,"",Siphocampylus,1,t0134915,accepted
8c580c20-8801-46ab-8b0b-d0510747d9eb,genus,Plantae,"",Heterocodon,1,t0130414,accepted
32e18d58-8c22-4921-9d21-bc65c204a093,genus,Plantae,"",Helichrysum,1,t0023977,accepted
a2e405dd-80e5-4ebc-a9ed-d113ad4aafe7,genus,Plantae,"",Baccharis,1,t0091835,accepted
8b22adb0-7572-44de-a3ed-1d973504ca1a,genus,Plantae,"",Verbesina,1,t0094853,accepted
61d7a3a6-63cb-4b88-a1ac-7e5525e4b42b,genus,Plantae,"",Jurinea,1,t0130995,accepted
4ff81ef0-69d5-4929-bddd-79bccbc53ca4,genus,Plantae,"",Crepis,1,t0095312,accepted
9a1d17a0-54a0-440f-a077-cd015bc5e1f0,genus,Plantae,"",Symphyotrichum,1,t0135332,accepted
5853d1f7-64a0-4555-9413-5c17c1681682,genus,Plantae,"",Sericocarpus,1,t0134819,accepted
e486773b-f59e-4939-942d-ce1bed220c29,genus,Plantae,"",Antennaria,1,t0126164,accepted
6f1760d8-8509-47c1-807b-fe9e84034495,genus,Plantae,"",Arnoglossum,1,t0126348,accepted
a4750ca9-e818-4661-b026-573b3ad04499,genus,Plantae,"",Carphephorus,1,t0127818,accepted
f7539f94-1bca-45cc-866f-eb118349db80,genus,Plantae,"",Chrysopsis,1,t0128110,accepted
8a5d6a05-67a8-4870-9983-61c514598448,genus,Plantae,"",Chaenactis,1,t0127952,accepted
c2a95241-27dc-48a8-ae73-d0f6ea8a49d2,genus,Plantae,"",Ericameria,1,t0129578,accepted
a3404235-1653-46e6-a984-5794bf683129,genus,Plantae,"",Eriophyllum,1,t0129641,accepted
c62148e1-44bc-41ff-9130-0ab52feecb61,genus,Plantae,"",Euthamia,1,t0129758,accepted
2022152f-de2f-48d6-a78e-397c3bb2dab1,genus,Plantae,"",Krigia,1,t0131091,accepted
1382da86-6b74-4f0b-a466-ef9b719514b4,genus,Plantae,"",Layia,1,t0131189,accepted
7cf672fd-976f-4202-9656-014056fe6c1c,genus,Plantae,"",Lessingia,1,t0131290,accepted
f5117045-9952-4200-8945-3e3fb191378b,genus,Plantae,"",Lygodesmia,1,t0131602,accepted
81ecaccd-ae55-467e-bdf7-ddc2b17f192b,genus,Plantae,"",Packera,1,t0132633,accepted
70aa1ddb-42e1-4779-b8b7-dcc36e528ab7,genus,Plantae,"",Pityopsis,1,t0133134,accepted
05a79f6f-c17c-411e-99a6-010c1720c742,genus,Plantae,"",Prenanthes,1,t0095452,accepted
2067abbb-6ea6-417c-b371-44201d30df1b,genus,Plantae,"",Silphium,1,t0094680,accepted
8b2eea70-507f-4972-840d-ee447e5524a2,genus,Plantae,"",Kalimeris,1,t0102223,accepted
6e21c5b4-67e8-4491-8a9a-24e7432aaed5,genus,Plantae,"",Wedelia,1,t0025108,accepted
9fd00f8f-ae7c-4680-9f6f-c42b0df9ff39,genus,Plantae,"",Ethulia,1,t0095887,accepted
0ced4b9a-b4e8-4176-a72c-3e1d399163f1,genus,Plantae,"",Synurus,1,t0135368,accepted
92b428f4-1616-4908-b805-749155b40d82,genus,Plantae,"",Lapsana,1,t0094575,accepted
cbd36be7-880a-45bd-8404-4d67a8b02423,genus,Plantae,"",Adoxa,1,t0125756,accepted
558151aa-14d0-4cfc-a122-4d13b3c2a0a2,genus,Plantae,"",Valerianella,1,t0135923,accepted
1a92bc4b-aca2-47a9-a133-740b2be6f16d,genus,Plantae,"",Dipsacus,1,t0129175,accepted
ba595217-3a29-452b-bdee-b977733ba372,genus,Plantae,"",Linnaea,1,t0131424,accepted
9adb45ef-b5a5-4518-b735-b1ffed5c33fa,genus,Plantae,"",Symphoricarpos,1,t0135326,accepted
4246d3a0-24e5-4487-a0e4-ffc5cec0b8f7,genus,Plantae,"",Weigela,1,t0136122,accepted
45dc7303-2124-4241-b627-6a1b094cce23,genus,Plantae,"",Kolkwitzia,1,t0131081,accepted
c7098956-54d4-4554-91a1-fa118f63df0c,genus,Plantae,"",Schefflera,1,t0094641,accepted
8d644c5d-e6af-4ce9-9906-26f86e7d1d3a,genus,Plantae,"",Oreopanax,1,t0095724,accepted
7a734a98-1315-4a4c-99ae-09aab1548965,genus,Plantae,"",Lomatium,1,t0131466,accepted
d7c2d870-b8ea-419b-9283-f1ecc1f63d71,genus,Plantae,"",Heracleum,1,t0130400,accepted
15486813-be58-4f44-ad7d-e7c2337f3183,genus,Plantae,"",Carum,1,t0127840,accepted
070f762f-2a01-47ee-805d-dadf14074c76,genus,Plantae,"",Cicuta,1,t0095261,accepted
44f224f6-3c91-456c-af44-9c7ef4a8a106,genus,Plantae,"",Ligusticum,1,t0094614,accepted
574acd64-db44-4ec7-ac3e-3b49c915ec6f,genus,Plantae,"",Ptilimnium,1,t0133820,accepted
ced4a2af-711e-49b5-96c8-586dd11eee0c,genus,Plantae,"",Cuminum,1,t0095321,accepted
9bfa09cd-f267-405f-a5cf-00e7f39a5ed7,genus,Plantae,"",Petroselinum,1,t0132933,accepted
157f1b7f-5bd0-4510-8c45-28605bfd14ba,genus,Plantae,"",Spilanthes,1,t0094705,accepted
9eb5fab6-b45d-45bd-aeaf-2954a6db5cd6,genus,Plantae,"",Herissantia,1,t0094475,accepted
d15e0dce-a20f-4078-a39d-cf48fb703c25,genus,Plantae,"",Chelonopsis,1,t0095237,accepted
ebe5a727-05e7-4504-851a-fcca65749cc6,genus,Plantae,"",Hemianthus,1,t0025711,accepted
8601bbfe-3252-4e4d-a053-f0b3e05900e2,genus,Plantae,"",Hyphear,1,t0130630,accepted
7bd9e0ed-8749-4803-b987-e4f0edc17272,genus,Plantae,"",Dichotomococcus,1,t0025640,accepted
70c5a164-d77c-42b1-a935-1e778a43df7e,genus,Fungi,"",Trichurus,1,t0092024,accepted
63b6aeb5-5e64-403e-b337-15d425d901b7,genus,Protozoa,"",Cononellopsis,1,t0006581,accepted
224d6420-6311-43b7-aa4e-7d51e8343233,genus,Protozoa,"",Tintinopsis,1,t0006880,accepted
1faccb0a-06f4-492c-9ad1-6d76cfef47dd,genus,Protozoa,"",Neoceratium,1,t0006730,accepted
5f8f57b7-b8ab-4f79-b13f-97167134ef62,genus,Plantae,"",Hartmannia,1,t0094455,accepted
56b32ac5-ab08-4d8a-a64c-31bb576a17de,genus,Plantae,"",Xylopleurum,1,t0094878,accepted
37da55ef-7c74-4761-9c0f-471c6c940346,genus,Plantae,"",Matteuccia,1,t0106302,accepted
bbc8a64f-beea-46cf-bc1a-c8f5bef58dbc,genus,Plantae,"",Sladenia,1,t0134939,accepted
7c4f7f44-6de2-4dd5-b6bf-7100f249ea3b,genus,Plantae,"",Ankistrodesmus,1,t0006943,accepted
932b2d5b-ee0d-40ca-a6e2-2833a85beaa3,genus,Plantae,"",Chlorella,1,t0023466,accepted
b77abcad-ab1b-4c17-a686-a5be27b4d4ac,genus,Plantae,"",Closteriopsis,1,t0023517,accepted
9c51a25b-d13b-409f-8356-27f2db803ed6,genus,Plantae,"",Gloeocystis,1,t0023908,accepted
da790fc2-cae4-4317-91ee-8184d9905fbd,genus,Plantae,"",Sphaerocystis,1,t0024861,accepted
50942b51-7aaf-452d-ae61-6649f4c37820,genus,Plantae,"",Ulva,1,t0025074,accepted
174b5639-22ed-4149-8ec7-333a48fbbf06,genus,Plantae,"",Chlamydomonas,1,t0023464,accepted
4ae52eee-f76d-4b5d-8c85-87280ea77ad4,genus,Plantae,"",Pandorina,1,t0024449,accepted
d5449d29-44d0-4958-8db9-121aace5d19a,genus,Plantae,"",Hydrodictyon,1,t0024034,accepted
c9b80191-202f-439b-a5af-06cbae4abde9,genus,Plantae,"",Pediastrum,1,t0024474,accepted
f1ef6170-ae7b-4097-a629-d932ece28f4d,genus,Plantae,"",Stauridium,1,t0024887,accepted
5e6afff0-01bd-4f61-a9dc-cc87856341c4,genus,Plantae,"",Chodatella,1,t0023472,accepted
6d021418-6a63-422c-861d-ceceeb56a32e,genus,Plantae,"",Kirchneriella,1,t0024100,accepted
24962ef6-4328-4596-b708-74eb8c8b9d86,genus,Plantae,"",Monoraphidium,1,t0024319,accepted
cc5ef576-aa0c-4ec9-8d10-e94a3d976c0f,genus,Plantae,"",Oocystis,1,t0024408,accepted
697d3082-ca88-4972-aae7-573c670c2c6c,genus,Plantae,"",Tetradesmus,1,t0024960,accepted
db6a4107-f474-4aac-ab05-759ede653462,genus,Plantae,"",Coelastrum,1,t0023531,accepted
644cbb9a-13a0-4fed-bc9c-c3b86d50566f,genus,Plantae,"",Crucigenia,1,t0023584,accepted
20165825-6bef-4846-af93-1768cb818603,genus,Plantae,"",Scenedesmus,1,t0024767,accepted
4cacfb1d-d6a4-4eea-875b-c256d5d2a9db,genus,Plantae,"",Tetrastrum,1,t0024972,accepted
7b433a5b-2c9d-4125-877e-520b6fdfeaf5,genus,Plantae,"",Coenocystis,1,t0023534,accepted
b2fb1840-3dac-4d16-9e65-aa2cc3621649,genus,Plantae,"",Schroederia,1,t0024789,accepted
d6517b1e-fa3b-4c84-89a0-f6e42c8e0763,genus,Plantae,"",Tetraedron,1,t0024962,accepted
e7636b1a-96a2-4939-89b3-bd701911d049,genus,Plantae,"",Dictyosphaerium,1,t0023683,accepted
5ff2f852-1e7a-40fb-ba48-a557eb17a054,genus,Plantae,"",Oedogonium,1,t0024400,accepted
bca0fa73-3511-4b66-a25e-f422ca865829,genus,Plantae,"",Closterium,1,t0023518,accepted
00f96ce7-ac10-45f6-adb6-1bddbbefa2ba,genus,Plantae,"",Cosmarium,1,t0023566,accepted
c6535667-84c4-4f9d-b1fe-cb9d33dccc7d,genus,Plantae,"",Penium,1,t0024481,accepted
23272f90-c0f3-4792-841c-de250949a9dc,genus,Plantae,"",Spirogyra,1,t0024873,accepted
6ab90674-b1ef-45e8-a120-fd90298fbaa6,genus,Plantae,"",Hyaloraphidium,1,t0024029,accepted
a56cb6ac-f9e2-4049-921f-756c786eba94,genus,Plantae,"",Cylindrocystis,1,t0023611,accepted
d6df1f7b-1495-4f43-88a3-17b884ea3db4,genus,Plantae,"",Stigeoclonium,1,t0024904,accepted
27017bcf-5ad7-44bd-9846-78ea8d6811a2,genus,Plantae,"",Planctonema,1,t0024555,accepted
9815ddbf-17ff-4ec7-8583-8b1ebecd4e7a,genus,Plantae,"",Eudorina,1,t0023815,accepted
0301b894-4769-4ebe-950a-7eedd9642b50,genus,Plantae,"",Mougeotia,1,t0024326,accepted
7ac3ddeb-114b-484f-85a1-84e5579ebf9b,genus,Plantae,"",Rhizoclonium,1,t0024697,accepted
bca6c397-2e6c-4476-8c67-c58ae0b3035e,genus,Plantae,"",Staurastrum,1,t0024886,accepted
85f9e4ab-6ac8-492a-8955-5dd86e65e313,genus,Plantae,"",Ulothrix,1,t0025073,accepted
20d0b714-3cab-4a18-80f4-be2fd02354c8,species,Plantae,"",Sarcophyton taiwanianum,1,t0055228,not-accepted
0813d877-b43c-4a9b-9682-52c7f2dc1c20,species,Plantae,"",Lycopodium complanatum,1,t0026352,accepted
933307b2-0b0f-47f4-b077-de0cdd05d9a6,species,Plantae,"",Lycopodium obscurum,1,t0026353,accepted
d5a164c5-0c5a-484f-92b6-3fc2eb854da4,species,Plantae,"",Lycopodium veitchii,1,t0026354,accepted
61195364-736e-4759-b597-9f7bc455ddfa,species,Plantae,"",Lycopodium yueshanense,1,t0103470,accepted
897847d2-4938-4f38-84c2-1369153c7a54,species,Plantae,"",Lycopodiastrum casuarinoides,1,t0026349,accepted
2c53d18e-7fd0-4c84-93e2-3154f44f983c,species,Plantae,"",Huperzia herteriana,1,t0026332,accepted
6f2b200e-d057-45c2-9980-fe1ea1b3ea65,species,Plantae,"",Huperzia quasipolytrichoides,1,t0026334,accepted
f87ca206-1159-411b-94a2-506e54bab2ab,species,Plantae,"",Huperzia somae,1,t0026337,accepted
bd00bf70-8fcd-4431-adc2-507ba7893d04,species,Plantae,"",Phlegmariurus carinatus,1,t0026338,accepted
a67f3352-3ff2-477e-9b28-9cbd93467ee3,species,Plantae,"",Phlegmariurus changii,1,t0026339,accepted
8b461c34-774b-4f26-a1bb-9068c5d13c33,species,Plantae,"",Phlegmariurus cryptomerianus,1,t0026340,not-accepted
ee441598-0186-46d4-916b-2d16f46cc3bb,species,Plantae,"",Phlegmariurus cunninghamioides,1,t0026341,accepted
97b36cad-64d3-46cc-90d6-c18c2bc7dcad,species,Plantae,"",Phlegmariurus fargesii,1,t0026342,accepted
d427167c-8fff-46cd-9d70-63d9896c0082,species,Plantae,"",Phlegmariurus fordii,1,t0026343,accepted
b45e3110-d4cf-4dc5-a783-6ec3752be52c,species,Plantae,"",Phlegmariurus salvinioides,1,t0026345,accepted
6519ce57-fa34-4808-b454-06a09edb72dc,species,Plantae,"",Phlegmariurus squarrosus,1,t0026347,accepted
fcd90ef5-4ae9-47da-bae3-008013dee4c5,species,Plantae,"",Phlegmariurus hamiltonii,1,t0075264,accepted
c670aa71-b61f-49a4-a01e-f4119f52e7d1,species,Plantae,"",Isoetes taiwanensis,1,t0074390,accepted
21818665-1cb1-48e6-a5da-d56ec2fce801,species,Plantae,"",Selaginella boninensis,1,t0026316,accepted
bb1b4a9a-386d-41af-9cc6-c47e182bd1a1,species,Plantae,"",Selaginella delicatula,1,t0026318,accepted
c4492b5e-5822-45b1-a95b-a8da575d8b84,species,Plantae,"",Selaginella devolii,1,t0026319,accepted
8f072035-8fb8-4e2b-824e-483b9cff10ae,species,Plantae,"",Selaginella helvetica,1,t0075868,accepted
c5a2a86a-a8bd-43fa-92da-c0a5f2d29534,species,Plantae,"",Selaginella heterostachys,1,t0026320,accepted
99ebc9e1-7a02-4178-a7cd-fdc11ebb2ea1,species,Plantae,"",Selaginella lutchuensis,1,t0026323,accepted
c28fa873-875a-4a72-b8c5-3b23442a011c,species,Plantae,"",Selaginella moellendorffii,1,t0026324,accepted
40018e7c-b02a-4d2b-a0f5-35c5bbb5247e,species,Plantae,"",Selaginella nipponica,1,t0026325,accepted
3f4486be-1681-490a-b0df-55c49a095a5e,species,Plantae,"",Selaginella stauntoniana,1,t0026328,accepted
2685b6dd-0756-49c0-a442-80512a97caa2,species,Plantae,"",Equisetum ramosissimum,1,t0026357,accepted
5df4fe35-eb6b-4637-b2a0-75f94fe0d6af,species,Plantae,"",Botrychium formosanum,1,t0026368,not-accepted
2dad6de2-2373-4c1b-bd65-5156b928e310,species,Plantae,"",Botrychium lanuginosum,1,t0026367,not-accepted
2f58b0f7-2971-416c-bf41-54df35ca606a,species,Plantae,"",Botrychium lunaria,1,t0026365,accepted
f686984c-57e8-407f-86ca-f6a80d325c91,species,Plantae,"",Botrychium ternatum,1,t0026369,not-accepted
2ca77e06-dd1b-4613-826a-da19768dc447,species,Plantae,"",Botrychium virginianum,1,t0026366,not-accepted
335dde53-cb91-46a7-8140-e9bfc79ca975,species,Plantae,"",Ophioderma pendula,1,t0026359,not-accepted
dd9d1b6d-e056-4c31-a22c-3674981fa8fd,species,Plantae,"",Ptisana pellucida,1,t0026374,accepted
0a1f24fd-b78f-4d8c-bb0b-72bc6fee5f43,species,Plantae,"",Angiopteris evecta,1,t0026370,accepted
dcdf029d-6da8-40da-a1bd-8ac6d1f616c8,species,Plantae,"",Osmunda japonica,1,t0026376,accepted
bc4faace-670f-4c17-91b0-8250a7b0c58f,species,Plantae,"",Claytosmunda claytoniana,1,t0026375,accepted
b3786ee8-7b10-453f-ac5e-d28b6a6e2be8,species,Plantae,"",Plenasium banksiifolium,1,t0026378,accepted
4fb75995-a363-4487-91c4-71fcf45bee0e,species,Plantae,"",Hymenophyllum barbatum,1,t0026381,accepted
852a012d-f2d8-4024-9bee-d680029c96f7,species,Plantae,"",Hymenophyllum blandum,1,t0026382,accepted
28fc8637-dac2-47e0-9fc1-b44f07e8f55d,species,Plantae,"",Hymenophyllum devolii,1,t0026384,accepted
08426146-d8a8-4d2b-b5d6-b9c689c77450,species,Plantae,"",Hymenophyllum digitatum,1,t0026385,accepted
ff9e26c3-b95e-45f5-9564-ae3217b39721,species,Plantae,"",Hymenophyllum fimbriatum,1,t0026386,accepted
29d00e57-45ea-426c-97ef-905bdd2dca5e,species,Plantae,"",Hymenophyllum okadae,1,t0026390,accepted
61e4416f-67be-4ca0-a05a-1dc5507dfa68,species,Plantae,"",Hymenophyllum pallidum,1,t0026392,accepted
9d10aaea-087b-45d5-8f74-530dbcd9b8dd,species,Plantae,"",Hymenophyllum pilosissimum,1,t0026395,accepted
05878b6c-fe1f-4756-8ea5-14fdf137fc8e,species,Plantae,"",Hymenophyllum productum,1,t0026396,accepted
c9fd0e2b-14b3-4103-a5a2-fb4d488452cc,species,Plantae,"",Cephalomanes thysanostomum,1,t0026417,not-accepted
858e1c52-060e-47f2-ba39-0c6302855c97,species,Plantae,"",Didymoglossum beccarianum,1,t0026419,accepted
6fdf7e84-4db0-4bf8-b4f7-2c65e0b308f8,species,Plantae,"",Didymoglossum bimarginatum,1,t0026420,accepted
405e971c-7ece-4982-b71b-5348fb243c7b,species,Plantae,"",Vandenboschia auriculata,1,t0026423,accepted
3cd8c42b-7df2-4b88-9d1d-554e27437d12,species,Plantae,"",Crepidomanes bilabiatum,1,t0026405,accepted
081905aa-a3ee-452c-8d35-20ec565c0027,species,Plantae,"",Crepidomanes bipunctatum,1,t0026406,accepted
14bafde9-c974-41b2-adf5-47975185b830,species,Plantae,"",Crepidomanes kurzii,1,t0026409,accepted
b71a2553-65ff-44b7-858d-7e1a5c78efe3,species,Plantae,"",Crepidomanes latealatum,1,t0026410,accepted
3aba797e-eb56-420d-91b4-91ed8b351685,species,Plantae,"",Crepidomanes latemarginale,1,t0026411,accepted
2f8a23f1-1607-4616-ad97-977361845618,species,Plantae,"",Crepidomanes makinoi,1,t0026412,accepted
2087952c-9973-495b-8f1b-99f67c17b89d,species,Plantae,"",Crepidomanes vitiense,1,t0026418,accepted
09b80f8a-004d-486b-b3bc-21293fddd269,species,Plantae,"",Diplopterygium chinense,1,t0026433,not-accepted
5305767d-8f8f-4546-b29a-211e0654c9dd,species,Plantae,"",Diplopterygium glaucum,1,t0026434,accepted
95a11407-9002-4107-9969-d9198bf85298,species,Plantae,"",Diplopterygium laevissimum,1,t0026435,accepted
444e6614-2ce7-45d7-9812-8f1f28c431a6,species,Plantae,"",Dicranopteris linearis,1,t0026428,accepted
712979ce-33d3-43f2-9495-8c942fac5ef9,species,Plantae,"",Dicranopteris subpectinata,1,t0026429,accepted
5496affb-3ea8-45fe-832c-ff203d915cf6,species,Plantae,"",Dicranopteris taiwanensis,1,t0026430,accepted
d1a146d4-17b6-4320-9f2f-645db3feb787,species,Plantae,"",Cheiropleuria integrifolia,1,t0026436,accepted
5841908a-f521-4ad4-a5e0-dcc1e091b05d,species,Plantae,"",Lygodium japonicum,1,t0026438,accepted
2d2ffbab-58a1-4c56-ad16-19c607468067,species,Plantae,"",Lygodium microphyllum,1,t0026439,accepted
cca2e60d-b71e-4089-8bfb-3ba6f8b276db,species,Plantae,"",Lygodium flexuosum,1,t0074670,accepted
449178f0-3e19-4def-8271-94da5820e135,species,Plantae,"",Actinostachys digitata,1,t0026440,accepted
9008c3df-e5f0-4374-b423-d12259701caf,species,Plantae,"",Plagiogyria euphlebia,1,t0026449,accepted
02ceaa08-5efb-460d-8366-bfb960254b2a,species,Plantae,"",Cibotium cumingii,1,t0026464,not-accepted
b94e6332-ba46-45ef-9c15-b3df52ebeac8,species,Plantae,"",Alsophila acaulis,1,t0026456,not-accepted
4894c922-0b27-4034-886d-84a076dfddc6,species,Plantae,"",Alsophila lepifera,1,t0026462,not-accepted
90b6e628-1eff-4ed8-a873-2475bf78cf0c,species,Plantae,"",Alsophila loheri,1,t0026458,accepted
e4014875-841c-463d-8eb2-e2ea90058a7b,species,Plantae,"",Alsophila spinulosa,1,t0026461,accepted
b6f57f69-7250-4fdc-89eb-9af8a8e99e71,species,Plantae,"",Odontosoria chinensis,1,t0026477,accepted
fd38eb70-ff36-480f-a0de-fd493781d924,species,Plantae,"",Osmolindsaea odorata,1,t0026480,accepted
f547eaf6-a05a-44cb-aa95-51bbc7ca1f8a,species,Plantae,"",Lindsaea obtusa,1,t0026474,accepted
94ce47e9-cad8-441b-8c08-a2b8b4ff61f7,species,Plantae,"",Monachosorum henryi,1,t0026606,accepted
291bb413-a23c-42ec-aefb-b756fb756d9f,species,Plantae,"",Pteridium revolutum,1,t0059120,not-accepted
eab61099-2cbc-473f-88bb-6b9d709ebe29,species,Plantae,"",Histiopteris incisa,1,t0026583,accepted
ff6aac32-ee7a-4bc6-9a24-dfe62fc99b9f,species,Plantae,"",Dennstaedtia hirsuta,1,t0026579,not-accepted
aa093eff-e6dc-4466-933d-e4665aa21072,species,Plantae,"",Dennstaedtia scandens,1,t0026581,accepted
44fefb48-87a6-4bbc-88a5-33e88b1ab744,species,Plantae,"",Dennstaedtia smithii,1,t0026582,not-accepted
c5b7deda-1399-449e-afb1-70f1f5e18c7f,species,Plantae,"",Dennstaedtia zeylanica,1,t0026580,not-accepted
0b6a2d55-a512-403d-86b7-bde6f980cb6d,species,Plantae,"",Microlepia hookeriana,1,t0026590,accepted
3cc13294-4081-4dac-9716-24c949b06e1c,species,Plantae,"",Microlepia krameri,1,t0026591,accepted
77fef084-b4c2-49ba-973e-6338d74394c9,species,Plantae,"",Microlepia nepalensis,1,t0026593,accepted
3e4979dd-6b7a-4b74-aa23-ccbe9e25c9b4,species,Plantae,"",Microlepia platyphylla,1,t0026595,accepted
cea28884-558e-4427-bc67-1d55f5388d37,species,Plantae,"",Microlepia sinostrigosa,1,t0026597,accepted
e6993b60-9012-4ecb-984c-45eb1fef0de0,species,Plantae,"",Microlepia speluncae,1,t0026598,accepted
2bce1c97-ce6a-4f26-bb9a-83c54110c28d,species,Plantae,"",Microlepia substrigosa,1,t0026600,accepted
3902c21d-2594-4548-9b86-1cf8b2d3d056,species,Plantae,"",Microlepia tenera,1,t0026601,accepted
4be6d255-b6e8-46a5-983c-a43a2298f09e,species,Plantae,"",Microlepia trichocarpa,1,t0026602,accepted
049bc750-97e1-4095-a0e7-329eae2c73c4,species,Plantae,"",Microlepia trichosora,1,t0026603,accepted
446a4955-3e46-439f-b74a-3467afdc67cf,species,Plantae,"",Coniogramme japonica,1,t0026486,accepted
9ef8193c-9651-40ec-9745-480091d72f01,species,Plantae,"",Cryptogramma brunoniana,1,t0026488,accepted
c9f794f4-5b99-4b23-a027-04e893dee9fc,species,Plantae,"",Ceratopteris gaudichaudii,1,t0026491,not-accepted
e705688c-6b01-4972-b77a-e1484fbc380a,species,Plantae,"",Ceratopteris thalictroides,1,t0026491,accepted
daaf5cec-12a1-4a21-96bd-2b005fe050f4,species,Plantae,"",Ceratopteris pteridoides,1,t0052936,accepted
55b3260b-97c4-4f52-994b-eacd36597f6e,species,Plantae,"",Onychium lucidum,1,t0026494,accepted
b465a3f2-0e96-411e-bfdd-510b5379e424,species,Plantae,"",Pteris angustipinna,1,t0026497,accepted
6328956f-bba9-42dd-b2b7-c5c5229279a6,species,Plantae,"",Pteris bella,1,t0026499,accepted
c6f04fcd-465f-46a2-a0c5-4c9a815b7712,species,Plantae,"",Pteris cretica,1,t0026502,accepted
51807a61-c392-4327-ac9f-62e11288b5a5,species,Plantae,"",Pteris deltodon,1,t0026504,accepted
5e6c87e9-189f-480a-88ab-9721ffd4c4ce,species,Plantae,"",Pteris formosana,1,t0026509,accepted
0f493b34-9114-4657-87ba-21e309d47a3b,species,Plantae,"",Pteris grevilleana,1,t0075518,accepted
d6300461-2be9-4642-b242-69373a17ddbe,species,Plantae,"",Pteris incurvata,1,t0026510,accepted
1ace21ac-702a-48b5-9cfa-23eef5f09fba,species,Plantae,"",Pteris latipinna,1,t0026513,accepted
e0506be4-bf86-4d45-94d7-b35e1cf165d9,species,Plantae,"",Pteris longipinna,1,t0026515,accepted
4294452b-fbe2-4c5b-bf72-4647ae13f3a2,species,Plantae,"",Pteris multifida,1,t0026516,accepted
1f5108bc-8fe9-4e01-86bc-0d5b55120ac5,species,Plantae,"",Pteris nipponica,1,t0026517,accepted
0dabb041-f09f-47e4-a9c9-49ee8a785099,species,Plantae,"",Pteris pellucidifolia,1,t0026508,not-accepted
b72699a5-ed75-425f-8722-519a0ae718c2,species,Plantae,"",Pteris perplexa,1,t0026519,accepted
3a539720-16d0-49c6-90f1-764956c635f0,species,Plantae,"",Pteris tripartita,1,t0026527,accepted
f78fa870-9e64-4dc2-ab05-1be0db9716dc,species,Plantae,"",Pteris vittata,1,t0026528,accepted
3a2ef127-5c92-4fec-8e64-2a6e45be3639,species,Plantae,"",Cheilanthes argentea,1,t0026533,not-accepted
a7e33b8e-bfe0-44be-a034-440203608bd1,species,Plantae,"",Cheilanthes chusana,1,t0026538,accepted
72f4a6f0-d997-402e-a4b1-233fff1a0061,species,Plantae,"",Cheilanthes formosana,1,t0026534,not-accepted
14128fc3-6b1b-4ceb-8fde-8cd4bf8776f7,species,Plantae,"",Cheilanthes hirsuta,1,t0026539,not-accepted
9199207b-52ac-4d20-aaba-de7258ff007d,species,Plantae,"",Cheilanthes subargentea,1,t0026537,not-accepted
2d1902b4-cb97-4166-bd03-298e630acd43,species,Plantae,"",Cheilanthes tenuifolia,1,t0026540,accepted
f5b6b090-f989-4452-85ff-10e3b20a9d0a,species,Plantae,"",Notholaena hirsuta,1,t0026539,not-accepted
e27ef154-4a55-4a2d-b0c4-b6a044a0f088,species,Plantae,"",Paragymnopteris vestita,1,t0026542,accepted
e3e950bc-67e1-45e5-bb85-9bf15c27f4cf,species,Plantae,"",Adiantum ciliatum,1,t0026551,misapplied
65d0afca-8d4c-4d6c-92db-640754289b6a,species,Plantae,"",Adiantum flabellulatum,1,t0026548,accepted
15c1f247-d8cb-4370-b435-eed4db90c23e,species,Plantae,"",Adiantum formosanum,1,t0026549,accepted
cf4807da-9f70-41f7-aaf1-24147c9677c8,species,Plantae,"",Adiantum macrophyllum,1,t0052535,accepted
77d1df6c-ee11-44ef-9211-40498a03a7b2,species,Plantae,"",Adiantum menglianense,1,t0026552,accepted
d7c4a519-2c3e-4952-910d-4be45eccdd6a,species,Plantae,"",Adiantum soboliferum,1,t0026557,accepted
822f6e9b-6de9-412c-8311-2b82e5f01b7c,species,Plantae,"",Antrophyum henryi,1,t0026564,accepted
18890762-c755-4915-81f6-a85862c86366,species,Plantae,"",Antrophyum parvulum,1,t0026566,not-accepted
0425d181-c7a2-4519-b805-7c6adf22b64e,species,Plantae,"",Antrophyum alatum,1,t0026561,not-accepted
86ac70ec-a518-4900-89af-7424d3e7d1e2,species,Plantae,"",Haplopteris elongata,1,t0026570,accepted
02c1d330-9958-4bdf-a960-9dfe7d66a863,species,Plantae,"",Haplopteris mediosora,1,t0026574,accepted
01a29f45-a280-4781-8214-9787dc0630f5,species,Plantae,"",Haplopteris ensiformis,1,t0026571,accepted
1272e968-7989-48cb-99be-234925516b77,species,Plantae,"",Parahemionitis arifolia,1,t0026543,accepted
23dfddbb-1338-4985-b9d0-2305ccb4ef93,species,Plantae,"",Hymenasplenium adiantifrons,1,t0026928,accepted
2f7848f5-241d-488c-a60b-09838e4118f2,species,Plantae,"",Hymenasplenium obliquissimum,1,t0026933,accepted
25314dc9-6ab7-46f5-b376-68e8498d4c41,species,Plantae,"",Asplenium antiquum,1,t0026891,accepted
01940ecc-22d3-4f10-ac5b-4859c8ec4227,species,Plantae,"",Asplenium boreale,1,t0103324,accepted
e8df9bab-ba6f-4fca-81d1-6c859bec9b92,species,Plantae,"",Asplenium capillipes,1,t0026893,accepted
a6ba2694-d232-465b-8f2b-771f4a1edee5,species,Plantae,"",Asplenium crinicaule,1,t0026894,accepted
5a9a64be-017d-4916-9cb4-5b9a2a743135,species,Plantae,"",Asplenium cuneatiforme,1,t0026895,accepted
ce856dc7-741a-4b04-8d7d-5dd8a9ca3f2f,species,Plantae,"",Asplenium ensiforme,1,t0026896,accepted
b252ca9b-edc1-4a29-a8fe-433bc6f36bcc,species,Plantae,"",Asplenium nidus,1,t0026903,accepted
ba06e12b-cce9-4fc1-bd97-4f2d03ba75b6,species,Plantae,"",Asplenium pekinense,1,t0026905,accepted
a8be5346-af87-4f07-86aa-0700fa3eb385,species,Plantae,"",Asplenium pulcherrimum,1,t0026910,accepted
d029ade5-d8ca-4e40-8075-7bf1c90912d2,species,Plantae,"",Asplenium ruta-muraria,1,t0026912,accepted
f2a7c4ad-f46f-4a34-9f94-8364f36ed614,species,Plantae,"",Asplenium septentrionale,1,t0026913,accepted
d15f7f95-d6a3-4309-9ab3-7746da8b9f0a,species,Plantae,"",Asplenium tenuicaule,1,t0026919,accepted
2fe92941-82d8-4b8d-8f14-2a28a9239229,species,Plantae,"",Asplenium wrightii,1,t0026924,accepted
f5e36e70-7894-49dd-81d6-aa09027db5dd,species,Plantae,"",Asplenium yoshinagae,1,t0026925,accepted
42ad4428-c51c-4811-9d7b-36ad86cc1d34,species,Plantae,"",Asplenium yunnanense,1,t0026897,not-accepted
03e33970-f8e9-4979-91b2-0f0b13b7894e,species,Plantae,"",Asplenium exiguum,1,t0026897,accepted
d05d69a8-545c-4f40-82a6-1d2ede28e07a,species,Plantae,"",Cyclosorus acuminatus,1,t0026948,not-accepted
90a09b83-954e-4008-91fc-012175a6a545,species,Plantae,"",Cyclosorus aridus,1,t0026949,not-accepted
6d68b127-15ac-4c6e-bf01-af6966f21d41,species,Plantae,"",Cyclosorus dentatus,1,t0026950,not-accepted
bb580b03-4cc0-4de2-abda-e7259ade5383,species,Plantae,"",Cyclosorus ensifer,1,t0026951,not-accepted
990b4c99-fa4a-4d53-9e1b-92a44cdfe06d,species,Plantae,"",Cyclosorus kotoensis,1,t0026982,not-accepted
f4802d7d-8d85-4811-a4b2-238fdb02bcf2,species,Plantae,"",Cyclosorus latipinnus,1,t0026953,not-accepted
e9b4a95b-f927-4c07-988a-0cd0bfd684da,species,Plantae,"",Cyclosorus papilio,1,t0026954,not-accepted
f40174bf-63c0-49da-a4a3-9a0cf6060620,species,Plantae,"",Cyclosorus parasiticus,1,t0026955,not-accepted
ebf63332-06cf-452b-a7fb-4b62cebaa8c3,species,Plantae,"",Cyclosorus taiwanensis,1,t0026983,not-accepted
de4a3bb6-039a-448a-9b36-dd2427c173b4,species,Plantae,"",Cyclosorus truncatus,1,t0026971,not-accepted
a671b85d-0693-46a4-891b-5ccb4312499b,species,Plantae,"",Cyclosorus megacuspis,1,t0026974,not-accepted
43aad981-405b-455c-b4a4-e1594c13a73a,species,Plantae,"",Phegopteris decursive-pinnata,1,t0026940,not-accepted
e9503db2-2c1d-4c0f-9ec7-dfbe6dda6803,species,Plantae,"",Pseudophegopteris aurita,1,t0026942,not-accepted
dd7b0bb3-6600-4a1c-b3e4-b2f5ca3ce5c1,species,Plantae,"",Pseudophegopteris levingei,1,t0026942,accepted
da15f880-8cda-4a68-ba00-aca10feebff5,species,Plantae,"",Thelypteris esquirolii,1,t0026980,not-accepted
a8648cb5-2a63-4ee4-80c4-5e7cc59c13fa,species,Plantae,"",Thelypteris auriculata,1,t0026960,not-accepted
b4b63d43-4cb5-40b4-9b66-de27d3cd08c9,species,Plantae,"",Thelypteris erubescens,1,t0026963,not-accepted
adc83efd-c346-411d-96c2-1efd8d022850,species,Plantae,"",Thelypteris laxa,1,t0026969,not-accepted
06f9a616-b633-4c31-9c43-5ca8b704dd29,species,Plantae,"",Thelypteris uraiensis,1,t0026970,not-accepted
ca780f27-0276-465c-a94c-1f9e71e0f23f,species,Plantae,"",Ampelopteris prolifera,1,t0026947,accepted
c7ed7f8d-8b00-4b94-a788-bfd1f44d2161,species,Plantae,"",Metathelypteris adscendens,1,t0026966,accepted
48006033-105e-4f3e-9f38-dc55b2f304ee,species,Plantae,"",Metathelypteris gracilescens,1,t0026968,accepted
90933d02-81f1-40e4-bac3-7fc9d52c369b,species,Plantae,"",Metathelypteris uraiensis,1,t0026970,accepted
ecb6c55f-68ba-425e-b2a3-9caa9509af76,species,Plantae,"",Parathelypteris angulariloba,1,t0026958,not-accepted
582f74e5-65da-47f6-9229-89c225f24e09,species,Plantae,"",Amauropelta beddomei,1,t0026945,accepted
f29bb8c4-2856-4a6c-ae81-0bd8d5ea37ad,species,Plantae,"",Amauropelta glanduligera,1,t0026946,accepted
f4d4bfc1-37ca-4286-bef9-a682eb1a26c3,species,Plantae,"",Pronephrium insularis,1,t0095924,not-accepted
8bcdafac-dd5f-424f-b89d-4d203ee89b36,species,Plantae,"",Pronephrium longipetiolatum,1,t0026973,accepted
8a938766-7701-4b74-aab9-d96b12d179f0,species,Plantae,"",Pronephrium simplex,1,t0026977,accepted
8716cb9f-6f56-440d-9b8e-509865b682a1,species,Plantae,"",Pronephrium triphyllum,1,t0026978,accepted
0aff080e-5dd6-48d9-a980-63403baa8921,species,Plantae,"",Leptogramma tottoides,1,t0026965,accepted
957cef27-fddd-4490-9f97-61bf9e025a94,species,Plantae,"",Woodsia okamotoi,1,t0026988,accepted
b3ea907a-2453-4464-b3da-257a788a40d1,species,Plantae,"",Woodsia polystichoides,1,t0026989,accepted
3eb826f5-5860-43ca-8cd9-58adcdd8902a,species,Plantae,"",Pentarhizidium orientale,1,t0027044,accepted
eaa3063f-e267-4a95-b151-89756d25f889,species,Plantae,"",Woodwardia harlandii,1,t0027045,accepted
9291eb56-bb17-44e4-baef-95571436a39d,species,Plantae,"",Woodwardia radicans,1,t0099416,accepted
cfd5863b-ddc3-450c-9331-aa8bcd23faae,species,Plantae,"",Woodwardia orientalis,1,t0027048,not-accepted
521db0b4-bfe0-4c94-aef1-fc25ad666af8,species,Plantae,"",Blechnopsis orientalis,1,t0027051,accepted
c6ecf183-b756-4f18-b1db-870959499b5b,species,Plantae,"",Diploblechnum fraseri,1,t0027054,accepted
f7314246-658c-4759-b548-537782d5b571,species,Plantae,"",Struthiopteris hancockii,1,t0027055,not-accepted
8b35a88f-6906-41e4-81b5-48ff3ea12852,species,Plantae,"",Anisocampium cumingianum,1,t0026995,not-accepted
266544f3-56a1-45a0-bfdd-3d4ec4086f79,species,Plantae,"",Anisocampium niponicum,1,t0027003,not-accepted
0bb86a07-8c87-48d9-ada8-a9bae813b2c3,species,Plantae,"",Anisocampium sheareri,1,t0027010,not-accepted
d8ba5b61-cb79-4caa-8288-aadba0a601fd,species,Plantae,"",Athyrium atkinsonii,1,t0026992,accepted
45ab5891-63dc-4dae-bf36-b309a91f4e15,species,Plantae,"",Athyrium auriculatum,1,t0026993,accepted
3ca87fec-d3d9-44be-b9ff-624a13d447e1,species,Plantae,"",Athyrium cryptogrammoides,1,t0026994,accepted
e5e7e387-a1d4-4e4c-a280-cf00e1b57a17,species,Plantae,"",Athyrium delavayi,1,t0061079,accepted
d5528a7a-cdec-4a24-b261-a1c5f9c69a05,species,Plantae,"",Athyrium oppositipinnum,1,t0061080,not-accepted
99104e70-9ffe-4b14-b16f-e1041a6a38f7,species,Plantae,"",Athyrium otophorum,1,t0027005,accepted
8d967247-2e8e-4d41-97ae-c417daa3e50b,species,Plantae,"",Athyrium puncticaule,1,t0027008,accepted
6dc11f74-0359-449b-9528-e1484053c44f,species,Plantae,"",Athyrium silvicola,1,t0027011,accepted
84222642-8069-4587-a3d6-3f3333332006,species,Plantae,"",Athyrium tozanense,1,t0027013,accepted
e4f5d940-3efa-4de6-aa02-7b339bee1204,species,Plantae,"",Athyrium tripinnatum,1,t0027014,accepted
9d435538-0fb9-463e-aa09-421b1cc85a35,species,Plantae,"",Athyrium vidalii,1,t0027015,accepted
b2164836-e56a-4837-913d-cd0d0034bc90,species,Plantae,"",Athyrium unifurcatum,1,t0027021,not-accepted
ae16145a-d496-4dba-8b14-03b316b8bcdd,species,Plantae,"",Cornopteris banajaoensis,1,t0026998,not-accepted
bc785c8b-23f6-4700-931f-0b741911fe31,species,Plantae,"",Cornopteris opaca,1,t0027004,not-accepted
7918cffe-7880-4338-a24f-4ab686dac160,species,Plantae,"",Deparia formosana,1,t0027017,accepted
89c89918-525d-4152-a46a-dc9989f81bc9,species,Plantae,"",Deparia petersenii,1,t0100553,accepted
a43fa0cc-8bb8-4469-a50e-9d8dc3ea5fe8,species,Plantae,"",Diplazium agyokuense,1,t0102670,accepted
b3daf82e-c459-4af1-983c-63c735fba77b,species,Plantae,"",Diplazium chioui,1,t0027025,accepted
71cc17e7-573c-43ec-9456-66d8dfb70d5d,species,Plantae,"",Diplazium conterminum,1,t0057261,not-accepted
9472678c-dad9-4697-a919-346822869e62,species,Plantae,"",Diplazium doederleinii,1,t0027028,accepted
ada09c71-fb30-4086-be98-bb830f973d9c,species,Plantae,"",Diplazium kawakamii,1,t0073717,accepted
64317a34-3ca5-4c3c-9731-1b23f004ccc5,species,Plantae,"",Diplazium ketagalaniorum,1,t0027031,accepted
d27843aa-16eb-4050-98bd-da31b7d5f8ea,species,Plantae,"",Diplazium lobatum,1,t0086577,not-accepted
a5053033-7e44-41e7-aee8-576f70bd7767,species,Plantae,"",Diplazium mettenianum,1,t0027036,accepted
9e9e1de0-6bd6-48af-9d94-a54a261f1e66,species,Plantae,"",Diplazium okudairai,1,t0027038,not-accepted
db0f02dd-5e71-4186-96dd-941b027a3f4d,species,Plantae,"",Diplazium petri,1,t0027039,not-accepted
59a75bc9-9050-4d64-9879-352a316af6e8,species,Plantae,"",Diplazium proliferum,1,t0053428,accepted
f6ecb400-7f34-442d-9728-b0e3213ebcf8,species,Plantae,"",Diplazium taiwanense,1,t0057262,not-accepted
c0eb4aa2-e8d5-4c42-bb55-74ba2948d5ad,species,Plantae,"",Diplazium viridissimum,1,t0027042,accepted
705aa666-a94a-4d99-9ee8-cc837a6a03b6,species,Plantae,"",Leucostegia truncata,1,t0026611,not-accepted
d8c32151-8e7b-4e24-9789-deaffc0f1879,species,Plantae,"",Arachniodes aristata,1,t0026628,accepted
c51016a4-6877-4ff9-bb00-8baa44a86bcf,species,Plantae,"",Arachniodes festina,1,t0026630,accepted
b9e50e29-b1b1-44cc-b533-82238cd5d9fb,species,Plantae,"",Arachniodes globisora,1,t0026631,accepted
a12f8486-5bf9-4b74-b946-18428ecd2883,species,Plantae,"",Arachniodes quadripinnata,1,t0026634,accepted
b0d2cdf4-3aee-4431-a7f9-d3b049da3252,species,Plantae,"",Arachniodes rhomboidea,1,t0086571,not-accepted
701932df-65e9-4c09-8870-a1ce148dd289,species,Plantae,"",Arachniodes caudata,1,t0026629,not-accepted
2b15f7b6-ff63-40e1-bb6e-8f708f3aeefd,species,Plantae,"",Ctenitis eatonii,1,t0026635,accepted
935b0ad8-1e0c-42cc-8b89-ac85c938d27a,species,Plantae,"",Ctenitis subglandulosa,1,t0026636,accepted
22947747-2e81-4923-ad7e-ba2238c5f906,species,Plantae,"",Cyrtomium falcatum,1,t0058916,accepted
439bcb11-bf5c-4111-87c3-04801e30e557,species,Plantae,"",Cyrtomium fortunei,1,t0026640,accepted
451326a9-c14f-44ff-b029-bf5728ff9f73,species,Plantae,"",Cyrtomium nervosum,1,t0102155,accepted
e81b4f09-1543-46b5-a4b7-352ea88398c3,species,Plantae,"",Cyrtomium caryotideum,1,t0026638,accepted
2709a968-0692-4d72-b617-12147f0b9866,species,Plantae,"",Cyrtomium devexiscapulae,1,t0026639,accepted
0e66f121-e54d-44d4-aeca-f87f13712a20,species,Plantae,"",Cyrtomium taiwanense,1,t0026642,not-accepted
b35d92a5-3469-4846-99f4-bfb2ad85447a,species,Plantae,"",Dryopteris alpestris,1,t0026645,accepted
54d3d123-c3ad-4954-b426-ec704929262b,species,Plantae,"",Dryopteris apiciflora,1,t0026646,accepted
52bbef6e-971d-4ae1-adc4-7cffffda8af7,species,Plantae,"",Dryopteris championii,1,t0026649,accepted
8ec73549-7961-4705-8b0a-944bb7bd97c0,species,Plantae,"",Dryopteris cycadina,1,t0026651,accepted
4bf3583c-ea1e-4504-b654-18cd148086a6,species,Plantae,"",Dryopteris decipiens,1,t0073760,accepted
6b7af391-3011-4255-bbca-22c9d9450515,species,Plantae,"",Dryopteris enneaphylla,1,t0026655,accepted
70a7b183-e04a-4256-a0e9-2519ba4c0ebf,species,Plantae,"",Dryopteris formosana,1,t0026658,accepted
1b9214fc-a2ec-4ca2-8400-21262824ca7a,species,Plantae,"",Dryopteris hendersonii,1,t0026662,accepted
a6f76f8a-1cf2-439f-959f-8c5e989c2f70,species,Plantae,"",Dryopteris huangshanensis,1,t0073762,accepted
1a8beeaf-7827-452e-9523-f360d924d668,species,Plantae,"",Dryopteris indusiata,1,t0026664,accepted
5d09933e-f6cf-4095-8093-97a9866d1f3c,species,Plantae,"",Dryopteris lacera,1,t0026670,accepted
742e3a21-7d92-49a9-b142-32a4769b77f1,species,Plantae,"",Dryopteris melanocarpa,1,t0026675,accepted
40ac9850-cb19-43f3-bee3-2218e6f62989,species,Plantae,"",Dryopteris namegatae,1,t0026676,accepted
c5c2fd30-d9f1-484e-8686-a995e5b695d5,species,Plantae,"",Dryopteris nidus,1,t0026700,misapplied
9cb299fc-f544-4699-84ff-2a8d1117e13b,species,Plantae,"",Dryopteris pseudocaenopteris,1,t0026681,accepted
063b6020-13c9-4fc0-8b12-e8e243ba969a,species,Plantae,"",Dryopteris ryo-itoana,1,t0026686,accepted
69d1fc25-e090-48f6-8246-9ebf90181610,species,Plantae,"",Dryopteris sparsa,1,t0026690,accepted
ae5d62aa-e5ea-4b20-81e8-3f1739041e3f,species,Plantae,"",Dryopteris subexaltata,1,t0026694,accepted
d42d52c6-6837-4338-8f9b-224df267adcb,species,Plantae,"",Dryopteris subtriangularis,1,t0026696,accepted
9e660db7-f75b-478a-a464-e1615714b928,species,Plantae,"",Dryopteris varia,1,t0026701,accepted
90e0dba6-5183-4dec-87af-ec5d3fabdc43,species,Plantae,"",Dryopteris rosthornii,1,t0129300,accepted
60b92ea8-5ba8-475e-80c3-6302ebee98ba,species,Plantae,"",Dryopteris panda,1,t0129296,accepted
cad188e2-371d-467c-8546-2a14c9b905f2,species,Plantae,"",Dryopteris woodsiisora,1,t0026702,accepted
79679bf2-b951-4980-8463-631d97dd3913,species,Plantae,"",Dryopteris zayuensis,1,t0026706,accepted
9fa68326-b638-4500-ae33-c11623d33986,species,Plantae,"",Dryopteris tahmingensis,1,t0053453,accepted
6d50abfc-3118-490d-8ba7-801c12c44cec,species,Plantae,"",Polystichum acanthophyllum,1,t0026708,accepted
02aef290-db7c-4341-a7fb-d97176483443,species,Plantae,"",Polystichum anomalum,1,t0026737,misapplied
a3363824-5e9f-4c55-9708-314055a2a419,species,Plantae,"",Polystichum attenuatum,1,t0026711,accepted
e94f10fb-869b-4209-9bb9-497f785df5f0,species,Plantae,"",Polystichum chunii,1,t0026714,accepted
38755712-3acf-441b-855f-bebc25753841,species,Plantae,"",Polystichum formosanum,1,t0026716,accepted
dc8e30a7-e0f3-4a03-9e3d-81c2b6fd5884,species,Plantae,"",Polystichum fraxinellum,1,t0026717,accepted
18119e05-b884-4bde-924e-ffbb97f8c0de,species,Plantae,"",Polystichum glaciale,1,t0026718,accepted
414b10e8-8326-4bd1-b5d9-ee7232b50734,species,Plantae,"",Polystichum herbaceum,1,t0026722,accepted
a8448f90-0175-42ff-b49b-5a6b8edf29ba,species,Plantae,"",Polystichum lepidocaulon,1,t0026725,accepted
572710d3-0b39-4405-ab16-5c694f1bce74,species,Plantae,"",Polystichum manmeiense,1,t0026726,accepted
eb74976c-ce16-497e-b9e6-1424cf6c6310,species,Plantae,"",Polystichum mucronifolium,1,t0026728,accepted
69545396-489c-4128-b12a-cb828d9b446e,species,Plantae,"",Polystichum neo-lobatum,1,t0026729,not-accepted
c7b61b5e-e90d-45a2-a137-4a867e0267f9,species,Plantae,"",Polystichum nepalense,1,t0026730,accepted
df5e0b06-fa96-4420-a071-6501a13c45fc,species,Plantae,"",Polystichum parvipinnulum,1,t0026732,accepted
4d945ba2-91e2-4600-96f7-300db16fdd5b,species,Plantae,"",Polystichum piceopaleaceum,1,t0026733,accepted
594e0f6b-f123-40b1-b072-8a5641d8344c,species,Plantae,"",Polystichum prionolepis,1,t0026735,accepted
769ed982-d965-47dc-b653-221c431adf99,species,Plantae,"",Polystichum sinense,1,t0026738,accepted
037dd947-0375-490e-bef2-f05c664508c3,species,Plantae,"",Polystichum taizhongense,1,t0026740,accepted
50e2b67d-5468-4d2c-ae12-480e8e72acf4,species,Plantae,"",Bolbitis rhizophylla,1,t0026615,accepted
8760988b-e49b-49eb-b7e5-7a7316642fd9,species,Plantae,"",Bolbitis scalpturata,1,t0026616,accepted
39b23807-d61e-4914-8293-41748b48fe7c,species,Plantae,"",Bolbitis virens,1,t0099420,accepted
7705cac1-850b-4e84-a8af-372e9aeff56d,species,Plantae,"",Elaphoglossum commutatum,1,t0026622,accepted
a3663a6a-3d6b-4f6a-8f1f-09f6651927bf,species,Plantae,"",Elaphoglossum luzonicum,1,t0026623,accepted
15b2ffdd-c91d-4719-bec2-38da6ada6877,species,Plantae,"",Elaphoglossum marginatum,1,t0026624,accepted
475c67ce-d01d-4e19-867b-4fc829dff7dd,species,Plantae,"",Elaphoglossum yoshinagae,1,t0026625,accepted
d39da5eb-c08c-483e-8606-7a451935bec8,species,Plantae,"",Pleocnemia rufinervis,1,t0026627,not-accepted
72aa8be1-10ca-4faa-84dd-8d9c438d8388,species,Plantae,"",Pleocnemia winitii,1,t0026627,accepted
6c4f4878-45cc-49ff-87db-056f0070380a,species,Plantae,"",Nephrolepis biserrata,1,t0026749,accepted
b0ef29fe-4129-4c27-87fa-a1980c32b3f0,species,Plantae,"",Nephrolepis cordifolia,1,t0026751,accepted
a9ecb31c-ff64-432e-9132-7d8f03192966,species,Plantae,"",Tectaria coadunata,1,t0026757,accepted
fef37100-4c7b-4eea-bc14-b24a666423af,species,Plantae,"",Tectaria devexa,1,t0026759,accepted
331b5c79-ada6-4f0a-99f4-12e5cbf9f16e,species,Plantae,"",Tectaria fuscipes,1,t0026763,accepted
c0fe6ec3-0144-45e5-9383-870939127f55,species,Plantae,"",Tectaria griffithii,1,t0026764,accepted
d4731c38-a05a-43fe-aa76-4f5934d42d4b,species,Plantae,"",Tectaria harlandii,1,t0026765,accepted
f223d667-a382-4796-8a59-ea80ca099650,species,Plantae,"",Tectaria impressa,1,t0026766,accepted
10b168d9-041a-4bfc-9b52-9e744fa333b0,species,Plantae,"",Tectaria kusukusensis,1,t0026767,accepted
2bb5a35e-eebe-4269-b2cf-7d1786f605be,species,Plantae,"",Tectaria phaeocaulis,1,t0026769,accepted
72234753-6f18-463e-97c7-85d0f0a56371,species,Plantae,"",Tectaria polymorpha,1,t0026770,accepted
c249ce3d-b408-479d-9eb8-2c8e21b5f77e,species,Plantae,"",Tectaria simonsii,1,t0026771,accepted
90cb9222-09c0-4bc5-8a6f-517e41becaae,species,Plantae,"",Tectaria subfuscipes,1,t0026772,accepted
9da6dd66-6f1c-491a-821f-dd327a8c8f6e,species,Plantae,"",Tectaria sulitii,1,t0026774,accepted
7b4d7ce6-23a5-4e90-82ff-9c08426176dc,species,Plantae,"",Tectaria zeylanica,1,t0026775,not-accepted
58e15f8e-7493-4eed-9843-211137a0f0e8,species,Plantae,"",Oleandra wallichii,1,t0026776,accepted
9c8e8bb1-19e4-4b9c-a54e-52047667bb73,species,Plantae,"",Davallia chrysanthemifolia,1,t0103485,accepted
99308e73-7aac-45f1-896e-aa87bfa11a2d,species,Plantae,"",Davallia cumingii,1,t0026781,not-accepted
bf7f0a20-5bf2-4c4d-b330-c7c52b3f436b,species,Plantae,"",Davallia pectinata,1,t0026780,accepted
dd3e7a6b-6453-4d77-8e2e-6b8156ec49e7,species,Plantae,"",Davallia perdurans,1,t0026777,not-accepted
c1149760-7bb8-4d40-ac9b-d570d12c4317,species,Plantae,"",Davallia repens,1,t0026781,accepted
3bd4cc83-9eaa-435a-bd91-e60264838746,species,Plantae,"",Davallia trichomanoides,1,t0026783,accepted
d1e06b97-7dbf-471c-9bad-954e5184fbc1,species,Plantae,"",Davallia vestita,1,t0103468,accepted
082e3fb3-f670-48cc-a473-0916be19cae4,species,Plantae,"",Humata tyermanni,1,t0026779,not-accepted
3e625b6c-3a0c-46d1-ae4a-a8e7c9707b94,species,Plantae,"",Araiostegia parvipinnula,1,t0026777,not-accepted
beaddd41-cdd7-4ea7-8517-a2ef50c3b144,species,Plantae,"",Loxogramme biformis,1,t0026784,accepted
27e38eb8-ced3-4dbf-9352-6c146fff4c5d,species,Plantae,"",Loxogramme confertifolia,1,t0103500,accepted
e84e0338-15f2-4b5b-8861-8ad8c999dd73,species,Plantae,"",Loxogramme grammitoides,1,t0026787,accepted
80a1a3d2-b9f5-4bec-b4db-7ea491c8f69a,species,Plantae,"",Loxogramme salicifolia,1,t0026789,accepted
f8df2078-0991-4743-a423-bd1cb63ed355,species,Plantae,"",Aglaomorpha coronans,1,t0026791,not-accepted
59643b1d-bcdd-4461-b18f-941b40785d3c,species,Plantae,"",Aglaomorpha fortunei,1,t0026793,not-accepted
6fede434-0dc5-4620-9145-abd36f7b823b,species,Plantae,"",Aglaomorpha meyeniana,1,t0026792,not-accepted
1a4bcc5f-cff5-4d11-b44d-843970670300,species,Plantae,"",Selliguea hastata,1,t0026797,accepted
e6026b6c-57b2-4a25-a5bf-d272be41ba41,species,Plantae,"",Selliguea okamotoi,1,t0103504,accepted
a81ef539-da28-4868-8a76-1fc3a8973762,species,Plantae,"",Pyrrosia adnascens,1,t0102177,accepted
a244591c-de29-4ff6-8bc6-025ec0dcaa54,species,Plantae,"",Pyrrosia angustissima,1,t0026802,accepted
39fb379c-16be-4211-9c57-2976a27e0cc0,species,Plantae,"",Pyrrosia matsudae,1,t0026807,accepted
98b57713-034a-46b4-ad19-dda1ccddd65f,species,Plantae,"",Pyrrosia polydactyla,1,t0026808,not-accepted
e318dced-a0df-49fd-a53e-ba7629b898b2,species,Plantae,"",Pyrrosia porosa,1,t0026809,accepted
9af0d65e-3348-4523-8ee0-647607bbad87,species,Plantae,"",Pyrrosia sheareri,1,t0026810,accepted
b3c8bd64-b241-4398-bbcb-fe98c5de8e64,species,Plantae,"",Pyrrosia hastata,1,t0075554,accepted
91105927-642b-4ed5-9ae5-d7ed22cf90fb,species,Plantae,"",Goniophlebium mengtzeense,1,t0026814,accepted
21b0885b-3900-4702-88f8-84fa2117a0b6,species,Plantae,"",Goniophlebium persicifolium,1,t0026815,accepted
5eb1c6d2-a7b9-4c64-84f4-30b28bebe560,species,Plantae,"",Lemmaphyllum diversum,1,t0026819,not-accepted
54314b86-1224-454a-850c-001d5ae85bb8,species,Plantae,"",Lemmaphyllum microphyllum,1,t0026818,accepted
b623fa1c-6df5-4471-8470-3e0f02ad767b,species,Plantae,"",Lepisorus kawakamii,1,t0026822,accepted
c5144998-c54f-4ba2-a579-92a279688d0d,species,Plantae,"",Lepisorus kuchenensis,1,t0026823,accepted
fddd4219-401a-40a3-ae89-e8bdb94e5fd7,species,Plantae,"",Lepisorus morrisonensis,1,t0026827,accepted
43e8d7d6-83e5-41e0-89b3-19d916cad824,species,Plantae,"",Lepisorus suboligolepidus,1,t0026832,accepted
30305477-eee8-4904-813e-07a0481a8d20,species,Plantae,"",Lepisorus thunbergianus,1,t0026833,accepted
5d1fc9ad-bf38-47ed-90a2-e677f32e2a6d,species,Plantae,"",Leptochilus hemionitideus,1,t0026837,accepted
bc1c3359-da41-48c0-a977-657b37da0e33,species,Plantae,"",Leptochilus insignis,1,t0026839,accepted
1a4cdba8-d932-47bd-aef8-5edc65a5b0f4,species,Plantae,"",Leptochilus pothifolius,1,t0102171,accepted
8520679d-ee0b-4d0d-82ac-e9f37ce22648,species,Plantae,"",Leptochilus pteropus,1,t0026842,accepted
403847a7-e4f3-4506-b53b-2220072bcff1,species,Plantae,"",Leptochilus wrightii,1,t0026843,accepted
f2efe313-ef41-409a-9912-b55af7dd5bce,species,Plantae,"",Microsorum membranaceum,1,t0026845,not-accepted
78da4f9b-f4bd-4237-9e15-3daf0e05cf54,species,Plantae,"",Microsorum scolopendria,1,t0026847,accepted
4b31bf72-7416-4950-a751-c12a296d83b8,species,Plantae,"",Neolepisorus ensatus,1,t0026849,accepted
4ac6d91a-3e7f-4987-94ee-1c7a73a66164,species,Plantae,"",Neolepisorus fortunei,1,t0026850,accepted
6b41df9c-ee30-4a4c-aa23-7419f0c43bc3,species,Plantae,"",Leptochilus longissimus,1,t0026840,accepted
884a6809-e219-4cfd-b1d7-d67531536092,species,Plantae,"",Calymmodon gracilis,1,t0026852,accepted
8bd6b255-456c-4e14-8a68-8397121d8bc7,species,Plantae,"",Calymmodon ordinatus,1,t0026854,accepted
48ce49a9-0302-481a-bf17-da5048e2963b,species,Plantae,"",Chrysogrammitis glandulosa,1,t0026855,not-accepted
af3e169c-5207-4522-8405-42ae3cf9e7db,species,Plantae,"",Grammitis intromissa,1,t0026867,not-accepted
b08d7f6d-0433-437e-8b6a-f23f552fd41a,species,Plantae,"",Micropolypodium okuboi,1,t0026857,accepted
0e26ca2b-3723-4ca9-b1c7-4769ed744969,species,Plantae,"",Oreogrammitis adspersa,1,t0026858,accepted
69cb9933-c587-422b-9076-9f599f024b0b,species,Plantae,"",Grammitis caespitosa,1,t0026861,not-accepted
5a61147d-42a2-444f-a04c-e9ba92a4ff93,species,Plantae,"",Oreogrammitis congener,1,t0058661,accepted
66c0c0c6-c6f7-47a9-906b-6859d4a1a5b9,species,Plantae,"",Oreogrammitis nuda,1,t0026868,not-accepted
205b1547-e40d-49ac-91db-ac7e6ed1aacd,species,Plantae,"",Prosaptia contigua,1,t0026873,accepted
6e203fc2-c30c-4084-b22a-35154a40a8ed,species,Plantae,"",Prosaptia formosana,1,t0026874,accepted
cae6ae56-467e-4cda-adb0-1acfa47a2dd6,species,Plantae,"",Prosaptia nutans,1,t0026875,accepted
1795323e-b963-4e31-8dd4-30e34804f7ce,species,Plantae,"",Prosaptia pectinata,1,t0026877,accepted
7a963213-7eb0-4e03-816a-4c6767a2ef4a,species,Plantae,"",Prosaptia kanashiroi,1,t0026873,not-accepted
15d2ff78-81de-4d1b-accf-02577f7895a8,species,Plantae,"",Prosaptia celebica,1,t0026872,accepted
9c1353eb-1910-4aad-8e37-1b2762138b96,species,Plantae,"",Radiogrammitis beddomeana,1,t0026859,not-accepted
1dbcf3f8-22dc-49c3-a2d9-f27f38918dd7,species,Plantae,"",Radiogrammitis ilanensis,1,t0026862,not-accepted
55283a53-e2d7-4e44-a568-ad7dd1ce0d97,species,Plantae,"",Oreogrammitis moorei,1,t0026864,accepted
60b6a2fc-8a4b-4a23-87a4-96cd8b82be9d,species,Plantae,"",Radiogrammitis setigera,1,t0026867,not-accepted
63ce5efc-288c-43b8-b8d8-5ecd40ed4794,species,Plantae,"",Radiogrammitis subnervosa,1,t0026869,not-accepted
0ac37bf1-66d3-47b7-99c4-0643461d81b2,species,Plantae,"",Oreogrammitis blechnifrons,1,t0026860,not-accepted
ef4a2cc4-e257-42e5-b05d-d546b5376b6d,species,Plantae,"",Oreogrammitis tenuisecta,1,t0026871,accepted
0f57e94b-4b95-476a-85a0-7a31a03d1a15,species,Plantae,"",Xiphopterella devolii,1,t0026881,accepted
aa65fc62-cd25-4f00-a8b4-0b41525dcffe,species,Plantae,"",Pichisermollodes quasidivaricata,1,t0026798,not-accepted
c17a8b58-e32e-4509-8bae-7040ff96d5d8,infraspecies,Plantae,"",Goniophlebium amoenum arisanense,1,t0057958,accepted
13e329ea-20e0-4897-ae47-a40432448877,species,Plantae,"",Goniophlebium fieldingianum,1,t0026812,accepted
1fdb9f5e-0c7f-491e-8cc3-f8e54388dd40,species,Plantae,"",Goniophlebium raishaense,1,t0026816,accepted
bf57e465-a661-4b16-b68e-c724f187b567,species,Plantae,"",Cycas media,1,t0073592,accepted
43e10858-d104-4ecf-88a9-f9d0ca0fb883,species,Plantae,"",Cycas rumphii,1,t0073593,accepted
36fd8e9e-02d2-42b8-86bb-4e434353de0f,species,Plantae,"",Zamia fischeri,1,t0069835,accepted
fcd40bd1-7c71-4eb2-8a21-fa8540b1646a,species,Plantae,"",Cedrus deodara,1,t0073104,accepted
763f0aa9-75a1-4d43-b2ed-5eabeb35a796,species,Plantae,"",Pinus armandii,1,t0075294,accepted
cf6d886e-9901-4c26-ae95-6bd61f6b107d,species,Plantae,"",Pinus massoniana,1,t0075307,accepted
b5f2f44a-273b-4371-8d46-3d3991eda76b,species,Plantae,"",Pinus taiwanensis,1,t0054839,accepted
195501fb-372a-406b-8449-3b212cc3487a,species,Plantae,"",Pinus attenuata,1,t0075295,accepted
f2e41e5e-49cc-446c-a829-b0e3014df19c,species,Plantae,"",Pinus banksiana,1,t0075296,accepted
eaa59ffb-40b9-4051-bbe6-fd9a398aaf47,species,Plantae,"",Pinus canariensis,1,t0075297,accepted
629ac848-c277-444f-9277-a1f008f8ffe2,species,Plantae,"",Pinus clausa,1,t0075298,accepted
dda823b6-6df1-4f6a-9968-c9a6142e911b,species,Plantae,"",Pinus echinata,1,t0075301,accepted
271d7253-5b0b-4d1d-81c4-3ee74b66ee47,species,Plantae,"",Pinus halepensis,1,t0075303,accepted
9e9923ba-27ac-4faf-aafc-60613fe4eefa,species,Plantae,"",Pinus insularis,1,t0075304,accepted
333379b9-a7fc-4878-90f8-49c746cb6cd1,species,Plantae,"",Pinus koraiensis,1,t0075305,accepted
f3a8ffbf-bd5f-44bf-b6bc-0ff08fabfe29,species,Plantae,"",Pinus longifolia,1,t0075306,accepted
934dad17-5873-48c9-a929-0b989ec4269c,species,Plantae,"",Pinus luchuensis,1,t0054839,misapplied
f95b83e5-81c2-41a4-bbc7-8302bcb30728,species,Plantae,"",Pinus merkusii,1,t0075308,accepted
eeaf7213-1fca-4d6a-8acc-e9ea9d7723e7,species,Plantae,"",Pinus oocarpa,1,t0075310,accepted
18267ad2-0059-4ba7-86cc-edf3a01f5fa4,species,Plantae,"",Pinus palustris,1,t0075311,accepted
b83d7265-891c-4a1e-b4de-eebc61d3695e,species,Plantae,"",Pinus radiata,1,t0075315,accepted
5bc61872-5073-4e90-9c74-d840c3978d77,species,Plantae,"",Pinus rigida,1,t0075316,accepted
820219c6-ba7c-4640-971d-375fc3aed905,species,Plantae,"",Pinus roxburghii,1,t0075317,accepted
142ad7d8-e4be-4ce3-9bb2-5109ac5fffa9,species,Plantae,"",Pinus strobus,1,t0075318,accepted
a746f76a-b296-4978-9b10-cfd94bffcb55,species,Plantae,"",Pinus sylvestris,1,t0075319,accepted
202ecd4d-7b30-4388-a0b2-cced2e012bdd,species,Plantae,"",Pinus taeda,1,t0075320,accepted
a8d96aa3-1fec-45b8-908c-0372fd0e7d98,species,Plantae,"",Pinus densata,1,t0075299,accepted
9b96e605-5010-4267-bf49-2bca8bb4b3f5,species,Plantae,"",Picea morrisonicola,1,t0054822,accepted
1bb4b86a-e061-49ba-907f-5d779ff71b8d,species,Plantae,"",Pseudotsuga forrestii,1,t0054981,not-accepted
c1ca8142-0b91-4b44-8590-657abcaea59b,species,Plantae,"",Pseudotsuga wilsoniana,1,t0054981,accepted
f1e26ad3-b5e2-4797-8354-b7056d6289ca,species,Plantae,"",Larix leptolepis,1,t0074484,accepted
a8586930-1228-4dcf-adf3-326dbc1db9d1,species,Plantae,"",Pseudolarix kaemipferi,1,t0075503,accepted
57ce5ec9-d676-4877-a89b-035aec7df205,species,Plantae,"",Tsuga formosana,1,t0055692,not-accepted
d87784fe-2800-4b7f-b453-642bf3858b75,species,Plantae,"",Tsuga forrestii,1,t0069710,accepted
6adcf26d-d8c4-43b5-b327-6efb8876ab22,species,Plantae,"",Tsuga canadensis,1,t0069708,accepted
f9eb49b7-dbc5-4672-a270-1d27a8f9f176,species,Plantae,"",Tsuga caroliniana,1,t0069709,accepted
c8b8f20b-cd37-4bed-ad47-6a1c8358e275,species,Plantae,"",Tsuga heterophylla,1,t0069711,accepted
dbb14703-a8c0-4ab7-9abc-6ac7c6ee7753,species,Plantae,"",Tsuga longibracteata,1,t0069712,accepted
b75a58d6-c499-44c3-b3cc-b359414c395f,species,Plantae,"",Tsuga diversifolia,1,t0135820,accepted
9c236b00-1e45-4086-a9ff-4e786581b56b,species,Plantae,"",Tsuga sieboldii,1,t0135821,accepted
42ae7509-a50b-4253-bde9-06995d76217a,species,Plantae,"",Keteleeria pubescens,1,t0074449,accepted
81b42dc8-f001-4f3c-bfad-a00e961624bf,species,Plantae,"",Keteleeria fortunei,1,t0074447,accepted
a5e4ed29-93c0-4a16-88d5-59eebfdd57bd,species,Plantae,"",Abies kawakamii,1,t0052518,accepted
66e6f912-4c98-41c5-a8ce-b195637a0863,species,Plantae,"",Abies mariesii,1,t0099253,accepted
1b32543f-b015-4ba3-9e8e-14a7d1dc258b,species,Plantae,"",Abies firma,1,t0060760,accepted
fac928bb-bd6c-4959-b482-fd79e70f50c7,species,Plantae,"",Araucaria excelsa,1,t0040224,not-accepted
c4235611-320b-44ab-a3b6-91e54cdc3c53,species,Plantae,"",Araucaria heterophylla,1,t0061021,accepted
fb8ea7eb-f096-4530-a8d4-863c4be9f6ce,species,Plantae,"",Agathis dammara,1,t0060868,accepted
64b6c516-b6b9-431d-9932-14417f2aa8d0,species,Plantae,"",Agathis robusta,1,t0060869,accepted
4f7a0ae2-752a-42b4-9c22-692785988dcb,species,Plantae,"",Nageia fleuryi,1,t0027057,accepted
de107366-b71f-413f-a7c0-f637fbf2a187,species,Plantae,"",Nageia nagi,1,t0027058,accepted
92689246-eb6d-49dd-a443-774470763b33,species,Plantae,"",Podocarpus costalis,1,t0027059,accepted
4838bfa9-78f0-4f7c-bdda-d47147ebe61b,species,Plantae,"",Podocarpus fasciculus,1,t0027060,accepted
58b1409e-1fba-4460-b04d-9b31bbb70a4c,species,Plantae,"",Podocarpus imbricatus,1,t0075426,not-accepted
45ebae45-29d5-42e8-a4d8-e2795508536d,species,Plantae,"",Sciadopitys verticillata,1,t0134708,accepted
cf3869de-6502-466c-ae88-ed49b56d8946,species,Plantae,"",Metasequoia glyptostroboides,1,t0054449,accepted
558fde45-d7cf-4acf-9168-60acde517d71,species,Plantae,"",Sequoia sempervirens,1,t0075894,accepted
6e30721c-833b-490b-ab26-ce6c5cb7585e,species,Plantae,"",Cryptomeria japonica,1,t0053192,accepted
779e3e35-6772-4d4a-a486-97a8a37b0c73,species,Plantae,"",Callitris calcarata,1,t0072988,accepted
aa8f062c-29f1-4f75-87a1-e1df19d4efd2,species,Plantae,"",Thuja occidentalis,1,t0069628,accepted
579ca60d-e20b-45fb-b9e9-c87dfdbb32c8,species,Plantae,"",Fokienia hodginsii,1,t0073999,accepted
24fa9bad-196a-4518-bfcd-990109c5a9d2,species,Plantae,"",Chamaecyparis formosensis,1,t0052942,accepted
95b2bbca-9d1c-4e7f-92c5-a27809a51c19,species,Plantae,"",Chamaecyparis pisifera,1,t0073153,accepted
88b74706-2e8d-47d3-a1fc-05b16c417cbb,species,Plantae,"",Cupressus glauca,1,t0073581,accepted
722e4d08-6602-42ec-a87f-138101c90ef1,species,Plantae,"",Juniperus chinensis,1,t0074435,accepted
7b9f6c3f-5d82-44a0-8973-2adb8d97b4ae,species,Plantae,"",Juniperus formosana,1,t0074436,accepted
53da2d32-fe06-4b4b-979e-064dda903fde,species,Plantae,"",Juniperus squamata,1,t0054132,accepted
3a062ab0-633c-41ec-9c54-ac40b46cf222,species,Plantae,"",Juniperus recurva,1,t0100344,accepted
eb1ba6e1-2cfa-4a5c-af56-0b7d3700f06f,species,Plantae,"",Calocedrus formosana,1,t0052784,not-accepted
627a42cc-f5b7-4172-ac0a-35f85c673e77,species,Plantae,"",Taxus mairei,1,t0058350,not-accepted
ab90f346-4100-4df4-b313-4bba3d0ba641,species,Plantae,"",Taxus chinensis,1,t0058350,not-accepted
89fc4ded-98d3-4984-b60c-518226ed91c7,species,Plantae,"",Taxus wallichiana,1,t0058350,misapplied
ecf0d188-9f32-42bc-a60c-b1893f16f810,species,Plantae,"",Taxus cuspidata,1,t0058350,misapplied
894a99c3-3473-4160-b1fd-75d5ca2d60e5,species,Plantae,"",Cephalotaxus fortunei,1,t0073115,accepted
c079303e-b14e-4e48-b134-3bff54268414,species,Plantae,"",Cephalotaxus hainanensis,1,t0073116,accepted
d5dca59b-8ffe-4a5a-b88a-5f6376f8d727,species,Plantae,"",Amentotaxus formosana,1,t0052582,accepted
0c760691-24ef-4ac1-8003-f73080be997a,species,Plantae,"",Amentotaxus yunnanensis,1,t0125979,accepted
e0d6b2ba-63d9-43b6-abdc-de3bfbb02463,species,Plantae,"",Amentotaxus argotaenia,1,t0052582,misapplied
ca6b658e-6817-4230-a3bd-97ec63a5b4a2,species,Plantae,"",Torreya grandis,1,t0135654,accepted
2f6d3c2a-ed8e-4d55-88ad-f9612de96186,species,Plantae,"",Torreya nucifera,1,t0135656,accepted
9873c567-4c63-4083-8772-4941f58f329a,species,Plantae,"",Brasenia schreberi,1,t0040442,accepted
3fcb907f-e1e5-4b80-8381-e4b2174e5942,species,Plantae,"",Cabomba furcata,1,t0040524,accepted
33e6e02d-b9cf-4189-b749-e8b4dc3f2f50,species,Plantae,"",Nymphaea colorata,1,t0074967,accepted
51bfd399-cf8b-4bd7-abcf-03da40ebdb52,species,Plantae,"",Nymphaea lotus,1,t0074968,accepted
6915767b-9550-42e4-a9e1-9c97ebf84c5a,species,Plantae,"",Nymphaea mexicana,1,t0074969,accepted
b4064a00-be07-4553-b2b4-03537f72af73,species,Plantae,"",Nymphaea odorata,1,t0074970,accepted
b132feca-59c6-49df-8a51-c6e56c1cb934,species,Plantae,"",Nymphaea rubra,1,t0054594,accepted
30c1ff04-9201-42fe-a3e1-241162bd01ac,species,Plantae,"",Nuphar pumila,1,t0054592,accepted
92d7a356-670c-41a7-8396-6ce54a01209a,species,Plantae,"",Victoria cruziana,1,t0069785,accepted
04607f6f-10a6-4b06-9b11-363d8d5a8dd7,species,Plantae,"",Kadsura japonica,1,t0054137,accepted
ba45b621-bba2-42c5-bff3-a1096de56ac1,species,Plantae,"",Kadsura philippinensis,1,t0054139,accepted
6ae20281-0a19-46a4-a0d3-58eec2aa639b,species,Plantae,"",Peperomia reflexa,1,t0058715,not-accepted
042f31ef-32d1-4925-b246-4b44fdd7fc81,species,Plantae,"",Peperomia rubrivenosa,1,t0054743,accepted
c924b4fd-cbe0-4a3b-adcd-a8684829082f,species,Plantae,"",Peperomia caperata,1,t0054738,accepted
11a0b100-e1b6-41ef-a31d-f585227c4df3,species,Plantae,"",Peperomia clusiaefolia,1,t0075170,accepted
13511087-4f74-45b6-91fb-c5a016fac982,species,Plantae,"",Peperomia cubensis,1,t0075172,accepted
27e077ee-9bc4-40e7-ab7b-6ad049cecb94,species,Plantae,"",Peperomia glabella,1,t0075174,accepted
2c40992d-9c09-40e7-9a68-98e8b374ff9e,species,Plantae,"",Peperomia griseo-argentea,1,t0075175,accepted
7f6c7648-65ea-4400-94a9-bdbd9801c281,species,Plantae,"",Peperomia incana,1,t0075176,accepted
3769fac3-78b9-484d-b0c2-21f610a7ef93,species,Plantae,"",Peperomia orba,1,t0075178,accepted
fde9e5a3-478e-4dfe-8c97-cc772d005295,species,Plantae,"",Peperomia sandersii,1,t0054744,accepted
79c54f6e-45b6-49f4-8bc1-1770872305c9,species,Plantae,"",Peperomia verticillata,1,t0075181,accepted
2da1e789-4d99-42fc-8398-3d4094110dd8,species,Plantae,"",Piper betle,1,t0054844,accepted
50a9d18c-3514-4a81-bac1-087e2c5757d2,species,Plantae,"",Piper kawakamii,1,t0054846,accepted
31d30a9d-803f-4bcb-bfc9-00d33fb7093b,species,Plantae,"",Piper kwashoense,1,t0054847,accepted
2170fdda-2909-4e75-a016-445762321b0b,species,Plantae,"",Piper taiwanense,1,t0054850,accepted
c424e322-7472-40ef-a4c6-0f8c616a7acf,species,Plantae,"",Piper umbellatum,1,t0054851,accepted
40279b72-2f09-433f-bb8e-583f4d1d3763,species,Plantae,"",Piper cubeba,1,t0075323,accepted
6a71344a-604f-4ea6-b5cf-fac2ec1524df,species,Plantae,"",Aristolochia cucurbitifolia,1,t0052623,not-accepted
1f888440-3376-483f-a5a6-5d64d5f601d0,species,Plantae,"",Aristolochia zollingeriana,1,t0040254,accepted
702d4ae1-0992-43a6-b452-ca0997f8736a,species,Plantae,"",Aristolochia yujungiana,1,t0061043,not-accepted
0522fa7f-8ff4-477d-8c21-ad0c95898b9b,species,Plantae,"",Aristolochia debilis,1,t0061039,accepted
2c7f88d7-2d17-4c5a-9a48-124434019052,species,Plantae,"",Aristolochia palmata,1,t0052623,not-accepted
40e73645-4a90-4e0a-9e63-53d0b5b469ea,species,Plantae,"",Aristolochia tagala,1,t0040254,misapplied
03089cbc-9fab-49b0-ba2b-bec8e484e413,species,Plantae,"",Asarum ampulliflorum,1,t0061059,accepted
ebede018-867c-41ed-90eb-eef29da00fa6,species,Plantae,"",Asarum crassusepalum,1,t0052644,not-accepted
4590d586-2174-4b0e-af29-51f4930fcd47,species,Plantae,"",Asarum epigynum,1,t0052645,accepted
b768cf56-8ee3-4757-8bdb-7ab96a577c4b,species,Plantae,"",Asarum macranthum,1,t0040283,accepted
cf857b60-4215-4cd4-b2a6-bf175f42ad1a,species,Plantae,"",Asarum villisepalum,1,t0052650,accepted
9908d9e8-3760-410f-bd2d-45a921a6b1f6,species,Plantae,"",Asarum satsumense,1,t0052647,accepted
c4361dfe-105b-4084-a07c-2b96d056eeac,species,Plantae,"",Asarum yaeyamense,1,t0052651,accepted
00236717-6ef7-41c9-8886-f92d7b1e75c6,species,Plantae,"",Asarum blumei,1,t0052642,accepted
858aea91-5cca-42a9-ac19-1184fcf14984,species,Plantae,"",Myristica fragrans,1,t0074875,accepted
150809b3-6790-425f-94ec-8a3dd5b77df8,species,Plantae,"",Magnolia kachirachirai,1,t0058498,accepted
db0ffa8c-4e13-4c83-a106-3b8122b22998,species,Plantae,"",Magnolia liliiflora,1,t0074697,accepted
fc44a062-ae75-4731-a3fa-746947f51f2e,species,Plantae,"",Michelia compressa,1,t0100565,not-accepted
16a78a0a-45b9-4306-84fc-fe3fa0f11ac4,species,Plantae,"",Michelia alba,1,t0054450,not-accepted
a9e419aa-89ac-4b9c-a915-ff966a6c85a1,species,Plantae,"",Michelia champaca,1,t0046174,not-accepted
119301ba-29c7-4d47-bb71-d68b91dd62ca,species,Plantae,"",Michelia figo,1,t0054451,not-accepted
db04876e-a0e3-474e-b716-cb4839625cb0,species,Plantae,"",Michelia fuscata,1,t0054451,not-accepted
51a90136-0c0b-4f64-ad3e-fadfca88f1f1,species,Plantae,"",Liriodendron tulipifera,1,t0074603,accepted
bf944cb3-0852-48f5-980b-f7dbaaf69c04,species,Plantae,"",Fissistigma oldhamii,1,t0053719,accepted
ea18ab28-1301-4fde-8595-5a86dd550833,species,Plantae,"",Fissistigma maclurei,1,t0073994,accepted
147d21f8-1d2a-43a9-844f-a770256ee0c4,species,Plantae,"",Fissistigma hypoglaucum,1,t0057417,accepted
cbf65626-caf9-4dc8-b9bc-d434a0a4dc50,species,Plantae,"",Goniothalamus chinensis,1,t0074148,accepted
19aab863-5c8e-40b4-93af-d1f23ff0f948,species,Plantae,"",Monoon liukiuense,1,t0054909,not-accepted
9972f831-0a6a-40d8-ac30-6c55b5dbc44d,species,Plantae,"",Monoon longifolium,1,t0075437,not-accepted
d923968a-e27d-4a12-a481-36cfddbe8888,species,Plantae,"",Annona cherimola,1,t0060980,accepted
2ca3a478-f040-4fa3-ac5c-601037f5889e,species,Plantae,"",Annona reticulata,1,t0040178,accepted
d6b0e904-c8fb-4831-b5c7-382ed408ed03,species,Plantae,"",Annona squamosa,1,t0040179,accepted
9afdc0fd-71bb-4862-a825-142dd55d5363,species,Plantae,"",Rollinia mucosa,1,t0055108,accepted
c04ad662-e9c2-4334-9fef-0c496b73b75e,species,Plantae,"",Hernandia nymphaeifolia,1,t0058000,not-accepted
bd5b2345-2175-4efd-b72a-8431f110e2e2,species,Plantae,"",Cinnamomum austrosinense,1,t0053003,accepted
968d9327-4e0f-4204-9448-7c1ec2a31b0a,species,Plantae,"",Cinnamomum kotoense,1,t0053006,accepted
c1593ac7-3154-4db9-b98a-bb6f2db066c8,species,Plantae,"",Camphora micrantha,1,t0040593,accepted
7827e1a0-1330-47af-8602-d86af5aec07d,species,Plantae,"",Cinnamomum subavenium,1,t0053010,accepted
54a2d206-a526-4327-9275-fe452c9a0370,species,Plantae,"",Cinnamomum tenuifolium,1,t0073253,accepted
dc98ecad-b083-4f14-81a1-f36aa47d8f9f,species,Plantae,"",Cinnamomum verum,1,t0053011,accepted
5769159f-0e46-4a40-9e3d-70ce2bf0cf8c,species,Plantae,"",Cryptocarya elliptifolia,1,t0053190,accepted
82cf8f56-491a-43cb-9f46-2146106615d2,species,Plantae,"",Dehaasia incrassata,1,t0053308,accepted
65374086-67b6-4830-bf8c-97a909d44288,species,Plantae,"",Lindera megaphylla,1,t0054246,accepted
f84f1e91-fd3e-4a85-ad06-02dce65a1ae4,species,Plantae,"",Litsea acuminata,1,t0074608,accepted
9bbc0f3d-b358-4db6-ad8d-70ceb7ba1a1f,species,Plantae,"",Litsea coreana,1,t0054295,accepted
a7348813-fff4-4812-ade1-cb7c83d6624c,species,Plantae,"",Litsea cubeba,1,t0074609,accepted
63088cb2-602b-4bcf-a5f7-b86ecffc4ba6,species,Plantae,"",Litsea hypophaea,1,t0054298,accepted
b13ef132-e828-428e-b4bf-b3465d30a6bf,species,Plantae,"",Litsea lii,1,t0054299,accepted
2c7cd9e6-55e3-48c9-a6e8-42e550deee5a,species,Plantae,"",Litsea rotundifolia,1,t0074612,accepted
f5a75830-45a8-4c5d-b9dc-d165de60e6f8,species,Plantae,"",Litsea glutinosa,1,t0054297,accepted
dfd821b5-73d8-40fc-9d42-4098c09e31e5,species,Plantae,"",Litsea perrottetii,1,t0074611,accepted
e2858029-ca28-40b6-ab06-678b8f57cf49,species,Plantae,"",Machilus konishii,1,t0054365,accepted
e540b1b3-77cd-41f9-a207-737259c577d3,species,Plantae,"",Machilus kusanoi,1,t0054366,not-accepted
185de203-e310-497c-be86-a54d1fb1706c,species,Plantae,"",Machilus mushaensis,1,t0054367,not-accepted
63f71126-e5e7-43a1-8112-c696fc1b13f6,species,Plantae,"",Machilus thunbergii,1,t0054368,accepted
f2a562fd-038e-4a69-a6c9-8fe3a6e20804,species,Plantae,"",Neolitsea acuminatissima,1,t0054546,accepted
b40d5384-bf70-4dc5-ba06-79b874b7b51e,species,Plantae,"",Neolitsea buisanensis,1,t0054547,accepted
f563a7a4-51ee-4c52-823a-5623354999a0,species,Plantae,"",Neolitsea sericea,1,t0054552,accepted
87c7f5bd-7f79-4639-b26b-d277f9a92acc,species,Plantae,"",Neolitsea villosa,1,t0054553,accepted
a43b77e7-2f37-4f38-8bca-cbd10d7e59ea,species,Plantae,"",Phoebe formosana,1,t0054781,accepted
c9921849-72c7-4970-a892-10ded736537d,species,Plantae,"",Phoebe sheareri,1,t0100832,accepted
19dfb3ec-96f0-4ab2-ab69-504424f22487,species,Plantae,"",Sassafras randaiense,1,t0055229,accepted
9684fa6b-f662-4618-b8a3-18a7e33e61e9,species,Plantae,"",Sassafras tzumu,1,t0075749,accepted
43664624-c69c-4804-af55-47dc2f096278,species,Plantae,"",Sassafras albidum,1,t0134569,accepted
c0d58aa2-5e8b-44b0-bab6-9e3674673c95,species,Plantae,"",Persea americana,1,t0054753,accepted
4f710d8b-7832-457b-8095-553f23dfeaf9,species,Plantae,"",Chloranthus henryi,1,t0052978,accepted
f23545d6-1be5-490b-b3f2-28ffd0cb3f61,species,Plantae,"",Chloranthus spicatus,1,t0073208,accepted
1a43bb49-39a3-4b69-a165-2e65ef3804fe,species,Plantae,"",Chloranthus serratus,1,t0052979,not-accepted
bf6be5de-9f3d-4e52-a574-b015c63fbe27,species,Plantae,"",Aglaonema commutatum,1,t0099291,accepted
7ef8361a-9f23-49e0-be39-26fce81cf54c,species,Plantae,"",Aglaonema nitidum,1,t0060879,accepted
bcbc2485-acdd-4147-9432-5c9fbd7bd082,species,Plantae,"",Aglaonema pictum,1,t0060880,accepted
610f8ecb-ef94-4386-964c-eeca25747292,species,Plantae,"",Aglaonema siamense,1,t0060882,accepted
fb6a1128-a7b9-4b33-acc0-8a2c39b32750,species,Plantae,"",Alocasia cucullata,1,t0033701,accepted
8a98c839-fd85-4851-bc9e-0c5d533c7d1e,species,Plantae,"",Alocasia odora,1,t0033703,accepted
9c15ecb6-a440-44d7-9f8b-623486a1bd18,species,Plantae,"",Alocasia plumbea,1,t0033702,not-accepted
b7909538-b412-40d4-9a50-7ed7a08af344,species,Plantae,"",Alocasia indica,1,t0099318,accepted
4300a887-b5b0-4d23-8bf7-438c6d0637d1,species,Plantae,"",Alocasia korthalsii,1,t0060908,accepted
e8a621b4-afb5-4115-a9b2-293c787dcb1b,species,Plantae,"",Alocasia putzeysi,1,t0060910,accepted
26ee5cf9-722c-428b-bc1c-565e3df79de9,species,Plantae,"",Alocasia wentii,1,t0060914,accepted
c6de7f1c-a994-46b1-aa09-ec254ca75281,species,Plantae,"",Amorphophallus henryi,1,t0040148,accepted
d8e6d72c-8cfe-458d-a5ce-2aa55c441f06,species,Plantae,"",Amorphophallus gigantiflorus,1,t0040150,not-accepted
c0ada0fe-4590-4fb1-b1d4-3d43c2c63294,species,Plantae,"",Amorphophallus konjac,1,t0052588,accepted
21ef5d0e-9c11-4b4d-bf5e-9dcb5574f966,species,Plantae,"",Amorphophallus niimurai,1,t0040148,not-accepted
e9cb9e7e-7ea9-4374-9e7f-09b090ba5f8f,species,Plantae,"",Anthurium crystallinum,1,t0060988,accepted
1dbe8b27-9145-4096-90a0-4c1152bb2d94,species,Plantae,"",Anthurium scherzerianum,1,t0060992,accepted
7b49ed85-c6a4-4c27-9480-d6db5cdbea8d,species,Plantae,"",Anthurium subsignatum,1,t0060993,accepted
7026ad9a-bf26-4dbf-8fbb-653cfd00a50e,species,Plantae,"",Anthurium warocqueanum,1,t0060995,accepted
78d8bbc3-a896-4b67-87ba-64c49183696a,species,Plantae,"",Anthurium ferrierense,1,t0060989,accepted
fa08bb6e-af78-4299-a493-12ab97a50378,species,Plantae,"",Anthurium mariae,1,t0060990,accepted
251e11ad-654a-40ae-b239-50e019d16d7f,species,Plantae,"",Arisaema grapsospadix,1,t0040249,accepted
7252f12b-af35-4ef7-bc6f-4d268d1300a5,species,Plantae,"",Arisaema heterophyllum,1,t0040250,accepted
56d00015-9142-40f0-b555-0e8cca2fafbf,species,Plantae,"",Arisaema matsudae,1,t0040251,accepted
65338c34-fba5-41c4-9d6d-48c41048deec,species,Plantae,"",Arisaema nanjenense,1,t0052621,accepted
1c05a243-bf84-4805-8f82-8a4209ab41b2,species,Plantae,"",Arisaema thunbergii,1,t0099367,accepted
6b9233ba-e9ef-49b3-82f0-cab1da39936b,species,Plantae,"",Arisaema kelung-insularis,1,t0040247,not-accepted
b8685e34-bd17-41a1-9717-7ee89091c20a,species,Plantae,"",Caladium humboldtii,1,t0072956,accepted
8acc3c7b-ff99-434d-b1a1-25432a62d4ea,species,Plantae,"",Caladium picturatum,1,t0072957,accepted
9f20795a-ee6c-4460-912f-f1b548c01d0f,species,Plantae,"",Colocasia gigantea,1,t0053092,accepted
16663b12-3aae-4f92-aa8d-3ed07450c283,species,Plantae,"",Dieffenbachia amoena,1,t0073695,accepted
6259ea17-bce9-44fc-af47-fc81e3ace2ff,species,Plantae,"",Dieffenbachia pittieri,1,t0073699,accepted
0a60462a-f16b-4526-b226-eca2880dfd67,species,Plantae,"",Dieffenbachia seguine,1,t0129045,accepted
15f122c1-d94e-4b4a-83ac-32ca53fa5dfb,species,Plantae,"",Dieffenbachia memoria-corsii,1,t0073698,accepted
dda5ac86-58a4-4319-8a7c-ec06e995e780,species,Plantae,"",Epipremnum pinnatum,1,t0053549,accepted
7e8fc661-e465-4941-b350-fc39fab414eb,species,Plantae,"",Epipremnum formosanum,1,t0053548,accepted
6a1354f2-6f5c-4c6d-9f83-e7719770dfb2,species,Plantae,"",Homalomena philippinensis,1,t0053947,accepted
37308261-70e3-4d40-9cde-265ce85d9704,species,Plantae,"",Homalomena kelungensis,1,t0053946,accepted
a3c93d6f-ce88-46e1-b6ea-9051f7328aac,species,Plantae,"",Homalomena rubescens,1,t0058022,accepted
0dbf80b4-33a7-4c47-87bd-c2b428b361bd,species,Plantae,"",Landoltia punctata,1,t0055440,accepted
d5fe5151-6d90-47e8-b20c-ef9ca83ebed9,species,Plantae,"",Lemna trisulca,1,t0054198,accepted
e038e598-0697-484a-9aa1-5a359cdd5f5c,species,Plantae,"",Lysichiton camtschatense,1,t0074672,accepted
fc980fe1-93b4-474b-bf73-2de594a50d98,species,Plantae,"",Monstera friedrichsthalii,1,t0074845,accepted
8d71e57f-d6b4-4f79-abcd-8b8b743f9edb,species,Plantae,"",Monstera standleyana,1,t0074847,accepted
bf8c3e9d-4053-412f-8388-9154137f0a33,species,Plantae,"",Philodendron grazielae,1,t0054772,accepted
fb1c70a7-b9e8-4c88-8ab4-c49083a32a26,species,Plantae,"",Philodendron laciniatum,1,t0054773,accepted
a153bfe1-ec64-408f-909d-72a5d8e1008b,species,Plantae,"",Philodendron martianum,1,t0054774,accepted
fe563971-569b-4054-80d1-f63ef6f1d829,species,Plantae,"",Philodendron melinonii,1,t0054775,accepted
95db3d08-9604-453f-94cf-863dc0fb59ba,species,Plantae,"",Philodendron selloum,1,t0075251,accepted
4fa6f2ca-ccd4-4032-96d7-c0433ba43a29,species,Plantae,"",Philodendron andreanum,1,t0075236,accepted
ee306c84-f957-4b1f-b83f-0749c73167df,species,Plantae,"",Philodendron bipennifolium,1,t0075238,accepted
0d2ac028-b4d4-4c2b-8d79-155763a6c7b7,species,Plantae,"",Philodendron erubescens,1,t0075243,accepted
8f17a16f-45e4-4f15-8c4b-bb09eb01e388,species,Plantae,"",Philodendron fragrans,1,t0075245,accepted
a99bc18e-3162-4749-80fa-f688d8535fd5,species,Plantae,"",Philodendron gloriosum,1,t0075246,accepted
70cbf753-7808-4f2c-b385-fa0b40d9537e,species,Plantae,"",Philodendron sanguineum,1,t0054776,accepted
bd0c055d-5bb3-4a4b-a0f5-62f665ab4d4b,species,Plantae,"",Philodendron hederaceum,1,t0054777,accepted
415827b6-2165-470c-a451-142cc68ab71b,species,Plantae,"",Philodendron verrucosum,1,t0075258,accepted
9e625418-9479-4aa8-8f4d-5bc1aad99d89,species,Plantae,"",Philodendron rubrum,1,t0075250,accepted
10bdcc7c-af28-4d50-8c20-108d3dd69794,species,Plantae,"",Philodendron tuxmog,1,t0075256,accepted
1108533b-e861-47a5-a3d2-384374f27292,species,Plantae,"",Pinellia ternata,1,t0054837,accepted
5abdd363-d46b-4c2b-9e02-d6d2de084cfe,species,Plantae,"",Pinellia pedatisecta,1,t0075290,accepted
14a72b5d-934d-424f-bba0-306e380c13fb,species,Plantae,"",Pothoidium lobbianum,1,t0054950,accepted
76f045b8-ac1a-4bbd-9faf-0ce314e33af6,species,Plantae,"",Pothos chinensis,1,t0054951,accepted
86b97055-c7ed-457e-b846-2617cade1288,species,Plantae,"",Remusatia vivipara,1,t0055052,accepted
36e693b0-8538-4386-817b-04efe13cfb72,species,Plantae,"",Remusatia yunnanensis,1,t0055053,accepted
011c05aa-e665-4915-9282-aca1c851831e,species,Plantae,"",Rhaphidophora hongkongensis,1,t0055061,accepted
b9becf85-7738-4775-aaba-19b21e35ac5c,species,Plantae,"",Rhaphidophora liukiuensis,1,t0055062,accepted
46a9a787-1fce-4338-b7a5-55f83135e244,species,Plantae,"",Rhaphidophora korthalsii,1,t0134051,accepted
53016697-5d50-4d82-b72b-2d80c3d62d9a,species,Plantae,"",Rhaphidophora perkinsiae,1,t0055062,misapplied
2db07d7f-124d-40f1-bc61-305fb89fe3b3,species,Plantae,"",Scindapsus hederaceus,1,t0075850,accepted
4c949f4d-6279-4942-9def-191f0d268bd5,species,Plantae,"",Spathiphyllum floribundum,1,t0075950,accepted
66102be7-9a8a-4da2-87f9-c14d05e2041e,species,Plantae,"",Symplocarpus foetidus,1,t0069495,accepted
b26d509b-29c1-4402-aa43-c4e4cdd070f7,species,Plantae,"",Syngonium wendlandii,1,t0055519,accepted
ac71e60e-b0d6-4d77-8850-65de9df07461,species,Plantae,"",Syngonium macrophyllum,1,t0069503,accepted
0753b178-4b68-4ab5-8702-dee0e2679552,species,Plantae,"",Syngonium mauroanum,1,t0069504,accepted
53e6d46e-13ea-46f5-af84-f05747edb1c3,species,Plantae,"",Typhonium roxburghii,1,t0055702,accepted
e2c67215-c9d1-4771-a2d1-4890db8fd68c,species,Plantae,"",Wolffia arrhiza,1,t0049351,misapplied
67cefe07-5436-4d14-851d-410c55980e63,species,Plantae,"",Wolffia microscopica,1,t0049351,misapplied
ac6837b3-d426-4062-b606-c48ff45d620d,species,Plantae,"",Xanthosoma sagittifolium,1,t0049354,accepted
8195618e-b15f-4a9f-b9e0-3e94c77d5537,species,Plantae,"",Xanthosoma violaceum,1,t0049355,accepted
366193c6-4d43-40e5-b4a9-da0b9bc8f87a,species,Plantae,"",Zantedeschia rehmannii,1,t0049370,accepted
c6438efe-4c48-429f-b583-569abe7de8bd,species,Plantae,"",Lasia spinosa,1,t0054171,accepted
e9f4d3bc-1c3c-4d31-a1e0-54eed871eaf1,species,Plantae,"",Alisma canaliculatum,1,t0033690,accepted
a493867e-7af1-452b-8786-26849ba3cf3d,species,Plantae,"",Caldesia grandis,1,t0052770,accepted
c11559a1-499f-4214-9141-92b19e50ae63,species,Plantae,"",Aquarius cordifolius,1,t0046170,not-accepted
e57e697b-0f9b-42b8-b6ce-7ec576a58aa8,species,Plantae,"",Hydrocleys nymphoides,1,t0053963,accepted
7c46a498-52e5-42f0-aff2-2998a5234bfb,species,Plantae,"",Sagittaria guayanensis,1,t0100390,accepted
863f574d-fe87-4f99-808e-8b3b2837604e,species,Plantae,"",Sagittaria trifolia,1,t0046157,accepted
1215f648-2fa8-421a-9059-df2285f780b5,species,Plantae,"",Sagittaria montevidensis,1,t0055190,accepted
1bed5fa7-a445-426c-a683-e47e57f68510,species,Plantae,"",Limnocharis flava,1,t0046171,accepted
a12a7f35-5d2d-4073-86c7-c91b63cb7f42,species,Plantae,"",Blyxa echinosperma,1,t0040394,accepted
5306509a-671d-4083-9b20-5c036192a4e1,species,Plantae,"",Blyxa laevissima,1,t0040395,not-accepted
19d7f403-df34-483b-9d16-1fc121d96218,species,Plantae,"",Egeria densa,1,t0053474,accepted
1edbc463-dbef-4489-b6ae-023374d0fd37,species,Plantae,"",Hydrilla verticillata,1,t0053961,accepted
f0e56680-47c8-4244-8316-bdfd5193e937,species,Plantae,"",Hydrocharis dubia,1,t0053962,accepted
1dd1075b-f299-421b-a3bc-cae4931f96f8,species,Plantae,"",Najas indica,1,t0054534,accepted
108509a0-92e5-4e20-871e-604904309ac6,species,Plantae,"",Najas minor,1,t0054536,accepted
fd5bfc95-2872-48b5-bac0-f0004cc6c803,species,Plantae,"",Vallisneria spiralis,1,t0049253,accepted
c29536af-290c-48e2-b831-e11481143701,species,Plantae,"",Elodea canadensis,1,t0099576,accepted
2348bfd0-13d2-40d2-a7c9-287600540ff8,species,Plantae,"",Zostera japonica,1,t0049405,accepted
7cca1cc1-5fbf-48b3-bd8a-91623858d0de,species,Plantae,"",Potamogeton malaianus,1,t0054940,accepted
1a600bf8-e69c-49d6-be59-7997736b07dd,species,Plantae,"",Potamogeton octandrus,1,t0054941,accepted
e4dde9d6-d37f-41dc-911a-c9660cbabdb5,species,Plantae,"",Potamogeton oxyphyllus,1,t0054942,accepted
f2aecc46-acc7-49e9-98b2-9c4a0cc5396e,species,Plantae,"",Potamogeton pectinatus,1,t0055478,not-accepted
b551c136-0d36-4e31-9695-0091c6a87899,species,Plantae,"",Halodule uninervis,1,t0057979,accepted
e91bd5bb-3ba3-40a8-93d7-ed78d8a845ec,species,Plantae,"",Syringodium isoetifolium,1,t0069507,accepted
e1b43b22-4deb-4692-ba08-91d5738f3511,species,Plantae,"",Petrosavia sakuraii,1,t0054759,accepted
14cb4530-4adf-4909-9edc-ad2cd81c8e67,species,Plantae,"",Burmannia championii,1,t0040517,accepted
c7c58596-7a30-4450-9c0d-911f59392d6d,species,Plantae,"",Burmannia liukiuensis,1,t0040520,accepted
0652fe15-45a8-4c17-8c5e-5f70d6d0970b,species,Plantae,"",Thismia huangii,1,t0055591,accepted
672ac322-6eee-499e-b670-f849bc1554e6,species,Plantae,"",Dioscorea alata,1,t0053399,accepted
3cec269f-9f27-41ba-9491-fc451efd3595,species,Plantae,"",Dioscorea batatas,1,t0053400,accepted
d13f50d4-ee30-4988-88a5-c5900753455e,species,Plantae,"",Dioscorea benthamii,1,t0053401,accepted
aae7306f-165a-4d60-a0e0-0b90fe60747c,species,Plantae,"",Dioscorea cirrhosa,1,t0053412,not-accepted
c6bfcf04-85ae-4000-b775-5c334817ec73,species,Plantae,"",Dioscorea cumingii,1,t0053405,accepted
76baf3da-9068-4ccd-b375-d48fc315d04f,species,Plantae,"",Dioscorea esculenta,1,t0057249,accepted
0c8658e4-104d-4a9d-9aeb-a549e6a53776,species,Plantae,"",Dioscorea hispida,1,t0053410,accepted
b25bc58d-f78d-4286-adea-29b187126c0d,species,Plantae,"",Dioscorea japonica,1,t0073709,accepted
fc0e359d-8e66-48be-b1bc-164c66bd0a89,species,Plantae,"",Dioscorea persimilis,1,t0053413,accepted
5debf56d-3662-4038-a730-a388761f377c,species,Plantae,"",Dioscorea flabellifolia,1,t0053407,accepted
7b398ee6-6de3-49a4-9fa3-73f1eaccbea8,species,Plantae,"",Dioscorea formosana,1,t0053408,accepted
4da8e3ee-90cc-480e-bbb9-e1ec2f0d24b9,species,Plantae,"",Tacca chantieri,1,t0069520,accepted
a6416ec2-c527-452d-8040-9137171fae96,species,Plantae,"",Sciaphila maculata,1,t0055259,accepted
6e21251d-b7af-48c8-a865-93d23523e45d,species,Plantae,"",Stemona tuberosa,1,t0055459,accepted
d1f6710a-2e29-4bee-b70d-420daaee4f11,species,Plantae,"",Freycinetia williamsii,1,t0053735,misapplied
9d19d4b6-ef5f-48c3-905e-67c9fabdccb7,species,Plantae,"",Pandanus odorifer,1,t0058682,accepted
aeea0604-2020-4e2c-863e-4aa009dde53e,species,Plantae,"",Pandanus boninensis,1,t0075073,accepted
f9e06f26-ce1d-4367-8272-52822cd04167,species,Plantae,"",Pandanus pygmaeus,1,t0075075,accepted
6fa03d45-917c-4ce8-8285-d741074222b5,species,Plantae,"",Heloniopsis umbellata,1,t0057997,not-accepted
569aac0e-23cd-4598-85ec-48c944fd3888,species,Plantae,"",Paris fargesii,1,t0058695,accepted
621a364b-51fe-4dbe-b3e7-b4aaade95651,species,Plantae,"",Paris polyphylla,1,t0054699,accepted
b59a8c38-09d6-4ad5-937b-221340a4c2a6,species,Plantae,"",Paris verticillata,1,t0075125,accepted
04513f56-1416-477c-b4a2-ee04e9b4a72f,species,Plantae,"",Veratrum formosanum,1,t0049261,accepted
0ef3ca92-4400-4e73-ba28-faaf833c88a0,species,Plantae,"",Veratrum shuehshanarum,1,t0057476,accepted
da2f52a6-ec79-44c7-9cb7-b174bff098da,species,Plantae,"",Alstroemeria aurantiaca,1,t0040129,accepted
e26c3138-b7b5-4594-a770-796addbe951b,species,Plantae,"",Disporum kawakamii,1,t0053434,accepted
d104a19a-a0a0-4393-956c-83f65b04e84d,species,Plantae,"",Disporum nantouense,1,t0053435,not-accepted
ba84ff4f-bcd2-44c2-a098-e1dd5b57bd40,species,Plantae,"",Disporum sessile,1,t0099551,accepted
966c5aa3-edbf-4b88-b84f-dbdd0cc8878c,species,Plantae,"",Disporum taiwanense,1,t0053434,not-accepted
d121509a-b9ef-454f-8384-c15f15810985,species,Plantae,"",Disporum pullum,1,t0053434,misapplied
4f2ce81f-ed23-463b-9d8f-cbb572edb99e,species,Plantae,"",Disporum cantoniense,1,t0129195,accepted
1f43d7c9-37c5-43da-bece-232bac2be5af,species,Plantae,"",Smilax bracteata,1,t0075922,accepted
111848ec-38e9-4a76-ab3e-a33eaa278d41,species,Plantae,"",Smilax lanceifolia,1,t0055369,accepted
9301c1dc-c9c2-4a70-b63c-42c0b3f135fb,species,Plantae,"",Smilax luei,1,t0055370,accepted
e5d58924-163e-4599-9f88-83ce405f1a21,species,Plantae,"",Smilax menispermoidea,1,t0055371,accepted
2762aada-e14b-46be-b049-66b5b047bfb3,species,Plantae,"",Smilax nantoensis,1,t0055372,accepted
94b7248d-b933-4363-a309-bdb110ea2952,species,Plantae,"",Smilax ocreata,1,t0055374,accepted
3f6c98e0-c058-4f77-90ef-4dd48807b56c,species,Plantae,"",Smilax planipedunculata,1,t0055361,not-accepted
e198226b-8608-4add-b52c-c2935f032399,species,Plantae,"",Smilax sieboldii,1,t0055377,accepted
1904f5c0-ce77-4699-9a64-a35b64b19df9,species,Plantae,"",Smilax vaginata,1,t0055378,accepted
541b7ca2-d5e4-4026-ac5f-74fada5a61eb,species,Plantae,"",Smilax septemnervia,1,t0058264,not-accepted
b054d28d-688d-4163-8cdf-eb7950f8bcbd,species,Plantae,"",Smilax glauco-china,1,t0058263,misapplied
b9cfa091-71c9-4ad5-8347-9cc90b9829a3,species,Plantae,"",Smilax megacarpa,1,t0075925,accepted
a9d1bf8e-3918-4802-aaec-9930e1e52b5e,species,Plantae,"",Lilium speciosum,1,t0100387,accepted
9d497e60-c5fa-41e3-a222-cd0393500dfc,species,Plantae,"",Lilium henryi,1,t0074589,accepted
efba3f33-e7b3-4096-803d-6d05dd2173e7,species,Plantae,"",Lilium lancifolium,1,t0131385,accepted
14428d66-c22e-4ece-9fc1-65de1c112d14,species,Plantae,"",Lilium elegans,1,t0074587,accepted
f99248c1-c9f2-486a-a8a8-d191f50ef153,species,Plantae,"",Lilium philippinense,1,t0100386,accepted
b3089b7b-73c0-429a-b9d0-4b2321ce1532,species,Plantae,"",Lilium japonicum,1,t0100385,accepted
331a0ba1-a82a-44ba-a9c7-69c6fd12473a,species,Plantae,"",Tricyrtis ravenii,1,t0055655,accepted
c9a1331e-3388-420c-a3d5-40d5fd355d23,species,Plantae,"",Erythronium japonicum,1,t0073866,accepted
2618a271-fcb8-411c-a5ac-3eb07a368b82,species,Plantae,"",Acampe rigida,1,t0033560,not-accepted
71186af4-ba42-4111-aa78-6c0ac7b30345,species,Plantae,"",Acanthephippium pictum,1,t0060785,not-accepted
ee7fef9a-f49c-42b3-9af3-0a034c34dad1,species,Plantae,"",Acanthephippium striatum,1,t0033561,not-accepted
73b878f2-e23f-48bb-8da9-46270b02b300,species,Plantae,"",Acanthephippium sylhetense,1,t0033562,not-accepted
a13e53a2-4b7c-4114-83c9-7e207f0b6594,species,Plantae,"",Agrostophyllum formosanum,1,t0033658,accepted
75a0a7bd-703b-4542-9f75-f67c8229e581,species,Plantae,"",Androcorys pusillus,1,t0040164,accepted
088491d3-0efc-4509-b8c3-87e5ff2f6d43,species,Plantae,"",Ania penangiana,1,t0055548,accepted
445fbb45-7590-4f4b-994f-321bc17554e3,species,Plantae,"",Anoectochilus koshunensis,1,t0052598,accepted
edb70c85-f6c4-4040-bdc1-a94858649bea,species,Plantae,"",Aphyllorchis montana,1,t0040206,accepted
69a6eb09-6498-4213-b378-76edbfad08aa,species,Plantae,"",Aphyllorchis simplex,1,t0052603,accepted
a0e7b88a-35f7-49c7-bf04-e2629c9d7673,species,Plantae,"",Appendicula fenixii,1,t0040209,accepted
433ef831-15ed-4731-bc52-cbc34a0697d1,species,Plantae,"",Appendicula lucbanensis,1,t0061007,accepted
b9dcf3cb-13bc-4198-aeda-7db4481ae8c9,species,Plantae,"",Arundina graminifolia,1,t0040272,accepted
ab613fc5-6e5c-4e83-b193-2a83af81509d,species,Plantae,"",Bletilla formosana,1,t0040387,accepted
944e6002-db03-44e4-97b0-0e36f792e42e,species,Plantae,"",Brachycorythis galeandra,1,t0040427,accepted
e6d9bcba-6cb9-41df-82f5-952aaadf1c64,species,Plantae,"",Brachycorythis helferi,1,t0103327,accepted
b69760dc-e3bd-498d-933f-2bc21f0db9c8,species,Plantae,"",Bulbophyllum affine,1,t0040492,accepted
c529efa0-aaf3-4be4-ac95-54f1c76addd9,species,Plantae,"",Bulbophyllum aureolabellum,1,t0040495,accepted
4228e809-e0e5-488e-87a2-3329705b5861,species,Plantae,"",Bulbophyllum brevipedunculatum,1,t0052756,not-accepted
51e9e5e5-a95d-4aaa-a47e-c4ad2ea9075c,species,Plantae,"",Bulbophyllum ciliisepalum,1,t0052757,accepted
4c2c4075-0d51-4e98-914c-a46353101610,species,Plantae,"",Bulbophyllum confragosum,1,t0052758,accepted
32a678b3-5916-4779-9329-3887b2a0e50d,species,Plantae,"",Bulbophyllum fimbriperianthium,1,t0052759,accepted
e4954cb1-9d84-4f39-bea3-bcc10bd7ba8c,species,Plantae,"",Bulbophyllum flaviflorum,1,t0072941,accepted
a8a3e1b6-4487-4dab-b991-d994fc05c42a,species,Plantae,"",Bulbophyllum griffithii,1,t0040499,accepted
0d53b8ab-276c-479e-90bb-24af5d02e76b,species,Plantae,"",Bulbophyllum hirundinis,1,t0040502,accepted
392dee29-b3a9-4449-9c80-9f0bd2ba02ad,species,Plantae,"",Bulbophyllum hymenanthum,1,t0052760,accepted
163f13dd-975e-4589-a822-dcca68c50dc1,species,Plantae,"",Bulbophyllum kuanwuense,1,t0033502,not-accepted
8c93b7c1-4855-4128-856b-5b9807d746b4,species,Plantae,"",Bulbophyllum macraei,1,t0040498,accepted
2c05a670-62ff-4726-8f64-5d97fa4752c5,species,Plantae,"",Bulbophyllum omerandrum,1,t0052761,accepted
8b5e8880-6f71-4441-a5aa-d4c297d974f4,species,Plantae,"",Bulbophyllum pectinatum,1,t0040506,accepted
73d89e22-9993-4289-a1e7-ec06f7d495eb,species,Plantae,"",Bulbophyllum retusiusculum,1,t0040508,accepted
da989e0d-7d7b-47fb-b3e1-d301092f0d71,species,Plantae,"",Bulbophyllum sasakii,1,t0040510,not-accepted
7f36285b-e333-4ac8-9487-b59ee750cab8,species,Plantae,"",Bulbophyllum setaceum,1,t0072943,accepted
ce9d931b-8319-4503-8899-b53c62f44dcb,species,Plantae,"",Bulbophyllum sui,1,t0040497,not-accepted
319bc0f7-eaba-4efd-b128-795216216478,species,Plantae,"",Bulbophyllum weiminianum,1,t0087354,not-accepted
3967f230-63b1-44a7-86f4-1a05775c7edc,species,Plantae,"",Calanthe arcuata,1,t0040540,accepted
82766ce2-17a0-4a64-bb6f-85c929840f66,species,Plantae,"",Calanthe masuca,1,t0040548,accepted
663bd2c2-a7ae-4e3c-ac95-f0829d7f81f9,species,Plantae,"",Calanthe puberula,1,t0040546,accepted
f0fecb14-673f-47d5-b23d-4586c8e2c094,species,Plantae,"",Cattleya aurantiaca,1,t0073079,not-accepted
17d7cac0-ac53-406b-83cf-9b758a8331d2,species,Plantae,"",Cattleya bicolor,1,t0073080,accepted
e3f06836-34ba-452c-b847-5d4b24ad107f,species,Plantae,"",Cattleya guttata,1,t0073082,accepted
0f144d59-2b29-42e5-b0c4-ba16fe6948a5,species,Plantae,"",Cattleya intermedia,1,t0073084,accepted
49e89f3c-b0ac-45ec-b81d-c64deb5c3018,species,Plantae,"",Cattleya labiata,1,t0073085,accepted
3e5731f3-c9b4-4ecb-9a03-3f761159d83e,species,Plantae,"",Cephalanthera alpicola,1,t0052923,not-accepted
51b75b4b-dfe8-42bd-90ed-6332378d62e5,species,Plantae,"",Cephalanthera taiwaniana,1,t0052923,not-accepted
c936cd4b-4e61-4451-9d97-2e078ef5af49,species,Plantae,"",Cephalantheropsis dolichopoda,1,t0058747,not-accepted
98f6338f-fe07-42de-8059-bba14a08015e,species,Plantae,"",Cephalantheropsis halconensis,1,t0052925,not-accepted
6c773830-dc4d-4e75-b10d-0dda339249e2,species,Plantae,"",Cephalantheropsis obcordata,1,t0052927,not-accepted
05036e2a-a8c8-438a-b108-126317856723,species,Plantae,"",Cheirostylis clibborndyeri,1,t0052955,not-accepted
5f283a36-c802-4323-8d22-797352572108,species,Plantae,"",Cheirostylis cochinchinensis,1,t0052956,accepted
4f57a3fa-1209-45f4-8e94-7c9fa5c63a01,species,Plantae,"",Cheirostylis derchiensis,1,t0058780,not-accepted
7b4d8e3c-ccf6-40ce-9ada-5bf65bdee0d8,species,Plantae,"",Cheirostylis liukiuensis,1,t0052957,accepted
1b6b9550-0add-48d7-b43c-5da86dfc622a,species,Plantae,"",Cheirostylis takeoi,1,t0052961,not-accepted
00e3de5a-73c9-47e5-9fa1-3306881800e8,species,Plantae,"",Cheirostylis tortilacinia,1,t0052962,accepted
aad21fc6-ae93-4314-b7ef-08826213e768,species,Plantae,"",Cheirostylis monteiroi,1,t0052956,not-accepted
a1b7f58d-5ce1-4c95-bee3-9596cf98d7c0,species,Plantae,"",Chiloschista segawae,1,t0058782,accepted
6c8d00ac-ec21-4a19-a1cd-95ed1da8e556,species,Plantae,"",Chrysoglossum formosanum,1,t0102090,accepted
3b42711b-7705-4a4d-b02d-a2da8a586ac4,species,Plantae,"",Chrysoglossum ornatum,1,t0052996,accepted
f8c9bcb3-1315-4153-8d08-567ba31800b2,species,Plantae,"",Cleisostoma paniculatum,1,t0053041,accepted
0905d2ba-7b6f-4491-a59d-b7b856d268fc,species,Plantae,"",Cleisostoma uraiense,1,t0053042,not-accepted
c2d63ead-61f5-44f3-ac53-7aa506f133d9,species,Plantae,"",Corybas taliensis,1,t0053125,accepted
89567f14-2521-4783-ae95-5b77bd79ec8a,species,Plantae,"",Crepidium bancanoides,1,t0058874,accepted
5ec20f88-cbc6-413a-b403-89142f94dec8,species,Plantae,"",Crepidium purpureum,1,t0058876,accepted
ebbc6bb4-8b1e-44ae-afb8-027ba455eeeb,species,Plantae,"",Crepidium roohutuense,1,t0073543,not-accepted
a0c62e6b-6336-4475-88f6-519de86fcf10,species,Plantae,"",Cryptostylis taiwaniana,1,t0053194,accepted
9afb34c6-2669-463f-9408-a25422b00e05,species,Plantae,"",Cymbidium floribundum,1,t0053230,accepted
61092b1b-00da-4fb1-8d46-2b4a2beb4fc0,species,Plantae,"",Cymbidium formosanum,1,t0058902,accepted
d64ddbc2-6768-4c4c-a9d5-fa4bf5fc43e2,species,Plantae,"",Cymbidium kanran,1,t0053233,accepted
9c286529-2411-49ac-bc33-2f66570dc9ba,species,Plantae,"",Cymbidium sinense,1,t0053236,accepted
0734d323-fd0a-4d7a-8eda-7026ae885ce2,species,Plantae,"",Cymbidium aloifolium,1,t0053225,accepted
2f2fb3af-b598-4958-9330-a29441d2a8db,species,Plantae,"",Cymbidium babae,1,t0053226,not-accepted
30b40d0c-5527-404d-8025-c11c6d419dfb,species,Plantae,"",Cymbidium gyokuchin,1,t0053228,not-accepted
ca67cd5d-4b9b-4b14-a7bc-e5d730216b81,species,Plantae,"",Cypripedium debile,1,t0053280,accepted
5469d63f-4e94-4d7c-b349-3b0ef4b0b36d,species,Plantae,"",Cypripedium formosanum,1,t0053281,accepted
9e98b49c-1401-42a0-9900-9eba1a1d022b,species,Plantae,"",Cypripedium macranthos,1,t0058914,misapplied
be73fbba-71f0-4d9a-bd6e-efba542249ba,species,Plantae,"",Cypripedium guttatum,1,t0100804,accepted
fa282fb4-9bef-4270-98bf-cd21893995f1,species,Plantae,"",Cyrtosia javanica,1,t0058917,misapplied
2ae65e9c-ee33-4d67-a1d1-760bf6f26fcb,species,Plantae,"",Dactylorhiza viridis,1,t0053289,accepted
d5b8a8a8-c448-4cc4-a3a1-ab306a4fa4c0,species,Plantae,"",Dendrobium catenatum,1,t0053312,not-accepted
6b1e0fe0-5caf-4e48-98bd-bdeba9c522c4,species,Plantae,"",Dendrobium comatum,1,t0053727,accepted
d63cb1d7-2024-4f9c-a98d-d99c1d44f553,species,Plantae,"",Dendrobium falconeri,1,t0053317,accepted
eddadc59-2eb1-43d4-8ff1-255bdd6c13cc,species,Plantae,"",Dendrobium goldschmidtianum,1,t0053320,accepted
f5512d9f-64bf-4acf-b331-d7d52920713f,species,Plantae,"",Dendrobium okinawense,1,t0053325,not-accepted
5fbd49e5-2c03-4ce2-b752-3d4b70baf355,species,Plantae,"",Dendrobium nobile,1,t0073644,accepted
ac891a7b-af7b-45aa-ab7f-eb54d1267be0,species,Plantae,"",Dendrobium parietiforme,1,t0053328,accepted
8de1b57f-bdbe-47b0-8e44-0d8ee53298e1,species,Plantae,"",Dendrobium sanseiense,1,t0053318,not-accepted
aa23e31f-cebf-46c9-bdab-3937309bd1c2,species,Plantae,"",Dendrobium somae,1,t0053329,accepted
4b3eb608-5efc-4056-8449-8806e597760d,species,Plantae,"",Dendrobium xantholeucum,1,t0053330,accepted
ff61c334-829b-4f8b-b4db-f2cf38c90102,species,Plantae,"",Dendrobium phalaenopsis,1,t0069772,not-accepted
47269db3-5067-4bf1-9605-9a1adbb8b3c2,species,Plantae,"",Didymoplexiella siamensis,1,t0053373,accepted
0c8cc7ac-6a4b-4ce7-a09a-aa9668b3aef8,species,Plantae,"",Dienia ophrydis,1,t0057246,not-accepted
8c68172a-77ad-411e-836a-7df63e7a06a1,species,Plantae,"",Dienia shuicae,1,t0057246,not-accepted
31ce67b7-ae9b-40e7-b298-e0d861997340,species,Plantae,"",Diploprora championii,1,t0053430,accepted
632142f0-5bcb-47e8-b006-3ccc4876f635,species,Plantae,"",Disperis neilgherrensis,1,t0053432,accepted
4101a48b-b9ec-4620-9913-57f55f5fc381,species,Plantae,"",Epidendrum atropurpureum,1,t0073842,accepted
05cfb94e-dabc-4d99-92c1-4e75f96d8912,species,Plantae,"",Epidendrum hybridum,1,t0073844,accepted
7a1b9884-cc41-49cf-8a52-053e0ea8ee32,species,Plantae,"",Epipactis helleborine,1,t0073846,accepted
05c43cc4-5d19-441e-87aa-9d84ad43c146,species,Plantae,"",Epipactis ohwii,1,t0057330,accepted
ce73f27c-512b-4c80-a50a-fa0400cb5a4c,species,Plantae,"",Epipactis fascicularis,1,t0073846,not-accepted
d9db12c0-0c9f-40ed-9aa6-b9fde1adb31b,species,Plantae,"",Epipogium aphyllum,1,t0053545,accepted
56ab299b-cee8-4409-be59-19da08a682a7,species,Plantae,"",Epipogium kentingense,1,t0073849,not-accepted
cb1ccc8f-c466-4c1a-9103-f7a6cd22da03,species,Plantae,"",Epipogium roseum,1,t0053547,accepted
f8639c2a-430f-460f-87f0-88feddc4d6f7,species,Plantae,"",Epipogium taiwanense,1,t0073851,accepted
c2e13fe0-d016-443d-bbd5-bab866053489,species,Plantae,"",Eria corneri,1,t0053578,accepted
9234d77f-5159-4b9d-bb18-65c20fe56289,species,Plantae,"",Eria herklotsii,1,t0053580,not-accepted
81450ccc-79d4-4a9a-8d77-71d151ecd26b,species,Plantae,"",Eria javanica,1,t0053581,accepted
e2c5610c-798b-479e-a6f5-8fe7cd86e1c5,species,Plantae,"",Eria robusta,1,t0033613,not-accepted
5c519ab5-bca0-4e0d-8566-00d1b4cc6bfd,species,Plantae,"",Erythrodes triantherae,1,t0053603,not-accepted
5f0bee6b-9a2c-41d0-b2c4-cc7becb98dba,species,Plantae,"",Erythrorchis altissima,1,t0053604,accepted
bc88039f-d0eb-4a47-bebe-3b6585181eff,species,Plantae,"",Eucosia cordata,1,t0053861,not-accepted
ad0ac8fd-3686-472b-a6f3-b6af0c571f0c,species,Plantae,"",Eucosia hengchunensis,1,t0073909,not-accepted
d8c2db96-1f47-4e0a-a12e-a29b5ccfb6b0,species,Plantae,"",Eucosia longirostrata,1,t0057960,misapplied
f0299b98-c5f7-4343-b101-4009f6e53ca3,species,Plantae,"",Eulophia bicallosa,1,t0053617,accepted
dfc791ed-1f2a-4eb5-b118-8c421ae86989,species,Plantae,"",Eulophia bicarinata,1,t0053617,not-accepted
63d288e3-3f27-4803-a7ea-4bff4d08aeb2,species,Plantae,"",Eulophia brachycentra,1,t0053617,not-accepted
9fd15c7f-7fb5-42dc-b7b7-f40dd984bebe,species,Plantae,"",Eulophia pulchra,1,t0053620,not-accepted
0957a9b0-99f2-43ec-ad4a-00412f037bfc,species,Plantae,"",Eulophia segawae,1,t0053618,not-accepted
bb578174-a888-400e-8992-93026b8f22ac,species,Plantae,"",Flickingeria tairukounia,1,t0058931,not-accepted
1a357afb-286c-4129-8b52-338b4d32721a,species,Plantae,"",Gastrochilus ciliaris,1,t0053770,accepted
99df3789-7335-46d1-88df-08f7564b0b21,species,Plantae,"",Gastrochilus hoi,1,t0053773,not-accepted
d4a90016-e4e9-4fda-a107-32da4a9bab45,species,Plantae,"",Gastrochilus linii,1,t0053773,not-accepted
47351819-7033-49f2-a4f5-70669a660c82,species,Plantae,"",Gastrochilus raraensis,1,t0053776,accepted
9cc5cb79-4434-4a91-b517-5312906b9e81,species,Plantae,"",Gastrochilus somae,1,t0057923,not-accepted
210c1fbe-c5bd-46ec-bcbb-02b3c396cd70,species,Plantae,"",Galeola falconeri,1,t0053744,not-accepted
83e255ab-0a7e-47a1-9f61-5b308eb94ce6,species,Plantae,"",Galeola lindleyana,1,t0053745,not-accepted
531119ab-007f-44c6-9ed5-3e559c343a28,species,Plantae,"",Gastrodia albida,1,t0053777,accepted
4638a51a-1cd4-48d4-8c00-0882b8fb4247,species,Plantae,"",Gastrodia clausa,1,t0053780,accepted
ab4c2d24-c5c2-4105-b112-d982924c2d22,species,Plantae,"",Gastrodia confusoides,1,t0053782,accepted
fd7fe0ba-7de7-426b-b06a-d916cace8ccc,species,Plantae,"",Gastrodia elata,1,t0053783,accepted
c0363abe-4bab-429b-8ec5-768219a1b2a5,species,Plantae,"",Gastrodia flabilabella,1,t0053784,accepted
99bd70bb-67be-4d4b-91cf-44a85292fb34,species,Plantae,"",Gastrodia flexistyla,1,t0053785,accepted
8fe76d8a-9167-4316-84ec-249220193e3a,species,Plantae,"",Gastrodia javanica,1,t0053787,accepted
a77f4734-8730-4810-a5c9-54ed3a48de36,species,Plantae,"",Gastrodia leucochila,1,t0074091,accepted
91e59835-a989-4537-b498-1b9390cc0171,species,Plantae,"",Gastrodia kaohsiungensis,1,t0074089,accepted
3893d78d-a57c-4041-9d0b-59dff12f78e6,species,Plantae,"",Gastrodia peichatieniana,1,t0053789,accepted
5a316909-0024-40c8-ac56-9948bfb5fdc0,species,Plantae,"",Gastrodia sui,1,t0053792,accepted
0d0b195c-f140-4de2-875e-092b6000937c,species,Plantae,"",Gastrodia theana,1,t0053793,accepted
f5404808-8746-4c18-81d6-d087a4c87fb6,species,Plantae,"",Gastrodia stapfii,1,t0053787,not-accepted
8b777ca3-3d58-4367-88a7-c6cf3e47e7b1,species,Plantae,"",Goodyera biflora,1,t0053845,accepted
6778b847-0252-41b6-8f15-f79bde4b9267,species,Plantae,"",Goodyera bilamellata,1,t0053859,not-accepted
79bbeca5-beb2-4ffd-8a35-b81f4def6ef0,species,Plantae,"",Goodyera bomiensis,1,t0053846,not-accepted
b854573f-695e-4ef2-96aa-71662ca87b2f,species,Plantae,"",Goodyera daibuzanensis,1,t0053847,accepted
74d3e99a-3743-44f7-8a08-2677b0538e93,species,Plantae,"",Goodyera foliosa,1,t0053848,accepted
f00caa5d-1361-4de8-bd4f-2b7df753403e,species,Plantae,"",Goodyera kwangtungensis,1,t0053852,not-accepted
78f3e5e2-89c2-403f-9565-209912eabc19,species,Plantae,"",Goodyera hachijoensis,1,t0105688,accepted
3ec8c7c6-ffbe-4293-bf17-ec87a92235d3,species,Plantae,"",Goodyera nantoensis,1,t0053858,accepted
a175ab70-2e22-422e-81ab-7eb54f97d3d0,species,Plantae,"",Goodyera pendula,1,t0053855,accepted
c50691d1-09ff-4405-a72a-e3a9c18321bb,species,Plantae,"",Goodyera recurva,1,t0053855,misapplied
1f832895-9c8f-4424-a5fb-d3bd1ede2ff1,species,Plantae,"",Goodyera rubicunda,1,t0053850,accepted
15b618f5-3168-49fe-974f-c46eb3caf6e1,species,Plantae,"",Goodyera similis,1,t0053860,accepted
1b249c16-186d-489b-ba7a-d0d7210c65f7,species,Plantae,"",Goodyera velutina,1,t0053860,not-accepted
b5d1de4c-ad55-46f9-8f61-de1a55c9b7d2,species,Plantae,"",Habenaria ciliolaris,1,t0053884,accepted
c69cd2f7-ad7b-4c86-b2e4-f5112be1bed0,species,Plantae,"",Habenaria crassilabia,1,t0053887,misapplied
49ff96a3-e853-4721-bd1f-5a25e7d18165,species,Plantae,"",Habenaria dentata,1,t0053885,accepted
e02c08a0-0325-435f-95ce-73ed8360a79b,species,Plantae,"",Habenaria pantlingiana,1,t0053888,accepted
a8aefa74-c0a5-4d1d-9150-21ba323557b8,species,Plantae,"",Habenaria petelotii,1,t0053889,accepted
47f44048-8135-4f02-aa32-ad53ab9a9c14,species,Plantae,"",Habenaria tsaiana,1,t0053892,accepted
b40c2079-5821-4515-9b05-c06c436f3caf,species,Plantae,"",Peristylus tentaculatus,1,t0058718,misapplied
52d92330-40a3-41bc-bd30-4d764f7ac529,species,Plantae,"",Hancockia uniflora,1,t0053899,accepted
9ffec31b-0e08-45c2-8968-49c22eae8475,species,Plantae,"",Hayata tabiyahanensis,1,t0057986,accepted
a99438ed-b260-4680-b91f-55d4c9310f5f,species,Plantae,"",Hemipilia alpestris,1,t0052583,not-accepted
cde8b40b-c29c-482d-86f2-e9e0b8abbe84,species,Plantae,"",Hemipilia cordifolia,1,t0053921,accepted
51bcb5b1-0966-400b-8857-caf7766a6543,species,Plantae,"",Hemipilia gracilis,1,t0040145,not-accepted
3d4ed058-457a-4fcf-9a2c-0992aa76116e,species,Plantae,"",Herminium lanceum,1,t0053923,accepted
ca227b4a-f23b-499d-851f-6cf378806936,species,Plantae,"",Hetaeria anomala,1,t0053924,accepted
c9bbc888-3795-4439-8bd2-b393c696ea89,species,Plantae,"",Holcoglossum pumilum,1,t0058013,accepted
941899ff-3812-4c45-9711-fbe520345875,species,Plantae,"",Lecanorchis bihuensis,1,t0058130,not-accepted
29ca4685-b19d-45b4-b43a-c3f08b4039aa,species,Plantae,"",Lecanorchis flavicans,1,t0074505,not-accepted
265569b1-ef50-4a56-aa9c-c8120ee80052,species,Plantae,"",Lecanorchis latens,1,t0054187,accepted
20267233-6775-40f2-8566-6e579ba03172,species,Plantae,"",Lecanorchis kiusiana,1,t0058132,misapplied
f1fa2f04-8f20-4512-9e1f-809004332de4,species,Plantae,"",Lecanorchis subpelorica,1,t0058131,not-accepted
a91b51c3-0fc4-48e6-8dfa-44c31c6fbb3a,species,Plantae,"",Lecanorchis thalassica,1,t0054188,accepted
1ca9f3fa-a7f2-4177-8962-02eef5d25b3d,species,Plantae,"",Lecanorchis trachycaula,1,t0054189,not-accepted
cfc7dbda-30a9-4f07-8cb9-eda5216ce798,species,Plantae,"",Lecanorchis triloba,1,t0074505,misapplied
2eefe498-72b5-4100-b4ed-d68ee3cd382f,species,Plantae,"",Lecanorchis virella,1,t0054191,accepted
7fed109e-1bdf-4c86-819a-598c72a9ebdf,species,Plantae,"",Liparis barbata,1,t0054257,accepted
54762d4d-d42a-4e5f-9785-8336dee6d252,species,Plantae,"",Liparis bootanensis,1,t0054258,accepted
49a2bffc-435c-4999-ace6-a2bb0b0e1d2d,species,Plantae,"",Liparis cespitosa,1,t0058456,not-accepted
bcd86e87-654a-401e-825f-756fa6a770e2,species,Plantae,"",Liparis elliptica,1,t0054261,accepted
7350bc9c-6656-4d9a-a6f5-7b2fa3ec2ef6,species,Plantae,"",Liparis ferruginea,1,t0054262,accepted
016e8fb3-fe28-4e88-ae63-88c7f249275f,species,Plantae,"",Liparis grossa,1,t0040386,accepted
4541b1c5-b2d9-4735-9c59-5a5d72ad607a,species,Plantae,"",Liparis henryi,1,t0054265,accepted
afd782d9-67b6-4154-b2a3-1618b5830872,species,Plantae,"",Liparis krameri,1,t0074598,accepted
639c6b14-1341-4b3b-92d7-2f5515328166,species,Plantae,"",Liparis liangzuensis,1,t0054268,not-accepted
85f7f6e4-42ec-455e-96c5-c7fdd43b4729,species,Plantae,"",Liparis nakaharae,1,t0054269,accepted
bf5af9a1-60db-49f9-a1f6-d93c82baf4b5,species,Plantae,"",Liparis odorata,1,t0054272,accepted
55623394-07d5-4f11-8392-a85e8df4f9a8,species,Plantae,"",Liparis somae,1,t0054276,not-accepted
67d422e5-7660-4b11-82d2-35da6d864273,species,Plantae,"",Liparis sootenzanensis,1,t0054277,accepted
5748aa0f-11d5-4c33-b557-65fdc008ba79,species,Plantae,"",Liparis bituberculata,1,t0054263,not-accepted
0c3c27a9-c656-44d1-8945-72f7bd6868ec,species,Plantae,"",Luisia cordata,1,t0054336,accepted
42bfc90b-11dd-493f-8597-57d8375f3a81,species,Plantae,"",Luisia lui,1,t0054337,accepted
e5876474-24be-447b-b56c-a035984d2a31,species,Plantae,"",Malaxis monophyllos,1,t0054383,accepted
baca2454-2cad-48cd-b6f6-6e5d489b3959,species,Plantae,"",Neottia atayalica,1,t0074915,accepted
91cb8cf4-da5f-4f2a-8d0a-662d45144e7b,species,Plantae,"",Neottia breviscapa,1,t0054556,not-accepted
6d449326-2964-4b75-81aa-67adf07c2842,species,Plantae,"",Neottia fukuyamae,1,t0054556,not-accepted
cef6fffb-0ac6-4447-8935-7218056100c5,species,Plantae,"",Neottia kuanshanensis,1,t0054559,accepted
d051d462-f9bb-403f-8feb-85283a54bfb9,species,Plantae,"",Neottia microauriculata,1,t0054564,not-accepted
40afebbb-2032-47d5-8468-d8083625f565,species,Plantae,"",Neottia morrisonicola,1,t0054561,accepted
ba03ea49-f5fe-4919-a10d-bba0cc04c058,species,Plantae,"",Neottia nankomontana,1,t0054562,accepted
fe43b915-fc30-4598-8e7c-c7bdf150197b,species,Plantae,"",Neottia piluchiensis,1,t0054563,accepted
49125d84-1baa-4a5d-b050-28c1a32f64ed,species,Plantae,"",Neottia shenlengiana,1,t0074919,accepted
407f20ef-21f2-4e18-a9d1-e9e60c7fa2c2,species,Plantae,"",Neottia suzukii,1,t0054565,accepted
c822044d-6d89-43bf-b91f-4e6c425174e8,species,Plantae,"",Neottia taizanensis,1,t0054566,accepted
5f5b0145-6838-4ce9-b702-a8bf818f6c0b,species,Plantae,"",Neottia tatakaensis,1,t0054556,not-accepted
dde5c60b-f3da-4ac4-976c-db6693e65534,species,Plantae,"",Nervilia alishanensis,1,t0054573,accepted
df2429c0-5420-4995-a80c-8936cab63290,species,Plantae,"",Nervilia aragoana,1,t0054574,not-accepted
207341eb-4f7b-44d1-9f73-0e9038f0ee03,species,Plantae,"",Nervilia crociformis,1,t0054575,accepted
537fc2dc-dfd8-4bb5-8fa4-43ffd503131c,species,Plantae,"",Nervilia hungii,1,t0074930,accepted
07106bab-6364-401c-9bb2-94f24d957ad9,species,Plantae,"",Nervilia lanyuensis,1,t0054576,accepted
0064d8c6-ae31-492a-ab5f-9d9e1bca1f34,species,Plantae,"",Nervilia purpureotincta,1,t0074931,accepted
a5ae8133-ede1-4f1e-bfc2-8b2974a55b27,species,Plantae,"",Nervilia ratis,1,t0054580,not-accepted
2f5c132a-9992-4ec4-bbd3-1feb384cfd9e,species,Plantae,"",Nervilia tahanshanensis,1,t0054578,not-accepted
61a56c61-8e6b-476b-bb9a-5ab689fe69c2,species,Plantae,"",Nervilia taitoensis,1,t0054578,accepted
3cc65be8-99a1-4faa-93ff-f0659872e48c,species,Plantae,"",Nervilia taiwaniana,1,t0054578,not-accepted
168efd1d-46fb-47c3-be9c-b49e5d8883e4,species,Plantae,"",Nervilia brevilobata,1,t0054573,not-accepted
30a9b92f-f6a8-4669-b8e3-fbe7fe9b93d2,species,Plantae,"",Nervilia discolor,1,t0054579,not-accepted
dec5d00d-5e80-4d50-9795-15a975b0a86e,species,Plantae,"",Oberonia arisanensis,1,t0054601,not-accepted
642b6472-87ad-4540-b63b-d1d319b4fbdc,species,Plantae,"",Oberonia japonica,1,t0103278,accepted
04927bb2-214a-4f5c-97ba-b330ccc88ad4,species,Plantae,"",Oberonia gigantea,1,t0054603,not-accepted
946a32fa-708c-4c9c-aecd-e5d5ee4f239e,species,Plantae,"",Oberonia kusukusensis,1,t0054601,not-accepted
34b2443d-807b-4a5e-b4dd-652af206d2df,species,Plantae,"",Oberonia rosea,1,t0054607,accepted
88fd3a30-b447-4cba-9776-1bf39ef04d0f,species,Plantae,"",Oberonia segawae,1,t0054608,accepted
97aac751-d786-4241-ac96-4a5ea0c311d6,species,Plantae,"",Oberonia seidenfadenii,1,t0054609,accepted
1eb4e43e-a494-40dc-b9a4-bcbbd0aa2ba2,species,Plantae,"",Oberonioides pusillus,1,t0058636,accepted
ff522a72-a6e8-42d2-955f-2474ae42155f,species,Plantae,"",Odontochilus brevistylis,1,t0054613,not-accepted
aaa42953-8a2d-4721-b010-9df281d1e1fb,species,Plantae,"",Odontochilus elwesii,1,t0054614,accepted
e54fbc01-8a24-4cb9-94ec-00ef3ebe6952,species,Plantae,"",Odontochilus inabae,1,t0058641,not-accepted
9fedf381-4c6b-409d-940e-cfa0cf813edd,species,Plantae,"",Odontochilus integrus,1,t0058642,accepted
1804843e-b0f2-4c79-b77d-22b0d02b0db7,species,Plantae,"",Odontochilus nanlingensis,1,t0054616,accepted
16970e36-8041-49ff-ad44-500f17da2d2d,species,Plantae,"",Odontochilus poilanei,1,t0054617,accepted
1d68fd6c-2230-45e4-a93a-52bc094c5a24,species,Plantae,"",Odontochilus yakushimensis,1,t0074979,accepted
bd646e79-2841-4bfe-a737-45cb85a80930,species,Plantae,"",Odontochilus bisaccatus,1,t0054615,not-accepted
79b1d746-2f2e-4fd0-bf33-b0ebb80c26b7,species,Plantae,"",Oeceoclades pulchra,1,t0053620,accepted
c2505fd3-eef8-41ad-8c03-8cfa3ea50707,species,Plantae,"",Oreorchis bilamellata,1,t0054636,accepted
01ad5286-a932-417b-ab69-ad8c9f7ec4c9,species,Plantae,"",Oreorchis gracilis,1,t0054639,not-accepted
3779739c-6753-448e-b1f6-49c7e4e13e87,species,Plantae,"",Oreorchis foliosa,1,t0075020,accepted
e3e11977-dfec-4d96-b6b7-fe38efeac4d9,species,Plantae,"",Pachystoma pubescens,1,t0054673,accepted
7779f698-1012-4c85-87f8-df8e8dde9912,species,Plantae,"",Papilionanthe pseudotaiwaniana,1,t0075113,accepted
93bd2f6d-bde3-44ed-9b68-2579a3a25ac7,species,Plantae,"",Papilionanthe vandarum,1,t0075114,accepted
56378987-e808-48df-941c-cc63917424cb,species,Plantae,"",Paraphaius flavus,1,t0058689,not-accepted
63cffcf6-ceda-4c9d-a58e-ae304eaf1a21,species,Plantae,"",Paraphaius takeoi,1,t0058690,not-accepted
6ccec67e-7363-4c88-95e7-c8bd25b1ed31,species,Plantae,"",Peristylus calcaratus,1,t0102048,accepted
68609620-baff-47d7-bb0e-463b948e379e,species,Plantae,"",Peristylus formosanus,1,t0054746,accepted
f6fa8338-ca68-4c80-bd61-98302773a599,species,Plantae,"",Peristylus gracilis,1,t0054748,accepted
4e7c68cd-c988-4bb0-b0d9-b014a99c1850,species,Plantae,"",Peristylus lacertifer,1,t0058718,accepted
878d194d-e251-4de4-9cb5-248ee92e5339,species,Plantae,"",Phaius mishmensis,1,t0054765,not-accepted
b15d711e-b0e4-4c28-b73c-c302daa03c4d,species,Plantae,"",Phaius actinomorphus,1,t0058307,not-accepted
36fef6f7-d210-4728-af71-2dc49b30059c,species,Plantae,"",Phaius tancarvilleae,1,t0058978,not-accepted
ac430616-3114-479b-9afa-960da78142b5,species,Plantae,"",Phalaenopsis aphrodite,1,t0085100,misapplied
1ba75678-1373-4955-88d8-497b0b914f33,species,Plantae,"",Phalaenopsis cochlearis,1,t0075208,accepted
7a5dd669-becd-410b-8e13-b567e1059eee,species,Plantae,"",Phalaenopsis decumbens,1,t0075210,accepted
dbfcf2ad-9892-4246-b47a-d7e432fa7ebe,species,Plantae,"",Phalaenopsis gigantea,1,t0075214,accepted
ed6770ef-09e9-4907-af87-9e02135fdfc5,species,Plantae,"",Phalaenopsis hieroglyphica,1,t0075215,accepted
767c6f2d-8403-4033-99a2-c6719adeae79,species,Plantae,"",Phalaenopsis lueddemanniana,1,t0075219,accepted
df5d7d93-0bbf-40d9-b4ff-78b691d56662,species,Plantae,"",Phalaenopsis parishii,1,t0075224,accepted
5465b074-9c65-4f2c-8fce-e3a92f59636a,species,Plantae,"",Phalaenopsis pulchra,1,t0075225,accepted
580fe39e-947b-4392-bf2e-7537ee105856,species,Plantae,"",Phalaenopsis schilleriana,1,t0075227,accepted
6abd33f1-295f-4b6d-a42a-76fc58e1e9ec,species,Plantae,"",Phalaenopsis sumatrana,1,t0075230,accepted
fadb9176-f18b-4bd1-9afa-e7eff79fc69a,species,Plantae,"",Phalaenopsis hybrida,1,t0075216,accepted
7744714b-a925-491c-a224-fedacfbd35e3,species,Plantae,"",Pholidota cantonensis,1,t0054783,accepted
b5bb7510-1434-4f6c-b898-d4e1a06bbed9,species,Plantae,"",Phreatia morii,1,t0054792,accepted
f017408e-ea8e-473c-bdd0-46539ed2a11a,species,Plantae,"",Pinalia formosana,1,t0053579,accepted
8b7b2d0c-199e-4cc6-97bd-81e754df371b,species,Plantae,"",Platanthera devolii,1,t0054869,accepted
dd726bab-606a-4ad6-8f18-e2538a5096ed,species,Plantae,"",Platanthera formosana,1,t0085102,accepted
110331ec-9a59-47bd-85b2-759a42663411,species,Plantae,"",Platanthera longibracteata,1,t0054875,not-accepted
269efe73-2f70-4b53-b671-4739f249af05,species,Plantae,"",Platanthera longicalcarata,1,t0054870,accepted
c9a75dd8-c9aa-49ad-af18-a73810b3026f,species,Plantae,"",Platanthera mandarinorum,1,t0100856,accepted
6215d166-bbcb-4d25-83e5-bb5b2146eaa8,species,Plantae,"",Platanthera ophrydioides,1,t0054874,accepted
f3d5bb16-1c2a-4edf-867d-a4382947a004,species,Plantae,"",Platanthera pachyglossa,1,t0054871,accepted
da84a5d3-4434-4710-8ad6-0cf342b0aa85,species,Plantae,"",Platanthera sonoharae,1,t0054876,accepted
0d763b8d-5861-4733-ae9c-f511096759fb,species,Plantae,"",Platanthera nantousylvatica,1,t0054873,accepted
7bf33a70-8d9c-47f3-ac08-611a3b88a918,species,Plantae,"",Pogonia minor,1,t0054903,accepted
96a0d4b0-feb8-41b0-be3f-abc00563f3a0,species,Plantae,"",Pogonia japonica,1,t0100864,accepted
fe6ea973-bd28-4a7e-aa8d-e9ae6c88ffad,species,Plantae,"",Pomatocalpa acuminata,1,t0059086,not-accepted
2129841d-c7a5-4495-905c-4d9f0f3c2212,species,Plantae,"",Pomatocalpa undulatum,1,t0075451,accepted
2af5da55-001c-4762-a86f-a8be4f914043,species,Plantae,"",Pseudoliparis moluccana,1,t0059113,misapplied
fb9787ed-876e-45a1-93b2-aab50fdfb482,species,Plantae,"",Rhomboda tokioi,1,t0055084,not-accepted
d33a7ce9-e0c3-4c4e-9f25-e266b3886746,species,Plantae,"",Rhomboda abbreviata,1,t0055084,not-accepted
124a39ee-9aa4-4ce3-8a38-b45c0529b2c2,species,Plantae,"",Saccolabiopsis viridiflora,1,t0055184,accepted
c7b047f0-ac40-4fea-a71b-63eb46594d62,species,Plantae,"",Schoenorchis vanoverberghii,1,t0055254,accepted
a16aef88-5177-41e4-96f8-d4b8fef0c054,species,Plantae,"",Spathoglottis plicata,1,t0055414,accepted
cdc13619-b59c-4d00-962a-6eced3fdf6db,infraspecies,Plantae,"",Spiranthes nivea papillata,1,t0102675,accepted
add66de1-102e-4ae4-af5a-238bf08f36de,species,Plantae,"",Stereosandra javanica,1,t0055465,accepted
8e76e801-9464-4a3a-900f-f7a1d7d867ab,species,Plantae,"",Stigmatodactylus sikokianus,1,t0058303,not-accepted
3ac591a4-2d57-4d76-960d-e6445eca5ee2,species,Plantae,"",Styloglossum actinomorphum,1,t0058307,accepted
5833bde0-290b-4b30-aa13-4df0378a7e3a,species,Plantae,"",Styloglossum lyroglossum,1,t0058310,not-accepted
61d0742d-e200-4aeb-8645-c86a4688d531,species,Plantae,"",Styloglossum pseudodensiflorum,1,t0069485,accepted
71c42390-bc74-4e24-ac87-c11221f23d46,species,Plantae,"",Styloglossum pumilum,1,t0052767,not-accepted
a25be126-56d1-4c44-a690-193cb17565c2,species,Plantae,"",Taeniophyllum aphyllum,1,t0102294,accepted
c6901562-7a99-4a1e-b70a-8c242695417e,species,Plantae,"",Taeniophyllum complanatum,1,t0055538,accepted
d4863937-e10d-4fa8-8114-7c4bd4415325,species,Plantae,"",Taeniophyllum radiatum,1,t0055540,misapplied
d1ddf909-7336-4d41-a13e-6c4f26b4646e,species,Plantae,"",Taeniophyllum formosanum,1,t0069524,accepted
1f335efc-21db-4a4e-9bf6-73641a057da1,species,Plantae,"",Tainia hualienia,1,t0055546,accepted
0695c13b-fbf7-4064-9ee9-8d0093c1b28f,species,Plantae,"",Thelasis pygmaea,1,t0055587,accepted
5e058594-ddf5-46b6-b941-7b944e3431cb,species,Plantae,"",Thrixspermum fantasticum,1,t0055598,accepted
0b5889d0-2435-435a-8d36-032d6a2219df,species,Plantae,"",Thrixspermum formosanum,1,t0055599,accepted
7a4cb2fb-9902-4c24-ae72-1c4908d09406,species,Plantae,"",Thrixspermum merguense,1,t0055601,accepted
cca08148-18b4-43de-a07d-05f1366675e9,species,Plantae,"",Thrixspermum pensile,1,t0055602,accepted
b76ca242-5458-45cb-ad61-e8b11d79681c,species,Plantae,"",Thrixspermum pricei,1,t0055599,not-accepted
2eca53be-c7f2-4404-9100-f391f9c93f11,species,Plantae,"",Thrixspermum sasaoi,1,t0055599,not-accepted
27a3f16f-276a-4461-a748-fd29853509ca,species,Plantae,"",Tipularia cunninghamii,1,t0055617,accepted
a714d68b-34bb-46b4-bfe7-dec567e10d17,species,Plantae,"",Trichoglottis rosea,1,t0055647,accepted
8019d483-fa55-4c37-8f9c-c9d9aad0e88e,species,Plantae,"",Tropidia curculigoides,1,t0055689,accepted
83f16184-8ce0-493b-a495-29dba04623b0,species,Plantae,"",Tropidia formosana,1,t0055691,accepted
1524d626-63e8-4a99-abeb-cf429425e2e2,species,Plantae,"",Tropidia namasiae,1,t0055690,accepted
ec28ac11-ecba-46aa-99b1-71ec6ed77710,species,Plantae,"",Tropidia somae,1,t0055687,not-accepted
a917bf0e-26af-45fd-9610-29fa5deaa9bd,species,Plantae,"",Tuberolabium kotoense,1,t0055693,accepted
ffe51230-be7e-4c46-a40d-bf3b531f81c0,species,Plantae,"",Vanda lamellata,1,t0049254,accepted
d7aeae27-14d2-4e13-a51d-c37c645b6ab0,species,Plantae,"",Vanda caerulea,1,t0069758,not-accepted
aea6caf1-569c-47e0-9a97-aa300d9da360,species,Plantae,"",Vrydagzynea formosana,1,t0049340,not-accepted
b31356fc-8021-4fcb-b37e-c0bdac38b1ba,species,Plantae,"",Yoania japonica,1,t0049360,accepted
6a278092-4adc-4576-b0b6-4dd171733c19,species,Plantae,"",Zeuxine agyokuana,1,t0049384,accepted
fc37e4c5-1f01-4c7e-b8fa-d6c768f1bbe0,species,Plantae,"",Zeuxine integrilabella,1,t0049386,accepted
e2a7a6bc-9f9a-4d27-9239-1f331f25f6c3,species,Plantae,"",Zeuxine odorate,1,t0057515,accepted
e6ad1ffc-d3ad-4f3e-84eb-687358e64b90,species,Plantae,"",Zeuxine philippinensis,1,t0049390,accepted
0e4d00aa-1d4c-4c98-965b-cd10a3b57d53,species,Plantae,"",Zeuxine pingtungensis,1,t0069849,not-accepted
bf24d821-c7e3-4047-8881-98e657893200,species,Plantae,"",Zeuxine sakagutii,1,t0049383,not-accepted
7a9a68da-4868-4f37-a25f-35258ceaf2e4,species,Plantae,"",Zeuxine strateumatica,1,t0057516,accepted
cfc443c3-eb49-493e-be35-bbe8d9011aa2,species,Plantae,"",Zeuxine tenuifolia,1,t0049393,accepted
da91e81c-a534-43d8-8af7-67c13b17895f,species,Plantae,"",Zeuxine flava,1,t0049383,accepted
fb87d860-71ca-40b6-a7d5-a85b421a53ca,species,Plantae,"",Zeuxine kantokeiensis,1,t0049387,not-accepted
40b97f41-1e31-4faa-ba3c-52ad7d105d82,species,Plantae,"",Oncidium flexuosum,1,t0054622,accepted
a380abad-f176-4108-b130-4e68d5f8f3f2,species,Plantae,"",Oncidium guttatum,1,t0074989,accepted
78167f05-17e8-4a14-85fa-dead222593c8,species,Plantae,"",Oncidium papilio,1,t0074990,accepted
eac44ae2-6a59-416c-b7ac-432f7a2fd5f5,species,Plantae,"",Oncidium sphacelatum,1,t0074991,accepted
ed0a66c8-2a3e-45d6-be77-a0e14b416f28,species,Plantae,"",Oncidium splendidum,1,t0074992,accepted
435813fa-0c34-4281-bb0e-01208112969b,species,Plantae,"",Aerides crispum,1,t0060846,accepted
912b8f34-913d-41e5-b635-60528363a11e,species,Plantae,"",Aerides flabellatum,1,t0060849,accepted
637e8af6-c9cd-4b42-b836-65ff930bb07e,species,Plantae,"",Aerides japonicum,1,t0060850,accepted
399c75cf-d68b-4092-9f0d-3149e3661b0e,species,Plantae,"",Aerides odoratum,1,t0060853,accepted
341f96c1-f00c-4967-bb91-63caf792be8d,species,Plantae,"",Aerides quinquevulnerum,1,t0060854,accepted
1893db34-956c-4635-930c-d88ab05c56ac,species,Plantae,"",Aerides savagaum,1,t0060855,accepted
3300b594-37a2-4752-9206-67ad55a69247,species,Plantae,"",Ascocentrum ampullaceum,1,t0069756,not-accepted
419bd8af-508c-4f86-a218-34ca6840a284,species,Plantae,"",Ascocentrum curvifolium,1,t0069759,not-accepted
c7e1d5a1-93be-4bec-9582-a7f358a52d95,species,Plantae,"",Ascocentrum miniatum,1,t0069760,not-accepted
fbb93590-8f29-4afb-b58d-35839e8fa534,species,Plantae,"",Brassia longissima,1,t0072901,not-accepted
9a99949c-ceb9-41ef-bd07-75911af62015,species,Plantae,"",Chamaeanthus wenzelii,1,t0052940,accepted
2d023ae2-1772-4b55-9f7e-7c2d822bb1b6,species,Plantae,"",Coelogyne fuscescens,1,t0073371,accepted
2f6c650f-ac6f-49d1-82ee-a1d40e779275,species,Plantae,"",Didiciea neglecta,1,t0073687,accepted
f51df471-26a6-495e-827c-5cf6d91905a3,species,Plantae,"",Dimorphorchis lowii,1,t0073706,accepted
0491bea1-1986-4c26-8464-b4bf1ca631f8,species,Plantae,"",Ephemerantha pallens,1,t0073841,not-accepted
84d6d9d0-ad25-4db7-a567-afedc7aa4a78,species,Plantae,"",Epigeneium fargesii,1,t0053318,not-accepted
d7cc8551-1ca9-40f5-9dcf-12aa19abd1ce,species,Plantae,"",Epigeneium nakaharaei,1,t0053326,not-accepted
f36a2dcc-a4ec-4331-a5c1-5291deb17dfe,species,Plantae,"",Euanthe sanderiana,1,t0073869,not-accepted
0737ec15-7d2d-445e-ac3b-3391a215b0f2,species,Plantae,"",Grammatophyllum scriptum,1,t0074168,accepted
d369fe5a-965e-4342-81ea-f202dac33f65,species,Plantae,"",Kingidium deliciosum,1,t0074452,accepted
7d5bc258-db90-44fd-b800-5d47afb50e05,species,Plantae,"",Myrmechis drymoglossifolia,1,t0102290,not-accepted
2deb7136-3956-46b8-99d1-f5b97f373a0f,species,Plantae,"",Myrmechis japonica,1,t0102290,misapplied
885fc004-8402-440c-b3fb-877a22c22a78,species,Plantae,"",Paphiopedilum callosum,1,t0075085,accepted
6f27e26b-c4c7-48fb-8099-eabc78eee1ea,species,Plantae,"",Paphiopedilum ciliolare,1,t0075086,accepted
0328ce8b-15bc-4d6b-bab1-31983c8b5522,species,Plantae,"",Paphiopedilum fairrieanum,1,t0075091,accepted
d58b113d-4cde-402f-b636-e2a7bc9827d1,species,Plantae,"",Paphiopedilum godefroyae,1,t0075093,accepted
bcfb2114-8d35-41f5-880b-2cd42131bc36,species,Plantae,"",Paphiopedilum niveum,1,t0075100,accepted
77236cef-948b-4c14-8e91-c2d0068d59f0,species,Plantae,"",Paphiopedilum philippinense,1,t0075102,accepted
c08666fb-c2d9-487a-8964-378b08f028fd,species,Plantae,"",Paphiopedilum praestans,1,t0075103,accepted
19b697a3-3e95-4f9d-bf6e-8af1d4f52fa2,species,Plantae,"",Paphiopedilum spicerianum,1,t0075106,accepted
e3a54fab-9660-4135-8c54-0dcca114dca9,species,Plantae,"",Paphiopedilum stonei,1,t0075107,accepted
7a24119d-42fe-4860-b454-439645e1753a,species,Plantae,"",Paphiopedilum sukhakulii,1,t0075108,accepted
fb0df750-0e96-456d-87a1-cd87deec5709,species,Plantae,"",Paphiopedilum tonsum,1,t0075110,accepted
c2f8d713-6cb3-4dfe-84b6-9d29d9f4c710,species,Plantae,"",Paraphalaenopsis denevei,1,t0075120,accepted
0d19ea3f-3e70-49a4-9c38-9dcae17669e2,species,Plantae,"",Paraphalaenopsis laycockii,1,t0075121,accepted
f7c1e22a-2d58-445d-9b35-059a131c103a,species,Plantae,"",Rhyncholaelia digbyana,1,t0075657,accepted
1d5ef21d-d599-4ad9-9c52-f28f89f63888,species,Plantae,"",Renanthera monachica,1,t0075623,accepted
67ed1101-26de-49ee-ad42-20babddb0c56,species,Plantae,"",Renanthera hybrida,1,t0075622,accepted
2a5f7dd8-de90-4d17-8457-38ab0dc89051,species,Plantae,"",Rhynchostylis gigantea,1,t0075665,accepted
00887b14-78c7-4105-98dd-2cefb147c8e5,species,Plantae,"",Rhynchostylis retusa,1,t0075666,accepted
a218dd45-67e4-41c2-8ebb-fb5e4eecde14,species,Plantae,"",Stanhopea saccata,1,t0075975,accepted
527fd1c0-d42b-4199-861a-56bc7edae0fb,species,Plantae,"",Tulotis longicalcarata,1,t0054870,not-accepted
e82758d1-a212-4b5c-be89-32dd71e74282,species,Plantae,"",Vandopsis lissochiloides,1,t0069767,accepted
588fdd38-f18c-45ba-9758-b259aed58a51,species,Plantae,"",Vandopsis parishii,1,t0069768,accepted
dc556ffa-3105-4400-bdb6-98b6442b8038,species,Plantae,"",Vexillabium nakaianum,1,t0049286,accepted
5e910c1c-e175-4b82-aa20-36ec7c3e4254,species,Plantae,"",Ludisia discolor,1,t0054326,accepted
94435998-1495-4068-9294-090b5cb278ea,species,Plantae,"",Microstylis wallichii,1,t0100593,accepted
d157268c-9de2-4e0c-94f3-41225db1d4e0,species,Plantae,"",Limodorum pulchrum,1,t0053620,not-accepted
ac2adab9-711e-4d6f-96aa-06a9a34ccb37,species,Plantae,"",Peramium bilamellatum,1,t0053859,not-accepted
6f65fc49-30cb-4319-8d3c-3b12f18c16f4,species,Plantae,"",Curculigo orchioides,1,t0053206,accepted
9ac625d0-c05a-46ff-86f0-c709ddbb7531,species,Plantae,"",Molineria capitulata,1,t0053205,accepted
481ee631-0d51-400a-a8ab-5f2ef4293fd9,species,Plantae,"",Crocosmia aurea,1,t0073550,accepted
5c79869c-aad8-4ced-96f4-8cbd33850ad0,species,Plantae,"",Iris formosana,1,t0054078,accepted
0281a375-2b20-4ff0-84d7-1d44591d3224,species,Plantae,"",Iris nantouensis,1,t0054080,accepted
d58fe0aa-da26-44a3-8131-16e217fd6c0b,species,Plantae,"",Iris ensata,1,t0074381,accepted
bc6a56e1-7d64-44ec-b871-63befa64b750,species,Plantae,"",Iris japonica,1,t0054079,accepted
baabb5a0-dec8-4516-8bbb-11e3d5bb45b2,species,Plantae,"",Trimezia northiana,1,t0054554,not-accepted
8d6b067b-dc3c-4cff-88f5-16d5a6d89ab3,species,Plantae,"",Sisyrinchium exile,1,t0055354,accepted
97907357-bad7-42a9-bce5-29f83b8e4403,species,Plantae,"",Sisyrinchium iridifolium,1,t0055355,accepted
ff7cde6f-43e6-484a-882f-b50cbdc56b2c,species,Plantae,"",Moraea iridioides,1,t0054495,accepted
67f43dc2-8749-4430-a43f-ba7478f1f6a2,species,Plantae,"",Freesia refracta,1,t0074013,accepted
e423949c-083b-40f9-bf26-3c66e32f4537,species,Plantae,"",Tritonia pottsii,1,t0069701,accepted
e85e9ac5-ef76-4c28-9a0c-4a3661b6c8d6,species,Plantae,"",Allium ascalonicum,1,t0033691,accepted
fd20b992-f883-4c07-ae1d-4c452ba1a59c,species,Plantae,"",Allium bakeri,1,t0033693,not-accepted
7c77bd9f-a40a-4484-8362-917c2ee898a9,species,Plantae,"",Allium chinense,1,t0033693,accepted
cc360e95-5ea6-46d1-92de-1772830c59db,species,Plantae,"",Allium fistulosum,1,t0033694,accepted
ba3ab3a9-2664-4dac-98ca-785bdfa12fdf,species,Plantae,"",Allium macrostemon,1,t0033695,not-accepted
fbc52c4b-cc67-4124-a39f-ecc4dc9bf797,species,Plantae,"",Allium thunbergii,1,t0033698,accepted
70387a9a-45ea-4322-817d-b534596797f9,species,Plantae,"",Allium tuberosum,1,t0033699,accepted
161aa8d6-2b4f-40f6-9a2e-b3df83381f9e,species,Plantae,"",Allium rosenbachianum,1,t0060902,accepted
ede7aa74-fd26-4322-a08f-3b6a610b2f48,species,Plantae,"",Allium tenuissimum,1,t0125904,accepted
b9b36b2d-4264-4e8b-88c8-a264618dd04e,species,Plantae,"",Crinum asiaticum,1,t0053156,accepted
76b9c0a1-0162-4a0f-8576-d91d96481929,species,Plantae,"",Lycoris aurea,1,t0058475,accepted
17608c5d-d5cb-425a-a497-8f4cf72c973b,species,Plantae,"",Lycoris albiflora,1,t0074667,accepted
4a913015-b5d5-48ad-ba63-99fa8ab81a8e,species,Plantae,"",Lycoris squamigera,1,t0074669,accepted
66d39e59-52b3-4633-b9ed-92b06c819880,species,Plantae,"",Amaryllis bellodonna,1,t0060925,accepted
a15f4a4b-cda6-4cd4-b3ee-622220931275,species,Plantae,"",Cyrtanthus mackenii,1,t0073613,accepted
942428a8-dde5-4b59-b262-81caf4f54497,species,Plantae,"",Cyrtanthus ochroleucus,1,t0073614,accepted
8b140254-c6d5-4383-a772-b8da2703e7bb,species,Plantae,"",Haemanthus multiflorus,1,t0074205,accepted
477f67e9-3301-49ac-b28f-355dd574327e,species,Plantae,"",Hippeastrum reginae,1,t0074296,accepted
35e50dc8-7758-463f-97d6-0b47889775ab,species,Plantae,"",Hippeastrum vittatum,1,t0074297,accepted
a355c59e-2faf-4b74-a4ff-03a71db10de1,species,Plantae,"",Hippeastrum gracile,1,t0074293,accepted
18d61c50-086d-4a4b-9cc7-6a97b3d19d86,species,Plantae,"",Hymenocallis speciosa,1,t0058045,accepted
af888285-1c45-409b-9864-eb9ee981b730,species,Plantae,"",Narcissus pseudo-narcissus,1,t0074884,accepted
345fd02d-7023-4b98-be32-6e4a0a7bd041,species,Plantae,"",Narcissus tazetta,1,t0074885,accepted
3bf7d43c-c180-4097-8c47-85c606681819,species,Plantae,"",Zephyranthes candida,1,t0049381,accepted
523df0bf-5cfb-46de-8067-af3b5d4fd734,species,Plantae,"",Zephyranthes carinata,1,t0049382,accepted
be4cc431-2f4e-475d-b548-c98ee4f8569f,species,Plantae,"",Clivia nobilis,1,t0073301,accepted
8fc6aa99-a25a-4c31-b44c-d3ba8cde001c,species,Plantae,"",Agave filifera,1,t0033634,accepted
21c5881c-a75c-4628-abe3-816e9bf42214,species,Plantae,"",Agave sisalana,1,t0033636,accepted
af1a22a6-08dc-42d5-b2a0-f9bc9bf4d77b,species,Plantae,"",Agave univittata,1,t0033637,accepted
e010343f-6e44-42a5-b678-5017554c9641,species,Plantae,"",Agave angustifolia,1,t0060870,accepted
d3250f0a-dd96-46ce-b80a-daba98e1cd1a,species,Plantae,"",Agave attenuata,1,t0060872,accepted
5fb0d774-0235-475e-bab8-9d18ec297d2e,species,Plantae,"",Agave ferdinandi-regis,1,t0060875,accepted
fa68db94-73fd-472d-a95c-251ffa311b84,species,Plantae,"",Agave lophantha,1,t0033637,not-accepted
f4829a32-d982-46fc-920b-6fe671cfc996,species,Plantae,"",Agave rigida,1,t0099290,accepted
7525a3ff-e6ad-476a-a98c-b188aa0e5e97,species,Plantae,"",Agave schidigera,1,t0060876,accepted
c35fc2ee-2834-424d-a6f6-9d1346756283,species,Plantae,"",Agave victoriae-reginae,1,t0060877,accepted
e07897aa-43c5-446d-87cb-fa423497966a,species,Plantae,"",Asparagus cochinchinensis,1,t0040286,accepted
f32b5cb8-927c-42fc-b990-c736b3d87d8f,species,Plantae,"",Asparagus officinalis,1,t0052653,accepted
60b6280b-f32d-4c6b-adf0-507ef1d17265,species,Plantae,"",Asparagus myriocladus,1,t0061062,accepted
bd4863b0-3db8-4e80-bb83-3d14d25a46be,species,Plantae,"",Aspidistra mushaensis,1,t0102658,accepted
e785ffed-a125-4bdc-af56-e26e3e1342cc,species,Plantae,"",Barnardia japonica,1,t0058224,accepted
6d7c5919-95ed-4f93-ab75-4c35b4b3172e,species,Plantae,"",Chlorophytum comosum,1,t0052987,accepted
8c783cae-82e8-4cb2-9cf0-545344c93dfd,species,Plantae,"",Cordyline terminalis,1,t0100768,accepted
55a52301-9836-4373-b0e0-56ef7fcd16ea,species,Plantae,"",Cordyline stricta,1,t0073451,accepted
684788ec-f8cc-452d-ae84-d0e7d779c7c5,species,Plantae,"",Dracaena angustifolia,1,t0057287,accepted
9a6d0fa5-6d75-4264-911e-dd97eef9bba1,species,Plantae,"",Dracaena fragrans,1,t0053442,accepted
3a421302-c61e-44f1-a1ba-8e754b7e099f,species,Plantae,"",Dracaena marginata,1,t0053444,accepted
a9257c1e-4a69-45a8-9264-93c5ef76aa82,species,Plantae,"",Dracaena curtisii,1,t0073744,accepted
291a580c-6e39-4ada-8992-3848611fb237,species,Plantae,"",Dracaena deremensis,1,t0053442,not-accepted
03d67caf-83c0-4c25-8e21-385dcea0f380,species,Plantae,"",Dracaena reflexa,1,t0053445,accepted
3c188dd0-cef6-4afa-9c66-d07ca31c0601,species,Plantae,"",Liriope minor,1,t0054280,accepted
d467b5fa-6e6d-4686-a7ed-f9e74cc9f292,species,Plantae,"",Ophiopogon intermedius,1,t0054626,accepted
4bf48f76-c60c-4d78-82b4-aa9903cb533d,species,Plantae,"",Ophiopogon formosanum,1,t0054626,not-accepted
a010dde1-f5ab-4f84-bb17-aa4578df5c88,species,Plantae,"",Ophiopogon jaburan,1,t0054627,misapplied
54755880-f201-4745-be41-428a659ee87b,species,Plantae,"",Ophiopogon scaber,1,t0054626,not-accepted
8a46ffd1-02c8-43ac-9978-9ad26f8f5484,species,Plantae,"",Ornithogalum caudatum,1,t0075022,accepted
04825583-4cd7-4718-beb7-37c6bc652eb5,species,Plantae,"",Peliosanthes teta,1,t0054733,accepted
30b4f30a-9f52-4fba-a910-dcd509d35d45,species,Plantae,"",Peliosanthes arisanensis,1,t0054732,not-accepted
2b5eeb3f-3a45-4e4d-85af-f78771d08876,species,Plantae,"",Peliosanthes tashiroi,1,t0054732,not-accepted
c0311e28-0b71-4be4-9bba-4bc606c75577,species,Plantae,"",Polygonatum odoratum,1,t0075441,accepted
ef4b37d0-59ab-434e-8f97-eac0162aaf2c,species,Plantae,"",Sansevieria nilotica,1,t0075736,accepted
dc0b7ea5-aa15-46fe-bdc5-426123560d3a,species,Plantae,"",Sansevieria stuckyi,1,t0075737,accepted
666aaf34-a37b-4a0e-91e9-b9297f851ea3,species,Plantae,"",Thysanotus chinensis,1,t0055613,accepted
246d26d6-1b10-4ba4-91f0-a01316063cbd,species,Plantae,"",Yucca aloifolia,1,t0049362,accepted
49fd23bc-958a-487a-bcfa-c48a685489fe,species,Plantae,"",Yucca elephantipes,1,t0049363,not-accepted
2a3a8a4a-9ab0-4dac-9b2a-58668117aa30,species,Plantae,"",Yucca gloriosa,1,t0049365,accepted
6f60b22a-50e9-4a1f-b037-1213723d618e,species,Plantae,"",Furcraea cubensis,1,t0074069,accepted
13126fcc-e164-41fa-9de6-fdee2e9e161f,species,Plantae,"",Furcraea gigantea,1,t0074070,accepted
731287ec-d52a-42cf-9624-6ba008b9f65e,species,Plantae,"",Furcraea foetida,1,t0103257,accepted
d3f251b1-386b-4cde-8eb3-4a1ef8318a00,species,Plantae,"",Nolina recurvata,1,t0072825,not-accepted
07f4c67d-3ca4-4a68-97ab-7c1634b3126d,species,Plantae,"",Convallaria majalis,1,t0073442,accepted
44848783-d11b-48ca-a4fe-9fa63381b24c,species,Plantae,"",Eucomis undulata,1,t0073907,accepted
6b845520-7842-40bd-aebc-7831e5e9f443,species,Plantae,"",Hyacinthus orientalis,1,t0074322,accepted
52ac3271-6c60-49b2-925e-3639a7bc5632,species,Plantae,"",Scilla violacea,1,t0075846,not-accepted
9915220d-2b6a-46ef-a3b4-1a8e07817c39,species,Plantae,"",Aloe brevifolia,1,t0052561,accepted
bc1867b6-7a0a-4e9b-b9ff-ad2cff1bd8f7,species,Plantae,"",Aloe ferox,1,t0033705,accepted
79d9f8f4-2ea6-45dd-91ef-0f449f53b5ed,species,Plantae,"",Aloe humilis,1,t0033706,accepted
ca0b0677-87ed-48fa-af4f-89ac59fd79ca,species,Plantae,"",Aloe millotii,1,t0052564,accepted
020cfe70-d7cd-4b60-a9ea-a3e5750cef75,species,Plantae,"",Hemerocallis fulva,1,t0053918,accepted
53c025a9-52e6-4beb-bc4b-dce87778947b,species,Plantae,"",Gasteria maculata,1,t0074084,accepted
1afd7755-c3f7-435e-8fb9-c355eb1e89ec,species,Plantae,"",Haworthia caespitosa,1,t0074228,accepted
10132639-6cd2-46c5-85af-408fce6ddd98,species,Plantae,"",Haworthia cymbiformis,1,t0074229,accepted
6839ccd1-c1ff-4db5-8c00-1ffa613f179b,species,Plantae,"",Haworthia limifolia,1,t0074231,accepted
374e7c8f-947e-4761-9695-2480a4764826,species,Plantae,"",Haworthia radula,1,t0074236,accepted
69a89d56-fb5e-46d7-ac6c-8e74fb778f82,species,Plantae,"",Haworthia retusa,1,t0074237,accepted
ed59d09d-018e-44b1-bd4e-38a246fdfd75,species,Plantae,"",Haworthia setata,1,t0074240,accepted
53c878a2-99c1-4e77-b28b-d95e366a07cf,species,Plantae,"",Acoelorraphe wrightii,1,t0060797,accepted
ac55d86f-c7cc-4aca-8f15-21efdfc95937,species,Plantae,"",Aiphanes horrida,1,t0060888,accepted
1dc42cf3-9eb9-44e5-b002-ae9dd94d4592,species,Plantae,"",Aiphanes erosa,1,t0060887,accepted
d9f787f9-56d7-44d1-aca7-ae406a485fc0,species,Plantae,"",Areca catechu,1,t0040238,accepted
f56dffde-8047-4735-ac16-b42df60e8db3,species,Plantae,"",Arenga engleri,1,t0103230,accepted
f9c68ad8-28b0-473e-be32-a2cbca0cfdeb,species,Plantae,"",Arenga pinnata,1,t0061032,accepted
6aa408ea-2ce6-4197-adc6-44aa8b821815,species,Plantae,"",Arenga undulatifolia,1,t0061033,accepted
39747939-9213-4112-b301-7efe84a18e72,species,Plantae,"",Bactris major,1,t0072772,accepted
9d5f1ba9-e045-4831-9e31-2a10e4f46432,species,Plantae,"",Butia capitata,1,t0040521,accepted
8f326209-5091-44d2-b12c-ea9331ba8f85,species,Plantae,"",Calamus beccarii,1,t0052766,accepted
c41634a7-03c1-429b-a928-da44badbbc3d,species,Plantae,"",Caryota mitis,1,t0052877,accepted
ce52e39c-cc37-4fa5-98d8-af2d5893bd94,species,Plantae,"",Chamaedorea elegans,1,t0073156,accepted
35547a1d-25e1-4790-8df0-61d32b76d1cd,species,Plantae,"",Chamaedorea erumpens,1,t0052944,not-accepted
bfea9bab-56ff-4890-899a-7fae861b7168,species,Plantae,"",Chamaedorea metallica,1,t0073157,accepted
26c5bef9-73c1-41a0-bb89-858ec43cfb21,species,Plantae,"",Chrysalidocarpus madagascarienis,1,t0073229,accepted
ab2bcdf4-49d9-4071-8bfe-66adb01b280b,species,Plantae,"",Cocos nucifera,1,t0053079,accepted
25fa8166-2fd3-4fb9-80b5-46a4724c5834,species,Plantae,"",Copernicia macroglossa,1,t0073444,accepted
abf09345-e220-4902-8339-b0f002a78495,species,Plantae,"",Hyophorbe verschaffeltii,1,t0074343,accepted
cbfac8cc-7942-4788-a30f-c6fca47c5681,species,Plantae,"",Licuala grandis,1,t0074583,accepted
45e54b99-3a45-4def-b908-ac8229a02b72,species,Plantae,"",Livistona chinensis,1,t0074613,accepted
0b2c25c8-52d8-4aa3-979e-307f3ec2f98f,species,Plantae,"",Livistona hasseltii,1,t0074614,accepted
74566864-e64d-443e-8fcd-b9d957c9f147,species,Plantae,"",Livistona hoogendorpii,1,t0074615,accepted
328ba04b-6e47-4e95-9410-fb141c8c19aa,species,Plantae,"",Livistona rotundifolia,1,t0054301,accepted
f2c35ef4-08dc-41f5-bc9d-bbf7d1459f3a,species,Plantae,"",Phoenix loureiroi,1,t0100834,accepted
108e66f6-59d1-4d1a-b295-551c5935d09a,species,Plantae,"",Phoenix dactylifera,1,t0100833,accepted
ac83690c-0ec4-4768-8dcb-81def40f279c,species,Plantae,"",Pseudophoenix vinifera,1,t0075506,accepted
54c121a0-abd6-435f-8fbe-b069095c09ab,species,Plantae,"",Raphia pedunculata,1,t0075609,accepted
19c14aa4-5917-4545-90f8-43a10bdc798a,species,Plantae,"",Rhapis excelsa,1,t0055064,accepted
a8d17804-b110-4f82-b253-6ebcbe5b10a4,species,Plantae,"",Rhapis humilis,1,t0075633,accepted
948ddee3-98c8-4c18-9eb7-5fddd2d478fe,species,Plantae,"",Roystonea regia,1,t0055129,accepted
063f8b87-9e74-4753-9947-bdb8e429cdb7,species,Plantae,"",Salacca edulis,1,t0058180,not-accepted
52312c9e-7f14-40a8-84bc-dfde900d64f9,species,Plantae,"",Salacca zalacca,1,t0058180,accepted
49a7afa7-a977-4cad-b8dd-ed07d9ea09af,species,Plantae,"",Veitchia merrillii,1,t0069773,accepted
2ffe1e30-3d0a-4774-b5b2-5000922935df,species,Plantae,"",Washingtonia filifera,1,t0057495,accepted
14d6e9ba-ede7-43cd-a0e0-656bd3d41911,species,Plantae,"",Archontophoenix alexandrae,1,t0061023,accepted
46959e4e-38f4-41fd-8a5a-cbeec5b12c0e,species,Plantae,"",Collinia elegans,1,t0073156,not-accepted
5a50161c-57ba-4332-9988-fc778a03577c,species,Plantae,"",Corypha elata,1,t0073461,accepted
6803a7a9-0f54-46cd-acc1-483a72a1b316,species,Plantae,"",Corypha umbraculifera,1,t0073462,accepted
16ae3bca-3ead-435a-ac4c-87ebb747eb60,species,Plantae,"",Howea belmoreana,1,t0074315,accepted
c914875c-c47e-440a-b456-a58ff507facd,species,Plantae,"",Latania lontaroides,1,t0074488,accepted
c422d65c-e37e-4da8-8208-2bb454e4b060,species,Plantae,"",Neodypsis decaryi,1,t0054543,not-accepted
daef176b-d976-4a22-aa4d-a6db8bc9ee64,species,Plantae,"",Neodypsis lastelliana,1,t0073774,not-accepted
9610d287-c407-4fef-98af-5b28f6a0983e,species,Plantae,"",Orbignya cohune,1,t0075018,accepted
b2752a9d-9d39-4475-9817-a640ece41be5,species,Plantae,"",Ptychosperma angustifolium,1,t0054993,accepted
a69f0f81-4a7c-4efd-ac98-e1c34a978542,species,Plantae,"",Ptychosperma elegans,1,t0054994,accepted
180a865a-3589-487d-92cc-9bdb680fde55,species,Plantae,"",Ptychosperma macarthuri,1,t0054995,not-accepted
e8784ae4-7f43-4f3f-ae9a-fdba00111600,species,Plantae,"",Reinhardtia gracilis,1,t0075620,accepted
8abdbf3b-93ed-4281-9922-08c581ed515d,species,Plantae,"",Amischotolype hispida,1,t0040144,accepted
4ac672e1-83fb-4653-9951-8bfefece8ef7,species,Plantae,"",Belosynapsis kawakamii,1,t0040368,accepted
b87ce95f-d5a2-46fb-9094-ec7397d90450,species,Plantae,"",Callisia fragrans,1,t0040558,accepted
9b34e993-2189-4f06-a4a1-9c8cab87521e,species,Plantae,"",Commelina communis,1,t0053099,accepted
21208a11-8668-483c-bb47-7204c481e710,species,Plantae,"",Commelina diffusa,1,t0053100,accepted
6793ced4-2baa-4186-a8c7-182c26bee5d0,species,Plantae,"",Commelina paludosa,1,t0053101,accepted
de502bff-1052-48be-95a1-c609b070a1ec,species,Plantae,"",Cyanotis arachnoidea,1,t0053219,accepted
08de2b01-b024-426d-a6e4-18ac946100fd,species,Plantae,"",Cyanotis axillaris,1,t0058892,accepted
e170fe54-18b0-43ba-b9c1-b8b863e0907d,species,Plantae,"",Floscopa scandens,1,t0053728,accepted
2158d2eb-5aca-45b7-8df5-0b0e827d48be,species,Plantae,"",Gibasis pellucida,1,t0074107,accepted
47d13757-7845-4e4e-8f4a-9117a8df1706,species,Plantae,"",Murdannia edulis,1,t0054506,accepted
c0264993-4116-4ef8-ae83-42ac7fd2a82f,species,Plantae,"",Murdannia formosana,1,t0054506,not-accepted
2983281c-0d61-4411-bbe2-04b6c91899d0,species,Plantae,"",Murdannia nudiflora,1,t0074858,accepted
3bc77277-bc07-4c25-9cf1-8823bdf54cf5,species,Plantae,"",Pollia miranda,1,t0059071,accepted
3f3afa60-e6d6-47ee-a8a9-5c13a8a74731,species,Plantae,"",Tradescantia albiflora,1,t0055634,not-accepted
121311f4-be29-4318-bf6a-fd467cf8dbd5,species,Plantae,"",Tradescantia reflexa,1,t0055635,accepted
12d38e52-65dd-4d2b-bc8e-db250216425f,species,Plantae,"",Dichorisandra reginae,1,t0073666,accepted
a07e780b-a818-466c-b017-6aeb69b22242,species,Plantae,"",Geogenanthus undatus,1,t0074103,accepted
761ca60e-65c4-406d-9c6d-e77262ad59f6,species,Plantae,"",Rhoeo discolor,1,t0055636,not-accepted
15fb0018-3760-4ac0-8ad6-33b34d567a6a,species,Plantae,"",Rhoeo spathacea,1,t0055636,not-accepted
4fa13534-9fc0-4286-809b-d512cdd3f5c3,species,Plantae,"",Setcreasea purpurea,1,t0058426,not-accepted
2f826038-1124-4a9c-8eb6-08dbf9e55137,species,Plantae,"",Philydrum lanuginosum,1,t0054778,accepted
b26179e9-c2ea-4872-8d6b-f9588a267b02,species,Plantae,"",Eichhornia crassipes,1,t0053480,accepted
4dce83b8-b751-4742-b619-99c2539f04dc,species,Plantae,"",Monochoria vaginalis,1,t0054489,not-accepted
e63fd3da-6c3b-4a8b-a2ad-403b5924686b,species,Plantae,"",Canna edulis,1,t0040616,not-accepted
36f262cd-54d4-4864-8966-1458d3265719,species,Plantae,"",Canna warscewiczii,1,t0040616,not-accepted
ad82b693-d7d4-432d-9791-62ce742be9c3,species,Plantae,"",Canna coccinea,1,t0040616,not-accepted
5214bbf2-4eb6-428c-9d6d-635dee2f44f3,species,Plantae,"",Canna patens,1,t0040616,not-accepted
e64bdf33-d545-4b75-9e45-ff0f9fd7d356,species,Plantae,"",Canna reevesii,1,t0040615,not-accepted
949fc55d-7547-4a29-9c7f-7826264195b7,species,Plantae,"",Costus igneus,1,t0073529,accepted
073e5a04-52b3-4dda-a272-1a825c240078,species,Plantae,"",Costus malortieanus,1,t0073530,accepted
6afaf5c4-3782-4d23-81b1-80e432de8d7a,species,Plantae,"",Heliconia psittacorum,1,t0053910,accepted
0c27ad72-d5fb-4663-a232-e91b882f0691,species,Plantae,"",Heliconia rostrata,1,t0074252,accepted
3c29b4bf-e226-4a5f-bfac-115d32fe7b87,species,Plantae,"",Ensete glaucum,1,t0053532,accepted
c9d1c33f-6d4e-4b8a-9dec-ed1efe884b53,species,Plantae,"",Musa balbisiana,1,t0054512,accepted
fff0f910-9ed2-4ab4-8711-51da6fab35d7,species,Plantae,"",Musa basjoo,1,t0103671,accepted
9a42156d-13a6-4f38-b399-0099ed0aafc0,species,Plantae,"",Strelitzia reginae,1,t0055469,accepted
0a0c93cc-7df9-4b44-9c48-6f521baaee9d,species,Plantae,"",Strelitzia subulata,1,t0076037,accepted
b1ba53d0-53f2-4654-9f5a-2625ed7c2412,species,Plantae,"",Calathea makoyana,1,t0040552,accepted
f324322f-8062-4ef6-8b5d-a195004e9665,species,Plantae,"",Calathea musaica,1,t0040551,not-accepted
70bb70a2-a9ef-440f-a661-d9e75fd08c53,species,Plantae,"",Calathea princeps,1,t0072965,accepted
9f4bd798-e193-4958-bc95-eec047bbabd6,species,Plantae,"",Calathea undulata,1,t0072967,accepted
98170594-c0d9-41d1-8001-242e21775e0d,species,Plantae,"",Ctenanthe setosa,1,t0058888,accepted
282e5824-6b65-46fc-89e0-89960b3c8fef,species,Plantae,"",Maranta bicolor,1,t0040553,not-accepted
1733d3d3-fdb6-4478-a5b9-57f9957e4e6b,species,Plantae,"",Stromanthe thalia,1,t0055476,accepted
cb5e415f-db73-4678-9f0a-1912b626702b,species,Plantae,"",Alpinia flabellata,1,t0033714,accepted
273cff43-8bcb-43c0-8229-da1e000cd88f,species,Plantae,"",Alpinia japonica,1,t0033718,accepted
495859b8-b8ab-4042-96e5-623c9e084fd0,species,Plantae,"",Alpinia nantoensis,1,t0052569,accepted
f786fed5-04b2-4752-a3bb-b9ff35a2697c,species,Plantae,"",Alpinia oui,1,t0052570,accepted
13c715c9-18cb-4f8a-b0f4-e6b8981595c4,species,Plantae,"",Alpinia shimadae,1,t0033722,accepted
f9bd1a69-7da8-4949-bf9d-4ba4b254f358,species,Plantae,"",Amomum amarum,1,t0060930,accepted
5a1db598-1ae9-4238-b285-8bfaf44b1c17,species,Plantae,"",Amomum xanthioides,1,t0060932,accepted
57eb3572-af22-4a24-9153-6090942fafbf,species,Plantae,"",Curcuma zedoaria,1,t0053211,accepted
4fa01bc4-ca98-4898-8cbe-db42f567085c,species,Plantae,"",Curcuma domestica,1,t0053208,not-accepted
7cb5de97-97b6-46f5-a3d3-cf1585ce3430,species,Plantae,"",Nicolaia elatior,1,t0074935,accepted
f6adfc8b-891c-4d66-96dd-c1eebbfd9604,species,Plantae,"",Vanoverberghia sasakiana,1,t0049258,accepted
42e5c892-fdab-4137-94c3-9eab974c83a7,species,Plantae,"",Zingiber kawagoii,1,t0049396,not-accepted
95503ed2-0a66-4644-aca4-dd2ed7f8a2d3,species,Plantae,"",Zingiber officinale,1,t0049394,accepted
44480ba6-03fc-47f3-86bf-12a4c3489128,species,Plantae,"",Zingiber oligophyllum,1,t0049395,accepted
87c88ee2-aabe-4038-b253-3aad85f27a8f,species,Plantae,"",Zingiber shuanglongensis,1,t0069852,not-accepted
4c52bb7c-aec8-46dc-bd1c-fde9b20f98c2,species,Plantae,"",Zingiber zerumbet,1,t0049397,accepted
e6678aec-ff4d-486a-bc72-06276cca93f0,species,Plantae,"",Zingiber koshunensis,1,t0049396,not-accepted
a723f918-e83c-4baf-96cd-4f8650b82b67,species,Plantae,"",Typha angustifolia,1,t0055699,accepted
5b2ed940-15f1-4142-8c16-a6f910a3d2f4,species,Plantae,"",Aechmea angustifolia,1,t0033610,accepted
a3343d62-2244-4e02-afa4-673f85cee034,species,Plantae,"",Aechmea fasciata,1,t0033611,accepted
62e37552-606c-4a02-b2f3-7194bf8bc85f,species,Plantae,"",Aechmea fulgens,1,t0033612,accepted
99a9db0e-db44-4a7a-9957-92710c73d4c4,species,Plantae,"",Aechmea amazonica,1,t0060835,accepted
a3ae9992-9c9e-41e2-81cf-2590800eab3f,species,Plantae,"",Aechmea lueddemanniana,1,t0060840,accepted
e8fe086d-d32a-4183-84e5-91aff1e3fe3a,species,Plantae,"",Aechmea organensis,1,t0060843,accepted
fe159189-e10a-4438-a361-51f0c5be31fd,species,Plantae,"",Aechmea pineliana,1,t0060844,accepted
ec6be108-ee09-436e-8aef-7b4c95145f7b,species,Plantae,"",Acanthostachys strobilacea,1,t0060789,accepted
8bf17592-b2bb-4c83-9b61-35198f6c840b,species,Plantae,"",Billbergia nutans,1,t0072861,accepted
8a34e03e-81af-4383-94d7-c452f0c727a2,species,Plantae,"",Cryptanthus bivittatus,1,t0053187,accepted
0338ba3e-0444-4fe0-b2bf-56b5a0547f2c,species,Plantae,"",Cryptanthus zonatus,1,t0058885,accepted
b18e9ac6-5f93-447e-8066-c8e8f47cfea7,species,Plantae,"",Cryptanthus diversifolius,1,t0073562,accepted
c0c34d48-5705-467e-9e7e-854667953aa4,species,Plantae,"",Neoregelia spectabilis,1,t0058624,accepted
e5c1e5ed-c317-4a19-8330-4804d51496de,species,Plantae,"",Neoregelia ampullacea,1,t0074910,accepted
5ae4ce1c-95df-4c76-a218-774251d1ecd9,species,Plantae,"",Neoregelia carolinae,1,t0074911,accepted
1e55c41a-ef9b-406d-8b5f-f31301c4c0b5,species,Plantae,"",Pitcairnia corallina,1,t0075335,accepted
e8cf35b3-212c-4687-ade5-3aab1fa3e6eb,species,Plantae,"",Tillandsia cyanea,1,t0069638,accepted
173fe2a5-c603-4a60-aef1-d0d448fed977,species,Plantae,"",Tillandsia lindenii,1,t0069641,accepted
61b74616-2e9d-447a-8872-09c8e352bc21,species,Plantae,"",Vriesea splendens,1,t0049339,not-accepted
5ca14587-c6c3-47c4-8881-186ab9293c5f,species,Plantae,"",Vriesea carinata,1,t0049338,accepted
f1bea974-6d81-42f6-9937-5abae2b014ce,species,Plantae,"",Vriesea fenestralis,1,t0069800,accepted
11f3ec80-335a-45c8-a3cb-6c53df5cb0a9,species,Plantae,"",Vriesea psittacina,1,t0069802,accepted
6fe03791-bfb1-4cf5-b80b-c8f44a44ea5f,species,Plantae,"",Vriesea saundersii,1,t0069803,accepted
1ba3e952-8af4-47e2-8188-382ce340f359,species,Plantae,"",Vriesea speciosa,1,t0049339,not-accepted
3c4c9cdc-63ee-4207-939e-912e551a3243,species,Plantae,"",Canistrum lindenii,1,t0073031,accepted
87897db6-5272-4bc1-855a-4262b8f64f19,species,Plantae,"",Dyckia altissima,1,t0073772,accepted
db01520b-90db-45f1-9f2d-86774ec18568,species,Plantae,"",Dyckia brevifolia,1,t0073773,accepted
ccd0866d-32ce-43dc-939b-37b55294fc8b,species,Plantae,"",Hechtia glomerata,1,t0074245,accepted
27c3321b-dce8-4aff-823b-c71b66eb5bf1,species,Plantae,"",Nidularium fulgens,1,t0074938,accepted
f3d903c9-016e-41bb-b1ec-3e68e22044c9,species,Plantae,"",Nidularium innocentii,1,t0074939,accepted
26adcaa9-991d-4b90-adf7-ccd276a0a8da,species,Plantae,"",Xyris formosana,1,t0049357,accepted
fbf63094-14fe-4753-a2d5-9ec75d43cb69,species,Plantae,"",Xyris indica,1,t0049358,accepted
8d6ade1d-0d2d-4d33-b9df-1164c7763d1f,species,Plantae,"",Xyris complanta,1,t0069829,accepted
8afec817-e3bb-4071-b6ce-7a7f14bc8bf2,species,Plantae,"",Eriocaulon buergerianum,1,t0053586,accepted
11903038-2008-4287-8050-540fd1a87d2d,species,Plantae,"",Eriocaulon nepalense,1,t0053589,accepted
d14c16d2-c428-4fbb-b3b6-e7e8a7d85923,species,Plantae,"",Eriocaulon chishingsanensis,1,t0053586,not-accepted
be218ef2-a395-428f-afbc-227359ca6035,species,Plantae,"",Eriocaulon merrillii,1,t0053592,not-accepted
6992b429-8654-43b2-b7c2-1af978879ecb,species,Plantae,"",Juncus effusus,1,t0100339,accepted
8eab415f-aa33-4271-a23b-04370bbea337,species,Plantae,"",Juncus imbricatus,1,t0054123,accepted
82f56645-441e-4a19-85dd-e488ce4ff013,species,Plantae,"",Juncus tobdenii,1,t0054129,not-accepted
d3c02e60-5a21-4e6a-aa07-083c1ba0b486,species,Plantae,"",Juncus triflorus,1,t0054130,accepted
6be3c2df-0ce9-46b9-bbc1-0de688c3cdab,species,Plantae,"",Juncus wallichianus,1,t0054131,accepted
a875f48c-9601-49fd-b9e3-2e14f0d4e6a4,species,Plantae,"",Juncus kuohii,1,t0054124,accepted
28344b82-e21d-442a-99ea-367e1e7ec31b,species,Plantae,"",Juncus bufonius,1,t0054122,accepted
e6d0eb0c-9fa4-40c9-8e07-66aca3255ce4,species,Plantae,"",Luzula plumosa,1,t0054344,accepted
ee279c06-ed49-4a47-a61b-657af7115beb,species,Plantae,"",Luzula taiwaniana,1,t0054345,accepted
daee7ede-e993-4a89-b12b-9e657bb9d36b,species,Plantae,"",Bulbostylis barbata,1,t0040513,accepted
30755bd0-c954-4f2a-8bc2-7d6383ac2f06,species,Plantae,"",Bulbostylis densa,1,t0040515,accepted
45c160cb-1d5e-44ca-91a8-c6afce243cd3,species,Plantae,"",Carex alliiformis,1,t0052807,accepted
28c2ea1e-ec9a-4d7a-9b8c-cc86628d33bc,species,Plantae,"",Carex alterniflora,1,t0052809,accepted
27c5ee15-75d3-4c5a-8b3b-451628ecea05,species,Plantae,"",Carex atrata,1,t0052811,accepted
6408d7df-bb60-4454-842f-f8e2e1d9ce62,species,Plantae,"",Carex baccans,1,t0052812,accepted
6e2089ff-1f16-4607-86e8-69b4e9217de1,species,Plantae,"",Carex brachyathera,1,t0052814,not-accepted
f030110e-6436-4fa3-b27e-e5a9e6348469,species,Plantae,"",Carex brevicuspis,1,t0052816,accepted
fcdfd066-2b02-462d-b90b-e1a79d15b02d,species,Plantae,"",Carex capillacea,1,t0052820,accepted
a34b09ad-4e76-438d-b28f-aa2ab3bdf962,species,Plantae,"",Carex chrysolepis,1,t0052822,accepted
d2c2e3e3-f9f4-4623-93c7-f5bce2598b99,species,Plantae,"",Carex cruciata,1,t0073043,accepted
1cc770f7-a627-4c34-85f0-388ceee9bf76,species,Plantae,"",Carex daibuensis,1,t0102088,accepted
455ffcdc-4f2a-45cf-b4d0-dbe8847d6cdd,species,Plantae,"",Carex daxinensis,1,t0052824,accepted
a9c6297a-39f1-411c-ac47-abecbe026583,species,Plantae,"",Carex dimorpholepis,1,t0052825,accepted
9ce35bc9-fdd1-4727-9908-05c16a05e921,species,Plantae,"",Carex echinata,1,t0052827,accepted
608ad7c8-9378-4db8-8d2a-0f5961b59eb8,species,Plantae,"",Carex formosensis,1,t0052830,accepted
bbfdf722-cb23-4545-8a01-4ba503f2767b,species,Plantae,"",Carex gentilis,1,t0100695,accepted
161da197-ad8a-4204-8da3-ad29029441f0,species,Plantae,"",Carex kiotensis,1,t0052833,accepted
7245b3e0-989d-4113-ab0e-4e54a696225a,species,Plantae,"",Carex liui,1,t0052836,accepted
c5d4ca11-1b0e-4c59-96e6-b93bda178dd2,species,Plantae,"",Carex longistipes,1,t0052837,accepted
9df7c8c8-9398-48dc-937e-d534a8bd0637,species,Plantae,"",Carex macrandrolepis,1,t0052838,accepted
a2978f69-329f-49be-94c8-bc6557557215,species,Plantae,"",Carex maculata,1,t0052839,accepted
bc1e90d1-a088-400a-b2c5-c8abb6c9410b,species,Plantae,"",Carex metallica,1,t0052842,accepted
63f92ad5-10f1-41d9-b199-37bcdaf6b915,species,Plantae,"",Carex mitrata,1,t0100701,accepted
f6b8d4a1-71ff-4527-a685-197525af22f9,species,Plantae,"",Carex mollicula,1,t0052843,accepted
2d140f79-4ed5-48fb-8b4a-92cc77cc288d,species,Plantae,"",Carex nemostachys,1,t0052845,accepted
da751456-7364-4d4e-be2d-c6d46d7ed516,species,Plantae,"",Carex nubigena,1,t0052846,accepted
bb322e13-af6e-436c-861c-fddaa2b81330,species,Plantae,"",Carex perakensis,1,t0052849,accepted
77b8e713-67c1-47d0-bb24-0349c472b91d,species,Plantae,"",Carex phacota,1,t0052850,accepted
ef87386d-ab80-4707-ba8d-bf478506f33f,species,Plantae,"",Carex pumila,1,t0052851,accepted
3f97b521-0d4e-47d5-a9df-5900a8b692d9,species,Plantae,"",Carex rhynchachaenium,1,t0052854,accepted
736548a7-8b3b-404a-ae39-7881876e4dbe,species,Plantae,"",Carex rochebrunii,1,t0058729,not-accepted
7f7f3b68-b282-4ee1-8cae-4177be41d8bf,species,Plantae,"",Carex satsumensis,1,t0125475,accepted
40331f24-8ecb-4911-a88f-5de60eb881ac,species,Plantae,"",Carex scabrifolia,1,t0052855,accepted
bb977f37-fd7b-456c-a048-394d8acf8ec5,species,Plantae,"",Carex subfilicinoides,1,t0052859,accepted
c3dedee2-0ad7-4bd0-8946-5c67462ad6e2,species,Plantae,"",Carex taiwanensis,1,t0073045,accepted
519cdf9d-388a-469e-8c66-86c74273e314,species,Plantae,"",Carex truncatigluma,1,t0052862,accepted
9712cd0c-4f5a-466b-af0f-306bebd04a5e,species,Plantae,"",Carex tsushimensis,1,t0073046,accepted
850a6542-5665-4573-9981-a53fb78046db,species,Plantae,"",Carex wahuensis,1,t0052864,accepted
9a70c67f-1953-45f5-8326-362f88a47e78,species,Plantae,"",Carex chinensis,1,t0052858,misapplied
373e4d85-f69f-4343-b654-b64c7c706b50,species,Plantae,"",Carex longii,1,t0073044,accepted
0115a5ae-40e4-4739-81e5-f41329e9ae2a,species,Plantae,"",Carex sacrosancta,1,t0052813,not-accepted
ac5f2217-2f4d-4675-b582-80744db25b57,species,Plantae,"",Carex japonica,1,t0052826,not-accepted
6e3caaf1-a417-45e4-a26d-4ef9be71701e,species,Plantae,"",Cladium jamaicense,1,t0053036,accepted
1fc9200a-4674-45d4-a748-4cffda75f0d0,species,Plantae,"",Cyperus albescens,1,t0058908,accepted
28dcb378-5d27-427b-b715-047c363d0aca,species,Plantae,"",Cyperus alternifolius,1,t0053251,accepted
8c06c0df-bc0e-464e-bcf6-526052dccbbd,species,Plantae,"",Cyperus amuricus,1,t0053252,accepted
8340905b-2ae2-4597-922e-f8ed728acdb9,species,Plantae,"",Cyperus aromaticus,1,t0058909,accepted
1a6d2892-1825-41df-9041-1e470fca1bc4,species,Plantae,"",Cyperus compactus,1,t0054402,accepted
b7e9e13c-b72a-4a85-b22f-6fafef113f57,species,Plantae,"",Cyperus compressus,1,t0053253,accepted
567e72ac-7f0d-4616-8367-a3ee69d574bc,species,Plantae,"",Cyperus cuspidatus,1,t0033513,accepted
d6b71b55-a697-457d-9ae7-2546f4046901,species,Plantae,"",Cyperus cylindrocephalus,1,t0058911,not-accepted
7d15f700-a295-4a9f-bb64-98d997e42162,species,Plantae,"",Cyperus digitatus,1,t0053256,accepted
e539f261-7a4a-4249-9062-33a718b9f345,species,Plantae,"",Cyperus eragrostis,1,t0053258,accepted
da329396-cd60-4b5e-b194-76013c90fbdf,species,Plantae,"",Cyperus haspan,1,t0053261,accepted
28903de6-164d-4949-84a3-528c300f18a5,species,Plantae,"",Cyperus imbricatus,1,t0073609,accepted
7462d902-e9d7-499c-a1eb-d20103c09734,species,Plantae,"",Cyperus involucratus,1,t0053262,accepted
5dbe7a59-f761-46c5-8bf1-d1374ae9b519,species,Plantae,"",Cyperus leptocarpus,1,t0053264,accepted
58efa5af-f974-41d4-9684-bf3562f7b02e,species,Plantae,"",Cyperus malaccensis,1,t0053265,accepted
8965b3de-fcd6-4414-a2fa-47382e59c2e9,species,Plantae,"",Cyperus michelianus,1,t0073610,accepted
e416b4c0-aa02-472d-b60d-c9afe0e10365,species,Plantae,"",Cyperus mindorensis,1,t0058913,accepted
a0faabea-c3bd-4db4-8907-f3d416a49b63,species,Plantae,"",Cyperus nipponicus,1,t0053267,accepted
5aa189d1-2f1e-495d-910b-9d3461c1c9a4,species,Plantae,"",Cyperus odoratus,1,t0055627,accepted
7a440975-3329-470f-a3a3-dec8b8eabbd1,species,Plantae,"",Cyperus pilosus,1,t0053268,accepted
8238e92c-1d63-445e-b16e-ac62c2e76406,species,Plantae,"",Cyperus rotundus,1,t0053272,accepted
8a2ffa3b-af0f-4dda-92e1-039db20f1262,species,Plantae,"",Cyperus serotinus,1,t0053273,accepted
a9bf3a99-70fd-465d-a6fd-b4f020f3bf9e,species,Plantae,"",Cyperus stoloniferus,1,t0053274,accepted
b918976b-73af-485c-93b0-d5dada49c6eb,species,Plantae,"",Cyperus tenuiculmis,1,t0053276,accepted
0b704933-1172-41c8-b7fe-b805dbd3a609,species,Plantae,"",Cyperus tenuispica,1,t0053277,accepted
6e0be81f-ef19-4920-886d-2f7e947c7364,species,Plantae,"",Cyperus unioloides,1,t0055004,accepted
e13eaf7d-08fd-43b6-8600-a042cfaa0919,species,Plantae,"",Cyperus orthostachyus,1,t0073611,accepted
c4b64d8f-4c5a-4398-8723-2da9ee8afdcf,species,Plantae,"",Eleocharis acicularis,1,t0053509,accepted
3d6de44a-49ce-4572-9f7a-48e32d44b6b2,species,Plantae,"",Eleocharis atropurpurea,1,t0033509,accepted
e64ea66f-8abc-4328-a925-b81a4b545e57,species,Plantae,"",Eleocharis attenuata,1,t0053511,accepted
391a6826-6340-41cc-9d0d-a47795f15b4d,species,Plantae,"",Eleocharis congesta,1,t0073822,accepted
4aa7e1ac-2278-4ecc-ba70-9e39b8160578,species,Plantae,"",Eleocharis dulcis,1,t0073823,accepted
2592a693-b6bb-4ece-b3cc-02cb60b1948b,species,Plantae,"",Eleocharis geniculata,1,t0053512,accepted
31a501ef-8429-432e-90e3-09cc9572efa3,species,Plantae,"",Eleocharis retroflexa,1,t0053514,accepted
946cab1f-1b23-4e82-ae7f-3052d47d1c6d,species,Plantae,"",Eleocharis pellucida,1,t0057314,not-accepted
23d4bdd3-6d39-4827-adc4-78cfcabbe2db,species,Plantae,"",Fimbristylis acuminata,1,t0053695,accepted
5b08ffe4-8d26-4668-9a53-4369fd9f404b,species,Plantae,"",Fimbristylis aestivalis,1,t0073965,accepted
6148bb5b-0b15-4c2d-a045-c057247b3062,species,Plantae,"",Fimbristylis bisumbellata,1,t0053697,accepted
0ec3d1ac-4dce-4805-afe7-7d5664d63f37,species,Plantae,"",Fimbristylis complanata,1,t0053698,accepted
826ffba8-5f03-47cf-84c3-5282cc829d38,species,Plantae,"",Fimbristylis cymosa,1,t0053699,accepted
29cdb5c9-6d25-4ed0-8aa8-50796b2e72c7,species,Plantae,"",Fimbristylis dichotoma,1,t0053700,accepted
8a240020-ebbc-49b2-9574-6ac26febe76b,species,Plantae,"",Fimbristylis griffithii,1,t0053701,accepted
3c771b3c-f73f-423d-a840-231cfd404e5e,species,Plantae,"",Fimbristylis littoralis,1,t0053702,accepted
4dfb8af7-fdae-4611-a6b2-0a5ee145379b,species,Plantae,"",Fimbristylis shimadana,1,t0053711,not-accepted
641ae447-4b61-4f3f-8dc9-18b1d7b1818d,species,Plantae,"",Fimbristylis stolonifera,1,t0053714,accepted
db540942-aeaf-4680-99df-4ce5ed5bd70b,species,Plantae,"",Fimbristylis tainanensis,1,t0057379,accepted
8879ded5-ab0f-4e68-8fd6-d14542b3306f,species,Plantae,"",Fimbristylis tetragona,1,t0053716,accepted
224ccc1a-1597-4d4b-adc6-307fe8e0ff1f,species,Plantae,"",Fimbristylis thomsonii,1,t0053717,accepted
616f6e42-26d2-46a9-ab7d-de1a60a23853,species,Plantae,"",Fimbristylis tomentosa,1,t0033512,accepted
6b90e507-62a5-4a13-a6b1-62b53cac9523,species,Plantae,"",Fimbristylis umbellaris,1,t0033503,misapplied
3ee1e69e-96b3-40cd-ad4d-b72a95cf34e5,species,Plantae,"",Fuirena umbellata,1,t0053737,accepted
9cc914b7-6330-4ae0-b5af-aacbab948595,species,Plantae,"",Hypolytrum nemorum,1,t0054000,accepted
ac127632-e511-4ab9-9ff5-a45dfff106a3,species,Plantae,"",Mariscus sumatrensis,1,t0058509,not-accepted
11e4e0a0-3922-42e9-b6b5-639d1b929055,species,Plantae,"",Cyperus sanguinolentus,1,t0055003,accepted
65c97cd3-d8f0-42ed-ab0d-206dd03ac43d,species,Plantae,"",Rhynchospora alba,1,t0055094,accepted
1e20796c-88a4-434b-a81b-88d0dc09bd36,species,Plantae,"",Rhynchospora chinensis,1,t0055095,accepted
167e764b-240f-4673-8bfa-0a6355c35ebb,species,Plantae,"",Rhynchospora corymbosa,1,t0055097,accepted
7f29772c-c2b1-4b0f-b98e-1f65a4a22b87,species,Plantae,"",Rhynchospora malasica,1,t0055098,accepted
e7b6845c-2706-44fc-9d72-b10037420ef6,species,Plantae,"",Rhynchospora rubra,1,t0055099,accepted
2379bcc2-3530-4f33-b5b9-f32de1e43d18,species,Plantae,"",Rhynchospora rugosa,1,t0100408,accepted
3e2f0893-dd55-4e97-be45-f5b284f2a267,species,Plantae,"",Rhynchospora colorata,1,t0055096,accepted
edb8d03d-b8a0-498f-acb2-909ab8ce3743,species,Plantae,"",Schoenoplectiella juncoides,1,t0055250,accepted
6d3d4bcb-4b18-4e88-a7a9-44a75f31d605,species,Plantae,"",Schoenoplectiella supina,1,t0075837,accepted
58829a38-8788-45a7-8d05-fc0002380d13,species,Plantae,"",Schoenoplectus tabernaemontani,1,t0055252,accepted
d8413ed9-e5ed-4b34-9bca-906742d37c90,species,Plantae,"",Schoenoplectus triqueter,1,t0055251,accepted
973a7ab7-a4d4-41a2-9ddd-3e7e7d614d04,species,Plantae,"",Schoenus apogon,1,t0055255,accepted
00391947-88e0-4fba-81c8-b47d7bcf8ce5,species,Plantae,"",Schoenus falcatus,1,t0055256,accepted
5c452580-f566-4a8f-a107-f2466beb548f,species,Plantae,"",Schoenus nitens,1,t0075838,accepted
86022587-7d3c-4b28-bde6-def3a2e13d8c,species,Plantae,"",Scirpus hainanensis,1,t0055262,accepted
59970534-8bf4-44a1-9b85-094bb56a7252,species,Plantae,"",Scirpus ternatanus,1,t0055263,accepted
c10ae1c2-2d6c-45fc-b9fc-0ed9110da2d0,species,Plantae,"",Scleria levis,1,t0055265,accepted
0163b972-7b8b-4339-b892-56996bde61b0,species,Plantae,"",Scleria lithosperma,1,t0055266,accepted
251f3cd5-5de0-4636-8297-f00cd7339e36,species,Plantae,"",Scleria rugosa,1,t0055269,accepted
8322e1ae-369b-4d7b-976e-d7643e83623f,species,Plantae,"",Scleria scrobiculata,1,t0055270,accepted
64864c5e-f6fc-47cc-9cb9-c518e96e0df8,species,Plantae,"",Trichophorum subcapitatum,1,t0055648,accepted
d824bbc9-e8a2-4b6a-817c-41a4c516cca6,species,Plantae,"",Agropyron formosanum,1,t0033650,accepted
d68797c8-4a04-4811-84ea-cbe4b25d49a0,species,Plantae,"",Agropyron mayebaranum,1,t0102098,accepted
71d1fcde-7067-49b1-a65b-f72ace0d335c,species,Plantae,"",Lachnagrostis filiformis,1,t0033651,not-accepted
8a829c04-8456-47a1-ae78-d9a65b770624,species,Plantae,"",Agrostis clavata,1,t0033652,accepted
ea9731e0-e4ff-4746-9183-2421691a4a2f,species,Plantae,"",Alloteropsis semialata,1,t0033700,accepted
46312cf3-c5ea-4bad-ad20-b58b67833b87,species,Plantae,"",Alopecurus pratensis,1,t0033712,accepted
184d9a2e-389a-4e16-ae58-11a514705240,species,Plantae,"",Aniselytron treutleri,1,t0040170,accepted
dedfd6b0-5be0-4139-b366-f3dc470e068e,species,Plantae,"",Anthoxanthum horsfieldii,1,t0060986,accepted
1f1417df-bd7a-46e9-b8d1-fce697fe2074,species,Plantae,"",Anthoxanthum odoratum,1,t0040196,accepted
c1432be0-877c-4785-855c-f292b2c989ab,species,Plantae,"",Arthraxon pauciflorus,1,t0052635,accepted
c92685e0-7300-4ec3-a9a6-d40564eb3016,species,Plantae,"",Arthrostylidium naibunensis,1,t0061056,accepted
669b1c78-60af-4e1a-ac66-2bddcb1e7c8b,species,Plantae,"",Arundinaria graminea,1,t0040273,accepted
c98addb0-0e25-4821-beab-9e795ea6ea99,species,Plantae,"",Arundinaria variegata,1,t0052640,accepted
61822b60-b23b-4385-93bf-8be735b641a6,species,Plantae,"",Arundinaria simonii,1,t0040275,accepted
837cf7f3-266f-452e-8951-580f59f10dff,species,Plantae,"",Arundinella hirta,1,t0040276,accepted
25e861d3-5793-4218-b784-40808d770424,species,Plantae,"",Arundinella setosa,1,t0040278,accepted
ed260dd2-09e3-4ec3-a9ea-2878c8698747,species,Plantae,"",Arundo donax,1,t0040279,accepted
e5cfaee0-adc3-455b-82c9-71c3ccb0a1b0,species,Plantae,"",Axonopus fissifolius,1,t0040320,not-accepted
a0ee9940-44cc-4380-afc8-f6ce80ff208f,species,Plantae,"",Bambusa arundinacea,1,t0052689,not-accepted
73259e5d-e256-43a6-a9cc-05a4e19b45f7,species,Plantae,"",Bambusa beecheyana,1,t0072774,accepted
256baf10-f176-415c-8494-8e6ecea7d1a2,species,Plantae,"",Bambusa dolichoclada,1,t0052690,accepted
36c1cf07-3db6-49cf-a44f-fb59f4340642,species,Plantae,"",Bambusa dolichomerithalla,1,t0052691,accepted
4d488174-d29f-4371-8723-2e3a9dbd5bff,species,Plantae,"",Bambusa multiplex,1,t0040328,accepted
d0c81495-27c1-45c2-b19e-2c8bd0c35df7,species,Plantae,"",Bambusa oldhamii,1,t0040329,accepted
a718fb8f-9e02-40b8-8fad-a8ba28e22ad1,species,Plantae,"",Bambusa vulgaris,1,t0072775,accepted
05fe3b0e-fbd3-40cb-8532-72b831a8dc2a,species,Plantae,"",Bothriochloa glabra,1,t0052746,accepted
340cbb7e-469c-4fa5-972f-08e350556f5a,species,Plantae,"",Bothriochloa macera,1,t0040419,not-accepted
9eb81fd4-7d32-4b43-bc51-f00c0f646edb,species,Plantae,"",Brachiaria brizantha,1,t0046065,not-accepted
c167b7a9-0fb0-4b8d-a3e0-6ec6ac1d42e7,species,Plantae,"",Brachiaria mutica,1,t0040424,accepted
52fc5198-ac75-4f1d-bdd4-badf9075cc3d,species,Plantae,"",Urochloa distachyos,1,t0135859,accepted
413b8207-b1d8-4b46-b50d-af36bf47d679,species,Plantae,"",Briza maxima,1,t0072913,accepted
8cde7dfe-5b62-45ab-ae22-e72c9fc0bc02,species,Plantae,"",Bromus carinatus,1,t0040453,accepted
067232d5-a58d-4d5a-be41-3e63e8ffd1e4,species,Plantae,"",Bromus commutatus,1,t0040455,accepted
662324cc-49f0-48c6-821a-1f9d2dc1d331,species,Plantae,"",Capillipedium kwashotensis,1,t0040619,accepted
bcb5d241-9ed0-47ad-89c8-efe774dcc165,species,Plantae,"",Capillipedium parviflorum,1,t0040620,accepted
27382a37-389a-47d1-9f2e-6602f649f6a7,species,Plantae,"",Chikusichloa mutica,1,t0052968,accepted
5e5d49c6-316e-43fe-9fce-66981d2abe85,species,Plantae,"",Chloris barbata,1,t0052980,accepted
69e1454c-85eb-4d33-9433-00ded9ca2609,species,Plantae,"",Chloris gayana,1,t0052983,accepted
2f6e4b31-3ee4-4a0a-8bf0-598abb8a2573,species,Plantae,"",Chloris virgata,1,t0052985,accepted
2038d0d9-6b32-432e-a1d5-d9aa9d92aa02,species,Plantae,"",Chrysopogon zizanioides,1,t0052998,accepted
5da25c38-1a91-4f18-8e75-105d657651e7,species,Plantae,"",Coix lacryma-jobi,1,t0053083,accepted
06c43863-8097-4db2-8637-0f5f8fd7f6a4,species,Plantae,"",Cymbopogon citratus,1,t0053237,accepted
2307c742-564c-4ff5-95c2-6b522d6d294d,species,Plantae,"",Cymbopogon tortilis,1,t0053239,accepted
ab3d1f25-f606-4baa-8b51-54f83bf9a006,species,Plantae,"",Cymbopogon winterianus,1,t0053240,accepted
2fb8b5a8-1bb5-4d48-855f-5d00e28bfc1a,species,Plantae,"",Cynodon nlemfuensis,1,t0053245,accepted
7e7aed20-4342-4909-9023-30f5cb248930,species,Plantae,"",Cynodon radiatus,1,t0053247,accepted
9875ef81-9f9d-4020-96c8-b6a827f7905f,species,Plantae,"",Cyrtococcum patens,1,t0053284,accepted
ef1e8f62-102d-42b3-8742-40af74ffd9ec,species,Plantae,"",Dactylis glomerata,1,t0053287,accepted
84e9d73b-038f-49cc-a679-481da740219e,species,Plantae,"",Dactyloctenium aegyptium,1,t0053288,accepted
e7a36b41-e7eb-4ba6-96a7-677c547078c1,species,Plantae,"",Dendrocalamus latiflorus,1,t0053333,accepted
5a18e93c-ca31-4771-8798-7d018e4316cd,species,Plantae,"",Vahlodea atropurpurea,1,t0099691,accepted
ed39a3e9-3baf-4818-a10c-c233e6fdb30c,species,Plantae,"",Deyeuxia brachytricha,1,t0106455,accepted
a68eff2d-f865-4fe0-990a-7bdb0ecd363f,species,Plantae,"",Deyeuxia suizanensis,1,t0053362,accepted
d6298d41-e45d-49e6-9436-a600c5b997ed,species,Plantae,"",Digitaria ciliaris,1,t0053380,accepted
4e0b086f-ba9b-4698-afa8-6f8bf4f5d00d,species,Plantae,"",Digitaria decumbens,1,t0053381,accepted
33daa8f2-4a1d-4c69-b4fc-b1841d12f3a6,species,Plantae,"",Digitaria diversinervis,1,t0053382,accepted
d53b8c05-2ccc-4290-ab41-a216e5abcb17,species,Plantae,"",Digitaria fauriei,1,t0053383,accepted
dba7f84e-85a4-4429-80bd-7b73e8f4dc14,species,Plantae,"",Digitaria heterantha,1,t0053385,accepted
32f27e06-cc02-44b9-944f-839be45c2bd0,species,Plantae,"",Digitaria longiflora,1,t0053387,accepted
185bec2c-5121-4c4e-97a0-6cadae71cdb2,species,Plantae,"",Digitaria mollicoma,1,t0053388,accepted
93d42786-e8ef-42ac-9578-f1a76c9d0b0e,species,Plantae,"",Digitaria sanguinalis,1,t0053389,accepted
708c921e-35c6-4cb9-a765-d10ff8478d8f,species,Plantae,"",Digitaria sericea,1,t0073704,accepted
899679e9-c71b-4ad9-8f85-1615e86ab80c,species,Plantae,"",Digitaria setigera,1,t0053390,accepted
586e8630-f354-425f-977e-05dab1a97207,species,Plantae,"",Dimeria falcata,1,t0053393,accepted
a9e0213b-a269-4dea-a4a3-cf45c0bf77ae,species,Plantae,"",Eccoilopus cotulifer,1,t0053466,accepted
22556b14-6dc9-46ff-b5ca-c8398d303f94,species,Plantae,"",Echinochloa crus-galli,1,t0053468,accepted
c2d3eb19-3bf3-45ba-b567-c615a528a0e7,species,Plantae,"",Echinochloa frumentacea,1,t0053469,accepted
3fee607d-ff65-4b2e-a8dc-0ae242b46c35,species,Plantae,"",Eleusine coracana,1,t0053518,accepted
dad3c643-e1c7-4d1f-b817-620d5390e12c,species,Plantae,"",Eleusine indica,1,t0053519,accepted
825fc1b8-63bd-48b1-a2ac-aedeba7532ae,species,Plantae,"",Elymus ciliaris,1,t0053524,accepted
36a3a9f6-ae73-4ce3-ad65-5e84596bf13b,species,Plantae,"",Elymus tsukushiensis,1,t0053525,accepted
92788705-9a2d-422e-8896-1ffb41bb163d,species,Plantae,"",Enteropogon dolichostachyus,1,t0053533,accepted
14e79cde-8f0b-4df0-8242-e9dd613a4571,species,Plantae,"",Eragrostis amabilis,1,t0053552,accepted
3548a250-30e2-4f56-98f3-094a72e2e18e,species,Plantae,"",Eragrostis atrovirens,1,t0053553,accepted
82f68686-ccc5-463e-8fab-613b75bedeb0,species,Plantae,"",Eragrostis brownii,1,t0053555,accepted
2eef15e8-f56f-4d85-80eb-955321cbd6bc,species,Plantae,"",Eragrostis cilianensis,1,t0053556,accepted
8cd1e5bd-402f-4109-b466-40748b7152f7,species,Plantae,"",Eragrostis curvula,1,t0053559,accepted
5ff4354c-097b-4d58-a5ba-13fcb02ffc3b,species,Plantae,"",Eragrostis japonica,1,t0053563,accepted
a8e750fc-17e4-4078-b244-47d84d57fb26,species,Plantae,"",Eragrostis multicaulis,1,t0053565,accepted
fa8d1372-c707-47ea-94d0-0622e417f7aa,species,Plantae,"",Eragrostis nevinii,1,t0053566,accepted
4b233b1b-4154-4a80-8ac1-7f237d89f003,species,Plantae,"",Eragrostis nutans,1,t0053567,accepted
764b70dc-5dfd-4b0f-b98e-b62e42155d96,species,Plantae,"",Eragrostis pilosissima,1,t0053569,accepted
21cda01f-d3ca-4cb8-b3f8-ea9984fc52f9,species,Plantae,"",Eragrostis tenuifolia,1,t0053571,accepted
157df309-2fdf-47f9-a90d-5d8c212f935b,species,Plantae,"",Eragrostis autumnalis,1,t0053554,accepted
c9b2cbf3-75c4-4b02-83d9-f2ce8818bce7,species,Plantae,"",Saccharum formosanum,1,t0058177,not-accepted
00d4f7cd-5431-4843-8805-406c94509dbb,species,Plantae,"",Euchlaena mexicana,1,t0053607,accepted
bf5acd32-9a86-435f-aa2d-91fdab31371d,species,Plantae,"",Festuca elatior,1,t0053680,not-accepted
ff7186ff-9114-4852-8348-06a1439b5929,species,Plantae,"",Festuca japonica,1,t0053683,accepted
a3f10808-37c3-4458-aae6-01fbc454d053,species,Plantae,"",Festuca leptopogon,1,t0053684,accepted
2cb35def-c8bf-45fd-8606-0f7f21ac63b9,species,Plantae,"",Festuca ovina,1,t0053685,accepted
702970d6-a489-425a-967c-66ecbbe03295,species,Plantae,"",Garnotia acutigluma,1,t0053769,accepted
89937684-e5a3-4733-bc73-b4649454bbfd,species,Plantae,"",Hemarthria altissima,1,t0130379,accepted
26e00cf4-cde3-42ba-826f-5d638f2cae31,species,Plantae,"",Holcus lanatus,1,t0053944,accepted
ad278010-8024-4d9e-809c-4f38cfd807ed,species,Plantae,"",Hygroryza aristata,1,t0053977,accepted
ac32c803-613a-4fe4-b908-78c1b6088572,species,Plantae,"",Hyparrhenia hirta,1,t0053982,accepted
09239ec0-4ab1-4fd2-9ea0-af596d39119f,species,Plantae,"",Isachne beneckei,1,t0054084,accepted
49cf6ae1-76c0-41ce-a2d6-9e454919b86e,species,Plantae,"",Isachne kunthiana,1,t0054087,accepted
2ba5ca38-3288-4961-aa53-5816e72fdd72,species,Plantae,"",Isachne miliacea,1,t0054088,accepted
ed40cebe-1141-4175-aba4-15e1a7992fd6,species,Plantae,"",Isachne myosotis,1,t0054089,accepted
3decf649-773f-4650-ba75-b3f53572368b,species,Plantae,"",Ischaemum akoense,1,t0058079,accepted
9c65cf48-1001-4684-8e83-6e10ddf1decd,species,Plantae,"",Ischaemum rugosum,1,t0054093,accepted
5b0e5706-caa5-4135-b354-66dcf024e38b,species,Plantae,"",Ischaemum setaceum,1,t0054095,accepted
c222f55a-e493-4e22-9ac2-05a611444b61,species,Plantae,"",Ischaemum timorense,1,t0054096,accepted
a3ec5858-53b4-4afc-9307-71f6ece844ba,species,Plantae,"",Leersia hexandra,1,t0054196,accepted
61b18a86-b69f-480f-a96f-1d28f05724e2,species,Plantae,"",Leptaspis banksii,1,t0054210,accepted
75126ff9-3a32-4eda-a195-0fc304c26a51,species,Plantae,"",Leptatherum boreale,1,t0058139,accepted
435a981d-8d70-4ebd-ba14-f4dc5fcf4c84,species,Plantae,"",Leptochloa fusca,1,t0054212,not-accepted
97e28496-0e03-4cb4-aea4-c67d3a1c0604,species,Plantae,"",Lepturus repens,1,t0054216,accepted
936305b2-e5df-49cd-a300-a0548b139200,species,Plantae,"",Lolium multiflorum,1,t0054311,accepted
2b9afd9a-f70e-46e4-a168-8251ece5edee,species,Plantae,"",Lophatherum gracile,1,t0054321,accepted
028a75ba-883f-42b8-9abe-3b62af424f8e,species,Plantae,"",Melica onoei,1,t0054429,accepted
7eec7bf7-0171-4f9f-8a53-02fd327c263c,species,Plantae,"",Melocanna baccifera,1,t0054437,accepted
94359126-3094-43c7-bf48-9bb6a1dfcd88,species,Plantae,"",Microstegium dilatatum,1,t0054456,accepted
2acbdc41-ef54-40c3-baca-eb2cc287a2b7,species,Plantae,"",Microstegium eucnemis,1,t0054457,accepted
808d39f7-28df-49a6-866d-637814bcfa86,species,Plantae,"",Microstegium fauriei,1,t0054459,accepted
9d86b429-5cbb-44ba-8553-95454515aa80,species,Plantae,"",Microstegium glaberrimum,1,t0054460,accepted
b1ebcf8c-3659-4588-9baf-b24af3698265,species,Plantae,"",Microstegium glabratum,1,t0058545,accepted
6c14a47a-e5bd-4f2c-98be-8a4c4eedd80b,species,Plantae,"",Microstegium somae,1,t0054462,not-accepted
11bead84-a743-4262-b845-b9a50eb54a2c,species,Plantae,"",Microstegium spectabile,1,t0058546,accepted
aa05da0a-277d-49f4-8a42-44386cc53cc0,species,Plantae,"",Microstegium vimineum,1,t0054463,accepted
28e4c7ad-c06d-40fb-a66c-fea72f6561c2,species,Plantae,"",Milium effusum,1,t0054469,accepted
edb7e4aa-1ee5-4a91-9a10-bdf77f03bd36,species,Plantae,"",Miscanthus sacchariflorus,1,t0132064,accepted
68c1ddf7-85e7-4993-8ead-217a0fb520bf,species,Plantae,"",Neyraudia arundinacea,1,t0054584,accepted
0a889a21-85eb-412f-b84b-45497b90528c,species,Plantae,"",Oplismenus aemulus,1,t0086528,not-accepted
6c6a7e2a-18d2-45a2-a645-2f75a9fa107d,species,Plantae,"",Oplismenus compositus,1,t0054632,accepted
1cd7a7df-b4f0-41f5-ade3-bc9e6693006b,species,Plantae,"",Oplismenus undulatifolius,1,t0058657,not-accepted
2115b9cf-a6cf-445e-85d4-8c070ac087c5,species,Plantae,"",Oryza eichingeri,1,t0054648,accepted
999b49eb-423c-42f5-b491-f1c628a700e4,species,Plantae,"",Oryza grandiglumis,1,t0058667,accepted
f15ce086-4ded-4fe2-9688-2233562292ce,species,Plantae,"",Oryza latifolia,1,t0054650,accepted
627f1934-a09a-41b9-ab7d-bc9318d38287,species,Plantae,"",Oryza nivara,1,t0054652,accepted
950b377b-f0b0-4f08-aa38-5eb9eba94de4,species,Plantae,"",Oryza punctata,1,t0054654,accepted
c6311d0f-b2de-40ae-86e6-2fd6bdae3e14,species,Plantae,"",Oryza rufipogon,1,t0054655,accepted
cd4fe28a-ae9f-4bcf-b825-80d9fd947c13,species,Plantae,"",Oryzopsis obtusa,1,t0054852,accepted
276f487a-83c0-42e6-b09b-aca81241fb18,species,Plantae,"",Ottochloa nodosa,1,t0054667,accepted
d355f945-0c68-4e2c-8df6-177045c49827,species,Plantae,"",Panicum bisulcatum,1,t0054679,accepted
f1062e10-e61c-49cd-b0b4-182ee519909f,species,Plantae,"",Panicum brevifolium,1,t0054680,accepted
7908c242-1aa0-4da5-b07e-169fbccdaa9e,species,Plantae,"",Panicum curviflorum,1,t0106929,accepted
87ba9ccb-4132-49a6-ad35-17213e2f9257,species,Plantae,"",Panicum dichotomiflorum,1,t0054681,accepted
f5a36320-592f-4e7b-80a6-60abca5b61a7,species,Plantae,"",Panicum humile,1,t0054683,accepted
d08de968-336c-4c84-870c-8fcf2db4942b,species,Plantae,"",Panicum miliaceum,1,t0054686,accepted
06624ed2-ad9e-41e5-80e3-043053f576ff,species,Plantae,"",Panicum notatum,1,t0054687,accepted
97ee30f7-73cc-4fa4-a3f0-fb0a922005bf,species,Plantae,"",Panicum paludosum,1,t0054688,accepted
45056e4b-5755-47d8-a411-d7defa4a15cd,species,Plantae,"",Panicum repens,1,t0054689,accepted
0a04000c-2d42-42f4-8feb-7aa903f34c9a,species,Plantae,"",Panicum sarmentosum,1,t0054690,accepted
b8a2df75-edbb-4b1d-aafd-b66272d0e3d8,species,Plantae,"",Panicum sumatrense,1,t0054691,accepted
6982235d-4ce7-4c38-b564-0121cf26878f,species,Plantae,"",Paspalidium flavidum,1,t0054705,accepted
7f55250e-61fc-4854-80f5-6ce228a6f74f,species,Plantae,"",Paspalum notatum,1,t0054712,accepted
f8565762-5132-4594-9717-2022e3788896,species,Plantae,"",Paspalum orbiculare,1,t0054713,accepted
b6d78ee6-5ad6-4e10-a047-41744754857d,species,Plantae,"",Paspalum scrobiculatum,1,t0054716,accepted
14c96242-940d-44a0-9d91-ba7ced104ed6,species,Plantae,"",Paspalum vaginatum,1,t0054719,accepted
f4e13afd-5de1-4273-98aa-e53c44a8f306,species,Plantae,"",Paspalum virgatum,1,t0054720,accepted
9d970a71-1cc5-4a07-8802-c16b70292b96,species,Plantae,"",Pennisetum alopecuroides,1,t0058740,accepted
88659365-107d-4a78-9b31-5ad71c712334,species,Plantae,"",Pennisetum amiricanum,1,t0073106,not-accepted
dbbc2473-b4bb-4fcf-b017-0df3a2045431,species,Plantae,"",Pennisetum purpureum,1,t0058742,accepted
51d04704-ca93-43e9-80d0-8db4e243a389,species,Plantae,"",Pennisetum setaceum,1,t0052917,accepted
6a5c12ae-ce2a-47ed-a047-69ffcc12b128,species,Plantae,"",Pennisetum setosum,1,t0052918,not-accepted
18bd3fe5-28cf-44ba-b041-6f91d64784f2,species,Plantae,"",Perotis indica,1,t0054750,accepted
656a41bc-1a63-43a0-9576-e39d65333f7b,species,Plantae,"",Perotis macrantha,1,t0054751,not-accepted
d3e59a72-a73e-496e-9dbb-41654c8c2da0,species,Plantae,"",Phaenosperma globosa,1,t0054764,not-accepted
e3611ebe-ec4e-4352-9cd2-fc0249570b1e,species,Plantae,"",Phalaris arundinacea,1,t0054767,accepted
c7abe2a9-6680-41ab-8683-4d310dbf94f5,species,Plantae,"",Phalaris canariensis,1,t0054768,accepted
09caebd9-47df-4bac-bbeb-078603d40a76,species,Plantae,"",Phleum pratense,1,t0100831,accepted
b355478a-ddbd-425d-8c4a-5e2b05dc5bcd,species,Plantae,"",Phragmites australis,1,t0054788,accepted
af6e68f9-95df-434c-9c41-2e50d071f925,species,Plantae,"",Phragmites karka,1,t0054789,accepted
52b50f03-dbe0-4fa0-a22f-cb6a25186aba,species,Plantae,"",Phyllostachys aurea,1,t0058995,accepted
875cacda-8a1d-4164-a8f5-88fe432f16d2,species,Plantae,"",Phyllostachys bambusoides,1,t0054809,accepted
07898703-9e08-422f-8af6-410a2fb20560,species,Plantae,"",Phyllostachys makinoi,1,t0054811,accepted
333cad5a-81cb-4f7c-a1f2-ad5638f9aa90,species,Plantae,"",Phyllostachys nuda,1,t0054813,accepted
31907da9-6261-4d3b-a308-50cc37fc0db1,species,Plantae,"",Phyllostachys pubescens,1,t0058996,not-accepted
c3b1459d-5893-47f7-8fd1-0ae01d06f582,species,Plantae,"",Pleioblastus simonii,1,t0100857,accepted
ea409ac6-8990-4c4f-8cca-2eaad8167bac,species,Plantae,"",Poa annua,1,t0054890,accepted
21f80a42-db09-4329-a544-9d1fe7f2ff84,species,Plantae,"",Poa pratensis,1,t0054895,accepted
13ea8ddd-ccd9-4764-9ec3-1508008e401d,species,Plantae,"",Poa tenuicula,1,t0054899,accepted
22142ec8-24be-4ed0-b9c0-250967b32905,species,Plantae,"",Pseudoraphis spinescens,1,t0054979,misapplied
b1f4f7a6-c217-4be0-a050-98db3f575924,species,Plantae,"",Pseudosasa usawae,1,t0059116,not-accepted
87b5ea71-b6ad-4405-8ebf-aae00c0844c7,species,Plantae,"",Melinis repens,1,t0058518,accepted
d5221ce6-de20-4297-aa16-6dbdc98ce3d8,species,Plantae,"",Saccharum barberi,1,t0055178,accepted
c5c5284f-7f94-4d68-82c0-c79ad8b1a027,species,Plantae,"",Saccharum sinense,1,t0055181,not-accepted
2de9c5b8-33ad-4427-ab5d-382467f94f72,species,Plantae,"",Saccharum spontaneum,1,t0055182,accepted
57f6bffa-21bb-401f-9383-c49f5eeb5a47,species,Plantae,"",Tripidium arundinaceum,1,t0046139,accepted
6fa9d42c-e1a4-48ac-8f7c-2742e09f13b0,species,Plantae,"",Sacciolepis indica,1,t0055183,accepted
42b8521a-6f99-428c-9738-e078aa3661fb,species,Plantae,"",Schizachyrium fragile,1,t0055245,accepted
5826a035-bc70-4e04-9462-271cc1fa9148,species,Plantae,"",Schizachyrium sanguineum,1,t0055246,accepted
2608cb11-7a10-49f8-93eb-9c9d2efa2c1c,species,Plantae,"",Schizostachyum brachycladum,1,t0055247,accepted
242f32f2-c659-4c8f-a9ad-81036e4b04ef,species,Plantae,"",Semiarundinaria fastuosa,1,t0055307,accepted
bbb23772-259b-4e2b-b692-bea7d1e77864,species,Plantae,"",Setaria faberi,1,t0055323,accepted
4619e82e-8635-47d3-8201-01b188f6c4f2,species,Plantae,"",Setaria italica,1,t0055324,accepted
2dfed893-47e8-419b-8176-f7c9b0561aa7,species,Plantae,"",Setaria palmifolia,1,t0055325,accepted
8d56555e-a303-4a66-9551-f06c39332e55,species,Plantae,"",Setaria parviflora,1,t0058251,accepted
62d9f387-2fa4-4e37-92d4-48e379a9d043,species,Plantae,"",Setaria plicata,1,t0055326,accepted
1bbe9d0b-c4a4-46d4-9a02-e8709672c72c,species,Plantae,"",Setaria pumila,1,t0055327,accepted
4ecda1ec-902f-46a3-b2c4-3d5f3b71bfa6,species,Plantae,"",Setaria verticillata,1,t0055329,accepted
8bdcb2bf-c23a-429a-a1c4-d2cab893d7d3,species,Plantae,"",Setaria viridis,1,t0055330,accepted
948f32e6-bd3c-4627-9823-659d8db8ee56,species,Plantae,"",Setaria pallide-fusca,1,t0058251,not-accepted
3cb85dde-443a-4b28-8ab4-636560fd96d1,species,Plantae,"",Sinobambusa tootsik,1,t0055349,accepted
432806b6-d67c-4fd7-bac2-e59f134ee7cb,species,Plantae,"",Sorghum propinquum,1,t0055408,accepted
77a31124-86eb-4bce-929a-7ce281416064,species,Plantae,"",Sorghum sudanense,1,t0055409,accepted
989f52db-3ce8-43b7-8cae-2989b4ae6474,species,Plantae,"",Spartina alterniflora,1,t0055411,not-accepted
3f758ba3-9988-46b7-9540-5061e5eeded9,species,Plantae,"",Spinifex littoreus,1,t0055430,accepted
cceb5766-4d2e-4b67-bd3a-d7d4c1f27d01,species,Plantae,"",Spodiopogon cotulifer,1,t0053466,not-accepted
f9fec505-ce70-4d3d-9b91-594e4e2d5b69,species,Plantae,"",Sporobolus hancei,1,t0055443,accepted
2a862abc-81da-4ecd-a184-a7be88aa9146,species,Plantae,"",Sporobolus indicus,1,t0099300,accepted
90f98b90-08f1-4a08-9cc1-0c08c3ebc3bb,species,Plantae,"",Sporobolus tenuissimus,1,t0055444,accepted
baf21416-b4a1-440d-9d4f-b3600c749408,species,Plantae,"",Sporobolus virginicus,1,t0055445,accepted
5973ad2e-fbac-4553-a64b-0dcd1f56da70,species,Plantae,"",Thaumastochloa chenii,1,t0046219,not-accepted
1b647950-d7f4-4576-be28-1e30c3545b46,species,Plantae,"",Thaumastochloa cochinchinensis,1,t0055586,not-accepted
4608592b-d1ef-4719-b10d-9ccb70ec3f3e,species,Plantae,"",Thysanolaena latifolia,1,t0055612,accepted
f2897808-9811-4361-af9e-5b2a9147b47b,species,Plantae,"",Tripsacum laxum,1,t0055671,accepted
cb75d038-6227-442e-b1e6-0d2e15fe70a6,species,Plantae,"",Urochloa glumaris,1,t0055712,accepted
82537c4f-fe67-4902-aa95-402454bda2d3,species,Plantae,"",Urochloa reptans,1,t0057469,not-accepted
4b2d67ff-3c02-44e9-8ed3-411a5508015a,species,Plantae,"",Vulpia myuros,1,t0049341,accepted
5b1fa44f-7abf-4bee-a706-bf696b9e7f37,species,Plantae,"",Zea mays,1,t0049378,accepted
5ee1d075-2d38-49f0-921e-c4d98e7ef2b9,species,Plantae,"",Zoysia japonica,1,t0049406,accepted
a6960e44-1304-4882-b146-dc797dd46aa1,species,Plantae,"",Zoysia pacifica,1,t0049408,accepted
a6f08db2-6a39-4092-ac28-b33d3f629922,species,Plantae,"",Assay tenataii,1,t0061065,accepted
ec9f0881-632c-4095-b72e-2fc46a0982af,species,Plantae,"",Cortaderia argetea,1,t0073456,accepted
80cdacd0-c306-42b4-855b-2b91703c85ad,species,Plantae,"",Dichanthelium sphaerocarpon,1,t0128989,accepted
3261bb47-f6fa-4384-97d9-d2b8ff534aa4,species,Plantae,"",Dinebra arabica,1,t0053396,not-accepted
1ecf62da-41cf-4719-9d18-795e173873fa,species,Plantae,"",Dinebra retroflexa,1,t0053396,accepted
5021f1fb-e988-4865-84df-99b9e64f2e79,species,Plantae,"",Microchloa indica,1,t0054453,accepted
8d30b81a-a428-4124-a492-82a5d9a17f2c,species,Plantae,"",Mnesithea laevis,1,t0054483,accepted
67fafd7f-d771-4299-87d9-c47f151f26c0,species,Plantae,"",Ceratophyllum demersum,1,t0052933,accepted
4a43ab23-0954-4704-81b1-90654810eb6a,species,Plantae,"",Ceratophyllum kossinskyi,1,t0052934,accepted
59598041-fa09-431a-b443-d510d2a9468f,species,Plantae,"",Argemone mexicana,1,t0040242,accepted
51db9985-166e-4063-bd65-47ad4158e559,species,Plantae,"",Argemone grandiflora,1,t0061034,accepted
38e9f6a8-196b-4820-b205-1084e060061c,species,Plantae,"",Corydalis decumbens,1,t0053126,accepted
b20fc150-e3e2-41d1-93d3-ea2d622ec839,species,Plantae,"",Corydalis incisa,1,t0053127,accepted
61f6d725-29df-4061-8201-b4ff425cda8b,species,Plantae,"",Corydalis koidzumiana,1,t0053128,accepted
7dabc98a-8109-4c18-ba45-3377f169cb8c,species,Plantae,"",Corydalis ochotensis,1,t0053129,accepted
dae87c9e-84bc-403d-898f-d4a52cfc52b3,species,Plantae,"",Corydalis ophiocarpa,1,t0053130,accepted
c390eab4-381b-40c2-8142-e70237047e87,species,Plantae,"",Corydalis pallida,1,t0053131,accepted
126896c8-2da8-4325-8b8c-23588e53a619,species,Plantae,"",Fumaria officinalis,1,t0053738,accepted
479ccc69-d15e-44de-8aa6-256e9185a8c5,species,Plantae,"",Akebia trifoliata,1,t0060889,accepted
5170c387-aed7-4956-9cef-c00839b02c08,infraspecies,Plantae,"",Akebia trifoliata australis,1,t0033671,accepted
3d8baeb4-0961-4c6d-9589-2f47b03adf5e,species,Plantae,"",Stauntonia hexaphylla,1,t0055452,misapplied
b1b43028-6f97-43ce-8342-1675588aa5f2,species,Plantae,"",Cocculus laurifolius,1,t0053078,accepted
6edf8148-1181-469e-9127-260ec6f634d5,species,Plantae,"",Cocculus orbiculatus,1,t0073343,accepted
37d75d37-d20f-43ac-b07d-8cd60a0130a5,species,Plantae,"",Cocculus sarmentosus,1,t0073343,not-accepted
6e582540-ecab-49c4-bf69-a4ed56dd29b8,species,Plantae,"",Pericampylus formosanus,1,t0031721,accepted
f1f07a39-b64e-4aae-a8ab-f06009e3728e,species,Plantae,"",Sinomenium acutum,1,t0058259,accepted
1fed0bb0-e4da-4b0e-b295-453719b52242,species,Plantae,"",Tinospora crispa,1,t0069643,accepted
e2040e96-7567-4dec-8eb1-1efda2fcb246,species,Plantae,"",Berberis aristatoserrulata,1,t0052712,accepted
7ef5ba9b-52d6-4185-b7fc-24758e165b0b,species,Plantae,"",Berberis chingshuiensis,1,t0052714,accepted
629e88de-dc74-45d2-a4c7-588fea811b90,species,Plantae,"",Berberis hayatana,1,t0052715,accepted
d35bd498-e47f-488a-bbe4-272360e6bd33,species,Plantae,"",Berberis mingetsuensis,1,t0040371,accepted
7ed3148b-30d8-428d-99dd-0176fa502c1b,species,Plantae,"",Berberis nantoensis,1,t0052717,accepted
f5094bb7-902d-4179-98b9-2c23077b5b19,species,Plantae,"",Berberis pengii,1,t0052718,accepted
e5101ac6-9913-4f19-a530-12f3a08961bc,species,Plantae,"",Berberis tarokoensis,1,t0052721,accepted
a3b965fd-0bf5-4288-b2e4-7c0cd4a663ba,species,Plantae,"",Dysosma pleiantha,1,t0053462,accepted
3ddaf5f3-188c-4af3-92d8-1bf29ca645ba,species,Plantae,"",Mahonia morrisonensis,1,t0054377,accepted
f9b3a35f-bb83-4ba3-bb80-077c9f0f6363,species,Plantae,"",Nandina domestica,1,t0054537,accepted
1f9ff515-fe96-4d7c-bd37-9a3d7b89714d,species,Plantae,"",Aconitum fukutomei,1,t0060798,accepted
3afa5b53-409b-4330-abe1-526943b073b6,species,Plantae,"",Anemone stolonifera,1,t0040167,accepted
d57eda20-08ad-4227-8b6a-b37340c912be,species,Plantae,"",Calathodes oxycarpa,1,t0072969,accepted
b66f7a21-d651-45dd-8413-9a00271fa9f0,species,Plantae,"",Cimicifuga simplex,1,t0102308,accepted
ca2d8f9b-cd7f-42c7-9cff-c024aabcf2d0,species,Plantae,"",Clematis akoensis,1,t0053043,accepted
d721231f-ff1d-4835-a385-9903f859168d,species,Plantae,"",Clematis crassifolia,1,t0053044,accepted
57880e1b-46c2-4427-b4c8-00e866f0ee03,species,Plantae,"",Clematis formosana,1,t0053045,accepted
6d965d5a-9269-4121-9c91-d61a0dda1822,species,Plantae,"",Clematis henryi,1,t0053047,accepted
509851c1-97b2-46b4-96da-f4a8a4e24380,species,Plantae,"",Clematis leschenaultiana,1,t0053049,accepted
ae7fc749-50e8-4f6e-9e64-3385fbb26c62,species,Plantae,"",Clematis meyeniana,1,t0053050,accepted
2e3e109a-0c33-478d-8073-447959866433,species,Plantae,"",Clematis montana,1,t0053051,accepted
d71c977a-1ce3-44ef-a19f-d20769d8dbd7,species,Plantae,"",Clematis pseudootophora,1,t0053053,accepted
756661e8-8224-4b31-ad39-d975a70ea41f,species,Plantae,"",Clematis tsugetorum,1,t0053056,accepted
d8f9c891-0a74-4ca6-980a-f532f5c12fc0,species,Plantae,"",Clematis javana,1,t0053046,not-accepted
e04d9eee-abc0-4415-9c06-19c74e4caa1c,species,Plantae,"",Clematis austro-taiwanensis,1,t0053055,not-accepted
c7b460d4-deac-4f9f-b957-9b9acf279bf2,species,Plantae,"",Coptis morii,1,t0053110,not-accepted
cc40cf3f-ec4a-4f67-9bcc-8e06dc7a7df0,species,Plantae,"",Delphinium ajacis,1,t0073638,accepted
0fcd19dd-8402-42aa-a238-6f221cc6572a,species,Plantae,"",Delphinium hybridum,1,t0073640,accepted
12640af5-6c9f-44b7-aeeb-fd825e2db051,species,Plantae,"",Ranunculus cantoniensis,1,t0055032,accepted
3147a4b7-97ab-4191-a1e1-66dee15a5134,species,Plantae,"",Ranunculus cheirophyllus,1,t0055033,accepted
d2d81fb9-2e7e-47aa-9b1e-b5ea6e48b7ff,species,Plantae,"",Ranunculus chinensis,1,t0055034,accepted
dab26e4b-5bcd-4f9b-96c1-d8f46de1b952,species,Plantae,"",Ranunculus formosa-montanus,1,t0055035,accepted
59855d5b-bd87-47eb-b4e2-a2758ef61250,species,Plantae,"",Ranunculus japonicus,1,t0055036,accepted
b9670fe8-9676-4732-a58c-dba38433098b,species,Plantae,"",Ranunculus sceleratus,1,t0055040,accepted
b43fb18a-72ac-4e49-98a5-e1c63896ec55,species,Plantae,"",Ranunculus silerifolius,1,t0055042,accepted
ed1f412d-f9b1-466a-a053-5921a89c2b66,species,Plantae,"",Ranunculus taisanensis,1,t0055043,accepted
a212d57f-b7eb-45cf-b273-6cd02dd69103,species,Plantae,"",Ranunculus ternatus,1,t0055044,accepted
8ee61eaf-34db-4456-827b-9cb4cd82eb6d,species,Plantae,"",Thalictrum myriophyllum,1,t0055581,accepted
d69d35d7-f04b-4084-b7ea-c4eff86cd9d9,species,Plantae,"",Thalictrum rubescens,1,t0055583,accepted
2600824c-544e-426f-95c3-5ff9a24788b1,species,Plantae,"",Thalictrum urbainii,1,t0055585,not-accepted
33b2c106-d937-45a9-aff4-5865dcc6db6a,species,Plantae,"",Thalictrum oshimae,1,t0055582,accepted
1daf2d2b-56bd-4033-846a-262e34402050,species,Plantae,"",Meliosma callicarpifolia,1,t0054432,accepted
32177ca2-91a3-4e3d-94aa-1fb312ace50a,species,Plantae,"",Meliosma rigida,1,t0054434,accepted
e96035a8-ea7c-4d89-9200-08b757b7bf57,species,Plantae,"",Meliosma squamulata,1,t0054435,accepted
80e34be2-d406-42e1-9d3e-e98a88ac8308,species,Plantae,"",Sabia swinhoei,1,t0055176,accepted
c745f7c2-b10a-4e53-8765-1a4e44a55ea1,species,Plantae,"",Nelumbo nucifera,1,t0054542,accepted
c9edc852-a77b-40a8-92ae-690236a7d3a8,species,Plantae,"",Helicia formosana,1,t0053909,accepted
59bc0aa8-0886-47f1-a5cc-a39d7fc9cbef,species,Plantae,"",Buxus liukiuensis,1,t0072950,accepted
de9144b0-ef2e-4194-bb8b-077ab095526d,species,Plantae,"",Sarcococca saligna,1,t0055227,accepted
f0f3b8be-8ebd-4d5b-939b-d4d2cbc87cde,species,Plantae,"",Dillenia indica,1,t0053392,accepted
59c7901b-7d3e-4376-800a-84cfc2c275c6,species,Plantae,"",Liquidambar formosana,1,t0054279,accepted
164431c3-10d4-4267-8052-60e4762579f3,species,Plantae,"",Liquidambar styraciflua,1,t0074601,accepted
2165a799-2cf9-4c77-9800-701bccbe14dc,species,Plantae,"",Corylopsis pauciflora,1,t0053134,accepted
d1d049e7-234f-4cce-9587-251aa7f07aa7,species,Plantae,"",Distyliopsis dunnii,1,t0053437,accepted
d8f41c39-aed9-4ac6-8ba1-cb7fb7bc4c1d,species,Plantae,"",Distylium racemosum,1,t0053439,accepted
681a349e-a611-4fa0-a3ba-dfa75739f1d3,species,Plantae,"",Loropetalum chinense,1,t0054323,accepted
9099711a-66ae-4482-b9a2-33024fcb40b9,species,Plantae,"",Daphniphyllum himalense,1,t0073628,accepted
7923241e-fab8-4276-9218-cf86e3669641,species,Plantae,"",Itea oldhamii,1,t0058090,accepted
18b9143e-a1c6-40e1-86b4-b99d869b04bc,species,Plantae,"",Ribes mandshuricum,1,t0075668,accepted
b450cb70-64ea-4eae-9be8-cd8e5e1208d1,species,Plantae,"",Astilbe longicarpa,1,t0040303,accepted
3f5eff8d-a847-4ccf-9220-54772c068141,species,Plantae,"",Chrysosplenium hebetatum,1,t0053000,accepted
0c7b1a19-11ff-4103-83f8-8c416c846762,species,Plantae,"",Chrysosplenium japonicum,1,t0058807,accepted
7c5c93e5-be04-4acc-a6d3-7df070a0ba7b,species,Plantae,"",Chrysosplenium lanuginosum,1,t0073241,accepted
e9988e35-c31f-4fd2-ad87-4224d2a73c62,species,Plantae,"",Mitella formosana,1,t0054479,accepted
7d0d4eeb-c859-4b68-ae8b-d40dd96af500,species,Plantae,"",Saxifraga stolonifera,1,t0055235,accepted
435b27a5-b2fa-41fb-960e-56df8a362c6e,species,Plantae,"",Tiarella polyphylla,1,t0055614,accepted
0de76502-851d-4479-afb3-31ef9e22fe17,species,Plantae,"",Kalanchoe delagoensis,1,t0054142,not-accepted
4dee15e6-914d-4ba1-8c98-a57661c1afd9,species,Plantae,"",Kalanchoe pinnata,1,t0052754,not-accepted
cc9097b2-20b2-42ca-9caf-f7332c7fd6c9,species,Plantae,"",Echeveria agavoides,1,t0073776,accepted
1e9c4958-920f-423d-b55f-63479beb3075,species,Plantae,"",Echeveria carnicolor,1,t0073777,accepted
1c6500b1-3e8b-4fcb-8e71-05fa317c0d4d,species,Plantae,"",Graptopetalum paraguayense,1,t0074171,accepted
6e71b789-d40d-4a0f-b50f-bd2580c731b9,species,Plantae,"",Hylotelephium subcapitatum,1,t0058044,accepted
9a1b52d8-eae6-40dd-a65a-29ddc99040cb,species,Plantae,"",Kalanchoe tashiroi,1,t0054146,accepted
2d79885f-9af8-4c62-875c-a893ba91e462,species,Plantae,"",Kalanchoe beharensis,1,t0074441,accepted
102ecd9d-3e5f-4e2f-a3ee-d7c8b42162c5,species,Plantae,"",Kalanchoe daigremontiana,1,t0054141,accepted
885494db-b8f8-4f02-ba1b-383ca92cebac,species,Plantae,"",Kalanchoe marmorata,1,t0074442,accepted
87d9015b-a526-4b37-abd5-7a7ac75ad9fc,species,Plantae,"",Sedum bulbiferum,1,t0055287,accepted
20126a2b-886c-46e1-b2e3-fe8a8ce76045,species,Plantae,"",Sedum cryptomerioides,1,t0055288,accepted
3b2176f8-cb8a-4d9f-a0e7-9956d405865d,species,Plantae,"",Sedum mexicanum,1,t0055294,accepted
a624d0c1-397e-438c-af27-a5e1186459cd,species,Plantae,"",Sedum parvisepalum,1,t0055298,accepted
9079bdc2-1edf-4be1-b85f-5a018b47e99b,species,Plantae,"",Sedum sarmentosum,1,t0055299,accepted
fdc956f8-c83a-4ee3-8b36-81f053a84779,species,Plantae,"",Sedum sekiteiense,1,t0055300,accepted
b159332a-ac15-48fa-900a-c4f48543e644,species,Plantae,"",Sedum stellariaefolium,1,t0055301,not-accepted
b0701c4f-f0c9-4edf-8f3b-1c1422a61881,species,Plantae,"",Sedum rubrotinctum,1,t0075861,accepted
137df6d9-b751-4c28-b59c-a538653d6d95,species,Plantae,"",Sempervivum arachnoideum,1,t0075880,accepted
1921ea64-c666-4ec3-9ca8-6c90331822c4,species,Plantae,"",Sempervivum tectorum,1,t0075881,accepted
0db4e7ca-61ec-434e-bbef-834948c9512d,species,Plantae,"",Adromischu poellnitzianus,1,t0060834,accepted
0e5e6c0e-9d7a-4eeb-8b42-497177ecd022,species,Plantae,"",Cotyledon decussata,1,t0073533,accepted
c6c90b2e-2720-43b3-9e9b-78faeba1d1fa,species,Plantae,"",Cotyledon undulata,1,t0073534,accepted
8f78b84f-ae28-4f17-81b6-b949991da0f0,species,Plantae,"",Haloragis micrantha,1,t0074215,accepted
8b80d684-c8e5-45d7-9529-bed89f0f0d61,species,Plantae,"",Myriophyllum aquaticum,1,t0054524,accepted
63343fb7-f9f0-4091-bbff-5e24c093edab,species,Plantae,"",Myriophyllum dicoccum,1,t0054525,accepted
e642f93e-ff49-4713-8db8-8bfaa755e9a0,species,Plantae,"",Myriophyllum spicatum,1,t0054526,accepted
344292e5-5100-4b3b-b08c-18370b974585,species,Plantae,"",Ampelopsis brevipedunculata,1,t0060933,accepted
f69cf095-383e-4d6f-b253-c65ea2adb241,species,Plantae,"",Ampelopsis japonica,1,t0052591,accepted
3d836993-089b-4dfe-b846-c75e9141b528,species,Plantae,"",Ampelopsis delavayana,1,t0052589,accepted
31c8a75b-936b-4c94-94a9-4bc2cf06fdde,species,Plantae,"",Causonis japonica,1,t0052897,not-accepted
70e28d99-2a0b-42bf-9a71-9fff2f29874b,species,Plantae,"",Causonis corniculata,1,t0052896,accepted
154dfd36-4bc8-494f-acc7-a9fc5a7076ce,species,Plantae,"",Causonis trifolia,1,t0127874,accepted
da3d2f34-afe6-45ef-98db-bbb1e453f529,species,Plantae,"",Cissus adnata,1,t0058812,misapplied
1713a060-a33e-4166-8954-88e2243ddfa9,species,Plantae,"",Cissus sicyoides,1,t0053030,accepted
1eca6cc1-3b45-4724-9e56-ac0563b818c1,species,Plantae,"",Cissus cactiformis,1,t0073257,accepted
4d149fcf-b06f-4d23-9864-3a7f46b78999,species,Plantae,"",Cissus discolor,1,t0073258,accepted
d89e3f4d-7c65-4ba2-929c-b51abbbec814,species,Plantae,"",Cissus kerrii,1,t0053027,accepted
410efa93-2e93-46b4-b87a-9912be6ab6bf,species,Plantae,"",Leea guineensis,1,t0054194,accepted
4c082248-aa55-48d4-8962-5c077698e640,species,Plantae,"",Leea philippinensis,1,t0054195,accepted
3dfb3e6a-fc48-4560-b369-04c43aa5a0d6,species,Plantae,"",Leea indica,1,t0074507,accepted
b4b88257-4ae2-4125-9d9f-952a377c0b49,species,Plantae,"",Parthenocissus himalayana,1,t0075129,accepted
cf192e19-91c0-445f-92d7-b6bf6c2a6a7d,species,Plantae,"",Tetrastigma alatum,1,t0055573,accepted
84820422-520b-4889-a06c-f97708f01e33,species,Plantae,"",Tetrastigma formosanum,1,t0055574,accepted
918b604f-c241-496d-834f-2a1275c79bc9,species,Plantae,"",Tetrastigma umbellatum,1,t0069600,accepted
50ca25c8-4a25-4c70-a16f-b78b2fde513a,species,Plantae,"",Vitis kelungensis,1,t0049335,accepted
2b882d8c-0636-40c5-b1e3-7b317bffdfed,species,Plantae,"",Vitis labrusca,1,t0049336,accepted
ffce0a6f-138d-45bc-b3d9-31871ea875ab,species,Plantae,"",Vitis adstricta,1,t0069794,accepted
a7c0bf50-6e06-4134-b1a0-ba2380e3823a,species,Plantae,"",Columella tenuifolia,1,t0073424,accepted
08aac10d-75c8-4a7f-8161-9f48cdd67695,species,Plantae,"",Yua thomsonii,1,t0069834,accepted
b0af96b7-87ae-48a2-b6eb-49539226c558,species,Plantae,"",Tribulus terrestris,1,t0055645,accepted
541365c8-4127-489c-9a74-d4d69527666f,species,Plantae,"",Tribulus cistoides,1,t0055643,accepted
6f0a065d-7fc3-4179-8ed2-fcabd7b6d772,species,Plantae,"",Acacia caesia,1,t0033548,accepted
2ac35556-9064-40df-8f74-f59f901f4461,species,Plantae,"",Acacia farnesiana,1,t0052525,accepted
05e5ad08-6848-4641-863e-d2cc9f60b4a1,species,Plantae,"",Acacia albida,1,t0060763,accepted
2773cebd-76a9-4f2a-9fb8-77448182baa8,species,Plantae,"",Acacia arabica,1,t0060764,accepted
d56575ee-9834-4d35-98f0-4f4da901fc31,species,Plantae,"",Acacia auriculiformis,1,t0060765,accepted
2b44d76b-402d-4471-b940-597d5382faea,species,Plantae,"",Acacia dealbata,1,t0052524,accepted
eb3cdee6-71c8-4f33-aa28-8ba18680dc18,species,Plantae,"",Acacia decurrens,1,t0060769,accepted
e52b16af-6409-4228-871d-7772aef3f4c5,species,Plantae,"",Acacia floribunda,1,t0060771,accepted
48bfeada-70ee-46bd-a1c5-b3fb34b5994b,species,Plantae,"",Acacia gerrardii,1,t0060772,accepted
a4c83d0d-02d7-4d27-a60d-73832ad55d45,species,Plantae,"",Acacia lenticularis,1,t0060775,accepted
52e2d26f-d60b-4159-a2a7-f8576bc7eae1,species,Plantae,"",Acacia mangium,1,t0060776,accepted
b0221a5f-bab2-408d-96cf-615f19c17bd2,species,Plantae,"",Acacia melanoxylon,1,t0060777,accepted
aeb61eb4-f74b-4bd7-b809-624d8dde47a3,species,Plantae,"",Acacia pycnantha,1,t0060780,accepted
adaf68c6-de4d-4c10-86f6-54a328365995,species,Plantae,"",Aeschynomene americana,1,t0052540,accepted
ca5706a0-ad23-4845-bd95-2b10d1c1c736,species,Plantae,"",Aeschynomene indica,1,t0033623,accepted
0f337764-df17-48ee-9e4e-f412b509f7db,species,Plantae,"",Albizia julibrissin,1,t0033675,accepted
04a7d2c5-30af-4cb7-ad37-13141b73ac74,species,Plantae,"",Albizia lebbeck,1,t0033677,accepted
a0e98637-c99b-49c9-b5b5-58f5be8fefa5,species,Plantae,"",Albizia procera,1,t0033678,accepted
3c9c588e-6ed7-47ac-889c-f28a706def3d,species,Plantae,"",Albizia amara,1,t0060891,accepted
d2bdba14-834d-4b6a-834a-ca47ad267ff0,species,Plantae,"",Albizia chinensis,1,t0060892,accepted
75d8c6bd-1065-4c72-9080-36cbc442d7a7,species,Plantae,"",Falcataria falcata,1,t0057366,accepted
e9df9372-f689-45ff-88db-29e8118747ef,species,Plantae,"",Albizia lucida,1,t0060895,accepted
b6bb8d06-bace-473a-859d-72905b8a2273,species,Plantae,"",Alysicarpus ovalifolius,1,t0040133,accepted
7b63a466-9d35-47cd-8c33-fdaf0be5a988,species,Plantae,"",Alysicarpus vaginalis,1,t0040135,accepted
5970b314-efd2-4ba1-9cd8-753c4cb75ed7,species,Plantae,"",Amorpha fruticosa,1,t0052586,accepted
d1cd1663-a607-4ee0-b142-524194c11fa6,species,Plantae,"",Amphicarpaea bracteata,1,t0060935,accepted
970c0cf6-f808-436e-945f-fdb3e5ab0960,species,Plantae,"",Arachis duranensis,1,t0040215,accepted
3dfff1f5-4230-4705-abca-122e357f43b5,species,Plantae,"",Arachis glabrata,1,t0052609,accepted
aa2e078f-826c-4f2b-abc1-7973fde6dffe,species,Plantae,"",Arachis hypogea,1,t0040216,not-accepted
cb531897-d7b7-4cec-b8d8-590b0e56fcef,species,Plantae,"",Archidendron lucidum,1,t0040225,accepted
5ab87a3e-c87b-46eb-8d6e-e0a26e59cb98,species,Plantae,"",Astragalus sinicus,1,t0040304,accepted
b4d68e6d-03d6-4a4d-9b37-48b4f2944aa3,species,Plantae,"",Bauhinia championii,1,t0052696,not-accepted
d4532dab-566a-40dc-b782-5ba81a2fff17,species,Plantae,"",Bauhinia acuminata,1,t0072800,accepted
ca3e65d2-d6a7-4b23-b5ec-7d816b7d35b2,species,Plantae,"",Bauhinia alba,1,t0040356,not-accepted
fd9b8de1-d2b9-4ef9-b558-5f2a43312737,species,Plantae,"",Bauhinia vahlii,1,t0058979,not-accepted
db12cf86-e0cf-4d0d-8dfc-1dbca122557b,species,Plantae,"",Caesalpinia minax,1,t0040528,accepted
69af32ad-4b33-4c34-a9f6-c177741a0aca,species,Plantae,"",Caesalpinia pulcherrima,1,t0040529,accepted
cdfc77b0-bb21-46ee-a46c-1899ea4497de,species,Plantae,"",Caesalpinia coriaria,1,t0072953,accepted
fc6ccded-e29c-40fb-a846-2b8a0fb71d32,species,Plantae,"",Caesalpinia sappan,1,t0072954,accepted
fca9780d-5744-4725-b137-3246ceaf0dab,species,Plantae,"",Caesalpinia tinctoria,1,t0072955,accepted
fb49bf40-4d36-42b6-94b0-e552cc749ead,species,Plantae,"",Calliandra brevipes,1,t0072971,accepted
338b1eed-6ecd-4ed2-8733-72db37832be1,species,Plantae,"",Calliandra surinamensis,1,t0072973,accepted
e1473b77-4ab8-46d4-88d1-d39fda5ca568,species,Plantae,"",Callerya reticulata,1,t0103179,not-accepted
72c2fe56-977c-4ec5-b957-3c1fec3a6c18,species,Plantae,"",Callerya cinerea,1,t0072970,accepted
96072c68-f188-48aa-92b9-be1cb38d228d,species,Plantae,"",Campylotropis giraldii,1,t0040609,accepted
d79dd499-9e48-4148-9c5b-fe7b0baea634,species,Plantae,"",Canavalia cathartica,1,t0040610,accepted
a1c9bd1a-ce5d-49ff-9bd0-e286128a9bf4,species,Plantae,"",Senna sophera,1,t0058250,not-accepted
3b0a6b39-656f-4103-a928-4f980280547c,species,Plantae,"",Cassia bicapsularis,1,t0058246,not-accepted
4c717260-ec56-42d0-be4c-d111b4c1d5b0,species,Plantae,"",Cassia grandis,1,t0052883,accepted
101edab7-deb5-4980-943d-d47d06cbd8d4,species,Plantae,"",Cassia javanica,1,t0073061,accepted
24ca4390-caa1-4bcf-a9d9-71c97b8d97a8,species,Plantae,"",Cassia multijuga,1,t0073062,accepted
7c0acc9a-95e5-44dd-870c-fe5b988d48f1,species,Plantae,"",Cassia torosa,1,t0073063,accepted
762ef6ee-2fd6-4894-be5b-0a0194cd072e,species,Plantae,"",Chamaecrista garambiensis,1,t0058768,accepted
b00ae87a-e972-4073-978d-060b22664b1f,species,Plantae,"",Chamaecrista nomame,1,t0058770,accepted
efb2b6a8-94c7-4b3a-8ec5-a947c42fd428,species,Plantae,"",Clitoria ternatea,1,t0053075,accepted
245f7ba1-819b-4504-91b7-4e5c03e94425,species,Plantae,"",Crotalaria acicularis,1,t0053160,accepted
10b57d9e-6498-434a-aedd-6bd935fb3aec,species,Plantae,"",Crotalaria bialata,1,t0053163,accepted
a8199d8a-946e-4747-80c8-4950a08de18f,species,Plantae,"",Crotalaria ferruginea,1,t0053168,accepted
07a132bc-cb48-40ee-8e39-1a65ad2e1ae0,species,Plantae,"",Crotalaria goreensis,1,t0053169,accepted
8ca25f7f-0aa0-407e-ba89-af04fa238133,species,Plantae,"",Crotalaria lanceolata,1,t0053172,accepted
81126ce9-e69e-47e9-a5df-c223565cb146,species,Plantae,"",Crotalaria pallida,1,t0053176,accepted
db4397a5-28da-4763-bf8e-3953f955fc6e,species,Plantae,"",Crotalaria similis,1,t0053179,accepted
f3123744-89e2-4066-9926-441bcd85bd7b,species,Plantae,"",Crotalaria spectabilis,1,t0053180,accepted
31334c23-b1dc-49ed-baed-5c07d20c1a8b,species,Plantae,"",Crotalaria triquetra,1,t0053181,accepted
a524741b-035f-478a-9213-9d99550a3baf,species,Plantae,"",Crotalaria zanzibarica,1,t0058878,not-accepted
993842be-1942-43bb-8434-6e6c01984aee,species,Plantae,"",Crotalaria alata,1,t0128609,accepted
1997a92a-489e-41a4-b930-42a2a2245456,species,Plantae,"",Cyamopsis psoralioides,1,t0053218,not-accepted
af2eb31d-e40a-41e0-9756-43bb034faa51,species,Plantae,"",Dalbergia benthamii,1,t0053290,accepted
ae3fe242-5e97-4b50-a7dd-83978dfcac7b,species,Plantae,"",Dalbergia sissoo,1,t0053292,accepted
3174d0ec-0e07-4c67-9d17-abfd71954f12,species,Plantae,"",Delonix regia,1,t0053309,accepted
543db899-f05c-4ff3-80b4-af574b3864de,species,Plantae,"",Dendrolobium umbellatum,1,t0053338,accepted
d2c0648a-fe37-4a41-85f7-d6919c6d17ec,species,Plantae,"",Derris canarensis,1,t0053341,not-accepted
1eacceb6-fdd0-4e56-8c47-42f7cbdabc5c,species,Plantae,"",Derris malaccensis,1,t0073652,accepted
e160df6b-984b-44ec-8c04-8c72ff992727,species,Plantae,"",Desmodium diffusum,1,t0053346,not-accepted
400364da-33af-48a0-b627-8424517a7c7f,species,Plantae,"",Desmodium gangeticum,1,t0058943,not-accepted
cebf0f11-c30b-44ed-8913-05010ed78ecc,species,Plantae,"",Desmodium gracillimum,1,t0053347,not-accepted
44925ead-ce16-42a8-9694-83d2f350b983,species,Plantae,"",Desmodium heterocarpon,1,t0053348,not-accepted
24632fa5-5f52-481f-b67b-a00d152eb5db,species,Plantae,"",Desmodium heterophyllum,1,t0053349,not-accepted
621c09a4-8d85-4f9b-9272-e627579223f2,species,Plantae,"",Desmodium microphyllum,1,t0053352,not-accepted
577b6fc9-2c51-4b40-a8f6-ab4086bb6a3d,species,Plantae,"",Desmodium renifolium,1,t0053354,not-accepted
ace7d6f5-92e0-45fb-942d-23720580e71f,species,Plantae,"",Desmodium scorpiurus,1,t0058944,accepted
55b26890-0746-40ec-9260-28e4b9ebf138,species,Plantae,"",Desmodium sequax,1,t0053355,not-accepted
cde315b4-06f2-4732-acd5-d2c550740c46,species,Plantae,"",Desmodium tortuosum,1,t0053356,accepted
ee9e432a-c363-4485-af85-790945ab9a2a,species,Plantae,"",Desmodium triflorum,1,t0053357,not-accepted
2f5688bf-da92-4763-a201-2a82c4d737a5,species,Plantae,"",Desmodium uncinatum,1,t0053358,accepted
83852268-7262-424f-83fa-7d0379c852c8,species,Plantae,"",Desmodium zonatum,1,t0053360,not-accepted
37ce8df6-d37b-4891-a06e-b08224b36d2f,species,Plantae,"",Dolichos lablab,1,t0054154,not-accepted
f7fc9f10-b8e1-400c-850d-e7aa65aa604c,species,Plantae,"",Dunbaria villosa,1,t0053458,accepted
6a8073fc-b8bc-4a60-998f-91e8423a47ba,species,Plantae,"",Dysolobium pilosum,1,t0057300,accepted
a476103e-c667-4783-aacd-e6e5a4cd016b,species,Plantae,"",Entada koshunensis,1,t0101620,accepted
16cf52a2-b201-4522-a2d1-791f1026598a,species,Plantae,"",Entada rheedei,1,t0046112,accepted
31c1b691-dd38-4ec2-ab0c-59506d69177f,species,Plantae,"",Entada pursaetha,1,t0046112,not-accepted
4c1b7610-a1c3-44ad-8a4e-5472e87adce1,species,Plantae,"",Erythrina abyssinica,1,t0073860,accepted
6559ac22-35e7-4c5e-981d-98b9daae14ec,species,Plantae,"",Erythrina indica,1,t0053601,not-accepted
1c312867-fbf2-4882-8a27-07424ede8d57,species,Plantae,"",Erythrina princeps,1,t0073864,accepted
f3734edb-c191-4343-82e0-1905c7100153,species,Plantae,"",Euchresta formosana,1,t0053608,accepted
f0435de6-8685-4064-8d12-1104b0e99232,species,Plantae,"",Galactia tashiroi,1,t0053743,accepted
5b74bcbd-f2ce-4b90-b030-757748ca819c,species,Plantae,"",Galactia tenuiflora,1,t0074074,accepted
bce97221-c5fb-4599-b85b-22c741103713,species,Plantae,"",Gleditsia rolfei,1,t0053821,accepted
512fa221-8bf8-4394-8644-c684124d16b5,species,Plantae,"",Glycine tabacina,1,t0053828,accepted
a2a54816-0804-4c57-8bbd-7f617c1a9218,species,Plantae,"",Glycine tomentella,1,t0053829,accepted
eaf9b45e-1d12-4642-bd20-d334afcd9b5f,species,Plantae,"",Haematoxylum campechianum,1,t0053894,accepted
dc68a535-826f-4f84-841f-04edf3f658dd,species,Plantae,"",Hylodesmum laterale,1,t0058041,accepted
1d682606-ccfd-482a-87bd-e3068d626d40,species,Plantae,"",Hylodesmum leptopus,1,t0103353,accepted
d0a95d28-5464-417b-8dc5-01b9b987d0ca,species,Plantae,"",Hylodesmum podocarpum,1,t0053978,accepted
81d2abbe-9cfa-46de-ae8d-167aeb025681,species,Plantae,"",Hymenaea courbaril,1,t0074340,accepted
21440626-8250-4078-bb4b-51206b804dae,species,Plantae,"",Hymenaea verrucosa,1,t0074341,accepted
5e143ad9-fbf6-42ef-ba4f-830a124f20b3,species,Plantae,"",Indigofera byobiensis,1,t0054039,accepted
f841943e-3b41-43a3-8839-e80411fbec1a,species,Plantae,"",Indigofera glandulifera,1,t0054041,accepted
54fbac52-ab31-4dfa-8ded-8f0ca00faae9,species,Plantae,"",Indigofera hirsuta,1,t0054042,accepted
4acdd043-6771-47fe-8b51-ea0fef5eeec1,species,Plantae,"",Indigofera nigrescens,1,t0054043,accepted
41952f12-8c11-4455-8aad-36b9f0feafdc,species,Plantae,"",Indigofera pedicellata,1,t0054044,accepted
0f923dd8-1db0-47e7-a235-9a2467fe6eb5,species,Plantae,"",Indigofera tinctoria,1,t0054050,accepted
3a13a8b9-060f-477c-bcdf-3dbc8b558cff,species,Plantae,"",Indigofera zollingeriana,1,t0054053,accepted
a9f55dc5-7e04-4ce0-8710-64c911c25bb5,species,Plantae,"",Kummerowia striata,1,t0054153,accepted
7aa89aa2-b3d7-478d-a124-8102bbe4002d,species,Plantae,"",Lathyrus odoratus,1,t0054182,accepted
16c2e48d-1336-468f-8738-ca82339650f8,species,Plantae,"",Lens culinaris,1,t0058136,not-accepted
283e1da7-f9e0-470a-ae72-43f6b190829a,species,Plantae,"",Lespedeza virgata,1,t0054220,accepted
cdb8e426-c731-4efb-8d14-3f88e927b00a,species,Plantae,"",Lespedeza bicolor,1,t0054217,accepted
39b51426-ce09-4429-afe9-81fd1a4e4770,species,Plantae,"",Lonchocarpus capassa,1,t0074626,accepted
1ef771c6-94a9-41dd-8cb7-91302db8634c,species,Plantae,"",Lotus corniculatus,1,t0100551,accepted
a5cd97cb-3bf0-4b6a-9ee4-ed52c071a07a,species,Plantae,"",Lotus pacifica,1,t0054324,not-accepted
aa7d4e03-eab2-45e0-82b2-4f02a32f8a69,species,Plantae,"",Lotus taitungensis,1,t0054324,accepted
dfc06670-cce8-4d71-9a0f-35771388e560,species,Plantae,"",Lupinus albus,1,t0074652,accepted
0a672c01-63c5-4fab-ae26-191acad1a979,species,Plantae,"",Lupinus angustifolius,1,t0054341,accepted
718f1e49-c213-4afb-9684-790d18cce404,species,Plantae,"",Lupinus luteus,1,t0074656,accepted
8374b807-8112-474f-98ee-1e3d5f8f62d6,species,Plantae,"",Lupinus micranthus,1,t0074657,accepted
325a2956-c130-4cc4-b1a0-3f8ec7522ce5,species,Plantae,"",Lupinus mutabilis,1,t0074658,accepted
603aaa47-04f9-40d8-92ac-57a991393450,species,Plantae,"",Lupinus nanus,1,t0074659,accepted
6807707f-60d8-4fb8-87d5-ca17f08d1f40,species,Plantae,"",Lupinus polyphyllus,1,t0074660,accepted
b42ec6d7-36b6-4433-812c-2ca66610f585,species,Plantae,"",Macroptilium atropurpureus,1,t0054371,not-accepted
ab60e0c9-0380-42eb-985c-c378171dc3c0,species,Plantae,"",Macroptilium lathyroides,1,t0058494,accepted
c4d028dc-4f37-4990-8bf4-1d7dd0fe5083,species,Plantae,"",Macrotyloma uniflorum,1,t0054372,accepted
71bcab0f-f172-466c-a4c0-27039b392d54,species,Plantae,"",Medicago polymorpha,1,t0054418,accepted
1168b088-c736-438e-84cc-6b50207e7fdd,species,Plantae,"",Melilotus indicus,1,t0058516,accepted
c31fcfad-3a15-4bae-87cf-8735c2d0e28f,species,Plantae,"",Melilotus officinalis,1,t0058517,accepted
db55560e-2767-459c-b927-395470707001,species,Plantae,"",Melilotus suaveolens,1,t0084605,accepted
6cfd0ba1-1e47-43de-9803-e412fef662c1,species,Plantae,"",Millettia pachycarpa,1,t0054470,accepted
6e46edbd-1807-4c5b-995a-fe54da77a4b7,species,Plantae,"",Millettia pulchra,1,t0074822,accepted
60e8aba6-6056-4da7-b032-9e23cb6b738f,species,Plantae,"",Mimosa pigra,1,t0054472,accepted
a4365854-bf0d-4620-916e-a162aea70b3e,species,Plantae,"",Mucuna gigantea,1,t0074852,accepted
b88474e1-792b-45b3-b35e-25cf6eca8945,species,Plantae,"",Neonotonia wightii,1,t0058622,accepted
d437a5cd-078d-4478-85e0-8ce2c5ec87b4,species,Plantae,"",Neptunia gracilis,1,t0054569,accepted
64a887a5-c2a8-470d-89d3-0403697ed0c3,species,Plantae,"",Neptunia plena,1,t0074928,accepted
53ed8376-f4bc-4e8a-ae22-30831dd275c7,species,Plantae,"",Neptunia pubescens,1,t0054570,accepted
be50746a-fd14-4b74-b05d-930c5dfe61e5,species,Plantae,"",Ormocarpum cochinchinense,1,t0054641,not-accepted
9d7bbe46-a7ca-44db-ae45-9e9497760a21,species,Plantae,"",Pachyrhizus erosus,1,t0054671,accepted
6353747b-b792-46ab-af5c-86cedf6e5736,species,Plantae,"",Phaseolus coccineus,1,t0075233,accepted
3078082c-da9d-4bd5-8e03-c9e0a76c30b8,species,Plantae,"",Phaseolus mungo,1,t0049307,not-accepted
d03a3966-513b-49fd-9038-9f9d16044066,species,Plantae,"",Phaseolus nanus,1,t0075234,accepted
4ea59d44-cca2-4c13-a9ef-11fba8201c9a,species,Plantae,"",Phaseolus radiatus,1,t0049307,not-accepted
9039e6db-246c-4179-bc62-3dafac7b28e6,species,Plantae,"",Phaseolus vulgaris,1,t0054770,accepted
4f4f11a6-0fe7-46da-9309-332025c363b9,species,Plantae,"",Phyllodium pulchellum,1,t0054808,accepted
d51f1571-36b6-4b64-9991-c4b26e5a37ce,species,Plantae,"",Pisum sativum,1,t0054858,accepted
6d1c110f-92e5-46de-b483-bcb294ee006d,species,Plantae,"",Pithecellobium dulce,1,t0075337,accepted
98da2622-1830-4075-8ed2-65f25b1408eb,species,Plantae,"",Psophocarpus palustris,1,t0075515,accepted
67ad67ba-d888-4a3e-8001-6630f2fde428,species,Plantae,"",Pterocarpus indicus,1,t0054990,not-accepted
417d861d-6807-4a17-99a3-e202e060c0d2,species,Plantae,"",Pterocarpus vidalianus,1,t0054990,not-accepted
b9d68818-3ae3-4f1d-a587-1c13a4ee81b3,species,Plantae,"",Pueraria lobata,1,t0059136,not-accepted
6b654c17-ad89-4cff-959d-dd1b8c532f86,species,Plantae,"",Pueraria montana,1,t0054996,accepted
f00122e1-f7f2-4078-9e13-0e7a388451b4,species,Plantae,"",Pycnospora lutescens,1,t0055000,accepted
cf995621-bda2-4d09-9154-b39f47c4de4c,species,Plantae,"",Robinia pseudoacacia,1,t0075687,accepted
da1969cb-b3c0-4604-ad05-fd1798c60921,species,Plantae,"",Senna sulfurea,1,t0075893,misapplied
18b36869-9637-4aba-a6cc-5719d008e157,species,Plantae,"",Sesbania cannabiana,1,t0055318,not-accepted
d3fd8b28-ecb1-4f5d-bd55-4d26072f89d3,species,Plantae,"",Sesbania grandiflora,1,t0055319,accepted
01438e4f-788f-4602-96c1-f6d17f884b24,species,Plantae,"",Sesbania sesban,1,t0055320,accepted
696490da-0d15-45fa-bf5b-ac0defc83edf,species,Plantae,"",Sophora japonica,1,t0075945,accepted
5b4f33f4-c142-44eb-bbf6-602b3b9bdfef,species,Plantae,"",Stylosanthes guianensis,1,t0055480,accepted
ac7c1d70-6f4f-4b11-8abd-5c44cc56e638,species,Plantae,"",Tephrosia candida,1,t0055566,accepted
c9fbc6aa-b06e-4901-ba90-c052bc2d3b6c,species,Plantae,"",Tephrosia noctiflora,1,t0055567,accepted
b2fe0ca7-46f1-405c-b6f7-ce45f0fcbf9d,species,Plantae,"",Tephrosia obovata,1,t0055568,accepted
dae29bad-ebc3-4991-968e-aff07af6f2b3,species,Plantae,"",Tephrosia purpurea,1,t0058357,accepted
760c3717-7ae1-4248-af19-31ba50802f5e,species,Plantae,"",Tephrosia vogelii,1,t0055569,accepted
36fe2e8b-1de9-4644-a248-c1952f537829,species,Plantae,"",Teramnus labialis,1,t0058358,accepted
e4abf817-5382-413b-be62-505143053e4a,species,Plantae,"",Trifolium pratense,1,t0055660,accepted
e2314bb3-af4e-46cf-abb9-580a2c1bb5d5,species,Plantae,"",Trifolium repens,1,t0055661,accepted
818c9def-58f3-4af9-9215-7a7d423d87b4,species,Plantae,"",Trigonella hamosa,1,t0055662,accepted
1d081650-9364-4b88-b30e-367b4ebd5389,species,Plantae,"",Uraria crinita,1,t0055706,accepted
ed38e5e5-5e4e-4a9b-a9ee-4784c52a6164,species,Plantae,"",Uraria lagopodioides,1,t0055707,accepted
7aca7e2d-6833-49c8-9637-037a1ee55f37,species,Plantae,"",Uraria neglecta,1,t0055708,accepted
7e9c641e-6119-4496-9835-4c18b56b52f3,species,Plantae,"",Vicia hirsuta,1,t0049302,accepted
26487cc0-f8b1-4096-ab01-868d817589f3,species,Plantae,"",Vicia faba,1,t0049301,accepted
0e3617f5-045d-4a97-9372-17a043d4c7cf,species,Plantae,"",Vigna angularis,1,t0057486,accepted
13d1d55c-6b2c-4c31-8026-74ba50ee15bf,species,Plantae,"",Vigna minima,1,t0069787,accepted
1fd3ce2d-2442-49f8-915d-bec3789362b0,species,Plantae,"",Vigna unguiculata,1,t0049310,accepted
da933051-4d5f-4fae-b33d-65fcfbe3e83f,species,Plantae,"",Vigna vexillata,1,t0069788,accepted
e7ab9113-8c60-43d5-9a5c-235aaabd24ce,species,Plantae,"",Wisteria floribunda,1,t0069818,accepted
3495e651-de0d-4f0c-91e4-3b1d5196a648,species,Plantae,"",Wisteria venusta,1,t0069820,not-accepted
3e878a1a-d3b3-4ea5-a7e4-cb5f102946a4,species,Plantae,"",Zornia intecta,1,t0049404,accepted
572fd024-caaa-4800-8bb1-64f3980545d1,species,Plantae,"",Adenanthera microsperma,1,t0060824,accepted
5bd509f8-4219-4aab-b2e2-395817532b4c,species,Plantae,"",Adenanthera pavonina,1,t0060825,accepted
be6c12bc-fc7a-49e3-a728-e231a2e2a6f1,species,Plantae,"",Butea monosperma,1,t0072947,accepted
8e56b5cc-cb87-4c37-8441-47628e21eb40,species,Plantae,"",Mezoneurum sumatranum,1,t0074797,accepted
515e0c0e-c03e-4682-9b12-e7986eb3c9f6,species,Plantae,"",Myroxylon balsamum,1,t0074876,accepted
4f2a8ae3-594a-4623-8f1d-780002c9fac0,species,Plantae,"",Myroxylon toluiferum,1,t0074877,accepted
19e5c0c2-def7-42e4-980b-a22231591460,species,Plantae,"",Pahudia rhomboidea,1,t0075057,accepted
12393ab5-ab04-43a7-aaf6-04e3b80a4fd1,species,Plantae,"",Peltophorum pterocarpum,1,t0058713,accepted
07c3b6ce-3e24-4f8d-a2c8-eba53d6ea074,species,Plantae,"",Prosopis juliflora,1,t0100902,accepted
a2bc6167-17f7-4520-929f-5f039b746db2,species,Plantae,"",Saraca indica,1,t0075742,accepted
5cd229b1-d5ed-48dc-982d-de884cb671a7,species,Plantae,"",Xylia dolabriformia,1,t0069828,accepted
361459e3-fc74-4829-9986-984825e07a41,species,Plantae,"",Suriana maritima,1,t0055483,accepted
1a95329a-d398-4ec3-9ef9-49df6085f0bd,species,Plantae,"",Polygala arcuata,1,t0054912,not-accepted
8add410e-2967-4362-8bde-3a090ecb8175,species,Plantae,"",Polygala japonica,1,t0054914,accepted
4d3d9442-930a-4017-bcd5-9983cebc7ce3,species,Plantae,"",Polygala paniculata,1,t0054915,not-accepted
f75a6ef5-2a0d-4af6-9801-dca8ab43c13d,species,Plantae,"",Polygala tatarinowii,1,t0054917,not-accepted
96cb1305-c4d6-4147-8eff-4f2192675522,species,Plantae,"",Salomonia oblongifolia,1,t0055197,not-accepted
ef06f1e5-7df4-4104-8b8f-573cb1f0b08c,species,Plantae,"",Salomonia cantoniensis,1,t0075726,accepted
a7f6425e-7de2-491c-9b89-ce63971d2861,species,Plantae,"",Agrimonia pilosa,1,t0033647,accepted
f92d0c52-feab-4b40-8e5c-15d9afafb60a,species,Plantae,"",Chaenomeles speciosa,1,t0073143,accepted
e04cd0b3-5a62-4ced-8a7e-300224f40446,species,Plantae,"",Cotoneaster apiculatus,1,t0053140,accepted
dbe8fc02-b459-4fb7-91a8-7d93a049b711,species,Plantae,"",Cotoneaster bullatus,1,t0053141,accepted
0b86a8d0-0166-4a82-9e6d-ffe1c67201a1,species,Plantae,"",Cotoneaster chingshuiensis,1,t0073531,accepted
756bd4ae-e5ad-466b-80a2-12cf39ebe15f,species,Plantae,"",Cotoneaster horizontalis,1,t0053143,accepted
0dfe7eb9-8e4a-47ab-a7d1-c98336221809,species,Plantae,"",Cotoneaster rokujodaisanensis,1,t0053146,accepted
1e69bd5b-f6bb-4023-8966-7a6dc288b114,species,Plantae,"",Cotoneaster rosiflorus,1,t0053147,accepted
2efd8851-3c71-45e5-abd7-e1dc1aadccd4,species,Plantae,"",Cotoneaster nantouensis,1,t0128526,accepted
f5278935-7988-4467-a747-c9c8e882d7e5,species,Plantae,"",Crataegus pinnatifi,1,t0073538,accepted
b9f4bfb8-5cd9-4501-ba0d-ed7196395071,species,Plantae,"",Duchesnea chrysantha,1,t0057296,accepted
b05f7891-1424-4061-b6a8-c51b153fe9cf,species,Plantae,"",Filipendula kiraishiensis,1,t0053694,accepted
93c3fbfc-2822-4c89-b42a-5c7276cbbedb,species,Plantae,"",Fragaria hayatai,1,t0053732,accepted
8a9dd5df-364a-4420-bdcf-c5289e0e3767,species,Plantae,"",Fragaria ananassa,1,t0074006,accepted
5da84c13-92a9-4595-a06a-6313d4aa7552,species,Plantae,"",Malus doumeri,1,t0058504,accepted
c894eadc-1823-4711-87a7-873f3c780130,species,Plantae,"",Malus pumila,1,t0054389,accepted
f24e90d5-671c-4bd2-8501-8b1864113551,species,Plantae,"",Osteomeles schwerinae,1,t0054665,accepted
79072d89-a3f5-4452-873e-655e0a7c442b,infraspecies,Plantae,"",Pourthiaea beauverdiana notabilis,1,t0059095,not-accepted
ee943a20-4c4e-42cd-918b-cb4cebbcccf9,infraspecies,Plantae,"",Pourthiaea villosa chingshuiensis,1,t0059096,not-accepted
678bb3a7-9f42-42f6-881c-5e34bf5399ea,species,Plantae,"",Pourthiaea lucida,1,t0054953,not-accepted
c168c53d-8f3d-4701-98c9-c6a0779a456c,infraspecies,Plantae,"",Pourthiaea villosa parvifolia,1,t0059097,not-accepted
3a85bebb-b9ea-4357-88e8-f39ae2f51525,species,Plantae,"",Photinia benthamiana,1,t0054784,accepted
ae7713ba-f3a7-47fe-9db0-08bb12b61acf,species,Plantae,"",Potentilla amurensis,1,t0054944,not-accepted
a10eb983-8c99-4963-89d0-93ad6f4f8ea5,species,Plantae,"",Potentilla discolor,1,t0054946,accepted
be26384f-771a-4e70-bd31-691fc27bc359,species,Plantae,"",Potentilla leuconota,1,t0054947,accepted
fc783a8f-1e04-4904-a5ac-c37c2d217e28,species,Plantae,"",Potentilla matsumurae,1,t0054948,accepted
c6b5dff1-84b3-4fb3-b0b2-aadccfddb302,species,Plantae,"",Potentilla fructicosa,1,t0075474,accepted
99979221-cda2-4d4b-83d1-e654266f07dc,species,Plantae,"",Prinsepia scandens,1,t0054964,accepted
23e9fb41-d036-4bac-8b9b-940c0f337305,species,Plantae,"",Prunus avium,1,t0054967,accepted
26160e66-b363-4af3-bfcf-3074c34570ff,species,Plantae,"",Prunus grisea,1,t0059100,accepted
b1e0a1dd-b6b1-4ee3-a566-093543df1a10,species,Plantae,"",Prunus obtusata,1,t0054971,accepted
7aae34a9-2789-48f6-af43-18b6952ebb02,species,Plantae,"",Prunus pogonostyla,1,t0054973,accepted
0aa92364-044a-4342-977f-174f4ef79548,species,Plantae,"",Prunus salicina,1,t0054974,accepted
d1f6ea88-8793-4a3a-8f3d-89cc848a8105,species,Plantae,"",Prunus spinulosa,1,t0054975,accepted
8ce749f8-3356-4374-a8b8-f132446fdd58,species,Plantae,"",Prunus takasagomontana,1,t0059105,accepted
47443188-9bdf-4659-b4a0-987fef980787,species,Plantae,"",Prunus zippeliana,1,t0054976,accepted
8b08b00f-db4c-406c-83c5-e64a89ee5ee4,species,Plantae,"",Prunus cerasus,1,t0100903,accepted
a1a785f6-8393-4ccc-934d-cd546600a85c,species,Plantae,"",Prunus glandulosa,1,t0075488,accepted
76096d74-27d9-41d9-9b7f-6611dcc12be4,species,Plantae,"",Prunus serrulata,1,t0075490,accepted
3c757e04-b045-41a4-a990-00351dbc5472,species,Plantae,"",Pyracantha coccinea,1,t0055005,accepted
0ff4d29a-838f-4e56-bbb8-47a203b43250,species,Plantae,"",Pyracantha crenato-serrata,1,t0075547,accepted
bbba4109-c17c-483d-a4db-04c22d3fa5b0,species,Plantae,"",Pyrus calleryana,1,t0055009,accepted
91749955-7567-437d-982f-e0798ffdb943,species,Plantae,"",Pyrus bretschneideri,1,t0075555,accepted
d7bfb8c9-cf17-4e40-83b3-ecb56af090bc,species,Plantae,"",Pyrus serotina,1,t0059144,not-accepted
2199e9ec-020d-450d-bcdf-ea81de4ce2bd,species,Plantae,"",Rhaphiolepis indica,1,t0075631,accepted
2b3492ad-99f7-49ae-a59a-f7e18c879afd,species,Plantae,"",Rosa laevigata,1,t0055114,accepted
9745d4ef-9322-4e1d-920f-1008072b414c,species,Plantae,"",Rosa pricei,1,t0055115,accepted
b329a67c-d40c-4655-9dbc-d0157b6c7120,species,Plantae,"",Rosa rugosa,1,t0055116,accepted
9e6ce92c-1d06-47a2-a3da-0e6a3afb8d08,species,Plantae,"",Rosa transmorrisonensis,1,t0055119,accepted
91287a69-ac93-426c-965f-3630cfc1b678,species,Plantae,"",Rosa centifolia,1,t0075690,accepted
3763e621-0a1f-44cd-9f3e-0ceada6d90fe,species,Plantae,"",Rosa noisettiana,1,t0075695,accepted
cc496c6b-987a-44a6-86ac-58a364acc398,species,Plantae,"",Rubus alceifolius,1,t0055132,accepted
cea71cf7-f423-4471-83c6-1b776ce77ae1,species,Plantae,"",Rubus alnifoliolatus,1,t0102052,accepted
02996e25-383a-4128-bae2-75b3809ea900,species,Plantae,"",Rubus croceacanthus,1,t0055140,accepted
1f5c1313-5356-41a4-b339-b4eebfd381f6,species,Plantae,"",Rubus flagelliflorus,1,t0055137,accepted
bb59c7a7-cce9-4c58-b4d8-67d3378df205,species,Plantae,"",Rubus fraxinifolius,1,t0055133,accepted
fd1a6911-8d77-47c8-84c5-97c3dd0a6cca,species,Plantae,"",Rubus howii,1,t0055141,misapplied
5f13d4a6-68de-486d-b140-f136eee5ce8d,species,Plantae,"",Rubus lambertianus,1,t0055144,accepted
5ddb3e72-75a7-43a6-bfa1-97ba9045f9d7,species,Plantae,"",Rubus lanyuensis,1,t0102053,accepted
302cc32f-a555-49d2-a474-fc396f0f2003,species,Plantae,"",Rubus morii,1,t0055148,accepted
c5f3dabc-68c8-4a5a-a440-6414d0b023e5,species,Plantae,"",Rubus parviaraliifolius,1,t0100962,accepted
95f81fcb-d85e-433a-bf8b-8ed430c76bb1,species,Plantae,"",Rubus parvifolius,1,t0059207,accepted
8162a230-02c7-4676-960b-75387778593b,species,Plantae,"",Rubus pectinellus,1,t0055150,accepted
ec797c5e-783d-478b-b5bc-6c054de505a0,species,Plantae,"",Rubus pyrifolius,1,t0059210,accepted
5208a460-8bdc-41cb-8867-42bf4356819f,species,Plantae,"",Rubus ritozanensis,1,t0055153,accepted
eeea4f8a-8039-4c14-a795-1365b3ee32db,species,Plantae,"",Rubus rosifolius,1,t0055145,accepted
12f6b581-873a-4b4e-a0c5-c4195732503a,species,Plantae,"",Rubus swinhoei,1,t0055157,accepted
b2a44b69-3bed-4f63-b02b-567ee8a0d86e,species,Plantae,"",Rubus trianthus,1,t0055160,accepted
efbf895a-7750-4183-8959-b8df0d5fa990,species,Plantae,"",Rubus wallichianus,1,t0055161,accepted
fd128e45-4f0a-4dc4-b785-7dfdedabd759,species,Plantae,"",Rubus yuliensis,1,t0102127,accepted
a45549ae-f037-4bdb-971b-b4138ce781fe,species,Plantae,"",Rubus hopingensis,1,t0055145,not-accepted
99682d1b-2aaf-4ee1-b75e-43e95880cf98,species,Plantae,"",Rubus inopertus,1,t0103384,accepted
59487b11-1911-4760-a405-0103026eed94,species,Plantae,"",Rubus pinfaensis,1,t0055161,not-accepted
56cb17e7-5e5b-4adb-9c36-b08a37cee80a,species,Plantae,"",Rubus piptopetalus,1,t0055140,not-accepted
0c4a5666-e8b2-4758-89d4-20e1bb22bd35,species,Plantae,"",Sanguisorba filiformis,1,t0075731,accepted
106725e7-c844-46ab-b498-810c5f8a84a6,species,Plantae,"",Sibbaldia cuneata,1,t0075902,accepted
03a360fc-4c61-4fb6-ab95-382f7d78bdbd,species,Plantae,"",Sorbus randaiensis,1,t0058271,accepted
d4f3534d-1f36-4dce-aca4-d52c991e8d8d,species,Plantae,"",Spiraea formosana,1,t0055432,accepted
c04369a1-6329-409f-abd9-13633ec12461,species,Plantae,"",Spiraea tarokoensis,1,t0055435,accepted
2cd23ed7-910c-41ee-8df0-538b419507a1,species,Plantae,"",Spiraea tatakaensis,1,t0075960,accepted
c74e5374-79d0-4ecd-ba9a-7c89e8bd7b31,species,Plantae,"",Elaeagnus conferta,1,t0053481,accepted
31bb914e-b61e-42b6-9338-2bd6548ab660,species,Plantae,"",Elaeagnus grandifolia,1,t0053485,accepted
45f444f1-6b98-4a00-89f6-f1cd3c3b7d58,species,Plantae,"",Elaeagnus umbellata,1,t0053491,accepted
747c5762-b9a5-48a5-aa72-6427cfa9a0bd,species,Plantae,"",Berchemia formosana,1,t0052724,accepted
07a933a5-62c2-4a5f-937d-056924e662c1,species,Plantae,"",Paliurus ramosissimus,1,t0054677,accepted
d7ce6b0a-c050-40e5-9915-bcc310fd7e00,species,Plantae,"",Rhamnus formosana,1,t0055057,accepted
2bc8871c-9b54-4374-926b-1d5591e1b9b6,species,Plantae,"",Rhamnus parvifolia,1,t0055058,accepted
dfcaca3a-b04d-4e38-b57d-7c012fdde9bc,species,Plantae,"",Rhamnus nepalensis,1,t0075626,accepted
877de092-cf02-4dac-b513-b492aa0eb26b,species,Plantae,"",Sageretia randaiensis,1,t0055185,accepted
8fc00143-c229-473e-a109-edb9c188989f,species,Plantae,"",Ventilago leiocarpa,1,t0049260,accepted
b56644e1-64b4-43b3-9e49-329e404a4916,species,Plantae,"",Ziziphus jujuba,1,t0069854,accepted
9dceda58-43bf-48df-8263-af0c90d4ea1e,species,Plantae,"",Ziziphus mauritiana,1,t0049402,accepted
6292b821-fcec-4b37-aaa0-2e458354d94d,species,Plantae,"",Ziziphus vulgaris,1,t0069854,not-accepted
4a6a7495-8e22-4c98-860f-c9e52ae7a22a,species,Plantae,"",Ulmus americana,1,t0069722,accepted
32104ad6-7d6b-4f51-b280-8b20a262f5c9,species,Plantae,"",Celtis biondii,1,t0052909,accepted
67e72cb2-f9c1-4892-b9ce-69922afcf2e7,species,Plantae,"",Celtis nervosa,1,t0052912,accepted
e44bb89b-cbbb-4e8e-b581-919f4a2f9f3d,species,Plantae,"",Celtis sinensis,1,t0052914,accepted
0ee8b56b-fe58-426f-b015-1da9259c509a,species,Plantae,"",Celtis julianae,1,t0052911,accepted
c56fce21-1f11-45d2-b65d-2bec03d16921,species,Plantae,"",Humulus scandens,1,t0046323,accepted
cba5ad97-f94b-40a3-9ba2-a073dcaf4261,species,Plantae,"",Trema cannabina,1,t0058431,accepted
76268d48-21f5-406a-a1a8-3fca6275284b,species,Plantae,"",Trema orientale,1,t0069669,not-accepted
64c256b6-844e-4b40-871e-77b99be32d4a,species,Plantae,"",Cannabis sativa,1,t0040617,accepted
c55fffae-6be2-498a-9508-ac0f0ad6012b,species,Plantae,"",Artocarpus heterophyllus,1,t0052637,accepted
48f176a1-58be-4d6e-abb4-148fefd634fc,species,Plantae,"",Artocarpus integer,1,t0061058,accepted
507d5268-f84f-465f-9987-cc9b476ffcb1,species,Plantae,"",Artocarpus odoratissimus,1,t0052638,accepted
23a51184-e358-43c2-8e58-7d11759989e0,species,Plantae,"",Artocarpus xanthocarpus,1,t0040271,accepted
a22d1a8f-066d-4963-bca6-9b34cb76a7c3,species,Plantae,"",Artocarpus elastica,1,t0061057,accepted
b5589a97-346c-4def-8897-89af89ea96ce,species,Plantae,"",Ficus ampelas,1,t0046291,not-accepted
9f2bcef8-8676-42e4-ad1e-49b6a0632469,species,Plantae,"",Ficus aruiculata,1,t0073953,accepted
fd324972-3213-4e29-aba1-73cc8c5a4d0c,species,Plantae,"",Ficus aurantiaca,1,t0099640,not-accepted
998f185f-9898-44d0-a707-7b628536d5bc,species,Plantae,"",Ficus carica,1,t0053689,accepted
77374fe3-b068-4c58-85c7-f276d1f369d0,species,Plantae,"",Ficus esquiroliana,1,t0046299,accepted
df735ac9-8d53-4d02-8113-e8f4dcc3de93,species,Plantae,"",Ficus fistulosa,1,t0046300,accepted
f07a04fc-6386-4b16-ab97-9cc6d990aa36,species,Plantae,"",Ficus formosana,1,t0046302,accepted
6d7b9349-6cf7-4880-92fb-2577866f88a1,species,Plantae,"",Ficus lyrata,1,t0053691,accepted
5b156e55-ccad-4584-b6fb-b7a74e1e44a0,species,Plantae,"",Ficus pubinervis,1,t0046310,accepted
96ece205-b485-4ac5-8cab-f8e5ae39e74e,species,Plantae,"",Ficus pumila,1,t0046311,accepted
fc019021-0641-4856-a446-8fa99a84f248,species,Plantae,"",Ficus religiosa,1,t0053692,accepted
69efabac-d92c-42c2-b352-5f6c9feb8f40,species,Plantae,"",Ficus septica,1,t0046316,accepted
c1e69a95-3962-44e7-bad7-5a6f8b6fa5dc,species,Plantae,"",Ficus trichocarpa,1,t0101512,accepted
b1848809-73f7-4250-a5c6-549cd3d3d236,species,Plantae,"",Ficus vaccinioides,1,t0046320,accepted
b33622f4-618b-4bec-9bae-8111a40a0a84,species,Plantae,"",Ficus virgata,1,t0046322,accepted
e4bec118-e3eb-4d54-a6bb-dcb822504f6e,species,Plantae,"",Ficus benghalensis,1,t0053688,accepted
59279a00-3213-43d0-b6f9-53731a93bd08,species,Plantae,"",Ficus hispida,1,t0073956,accepted
cc69a505-b757-481e-874f-f14822b85d55,species,Plantae,"",Ficus racemosa,1,t0073960,accepted
4e3b173b-39ea-4d50-a4d4-e3b748f11242,species,Plantae,"",Ficus stricta,1,t0073963,accepted
0e938b56-182f-40fd-b593-257fa22fb732,species,Plantae,"",Ficus thwaitesii,1,t0073964,accepted
f6225fbe-72cc-4295-8e5c-f166da282613,species,Plantae,"",Malaisia scandens,1,t0046325,accepted
6aeee6d1-62ac-4e60-ab3f-221a8a0c90fb,species,Plantae,"",Morus multicaulis,1,t0074850,accepted
268d8dc1-1175-4d4d-b649-82e44f96b2e1,species,Plantae,"",Boehmeria blinii,1,t0040399,not-accepted
d0526a94-219e-4392-9f7c-5c1ffbb4af79,species,Plantae,"",Boehmeria formosana,1,t0040398,accepted
a03541c3-9815-465d-8498-78e65aa63b22,species,Plantae,"",Boehmeria pilosiuscula,1,t0052739,accepted
7731e882-f7fa-4223-afbc-0ff591d9e231,species,Plantae,"",Boehmeria pilushanensis,1,t0052740,accepted
92d4d528-fb41-41ed-a8f4-4a4263f5e819,species,Plantae,"",Boehmeria wattersii,1,t0040399,not-accepted
1569d05e-d587-40c2-ae24-cd3184a6576f,species,Plantae,"",Cypholophus moluccanus,1,t0053278,accepted
d896d604-0e94-48aa-9455-309b0b44bd7b,species,Plantae,"",Debregeasia orientalis,1,t0053304,accepted
9667d759-9e3e-4dc7-ba6a-dcef4f5f1863,species,Plantae,"",Dendrocnide kotoensis,1,t0058932,accepted
eacb6c44-e85f-4a12-95af-5d92ef2903e2,species,Plantae,"",Dendrocnide meyeniana,1,t0053336,accepted
9a256b2a-7e54-4b3c-a458-58507746cc4f,species,Plantae,"",Elatostema acuteserratum,1,t0053499,accepted
cde4a2d3-f394-4559-a0f9-de7b64bbbca0,species,Plantae,"",Elatostema cyrtandrifolium,1,t0057311,accepted
18f1c1c9-1080-4271-bea2-80fc820ca1d4,species,Plantae,"",Elatostema edule,1,t0053500,accepted
59f1e179-3167-46ef-9508-c476100f6261,species,Plantae,"",Elatostema hirtellipedunculatum,1,t0073819,accepted
83928522-1c91-4f49-a392-ec17329ad08f,species,Plantae,"",Elatostema lineolatum,1,t0099569,accepted
d1134971-72dd-4101-a525-6af99cc65529,species,Plantae,"",Elatostema platyphylloides,1,t0053504,accepted
d3eb6358-d5e2-4329-87a8-14e0accd460d,species,Plantae,"",Elatostema strigillosum,1,t0053506,accepted
67506501-4b29-46a6-84a5-7e2cb15580fa,species,Plantae,"",Elatostema subcoriaceum,1,t0053507,accepted
01344ff8-11db-4873-86f2-7d25b0d86bd9,species,Plantae,"",Elatostema trilobulatum,1,t0057313,accepted
ea3a1386-7342-45a6-b506-8356853fdc97,species,Plantae,"",Elatostema platyphyllum,1,t0103250,accepted
7715039b-d3c9-4044-9e0d-263e1d75b00f,species,Plantae,"",Elatostema repens,1,t0073820,accepted
86cd3a53-450f-4cc0-bb97-e881820c2615,species,Plantae,"",Elatostema sessile,1,t0073821,accepted
0407b40c-fee1-4a93-ab4b-3b9d04707c7c,species,Plantae,"",Laportea aestuans,1,t0033515,accepted
c261f82c-de19-4f39-87a7-c043163e509d,species,Plantae,"",Lecanthus peduncularis,1,t0058133,accepted
8c5af19f-d5f6-4cd3-8dac-5872e99eab4e,species,Plantae,"",Nanocnide japonica,1,t0054538,accepted
ba4034c3-e64a-4b7d-abbf-cfbe6379adc9,species,Plantae,"",Parietaria micrantha,1,t0046098,accepted
3b954e25-6ba1-46a9-a3d2-d2b4a27827a2,species,Plantae,"",Parietaria taiwania,1,t0046099,not-accepted
5c6a8d55-a80c-45cc-81fb-e1712ba737df,species,Plantae,"",Pilea angulata,1,t0059003,accepted
b8ad7bd4-2678-4618-8d44-f14c27cf955f,species,Plantae,"",Pilea aquarum,1,t0075282,accepted
a4252b95-f9ec-4bd1-b9b7-49920a3f9c75,species,Plantae,"",Pilea cadierei,1,t0054823,accepted
d1c4ac70-7aa2-4a87-8879-20bc9aa1dc32,species,Plantae,"",Pilea elliptifolia,1,t0075283,accepted
eb20e6fe-d6d4-4a7e-b444-dfbd6eeee0e2,species,Plantae,"",Pilea grandis,1,t0054825,accepted
b4a24fcc-3152-448a-acf9-2e2695b8fa83,species,Plantae,"",Pilea matsudae,1,t0059005,accepted
e7668231-3b33-403c-92fe-e43fb5f96d43,species,Plantae,"",Pilea microphylla,1,t0054828,accepted
5058289e-3c8a-4d64-8ec5-d72e1de6c63b,species,Plantae,"",Pilea peploides,1,t0075286,accepted
e1d1c5d1-969a-47ed-9af6-5d41cbbaab09,species,Plantae,"",Pilea plataniflora,1,t0059006,accepted
a6dc4799-3052-4304-a369-c5a1d1e6b887,species,Plantae,"",Pilea somae,1,t0059008,accepted
66724bcb-f90a-431c-a2d5-603a0f8204fc,species,Plantae,"",Pilea swinglei,1,t0054831,accepted
d3348136-2718-4563-a579-9857f79b94b7,species,Plantae,"",Pilea herniarioides,1,t0075285,accepted
4260203d-b08b-487a-8610-d7776facf1b8,species,Plantae,"",Pipturus arborescens,1,t0054853,accepted
5beb571c-259d-4420-9e70-1fac6e45129e,species,Plantae,"",Poikilospermum acuminatum,1,t0075435,not-accepted
bd351305-50ba-4372-a77f-84756f38e5a8,species,Plantae,"",Procris laevigata,1,t0054965,accepted
71962f74-ccfb-4ce7-9152-a15c4046916a,species,Plantae,"",Castanea crenata,1,t0052885,accepted
7871515a-b34a-42ad-8d48-db88f13ac17d,species,Plantae,"",Castanopsis cuspidata,1,t0073064,accepted
14ae1c5f-c739-47d5-a7a9-180ce7aa3a4e,species,Plantae,"",Castanopsis faberi,1,t0052892,not-accepted
02243002-9329-48c7-b527-07f694ff70f2,species,Plantae,"",Castanopsis formosana,1,t0058735,accepted
442012cb-6270-4eaf-87ce-0b56d1402017,species,Plantae,"",Castanopsis kawakamii,1,t0052891,accepted
0dd8ddef-afaf-41b2-84e9-733a60706f74,species,Plantae,"",Castanopsis kusanoi,1,t0052892,accepted
4d563292-936c-4da5-b9e5-1e57a1c5b47d,species,Plantae,"",Castanopsis uraiana,1,t0058736,accepted
358d5fad-ec96-49a3-ada5-6f8ce15fdce9,species,Plantae,"",Fagus hayatae,1,t0053677,accepted
3671a81c-a9bb-4511-b6c7-f1cf18d8ef7e,species,Plantae,"",Lithocarpus chiaratuangensis,1,t0058459,not-accepted
60ae2315-a827-4932-a391-5646853063ce,species,Plantae,"",Lithocarpus formosanus,1,t0058461,accepted
1bf9285f-a6bd-4097-921a-1d8ec1b43393,species,Plantae,"",Lithocarpus hancei,1,t0054287,accepted
83249643-744d-4c6d-8760-c60eeb703970,species,Plantae,"",Lithocarpus harlandii,1,t0058459,accepted
ef3d59e6-8704-4bf2-bfa5-3efcd4edd492,species,Plantae,"",Lithocarpus synbalanos,1,t0058463,accepted
9cf7525f-acf2-4c26-b06b-547647c66e62,species,Plantae,"",Quercus dentata,1,t0055013,accepted
f3b0f509-0422-47b2-a937-caf4a820810e,species,Plantae,"",Quercus globosa,1,t0059150,accepted
be098a09-7214-4ed0-b35b-8d900e220a6a,species,Plantae,"",Quercus morii,1,t0055016,accepted
296eb08c-7c96-45e6-bd13-8678ca63bb40,species,Plantae,"",Quercus myrsinifolia,1,t0055017,accepted
53f5fe34-9fa3-4e4c-9210-a002e89323ec,species,Plantae,"",Quercus pachyloma,1,t0055018,accepted
7dc2969a-37cb-4827-84ad-a2a3f107f6fb,species,Plantae,"",Quercus phillyrioides,1,t0075568,accepted
73c4eddf-c02e-4d7c-815a-7b43b1f55995,species,Plantae,"",Quercus suber,1,t0055022,accepted
4d34dbf8-d9e9-4c08-826d-0127555422ba,species,Plantae,"",Quercus tarokoensis,1,t0055023,accepted
1147f0ea-9424-4443-af59-436f0d194c43,species,Plantae,"",Quercus tatakaensis,1,t0055024,accepted
02607181-0262-4525-bef7-a2ef0ffcc5ed,species,Plantae,"",Myrica adenophora,1,t0054522,accepted
bccac195-03e4-448b-bef0-616460bc1575,species,Plantae,"",Carya illinoinensis,1,t0073055,accepted
93a936bf-4bed-414e-9267-543dbd9c3318,species,Plantae,"",Carya pecan,1,t0073056,accepted
fef689f3-4d71-4aea-aed5-3276cb29a7cb,species,Plantae,"",Platycarya strobilacea,1,t0054880,accepted
ad0c4707-b4a5-4f83-95cb-e846ed384322,species,Plantae,"",Pterocarya integrifoliata,1,t0075526,accepted
cf6555c6-ce99-48ff-b89b-723d992ee50d,species,Plantae,"",Casuarina fraseriana,1,t0073068,accepted
b04e89eb-0679-45c1-aa54-228b8949978a,species,Plantae,"",Casuarina montana,1,t0073071,accepted
67c50d13-5a11-400a-b6e2-3ca253965af3,species,Plantae,"",Casuarina nana,1,t0052895,accepted
13870161-7b39-4034-88b9-71f194adedcb,species,Plantae,"",Casuarina quadrivalvis,1,t0073072,accepted
591a03d9-b1c3-4a20-95d5-206fdae7ddf1,species,Plantae,"",Alnus nepalensis,1,t0052559,accepted
efdd3391-0a9e-491f-b259-2c349b837e9d,species,Plantae,"",Alnus henryi,1,t0052558,accepted
321ef1b2-17c3-4768-a6fe-a82ef2b8b9a6,species,Plantae,"",Betula chinensis,1,t0072857,accepted
4b51e7e1-9b75-400a-b98e-e86ffeca4560,species,Plantae,"",Carpinus hebestroma,1,t0052872,accepted
a7be5f76-2572-42a9-aa59-48061a9e9000,species,Plantae,"",Carpinus kawakamii,1,t0052873,accepted
90b26bc4-fa0d-44e0-8cdc-808e6d8b366c,species,Plantae,"",Carpinus rankanensis,1,t0052874,accepted
b7c1cdc0-306d-4243-b2f1-f2c36f4639d1,species,Plantae,"",Coriaria japonica,1,t0073454,accepted
b4c4d042-afd7-4f37-af7b-75bab33c0583,species,Plantae,"",Citrullus lanatus,1,t0053031,accepted
6bb14ea1-8fe4-433a-b2a8-b59ce68babbc,species,Plantae,"",Cucumis sativus,1,t0053198,accepted
6df9c77b-b127-42ee-ba36-e28938e6f11f,species,Plantae,"",Cucumis anguria,1,t0073572,accepted
5dae5b85-5111-43d9-9a55-c0b906d092c6,species,Plantae,"",Cucumis trigonus,1,t0073573,accepted
10080e84-5040-4f45-bb5d-eb366f59bc13,species,Plantae,"",Cucurbita moschata,1,t0073576,accepted
4afcb48d-f5be-430e-9d98-97fe45b3cd16,species,Plantae,"",Cucurbita pepo,1,t0053199,accepted
c18d100a-9f91-45bd-9fe5-cbac51c64d11,species,Plantae,"",Cucurbita foetidissima,1,t0073574,accepted
c199ce57-517f-43ad-95d5-46a2d3d9b5f8,species,Plantae,"",Gynostemma pentaphyllum,1,t0053879,accepted
9dd66f4e-f704-40e3-9958-186e7dfa57b0,species,Plantae,"",Lagenaria siceraria,1,t0054159,accepted
b28da02c-0712-498b-82fe-d496001ed489,species,Plantae,"",Lagenaria leucantha,1,t0054159,not-accepted
ea7ac0fa-eb4c-4d79-9acd-a2c9cbebdaf7,species,Plantae,"",Luffa acutangula,1,t0074649,accepted
184bd949-e292-45dd-8193-e37d175e562d,species,Plantae,"",Melothria perpusilla,1,t0049379,misapplied
9652e739-c9c9-48a0-88b8-14ab09dc622e,species,Plantae,"",Mukia maderaspatana,1,t0058579,accepted
0d49926b-df7f-47a5-be1f-ecc3cdee3e12,species,Plantae,"",Thladiantha nudiflora,1,t0055593,accepted
9a1e8928-eb3f-4a93-99b8-91a53ac89d8a,species,Plantae,"",Trichosanthes homophylla,1,t0055650,accepted
798721fe-bc8c-4e89-a53a-9f71e3b2652e,species,Plantae,"",Trichosanthes laceribracteata,1,t0055652,not-accepted
c0e3a4e6-39fe-426c-b30a-091f778543b6,species,Plantae,"",Trichosanthes okamotoi,1,t0055653,not-accepted
7c2aa463-0f60-4bc5-acc3-ce03ce497d0b,species,Plantae,"",Zehneria mucronata,1,t0049379,accepted
454bdbaf-f038-43c9-a911-36b8fcfa9507,species,Plantae,"",Begonia longifolia,1,t0103232,accepted
c8c61782-2bfc-4723-99db-8b6afa79e5d7,species,Plantae,"",Begonia bouffordii,1,t0052698,accepted
4edde756-4a25-4903-afd9-24f888e8a512,species,Plantae,"",Begonia chitoensis,1,t0052699,accepted
90a67863-5c18-4c63-9783-12828296f982,species,Plantae,"",Begonia chuyunshanensis,1,t0052700,accepted
49bd13f7-d599-480f-a5b8-579276b56a7f,species,Plantae,"",Begonia fenicis,1,t0040359,accepted
2b71f24e-90b5-49da-8235-5304232f1b7c,species,Plantae,"",Begonia formosana,1,t0040360,accepted
b32e93b7-163a-45f1-80ad-81b9a484ed46,species,Plantae,"",Begonia masoniana,1,t0052705,accepted
a75332fc-0df3-4171-8107-ab42870d7f70,species,Plantae,"",Begonia nantoensis,1,t0052706,accepted
7d776773-7e84-4762-a656-77f83621e256,species,Plantae,"",Begonia palmata,1,t0040361,accepted
7501df71-d45d-4b9b-9fde-680c4d64693d,species,Plantae,"",Begonia ravenii,1,t0052708,accepted
49ef9cf7-ba88-4441-8446-8f5c9fab46f7,species,Plantae,"",Begonia wutaiana,1,t0052711,accepted
2d48a31d-d705-460c-85ef-14eb7d7bcdae,species,Plantae,"",Begonia dichrosa,1,t0072832,accepted
122b433d-d0ac-4184-af17-7f74f0e1cfa6,species,Plantae,"",Begonia goegoensis,1,t0072834,accepted
8317aa62-be8f-4cc1-819e-48ffc2eff276,species,Plantae,"",Begonia heracleifolia,1,t0072836,accepted
16f53e1d-e10c-44dd-925c-76c68db98c82,species,Plantae,"",Begonia listida,1,t0072841,accepted
7d22868b-7d79-49d8-83d5-2152484b4f8f,species,Plantae,"",Begonia lubbersii,1,t0072842,accepted
81e4e422-94fa-4697-be63-3b704351157a,species,Plantae,"",Begonia maculata,1,t0072843,accepted
76397293-afbe-4e7f-b30b-69ce8198c85f,species,Plantae,"",Begonia paulensis,1,t0072845,accepted
ffac8c12-cffb-461d-974b-d1827af4fa9f,species,Plantae,"",Begonia rex,1,t0072848,accepted
4ec5c1cf-ea9c-4986-848b-61a9419ed9bb,species,Plantae,"",Begonia vitifolia,1,t0072851,accepted
86bfb214-1549-4692-a8fe-ff927bb32384,species,Plantae,"",Begonia wallichiana,1,t0072852,accepted
360efe69-6cf5-47db-a814-186a6fa679e7,species,Plantae,"",Celastrus hindsii,1,t0052901,accepted
f164ff37-9e6f-44b3-bb0c-2e838c2ef7fc,species,Plantae,"",Celastrus kusanoi,1,t0052902,accepted
d383ddc4-eee5-4cfe-80f6-ffbdeb3f36f2,species,Plantae,"",Celastrus paniculatus,1,t0052903,accepted
817af41c-bc02-48c1-ba13-3febfb72e0f1,species,Plantae,"",Celastrus rosthornianus,1,t0052905,accepted
95248856-185d-4562-8276-ec7e04ca14c8,species,Plantae,"",Euonymus huangii,1,t0053626,accepted
69c72755-8f80-4dff-bab2-14c8689dfe5c,species,Plantae,"",Euonymus oxyphyllus,1,t0053629,accepted
46b10cce-e0ed-4124-960e-b0985f54e108,species,Plantae,"",Euonymus pallidifolius,1,t0057343,not-accepted
88fb9558-0b67-491d-a879-c21abc927956,species,Plantae,"",Euonymus trichocarpus,1,t0053632,accepted
8425ba54-940a-4fbf-bfa2-705a46436ca1,species,Plantae,"",Euonymus lichiangensis,1,t0073918,accepted
d342f934-740b-47ec-a383-fe5b68bfbce4,species,Plantae,"",Maytenus diversifolia,1,t0058511,accepted
8c3b965b-b6c4-4437-91a9-dcfe8adafa0d,species,Plantae,"",Maytenus emarginata,1,t0054409,accepted
30ae2b60-82ea-41f4-8ac1-ee990fb0ab65,species,Plantae,"",Microtropis fokienensis,1,t0054465,accepted
9ded21da-7425-479e-a5c2-4531b900e618,species,Plantae,"",Microtropis japonica,1,t0054466,accepted
1d3d4626-45e4-40aa-b431-3cd32a337b18,species,Plantae,"",Parnassia palustris,1,t0054701,accepted
59840bd9-0a25-4185-aa84-630c7d75526d,species,Plantae,"",Tripterygium hypoglaucum,1,t0055676,not-accepted
dc1a1b93-75c1-4165-9b79-01a39710056e,species,Plantae,"",Connarus subinaequifolius,1,t0053105,accepted
7fb7b8cf-58a5-4cfb-b9b1-d8e334b3749b,species,Plantae,"",Oxalis acetocella,1,t0106595,accepted
8aa11077-3d68-4807-a649-fa627eabbcfb,species,Plantae,"",Oxalis corniculata,1,t0054668,accepted
41d4b3d1-7dda-4658-8a49-577e925a49f4,species,Plantae,"",Oxalis corymbosa,1,t0054669,accepted
431fa7a0-4dec-43a8-8245-5bf8d873cb7a,species,Plantae,"",Oxalis cernua,1,t0075039,accepted
9a07e811-7486-4b47-b447-cf6c7d855cb1,species,Plantae,"",Oxalis tetraphylla,1,t0075045,accepted
4ce5cb47-b72b-4ec6-90c3-40f24a33be96,species,Plantae,"",Oxalis variabilis,1,t0075046,accepted
dfec36f4-739e-4a75-9240-cafd9b5fc79f,species,Plantae,"",Oxalis violacea,1,t0075047,accepted
42e8a4d8-ad4a-42a8-a94a-3b033862896b,species,Plantae,"",Elaeocarpus sphaericus,1,t0073815,accepted
63c5dea8-2a1e-4512-be1b-3281e74e5b4d,species,Plantae,"",Elaeocarpus lanceifolius,1,t0053496,accepted
09e3b2e0-7603-4b3f-9e99-c80d49cbaffd,species,Plantae,"",Sloanea formosana,1,t0055358,accepted
71816b32-e006-4e5b-b0b9-d764d44d854b,species,Plantae,"",Bruguiera gymnorhiza,1,t0072922,accepted
04f5f6aa-4a7b-441d-99f2-f7ac7ad6a699,species,Plantae,"",Ceriops tagal,1,t0058755,accepted
de69ab47-8e12-4501-b79b-a2a9db375e83,species,Plantae,"",Kandelia obovata,1,t0054147,accepted
1597cd3c-4ff6-4bd2-a11e-a059e75640b0,species,Plantae,"",Garcinia dulcis,1,t0053758,accepted
c709dd03-61b7-4807-a1a9-02d03e0e3d96,species,Plantae,"",Garcinia linii,1,t0053760,accepted
469bb313-08a7-4f6d-be6d-456e15599a7c,species,Plantae,"",Garcinia mangostana,1,t0053762,accepted
f437b395-55f6-4ad2-be32-d00810ecc08b,species,Plantae,"",Garcinia xanthochymus,1,t0053765,accepted
9b42587b-7b0c-412a-969b-bd974bb41fb4,species,Plantae,"",Calophyllum inophyllum,1,t0052787,accepted
f6845344-1568-4819-97b6-a0e65b05ac77,species,Plantae,"",Hypericum erectum,1,t0053984,accepted
2a448fde-548a-40e8-89c7-7747ead55828,species,Plantae,"",Hypericum formosanum,1,t0053985,accepted
cf598a35-be18-4d2e-b0a8-00555c993925,species,Plantae,"",Hypericum gramineum,1,t0053987,accepted
c64f81cb-e4e8-450d-9f0e-c36ccee14a4a,species,Plantae,"",Hypericum japonicum,1,t0053988,accepted
79a4e85b-5924-4014-bf44-2210d980cf73,species,Plantae,"",Hypericum monogynum,1,t0053989,accepted
cbb7c6a6-e35d-4049-9be3-042b4fffd331,species,Plantae,"",Hypericum nagasawae,1,t0053990,accepted
f324524c-293a-497b-8504-9195d6cd4a32,species,Plantae,"",Hypericum nakamurae,1,t0058052,not-accepted
6c778d00-f1a4-47fc-bf2c-8934477874e4,species,Plantae,"",Hypericum sampsonii,1,t0053993,accepted
8e333aee-e5f6-4063-8645-94abe0dd3b8e,species,Plantae,"",Hypericum subalatum,1,t0053994,accepted
ddf85bf7-7e3c-458a-8649-2393d358e08e,species,Plantae,"",Hypericum taihezanense,1,t0053995,accepted
18220fef-2672-456d-87af-49bcc95675d2,species,Plantae,"",Hypericum laxum,1,t0053988,not-accepted
5f58f016-7157-4120-848b-041cbd985f6c,species,Plantae,"",Triadenum breviflorum,1,t0058435,accepted
7e0c27ed-fefa-4a3a-b966-1a8ae80a8978,species,Plantae,"",Liodendron formosanum,1,t0058175,accepted
129bb0bd-d14f-4646-8de5-ae48fdbcc6f8,species,Plantae,"",Malpighia glabra,1,t0054386,accepted
7df71916-cda5-4484-9ed3-9a6ce43ae00f,species,Plantae,"",Malpighia mexicana,1,t0054387,accepted
0c72e7c1-74f6-4f03-bf76-a9cc5f1602cc,species,Plantae,"",Bunchosia argentea,1,t0072944,accepted
15734ea3-af8b-4cae-9eb4-3cded72543b6,species,Plantae,"",Bunchosia armeniaca,1,t0072945,accepted
100483f0-04be-4938-b1a0-ff4335419219,species,Plantae,"",Stigmaphyllon ciliatum,1,t0076034,accepted
9dc07187-97e1-4ff2-a045-94e5c43531f3,species,Plantae,"",Tetrapterys ovata,1,t0069594,accepted
a594817a-ef9d-4492-a13c-9a2e5aa5a55a,species,Plantae,"",Hybanthus enneaspermus,1,t0058033,accepted
33097e63-fee3-4834-aa24-b7cf1be87324,species,Plantae,"",Viola arcuata,1,t0049311,accepted
39f5d3c3-f614-4c9c-a33d-c23af9ad809f,species,Plantae,"",Viola arvensis,1,t0049312,accepted
214190f8-f984-4d7d-ac03-747929935565,species,Plantae,"",Viola confusa,1,t0049315,accepted
e0b9022f-618e-4505-94f8-9a39758eab07,species,Plantae,"",Viola diffusa,1,t0049316,accepted
de9b802d-3532-4251-b91e-691956f4987b,species,Plantae,"",Viola grypoceras,1,t0049318,accepted
b8435d3e-c9db-48bd-8f63-3988631f1c4b,species,Plantae,"",Viola nagasawae,1,t0069792,not-accepted
bc979312-86b2-4055-8b98-6d47ec3fbd0c,species,Plantae,"",Viola tenuis,1,t0049324,accepted
5a24f85a-bcfb-4027-b1cd-4a88c3280a2d,species,Plantae,"",Viola tashiroi,1,t0136086,accepted
9b5d0a01-8b4d-47de-a2ca-a3acee28b99a,species,Plantae,"",Viola verecunda,1,t0049311,misapplied
a560de9f-cd41-420b-bf4e-027e043cf78f,species,Plantae,"",Viola tricolor,1,t0099712,accepted
15a8db7b-5fa6-4954-b227-ab9b3e22dcd2,species,Plantae,"",Adenia formosana,1,t0033604,not-accepted
47acf8f2-672f-401b-8d3b-bc2e49e209b2,species,Plantae,"",Passiflora edulis,1,t0054722,accepted
ea3f014c-5770-4e29-bfb6-142fc4bedc32,species,Plantae,"",Passiflora foetida,1,t0075131,not-accepted
8cee0429-8945-498f-a2e1-ac3d1fb4259c,species,Plantae,"",Passiflora laurifolia,1,t0054723,accepted
6f81d093-09c8-4faa-85fc-f9d7d9e0d5f1,species,Plantae,"",Passiflora ligularis,1,t0075130,accepted
d1bbdade-62eb-45ad-bb4a-841bde5e7e2f,species,Plantae,"",Passiflora violacea,1,t0075132,accepted
3829e413-8377-4e0b-81ca-6e60702c9b78,species,Plantae,"",Turnera subulata,1,t0069714,accepted
164ca845-84af-4762-b99c-3f1e19169d36,species,Plantae,"",Turnera ulmifolia,1,t0069715,accepted
0c1e2ce9-6b76-487f-bb7a-e16c571911de,species,Plantae,"",Casearia membranacea,1,t0052880,accepted
a96b5219-fb17-49a4-81f8-4ce9156cbfdf,species,Plantae,"",Dovyalis hebecarpa,1,t0073743,accepted
5c1cc8f2-67b2-429a-80c4-4a1f106de8e1,species,Plantae,"",Flacourtia inermis,1,t0053720,accepted
6b0a5d2c-42c3-4a40-a7a2-26fe28db20ea,species,Plantae,"",Flacourtia jangomas,1,t0053721,accepted
db5979b4-d479-4945-a281-a6498bb025c3,species,Plantae,"",Idesia polycarpa,1,t0054007,accepted
b57a59cb-2a95-439b-8708-39e487865c23,species,Plantae,"",Salix babylonica,1,t0055194,accepted
8085fa0b-f4bb-4329-a002-60f11c8ac4e4,species,Plantae,"",Salix kusanoi,1,t0058183,accepted
a3027568-e64d-475d-91da-bdc8fa75b071,species,Plantae,"",Salix okamotoana,1,t0075725,accepted
58c0c14b-7c12-4de1-839d-2cc8e1acfd08,species,Plantae,"",Salix gracilistyla,1,t0075723,accepted
5e4c913e-efb5-4fb3-bff8-10a6ef5b7ed7,species,Plantae,"",Salix ohsidare,1,t0075724,accepted
5a572fa4-ddd3-4657-90b5-2faf70536a78,species,Plantae,"",Scolopia oldhamii,1,t0055274,accepted
e5b6bbe1-a2c6-46a7-8b16-ce27889d4dfe,species,Plantae,"",Xylosma congesta,1,t0049356,accepted
36d59ea9-865e-493f-a01a-8437df1f7eec,species,Plantae,"",Populus maximowiczii,1,t0075454,accepted
d393db6c-fae6-4204-a3b2-ce04f99b0c57,species,Plantae,"",Acalypha angatensis,1,t0033550,accepted
e35a5ace-0038-4930-9355-3ef676202d4d,species,Plantae,"",Acalypha brachystachya,1,t0033553,accepted
c46fdbe5-ee91-4261-8771-0501f1b6cc1e,species,Plantae,"",Acalypha caturus,1,t0033554,accepted
4005d5ce-79ff-4f65-874e-5975141c3c14,species,Plantae,"",Acalypha suirenbiensis,1,t0033558,accepted
ffcabd4e-28ae-4099-969c-7857a565d455,species,Plantae,"",Acalypha wilkesiana,1,t0033559,accepted
49d6e3b4-2f30-48e1-8f57-24ed346e1b57,species,Plantae,"",Acalypha godseffiana,1,t0033559,not-accepted
022e17bc-2abd-44ae-b8b4-841abb6800df,species,Plantae,"",Acalypha hamiltoniana,1,t0033559,not-accepted
3106782c-7a3a-4172-89f4-3efafe151102,species,Plantae,"",Acalypha kerrii,1,t0033556,accepted
196aedd5-d190-4918-b90a-3c3c3d8e67db,species,Plantae,"",Aleurites moluccana,1,t0099309,accepted
4bdeaa95-6048-48e0-bafb-d09491083b81,species,Plantae,"",Aleurites cordata,1,t0060898,accepted
59e679cf-ae21-4b4a-a783-bdf255002fd7,species,Plantae,"",Aleurites trisperma,1,t0060899,accepted
e5be2761-2380-4217-bb53-b4f45dbc5f64,species,Plantae,"",Claoxylon brachyandrum,1,t0053037,accepted
5340b32e-a05a-4a67-8ae2-b11b0c3c9560,species,Plantae,"",Croton spiciflorus,1,t0073553,accepted
9566f585-dd61-4af8-9c8d-aa75f2c945bf,species,Plantae,"",Croton crassifolius,1,t0053185,accepted
4f2498dc-8014-4ef6-9ba0-65f4bf9ef429,species,Plantae,"",Euphorbia atoto,1,t0057346,accepted
0ddeeb22-12a0-46c3-a8a2-aa1752eb8383,species,Plantae,"",Euphorbia graminea,1,t0053640,accepted
b8f0af88-3cea-4799-b667-2aca22144742,species,Plantae,"",Euphorbia jolkinii,1,t0053646,not-accepted
20ef9b13-7233-4915-b105-e28ce67ccdea,species,Plantae,"",Euphorbia maculata,1,t0057350,accepted
a3a3c2e3-3f03-4f93-b044-d3207f621114,species,Plantae,"",Euphorbia makinoi,1,t0057351,accepted
b3bbce01-42ef-4a97-94a5-fc33d0bb1130,species,Plantae,"",Euphorbia prostrata,1,t0052950,accepted
b23ee357-3f26-4659-a48f-40244d04f5fa,species,Plantae,"",Euphorbia pulcherrima,1,t0053645,accepted
7613fa8a-a5f2-4eed-adc2-1fe078da7923,species,Plantae,"",Euphorbia serpens,1,t0052951,accepted
05799db0-e040-4238-9cc8-121a141aa288,species,Plantae,"",Euphorbia shouanensis,1,t0053646,accepted
abc3af1d-7ca4-4d93-93b7-8f73352019e9,species,Plantae,"",Euphorbia taihsiensis,1,t0052952,accepted
7004f227-5236-43a7-9a5a-61321c024b76,species,Plantae,"",Euphorbia tarokoensis,1,t0053647,accepted
1d0f226e-3e53-4213-87b8-e6b680b7b381,species,Plantae,"",Euphorbia thymifolia,1,t0052953,accepted
f4a3e134-a15c-41f5-86a5-5595afa7b479,species,Plantae,"",Euphorbia tithymaloides,1,t0054731,accepted
77e862c9-29c2-463e-a29e-bf574b9b5ea8,species,Plantae,"",Euphorbia marginata,1,t0073925,accepted
ca6b925d-6153-4469-8152-d42e014ee77e,species,Plantae,"",Euphorbia milii,1,t0053643,accepted
4708a6f4-2b63-4779-a555-667ef3834196,species,Plantae,"",Euphorbia resinifera,1,t0073927,accepted
bf08ca9d-e8e0-498a-a455-69864429598d,species,Plantae,"",Excoecaria agallocha,1,t0053671,accepted
5920e5cb-1c09-486a-a544-1856e5c416e9,species,Plantae,"",Excoecaria formosana,1,t0099628,accepted
0bea1926-d725-4ce5-a276-3442d88147cd,species,Plantae,"",Excoecaria kawakamii,1,t0053673,accepted
85b4006a-39ae-4fa8-b3af-ed128f04c8fa,species,Plantae,"",Excoecaria bicolor,1,t0053672,not-accepted
1a812f3e-1fbf-40a2-8eeb-1c83c7aac339,species,Plantae,"",Homonoia riparia,1,t0053948,accepted
f27f1626-5811-4d70-8621-55ea49971828,species,Plantae,"",Jatropha pandurifolia,1,t0074429,accepted
8385dde5-73b4-47f8-a748-030f207ae003,species,Plantae,"",Macaranga tanarius,1,t0058482,accepted
891e18d6-8a4e-4a87-aa96-e81c1f9f1424,species,Plantae,"",Mallotus paniculatus,1,t0074700,accepted
deaf07fd-99ab-41cc-9c8e-2c4cd476182d,species,Plantae,"",Mallotus philippensis,1,t0058502,accepted
e274e229-6830-4d4a-a50a-8f0dae981ca0,species,Plantae,"",Mallotus tiliifolius,1,t0054384,accepted
eda7e3b9-fe12-45f4-93df-1d632c4e1f12,species,Plantae,"",Triadica cochinchinensis,1,t0058436,accepted
f8747cf1-2464-4da4-a0af-d3f9007c11ca,species,Plantae,"",Vernicia montana,1,t0049267,accepted
315c6a03-2cdd-480c-b88c-a4f43a236bb3,species,Plantae,"",Pedilanthus tithymaloides,1,t0054731,not-accepted
173d8879-aff0-497e-bd2a-f44ce234b0cc,species,Plantae,"",Linum usitatissimum,1,t0054255,accepted
f6399e0c-1e96-4527-a74c-ea67a2bee3f8,species,Plantae,"",Linum grandiflorum,1,t0074596,accepted
ee78be6c-6ee2-4d59-b4a8-db2e310aaf3f,species,Plantae,"",Antidesma hiiranense,1,t0060996,accepted
f14f4128-2c4c-45b3-a9f9-cf66d2a64d10,species,Plantae,"",Antidesma pentandrum,1,t0040199,not-accepted
79281131-4899-4a5d-b615-fb8a45339bae,species,Plantae,"",Breynia fruticosa,1,t0072911,accepted
2b6fe470-d4ee-4afa-a7df-7518d8545de5,species,Plantae,"",Breynia nivosa,1,t0040448,not-accepted
3e9c26ae-85ec-4195-bb0e-e31b8e94826b,species,Plantae,"",Bridelia balansae,1,t0040450,accepted
39752df3-0d49-4a7a-bda9-4be6545ad798,species,Plantae,"",Bridelia tomentosa,1,t0040451,accepted
4404c562-3c0d-4375-bd58-0b95141805d4,species,Plantae,"",Flueggea suffruticosa,1,t0053729,accepted
565cf47b-18e9-4f44-95ea-1bc6f27955cd,species,Plantae,"",Glochidion acuminatum,1,t0057940,accepted
6b6829dd-0b48-46dd-9971-45f54a8232e4,species,Plantae,"",Glochidion kusukusense,1,t0074114,accepted
e5a78fd9-7da2-420e-958b-95be6c058fde,species,Plantae,"",Glochidion ovalifolium,1,t0074115,accepted
56e2d878-edaa-4af2-a1a9-64008a79c567,species,Plantae,"",Glochidion philippicum,1,t0057938,accepted
9fe01a0b-009a-4b28-8b20-fc9b275e57e0,species,Plantae,"",Glochidion puberum,1,t0057939,accepted
7425a136-3a10-46ee-a18e-63e7ac933fb2,species,Plantae,"",Glochidion chademenosocarpum,1,t0106438,accepted
64ca082d-039d-4a39-8db8-4f9c4441cbb7,species,Plantae,"",Phyllanthus hookeri,1,t0054801,accepted
aa6bb2cf-20df-49f6-8e8f-6fae01184746,species,Plantae,"",Phyllanthus tenellus,1,t0054805,accepted
bfda800f-7ddf-4ba0-b7ad-8e7d3fa8c8b7,species,Plantae,"",Phyllanthus urinaria,1,t0054806,accepted
9a6d2f08-0483-456e-901c-fb00986ea933,species,Plantae,"",Synostemon bacciformis,1,t0058329,not-accepted
d13fbbde-bef1-4c3a-a560-aea9e982bb86,species,Plantae,"",Cicca acida,1,t0058993,not-accepted
eec709b1-a942-41f9-aea4-274dd730b463,species,Plantae,"",Emblica officinalis,1,t0054800,not-accepted
e5aef781-83b2-4c62-b461-96d742e33f6a,species,Plantae,"",Erodium cicutarium,1,t0053596,accepted
ff9baebf-e7bf-4768-8805-bff0b96ca050,species,Plantae,"",Erodium moschatum,1,t0053597,accepted
b44bf568-57e3-49e7-9ee9-d4b328a5c15b,species,Plantae,"",Geranium carolinianum,1,t0053809,accepted
09c355c9-71eb-4a3b-b5d8-947d264a14e8,species,Plantae,"",Geranium robertianum,1,t0053813,accepted
64e048cd-241a-4373-aaf8-3a0f1bc929c0,species,Plantae,"",Geranium wilfordii,1,t0053815,accepted
60cb9413-14fb-4f14-a8e4-1a0e29cf34be,species,Plantae,"",Pelargonium capitatum,1,t0075147,accepted
692fef69-cb38-4920-ae0a-b1d61596d899,species,Plantae,"",Combretum ovalifolium,1,t0073433,accepted
18c67757-acc9-4e79-9f4f-6e743f22f4d7,species,Plantae,"",Lumnitzera racemosa,1,t0054340,accepted
f21138d9-1e42-44f7-b685-f136f4b1455b,species,Plantae,"",Terminalia calamansanai,1,t0069561,accepted
a1f154a5-d940-4dae-8ee1-fdaf02735e56,species,Plantae,"",Terminalia mantaly,1,t0055571,accepted
2b5e1489-393e-41ac-a502-e8b3e99e01aa,species,Plantae,"",Ammannia auriculata,1,t0052584,accepted
f148bd0a-0604-49be-ac7b-e4027f6d3c5c,species,Plantae,"",Ammannia multiflora,1,t0040147,accepted
b2d59cbc-e60f-45cf-b2c7-91e8fda99429,species,Plantae,"",Cuphea cartagenesis,1,t0053202,not-accepted
7cd95741-b4dc-48df-a720-0024687b502f,species,Plantae,"",Cuphea hyssopifolia,1,t0053203,accepted
ee0bfc9f-ee5e-43ce-8a2b-b193aafe13a9,species,Plantae,"",Lagerstroemia subcostata,1,t0054164,accepted
0b3df0b8-138e-486d-993d-c7a5154fe8cd,species,Plantae,"",Lagerstroemia floribunda,1,t0074478,accepted
7a8d2512-2c7b-47d4-8a7a-f39b8595ac2e,species,Plantae,"",Lagerstroemia indica,1,t0054162,accepted
eac0917d-a2d1-4b20-acbd-bec679d9528f,species,Plantae,"",Lagerstroemia limii,1,t0054163,accepted
ff0c7206-92ac-4f60-a117-7ab682f71b0e,species,Plantae,"",Rotala hippuris,1,t0055121,accepted
302a54f7-baec-4c4b-afc1-b2278e600b4a,species,Plantae,"",Rotala rosea,1,t0059201,accepted
a5563559-f353-49d5-893e-6b773eeec0d4,species,Plantae,"",Rotala rotundifolia,1,t0055124,accepted
3dc36e6f-1754-4eb3-9b94-561d383512be,species,Plantae,"",Trapa bispinosa,1,t0055638,not-accepted
6a5c0150-1375-4a52-b7ac-7d995b0f08d6,species,Plantae,"",Trapa incisa,1,t0055637,accepted
f580ce57-b6dd-41cc-9e9d-0589ef2f663d,species,Plantae,"",Trapa japonica,1,t0055638,not-accepted
62d8afc6-ca62-4f00-92ef-f04b14976226,species,Plantae,"",Trapa pseudoincisa,1,t0069662,not-accepted
997533e1-a3a6-4ba0-89ce-44b7bda51df8,species,Plantae,"",Lawsonia inermis,1,t0074504,accepted
87fa698f-a4e6-491f-86c4-447a92af2419,species,Plantae,"",Circaea alpina,1,t0073254,accepted
5a186a11-3b9f-4dbb-8133-4527b07a8a3c,species,Plantae,"",Circaea cordata,1,t0053012,accepted
f28af772-bafb-4cde-a4fa-a614ee7ea673,species,Plantae,"",Circaea erubescens,1,t0053013,accepted
40953258-0755-438a-9755-8d9902ed40c9,species,Plantae,"",Circaea glabrescens,1,t0053014,accepted
945973d3-0d2d-43a7-a614-f4e34e23268f,species,Plantae,"",Epilobium nankotaizanense,1,t0053540,accepted
5ea03769-590c-4318-96ef-a41d845e93bf,species,Plantae,"",Epilobium pengii,1,t0053541,accepted
134c1ae7-4958-4dec-a8ec-511f91929b6f,species,Plantae,"",Epilobium taiwanianum,1,t0053543,accepted
ead6a130-060e-4576-a30c-214a41c4970e,species,Plantae,"",Fuchsia fulgens,1,t0074063,accepted
fd99d98f-f8b9-4988-90ac-9dfb03f0cef2,species,Plantae,"",Ludwigia adscendens,1,t0054327,accepted
b995171c-404c-438b-a259-61efbfe1d5ef,species,Plantae,"",Ludwigia epilobioides,1,t0054328,accepted
14948dda-d2e1-4c7a-9678-8c07afeddd1c,species,Plantae,"",Ludwigia erecta,1,t0054329,accepted
4cc1996e-9d75-48ce-b5ef-1c2601b26c38,species,Plantae,"",Ludwigia hyssopifolia,1,t0054330,accepted
75f0418a-ac03-4235-ba1c-e1b847bcfa57,species,Plantae,"",Ludwigia octovalvis,1,t0054331,accepted
1c207ad9-0346-43f0-8c83-70fd28d10976,species,Plantae,"",Ludwigia ovalis,1,t0054332,accepted
359da735-a698-40db-aa0e-092e9b45ad85,species,Plantae,"",Ludwigia palustris,1,t0054333,accepted
ae5388f9-3f8a-48b5-99a1-c694ff97d0bf,species,Plantae,"",Ludwigia perennis,1,t0054334,accepted
ea2b7e54-3f33-45e3-ac34-bd94dc1219a9,species,Plantae,"",Ludwigia alternifolia,1,t0131553,accepted
f7d8e47f-d0ed-4121-bd92-6b6ddcea8d48,species,Plantae,"",Ludwigia glandulosa,1,t0131556,accepted
ceeec766-497f-4688-abc3-69e5694a7383,species,Plantae,"",Ludwigia linearis,1,t0131561,accepted
e883bcd4-36e1-4841-b6cd-359346665ec9,species,Plantae,"",Ludwigia peruviana,1,t0074648,accepted
bff72277-1308-4758-bbfb-75afef2ea0af,species,Plantae,"",Oenothera laciniata,1,t0046093,accepted
f7f4383e-3191-4278-bd5a-b96a56d7eb32,species,Plantae,"",Oenothera drummondii,1,t0046092,accepted
68b40a86-659c-4833-934e-12837fce1157,species,Plantae,"",Taraxia lindheimeri,1,t0069530,accepted
ab08f3a1-ab2e-4b93-bdfc-ebfe2aa18593,species,Plantae,"",Corymbia citriodora,1,t0073459,not-accepted
411e0fcf-7f5b-4af1-94c6-21575aa9538e,species,Plantae,"",Decaspermum gracilentum,1,t0053305,accepted
5d8d7f51-8db6-4460-be07-a6fb10f17aff,species,Plantae,"",Eucalyptus diversicolor,1,t0073884,accepted
520c1f80-2f8f-4333-b1f6-33ba8520b8e7,species,Plantae,"",Eucalyptus longifolia,1,t0073890,accepted
25ac0fa4-36a9-43c8-9808-9a3a7fb9b087,species,Plantae,"",Eucalyptus resinifera,1,t0073899,accepted
57a1baba-5470-4463-9ff4-551235d3577f,species,Plantae,"",Eucalyptus umbellata,1,t0073903,accepted
be60ad72-a49e-4dfe-b53c-1f3a4d29197d,species,Plantae,"",Eugenia brasiliensis,1,t0053610,accepted
1bb11633-6d3d-4568-8037-b299f0347c81,species,Plantae,"",Eugenia cumini,1,t0055523,not-accepted
3cf3223f-0acf-4ae5-8814-7f95662dae20,species,Plantae,"",Eugenia grandis,1,t0073916,accepted
ec702682-cd36-4d67-9d17-3cd6ee6e1d15,species,Plantae,"",Eugenia javanica,1,t0055530,not-accepted
a73c3143-2839-4538-9379-61d883132492,species,Plantae,"",Eugenia malaccensis,1,t0055528,not-accepted
f3f0f485-74cf-473e-b0e9-9bd880f00ba8,species,Plantae,"",Melaleuca leucadendra,1,t0123868,accepted
afeead97-6280-4443-93f6-74109960f8f7,species,Plantae,"",Melaleuca alternifolia,1,t0074761,accepted
7b82d03a-a45a-4453-ac64-d23657929642,species,Plantae,"",Melaleuca linariifolia,1,t0074762,accepted
b812e3ae-66aa-4a0f-b103-aad0b1d4a202,species,Plantae,"",Psidium laurifolium,1,t0075514,accepted
e9ed819b-f86b-44b5-8553-1c37ddba97a5,species,Plantae,"",Psidium littorale,1,t0075512,not-accepted
fab26144-4a03-49fe-90c5-a08f07d8c70c,species,Plantae,"",Syzygium acuminatissimum,1,t0055521,accepted
8336dabf-8959-4dd5-9d33-5cb384c4f8c0,species,Plantae,"",Syzygium buxifolium,1,t0055522,accepted
464fc3dd-245a-4382-8c28-142e004287a4,species,Plantae,"",Syzygium densinervium,1,t0087394,accepted
8ae4318b-b575-4072-8b4e-567f6a36bbd2,species,Plantae,"",Syzygium euphlebium,1,t0055524,accepted
914a2077-2fb6-46a4-9160-da1971e3bc4f,species,Plantae,"",Syzygium formosanum,1,t0055525,accepted
5238db4c-e073-46f6-93c3-b18de17a60af,species,Plantae,"",Syzygium malaccense,1,t0055528,accepted
49185165-777d-45b4-ab7a-2a03ef7b85a1,species,Plantae,"",Syzygium paucivenium,1,t0055529,accepted
da6eb96e-294a-49bd-9664-9a756cae1b5e,species,Plantae,"",Syzygium simile,1,t0055531,accepted
f3867bef-95c2-409c-b70e-c748c57550e4,species,Plantae,"",Syzygium taiwanicum,1,t0055532,accepted
322c9725-7ebc-40cb-96fe-0fa028625924,species,Plantae,"",Syzygium tripinnatum,1,t0058340,accepted
0850018b-4712-4d1c-89c0-6be0076e8edd,species,Plantae,"",Syzygium aqueum,1,t0053609,accepted
a24bdbe1-4d20-40d7-b261-b8d49b29eb78,species,Plantae,"",Callistemon citrinus,1,t0040560,accepted
d537a2ee-2292-452c-8cb5-9431e0a024ff,species,Plantae,"",Callistemon coccineus,1,t0072980,accepted
9adda94c-b0d7-4440-9ea2-80cd47b2084b,species,Plantae,"",Callistemon linearis,1,t0072981,accepted
43488af5-f468-40ec-a686-cab739d15793,species,Plantae,"",Callistemon phoeniceus,1,t0072982,accepted
ae7d19e5-c6e5-4a3d-9e06-6f029ed7b71a,species,Plantae,"",Callistemon salignus,1,t0072984,accepted
efba4b42-0338-4c3a-a22e-ae25b471497c,species,Plantae,"",Leptospermum scoparium,1,t0074555,accepted
b8c6351f-beac-40e7-9c3d-5257dd398630,species,Plantae,"",Tristania conferta,1,t0069697,accepted
d6cd5cad-f92c-4bae-84b1-4d11a772dcc3,species,Plantae,"",Astronia formosana,1,t0040305,accepted
bb5610ff-137d-4261-9ec3-000621f5a58f,species,Plantae,"",Blastus cochinchinensis,1,t0040383,accepted
c546f64a-014f-4797-a511-a6f7ee05e610,species,Plantae,"",Bredia gibba,1,t0040445,accepted
e95944ac-c224-40c6-9b67-378405063a0b,species,Plantae,"",Bredia hirsuta,1,t0040446,accepted
dbacbb99-7312-4a80-ac94-57dea959db2d,species,Plantae,"",Bredia yaeyamensis,1,t0072909,accepted
85d96237-f6b8-47af-9e28-ad93da2ca466,species,Plantae,"",Medinilla formosana,1,t0054420,accepted
c0091f6c-2fea-484f-9e2d-2369fb842cd1,species,Plantae,"",Medinilla hayatana,1,t0054421,accepted
2cae1bc7-f702-481f-b51d-8eb90ccb5d02,species,Plantae,"",Medinilla magnifica,1,t0074758,accepted
d6acdaf9-a366-48d1-a0b0-a4406fc8eb10,species,Plantae,"",Melastoma affine,1,t0046118,accepted
0bb443be-694b-4de4-b780-710c373f88d6,species,Plantae,"",Melastoma candidum,1,t0046119,not-accepted
5e28331a-e1ff-4bfc-ae0b-dcfd7428e91b,species,Plantae,"",Memecylon lanceolatum,1,t0054441,accepted
7a18f529-37e5-4624-b33b-d8c019713ebe,species,Plantae,"",Memecylon pendulum,1,t0054442,accepted
ac4c5be8-60ec-44f8-8e17-fab5f45a221e,species,Plantae,"",Otanthera scaberrima,1,t0046120,accepted
47e3f669-371f-4a44-8eec-678284fdc04b,species,Plantae,"",Pachycentria formosana,1,t0046121,not-accepted
c168ebe4-8fc8-4994-8771-db160e52c715,species,Plantae,"",Pleroma semidecandrum,1,t0133248,accepted
751026be-aa78-47c0-8661-0c5cb58d75cb,species,Plantae,"",Euscaphis japonica,1,t0053665,not-accepted
c1003f3f-2814-443c-a8c6-1ebd325f026e,species,Plantae,"",Turpinia formosana,1,t0055696,not-accepted
8d4eccf9-7d96-4d41-b379-11a448609249,species,Plantae,"",Turpinia ovalifolia,1,t0055697,not-accepted
ac191cce-0f71-4125-9b9d-67a0ef33b25c,species,Plantae,"",Turpinia ternata,1,t0055698,not-accepted
b8ded165-fccb-433f-8844-82826f5c7fd0,species,Plantae,"",Stachyurus himalaicus,1,t0055450,accepted
eda1a942-2151-4830-af93-caade0335fba,species,Plantae,"",Canarium album,1,t0073028,accepted
48145254-ef6e-40dd-ac23-df1b50abdb57,species,Plantae,"",Canarium ovatem,1,t0073030,accepted
2e1cc918-e1ca-4f2d-93d7-bd4eba707427,species,Plantae,"",Bouea macrophylla,1,t0040421,accepted
413596b2-6719-4c14-81d1-933f919d10a7,species,Plantae,"",Buchanania arborescens,1,t0040490,accepted
e4c0448b-c3d6-48bd-a624-3de5770deb71,species,Plantae,"",Mangifera indica,1,t0054396,accepted
1195146b-37de-4ad8-b9e9-60319d49ffe5,species,Plantae,"",Pistacia chinensis,1,t0054856,accepted
6ff2d631-0109-4c16-bf37-a45998d4740f,species,Plantae,"",Pistacia terebinthus,1,t0075333,accepted
006293aa-06b1-4b22-9dcf-8e810d31956a,species,Plantae,"",Rhus trichocarpa,1,t0075654,not-accepted
8bea2123-73cd-4659-a920-b4cd2307c60b,species,Plantae,"",Rhus wilsonii,1,t0075655,accepted
46e4ea11-2c45-4831-adf4-f64af129ae86,species,Plantae,"",Schinus terebinthifolius,1,t0055242,not-accepted
8bbc37cd-be15-4728-a57f-fecd921d87b8,species,Plantae,"",Semecarpus gigantifolius,1,t0055305,not-accepted
63f8d26a-d604-4995-8f99-c0db59dc5ca1,species,Plantae,"",Spondias dulcis,1,t0135154,accepted
5db243d5-4ae0-40fc-ac5a-9c9ce31db754,species,Plantae,"",Toxicodendron radicans,1,t0069649,accepted
b5475cf4-7118-4b03-b446-6b7278669c0b,species,Plantae,"",Melanorrhoea laccifera,1,t0074763,accepted
d25b3bad-30d4-4dc2-8a80-d8fa629971e4,species,Plantae,"",Pegia nitida,1,t0075146,accepted
d670156d-d9cd-4d8b-a5d9-52ac901dde9b,species,Plantae,"",Acer albopurpurascens,1,t0033568,accepted
5decba68-3a3d-452d-82a0-d16b1901b5dd,species,Plantae,"",Acer caudatifolium,1,t0033569,accepted
aad203bd-1cd4-442f-a91b-e593cdbc82fc,species,Plantae,"",Acer morrisonense,1,t0052532,accepted
47e715d1-2fff-4164-8850-95df100cafca,species,Plantae,"",Acer palmatum,1,t0060792,accepted
5a1e89ee-ca04-41b5-aebf-79e40379ea33,species,Plantae,"",Acer tutcheri,1,t0060793,accepted
66ed7da3-1478-4239-abef-5fa57dd79250,species,Plantae,"",Aesculus hippocastanum,1,t0060864,accepted
80025e04-1424-4bd4-8500-b046dcefbfd9,species,Plantae,"",Cardiospermum grandiflorum,1,t0052805,accepted
9f75dc42-1490-4c61-95f4-577370f986e5,species,Plantae,"",Dodonaea viscosa,1,t0057285,accepted
81781d5c-6b99-4fc6-b7fb-db6500fe5549,species,Plantae,"",Euphoria longana,1,t0053395,not-accepted
17a10c78-70e1-41ec-b09b-db058c6642b9,species,Plantae,"",Koelreuteria henryi,1,t0054151,accepted
8ecfcb2c-40fe-4511-8ee2-64a1ba706f8c,species,Plantae,"",Melicoccus bijugatus,1,t0058513,accepted
171fb6c4-dc8b-43de-b1b2-35bc693bd238,species,Plantae,"",Pometia pinnata,1,t0054925,accepted
90c49988-6de6-4a2d-bed6-674fca53f70e,species,Plantae,"",Sapindus saponaria,1,t0055225,not-accepted
d5f49155-f6c0-444f-921e-dd7a5f2849f8,species,Plantae,"",Casimiroa edulis,1,t0052881,accepted
0bef48ed-b108-43ab-853e-f9017293135f,species,Plantae,"",Citrus aurantifolia,1,t0073259,accepted
ae1ba3e3-7840-45b9-b0a7-911ca5fc2d7f,species,Plantae,"",Citrus × limon,1,t0053033,accepted
2be43eb2-ba5a-4a80-ba1a-1dd96f8782ce,species,Plantae,"",Citrus medica,1,t0073263,accepted
31e3b085-721e-42e1-b70f-0edbebcb18dc,species,Plantae,"",Citrus trifoliata,1,t0054926,not-accepted
d8b7df15-f3b0-445a-a62a-c6378c86fab7,species,Plantae,"",Citrus bergamia,1,t0053032,not-accepted
fccc102c-87c6-4fc8-ad2c-f262c97dc0df,species,Plantae,"",Citrus natsudaidai,1,t0073265,accepted
a2696ef3-6185-437d-b1e5-b28e130ad5fc,species,Plantae,"",Citrus poonensis,1,t0058813,not-accepted
dcf5b7f6-f336-4a41-9bd1-423f58f8195c,species,Plantae,"",Citrus sinensis,1,t0058816,accepted
4ecbb201-1259-464f-8245-08d54f75c1ea,species,Plantae,"",Citrus tangerina,1,t0073271,accepted
5d32177f-699c-44dc-a540-5e6b25db43ce,species,Plantae,"",Clausena lansium,1,t0053040,accepted
830b5d63-aa97-42d1-b795-e7f46e6e417e,species,Plantae,"",Melicope pteleifolia,1,t0058514,accepted
5a422e8f-6401-4407-92ce-8f7b549b1e0a,species,Plantae,"",Murraya crenulata,1,t0054509,accepted
e3282218-ace9-4f1f-87d1-b4708c32bf4a,species,Plantae,"",Murraya euchrestifolia,1,t0054510,accepted
b9583e8e-dc1d-47f6-9911-075a45e826b0,species,Plantae,"",Murraya paniculata,1,t0058583,accepted
7b6c7dea-5f68-447b-a36e-0a7384c14ffb,species,Plantae,"",Skimmia arisanensis,1,t0055357,accepted
050f4606-42c2-4f87-b7bf-5b5a753fb77b,species,Plantae,"",Skimmia japonica,1,t0075921,accepted
5bde9846-4ac0-437f-a02a-ef3e89e4df95,species,Plantae,"",Tetradium glabrifolium,1,t0058360,accepted
d21d32df-c0dc-4fce-b9e2-0430f7d8a650,species,Plantae,"",Toddalia asiatica,1,t0055620,accepted
589a4eaa-aedf-46db-ad21-8bfdbbee8510,species,Plantae,"",Zanthoxylum armatum,1,t0049372,accepted
5b260cd4-45e8-40b5-9486-c08305a3dfb3,species,Plantae,"",Zanthoxylum pistaciiflorum,1,t0049373,accepted
5b0dc309-c640-48c8-b8c1-d567861e8db1,species,Plantae,"",Zanthoxylum wutaiense,1,t0049377,accepted
3194e65d-05da-44ed-b48e-29cf203f2013,species,Plantae,"",Zanthoxylum bungeanum,1,t0069842,accepted
ddfc7356-03ca-4aee-aa07-cf9a8cd4851f,species,Plantae,"",Zanthoxylum podocarpum,1,t0069845,accepted
676118c1-5630-41ed-9591-3cacfc393b6b,species,Plantae,"",Fortunella crassifolia,1,t0058814,not-accepted
3b57edc6-3908-4ec4-b08c-d2a20bca9084,species,Plantae,"",Fortunella japonica,1,t0058814,not-accepted
644af115-d004-46ce-bb41-0315b6a5f52f,species,Plantae,"",Fortunella marginata,1,t0058814,not-accepted
106b9fe2-db91-4542-bbb2-821aff53f40e,species,Plantae,"",Microcitrus australasica,1,t0074811,accepted
6591918f-b9a2-4df5-bfa1-c21d1de781ca,species,Plantae,"",Ailanthus altissima,1,t0060885,accepted
2f17e503-6506-4148-9733-cf1b5810e36b,species,Plantae,"",Brucea amarissima,1,t0040467,not-accepted
10ad07b2-08bf-4282-85df-eeba441ed3b1,species,Plantae,"",Aglaia chittagonga,1,t0052541,accepted
29f58c3d-9db4-46f8-9741-bd0acf68d222,species,Plantae,"",Aglaia elliptifolia,1,t0052542,accepted
e1df1d99-703c-4df0-bf64-707bd3c7eb0d,species,Plantae,"",Aglaia odorata,1,t0033642,accepted
287c816a-4304-4979-933a-2faad83f1f30,species,Plantae,"",Chisocheton patens,1,t0052977,accepted
f566ada4-aeb4-423f-b56f-4bcacb952b80,species,Plantae,"",Dysoxylum parasiticum,1,t0057302,accepted
20f1ebad-ba2b-43aa-90da-c2baab912d42,species,Plantae,"",Melia azedarach,1,t0054428,accepted
fd28dcbe-1be0-4692-9de1-9de64fe370eb,species,Plantae,"",Melia dubia,1,t0074765,accepted
d195f876-2719-4842-81bd-242105f39eae,species,Plantae,"",Swietenia mahogoni,1,t0055491,not-accepted
b9206e8f-8210-4588-ae2c-1f3b59099231,species,Plantae,"",Swietenia humihs,1,t0069489,accepted
c36b38e9-b3f6-494c-9464-b98bb1848f1a,species,Plantae,"",Toona sinensis,1,t0058404,accepted
9087364e-83d1-44d4-974f-0e2b4e561a0a,species,Plantae,"",Toona calanthas,1,t0069648,accepted
8ccbbaef-2509-4f60-8547-6d9c2cc78249,species,Plantae,"",Abelmoschus lanyunatus,1,t0060759,accepted
1840177c-d400-47e2-af11-306185c880b1,species,Plantae,"",Abutilon crispum,1,t0052519,accepted
a2f22c54-81fa-4de9-8f09-5262b3f555ef,species,Plantae,"",Abutilon grandifolium,1,t0052520,accepted
72630d02-d5b2-42ba-be7c-2cf41fe6393b,species,Plantae,"",Abutilon hirtum,1,t0052521,accepted
df951690-bc53-41ed-8906-596e6c25d1ed,species,Plantae,"",Abutilon hulseanum,1,t0033546,accepted
0d2260d3-105c-432d-a115-f4d35a1b83ae,species,Plantae,"",Abutilon indicum,1,t0052522,accepted
29a08c80-4832-4caf-ad6e-d6ca8d13d2b1,species,Plantae,"",Abutilon theophrasti,1,t0033547,accepted
7bb2dab2-fe38-4fdf-9d6c-659fe38071ce,species,Plantae,"",Berrya ammonilla,1,t0052727,accepted
c50f5d74-9564-4ae5-913a-411e684b5585,species,Plantae,"",Chorisia speciosa,1,t0052988,not-accepted
86203ff9-94bd-4589-b10e-bb9fbac27de1,species,Plantae,"",Corchorus aestuans,1,t0053112,accepted
be87da6d-da67-4230-9b78-1adac62f4a08,species,Plantae,"",Corchorus capsularis,1,t0053113,accepted
d494cc19-29b1-40c4-9c7d-540349aaadec,species,Plantae,"",Firmiana simplex,1,t0073967,accepted
5f2ce922-6fa3-4304-8ed3-e201775be7b0,species,Plantae,"",Gossypium baradense,1,t0074155,accepted
c45acee3-c240-452a-b1fb-96aaf2056548,species,Plantae,"",Gossypium arboreum,1,t0074154,accepted
ab0580ab-e4d7-463e-b15f-2ad0037cc1fe,species,Plantae,"",Grewia biloba,1,t0053869,accepted
64e9645e-e22e-4477-95b6-18d77f34994a,species,Plantae,"",Grewia piscatorum,1,t0053871,accepted
e59500f2-4ad1-45f8-b9fa-7a92f4a2bf45,species,Plantae,"",Grewia abutilifolia,1,t0053868,accepted
d6ed9c37-dce0-436b-9684-a838aac2cd6d,species,Plantae,"",Helicteres augustifolia,1,t0057993,accepted
2a578aa6-04e1-4ed5-8ded-11da1cab03c0,species,Plantae,"",Heritiera littoralis,1,t0053922,accepted
4e5de2b1-e10b-4d2f-97fd-e6dae2b9718d,species,Plantae,"",Hibiscus asper,1,t0053929,accepted
a5cef288-1c09-412f-a5aa-2b72f2d47117,species,Plantae,"",Hibiscus makinoi,1,t0053931,accepted
6059b5f6-d0ff-4dc4-a279-258095094843,species,Plantae,"",Hibiscus surattensis,1,t0053935,accepted
3d91f6f1-22ba-4367-8517-c5fd20a2f110,species,Plantae,"",Hibiscus syriacus,1,t0053936,accepted
4a40ae92-ddb6-46c1-994a-1b6c32b970b2,species,Plantae,"",Hibiscus boninensis,1,t0074284,accepted
8586952d-bca0-4803-9081-a84b793424ec,species,Plantae,"",Hibiscus indicus,1,t0074286,accepted
7ea3314b-cff0-47d7-abae-b30c41569b06,species,Plantae,"",Hibiscus liui,1,t0074287,accepted
e103e4c0-6740-4ee9-9c09-bcda642aa3be,species,Plantae,"",Hibiscus moscheutos,1,t0074288,accepted
eb18025a-3016-40db-82d2-9025bc3a565b,species,Plantae,"",Hibiscus trionum,1,t0074290,accepted
acd09b4b-7b6a-4bf7-9fe0-3fcc15ee6986,species,Plantae,"",Kleinhovia hospita,1,t0054148,accepted
8cbfb146-0a08-4209-a83a-3008e3692d55,species,Plantae,"",Malva parviflora,1,t0054391,accepted
e3833827-1e29-4c01-9d6d-cd846d19cb92,species,Plantae,"",Malva sinensis,1,t0058506,accepted
e4a78714-305a-4950-b5f1-5f1cb45950ac,species,Plantae,"",Malva rotundifolia,1,t0054390,not-accepted
13e1e0e4-8426-4e27-8277-0e1cf5dd84f4,species,Plantae,"",Malva sylvestris,1,t0058506,misapplied
c7618288-8456-4af4-a559-72769164342c,species,Plantae,"",Malvastrum coromandelianum,1,t0054393,accepted
bd0dae70-2e25-4def-aaa7-3816cb10c021,species,Plantae,"",Modiola caroliniana,1,t0058561,accepted
81c3e884-02a2-4a79-8186-b605d522b0ee,species,Plantae,"",Pterospermum acerifolium,1,t0075529,accepted
5a4b638f-ed5b-4388-a3ac-0c194ca27bad,species,Plantae,"",Sida cordifolia,1,t0055335,accepted
29092838-ccc8-469b-b8b3-4200ca99c4ad,species,Plantae,"",Sida javensis,1,t0055336,accepted
239d63e6-a66c-4f7d-b123-41fc7af2e705,species,Plantae,"",Sida mysorensis,1,t0055337,accepted
509c1e2b-815b-4f30-b259-6669e81f5be5,species,Plantae,"",Sida rhombifolia,1,t0055338,accepted
ffd7b9b0-e278-4fe7-b455-b777c7d44802,species,Plantae,"",Sida veronicaefolia,1,t0055341,not-accepted
0fe803c3-cf79-48ad-b135-49d2b382d840,species,Plantae,"",Sterculia ceramica,1,t0055464,accepted
17b1ada0-7ca3-400e-b402-b6b5630ec55c,species,Plantae,"",Sterculia acerifolia,1,t0072886,not-accepted
54b6eff2-b111-4fdc-80fd-0a911df7623f,species,Plantae,"",Theobroma cacao,1,t0055589,accepted
3bfd7900-6cc1-4f1d-ac17-2bc932415b32,species,Plantae,"",Thespesia populnea,1,t0069621,accepted
4d300dc0-33ac-47a3-9a2e-7c857d226fe3,species,Plantae,"",Triumfetta bartramia,1,t0055680,not-accepted
351a269a-a4e0-4f9c-bbd3-f1e614234b34,species,Plantae,"",Triumfetta pilosa,1,t0055681,accepted
493dec80-d617-4bc3-8eed-24fbcd058ebd,species,Plantae,"",Triumfetta tomentosa,1,t0055683,accepted
c8595051-b4fd-4a90-b3c2-f64bc06ba8c6,species,Plantae,"",Triumfetta japonica,1,t0069702,accepted
af58ba36-db93-4142-9dd4-95e47e25cce1,species,Plantae,"",Triumfetta repens,1,t0069703,accepted
2f2161a9-2cbb-4dc6-9ceb-4f556c8fae1a,species,Plantae,"",Urena lobata,1,t0055710,accepted
9d712986-2998-49f8-a88b-6317f1299843,species,Plantae,"",Waltheria americana,1,t0049343,not-accepted
a0d5d4f2-fdc0-4ef5-9113-9477a88b9365,species,Plantae,"",Ochroma bicolor,1,t0074975,accepted
360574ad-ff9f-490a-99ab-6eff7d7d90da,species,Plantae,"",Ochroma lagopus,1,t0074976,accepted
baa8bbc9-e161-45e0-9287-37b4f8772e5e,species,Plantae,"",Adansonia digitata,1,t0060823,accepted
2c8ee085-961f-4c21-9504-347f388863ab,species,Plantae,"",Abroma augusta,1,t0060762,accepted
46d6f6d6-7321-4145-828a-07bbadda54b0,species,Plantae,"",Brachychiton populneum,1,t0072887,accepted
551b85fd-5e5d-4e05-b9ec-f45f5b8538b3,species,Plantae,"",Pentapetes phoenicea,1,t0075167,accepted
b49247c5-a512-4a9f-8d5d-8bf10e63ce51,species,Plantae,"",Daphne genkwa,1,t0053296,accepted
ed0244fb-d431-4292-adf2-9251165e061e,species,Plantae,"",Wikstroemia mononectaria,1,t0049348,accepted
0dd4e5ea-fd0d-40ca-81ac-bbc546e268a7,species,Plantae,"",Aquilaria malaccensis,1,t0061012,accepted
78560929-4358-42db-85ec-bfca86c6477f,species,Plantae,"",Diplomorpha ganpi,1,t0053298,misapplied
0988a87a-1503-47e3-a7e9-bd0aec167b68,species,Plantae,"",Tropaeolum majus,1,t0055686,accepted
62f77a8b-6639-4293-8569-9413092560ef,species,Plantae,"",Moringa oleifera,1,t0074849,accepted
4c70ebe3-9403-49de-a595-0713a29074ed,species,Plantae,"",Capparis acutifolia,1,t0040621,accepted
3214b8cd-707e-4341-a969-2b46137af0a0,species,Plantae,"",Capparis sabiaefolia,1,t0052798,not-accepted
ff4422bc-c3c9-429e-8f46-8553b21b27e3,species,Plantae,"",Capparis zeylanica,1,t0073038,accepted
30dcb921-20c8-4837-b36a-c091d0f8b3b7,species,Plantae,"",Capparis horrida,1,t0073035,accepted
18c88cff-d253-45e7-ab37-fc7e44c41959,species,Plantae,"",Crateva adansonii,1,t0100779,accepted
44f1f6dc-11cc-4595-b46c-ef7901382f66,species,Plantae,"",Crateva religiosa,1,t0073539,accepted
dddadce7-c717-4810-b50b-d6b415c1ce11,species,Plantae,"",Crateva unilocularis,1,t0073540,accepted
281db8ce-c5e9-48ef-b65e-51129571d0f4,species,Plantae,"",Cleome spinosa,1,t0053060,accepted
b4391959-fb5e-4ba5-8768-30805ebac42b,species,Plantae,"",Arabis serrata,1,t0040212,accepted
e51d27e3-772d-4eae-bade-3d1592fd11f1,species,Plantae,"",Barbarea orthoceras,1,t0040336,accepted
3f2fa35f-5a38-426a-980f-ffab5f427687,species,Plantae,"",Barbarea arisanensis,1,t0052695,not-accepted
17f18962-64f1-4e40-a4ee-3bff3ae12e55,species,Plantae,"",Brassica rapa,1,t0040444,accepted
d5eed13c-8c4d-4327-9c1f-f8092ee91603,species,Plantae,"",Brassica oleracea,1,t0040443,accepted
366f34bc-cb46-4be4-8396-db302c9ac0f5,species,Plantae,"",Capsella bursa-pastoris,1,t0040624,accepted
7c10b1fa-ffaa-42ab-80ce-a7bb8f040310,species,Plantae,"",Cardamine circaeoides,1,t0040625,accepted
cbc1f4e1-02bf-499d-b992-5e454ac5faf1,species,Plantae,"",Cardamine impatiens,1,t0052803,accepted
5f6091fd-dab6-4bbd-8957-3953d74df9e9,species,Plantae,"",Cardamine parviflora,1,t0127544,accepted
65bef157-a7d2-49a1-8ce3-7a3afbac0681,species,Plantae,"",Coronopus didymus,1,t0054206,accepted
4f908f74-c55c-4c95-a13d-2e667b61ab08,species,Plantae,"",Coronopus integrifolius,1,t0058137,not-accepted
09e96f13-cb13-4b72-a589-5fe7149351de,species,Plantae,"",Draba sekiyana,1,t0053441,accepted
fe956bc0-ca6b-405b-8280-6d3cf6cb0527,species,Plantae,"",Eutrema japonica,1,t0053668,not-accepted
8004b39e-a5a3-4ed3-9dc4-3e12dc2f71b5,species,Plantae,"",Lepidium bonariense,1,t0054205,accepted
89b91670-d390-4c04-93b1-c639e4a97b80,species,Plantae,"",Matthiola incana,1,t0074754,accepted
e8e1bb38-4d39-4320-85e2-169327f6f0cf,species,Plantae,"",Nasturtium officinale,1,t0054540,accepted
f75b403f-3139-49a3-b342-9afdd026afdb,species,Plantae,"",Neslia paniculata,1,t0054583,accepted
80269c3e-f167-45b7-9149-0384c20678b1,species,Plantae,"",Raphanus raphanistrum,1,t0100936,accepted
ec876e26-5a3d-46fc-b312-669447379283,species,Plantae,"",Raphanus acanthiformis,1,t0055045,not-accepted
52c10959-69de-4bb4-aa58-bf9dae6f7274,species,Plantae,"",Raphanus sativus,1,t0055045,not-accepted
cec33bbb-e2d3-4b4c-ba16-5df79184927a,species,Plantae,"",Rorippa austriaca,1,t0059196,accepted
84172a76-68f7-447c-a7bc-a9e2e50b9f46,species,Plantae,"",Rorippa dubia,1,t0059197,accepted
facb8d95-7f74-4321-9d1a-482a178f04d0,species,Plantae,"",Rorippa globosa,1,t0059198,accepted
3a40e057-0d36-4de5-bdc3-f25a6a0054a8,species,Plantae,"",Thlaspi arvense,1,t0055595,accepted
44607f26-fd98-4239-9dbd-b0210f6b78a0,species,Plantae,"",Wasabia japonica,1,t0053668,not-accepted
eaecc499-cde5-4d14-ab10-2c46bd77b1ca,species,Plantae,"",Cheiranthus cheiri,1,t0073188,accepted
46cc449e-3fde-448f-9cc2-3cd335247763,species,Plantae,"",Champereia manillana,1,t0058771,accepted
9ec57671-1f05-4328-afd9-fc1b2e385c11,species,Plantae,"",Balanophora fungosa,1,t0052685,accepted
29502ad5-9381-419d-887e-c7beca593221,species,Plantae,"",Balanophora harlandii,1,t0040325,accepted
eb284b90-28e5-4cce-930f-39464da6e992,species,Plantae,"",Balanophora japonica,1,t0052686,accepted
b2d824b2-77eb-4656-a873-6707f51dbb0b,species,Plantae,"",Balanophora laxiflora,1,t0040326,accepted
df61420d-8d8d-4360-9c4e-455e1c041498,species,Plantae,"",Balanophora wrightii,1,t0052687,accepted
c86d4ca7-970b-4ad7-afd8-435273be4d8c,species,Plantae,"",Balanophora yakushimensis,1,t0052688,accepted
722705c0-11a5-4a24-9faa-b7c5f78ebdd9,species,Plantae,"",Balanophora subcupularis,1,t0072773,accepted
8c3ea8bf-d1d2-406f-8430-70f4a408af4b,species,Plantae,"",Thesium chinense,1,t0055590,accepted
cb7cbf18-27f6-4526-8236-4922b0df9705,species,Plantae,"",Viscum angulatum,1,t0049327,accepted
9a08e484-a491-422f-b4a0-c4a3b25b011b,species,Plantae,"",Viscum multinerve,1,t0049329,accepted
17a47781-642d-41f4-827e-9983f0f99975,species,Plantae,"",Viscum liquidambaricola,1,t0049328,not-accepted
c879b9a7-c55f-47a1-84a6-7cc81477d0c9,species,Plantae,"",Santalum album,1,t0075738,accepted
d310d4b4-74ef-41ba-841d-3ac182ebce85,species,Plantae,"",Schoepfia jasminodora,1,t0055257,accepted
b743c9de-12d7-4fab-8c86-2c181aca9b09,species,Plantae,"",Loranthus kaoi,1,t0074644,accepted
c1b6556b-08aa-4fa6-8f63-3ef7467e6092,species,Plantae,"",Taxillus limprichtii,1,t0069534,accepted
4cad64b8-3a40-4126-a485-3c8c153285ac,species,Plantae,"",Taxillus lonicerifolius,1,t0069535,accepted
ff42ce75-31cd-47dd-bb0d-44531f4dfc52,species,Plantae,"",Taxillus theifer,1,t0058345,accepted
fac7d487-5645-45af-ae79-5c9b0d8f6c85,species,Plantae,"",Taxillus tsaii,1,t0055558,accepted
86cfb740-7d66-4775-b793-7cbe9cadcedf,species,Plantae,"",Taxillus delavayi,1,t0069533,accepted
269d9dfe-8b3c-4a18-9f1b-beffeba23262,species,Plantae,"",Tamarix chinensis,1,t0055552,accepted
0cbc3e69-f2c8-40b7-abc1-e678641dd94b,species,Plantae,"",Tamarix juniperina,1,t0055552,not-accepted
989b54b1-10d6-4667-a288-5efef0c61b61,species,Plantae,"",Armeria maritima,1,t0061044,accepted
f63b9bda-2d79-4b94-b4f7-5954b4bcce94,species,Plantae,"",Limonium sinense,1,t0054238,accepted
e6c3c99c-8655-4931-adbe-2caa84ab61ce,species,Plantae,"",Limonium sinuatum,1,t0054239,accepted
804dbfc3-b6e1-4cbf-9b4d-287745b1a872,species,Plantae,"",Plumbago auriculata,1,t0054886,accepted
bba20e7c-4273-4705-a3a8-3b32925cbdb3,species,Plantae,"",Plumbago zeylanica,1,t0054887,accepted
f79e91f9-ee95-43ce-880e-bdf77f082a22,species,Plantae,"",Antigonon leptopus,1,t0052601,accepted
384631bc-f406-422b-8fcf-9b60a1a3f148,species,Plantae,"",Coccoloba uvifera,1,t0053077,accepted
b4b0f0b2-80a0-4be0-9e06-af2d36077b6c,species,Plantae,"",Fagopyrum cymosum,1,t0057365,accepted
24e16321-1abb-45fd-aeba-6a33795cedaf,species,Plantae,"",Fagopyrum tataricum,1,t0053675,accepted
9b1e5c8c-be5f-4bce-ae02-8c5bde03eede,species,Plantae,"",Muehlenbeckia platyclada,1,t0074854,accepted
d3d3769a-5ab7-4549-85ad-82653ac9d915,species,Plantae,"",Koenigia delicatula,1,t0074465,accepted
276f487b-9de1-4dad-84b3-3a71406a2794,species,Plantae,"",Koenigia nepalensis,1,t0054921,misapplied
71cad823-c02c-4d2b-a3c1-6a8417275ea3,species,Plantae,"",Persicaria barbata,1,t0075187,accepted
502d7e3e-d8a3-4f28-bd9f-329e41dd1d84,species,Plantae,"",Persicaria chinensis,1,t0058947,accepted
878f25c7-e151-40b6-bae1-ddc639d14204,species,Plantae,"",Persicaria foliosa,1,t0058950,accepted
59132b75-6686-41ec-a73f-91d9faa9b306,species,Plantae,"",Persicaria hydropiper,1,t0058953,accepted
b5737b12-4e7d-48e3-bb07-d674faf449de,species,Plantae,"",Persicaria japonica,1,t0058954,accepted
0098cb16-5290-4122-8eed-407609445cd4,species,Plantae,"",Persicaria kawagoeana,1,t0058955,accepted
0b7efd77-9583-47b7-b961-87252cead5da,species,Plantae,"",Persicaria lanata,1,t0058957,accepted
2ab66b20-eabf-4c9a-bb31-b5bae20b412a,species,Plantae,"",Persicaria longiseta,1,t0075193,accepted
0d3eafd9-eb7d-49cc-b03d-e6120f27414c,species,Plantae,"",Persicaria maculosa,1,t0054755,accepted
a62d7fe7-6731-4f3a-b378-499fe82627fc,species,Plantae,"",Persicaria orientalis,1,t0058961,accepted
736e42d2-bdb6-490f-a70f-e8ae31089da1,species,Plantae,"",Persicaria perfoliata,1,t0058962,accepted
4b6caee5-afb7-43d5-99a9-ef6aee8a15ec,species,Plantae,"",Persicaria pubescens,1,t0058966,accepted
e1263aa6-2e24-49a9-88c4-5ba84280c799,species,Plantae,"",Persicaria sagittata,1,t0058969,accepted
51c1fd81-c65a-41a3-9593-c81639900f31,species,Plantae,"",Persicaria scabra,1,t0058956,accepted
a674a78c-a94a-47d9-b564-3ae07fdb78e7,species,Plantae,"",Persicaria senticosa,1,t0058970,accepted
e987231b-970b-4f98-8311-54a8fb370e4d,species,Plantae,"",Persicaria tripterocarpa,1,t0058949,misapplied
96f725b8-6157-4471-909e-0337417892a7,species,Plantae,"",Persicaria viscosa,1,t0058972,accepted
78a91a34-660c-4df3-a51c-a328cd2450d5,species,Plantae,"",Persicaria jucunda,1,t0075192,accepted
c01bc807-65e5-4497-b11e-4d2f06249ff3,species,Plantae,"",Polygonum aviculare,1,t0054920,accepted
65bc0a1d-b728-443d-9727-e1e2f24a502e,species,Plantae,"",Polygonum convolvulus,1,t0106484,accepted
487c6bef-2406-42ab-8823-394a91a119a2,species,Plantae,"",Polygonum pilushanense,1,t0058963,accepted
d1b3731d-a138-4cc7-9c0b-60532b724240,species,Plantae,"",Rumex acetosa,1,t0055166,accepted
84ffe9fb-c500-461c-982a-36b5d3c4179f,species,Plantae,"",Rumex nipponicus,1,t0055171,accepted
0af6d80e-02b2-4548-a747-191fe0be2674,species,Plantae,"",Rumex trisetifer,1,t0055173,accepted
db261f71-66ca-432e-aecf-ef1a88cfa419,species,Plantae,"",Rumex microcarpus,1,t0055170,accepted
544704b7-8fb4-427f-9e65-1b0c364ceb91,species,Plantae,"",Drosera indica,1,t0053448,accepted
720ba335-c307-47c8-9ccb-22334d77b6fc,species,Plantae,"",Drosera peltata,1,t0053449,accepted
26791eeb-5cd3-463a-960f-1be4e3729b8c,species,Plantae,"",Drosera spathulata,1,t0053450,not-accepted
9a88ce4a-e711-423e-b3c0-35f2324ea77e,species,Plantae,"",Drosera rotundifolia,1,t0073759,accepted
a4ff8b9b-6151-4426-a193-23aeec81f1cc,species,Plantae,"",Arenaria subpilosa,1,t0040239,accepted
b11f424b-a1de-4265-b9b2-d6fbdcab0f43,species,Plantae,"",Arenaria takasagomontana,1,t0040240,accepted
94ab8b62-21a3-417a-9526-d68e2258ab16,species,Plantae,"",Cerastium fontanum,1,t0073129,accepted
bb96ac60-1d07-497e-801f-610093a16f0a,species,Plantae,"",Cerastium formosanum,1,t0073130,accepted
89d659e1-faa3-4c38-abf4-2ffe62522163,species,Plantae,"",Cerastium glomeratum,1,t0052930,accepted
d45a9e67-895c-472c-875c-bf6b416e3cb0,species,Plantae,"",Cerastium holosteoides,1,t0052929,not-accepted
3e8ef3e0-3e5a-4b32-b54e-22e5e794d5d3,species,Plantae,"",Cerastium parvipetalum,1,t0052932,not-accepted
876eed58-3804-49c8-9208-2d89b1f3f6ab,species,Plantae,"",Cucubalus baccifer,1,t0053196,accepted
d813d48a-2ce4-41f4-841f-ef6e74868c97,species,Plantae,"",Dianthus palinensis,1,t0053365,accepted
cd0c9221-34d6-484a-8a1b-b95d4e46d2a8,species,Plantae,"",Dianthus pygmaeus,1,t0053366,accepted
d0fb082b-ec91-4759-8a01-52b89a51da99,species,Plantae,"",Dianthus superbus,1,t0073662,accepted
745cf42f-857c-4bb6-b8b6-aa7bca73786d,species,Plantae,"",Dianthus barbatus,1,t0073658,accepted
ac9b3603-ff16-43c0-bf80-37339e4b21cd,species,Plantae,"",Dianthus caryophyllus,1,t0073659,accepted
4629baac-ceae-46b4-857b-2bbeec594817,species,Plantae,"",Dianthus chinensis,1,t0053363,accepted
c4faf3c8-383f-424b-a772-fc28c602db4d,species,Plantae,"",Drymaria villosa,1,t0053452,accepted
b5160f08-e3c1-4d3d-9164-29961ea7a9f8,species,Plantae,"",Gypsophila paniculata,1,t0053883,accepted
e06ec23d-0dad-4995-90f1-a4be41a3dae3,species,Plantae,"",Moehringia trinervia,1,t0054484,accepted
5e21f2bc-c392-4bd2-b53a-2f2c5b6c9b51,species,Plantae,"",Sagina maxima,1,t0055187,accepted
59db3d1c-0a42-4169-a81a-e8dbfc758738,species,Plantae,"",Sagina procumbens,1,t0055188,accepted
e89fe6f9-5416-4165-9b9c-0e547ce4b1f4,species,Plantae,"",Sagina saginoides,1,t0075722,accepted
e2bdb085-44a6-4f43-8c0c-66d48a3b5505,species,Plantae,"",Silene fortunei,1,t0075909,not-accepted
a04b70f5-f2f1-4d93-a595-00683b60f677,species,Plantae,"",Silene gallica,1,t0055345,accepted
0b2868f7-c7dc-40a4-9089-c66c8fe0dca9,species,Plantae,"",Silene glabella,1,t0055348,not-accepted
265aaed5-d5b5-4aad-9ef5-ae02f3d581b0,species,Plantae,"",Silene aprica,1,t0055343,accepted
0b9218de-b897-45ee-9da4-a6b8ac04c2ce,species,Plantae,"",Silene armeria,1,t0075905,accepted
33fc9e00-7aec-44e2-bd92-d5cb5714505d,species,Plantae,"",Silene asclepiadea,1,t0075906,accepted
5d96f6a7-77ba-4306-8e4f-23ba8f3e050e,species,Plantae,"",Silene cardiopetala,1,t0075907,accepted
97f57f74-1ca8-4167-993e-73d2e55134dd,species,Plantae,"",Silene formosamontana,1,t0075910,not-accepted
795fb829-abf2-489d-91d9-5076d59d3a04,species,Plantae,"",Silene pendula,1,t0075911,accepted
d60a9462-e70e-4f09-bceb-8adaf6348fdd,species,Plantae,"",Silene transalpina,1,t0058256,accepted
2cd90e3a-f267-4b53-b9cc-c935d3b2ef15,species,Plantae,"",Spergula arvensis,1,t0055415,accepted
ec99b4a2-3691-4574-9bd1-c5bdc6d60871,species,Plantae,"",Spergularia marina,1,t0055416,accepted
0a70ae0b-3884-403d-82a9-116e774983ff,species,Plantae,"",Nubelaria arisanensis,1,t0055456,accepted
c0d069f2-e64f-4d81-8cb8-74b36633a312,species,Plantae,"",Stellaria saxatilis,1,t0076021,not-accepted
d84a2e2e-9604-4132-98af-7317eb496f2c,species,Plantae,"",Stellaria media,1,t0055457,accepted
ecbeb439-2a61-4999-a85f-202e6083b0e8,species,Plantae,"",Stellaria monosperma,1,t0076020,accepted
7269e439-4cc7-4575-b2d6-fdc98b4282bb,species,Plantae,"",Vaccaria hispanica,1,t0069744,accepted
ab529acc-eeb6-4146-8e7c-0e8500fe2f34,species,Plantae,"",Lychnis coeli-rosa,1,t0074662,accepted
28f50d1e-211e-40fa-bd4f-0ec4bbaffda7,species,Plantae,"",Lychnis coronata,1,t0074663,accepted
3db0da81-adb6-443d-8297-ce45816004a2,species,Plantae,"",Lychnis senno,1,t0074665,accepted
8a197c3b-0b0e-4cd5-aca3-631480ba67e8,species,Plantae,"",Achyranthes longifolia,1,t0033576,accepted
cac6ab51-f24d-41ee-bd37-ee964e515382,species,Plantae,"",Aerva sanguinolenta,1,t0033620,accepted
c3f85641-85df-4c3a-a41b-a7f5300bcd72,species,Plantae,"",Alternanthera philoxeroides,1,t0060921,accepted
037327f9-e08f-4d2b-8c6e-f04551716030,species,Plantae,"",Alternanthera ficoidea,1,t0060919,accepted
c67cf95c-ee5b-4753-ae7a-93c08543a2ec,species,Plantae,"",Alternanthera nodiflora,1,t0040131,not-accepted
76572e6e-a8ed-41be-b7aa-fccc459cef97,species,Plantae,"",Alternanthera polygonoides,1,t0040130,not-accepted
dff86f5f-283a-451a-b355-4ab426b65b97,species,Plantae,"",Amaranthus caudatus,1,t0040136,accepted
6f139dcb-e38d-4fc7-869e-f796505cdb4a,species,Plantae,"",Amaranthus retroflexus,1,t0052579,accepted
f7eaba19-8653-4138-9c10-88659e20d695,species,Plantae,"",Amaranthus spinosus,1,t0052580,accepted
7ab7e8e7-93e9-4487-8875-e516cc7446a9,species,Plantae,"",Amaranthus viridis,1,t0040140,accepted
a3746e51-b663-4c7e-808a-c27dcae0f2c2,species,Plantae,"",Amaranthus inamoenus,1,t0060924,accepted
ff8d6292-1cf1-4886-8aee-4f13e1140937,species,Plantae,"",Atriplex nummularia,1,t0052677,accepted
e7d123a8-b1c8-4c60-99d0-7dacd435de12,species,Plantae,"",Beta vulgaris,1,t0040374,accepted
422b98ac-2e95-4aae-9f02-aa6127aa40d3,species,Plantae,"",Celosia taitoensis,1,t0052908,accepted
bf49f05b-9c58-4fdb-8097-f078e7c53f95,species,Plantae,"",Chenopodium ambrosioides,1,t0053465,not-accepted
6cbbcf98-b864-4386-9471-f1ae2e0ec344,species,Plantae,"",Chenopodium formosanum,1,t0052964,accepted
9d6bca71-c2a6-486b-9fa2-2709f29b8d4e,species,Plantae,"",Chenopodium glaucum,1,t0052965,accepted
26915044-b8c1-4193-afb7-cad72957a10c,species,Plantae,"",Cyathula prostrata,1,t0053220,accepted
b077c2af-e037-420a-b0fd-f2d2c5f7e1a5,species,Plantae,"",Deeringia amaranthoides,1,t0053306,accepted
3fb39552-1abe-42d2-a5c4-046d950c4a9c,species,Plantae,"",Digera muricata,1,t0053377,accepted
0d287416-3261-477b-ab7c-00e43238a867,species,Plantae,"",Gomphrena globosa,1,t0053840,accepted
65458ea9-6cc3-4e6f-84b5-48d260350785,species,Plantae,"",Gomphrena serrata,1,t0102101,accepted
606629c6-c80e-4b17-85e4-293c6a928341,species,Plantae,"",Philoxerus wrightii,1,t0100830,accepted
cb2892f1-90e9-4fd5-a64e-b3981f871834,species,Plantae,"",Pupalia micrantha,1,t0054999,accepted
bbb106c1-ffaa-4342-a214-3d9e65514139,species,Plantae,"",Spinacia oleracea,1,t0055429,accepted
8df498bf-b6ac-4cae-b233-1526389ffddb,species,Plantae,"",Allmania nodiflora,1,t0060904,accepted
3e69b738-7b98-44e8-8c81-a7333496bb38,species,Plantae,"",Telanthera versicoloa,1,t0058355,not-accepted
71642444-fa8c-43a8-a6c6-ef6479c4f050,species,Plantae,"",Delosperma cooperi,1,t0073635,accepted
71893b9b-97b5-4c71-990a-76fd7e8066ae,species,Plantae,"",Delosperma echinatum,1,t0073636,accepted
7d934574-99f1-4f59-b8f0-fa44b069a626,species,Plantae,"",Mesembryanthemum cordifolium,1,t0028632,accepted
3addfce4-4d06-4d42-a4ff-a1bc8ced7400,species,Plantae,"",Mesembryanthemum lingueforme,1,t0074775,accepted
366bee5b-a4b1-4b45-969d-07a11148e426,species,Plantae,"",Mesembryanthemum spectabile,1,t0058115,not-accepted
87401c70-821f-4a98-b427-b8d005984fa8,species,Plantae,"",Sesuvium portulacastrum,1,t0055321,accepted
24011eae-3892-4d4b-851b-cc951d44e2f6,species,Plantae,"",Aptenia cordifolia,1,t0028632,not-accepted
8249ad88-8c7a-477c-bd58-8d89c28d860a,species,Plantae,"",Argyroderma braunsii,1,t0061036,accepted
7c18a7d1-b772-4dbb-8a46-d426c0f88fd7,species,Plantae,"",Gibbaeum album,1,t0074108,accepted
777754b7-711c-444c-9d5e-755b5de15339,species,Plantae,"",Glottiphyllum fragrans,1,t0074125,accepted
3f04f907-e4bf-412b-909f-28650d25880f,species,Plantae,"",Hereroa granulata,1,t0074269,accepted
4b344bf9-30e6-4d55-94fb-9bf418b2f1a6,species,Plantae,"",Pleiospilos bolusii,1,t0075399,accepted
678dd194-6b7a-494c-ba24-c550cd09f51c,species,Plantae,"",Pleiospilos simulans,1,t0075403,accepted
66905dd1-db36-40cf-bf3e-3b7a5a1de395,species,Plantae,"",Phytolacca icosandra,1,t0054821,accepted
0ee6fe49-5d97-48ef-900a-b2fa05fe9309,species,Plantae,"",Phytolacca japonica,1,t0054819,accepted
e4592615-3679-422f-a57b-401712b676e2,species,Plantae,"",Rivina humilis,1,t0055107,accepted
4f4932eb-a434-47ea-a466-a400fb4ae0d7,species,Plantae,"",Boerhavia glabrata,1,t0040401,accepted
5c9e0e11-dc1d-45cc-b950-d8b5017d3c9f,species,Plantae,"",Boerhavia hualienense,1,t0072874,not-accepted
b1f82383-3378-4125-bf0b-1adb7daeba0c,species,Plantae,"",Bougainvillea glabra,1,t0072885,accepted
05599bd6-c37a-4767-82b8-397cddf7324c,species,Plantae,"",Mirabilis jalapa,1,t0054475,accepted
13287d51-af81-4506-a4ee-484727be520f,species,Plantae,"",Mirabilis longiflora,1,t0074825,accepted
4e1e29fe-0c8a-40b0-ae5a-fd8dee015c7b,species,Plantae,"",Pisonia aculeata,1,t0054854,accepted
6ba4d351-1581-44f7-8672-fde98fe3bec2,species,Plantae,"",Glinus oppositifolius,1,t0057937,accepted
b307573c-a440-4c4f-81a8-644573b5b81e,species,Plantae,"",Portulaca oleracea,1,t0054931,accepted
727c7ec4-8702-475e-b6d3-23498d373997,species,Plantae,"",Portulaca psammotropha,1,t0054933,accepted
929e5d95-6523-468b-bb6e-bb344c534989,species,Plantae,"",Portulaca insularis,1,t0054933,not-accepted
7443fa5e-8a40-4226-8eb8-832eb9fd4249,species,Plantae,"",Cereus repandus,1,t0073139,accepted
4361bd72-b292-4de0-bf11-2653b4526e5a,species,Plantae,"",Epiphyllum oxypetalum,1,t0053544,accepted
af29f1de-3312-4bfc-861c-0e6114c559e2,species,Plantae,"",Selenicereus undatus,1,t0058239,accepted
dade23f2-e547-4258-92fe-147c32ebf1c2,species,Plantae,"",Opuntia elatior,1,t0075007,accepted
1fa3b279-0be9-4c01-b793-f25161147048,species,Plantae,"",Opuntia erinacea,1,t0075008,accepted
9ad2ed88-50ad-4044-b4ae-3dbb9eeb4a06,species,Plantae,"",Opuntia microdasys,1,t0075013,accepted
6e175870-8ff5-42e4-8c40-b61484d031ae,species,Plantae,"",Opuntia tuna,1,t0075016,accepted
84054e19-58e9-4922-b82d-efad97a04a8f,species,Plantae,"",Opuntia monacantha,1,t0075014,accepted
aef49352-39d3-44c5-8c8d-344d0ab30755,species,Plantae,"",Carnegiea gigantea,1,t0073049,accepted
11b2b114-33cc-449a-8e2d-06d967e48ddc,species,Plantae,"",Echinocactus grusonii,1,t0073783,accepted
b68b85df-e829-4d21-9deb-e788a7a354c4,species,Plantae,"",Echinocereus berlandieri,1,t0073784,accepted
d12acb93-1bf8-46a4-a2db-e58878ada746,species,Plantae,"",Echinocereus enneacanthus,1,t0073787,accepted
2a9be9ce-460c-45d2-80f9-ca13341a1fdc,species,Plantae,"",Echinocereus pectinatus,1,t0073790,accepted
eb5ecfdb-8f3e-46a3-aa20-924f6c138b81,species,Plantae,"",Echinocereus pentalophus,1,t0073791,accepted
55f993fc-a867-4c13-9ce6-d379d21721c0,species,Plantae,"",Echinocereus rigidissimus,1,t0073792,accepted
909781bf-c686-466d-9e92-e6a4e1faf8ef,species,Plantae,"",Echinopsis eyriesii,1,t0073798,accepted
596cc6c3-579a-4bcf-88ae-7d21cf878a1e,species,Plantae,"",Echinopsis multiplex,1,t0073799,accepted
fdd8cde4-1536-4e28-9653-b36840527e7c,species,Plantae,"",Echinopsis rhodotricha,1,t0073800,accepted
932e434f-4e9e-477d-8cf8-38e48fcc0174,species,Plantae,"",Echinopsis tubiflora,1,t0073801,accepted
50efa54e-1984-4396-95b9-3b655617a4ce,species,Plantae,"",Echinopsis tucumanensis,1,t0073802,accepted
ef809cef-8698-44e2-ab0e-f762ae358fe8,species,Plantae,"",Echinopsis turbinata,1,t0073803,accepted
dd618895-d4f2-47db-895f-424bf24edbc8,species,Plantae,"",Mammillaria bicolor,1,t0074703,accepted
9be688c6-aa4f-44d3-82c7-ccdfcb7c2a5f,species,Plantae,"",Mammillaria bocasana,1,t0074704,accepted
2fe0556f-7294-44b2-82a6-e74c12596f2c,species,Plantae,"",Mammillaria brauneana,1,t0074706,accepted
f7d39b5a-64a5-4d49-9d82-1344c66d8143,species,Plantae,"",Mammillaria collinsii,1,t0074710,accepted
80cdbaf0-b3b9-423e-b75b-5b563a65adb4,species,Plantae,"",Mammillaria columbiana,1,t0074711,accepted
783b21d7-9712-4164-b577-e5d3b4195200,species,Plantae,"",Mammillaria elongata,1,t0074713,accepted
dfb9bfd3-aaad-4e32-a81f-f3df06ee4561,species,Plantae,"",Mammillaria hahniana,1,t0074715,accepted
f301fb9b-9c92-47d3-a543-32d923819848,species,Plantae,"",Mammillaria lanata,1,t0074718,accepted
060ca5b1-ccdd-4206-9f46-1ffe6970bc81,species,Plantae,"",Mammillaria mazatlanensis,1,t0074719,accepted
ee14f02f-3d5b-4a9c-a92d-9c77668c4257,species,Plantae,"",Mammillaria nejapensis,1,t0074720,accepted
f4b8fd59-65c4-4930-8fe2-10eabc3f4d2f,species,Plantae,"",Mammillaria parkinsonii,1,t0074721,accepted
210d74ee-7fb1-44ec-bcae-6a7c7b9c687b,species,Plantae,"",Mammillaria plumosa,1,t0074723,accepted
0f8867bc-8f51-4c69-960c-9327c0a9397f,species,Plantae,"",Mammillaria prolifera,1,t0074724,accepted
95c7d7e5-621e-46ba-8b80-140197a2d8de,species,Plantae,"",Mammillaria rhodantha,1,t0074725,accepted
f3df1553-a672-4c12-b806-07ac9939e474,species,Plantae,"",Pilosocereus palmeri,1,t0075288,accepted
63704d17-95ef-4aab-ab62-126bf49bf337,species,Plantae,"",Thelocactus bicolor,1,t0069615,accepted
97a06a22-8d4c-4155-a73a-bdf702accb1d,species,Plantae,"",Thelocactus nidulans,1,t0069617,accepted
38557b28-ee70-445c-9533-19820db8196a,species,Plantae,"",Astrophytum capricorne,1,t0061074,accepted
1cdd62e7-73bb-4811-af58-f2b8da202985,species,Plantae,"",Astrophytum myriiostigma,1,t0061075,accepted
b098eb9c-6046-4638-8371-5edc4e9e7cd4,species,Plantae,"",Astrophytum ornatum,1,t0061076,accepted
f2ce8821-50fc-4e15-bd77-723a87d6b22b,species,Plantae,"",Aztekium ritteri,1,t0072769,accepted
f5be8c02-f2af-4ee1-9a41-c7a9e76d8a4c,species,Plantae,"",Brasilicactus haselbergii,1,t0072900,accepted
f7332625-ed83-4f2e-bb76-c3c28d2d16bf,species,Plantae,"",Cephalocereus senilis,1,t0073113,accepted
b1710b8d-675e-4b2c-a2b7-51042c0b1cec,species,Plantae,"",Corynopuntia vilis,1,t0073460,accepted
b84404d3-e283-4e18-881f-32024eda2012,species,Plantae,"",Coryphantha elephantidens,1,t0073465,accepted
c3a7e729-3b19-4491-bc10-570d68b309f3,species,Plantae,"",Coryphantha radians,1,t0073467,accepted
949c2c1a-dd7b-4dce-a6ca-11a223052be9,species,Plantae,"",Dolichothele anylostera,1,t0073735,accepted
dcccd128-bf86-421a-920c-399575970cde,species,Plantae,"",Dolichothele sphaerica,1,t0073737,accepted
68f787f4-9d70-4f02-aaab-029b44929a16,species,Plantae,"",Dolichothele uberiformis,1,t0073738,accepted
e7904c58-ca67-449a-825b-ec7900c680ae,species,Plantae,"",Eriocactus leninghausii,1,t0073857,accepted
e79c0dd2-4ac9-4346-acca-c0cdbb222645,species,Plantae,"",Frailea schilinzkyana,1,t0074007,accepted
92587334-938a-4444-a2d2-1d126e8caa63,species,Plantae,"",Gymnocalycium asterium,1,t0074188,accepted
c4658a14-de5c-4676-8ded-591542271fd2,species,Plantae,"",Gymnocalycium baldianum,1,t0074189,accepted
933f1944-d60b-4de0-93cb-e90782e692ca,species,Plantae,"",Gymnocalycium mihanovichii,1,t0074191,accepted
d2cd8dbb-d049-490d-92c2-05b844156813,species,Plantae,"",Haageocereus decumbens,1,t0074201,accepted
94fb88ce-e49f-40cc-9dac-088f0a5d6468,species,Plantae,"",Hatiora salicordes,1,t0074227,accepted
8fac88c1-709f-42f6-a549-3edcdf908a83,species,Plantae,"",Homalocephala texensis,1,t0074308,accepted
5c642fa7-0c4d-4e0b-81a3-6f94fffe48c9,species,Plantae,"",Krainzia guelzowiana,1,t0074468,accepted
05dbda11-0f39-40df-9738-55fd3351618e,species,Plantae,"",Lemaireocereus hollianus,1,t0074533,accepted
3494a3e3-81bb-40de-861a-b5797b98ca2d,species,Plantae,"",Lobivia allegraiana,1,t0074618,accepted
4d2f764f-5b46-4354-9ba6-bdec09602ed8,species,Plantae,"",Lobivia backebergii,1,t0074619,accepted
0798e2da-51fc-4e59-b2fd-54193395219a,species,Plantae,"",Lobivia famatimensis,1,t0074620,accepted
80aacd72-ef52-490a-9863-9c20063452ac,species,Plantae,"",Lobivia hertrichiana,1,t0074621,accepted
0b0f84a2-bb05-4fd8-ad74-a92d9dcef1db,species,Plantae,"",Myrtillocactus geometrizans,1,t0074878,accepted
00f66d02-f0ee-4dc7-bad5-c2a23b821349,species,Plantae,"",Neochilenia napina,1,t0074903,accepted
0e9948d5-aa98-4207-a070-3fc2e230420a,species,Plantae,"",Nopalxochia ackermannii,1,t0074957,accepted
e9376dbb-8f6e-4b02-85bd-ba721640ff31,species,Plantae,"",Nyctocereus serpentinus,1,t0074966,accepted
c940f4d9-639f-4f49-8b57-da26b30c3730,species,Plantae,"",Pachycereus pringlei,1,t0075050,accepted
b0b463f1-2256-47a8-bb3e-2eebff63a9d0,species,Plantae,"",Pelecyphora asellifirmis,1,t0075155,accepted
edf2f6d7-079f-48ef-ae5d-20655b104774,species,Plantae,"",Peniocereus greggii,1,t0075161,accepted
e0402614-02b9-4774-8a46-fa40c54e1405,species,Plantae,"",Pereskia aculeata,1,t0075183,accepted
d458748a-95e3-4396-b563-dbdce3245178,species,Plantae,"",Pereskia grandifolia,1,t0075184,accepted
2a2b5ae9-6afa-4dd1-92bc-a217cd20d14e,species,Plantae,"",Pseudoespostoa melanostele,1,t0075502,accepted
5e55481b-8dd1-4844-a7cf-2cecb62d3892,species,Plantae,"",Rebutia grandiflora,1,t0075613,accepted
ee1a656a-2af4-481b-a046-588549090069,species,Plantae,"",Rebutia krainziana,1,t0075614,accepted
adf04acb-7de2-4eaa-8653-51435c217e0c,species,Plantae,"",Ritterocereus griseus,1,t0075686,accepted
c58f4856-c2f5-4b48-a7bd-5e03584d19cf,species,Plantae,"",Selenicereus pteranths,1,t0075875,accepted
3c7bc011-2283-487d-b914-08d271f8ab32,species,Plantae,"",Soehrensia bruchii,1,t0075928,accepted
8e452239-37f9-4b05-b866-a4723bed372a,species,Plantae,"",Tephrocactus sphaericus,1,t0069560,accepted
953e145b-6a18-46f8-ae56-67631b0462b1,species,Plantae,"",Trichocereus spachianus,1,t0069673,accepted
0ad98b13-0518-4a29-9434-37d9c35692ae,species,Plantae,"",Wigginsia sellowii,1,t0069813,accepted
f080ecaf-451e-4880-89cf-1e8e1e5a567a,species,Plantae,"",Wilcoxia schmollii,1,t0069817,accepted
5decdce5-1a98-48d1-80ee-d0d2d21e9f19,species,Plantae,"",Zygocactus truncatus,1,t0069859,accepted
c79b010f-0e06-4221-80e8-11cdf72b6df8,species,Plantae,"",Camptotheca acuminata,1,t0052792,accepted
3baf98a6-bba9-4fd2-85bf-cf2bb881c905,species,Plantae,"",Cardiandra formosana,1,t0058034,not-accepted
0f16664d-1c14-411f-b553-869954b3dc31,species,Plantae,"",Hydrangea anomala,1,t0053953,accepted
0a855cf4-8578-4f44-84d6-fcffd272b66e,species,Plantae,"",Hydrangea longifolia,1,t0053957,accepted
5125aa03-03fb-4e5a-b4d2-d096adade436,species,Plantae,"",Hydrangea macrophylla,1,t0053958,accepted
89d303a1-e436-46a7-8a67-ad0efea8ba99,species,Plantae,"",Pileostegia viburnoides,1,t0058036,not-accepted
0eda4d4b-593f-4935-8843-2868f3b1283d,species,Plantae,"",Schizophragma integrifolium,1,t0107058,not-accepted
68b80200-03a2-439e-909d-05c72db15af6,species,Plantae,"",Alangium chinense,1,t0033672,accepted
8122b022-1afb-48cc-98d5-5cbf6e33d063,species,Plantae,"",Swida controversa,1,t0069488,not-accepted
65942cd3-678e-40f0-b01c-38022fa3041a,species,Plantae,"",Swida macrophylla,1,t0058315,not-accepted
38279043-6b94-4424-9ad1-cf9db6a5e990,species,Plantae,"",Impatiens balsamina,1,t0054033,accepted
c379e6a0-a0e1-40dd-9e5f-2fa25c8bf238,species,Plantae,"",Impatiens hawkeri,1,t0054035,accepted
be3cd026-d8a8-43e7-b225-bab7d3edc556,species,Plantae,"",Barringtonia asiatica,1,t0040346,accepted
9ff53d32-b427-4ab3-9198-21fed4446546,species,Plantae,"",Lecythis minor,1,t0054192,accepted
c0dbe6de-b8c2-4c9b-b9d1-2f7164f0d0de,species,Plantae,"",Lecythis zabucajo,1,t0054193,accepted
e4e22e67-3f0d-41e4-8e31-084aab4f7b29,species,Plantae,"",Couroupita guianensis,1,t0073535,accepted
7ac73d11-a80e-42a5-92fb-b5523c60348b,species,Plantae,"",Adinandra formosana,1,t0060830,accepted
95be11c3-2cb9-4fbb-8b78-d066fe45e63c,species,Plantae,"",Anneslea lanceolata,1,t0040174,not-accepted
1a19f17a-19b1-42b0-a8fd-61e7b6c80bb2,species,Plantae,"",Eurya chinensis,1,t0053652,accepted
3828c47c-f675-4174-8080-90b1ce430e8b,species,Plantae,"",Eurya crenatifolia,1,t0053653,accepted
d325a569-78da-4d42-b013-65c24bffbb3b,species,Plantae,"",Eurya glaberrima,1,t0053655,accepted
fa728d01-9bae-4fd3-8645-643a99ffedef,species,Plantae,"",Eurya gnaphalocarpa,1,t0053656,accepted
086f3b05-08b4-4b8d-b404-5f84e8c4b4ba,species,Plantae,"",Eurya hayatae,1,t0053657,accepted
874d4fbd-6551-4d11-9149-c0ad8f5c7058,species,Plantae,"",Eurya loquaiana,1,t0053651,accepted
dcd16e0a-9987-4bc7-83cd-dd502a13ff0c,species,Plantae,"",Eurya rengechiensis,1,t0053661,accepted
de167dd0-a46c-4625-84e3-29217e13f34c,species,Plantae,"",Eurya septata,1,t0053662,accepted
97403d0d-fbe0-4bb1-a7f2-4be2f4e3b318,species,Plantae,"",Eurya acuminata,1,t0053651,misapplied
c48a998f-a7ea-412a-8e16-a23d64c51a69,species,Plantae,"",Ternstroemia gymnanthera,1,t0058359,accepted
373f699c-7e74-4abb-8b94-6d4b1e717974,species,Plantae,"",Manilkara zapota,1,t0054398,accepted
a5340940-87bd-4421-ac32-7446d0671762,species,Plantae,"",Palaquium gutta,1,t0075059,accepted
486272da-377e-4197-9467-54ec80d126f7,species,Plantae,"",Planchonella duclitan,1,t0059032,accepted
5070e97f-914f-4526-9374-82cd601d12bc,species,Plantae,"",Planchonella obovata,1,t0054862,accepted
2b28166b-9b5f-468c-99ae-842549bc969c,species,Plantae,"",Pouteria caimito,1,t0054954,accepted
5d88f3c3-d77f-4e36-a59f-4649b08ab5d7,species,Plantae,"",Pouteria campechiana,1,t0054325,accepted
d38fa2e0-df8c-4fc0-8cc7-2b7da6b3f89a,species,Plantae,"",Synsepalum dulcificum,1,t0055520,accepted
3ed9f884-53b6-4613-b170-c2462256d7c2,species,Plantae,"",Chrysophyllum monopyrenum,1,t0073239,accepted
4d871240-71ad-4619-801f-51b7fd54f709,species,Plantae,"",Mimusops elengi,1,t0074824,accepted
f08d953d-a6f6-417f-9224-f1f5dcc10172,species,Plantae,"",Lucuma nervosa,1,t0054325,not-accepted
ecc7cbcd-3908-4660-95cd-54177aaf10e8,species,Plantae,"",Diospyros ferrea,1,t0053417,accepted
f4bfac1d-f984-4d92-b1e3-ed57409f8300,species,Plantae,"",Diospyros japonica,1,t0053419,accepted
01126ad2-62a2-48a1-8385-5a5159ca01d3,species,Plantae,"",Diospyros kaki,1,t0053420,accepted
56049e7b-d7a2-424d-9f41-afbf1eb2c9c6,species,Plantae,"",Diospyros kotoensis,1,t0053421,accepted
06c39d6e-b51c-4436-b1b1-f8b02d7cd645,species,Plantae,"",Diospyros maritima,1,t0053422,accepted
23743f0e-030f-49bc-99fc-f38a10e992c8,species,Plantae,"",Diospyros morrisiana,1,t0053423,accepted
3e96e39d-1486-471c-89a8-985d032f93bc,species,Plantae,"",Diospyros blancoi,1,t0057252,accepted
41b7eeb6-1998-4bee-8c13-eac513fdcf82,species,Plantae,"",Diospyros vaccinioides,1,t0053426,accepted
7bfb417f-8099-4892-b8c4-9eaf5557af41,species,Plantae,"",Diospyros dumetorum,1,t0073710,accepted
8aa9d7fe-df15-459c-8d72-6635de60ebc9,species,Plantae,"",Aegiceras corniculatum,1,t0052537,accepted
06d272f2-fbfc-4a10-9b3a-eae7ab310f88,species,Plantae,"",Anagallis minima,1,t0046096,not-accepted
b971515d-dbd8-4928-b1e2-332feb165134,species,Plantae,"",Androsace umbellata,1,t0040165,accepted
95e0674d-cf0b-4c56-8fb8-8e50930d8fea,species,Plantae,"",Ardisia chinensis,1,t0040229,accepted
cd84af83-0119-4e45-94f4-5e365155cd93,species,Plantae,"",Ardisia japonica,1,t0052614,accepted
9a566c49-9e01-446a-add9-636af05bbda6,species,Plantae,"",Ardisia maclurei,1,t0040233,accepted
d9637641-e461-4c34-8bed-d15f44378635,species,Plantae,"",Ardisia miaoliensis,1,t0061028,accepted
6aca8a74-abb9-41fb-a2fa-948f3a601aa0,species,Plantae,"",Ardisia quinquegona,1,t0040234,accepted
a36d22bd-55d6-481b-b49e-eb567eae91a8,species,Plantae,"",Ardisia villosa,1,t0040236,accepted
ea86922a-73cf-4ed0-a552-c4b5509b8679,species,Plantae,"",Ardisia virens,1,t0052617,accepted
a523040c-f6c7-4030-a7d9-e25e27a56b88,species,Plantae,"",Embelia laeta,1,t0073828,accepted
a283f55b-4393-4465-a27d-94162baaf415,species,Plantae,"",Embelia rudis,1,t0053527,accepted
7ca31d71-1bda-4e0a-b3c3-01a7fa75f7d2,species,Plantae,"",Lysimachia ardisioides,1,t0054351,not-accepted
fd9ad944-ac15-4c25-8508-b728cf80592c,species,Plantae,"",Lysimachia capillipes,1,t0054353,accepted
c8383d7c-12ec-425e-b4de-6c73ab955703,species,Plantae,"",Lysimachia japonica,1,t0054358,accepted
7740a1c4-bebb-4703-96c4-dc4f0b737fcd,species,Plantae,"",Lysimachia mauritiana,1,t0054360,accepted
6923c747-dc10-4fc3-ac51-a7d8bb442db3,species,Plantae,"",Lysimachia remota,1,t0054362,accepted
22f541ab-5a92-4130-977e-032c76bcfc96,species,Plantae,"",Lysimachia simulans,1,t0054351,accepted
0c464945-d19b-451d-8a8b-284008affee2,species,Plantae,"",Maesa elmerii,1,t0054373,not-accepted
c050cb26-eb43-4d47-8475-aa646ff81b68,species,Plantae,"",Myrsine seguinii,1,t0054529,accepted
148a92d9-7f84-4025-82e3-f148dcfd303a,species,Plantae,"",Primula miyabeana,1,t0054963,accepted
46788199-f718-43ac-bffd-719137025099,species,Plantae,"",Stimpsonia chamaedryoides,1,t0055468,accepted
4dec3ebf-8d25-476e-b579-decac694f5ad,species,Plantae,"",Cyclamen latifolium,1,t0073597,accepted
5b8949bf-2e96-42a4-a02d-0bb73fa0d53b,species,Plantae,"",Cyclamen persicum,1,t0073598,accepted
2e4c4030-c098-4c92-9896-d034470ad2d5,species,Plantae,"",Camellia caudata,1,t0040580,accepted
4e8555c0-3c12-42aa-ba8e-be1c187c729e,species,Plantae,"",Camellia formosensis,1,t0040581,accepted
3c691807-7369-4a24-9dfa-8b45fa013050,species,Plantae,"",Camellia japonica,1,t0040583,accepted
b1c65ca9-7365-47c1-8b83-983de20e6eee,species,Plantae,"",Camellia kissi,1,t0040584,accepted
ebd6c466-06d6-48d9-8872-b40c4802526c,species,Plantae,"",Camellia salicifolia,1,t0040585,accepted
a6b49d4c-2215-4b60-b449-361c22af1894,species,Plantae,"",Camellia trichoclada,1,t0040588,accepted
231d0572-8bf9-4ec0-9276-1f2e54da0982,species,Plantae,"",Camellia chrysantha,1,t0073015,accepted
25c7baa1-44df-44ea-8dd5-054be15d49bb,species,Plantae,"",Camellia lutchuensis,1,t0073017,accepted
2f1b518d-bf0d-4f00-9444-0d9f9e54ed26,species,Plantae,"",Gordonia axillaris,1,t0059078,not-accepted
0287b54e-c3ad-40cd-a127-edb1f26196e1,species,Plantae,"",Pyrenaria buisanensis,1,t0059140,not-accepted
60c3933a-6ea0-4816-a49d-74a9bf205f30,species,Plantae,"",Schima superba,1,t0055241,accepted
c7a64f99-37c1-4872-9218-165bd06f2d58,species,Plantae,"",Symplocos arisanensis,1,t0055494,accepted
9726ad34-b3d0-42de-968a-eab5de4d5212,species,Plantae,"",Symplocos chinensis,1,t0069497,accepted
02416c27-875c-43f6-8ef3-adb1021e4597,species,Plantae,"",Symplocos congesta,1,t0055496,accepted
29d4479a-733e-48ff-af2c-28e08c9fdcfc,species,Plantae,"",Symplocos eriostroma,1,t0055498,accepted
947f656f-c926-4ace-8504-d16ca47d479b,species,Plantae,"",Symplocos konishii,1,t0055502,accepted
c05ac05f-7a0c-417b-a207-1b94c06c7241,species,Plantae,"",Symplocos koshunensis,1,t0055503,accepted
bbd8aa99-0ae6-436f-8a77-a3daacb8a7dd,species,Plantae,"",Symplocos macrostroma,1,t0055505,accepted
96aa30ea-3d04-437e-84aa-9845c16a4c61,species,Plantae,"",Symplocos migoi,1,t0055504,accepted
b2bc4c42-adfa-410f-9bf2-9c2b9b795958,species,Plantae,"",Symplocos modesta,1,t0055507,accepted
b5c3a091-966c-488e-bed8-4458c947437d,species,Plantae,"",Symplocos morrisonicola,1,t0055508,accepted
5ef7d470-f0f8-4231-99db-025a06ed3872,species,Plantae,"",Symplocos nokoensis,1,t0055509,accepted
249538fe-d781-4d04-bcba-cd6a0d66f159,species,Plantae,"",Symplocos sasakii,1,t0055510,accepted
d83e4966-c69e-466d-a8bc-27838aa155d7,species,Plantae,"",Symplocos shilanensis,1,t0055512,accepted
cb9e3876-4462-43a8-bfe7-55ffa3d9d0f7,species,Plantae,"",Symplocos trichoclada,1,t0055515,accepted
44300027-9eb9-4eba-94e3-a3e0d3f2aca7,species,Plantae,"",Symplocos wikstroemiifolia,1,t0055516,accepted
2ea3b57f-530c-4a32-a197-7435a29d0c68,species,Plantae,"",Symplocos hualiensis,1,t0055499,not-accepted
0d5b2e37-6c1c-4b25-8a5a-eafe013359e8,species,Plantae,"",Symplocos pendula,1,t0058322,misapplied
28492608-1d73-454c-9b20-30f595be82fa,species,Plantae,"",Shortia rotundifolia,1,t0075901,accepted
9aa502fd-f739-4e69-9d6c-693857c1006e,species,Plantae,"",Styrax matsumurae,1,t0058312,not-accepted
256a9e87-fcfb-40b6-8aaf-662f6a60065a,species,Plantae,"",Styrax suberifolius,1,t0055481,not-accepted
90422238-15f0-42ed-876f-cdfb1a732b07,species,Plantae,"",Actinidia rufa,1,t0033594,accepted
8e81f9c6-f290-4a27-a946-74013a27a75d,species,Plantae,"",Saurauia tristyla,1,t0075750,accepted
fdb8b9e5-877b-47dc-a533-934d3b095411,species,Plantae,"",Chimaphila japonica,1,t0052970,accepted
f2d3fc45-89fc-448b-9705-2a9bccc89231,species,Plantae,"",Chimaphila monticola,1,t0052971,accepted
8f95d803-920b-48fe-8dfc-51ac08f96938,species,Plantae,"",Enkianthus perulatus,1,t0073831,accepted
1707ef04-3b6d-43dd-b1b2-211a367e4d66,species,Plantae,"",Enkianthus quinquefolius,1,t0057321,not-accepted
72d6bef5-9401-4c14-9549-6b3813cea43a,species,Plantae,"",Gaultheria cumingiana,1,t0053795,accepted
e538b1ea-d444-4781-9010-44ebfb737f8d,species,Plantae,"",Monotropa taiwaniana,1,t0054491,not-accepted
4f19cdad-71d0-4eaf-95d3-c8dd49c6adaa,species,Plantae,"",Monotropastrum humile,1,t0054492,not-accepted
6d3d13f0-e902-4d30-84c2-473e9417f5c4,species,Plantae,"",Monotropastrum macrocarpum,1,t0054493,not-accepted
8596b6dc-a8a6-4b16-b8ed-aec90c45d7d0,species,Plantae,"",Pieris taiwanensis,1,t0075281,accepted
f4150bb1-7d33-436a-9cf5-d3b5b0275c7a,species,Plantae,"",Pyrola japonica,1,t0055006,accepted
79fb5c99-8d61-484b-ba8e-395c0ed9d14e,species,Plantae,"",Pyrola morrisonensis,1,t0059142,accepted
05637a6b-8a20-4b70-a631-ccad2dd450b7,species,Plantae,"",Vaccinium bracteatum,1,t0055730,accepted
4ee34cf4-fb8c-46e0-87cf-deb86b87498d,species,Plantae,"",Vaccinium wrightii,1,t0069748,accepted
62253ace-fcee-4d50-a25e-7effa9bce057,species,Plantae,"",Rhododendron breviperulatum,1,t0055068,accepted
ec6f2d7e-977a-45ae-8d48-c7c1b5415507,species,Plantae,"",Rhododendron chilanshanense,1,t0055069,accepted
fc9d63be-13ff-44d6-8f09-e06c6a9bdc10,species,Plantae,"",Rhododendron farrerae,1,t0055070,accepted
d3dd62d7-358b-4606-b5e2-9f320191b86e,species,Plantae,"",Rhododendron kawakamii,1,t0055074,accepted
c1712c2d-11b4-4646-bcdf-295bdb7fe5c2,species,Plantae,"",Rhododendron latoucheae,1,t0055075,misapplied
09ab81ef-cd17-4e2d-a52a-87c11fa087d0,species,Plantae,"",Rhododendron oldhamii,1,t0055079,accepted
ac4db7d8-6fbe-49d6-a80d-1b0688d16b60,species,Plantae,"",Rhododendron indicum,1,t0100948,accepted
e1e7ef1a-9e91-4bdb-949a-991cf7187dca,species,Plantae,"",Rhododendron hortense,1,t0075640,accepted
371a267f-5d61-4ff6-80a1-bf41776633d3,species,Plantae,"",Rhododendron scabrum,1,t0075646,accepted
0fc8f92b-2f51-4e90-ac87-438e4bb8784f,species,Plantae,"",Rhododendron wiltonii,1,t0075647,accepted
72947332-48da-4d77-a2e8-8248741166ab,species,Plantae,"",Aucuba chinensis,1,t0052678,accepted
2cef9423-b48c-44c2-8441-740665a4ee29,species,Plantae,"",Aucuba japonica,1,t0052679,accepted
7301ae54-b9cb-4c44-b46f-6e24979a8f96,species,Plantae,"",Psychotria manillensis,1,t0054986,accepted
85c0eadb-4f97-4d5f-89a6-edad263fbc77,species,Plantae,"",Psychotria serpens,1,t0054988,accepted
7df46127-8c3a-40dc-bbb0-da66069db24f,species,Plantae,"",Galium echinocarpum,1,t0053748,accepted
2596524d-d7b0-43ec-a71a-edd8f2c5dd50,species,Plantae,"",Galium fukuyamae,1,t0053750,accepted
74fd569a-2919-407b-9977-be92f9cdb158,species,Plantae,"",Galium gracilens,1,t0057446,accepted
aa1d6433-4cfd-4e2e-ab57-ee2914adf095,species,Plantae,"",Galium morii,1,t0053751,accepted
1751579c-37b9-44e4-960f-78832a306883,species,Plantae,"",Galium nankotaizanum,1,t0053752,accepted
2872acbd-a14f-4ad8-b73d-17904007bceb,species,Plantae,"",Galium paradoxum,1,t0053753,accepted
87aeb49c-29b8-47bd-bffe-027d178216e1,species,Plantae,"",Galium taiwanense,1,t0053755,accepted
0e6c72e6-5626-4912-bd9f-b6edde78b793,species,Plantae,"",Galium tarokoense,1,t0053756,accepted
aba79f5f-1023-4356-b9e3-303a3bb6f51e,species,Plantae,"",Galium trifidum,1,t0053757,accepted
6776f1c7-fc3a-4ba2-baff-cfc47ce761ea,species,Plantae,"",Galium maborasense,1,t0053752,not-accepted
59fc719e-3a9e-4f43-97ee-ce2825d5edc8,species,Plantae,"",Ixora philippinensis,1,t0054107,accepted
0aec4b21-6026-4f68-b457-bae5f7db7826,species,Plantae,"",Ixora brachiata,1,t0074397,accepted
c0e82b60-4b92-4759-a8e8-52303a0ce7a9,species,Plantae,"",Ixora chinensis,1,t0054107,not-accepted
e99d557f-4c85-4548-86d5-f4f15380ba4f,species,Plantae,"",Ixora rugosula,1,t0074402,accepted
d7c28962-e474-4953-abe0-5fd17f4c75cb,species,Plantae,"",Pavetta indica,1,t0054729,accepted
9770df00-97ee-4279-a622-4b1556b5a7c0,species,Plantae,"",Hedyotis butensis,1,t0053904,accepted
7ae6b1ae-032f-4cc8-8011-5565c1e3192f,species,Plantae,"",Scleromitrion pinifolium,1,t0058228,accepted
c13e4165-ef6f-4e2e-8107-e6714b983ce1,species,Plantae,"",Leptopetalum strigulosum,1,t0099501,accepted
5f64df2c-73e6-4721-b4bd-fb4b1ee2fdb6,species,Plantae,"",Hedyotis uncinella,1,t0053905,accepted
53263d9f-85ef-4f71-b479-2e92df2c0ea2,species,Plantae,"",Scleromitrion verticillatum,1,t0058229,accepted
b1b8101a-08a8-4043-8bda-e0f59410f20c,species,Plantae,"",Oldenlandia corymbosa,1,t0054621,accepted
a3dbf6dc-1e37-4f4f-8f4d-a95730017e69,species,Plantae,"",Hedyotis kuraruensis,1,t0105499,accepted
a2b8064f-92f2-4da5-843d-23598aa762de,species,Plantae,"",Oldenlandia paniculatum,1,t0046114,not-accepted
b7b3e6f0-748b-4047-879b-44a63dd2bbd8,species,Plantae,"",Tarenna gracilipes,1,t0058343,accepted
b9054224-071f-4b9d-b56b-601fb85847a1,species,Plantae,"",Aidia cochinchinensis,1,t0059166,not-accepted
52ba56cb-5b7a-455b-b9d8-f83ba709a788,species,Plantae,"",Catunaregam spinosa,1,t0055029,not-accepted
bc9d90f1-7b8a-44d7-908f-1e8625003797,species,Plantae,"",Tarennoidea wallichii,1,t0055030,not-accepted
6f19516a-13f3-48a4-9acf-af5105274e1f,species,Plantae,"",Mussaenda pubescens,1,t0058585,accepted
b6b22483-d93b-4ae4-8b7c-dc3328ac55cb,species,Plantae,"",Mussaenda erythrophylla,1,t0074867,accepted
91816116-f96e-4a14-a65d-3757783c5b9b,species,Plantae,"",Mussaenda formosana,1,t0074868,not-accepted
25513dab-817d-4e83-abc4-c61aac0fca6f,species,Plantae,"",Borreria laevis,1,t0052744,accepted
821fbc96-4e2d-4d1e-bbe2-b53e9071dcd2,species,Plantae,"",Borreria latifolia,1,t0055420,not-accepted
5a4c2e7a-f427-46ac-8a9d-9a01084e79e5,species,Plantae,"",Borreria stricta,1,t0099427,accepted
fa759d08-4e4a-49a1-a1e4-bfc46a5e1770,species,Plantae,"",Cephalanthus tetrandrus,1,t0058749,accepted
02d6d2d9-5af4-41f7-96c4-e13c77c464a0,species,Plantae,"",Diodia teres,1,t0053397,accepted
7bfd500a-2bc8-49e6-bde6-1eda6a6801bc,species,Plantae,"",Diodia virginiana,1,t0053398,accepted
f1ebb7e4-3da9-4135-976c-460c40467028,species,Plantae,"",Hamelia patens,1,t0074220,accepted
5c3306d3-0cff-4b71-af05-8b249316b805,species,Plantae,"",Morinda citrifolia,1,t0054496,accepted
0a9f3f51-fbfe-4792-9b51-3a164d365c96,species,Plantae,"",Richardia scabra,1,t0055105,accepted
3b632de2-8349-472b-b8ab-d1cc49d0ca65,species,Plantae,"",Spermacoce assurgens,1,t0055419,not-accepted
e0a2061d-a6b2-4dd9-a680-b0623a9b0a40,species,Plantae,"",Spermacoce mauritiana,1,t0107088,accepted
e15cae1a-b205-4601-af65-e06ab20d9246,species,Plantae,"",Spermacoce pusilla,1,t0055423,accepted
e7f08f89-49a0-4031-8bae-7b352280ee3a,species,Plantae,"",Spermacoce verticillata,1,t0055424,accepted
1baf86c7-1335-4b33-9cd7-dfb1b406a195,species,Plantae,"",Spermacoce ocymifolia,1,t0055422,accepted
b1d38ddc-99a6-4f69-8d80-e9b36cba4047,species,Plantae,"",Coffea liberica,1,t0073377,accepted
ce3a7e81-386c-4866-b3fa-bdefacdd2302,species,Plantae,"",Cinchona calisaya,1,t0073247,accepted
9f924342-a050-437f-a995-56f84586b3a5,species,Plantae,"",Cinchona ledgeriana,1,t0073249,accepted
fc487dbc-253a-40dc-a3b4-490a886f9514,species,Plantae,"",Cinchona succirubra,1,t0053002,not-accepted
eb596fb6-b8a8-4aa5-a814-efdd0919a144,species,Plantae,"",Pentas lanceolata,1,t0054736,accepted
36a24b1b-8681-4366-871d-0f02f4de9f05,species,Plantae,"",Serissa serissoides,1,t0055316,not-accepted
e43f3c03-4b9a-4c37-a6c0-43173e9f43a9,species,Plantae,"",Rubia akane,1,t0075700,accepted
45b74990-f3a3-4642-991b-dbd3ff526ed3,species,Plantae,"",Rubia lanceolata,1,t0055130,accepted
3470c93d-5878-441b-a1b8-7db65da8827f,species,Plantae,"",Rubia linii,1,t0055131,accepted
37b4b841-eff4-4365-9d75-e80ce48fb995,species,Plantae,"",Damnacanthus angustifolius,1,t0053293,accepted
b31ac208-b9e9-4eb2-8d87-c72475d6296e,species,Plantae,"",Damnacanthus indicus,1,t0053294,accepted
077bf181-ed0d-46e1-a5ce-2824f80d553b,species,Plantae,"",Dentella repens,1,t0058936,accepted
1fdcfd80-79da-4662-b97c-957350acfb00,species,Plantae,"",Vangueria madagascariensis,1,t0049255,accepted
2bf04880-3bd5-40b1-98ea-0ab9500f97a2,species,Plantae,"",Lasianthus cyanocarpus,1,t0054176,accepted
22a76dcf-04f3-43eb-84f6-1e5e50ba185d,species,Plantae,"",Lasianthus microstachys,1,t0054178,accepted
b28c2f76-1e29-4fda-a65e-d8d28fa52424,species,Plantae,"",Lasianthus obliquinervis,1,t0074486,accepted
61e9ea71-9848-4300-abfc-90936780d5bf,species,Plantae,"",Lasianthus wallichii,1,t0054180,accepted
d72a03a5-bc2f-4ca5-bf3f-34d84e8f622d,species,Plantae,"",Lasianthus tawadae,1,t0054174,not-accepted
2ce0b74b-b512-401b-9c01-12269ddbee20,species,Plantae,"",Litosanthes biflora,1,t0058119,not-accepted
d73436ac-bb3b-4ac8-addc-249fa4a06446,species,Plantae,"",Mitracarpus hirtus,1,t0054480,accepted
28b01a68-d9ca-4926-8d91-bd55e30cadb8,species,Plantae,"",Neanotis formosana,1,t0058603,accepted
7fe805ff-07ea-4082-a399-4029d21099d1,species,Plantae,"",Neanotis hirsuta,1,t0058604,accepted
c305f556-0a52-41ff-8dfb-9868764f2d0e,species,Plantae,"",Nertera granadense,1,t0058626,not-accepted
bdb20e74-db18-427d-b848-3b4315379af2,species,Plantae,"",Nertera nigricarpa,1,t0054572,accepted
ee228a5b-e5aa-4b26-88ed-0313d63032fd,species,Plantae,"",Oldenlandiopsis callitrichoides,1,t0058650,accepted
dc2fa8d7-5388-48ed-8678-261ed4371bb5,species,Plantae,"",Ophiorrhiza kuroiwae,1,t0054630,accepted
85314f94-7b18-412b-80b5-6437fdfedc74,species,Plantae,"",Ophiorrhiza pumila,1,t0054631,accepted
9378ab2c-459c-49cd-9e05-b21aa77662a6,species,Plantae,"",Paederia cavaleriei,1,t0054674,accepted
1c80dcef-ed2e-4f05-9f64-207ba9eea72c,species,Plantae,"",Sherardia arvensis,1,t0055331,accepted
4bf67bdc-d55c-499d-8507-61c45a7fb445,species,Plantae,"",Sinoadina racemosa,1,t0058257,accepted
159b00ba-83bd-494c-81c7-c90ebfe9e65e,species,Plantae,"",Uncaria rhynchophylla,1,t0057465,accepted
566a7075-0102-423f-a703-5b4965eae319,species,Plantae,"",Wendlandia luzoniensis,1,t0049345,accepted
0822685e-4923-45a8-a5c1-4c2814e30875,species,Plantae,"",Wendlandia uvariifolia,1,t0049346,accepted
2d7b843d-4bf6-4f58-be42-e58261503d19,species,Plantae,"",Neolamarckia cadamba,1,t0132282,accepted
6954829a-dba1-4502-b20d-dc00cd5b742e,species,Plantae,"",Hoffmannia ghiesbreghtii,1,t0074298,accepted
2424ea4f-7777-45c7-8e90-dd326d0a3818,species,Plantae,"",Hoffmannia refulgens,1,t0074299,accepted
1de83587-8716-4c8a-b62f-02bc622aed59,species,Plantae,"",Gentiana horaimontana,1,t0053800,accepted
6700e792-158d-4470-8623-94e4d5927a58,species,Plantae,"",Gentiana scabrida,1,t0074102,accepted
d0659e0d-65da-49e2-9d26-e3dccce42607,species,Plantae,"",Gentiana tarokoensis,1,t0053804,accepted
f860da73-7cd5-4c39-a3f4-218c17b740e8,species,Plantae,"",Gentiana loureirii,1,t0106387,accepted
0cffbc9b-f3ac-4966-b0b2-10702273b12f,species,Plantae,"",Swertia arisanensis,1,t0055486,accepted
cce3dc69-9c44-4575-bd64-441c586a92aa,species,Plantae,"",Swertia macrosperma,1,t0058314,accepted
f700b111-82e5-4485-a929-8f368f0223b1,species,Plantae,"",Swertia shintenensis,1,t0055488,accepted
8f2d3a11-4565-4de2-a392-316d85d09ea5,species,Plantae,"",Swertia matsudae,1,t0055489,not-accepted
e5626bb5-08ff-4f57-864e-ad963cdaf2a5,species,Plantae,"",Centaurium pulchellum,1,t0073109,accepted
8083d41f-1314-4eb7-b2b5-7ba25dd1f892,species,Plantae,"",Eustoma grandiflorum,1,t0073939,not-accepted
3b5deb5b-fea6-4ebc-9bd4-c6eb7563b6de,species,Plantae,"",Fagraea ceilanica,1,t0053676,accepted
41af8a9b-26b3-4400-a7ec-269bc570249c,species,Plantae,"",Tripterospermum hualienense,1,t0055673,accepted
a3157203-f83e-4b5c-af02-bec908a32ec7,species,Plantae,"",Tripterospermum lilungshanense,1,t0069694,not-accepted
cd97fce6-b351-43a5-aa61-b30572a0d96f,species,Plantae,"",Tripterospermum luzonense,1,t0058454,accepted
87e9e38b-447b-4c4c-b9c8-a8f9fce81e82,species,Plantae,"",Tripterospermum microphyllum,1,t0055674,accepted
422841f7-1bb8-4de1-88d5-4a7a2ac1b190,species,Plantae,"",Gardneria multiflora,1,t0053767,accepted
7fe078e5-0583-49c0-b145-7b9356a73b01,species,Plantae,"",Geniostoma rupestre,1,t0057931,accepted
a62c03c3-0850-4050-b56b-747c648b5313,species,Plantae,"",Mitrasacme indica,1,t0054481,accepted
504fc43b-1813-4aa8-afb7-5a4c5adf544c,species,Plantae,"",Gelsemium elegans,1,t0074097,accepted
855546e2-4463-4a00-9c78-81c7325d4003,species,Plantae,"",Asclepias physocarpa,1,t0040284,accepted
e925c64d-a67b-46a6-9aa9-1a02c6a54a86,species,Plantae,"",Tabernaemontana divaricata,1,t0055535,misapplied
a68bdc1f-aa96-446a-9f04-79ad07732ff3,species,Plantae,"",Tabernaemontana pandacaqui,1,t0055535,accepted
c9c1b442-a74a-4420-b452-a40f560e2ded,species,Plantae,"",Tabernaemontana subglobosa,1,t0055536,accepted
c075fac6-657b-48c2-822e-84bcb2ab5ab3,species,Plantae,"",Cynanchum atratum,1,t0046066,not-accepted
20c53c43-3c8a-4fb9-b7d6-552609266acf,species,Plantae,"",Cynanchum boudieri,1,t0053241,accepted
ff25ecce-914d-4021-84e1-fee34d3d0852,species,Plantae,"",Cynanchum formosanum,1,t0053242,accepted
2864e938-d6c5-42dd-86cb-5aea29dadd8f,species,Plantae,"",Cynanchum lanhsuense,1,t0053243,accepted
fa23d740-252b-43f3-ab7e-243d4d111a0c,species,Plantae,"",Ceropegia woodii,1,t0073140,accepted
afb91edf-08b7-4d66-8025-ecafddaaddd0,species,Plantae,"",Hoya carnosa,1,t0074317,accepted
1053e7d5-2bb1-4a72-b8d4-8c1e9a0e590e,species,Plantae,"",Hoya bella,1,t0074316,accepted
c523b53e-2398-403f-b6b3-d4ab0f387d09,species,Plantae,"",Rauvolfia tetraphylla,1,t0055047,accepted
e2e3a44f-cb43-42e0-8366-9c6efaac5f12,species,Plantae,"",Rauvolfia verticillata,1,t0055048,accepted
d0432002-47eb-4919-bc88-b0d5cd2fa3d6,species,Plantae,"",Rauvolfia serpentina,1,t0075610,accepted
4ef35b5f-5760-4402-862d-c5b0f3b2c4ee,species,Plantae,"",Catharanthus roseus,1,t0058737,accepted
ec73f559-de44-4bc9-a581-c9484d2765a1,species,Plantae,"",Strophanthus dichotomus,1,t0076046,accepted
f0576241-63d4-44de-ba26-e40a6585f21e,species,Plantae,"",Nerium indicum,1,t0054571,not-accepted
1fd46efa-0bc7-4178-a228-fdef9c362837,species,Plantae,"",Trachelospermum gracilipes,1,t0055632,accepted
27d3ed36-cafa-4862-b9dc-d28a8840961a,species,Plantae,"",Trachelospermum jasminoides,1,t0055629,accepted
217b8078-978b-4faf-8638-c83138ab70ab,species,Plantae,"",Trachelospermum lanyuense,1,t0055631,accepted
6a66a575-1a24-4a3a-b159-da2d903f2dd3,species,Plantae,"",Trachelospermum kuraruense,1,t0055630,accepted
e50b73c2-59b9-4efc-b505-8258caddf16a,species,Plantae,"",Trachelospermum majus,1,t0103298,not-accepted
292c5751-6c5e-4b19-9c38-15ac353d3eaf,species,Plantae,"",Vinca major,1,t0069789,accepted
8f9db2e7-ccb2-46be-88e5-69bcd44fe02a,species,Plantae,"",Vinca rosea,1,t0058737,not-accepted
ef94618d-2459-4b56-8b23-855173d96dec,species,Plantae,"",Adenium obesum,1,t0060826,accepted
508b6168-814f-4077-8438-551c0f3694f3,species,Plantae,"",Alstonia scholaris,1,t0060916,accepted
d68ff420-7333-4a81-8468-00c9c5183773,species,Plantae,"",Alyxia sibuyanensis,1,t0052574,not-accepted
749bfc91-29fe-4ef9-873e-27de33837089,species,Plantae,"",Anodendron affine,1,t0040181,accepted
2d81b7aa-8a89-4132-8de4-7baba435af3e,species,Plantae,"",Anodendron benthamiana,1,t0040182,not-accepted
68a8ceb4-9578-41fd-8323-1a7397a0946a,species,Plantae,"",Carissa macrocarpa,1,t0058732,accepted
9f06cd4e-d96f-45d1-8ae2-dbb7c2344b92,species,Plantae,"",Carissa carandus,1,t0073047,accepted
59e80816-5789-4ac5-a6bd-ec843188655b,species,Plantae,"",Cascabela thevetia,1,t0058379,not-accepted
fd1f5c83-c293-45a8-afbf-a8716e4bab5b,species,Plantae,"",Cryptolepis sinensis,1,t0053191,accepted
ef6b923d-879c-4cdf-93a8-11d63da59dbb,species,Plantae,"",Dischidia formosana,1,t0053431,accepted
c286828d-eff9-4276-8ed4-78516e04e29e,species,Plantae,"",Dregea volubilis,1,t0073748,accepted
c849856e-203e-4a00-ab5f-0427453d51dc,species,Plantae,"",Urceola micrantha,1,t0057467,accepted
d8553cd2-8255-4a22-a007-5c86506c5bac,species,Plantae,"",Gymnema sylvestre,1,t0074187,accepted
3d19c23f-3913-4e38-b7ab-bbee95a8067d,species,Plantae,"",Heterostemma brownii,1,t0053927,accepted
f9f4e560-b6f6-4c3c-9c9c-2c3b5dd46a7c,species,Plantae,"",Jasminanthes mucronata,1,t0058101,accepted
5172e390-faaf-4f86-94a3-3965cdc15c36,species,Plantae,"",Parsonsia laevigata,1,t0054702,not-accepted
469c8b00-eb23-414c-8440-8cff2b7b2706,species,Plantae,"",Telosma pallida,1,t0055563,accepted
a157d875-36a4-4879-9f50-03795cf0808e,species,Plantae,"",Tylophora lui,1,t0046070,not-accepted
408fa5c3-356f-436b-859c-caf14f5d6341,species,Plantae,"",Tylophora oshimae,1,t0046071,not-accepted
e51ebc83-5026-446d-8429-c82a4aa0c926,species,Plantae,"",Tylophora ovata,1,t0046068,not-accepted
98d1fe54-9a9e-4bf8-961a-9f6c921e102e,species,Plantae,"",Tylophora sui,1,t0046072,not-accepted
a420e3c4-baf9-425f-b390-6f92bb26650c,species,Plantae,"",Tylophora taiwanensis,1,t0046073,not-accepted
83a05248-fc7b-48a2-9941-183733b99f01,species,Plantae,"",Tylophora brevipes,1,t0069718,not-accepted
852abab6-79dc-45c1-869e-f981fc963c94,species,Plantae,"",Tylophora insulana,1,t0046069,not-accepted
cd811bfa-8899-499b-90ff-61d08a3eea78,species,Plantae,"",Cryptostegia madagascariensis,1,t0073565,accepted
0a4e1867-f156-4c19-ae97-0b26da441dc6,species,Plantae,"",Huernia primulina,1,t0074318,accepted
ffa74c7d-1b55-4253-827d-fabb8ba3418c,species,Plantae,"",Stapelia gigantea,1,t0075976,accepted
2a287dab-b82d-428c-b581-494ca2bdb386,species,Plantae,"",Stapelia grandiflora,1,t0075977,accepted
e16f30f5-095b-4d49-9a2e-e05f495a319f,species,Plantae,"",Stapelia variegata,1,t0075979,accepted
a3982a7c-bc64-426c-93d6-1217aa135373,species,Plantae,"",Aganosma calycina,1,t0060865,accepted
1e33cc4b-b4f9-4438-810e-adefe9a96d0a,species,Plantae,"",Funtumia elastica,1,t0074068,accepted
a6872794-5c15-4305-a495-42bb55fdb7af,species,Plantae,"",Ochrosia acuminata,1,t0074978,accepted
82a4a5d9-bcbe-49e3-b379-5d613c39c723,species,Plantae,"",Pachypodium geayi,1,t0075052,accepted
39d245a6-e0b7-45ff-b9f7-14778f8d8770,species,Plantae,"",Thevetia thevetioides,1,t0069622,accepted
65f80397-56fd-4546-b016-b2be8303c393,species,Plantae,"",Myosotis arvensis,1,t0054520,accepted
61ee5996-fc50-4548-9d84-4ed0fad0212f,species,Plantae,"",Cynoglossum furcatum,1,t0053249,accepted
82a980af-1391-468c-9369-e09bcb59afd1,species,Plantae,"",Cynoglossum lanceolatum,1,t0053250,accepted
31834062-03e8-48da-9c0d-4691ce58e3b0,species,Plantae,"",Cynoglossum amabile,1,t0073608,accepted
25f04c9b-8b20-4218-a46a-1f9bbf5e5203,species,Plantae,"",Cynoglossum formosanum,1,t0053250,not-accepted
3adfe788-597d-4d9f-a884-acfb3a40e46b,species,Plantae,"",Symphytum officinale,1,t0055493,accepted
7a279b62-26ac-4d8e-a3e7-3944ae50d8f5,species,Plantae,"",Symphytum asperum,1,t0069494,accepted
ed8d5bf4-7516-46cf-a365-59d166346cdc,species,Plantae,"",Bothriospermum zeylanicum,1,t0040420,accepted
710f1405-ffd0-44a5-80fe-07db8cf48564,species,Plantae,"",Thyrocarpus sampsonii,1,t0055610,accepted
a971ffd1-52b8-4091-bdaf-ad8ba332b92d,species,Plantae,"",Trichodesma calycosum,1,t0055646,accepted
0b34e72a-9d90-4cc0-b540-8204898e9659,species,Plantae,"",Trichodesma indicum,1,t0069677,accepted
6e3a32e7-2bef-40b1-852b-13ecd65d51be,species,Plantae,"",Trichodesma zeylanicum,1,t0069678,accepted
ac0bf2d7-649a-42cb-a9ec-7e8e5de92505,species,Plantae,"",Trigonotis formosana,1,t0055663,accepted
6903e99c-f56d-411a-b083-f61800b3ee28,species,Plantae,"",Trigonotis peduncularis,1,t0069690,accepted
a97efe39-349f-40b2-bcb4-8cbeddbcfb0b,species,Plantae,"",Anchusa capensis,1,t0060955,accepted
0068f4fc-58e8-4028-aa38-632e1b582746,species,Plantae,"",Heliotropium formosanum,1,t0053913,not-accepted
becf74da-fd1e-4be1-893b-5130166b3f00,species,Plantae,"",Heliotropium indicum,1,t0053914,accepted
856bcce8-61a0-4556-bf95-371399ae9496,species,Plantae,"",Heliotropium procumbens,1,t0074255,not-accepted
e1621ea9-9808-482a-bebe-1f5017df25eb,species,Plantae,"",Heliotropium foertherianum,1,t0053912,accepted
0e0e71fd-6a15-4fae-8aa5-b4b8fd9b6715,species,Plantae,"",Heliotropium peruvianum,1,t0074254,accepted
8b940c75-9599-4ca4-bd5c-15494b511ad3,species,Plantae,"",Ehretia acuminata,1,t0053475,accepted
bbf64dc2-7dae-4339-b6f2-5951e5050cba,species,Plantae,"",Ehretia longiflora,1,t0053477,accepted
e3be1d31-c369-4e77-b6a5-debb78f6b160,species,Plantae,"",Ehretia microphylla,1,t0058733,accepted
0b1b6ec6-58f2-4ea5-956c-b61f5513855b,species,Plantae,"",Cordia aspera,1,t0073450,accepted
b7f9b06e-4b90-44f3-a14c-64d4b4af921b,species,Plantae,"",Cordia subcordata,1,t0053116,accepted
eeb1fc32-c2d0-4935-ae12-0cb20aa93c70,species,Plantae,"",Ipomoea carnea,1,t0074378,accepted
b0a8b87f-d8a1-4482-9d5c-8cd323cf2c35,species,Plantae,"",Ipomoea hederacea,1,t0054060,accepted
f0cbadf9-f503-43f7-a4d2-276f51225e90,species,Plantae,"",Ipomoea hederifolia,1,t0054061,accepted
03c15283-5265-4eaf-8c76-311e68061b29,species,Plantae,"",Ipomoea imperati,1,t0054062,accepted
c0df20b5-7650-4ffd-b1c0-6f1974ffcd41,species,Plantae,"",Ipomoea mauritiana,1,t0054066,accepted
0f219d23-4e3d-481f-b0ad-fd483ce8fdcc,species,Plantae,"",Ipomoea nil,1,t0054067,accepted
4bd6790f-aec4-4dee-8fd2-092296443419,species,Plantae,"",Ipomoea pes-tigridis,1,t0058076,accepted
9c8955a4-fcc2-45a2-bfef-02039a6a6427,species,Plantae,"",Ipomoea polymorpha,1,t0054070,accepted
525a0e77-0bcd-4555-bad5-fd6e6675f02f,species,Plantae,"",Ipomoea sumatrana,1,t0054073,accepted
23ac393c-bb3a-4234-a2e8-93b53c05f7d3,species,Plantae,"",Ipomoea triloba,1,t0054074,accepted
3f37fa64-5208-46ec-ab02-9230ab20a6be,species,Plantae,"",Ipomoea violacea,1,t0054075,accepted
fe5e5d35-cf5e-4cd0-9289-7fd2dfd03172,species,Plantae,"",Ipomoea leucantha,1,t0074379,accepted
67aa1ef8-61e0-4b01-86dd-a31ac87a1f3c,species,Plantae,"",Ipomoea reptans,1,t0054056,not-accepted
5c2ab542-d884-4211-898f-82a1ebc79b66,species,Plantae,"",Convolvulus parviflorus,1,t0058095,not-accepted
950ed0b9-2c5d-4eb9-80d2-778cae734849,species,Plantae,"",Cuscuta australis,1,t0053212,accepted
6d030601-227d-4a94-a329-1920b25946a2,species,Plantae,"",Cuscuta campestris,1,t0053213,accepted
98658599-6337-451c-b365-247696b89313,species,Plantae,"",Cuscuta japonica,1,t0053216,accepted
0c05ed72-7b4b-41c1-b7db-d33654c6e211,species,Plantae,"",Jacquemontia paniculata,1,t0058095,accepted
8c187a87-658f-4e81-827e-581d49e5e16b,species,Plantae,"",Jacquemontia polyantha,1,t0074413,accepted
89349235-5fd5-4b9e-a08c-d686707a9f81,species,Plantae,"",Jacquemontia tamnifolia,1,t0054111,accepted
82208138-1b48-4e92-a098-fa424dae42a0,species,Plantae,"",Calystegia soldanella,1,t0040578,accepted
ed753117-8ae2-4b9e-84cc-bef0d0cc628c,species,Plantae,"",Evolvulus nuttallianus,1,t0053669,accepted
c3b5ba9f-9645-4ac0-adef-e18bc8a1d91c,species,Plantae,"",Distimake cissoides,1,t0054445,accepted
128914b2-ab4d-401f-b6e1-5ee08be4c5b3,species,Plantae,"",Merremia gemella,1,t0074773,accepted
cede3f29-a15f-458b-b6a8-aaa2fc58a6a5,species,Plantae,"",Merremia hirta,1,t0058521,accepted
3ee0efbb-4b9d-4f94-a12e-8b4108382d95,species,Plantae,"",Distimake quinatus,1,t0057279,accepted
5cbd512e-4c2d-4cb4-9875-8e28f7f58cec,species,Plantae,"",Decalobanthus similis,1,t0054446,not-accepted
74bd9a28-5756-4e90-bfa0-6050fff75027,species,Plantae,"",Distimake tuberosus,1,t0054447,accepted
444afb10-6e8c-4eda-a609-8d9f3a8543bc,species,Plantae,"",Camonea vitifolia,1,t0040590,not-accepted
f955048e-cdcf-4aab-bb71-facf2a61cc6d,species,Plantae,"",Merremia aegyptia,1,t0057277,not-accepted
161e642a-dc86-4ee6-9795-3df238cb6e84,species,Plantae,"",Camonea umbellata,1,t0040589,not-accepted
2dab06e8-f572-4c64-9149-abbd152465b9,species,Plantae,"",Argyreia akoensis,1,t0052619,accepted
3a2e8ef8-aa8a-4ecd-bbfc-163d08005cea,species,Plantae,"",Argyreia nervosa,1,t0040245,accepted
9e1b615c-44be-41b8-a540-aa54198c5747,species,Plantae,"",Erycibe henryi,1,t0053598,accepted
82f01f04-0727-4b86-b2bb-69f77225231f,species,Plantae,"",Operculina turpethum,1,t0054623,accepted
412b59d8-4cf7-42f2-8f27-635f80359850,species,Plantae,"",Stictocardia tiliifolia,1,t0055467,accepted
3a154fa9-540e-4a92-bf1d-5b789a5c5727,species,Plantae,"",Xenostegia tridentata,1,t0057510,accepted
c835a8dc-e4b9-488e-a7e2-591e4b5acb86,species,Plantae,"",Solanum diphyllum,1,t0055382,accepted
2ec1ce30-e9bc-4e53-8ab7-0cd3ba588d28,species,Plantae,"",Solanum luzoniense,1,t0033499,not-accepted
0185e9c5-f889-4df4-b092-804f1b756ef8,species,Plantae,"",Solanum lyratum,1,t0055385,accepted
a316fcc8-9257-4f32-a989-6d1583599ac5,species,Plantae,"",Solanum muricatum,1,t0055388,accepted
b26a8c3f-f9ff-495a-aa69-a0ab2d55f7d3,species,Plantae,"",Solanum nigrum,1,t0055389,accepted
a845b4a9-c356-4c06-955d-c3645e738b75,species,Plantae,"",Solanum peikuoensis,1,t0033495,not-accepted
3325d53b-871c-4823-8b68-3888afbde04a,species,Plantae,"",Solanum pseudocapsicum,1,t0055391,accepted
2d7ffca3-8ffc-44de-a607-c634a6f456c7,species,Plantae,"",Solanum seaforthianum,1,t0033517,accepted
d8300144-7d53-414b-9bb8-fba8a279d174,species,Plantae,"",Solanum torvum,1,t0033497,accepted
8dae2fa8-848a-4504-b5e6-dce13349de31,species,Plantae,"",Solanum tuberosum,1,t0055394,accepted
753dd388-4470-404b-935f-2cc4c8d30da0,species,Plantae,"",Solanum undatum,1,t0033491,not-accepted
89465603-bdf3-469e-ba15-2af503d2794e,species,Plantae,"",Solanum biflorum,1,t0058473,not-accepted
88d8a274-f126-4eca-bbc2-ba2c1c7b8279,species,Plantae,"",Solanum integrifolium,1,t0075929,accepted
9b775637-6e15-4e44-8c67-cddcc17b17f5,species,Plantae,"",Solanum nitida,1,t0075930,accepted
f8efb029-784c-4016-b846-670a21a4203d,species,Plantae,"",Lycianthes lysimachioides,1,t0058474,accepted
94094241-8716-4a8c-a0bd-c775ddf631bb,species,Plantae,"",Cestrum elegans,1,t0073141,accepted
fbf0f247-15ec-43f7-a669-c2ddf50b983c,species,Plantae,"",Nicotiana alata,1,t0054586,accepted
0ba6fd46-d0b9-4f84-9ad2-1c7b6a503472,species,Plantae,"",Nicotiana plumbaginifolia,1,t0054588,accepted
0c960d37-a291-4425-b4dc-3d0306090626,species,Plantae,"",Physalis pubescens,1,t0054818,accepted
42167d36-1a2f-47ec-b83c-9f95359836a8,species,Plantae,"",Physalis alkekengi,1,t0125878,not-accepted
db646408-e267-4724-809c-c8e2fde51812,species,Plantae,"",Capsicum annuum,1,t0052799,accepted
eb8f505d-20f2-4ce5-abcd-cd435cfa8077,species,Plantae,"",Capsicum pubescens,1,t0073039,accepted
3861d62f-1ebd-4de3-b583-d48bb2593739,species,Plantae,"",Datura inoxia,1,t0053299,not-accepted
47668bc9-7c28-4a49-8580-3c0bc4fc44f1,species,Plantae,"",Datura metel,1,t0053300,accepted
b6f0bf3d-da40-4891-a879-66c78975d365,species,Plantae,"",Datura stramonium,1,t0053301,accepted
a113cb6b-0a3c-47bb-9623-b48202e91c40,species,Plantae,"",Datura meteloides,1,t0053299,not-accepted
a87f8279-2e3f-4c48-ae63-d04b57ff43c3,species,Plantae,"",Brugmansia suaveolens,1,t0040468,accepted
42d7aa95-0103-4bfb-9e4e-dc37b56975d3,species,Plantae,"",Nicandra physalodes,1,t0054585,accepted
42818777-638e-46dd-8a55-fa036065d33a,species,Plantae,"",Nierembergia caerulea,1,t0074940,accepted
4fe3dc60-1bd7-4005-a1d4-22a98729e808,species,Plantae,"",Nierembergia frutescens,1,t0074941,accepted
490b78ef-2dea-41cc-9721-3a120c5946b6,species,Plantae,"",Schizanthus pinnatus,1,t0075826,accepted
79b8fca7-ef8c-45c4-ad2a-c6a5e7fc9b03,species,Plantae,"",Jasminum angustifolium,1,t0074419,accepted
83723d7f-8a78-4b8b-96bb-5340affe3747,species,Plantae,"",Jasminum floridum,1,t0074420,accepted
e8f0c8b5-83d8-4fd5-965f-a34268edc54c,species,Plantae,"",Jasminum humile,1,t0074422,not-accepted
b284ac26-23a4-4af8-bf7a-701b34a72b08,species,Plantae,"",Jasminum multiflorum,1,t0074423,accepted
6891fa30-7104-4a07-ab16-242127131686,species,Plantae,"",Jasminum polyanthum,1,t0074426,accepted
9512e340-8127-4eaa-9056-9127c35cfafe,species,Plantae,"",Jasminum superfluum,1,t0054115,not-accepted
d197c6bf-5a3d-4288-9e63-91c6bcb95337,species,Plantae,"",Chionanthus coriaceus,1,t0073197,accepted
c36f259c-b8d4-4323-b527-a3dcda75a9e4,species,Plantae,"",Chionanthus retusus,1,t0052975,accepted
443d5233-e62c-4ab8-bfee-8c760931ac0d,species,Plantae,"",Ligustrum liukiuense,1,t0054229,accepted
aaaef563-f87c-4c6e-9d15-b124f3eca8de,species,Plantae,"",Ligustrum pricei,1,t0054232,accepted
866be615-4ac5-4f8e-b28c-23c41347073f,species,Plantae,"",Ligustrum kiyozumianum,1,t0074584,accepted
32970ebd-193d-4f65-b00c-70551886c866,species,Plantae,"",Ligustrum seisuiense,1,t0054232,not-accepted
1625407e-9f20-446f-8baa-b0b56a926589,species,Plantae,"",Syringa vulgaris,1,t0069506,accepted
5690aa77-a606-429c-928d-b95d7b6dcd82,species,Plantae,"",Olea europaea,1,t0074987,accepted
47726c1b-e173-4b50-8684-b4e53b95ad02,species,Plantae,"",Osmanthus enervius,1,t0054659,accepted
e6201e0d-e64e-4da2-8f9c-c785a9edcd71,species,Plantae,"",Osmanthus fragrans,1,t0054660,accepted
ad47a420-9f7a-405c-8ee2-6fdd33b591bb,species,Plantae,"",Osmanthus heterophyllus,1,t0054661,accepted
ce3cafdc-67e3-4df5-a871-805f4e785c96,species,Plantae,"",Osmanthus lanceolatus,1,t0054662,accepted
59f80e72-b3d8-4425-a588-7ca293197cae,species,Plantae,"",Osmanthus matsumuranus,1,t0054663,accepted
9b8c1855-b8a9-427b-ab45-97c0530f5470,species,Plantae,"",Osmanthus acutus,1,t0054661,not-accepted
b61f2e66-c6a8-4654-a8bc-7f15c603ec3f,species,Plantae,"",Osmanthus aurantiacus,1,t0075034,accepted
dd9434de-7fb8-4dfb-b8ed-ac86d6a105ac,species,Plantae,"",Osmanthus integrifolius,1,t0054661,not-accepted
8e0ee0a4-7663-47da-8bf0-0c08c512854a,species,Plantae,"",Fraxinus griffithii,1,t0053733,accepted
34f7a1c5-61dd-4a9b-b96e-cb69165a0f41,species,Plantae,"",Fraxinus insularis,1,t0053734,accepted
d31756a4-f27c-49bb-8779-fe0b68dd4ee5,species,Plantae,"",Fraxinus uhdei,1,t0074011,accepted
0917f536-2d6d-497f-9330-5b805a80041f,species,Plantae,"",Columnea purpurata,1,t0053095,accepted
ae6a7a1d-c98e-4b28-ad29-776406357f5b,species,Plantae,"",Columnea gloriosa,1,t0073425,accepted
2a6eba1c-dad6-4fb1-b56c-468afe0f6bfe,species,Plantae,"",Columnea microphylla,1,t0073427,accepted
ee6b843e-20d1-445f-a1d5-bc0fbb76fb21,species,Plantae,"",Streptocarpus saxorum,1,t0076040,accepted
cc1bbba2-6eff-4dfc-95b1-de2b149cdd84,species,Plantae,"",Saintpaulia ionantha,1,t0055192,accepted
aa302933-afb9-4da4-8518-58e50fb375f0,species,Plantae,"",Aeschynanthus acuminatus,1,t0052539,accepted
23627c21-a1cb-4718-9235-0b2eab4e41e6,species,Plantae,"",Aeschynanthus marmoratus,1,t0060860,accepted
1ab1df13-1bd1-4584-a5e7-7f50576b0c53,species,Plantae,"",Aeschynanthus pulcher,1,t0060861,accepted
8616b259-ea0c-4ad4-9cc3-71b388b86b8a,species,Plantae,"",Chirita anachoreta,1,t0052976,not-accepted
90544dbd-ed0c-4b7a-a017-58e7cab937dd,species,Plantae,"",Sinningia cardinalis,1,t0075917,accepted
65830d85-7716-4261-aa12-fd8fc34ef67c,species,Plantae,"",Conandron ramondioides,1,t0053102,accepted
585daeb3-dafb-4b3d-96c1-7b2bc7cecb3f,species,Plantae,"",Epithema taiwanensis,1,t0046144,not-accepted
ec237d7b-e6fa-4283-acc3-4856fc5bc7a1,species,Plantae,"",Paraboea swinhoei,1,t0075117,not-accepted
4b88d828-eea0-4439-9366-c34781171de0,species,Plantae,"",Rhynchotechum brevipedunculatum,1,t0055101,accepted
a1a1cb2d-2b92-41ca-8299-ab6afb4801fe,species,Plantae,"",Rhynchotechum discolor,1,t0059192,accepted
dd528321-a970-4168-a9af-e88b1ddebef8,species,Plantae,"",Rhynchotechum formosanum,1,t0055102,accepted
ec3e5a48-a087-4260-8076-a7fb1bba09d9,species,Plantae,"",Titanotrichum oldhamii,1,t0055619,accepted
bf5a0639-6c01-495e-a29f-dabc0a43411d,species,Plantae,"",Whytockia sasakii,1,t0057501,accepted
805885ad-fb5c-4d57-98b5-72b537c63c1c,species,Plantae,"",Didymocarpus anachoretus,1,t0052976,not-accepted
74681f49-3b1b-4834-a32b-e09894fb84f1,species,Plantae,"",Nautilocalyx lynchii,1,t0074888,accepted
471ac785-1c66-4862-840e-997f9ddd85c6,species,Plantae,"",Codonanthe crassifoloa,1,t0073360,accepted
eeb58aca-9f60-4136-b14e-4202ff1f251c,species,Plantae,"",Veronica didyma,1,t0049275,accepted
9646a267-8381-4721-878f-005fc3c05e3f,species,Plantae,"",Veronica hederifolia,1,t0049276,accepted
27f2afba-f40e-4077-9a02-eca2a3159c74,species,Plantae,"",Veronica linariifolia,1,t0049278,accepted
54849b41-62aa-4c7a-aec8-1b4ab6398a91,species,Plantae,"",Veronica peregrina,1,t0049281,accepted
18475421-8db1-4adc-b148-7bf0857b02af,species,Plantae,"",Veronica taiwanica,1,t0049283,accepted
d5233c36-63b3-45ec-a9e9-eff1442ef9ac,species,Plantae,"",Veronica undulata,1,t0049284,accepted
e4e708c7-b313-43ca-84ad-765d1cf15877,species,Plantae,"",Veronica galactites,1,t0049278,not-accepted
f74a6f73-ee76-4bf2-99de-2472909c5765,species,Plantae,"",Veronica tsugitakensis,1,t0124171,accepted
8e285882-f856-4c7b-8b70-697585ffe514,species,Plantae,"",Plantago asiatica,1,t0054863,accepted
3fe49a00-c79f-4362-9cd5-436f91458887,species,Plantae,"",Plantago macronipponica,1,t0075396,accepted
4fa0e05d-cf86-4aaa-b209-52d03d0ba29f,species,Plantae,"",Plantago virginica,1,t0054867,accepted
dc634564-b88f-41f7-aaaa-d82d46c12bf2,species,Plantae,"",Linaria vulgaris,1,t0054240,accepted
ce66322c-411e-4c38-9ecf-d2d6d6a14a20,species,Plantae,"",Antirrhinum majus,1,t0040201,accepted
02fe5464-caba-485b-b4b8-72fbe484a88e,species,Plantae,"",Limnophila aromatica,1,t0027056,accepted
865e172b-969b-4039-b8d6-5549eb6d5db6,species,Plantae,"",Limnophila aromaticoides,1,t0046082,accepted
1d8c9567-3652-4ea6-a19c-2a3ebb1e01ea,species,Plantae,"",Limnophila rugosa,1,t0046156,accepted
262047b8-8267-49bd-94fe-63003799d9f7,species,Plantae,"",Digitalis lutea,1,t0053378,accepted
2f35907c-5d24-4299-966f-c857ef25dc55,species,Plantae,"",Digitalis purpurea,1,t0053379,accepted
09cd934a-95fd-4ccf-a63b-c271a2078abd,species,Plantae,"",Bacopa carolineana,1,t0072771,not-accepted
88393210-4dcc-4d0a-a387-e6502d166a17,species,Plantae,"",Bacopa monnieri,1,t0052683,accepted
c0e906f3-559b-4fa0-8f32-9205fbf51ab7,species,Plantae,"",Callitriche peploides,1,t0033518,accepted
987d5b3e-e82e-49a1-853b-e41fa0cca9bc,species,Plantae,"",Veronicastrum kitamurae,1,t0069779,accepted
1d2ae3fa-e1e9-4e6d-9bbe-c898045f8abf,species,Plantae,"",Veronicastrum loshanense,1,t0049285,accepted
8ec5c0a7-475a-4958-9ebc-ae11a0a63b24,species,Plantae,"",Angelonia salicariifolia,1,t0052595,accepted
2ce692b2-19fb-4e16-a459-a3c02fc8cc5e,species,Plantae,"",Russelia equisetiformis,1,t0075708,accepted
84469c0f-56b8-4d18-8201-447c457f8a2f,species,Plantae,"",Russelia juncea,1,t0075709,accepted
33787c03-b6fb-429c-8909-d3e8e140c230,species,Plantae,"",Deinostema violaceum,1,t0073633,accepted
cd021989-fbff-4b35-9722-4282b8c1a864,species,Plantae,"",Dopatrium junceum,1,t0053440,accepted
44dbf943-0404-470e-8e0c-424368a6b7bf,species,Plantae,"",Buddleja asiatica,1,t0052755,accepted
61c98fa0-3785-4ef2-8e36-310251e1028c,species,Plantae,"",Buddleja curviflora,1,t0040491,accepted
75cc0782-51fb-4e13-bb44-398b6f15a279,species,Plantae,"",Buddleja lindleyana,1,t0072938,accepted
a2c13b6c-3561-4836-b949-c7d18dbecff8,species,Plantae,"",Myoporum bontioides,1,t0058586,accepted
e14bddb5-ba67-4b4b-9bf0-0074a1ff7fae,species,Plantae,"",Bonnaya antipoda,1,t0052743,accepted
bacf22a7-848e-498f-afb1-668a700d6129,species,Plantae,"",Bonnaya ciliata,1,t0040408,accepted
3a5d3c41-267a-4e35-a216-a9c818454685,species,Plantae,"",Legazpia polygonoides,1,t0058134,accepted
4d782174-8a3c-4677-a821-fd5860585c06,species,Plantae,"",Lindernia dubia,1,t0054247,accepted
2f177756-260a-4456-80aa-df6cd830b969,species,Plantae,"",Lindernia hyssopoides,1,t0074593,not-accepted
1b580974-56d0-4a03-849a-4cd9ebca2e69,species,Plantae,"",Lindernia mollis,1,t0102139,accepted
362c0023-ee1e-44b8-9a7d-ce6a8ae6f68f,species,Plantae,"",Lindernia procumbens,1,t0054251,accepted
80482df7-e9a6-4a28-bd5d-a5345d0881a5,species,Plantae,"",Lindernia pusilla,1,t0054252,not-accepted
eb4603a2-a778-43b5-82a1-a8167b55b5a0,species,Plantae,"",Lindernia kinmenensis,1,t0054249,not-accepted
64ed0eb6-0a63-4a05-9e78-17d5af60fcfe,species,Plantae,"",Lindernia oblonga,1,t0054250,accepted
79738ded-71a5-4a1e-8895-d3ce7f1d82e8,species,Plantae,"",Lindernia vitacea,1,t0074595,not-accepted
5d4d530a-f694-415f-977a-6cfb844de37a,species,Plantae,"",Micranthemum micranthemoides,1,t0054452,accepted
c17039fb-2af1-4549-94bd-edc8b5c34461,species,Plantae,"",Torenia benthamiana,1,t0055621,accepted
082f58cb-48c2-4f2f-a375-f59936824936,species,Plantae,"",Torenia concolor,1,t0055622,accepted
c0cdebfe-39db-4391-bbbb-37c96e1ca4f7,species,Plantae,"",Torenia flava,1,t0055623,accepted
f5f018d8-a6bb-4a17-bab1-73baa6237b5f,species,Plantae,"",Vandellia anagallis,1,t0058405,not-accepted
a49b7c69-4580-46e9-b7b3-99cbc57634de,species,Plantae,"",Vandellia viscosa,1,t0054254,not-accepted
cc790ab8-d7a9-47a9-8a20-e1ac3a01618e,species,Plantae,"",Sesamum indicum,1,t0055317,accepted
2d8c0bb9-6214-4f33-85f9-d2730476e57a,species,Plantae,"",Justicia brandegeeana,1,t0054133,accepted
ed33f8c0-9eb7-46de-b760-8fded54aa290,species,Plantae,"",Justicia quadrifaria,1,t0058104,accepted
18e9da6c-73e2-4e82-b8c9-a7966967b42b,species,Plantae,"",Justicia simplex,1,t0046173,misapplied
ba6c57c1-2807-4262-b6dc-a0c91f3a1a6b,species,Plantae,"",Barleria cristata,1,t0072794,accepted
a0a5f37e-6e4d-4874-81ab-f893f0bd92a1,species,Plantae,"",Strobilanthes cusia,1,t0058304,accepted
48f68881-e5f5-40c9-8778-8d20cb0d8bb5,species,Plantae,"",Strobilanthes lanyuensis,1,t0055473,accepted
33635e9f-9e41-4f87-9337-3120a25f9f14,species,Plantae,"",Strobilanthes penstemonoides,1,t0076044,accepted
835a828f-7589-4a06-9ce0-372332139510,species,Plantae,"",Strobilanthes rankanensis,1,t0055474,accepted
d65c7fd0-527d-4f21-8eb7-ddc315d6f052,species,Plantae,"",Strobilanthes wallichii,1,t0055475,accepted
63d5e89d-6d83-4c47-a79b-a599a3df4727,species,Plantae,"",Ruellia squarrosa,1,t0059213,accepted
7893210c-36c4-4bb4-bb01-e2fd6557265b,species,Plantae,"",Ruellia tuberosa,1,t0055165,accepted
732bfbf8-808a-4408-8572-ca045eed17c5,species,Plantae,"",Thunbergia alata,1,t0055607,accepted
d862189c-7761-4fe2-a064-f81052db2ea8,species,Plantae,"",Thunbergia affinis,1,t0069631,accepted
fe7d7d00-8b04-4d85-9476-8093a3bd398b,species,Plantae,"",Dicliptera chinensis,1,t0053371,accepted
07e4c6ef-f041-4c04-a5ed-f4a1ed48b8ac,species,Plantae,"",Avicennia marina,1,t0052682,accepted
fd7cb6be-2aa4-4980-914b-41b8d8d9334d,species,Plantae,"",Hygrophila difformis,1,t0074334,accepted
d56831c2-10c9-448e-986b-2457c33999a8,species,Plantae,"",Hygrophila pogonocalyx,1,t0053975,accepted
97633f87-c8f9-4c80-b850-f7737facde84,species,Plantae,"",Hygrophila salicifolia,1,t0074336,accepted
e721c21c-d765-4402-a32d-5ca18ed3f5e3,species,Plantae,"",Hygrophila stricta,1,t0053976,accepted
059316ca-d5f3-48ae-99ed-95ae608fe1e5,species,Plantae,"",Asystasia coromandeliana,1,t0099397,accepted
4f54d866-8abb-4886-9541-fdffe26cfed5,species,Plantae,"",Asystasiella neesiana,1,t0040306,not-accepted
f2d60528-0c95-493f-95f4-9fac54d1daa2,species,Plantae,"",Codonacanthus pauciflorus,1,t0058846,accepted
76eacc71-629f-4c95-b617-e60faed3e5e0,species,Plantae,"",Crossandra infundibuliformis,1,t0053157,accepted
163c5b89-6720-4bed-9fb5-488f957ef49a,species,Plantae,"",Crossandra nilotica,1,t0053158,accepted
27816fcd-c855-4576-bf8c-ad177a517531,species,Plantae,"",Hemigraphis primulifolia,1,t0074260,accepted
110d3589-1015-439d-8ddf-3286937be65c,species,Plantae,"",Hemigraphis repanda,1,t0074261,not-accepted
62e25100-dae4-4676-8a2d-ca1ab4e0538a,species,Plantae,"",Pseuderanthemum maculatum,1,t0133667,accepted
ecaf8979-ffd0-4101-b61f-c0462f0816ed,species,Plantae,"",Fittonia albivenis,1,t0073995,accepted
2218541b-27ae-4aa1-be97-db7fa24a7d40,species,Plantae,"",Pachystachys lutea,1,t0054672,accepted
dd5152f8-2fe0-485c-9a5c-28ae31b2f7a2,species,Plantae,"",Andrographis paniculata,1,t0060959,accepted
bca550f9-127d-4fe6-a036-c0c515343d5f,species,Plantae,"",Hypoestes cumingiana,1,t0053999,accepted
d754da40-4f57-45be-bdb0-9476b831c2d2,species,Plantae,"",Hypoestes sanguinolenta,1,t0074365,accepted
87b1c077-dd43-4934-8913-09189f6a6023,species,Plantae,"",Hypoestes phyllostachya,1,t0074364,accepted
5bfa8ca9-3f59-4a89-ad86-48301df9ddc9,species,Plantae,"",Lepidagathis inaequalis,1,t0054202,accepted
3b48c612-d7b4-4330-834a-3a91a764c126,species,Plantae,"",Lepidagathis stenophylla,1,t0054204,accepted
623fd95b-6e75-4ba7-bdc6-a6c6a0f92e51,species,Plantae,"",Peristrophe japonica,1,t0058717,accepted
adb9eade-89e9-4c73-9b5a-f5ef7234c8d6,species,Plantae,"",Staurogyne concinnula,1,t0046168,accepted
58fca844-5031-46b7-9e51-ffde79988863,species,Plantae,"",Adhatoda vasica,1,t0057321,not-accepted
c21f518f-e826-47c0-8245-29b0f3566d44,species,Plantae,"",Calliaspidia guttata,1,t0054133,not-accepted
9c4c1d5e-7e7c-40e1-bd75-3fccfecd301b,species,Plantae,"",Jacobinia aurantiaca,1,t0074409,accepted
945e3c53-a43f-48e1-8a5a-5aacf15391e1,species,Plantae,"",Jacobinia chrysostephana,1,t0074411,accepted
a4b4ee8d-5557-49bf-8e3a-963494291bcd,species,Plantae,"",Pseuderanthemum reticulatum,1,t0075495,accepted
e9a8bdea-3877-4166-b8d3-b3e85313bc14,species,Plantae,"",Rhinacanthus nasutus,1,t0055066,accepted
8234f6cb-35d9-4130-aefa-fd5f96bc1486,species,Plantae,"",Tabebuia chrysantha,1,t0069515,not-accepted
a0a02f4e-a35c-4eae-96f0-224c3ddf086e,species,Plantae,"",Tabebuia obtusifolia,1,t0069517,accepted
2af364bf-b1cc-4803-b1ad-95eb58f39209,species,Plantae,"",Bignonia magnifica,1,t0072859,accepted
d4cf4095-de68-4c5e-936d-23df31042d56,species,Plantae,"",Catalpa ovata,1,t0073075,accepted
ad5e2f0b-05ae-40e9-9b57-bf687ee7a161,species,Plantae,"",Campsis radicans,1,t0073020,accepted
e8b41636-cea3-431a-bd65-b5acbc185e51,species,Plantae,"",Kigelia pinnata,1,t0074451,accepted
f8370244-6618-4da4-a75d-26cbc3dc79f7,species,Plantae,"",Mansoa alliacea,1,t0054978,accepted
2d5794c9-731e-4d35-9f58-c38a6385ba20,species,Plantae,"",Parmentiera cereifera,1,t0075128,accepted
76c94fca-b87f-4824-a71a-c2d7ea65fe05,species,Plantae,"",Radermachera sinica,1,t0055027,accepted
404a87b2-e559-4e6f-9b69-07d0e0b76048,species,Plantae,"",Pandorea jasminoides,1,t0075077,accepted
9b1a0cda-86df-4361-8704-f30564ab4efa,species,Plantae,"",Saritaea magnifica,1,t0075747,accepted
7f9bea5d-2740-4f3b-bee3-1c5a520f8128,species,Plantae,"",Utricularia australis,1,t0055716,accepted
46dc2e17-9092-4930-96bc-747b29be810c,species,Plantae,"",Utricularia bifida,1,t0055717,accepted
f6d28130-d91c-48d8-a923-3bc4a6786455,species,Plantae,"",Utricularia caerulea,1,t0055718,accepted
07b80245-09fe-447f-b30a-804b75ae5962,species,Plantae,"",Utricularia gibba,1,t0055719,accepted
6009603f-9cf6-4eff-8650-a61c4cac1403,species,Plantae,"",Utricularia minor,1,t0055724,accepted
aca19cdd-36ae-4118-b3ff-e71ca6dfad51,species,Plantae,"",Utricularia striatula,1,t0055727,accepted
564670d8-c990-45c8-9ec2-1ff3d36060e4,species,Plantae,"",Utricularia smithiana,1,t0055726,accepted
617922bb-87ff-4066-bffe-e03d8dabadcb,species,Plantae,"",Utricularia vulgaris,1,t0099690,accepted
0208c4b8-7b23-4809-9a9f-ef8cad8b6e07,species,Plantae,"",Utricularia inflata,1,t0055722,accepted
18dbf1d9-677e-446b-934d-59d444acbc31,species,Plantae,"",Utricularia livida,1,t0055723,accepted
cfffa120-0ccd-4922-acf5-4fbca26db16f,species,Plantae,"",Verbena bonariensis,1,t0049262,accepted
e2eee4d6-3a7b-4cde-aefb-7392c203c74e,species,Plantae,"",Verbena incompta,1,t0049264,accepted
5b65a469-7312-4ff6-8b17-4573808b6cbe,species,Plantae,"",Verbena rigida,1,t0069776,accepted
93ec05c2-32af-465b-89c7-bc5afcc78c9e,species,Plantae,"",Lantana camara,1,t0054169,accepted
e39508a4-d0d6-4e7a-90ce-6b9844a5a9ac,species,Plantae,"",Lantana nivea,1,t0054169,misapplied
b6363c02-8532-42b4-ae50-974347e11ce1,species,Plantae,"",Lantana trifolia,1,t0074483,accepted
6c5fcc75-d656-47ea-bc9f-a087580adab1,species,Plantae,"",Stachytarpheta urticaefolia,1,t0055449,not-accepted
6e47dc38-4f09-4cb5-86e1-0b3e2aad1282,species,Plantae,"",Stachytarpheta dichotoma,1,t0055448,not-accepted
b12e4276-0de3-4a60-8dda-c027da3fd1d8,species,Plantae,"",Duranta erecta,1,t0053459,accepted
c84698e8-8fa3-4f2d-a0a3-315323a61d2a,species,Plantae,"",Phyla nodiflora,1,t0054796,accepted
db39733f-2b86-42b7-9cce-e710a19f6e33,species,Plantae,"",Gmelina chinensis,1,t0074132,accepted
b7b7dc6a-c92f-4f3a-bd63-cdb7547716d4,species,Plantae,"",Gmelina philippensis,1,t0074133,accepted
7bd782be-1d69-4313-b7e0-e44dbd041787,species,Plantae,"",Salvia arisanensis,1,t0055198,accepted
c7032ed3-4bec-4fca-8098-d765a7927664,species,Plantae,"",Salvia coccinea,1,t0055200,accepted
170c8800-ddd4-403e-98d0-1a488f6df600,species,Plantae,"",Salvia farinacea,1,t0055201,accepted
828982cf-e6f8-4eb0-97bf-33ecb2e54e2f,species,Plantae,"",Salvia hayatana,1,t0055203,not-accepted
ee891bab-3a48-4569-85dd-3d427973c3d0,species,Plantae,"",Salvia nipponica,1,t0075728,accepted
932b7063-2e02-44b3-ab25-eb1ba96ee92b,species,Plantae,"",Salvia occidentalis,1,t0055208,accepted
ef170186-1258-424b-a2a1-9dc8dd7e4664,species,Plantae,"",Salvia plebeia,1,t0055210,accepted
7fddb38f-ff1d-4010-ac52-86c41cf14097,species,Plantae,"",Salvia tashiroi,1,t0055213,accepted
61360c9a-5641-4a7a-b59b-44f5577cd3d5,species,Plantae,"",Salvia japonica,1,t0055204,accepted
33ccb3e4-6f0b-45ba-93a5-de6144c3c439,species,Plantae,"",Hyptis brevipes,1,t0054002,accepted
be89d815-7945-41ef-83b0-2b8401bbf257,species,Plantae,"",Hyptis rhomboides,1,t0054004,not-accepted
31b94735-a814-4cea-9d08-ab00cc7d8aef,species,Plantae,"",Hyptis spicigera,1,t0054005,accepted
35750364-34d9-4f13-a759-e004b65e412a,species,Plantae,"",Clerodendrum calamitosum,1,t0053061,accepted
969780b4-7375-4dba-9088-893c989246f3,species,Plantae,"",Clerodendrum canescens,1,t0053062,accepted
123df889-49d6-426b-a269-c39ae23adbed,species,Plantae,"",Clerodendrum chinense,1,t0053063,accepted
87ce0a72-440d-46ef-bc7c-be223b25243f,species,Plantae,"",Clerodendrum cyrtophyllum,1,t0053064,accepted
099d5970-d118-49d6-b08a-9d0c87cc1d13,species,Plantae,"",Clerodendrum inerme,1,t0053065,accepted
72b4d368-d616-4d60-8518-3f5a3c8141f3,species,Plantae,"",Clerodendrum ohwii,1,t0053066,not-accepted
e49fd235-f5e1-48fa-809e-1e5c6f2c41e7,species,Plantae,"",Clerodendrum thomsoniae,1,t0053067,accepted
9d1b98cf-5c38-4f0e-a1ad-7e0da5b9c648,species,Plantae,"",Clerodendrum intermedium,1,t0073297,misapplied
98405bb4-77f0-4d79-b607-80beb6f1a33c,species,Plantae,"",Clerodendrum quadriloculare,1,t0073298,accepted
daa8a3b6-87cd-48e4-a0c5-edfea19262e1,species,Plantae,"",Scutellaria hsiehii,1,t0055279,accepted
592621b4-e2d3-4205-9c30-e9b2adce50af,species,Plantae,"",Scutellaria taipeiensis,1,t0055278,not-accepted
539a6efa-375e-4656-b82c-79adc6b1a480,species,Plantae,"",Stachys arvensis,1,t0075974,accepted
fad6011c-470c-4835-bd32-e09d15b64ba5,species,Plantae,"",Nepeta japonica,1,t0124654,accepted
67351792-a824-4d9f-b257-2872d3556af4,species,Plantae,"",Vitex negundo,1,t0049330,accepted
1e3dfa90-4823-47a8-a3ad-ddbd08ed4202,species,Plantae,"",Vitex rotundifolia,1,t0049331,accepted
3349c570-88fe-493a-936a-9a83ae9be2d2,species,Plantae,"",Teucrium taiwanianum,1,t0055576,accepted
f8bdaf36-1086-4b64-b95f-9c3fa49b6c98,species,Plantae,"",Teucrium viscidum,1,t0055577,accepted
a74c4334-e19b-4025-9195-789e9c0ca1e9,species,Plantae,"",Premna hengchunensis,1,t0075482,accepted
fee2ccc5-6dbc-4307-aed7-7eb1790ad235,species,Plantae,"",Premna microphylla,1,t0054957,accepted
53259c39-f897-400f-9b4c-05f36671e30e,species,Plantae,"",Premna odorata,1,t0054959,accepted
c4c1a5a6-90a6-404b-8e05-feec1fb5d229,species,Plantae,"",Callicarpa formosana,1,t0072975,accepted
734258fd-e5d6-498c-acce-c48f0f6abccc,species,Plantae,"",Callicarpa hypoleucophylla,1,t0052772,accepted
39aef5a9-2a51-43ee-b3a6-a4361334aee3,species,Plantae,"",Callicarpa pilosissima,1,t0040557,accepted
bfa7a222-b178-4e58-a71b-391384866ca1,species,Plantae,"",Callicarpa randaiensis,1,t0052776,accepted
89d3ef96-abb5-45be-b2bc-11a5eab3cbdd,species,Plantae,"",Callicarpa remotiflora,1,t0052777,accepted
f4cce9b2-dc76-465b-bcc3-1af118ea3bd7,species,Plantae,"",Callicarpa remotiserrulata,1,t0052778,accepted
5625116e-104c-4aad-8b22-440f89b30c2a,species,Plantae,"",Callicarpa lanata,1,t0072976,accepted
d79647ae-48a8-43cc-98ba-970b72a884b8,species,Plantae,"",Callicarpa mollis,1,t0052775,accepted
4210e1ab-488a-4164-ba19-493b2aaae5ac,species,Plantae,"",Ajuga dictyocarpa,1,t0052549,accepted
75882970-ecd9-49ba-a290-037a0f88e8bf,species,Plantae,"",Ajuga taiwanensis,1,t0033664,accepted
408f0c1a-9628-408d-ae47-f8aabe50277c,species,Plantae,"",Ajuga bracteosa,1,t0033664,misapplied
27043765-6fe6-4891-bbd6-a4851626a55f,species,Plantae,"",Collinsonia macrobracteata,1,t0058850,accepted
e031c30d-8b36-4e9b-9db9-a02cda1fa32e,species,Plantae,"",Glechoma hederacea,1,t0074111,accepted
2359e217-e49a-4ae3-b607-7bda227cdb28,species,Plantae,"",Lamium amplexicaule,1,t0054165,accepted
87445216-e3ed-4077-b16c-831ec035883a,species,Plantae,"",Lamium chinense,1,t0074479,misapplied
12c51a82-27e4-42d0-85b4-b5470db216e6,species,Plantae,"",Leonurus japonicus,1,t0054200,accepted
5a487201-fe6f-44ce-9684-af58a4330492,species,Plantae,"",Leonurus sibiricus,1,t0054200,misapplied
c2632d8c-9b16-4cf4-8bcf-ad07f45835fa,species,Plantae,"",Mentha arvensis,1,t0054443,not-accepted
ddda0a8a-7a72-42af-86d7-aa5b16d5a419,species,Plantae,"",Ocimum basilicum,1,t0054610,accepted
80421bbf-f0e1-479e-b0f7-56cf2b9328c1,species,Plantae,"",Ocimum gratissimum,1,t0054611,accepted
797a2340-634a-419f-b137-57c0c64c5145,species,Plantae,"",Ocimum tenuiflorum,1,t0054612,not-accepted
1aa47216-7098-491e-98c9-3ff7d5419cc7,species,Plantae,"",Tectona philippinensis,1,t0069552,accepted
9b95b30b-6021-496f-935b-92cc6378366a,species,Plantae,"",Anisomeles indica,1,t0040171,accepted
bb6d47f2-2a63-43db-ba22-b3c8ead99aec,species,Plantae,"",Caryopteris incana,1,t0052876,accepted
f1f767d2-dd3c-46d2-9548-9fd67ca289c5,species,Plantae,"",Clinopodium chinense,1,t0053072,accepted
bcd37921-89ac-4c04-b5fc-06e1b61fef7a,species,Plantae,"",Coleus scutellarioides,1,t0053086,not-accepted
c3da1c73-4cf7-477a-a4ea-76d7ef30a4a9,species,Plantae,"",Gomphostemma formosana,1,t0053838,not-accepted
08e90687-dfc6-471a-a222-4bcdca69ea7a,species,Plantae,"",Melissa axillaris,1,t0058519,accepted
44254991-4f7a-430b-9967-a01233ef5fa8,species,Plantae,"",Mosla chinensis,1,t0054500,accepted
dd16a1b8-eedf-4953-8dda-bdf7d4304735,species,Plantae,"",Mosla formosana,1,t0054501,not-accepted
03912127-9b44-47a6-a28a-c4b242a4bd54,species,Plantae,"",Orthosiphon aristatus,1,t0075029,accepted
6683cc0c-40e5-45f2-9336-aefbd59ff5f6,species,Plantae,"",Paraphlomis javanica,1,t0058692,accepted
a0b784fe-cec3-4022-b2f1-f2d8c9b12d95,species,Plantae,"",Paraphlomis tomentoso-capitata,1,t0054696,accepted
0a42ffa9-b54e-495e-bded-55315b3249ef,species,Plantae,"",Paraphlomis gracilis,1,t0058691,not-accepted
5f8429db-ded9-411d-b304-6fdeaa2e983d,species,Plantae,"",Paraphlomis rugosa,1,t0058692,not-accepted
9f0544ab-9c59-4737-958a-b31c898d8145,species,Plantae,"",Platostoma hispidum,1,t0075398,accepted
6fd60199-7580-4878-a9f8-72778f1f2a4b,species,Plantae,"",Pogostemon auricularius,1,t0054904,not-accepted
b17541d3-7239-4a33-9d30-852ca521fb08,species,Plantae,"",Pogostemon cablin,1,t0054905,accepted
e77e2aac-34ed-40ab-8974-5e840e56344c,species,Plantae,"",Pogostemon stellatus,1,t0075432,accepted
e4b8eaa2-07c9-44ee-90bd-6185325cc17f,species,Plantae,"",Suzukia shikikunensis,1,t0055485,accepted
6a90e1e0-87d1-4673-97f6-2fe1f03438fe,species,Plantae,"",Mazus alpinus,1,t0054410,accepted
7eba9f1f-4ebf-462a-858b-7fcb794c3190,species,Plantae,"",Mazus tainanensis,1,t0054414,accepted
b75420dc-ea0e-487c-895e-d63bdacc97f7,species,Plantae,"",Mazus stachydifolius,1,t0074756,accepted
2f2ed304-4770-49b1-84da-d0ed9fd82bd0,species,Plantae,"",Mimulus tenellus,1,t0074823,not-accepted
ccb187f0-57f3-4e33-b19d-7e69d5ad3b68,species,Plantae,"",Phryma leptostachya,1,t0054794,accepted
f81d6e76-3a21-45ef-883e-2dd1d3c3880f,species,Plantae,"",Paulownia fortunei,1,t0054727,accepted
98514d5a-6e95-434a-ad9c-9f9eddfe1bc5,species,Plantae,"",Paulownia kawakamii,1,t0054728,accepted
73b7a928-b23d-4c8c-9002-4eeb4b7d9f1d,species,Plantae,"",Pedicularis verticillata,1,t0046101,misapplied
a02c140e-44d9-496a-bf00-47ddfd76c85e,species,Plantae,"",Pedicularis nanfutashanensis,1,t0058707,not-accepted
cb6b4948-a5f6-4074-84e6-12156f8e1cce,species,Plantae,"",Euphrasia nankotaizanensis,1,t0053649,accepted
aa90a2e7-7dd9-4238-8f3c-2357bd638447,species,Plantae,"",Euphrasia transmorrisonensis,1,t0073931,accepted
37edd280-adce-4c64-b909-6b050d3a43a2,species,Plantae,"",Euphrasia bilineata,1,t0073931,not-accepted
587cb16b-aef9-4969-b44c-9ab24463b425,species,Plantae,"",Euphrasia exilis,1,t0073931,not-accepted
d4235583-6c08-4629-aa85-8d9c8e435b53,species,Plantae,"",Euphrasia masamuneana,1,t0073931,not-accepted
aeb8240c-1d62-4cf8-b838-be6e79766be3,species,Plantae,"",Euphrasia matsudae,1,t0073931,not-accepted
480d4524-78ff-4731-b32c-cfebc43f7152,species,Plantae,"",Euphrasia pumilio,1,t0073931,not-accepted
bdd4f94e-f77b-4d0a-898e-adc6b37dd156,species,Plantae,"",Melampyrum roseum,1,t0054424,accepted
aeb9f9b8-4711-4a51-9377-d41fbebec550,species,Plantae,"",Lathraea purpurea,1,t0054181,accepted
8bb61ede-292c-4fc6-8086-e88919ad93b2,species,Plantae,"",Phtheirospermum japonicum,1,t0054795,accepted
9daf84eb-9c1d-472f-9425-c31d5fc89e7c,species,Plantae,"",Siphonostegia chinensis,1,t0055350,accepted
7ab96937-30b6-4a3d-9579-e0bd6fdb3d7a,species,Plantae,"",Gonocaryum calleryanum,1,t0053842,accepted
2273d8e5-62fd-48e5-8faa-f913572a0cb1,species,Plantae,"",Helwingia japonica,1,t0100277,accepted
1f0336c4-980f-4341-ac62-2a1291022b9a,species,Plantae,"",Ilex bioritsensis,1,t0054010,accepted
5b698c0d-3002-491b-92c2-2a7fc550bdc9,species,Plantae,"",Ilex cochinchinensis,1,t0054011,accepted
6f51ba6b-f018-41bd-83da-639cbaef99ce,species,Plantae,"",Ilex crenata,1,t0054012,accepted
d7febde2-b665-45a7-80fc-8d6ca65d1dd2,species,Plantae,"",Ilex ficoidea,1,t0054013,accepted
2470b3b6-39db-4471-a1d3-c6be3112c36f,species,Plantae,"",Ilex formosana,1,t0054014,accepted
c90255e7-bebe-4e32-8fb8-72d28b1bf889,species,Plantae,"",Ilex goshiensis,1,t0054015,accepted
1a3f4c55-ffdd-4dd9-82aa-3aca5e04974f,species,Plantae,"",Ilex hayataiana,1,t0054016,accepted
6cdbd64a-fb8a-4964-803c-145ce34d4023,species,Plantae,"",Ilex integra,1,t0054017,accepted
98d85459-e589-40bd-9055-e307e483d5ba,species,Plantae,"",Ilex kusanoi,1,t0054018,accepted
2db26f97-a2ef-4df4-8642-ee27fb0a324f,species,Plantae,"",Ilex maximowicziana,1,t0054020,accepted
ee553d8e-009f-41a5-9b52-07ba918c7ac4,species,Plantae,"",Ilex pedunculosa,1,t0054022,accepted
311e2eac-2c5a-4281-aee2-1ca3301fc572,species,Plantae,"",Ilex rotunda,1,t0054025,accepted
027f17ad-7a64-4a1e-ba76-1789e13e714b,species,Plantae,"",Ilex sugerokii,1,t0074373,accepted
b04b2f3f-d15b-46f9-8ec8-20a8fa901722,species,Plantae,"",Ilex uraiensis,1,t0054028,accepted
caa9d446-346b-4d67-b6e3-7df5b2619742,species,Plantae,"",Ilex latifolia,1,t0074371,accepted
2c1c45b3-2b98-4c03-aebd-036a133bc23d,species,Plantae,"",Ilex aquifolium,1,t0074370,accepted
c8aaeba0-ff0c-4832-b0ad-86d64f1482e9,species,Plantae,"",Lobelia chinensis,1,t0054303,accepted
f1db33bf-c3d6-431d-a0c9-22797bbf7df8,species,Plantae,"",Lobelia nummularia,1,t0054307,accepted
db971fbb-8b2d-4c5f-a56a-e8051dbea4c3,species,Plantae,"",Lobelia seguinii,1,t0054308,accepted
1882d71b-0206-4800-8c1d-c2b7f191063f,species,Plantae,"",Lobelia zeylanica,1,t0054310,accepted
652b4888-c511-41c2-8aab-cb79e81cd2f0,species,Plantae,"",Campanula dimorphantha,1,t0040591,accepted
243e89e6-cc16-48ef-9b71-71db3597f750,species,Plantae,"",Campanula medium,1,t0040592,accepted
ab194c85-6d98-4181-9440-43509e5be70f,species,Plantae,"",Wahlenbergia marginata,1,t0049342,accepted
aaf14dcd-dfc1-4622-97b2-18bc10e40ce3,species,Plantae,"",Adenophora morrisonensis,1,t0060828,accepted
3af6a4e9-a417-4b78-9b54-3c0382c7cdee,species,Plantae,"",Codonopsis convolvulacea,1,t0133679,not-accepted
23c4260f-483a-4fe9-916c-3b2c13451819,species,Plantae,"",Codonopsis pilosula,1,t0128326,accepted
503d6e4e-d3b3-4e4c-add3-2010ccf52828,species,Plantae,"",Cyclocodon lancifolius,1,t0053223,accepted
298a2a89-5c4d-48ec-8f42-a7f254330401,species,Plantae,"",Stylidium tenellum,1,t0055479,accepted
733c0d17-6940-4773-a0ee-e93e35333ab1,species,Plantae,"",Nymphoides coreana,1,t0033519,accepted
3c4355c4-3fa7-4ac8-980d-fa1ea0baa2ff,species,Plantae,"",Nymphoides hydrophylla,1,t0054598,accepted
14b66037-d797-48d5-8ff3-e8cbe07aea6f,species,Plantae,"",Nymphoides lungtanensis,1,t0054600,accepted
7d0de135-32e7-4688-989b-7e70d04e065c,species,Plantae,"",Nymphoides cristata,1,t0054598,not-accepted
6bee055b-2582-4e1a-9ab7-acc9a7f1e3b5,species,Plantae,"",Calogyne chinensis,1,t0052785,not-accepted
62d5fbaa-afb8-4e6a-a541-d0bc90d77c75,species,Plantae,"",Senecio cruentus,1,t0075885,accepted
25800bf5-efa3-4866-b5c7-a590d9170ce4,species,Plantae,"",Senecio inaequidens,1,t0055309,accepted
d2e388f3-d4cd-4863-b0c7-50a78eabc7c2,species,Plantae,"",Senecio kuanshanensis,1,t0055310,accepted
a310d1a3-d975-42b7-a159-68411a2d80d8,species,Plantae,"",Senecio scandens,1,t0075890,accepted
3c149c33-11c2-4a7e-86a7-867912cb5142,species,Plantae,"",Senecio articulatus,1,t0075882,accepted
f14c45d0-8fde-4370-9df9-a0e5838234a1,species,Plantae,"",Senecio campestris,1,t0100421,accepted
0f735590-56b3-4083-a6cb-390270635017,species,Plantae,"",Senecio radicans,1,t0075888,accepted
6eb6899b-e4d7-40ff-8566-a119d85f0e0b,species,Plantae,"",Senecio stapeliaeformis,1,t0075891,accepted
5f5fc578-2d41-438b-9d7b-53152b9f641c,species,Plantae,"",Vernonia patula,1,t0049273,accepted
a2d7ec1f-9e6f-412d-a137-5bb333924081,species,Plantae,"",Vernonia andersonii,1,t0049271,misapplied
3ee986e1-e6cd-469e-97be-7a42e76176df,species,Plantae,"",Eupatorium chinense,1,t0073920,accepted
96e29c45-1b9d-47fe-9b76-e8bf526247a8,species,Plantae,"",Eupatorium formosanum,1,t0053634,accepted
30148d82-e6de-4da3-952e-3289e2559994,species,Plantae,"",Eupatorium kiirunense,1,t0073922,accepted
41eb728a-ae65-4de0-b42b-b9ef5b9c990f,species,Plantae,"",Eupatorium shimadae,1,t0057345,not-accepted
fbaca012-c6b6-4790-b20a-5d05ede53087,species,Plantae,"",Eupatorium luchuense,1,t0053635,misapplied
4974d163-2675-44de-a2bb-18cf90e27c51,species,Plantae,"",Centaurea cyanus,1,t0073107,accepted
2bf6d78e-e454-4fbd-ab74-e8c9106fccd5,species,Plantae,"",Artemisia morrisonensis,1,t0040263,accepted
7fd8cbf6-4128-4215-989f-4bcfc328f693,species,Plantae,"",Artemisia oligocarpa,1,t0052633,accepted
62c20065-6f2c-4e16-b850-07c5f1957020,species,Plantae,"",Artemisia somae,1,t0061052,not-accepted
6a376567-2ac4-47bd-9117-5a84a26981d9,species,Plantae,"",Artemisia absinthium,1,t0061048,accepted
b90a4b41-4c5e-4bc6-97e6-b39ed3b00e28,species,Plantae,"",Artemisia cina,1,t0061049,accepted
061f76d3-e871-4fa6-8b95-e922c3f2c972,species,Plantae,"",Hieracium morii,1,t0053939,accepted
cf0c5ef7-1533-4d17-a59e-1505b9cf7f05,species,Plantae,"",Hieracium pinanense,1,t0053939,not-accepted
357b3dad-fdde-489c-b615-84d20c69eb98,species,Plantae,"",Helichrysum bracteatum,1,t0053907,not-accepted
fa3cb532-0a3a-4d95-9abf-e50fefc27c80,species,Plantae,"",Mikania cordata,1,t0058549,accepted
cc3e9c9d-04ae-4ecf-b5cd-8d31dca04ff0,species,Plantae,"",Saussurea deltoidea,1,t0058201,accepted
48b39de3-b132-40a8-9f0d-92b0c0683e6d,species,Plantae,"",Saussurea glandulosa,1,t0055231,accepted
822054d0-10ef-467d-ae15-29a9f7a82f0f,species,Plantae,"",Saussurea kiraisanensis,1,t0055234,not-accepted
d12069c2-d6f0-4134-ae16-ff69f31836d6,species,Plantae,"",Cirsium arisanense,1,t0053016,accepted
bdb93167-32b5-49b3-bacc-58ad348f3387,species,Plantae,"",Cirsium ferum,1,t0053018,accepted
73732bce-00aa-488a-8058-efd6cecd5bb5,species,Plantae,"",Cirsium kawakamii,1,t0053021,accepted
e59e89e3-f28c-4d63-b218-e135f732e548,species,Plantae,"",Cirsium morii,1,t0053023,accepted
4ee2a291-92a0-4d53-a35b-847fc13be52a,species,Plantae,"",Cirsium albescens,1,t0124339,not-accepted
c734219a-512f-48ad-85cf-9c21718a397d,species,Plantae,"",Cirsium formosanum,1,t0087365,not-accepted
a5680b2e-2235-4076-940f-093e215d2d88,species,Plantae,"",Bidens bipinnata,1,t0040375,accepted
0d8b7439-ff1e-4d67-a5c5-dc2d2e271f18,species,Plantae,"",Bidens tripartita,1,t0040378,accepted
bde70796-866d-4391-818e-41ffa2ef7665,species,Plantae,"",Aster ageratoides,1,t0040294,accepted
91b6921a-0e74-44a3-9a28-e609a61b2a24,species,Plantae,"",Aster altaicus,1,t0052656,accepted
529410dc-1343-4fa9-8d24-7de5ac72df3b,species,Plantae,"",Aster hispidus,1,t0040296,accepted
554b4c9e-1c2b-414b-9951-945f4d2b41e1,species,Plantae,"",Aster indicus,1,t0052659,accepted
1af2172d-c525-4109-8cf9-7333cb2408f0,species,Plantae,"",Aster lasiocladus,1,t0052661,accepted
aecb085e-e0ae-43fa-b867-abc6decd6a77,species,Plantae,"",Aster oldhamii,1,t0052663,accepted
3af21e78-e600-4756-92a2-f309879ef8a8,species,Plantae,"",Aster ovalifolius,1,t0052664,accepted
22ba5c1a-3397-4539-8746-4e687b1fca77,species,Plantae,"",Aster shimadae,1,t0061066,not-accepted
52c69e71-60c2-4809-abec-141d97dc2480,species,Plantae,"",Aster subulatus,1,t0052666,accepted
e392b121-5dc2-4c07-a920-0901649a2424,species,Plantae,"",Aster laurureanus,1,t0040298,not-accepted
9f7f6ec8-b204-4d3c-bb86-cf600e747984,species,Plantae,"",Aster tataricus,1,t0061069,accepted
1b9c6fcb-2c49-45d5-ac58-d4b99cea71c2,species,Plantae,"",Gnaphalium calviceps,1,t0053831,accepted
0091cc54-32fd-4dc7-ac03-13e4b04878ca,species,Plantae,"",Gnaphalium hypoleucum,1,t0074134,accepted
ae3837e2-b4b0-4883-a381-1c1549d44dee,species,Plantae,"",Gnaphalium luteoalbum,1,t0074136,accepted
beff4a3a-0b9a-42b1-a28a-83fe181876f9,species,Plantae,"",Gnaphalium polycaulon,1,t0053834,accepted
22549d83-522b-4e00-b0dd-8c58128ba966,species,Plantae,"",Solidago altissima,1,t0033520,accepted
2fc1d04b-2d7e-4841-9b51-7cdb634e67c2,species,Plantae,"",Solidago virgaurea,1,t0100454,accepted
6a747e4c-0b1e-4cac-a463-81b4d02ed6f6,species,Plantae,"",Solidago canadensis,1,t0100453,accepted
4e773b73-e9db-4dd9-af7f-4bfe44528271,species,Plantae,"",Solidago decurrens,1,t0055397,accepted
e28e6600-ce92-413d-bc4c-181ce90c55f4,species,Plantae,"",Acmella oleracea,1,t0033579,accepted
4843652c-3c7c-4c66-99b0-cf6859d9426d,species,Plantae,"",Acmella paniculata,1,t0033580,accepted
ed68c24f-1590-43dd-9b6c-f3059a9f214b,species,Plantae,"",Ageratina adenophora,1,t0033638,accepted
1423041c-536c-4172-9a5d-d0e9b101ff2c,species,Plantae,"",Ambrosia artemisiifolia,1,t0040142,accepted
43c6b016-1a79-416a-bc80-f0eaf28051af,species,Plantae,"",Ambrosia psilostachya,1,t0040143,accepted
7077a8e6-3f8f-41f4-885b-fbd856ae7f68,species,Plantae,"",Ambrosia trifida,1,t0052581,accepted
74585e57-7c0a-4fe6-bb02-11b651e195ed,species,Plantae,"",Ambrosia scoparia,1,t0060928,not-accepted
e2444289-67bd-44b5-9a6c-82f54ce37d96,species,Plantae,"",Erigeron bonariensis,1,t0053106,not-accepted
afc1f6d0-2ff3-4f40-8e97-c86b7d1f64fc,species,Plantae,"",Erigeron canadensis,1,t0053107,not-accepted
6fccdaea-2563-4a41-8ff4-8921ba703aa2,species,Plantae,"",Eschenbachia japonica,1,t0053109,not-accepted
35a817d3-681f-4742-b676-6330942d28cf,species,Plantae,"",Erigeron sumatrensis,1,t0073443,not-accepted
7ba975a5-437b-4dc8-987e-095a542f6d9b,species,Plantae,"",Coreopsis tinctoria,1,t0053118,accepted
527e0b84-15a8-4245-a919-27258bb1f811,species,Plantae,"",Coreopsis basalis,1,t0073452,accepted
880d61c3-27e0-450a-8c10-3eb871a48de9,species,Plantae,"",Coreopsis drummondii,1,t0073453,accepted
667c171a-ffd4-4cdf-9128-b00d96c99a0d,species,Plantae,"",Elephantopus mollis,1,t0053516,accepted
a668dc66-eec0-4214-a151-b7227b082e10,species,Plantae,"",Erigeron thunbergii,1,t0129596,accepted
34d7ffb5-f08e-47d6-b7ac-69aa18561738,species,Plantae,"",Gaillardia aristata,1,t0074073,accepted
f46e708d-8433-47a5-8d00-7601e7f59593,species,Plantae,"",Helenium tenuifolium,1,t0074248,accepted
090c8763-dcdb-4bb2-9f6e-33aaed66ba9b,species,Plantae,"",Helianthus annuus,1,t0053906,accepted
30e0d224-fa35-40d4-8a3e-cd3c5a0cced1,species,Plantae,"",Helianthus cucumerifolius,1,t0057989,not-accepted
ca8983b9-c4d1-4fcb-87af-fbb06fab7593,species,Plantae,"",Helianthus tuberosus,1,t0074250,accepted
e6d0d71d-e09d-46bf-ac9e-a8e0540c86bd,species,Plantae,"",Lactuca sativa,1,t0074475,accepted
a1f42f38-e69e-4150-b66c-3c02e29870bd,species,Plantae,"",Lactuca debilis,1,t0054101,not-accepted
b759983b-1957-4779-a1de-67ab29bd6c88,species,Plantae,"",Lactuca dentata,1,t0054155,accepted
5fa47a1e-e70e-4352-8b9d-b5a5aeca3de0,species,Plantae,"",Pluchea carolinensis,1,t0059047,accepted
2ebd4be0-45ff-4321-996e-b2782d0895bd,species,Plantae,"",Pluchea pteropoda,1,t0054884,accepted
289b2dbd-7df4-422a-bbda-50ebc3ddf086,species,Plantae,"",Rudbeckia laciniata,1,t0075705,accepted
b22a3f02-b125-4287-9501-97eddb6781a1,species,Plantae,"",Taraxacum formosanum,1,t0055553,accepted
f2bd118d-f138-4bc3-88a6-eae366249375,species,Plantae,"",Taraxacum officinale,1,t0055554,accepted
4b655440-b54d-4c82-b87f-a39ec755892f,species,Plantae,"",Cichorium endivia,1,t0053001,not-accepted
0557ea57-ff5f-4b60-a8ab-c30407db449a,species,Plantae,"",Dendranthema indicum,1,t0053310,accepted
3ead31bc-68c1-4d0a-bf7f-8b3adb4653ce,species,Plantae,"",Dendranthema morii,1,t0053311,accepted
0dea0f1f-3990-4cdb-99d3-e2f9d18fb744,species,Plantae,"",Tagetes minuta,1,t0055542,accepted
8f5082b5-1bb0-4b91-ba3a-c37943ccf08e,species,Plantae,"",Tagetes patula,1,t0055543,accepted
2a14e1de-3ddf-45f0-a40b-5ee0c582a6b9,species,Plantae,"",Tagetes signata,1,t0069525,accepted
f89a3a87-4cc3-4075-8fcd-29166096630d,species,Plantae,"",Tagetes tenuifolia,1,t0055541,not-accepted
61fcbcef-3af1-4f25-9313-5992e7312d1a,species,Plantae,"",Zinnia angustifolia,1,t0049398,accepted
e4646d18-1d38-44a4-a72a-41334048983c,species,Plantae,"",Ageratum houstonianum,1,t0033641,accepted
97beaa75-0762-4a95-8025-83aff59929ef,species,Plantae,"",Ainsliaea fragrans,1,t0033660,accepted
a06cac8d-827d-4eb0-b752-3fe2eccd2ab2,species,Plantae,"",Ainsliaea macroclinidioides,1,t0033662,accepted
6ddaa3b3-83e3-43f6-8a49-ffc87732b319,species,Plantae,"",Anaphalis horaimontana,1,t0052592,accepted
b019afca-547e-49fd-ae34-4a58cc6043e8,species,Plantae,"",Anaphalis morrisonicola,1,t0040158,accepted
c3d413e3-2b34-4bb4-9768-893cb62e39e5,species,Plantae,"",Anaphalis royleana,1,t0040160,accepted
a8bb584b-1db7-4e46-ba9c-8be15e643da4,species,Plantae,"",Anaphalis margaritacea,1,t0099329,accepted
309980bd-5224-49c4-97e9-d3c0a399291b,species,Plantae,"",Arctium lappa,1,t0040227,accepted
f196c820-7472-42ce-887c-cd14d211cd91,species,Plantae,"",Austroeupatorium inulifolium,1,t0040316,accepted
aabe95a5-516c-4cf2-9eb0-b6f988f49a62,species,Plantae,"",Blumea formosana,1,t0052730,accepted
9c34a6f6-79d6-4a3d-97fd-10ef33ff7c14,species,Plantae,"",Blumea lacera,1,t0040390,accepted
b49c8ce2-3860-40a1-9994-57206a36a836,species,Plantae,"",Blumea laciniata,1,t0040391,accepted
9cf0dbc1-f1ad-4c19-9e90-5fff3645c0d5,species,Plantae,"",Blumea lanceolaria,1,t0040392,accepted
3f72ddff-fa16-4772-a04f-a5cc5cac9ff6,species,Plantae,"",Blumea riparia,1,t0099418,accepted
fff6bd50-8654-4062-afb3-df8532458e24,species,Plantae,"",Blumea viscosa,1,t0052735,accepted
d94e93e4-c5f5-43bd-9856-172de103b1fd,species,Plantae,"",Blumea glomerata,1,t0052731,accepted
7bcf7f13-1545-465f-acf7-de99c0146589,species,Plantae,"",Blumea membranacea,1,t0106659,accepted
f860ab68-58ca-4e15-a99e-09ec20069a3e,species,Plantae,"",Carpesium minus,1,t0052870,accepted
fa370086-85cc-4f47-a56b-734b6d4f1050,species,Plantae,"",Carpesium nepalense,1,t0052871,accepted
80b5300b-f07a-4e4b-9801-7b4b15f9610b,species,Plantae,"",Cotula australis,1,t0053149,accepted
dce274b2-05fb-4a9c-8142-6d37a6a105ad,species,Plantae,"",Crepidiastrum lanceolatum,1,t0053154,accepted
f23cf17f-98ca-4f51-b08d-30c98832e115,species,Plantae,"",Crepidiastrum taiwanianum,1,t0053155,accepted
00ca7706-b96f-4473-83ed-0203fc10048f,species,Plantae,"",Dichrocephala integrifolia,1,t0057214,accepted
a33936f9-abd8-4793-9df1-1452163d53cd,species,Plantae,"",Echinops grijsii,1,t0053470,accepted
62893e6c-2304-40f8-987c-8adfd2ad1d46,species,Plantae,"",Eclipta prostrata,1,t0053472,accepted
d2f903a9-a032-4901-8c0b-7fde6ad3e495,species,Plantae,"",Emilia praetermissa,1,t0053529,accepted
ad728f50-5d05-4c5e-a240-7fb2f756cc83,species,Plantae,"",Epaltes australis,1,t0053535,accepted
ece52aae-8be5-4deb-aeee-3813b285774a,species,Plantae,"",Erechtites hieraciifolius,1,t0053573,accepted
df4a522e-b415-4eb3-8a43-6707e50b6fff,species,Plantae,"",Erechtites valerianifolia,1,t0053575,not-accepted
bddb8bf5-b12d-4e11-bc74-8d3d02749ee6,species,Plantae,"",Farfugium japonicum,1,t0053678,accepted
bde3b919-0c48-4200-bbad-4f84ba7e3edc,species,Plantae,"",Flaveria linearis,1,t0053725,accepted
2b975c89-4903-4480-bb71-1557effb562a,species,Plantae,"",Gerbera anandria,1,t0057935,accepted
870541c9-43e8-4d94-ab8d-8f883b7695c1,species,Plantae,"",Gerbera jamesonii,1,t0074106,accepted
d3721da7-7335-4b70-bbe6-bb7c9a018fb6,species,Plantae,"",Glebionis coronaria,1,t0052992,not-accepted
3a6c7ad4-08b0-414e-b670-aa1be97c3ded,species,Plantae,"",Glossocardia bidens,1,t0053824,accepted
73fd9464-2fef-43a9-b671-2c016693ab54,species,Plantae,"",Gynura divaricata,1,t0074199,accepted
a44e93c6-8ff1-431e-a598-a44d172b64e3,species,Plantae,"",Gynura aurantica,1,t0074198,accepted
8b86be57-f744-45aa-a1cf-bfe8c43d5007,species,Plantae,"",Gynura pinnatifida,1,t0053882,not-accepted
c4182d89-1e28-4c04-8ffc-b5c10fa08860,species,Plantae,"",Hemistepta lyrata,1,t0057999,not-accepted
6769eb3d-4127-4b81-9da3-6cf88642786c,species,Plantae,"",Hypochaeris chillensis,1,t0053996,accepted
d18476ad-1add-48a0-96a6-9b0e18bf127b,species,Plantae,"",Hypochaeris microcephala,1,t0100302,accepted
bb4d546f-a3d4-47a3-bf5b-ae3f0ca270a9,species,Plantae,"",Ixeridium laevigatum,1,t0054099,accepted
beb1c47a-ed42-4e9f-8c73-3f53e4717e3f,species,Plantae,"",Ixeridium transnokoense,1,t0054100,accepted
18a43986-2834-4d40-a240-9bfe6c78fb76,species,Plantae,"",Ixeridium calcicola,1,t0054098,accepted
eef5e27e-4b1d-424d-a343-bc01f7b47e1e,species,Plantae,"",Ixeris chinensis,1,t0058092,accepted
80f17851-a645-4e11-a526-62598f7ef121,species,Plantae,"",Ixeris repens,1,t0054105,accepted
7af73e41-7242-4ae0-9bce-63d9d388403f,species,Plantae,"",Ixeris tamagawaensis,1,t0054103,accepted
b932d129-d6c4-445f-adcd-0fe8478d1b77,species,Plantae,"",Ixeris polycephala,1,t0054104,accepted
08db32e0-516e-4d30-89e0-fae3e2a68a7c,species,Plantae,"",Ixeridium dentatum,1,t0130870,accepted
5337aa9c-99ba-48b6-969e-9b19e2292896,species,Plantae,"",Kalimeris hispida,1,t0040296,not-accepted
75f725fb-088a-4787-afbd-f912481d81ca,species,Plantae,"",Lagenophora lanata,1,t0054160,accepted
5f6827a2-a981-4af9-83c9-58afa02033ed,species,Plantae,"",Lapsanastrum takasei,1,t0058118,accepted
6a7c9431-3b12-4ab4-8650-4a0398e8b781,species,Plantae,"",Leontopodium microphyllum,1,t0054199,accepted
07595d41-75a8-47ae-a8bd-492d164b3f5a,species,Plantae,"",Ligularia japonica,1,t0054225,accepted
4806d8b4-7fcd-427c-a96c-70d184219645,species,Plantae,"",Matricaria matricarioides,1,t0054407,not-accepted
e1598433-d0df-4d27-a745-5d19a12dfdb4,species,Plantae,"",Melampodium divaricatum,1,t0054423,accepted
da515366-1cd7-4d89-a31c-02d12a3aff8c,species,Plantae,"",Microglossa pyrifolia,1,t0054454,accepted
bb351b66-76e4-4fc3-8c6a-de6ff4f53a5b,species,Plantae,"",Myriactis humilis,1,t0054521,accepted
9ca3e985-e875-4963-a63b-b4f7b1251246,species,Plantae,"",Nemosenecio formosanus,1,t0058612,accepted
3d41edde-36d2-4e41-a328-64fda7c3f0e3,species,Plantae,"",Paraprenanthes sororia,1,t0058693,accepted
4ae3676b-eedb-40e7-9972-4e8f847df905,species,Plantae,"",Parasenecio hwangshanica,1,t0102225,accepted
5a0fb10c-8880-4ba0-a845-219a3164c783,species,Plantae,"",Pectis prostrata,1,t0054730,accepted
9e347d46-2f7a-4f64-90d6-e6929695068a,species,Plantae,"",Pertya simozawae,1,t0054757,not-accepted
9159538e-d9df-4ad0-a9f6-b161420b3825,species,Plantae,"",Pertya pubescens,1,t0054756,accepted
860b47de-5927-44d3-ac29-7216989edfe9,species,Plantae,"",Praxelis pauciflora,1,t0033521,not-accepted
a702367a-93d8-43eb-814c-a8039ea61ff0,species,Plantae,"",Pterocypsela formosana,1,t0058113,accepted
84335a96-b0f4-4105-9c08-ae9bfd93ea3e,species,Plantae,"",Pterocypsela indica,1,t0054156,accepted
38c62293-8776-4dec-90df-68380e43e986,species,Plantae,"",Rhynchospermum verticillatum,1,t0055093,accepted
c673efe0-3667-467b-92c5-e44bb9c1c630,species,Plantae,"",Sigesbeckia orientalis,1,t0055342,accepted
819c10cc-5562-4ab9-91ad-0fd17d23702c,species,Plantae,"",Sigesbeckia glabrescens,1,t0055342,not-accepted
3a94e39c-8933-4569-ada7-89a4db2e3b0c,species,Plantae,"",Soliva anthemifolia,1,t0055398,accepted
197ba4fc-ef01-48a0-80aa-19ee8d72ae7f,species,Plantae,"",Soliva sessilis,1,t0055399,accepted
1df615f1-d05f-42c1-bfed-9ca18b6d1335,species,Plantae,"",Synedrella nodiflora,1,t0055517,accepted
c1dbe3bd-8e32-4be3-9482-a40d3ac57290,species,Plantae,"",Syneilesis intermedia,1,t0058327,not-accepted
afe4491f-1c76-4118-bc12-aa19a84f05f8,species,Plantae,"",Syneilesis subglabrata,1,t0058328,accepted
1e81cd6a-ff2b-458a-af4e-8de04ec3eeff,species,Plantae,"",Tithonia diversifolia,1,t0058402,accepted
c1bcf9d2-bb42-4aa3-818b-b71ca44ce66f,species,Plantae,"",Tithonia rotundifolius,1,t0069645,accepted
5273dc57-d383-4e54-abce-6e666ff773c5,species,Plantae,"",Tridax procumbens,1,t0055657,accepted
3282efc0-ea86-40c5-97ce-a6c005da548f,species,Plantae,"",Wedelia biflora,1,t0069822,not-accepted
d70c6726-7bfe-4ac3-b6a3-54526c3bc96a,species,Plantae,"",Wedelia chinensis,1,t0055427,not-accepted
2bde0ab5-06de-4fc9-9430-f6d330d4cbdd,species,Plantae,"",Wedelia montana,1,t0058073,not-accepted
05f656c8-26b1-4e14-90a3-a7e46dd90b8f,species,Plantae,"",Wedelia prostrata,1,t0057507,not-accepted
6714248d-d0c1-4291-88d6-6f316c83db0d,species,Plantae,"",Wedelia trilobata,1,t0058277,not-accepted
6a06c0a0-b5af-4399-b0fb-178eb15ed257,species,Plantae,"",Xerochrysum bracteatum,1,t0053907,accepted
5fc75a37-0586-4573-9777-2d99c26608dc,species,Plantae,"",Youngia japonica,1,t0069832,accepted
a52e2f70-1c8c-47d5-a0b3-68db84ba9bc5,species,Plantae,"",Acanthospermum australe,1,t0052530,accepted
509228a3-0250-4287-8dfa-fa742e72ca63,species,Plantae,"",Brachycome iberidifolia,1,t0072890,accepted
15355500-388f-44ab-b3ec-1be654a935f9,species,Plantae,"",Carthamus tinctorius,1,t0052875,accepted
3232338a-d174-4c0e-b80c-7d937d46aca4,species,Plantae,"",Chrysanthemum cinerariaefolium,1,t0073232,accepted
bfb91d06-78de-4790-8887-afaa9f8af88e,species,Plantae,"",Chrysanthemum coccineum,1,t0073233,accepted
942f721b-8ada-47d8-902b-d8bfb610b5b4,species,Plantae,"",Chrysanthemum coronarium,1,t0052992,accepted
aacd5971-f8bd-4ad9-8888-8be537850a8e,species,Plantae,"",Chrysanthemum frutescens,1,t0052993,not-accepted
bb11e1e2-a4f7-4bc3-8969-2a3ac7362636,species,Plantae,"",Chrysanthemum leucanthemum,1,t0054222,not-accepted
41bd63bb-c642-4166-879a-8f278c5f7ab5,species,Plantae,"",Chrysanthemum pacificum,1,t0052994,not-accepted
0bdda63b-02d8-4c7e-9fe0-341091abf982,species,Plantae,"",Chrysanthemum segetum,1,t0073237,accepted
0eb9d0bd-0cc3-4745-b6e4-8dbf1622d451,species,Plantae,"",Dimorphotheca sinuata,1,t0073707,accepted
2c9ad165-703a-4d33-99f3-6848c3431da6,species,Plantae,"",Melanthera nivea,1,t0054426,accepted
47d7b54b-4885-4216-b6a8-dfd6cc7141cf,species,Plantae,"",Sanvitaria procumbens,1,t0075739,accepted
bac2d579-8dd5-43c1-8956-b95817e355b0,species,Plantae,"",Scorzonera hispanica,1,t0075854,accepted
fa7a654d-2076-4bf4-b971-99a6da21292f,species,Plantae,"",Synurus taiwanianus,1,t0058201,not-accepted
09cfef74-14ea-48e1-be63-f90919c32c88,species,Plantae,"",Wollastonia montana,1,t0058073,not-accepted
92f39324-c654-4422-b811-5d032250cf3d,species,Plantae,"",Launaea sarmentosa,1,t0054183,accepted
48db6e3a-60c5-40c0-abca-db7fc1e6330e,species,Plantae,"",Sambucus chinensis,1,t0055215,accepted
20d4832e-d79d-4253-841c-809f7f690078,species,Plantae,"",Viburnum arboricola,1,t0057482,not-accepted
cd710ea0-cc21-4f61-bf14-69f47e4c38c2,species,Plantae,"",Viburnum erosum,1,t0049288,accepted
7a0af9bf-a029-43e0-a392-b17df787974f,species,Plantae,"",Viburnum integrifolium,1,t0069783,accepted
8bef8b6c-54d2-4e3b-953e-85eaa412b624,species,Plantae,"",Viburnum luzonicum,1,t0049290,accepted
7f6ea340-c17b-47af-a1fd-14d273a32480,species,Plantae,"",Viburnum parvifolium,1,t0049292,accepted
42bb4e99-d97e-4956-9d12-00801dd7e282,species,Plantae,"",Viburnum taitoense,1,t0049297,accepted
8f82142f-ed3c-4d8a-8578-9be4f291468b,species,Plantae,"",Viburnum dilatatum,1,t0135992,accepted
497ee746-ae73-42c8-ab00-0f4ffdb4e3dd,species,Plantae,"",Valeriana flaccidissima,1,t0055735,accepted
98eb7ce2-4733-4c17-a0b8-d07518b95468,species,Plantae,"",Lonicera apodantha,1,t0054315,accepted
8d9a8af4-fd69-44bb-93b8-770bdbe6827a,species,Plantae,"",Lonicera hypoglauca,1,t0054316,accepted
a5a37443-06b0-4aa4-afa6-080bf2942337,species,Plantae,"",Lonicera oiwakensis,1,t0054320,accepted
c17ea888-4497-4943-8ba0-c40ea2737907,species,Plantae,"",Scabiosa lacerifolia,1,t0055237,accepted
01d4d468-aa08-4281-98bd-d0cfc40dc5b4,species,Plantae,"",Scabiosa caucasica,1,t0075751,accepted
d04ed64d-9a6f-4a19-ab96-edf4e11d68b1,species,Plantae,"",Abelia chowii,1,t0060758,accepted
91dc38d1-ee9d-4418-9baa-40af8c8239ad,species,Plantae,"",Patrinia scabiosifolia,1,t0054726,accepted
87f0dda6-0f26-4ec3-9a98-878051a9bf33,species,Plantae,"",Patrinia villosa,1,t0058701,accepted
2fa3e61d-a07a-4a15-9e8e-ab6798475396,species,Plantae,"",Triplostegia glandulifera,1,t0055668,accepted
d4162a76-28f0-4cfb-a34c-ca8943fca3aa,species,Plantae,"",Pittosporum daphniphylloides,1,t0075338,accepted
54ae1e6a-c2c5-4e4a-a776-b4dac5225866,species,Plantae,"",Pittosporum moluccanum,1,t0054860,accepted
a4b96be7-5e3b-48b2-b55b-8feb0e3f072e,species,Plantae,"",Pittosporum pentandrum,1,t0054861,accepted
94f8d202-794f-46b8-8776-2496c5944cb0,species,Plantae,"",Pittosporum tobira,1,t0075339,accepted
39404f04-660b-4721-8e65-668424f83447,species,Plantae,"",Heptapleurum arboricola,1,t0046124,accepted
fbe9b84b-7461-493c-9d2d-e7520ec78cde,species,Plantae,"",Heptapleurum heptaphyllum,1,t0046127,accepted
04f1e4cc-ef72-4b95-b8d1-44c9197156dc,species,Plantae,"",Plerandra elegantissima,1,t0075405,accepted
05da0801-4d7f-4b66-ae78-ee67894a5966,species,Plantae,"",Heptapleurum minutistellatum,1,t0074263,accepted
766a486a-fd24-42ef-98ba-6d95d3d9b8dc,species,Plantae,"",Polyscias fruticosa,1,t0075445,accepted
d999c480-9635-4e7f-a896-bc7a1e0cedf5,species,Plantae,"",Hydrocotyle batrachium,1,t0053964,accepted
73a90afe-6873-4d26-8843-3f92dbba1719,species,Plantae,"",Hydrocotyle benguetensis,1,t0053965,accepted
5d5de24f-151c-49c2-9ade-ad7c53bd5f61,species,Plantae,"",Hydrocotyle keelungensis,1,t0053967,not-accepted
84dc63c3-4ce6-4358-b1e6-fdab0ff1ceab,species,Plantae,"",Hydrocotyle sibthorpioides,1,t0053971,accepted
8074ba1d-1551-42a0-aebe-9c860a508979,species,Plantae,"",Hydrocotyle javanica,1,t0074327,accepted
3d620d7d-8bb2-47ca-a6cc-fb3e1c32f7ee,species,Plantae,"",Hydrocotyle ranunculifolia,1,t0053965,not-accepted
784e618b-c625-429f-ac6d-8a2aa2277bb4,species,Plantae,"",Hydrocotyle vulgaris,1,t0053973,accepted
fbcd25ae-d6e2-4cb8-b6d0-8c3d5abf2e0c,species,Plantae,"",Aralia armata,1,t0040220,accepted
6efe4d73-18b7-45b7-8c7a-c148d2f46ddd,species,Plantae,"",Aralia bipinnata,1,t0040221,accepted
033eaf01-963d-4c73-bd91-e34704ecd7e6,species,Plantae,"",Aralia cordata,1,t0040222,accepted
46a7440c-b5e5-4455-926a-44d85667755a,species,Plantae,"",Aralia decaisneana,1,t0052610,accepted
9031622c-0340-4f44-9a15-3ffc2b7bc013,species,Plantae,"",Panax ginseng,1,t0075069,accepted
4bc089fa-f6f2-44d2-97cb-17c7421ea2e3,species,Plantae,"",Panax quinguefolium,1,t0075072,accepted
f2b007fc-6e89-44af-a834-bd72d3ddc0f8,species,Plantae,"",Hedera rhombea,1,t0074246,accepted
c6d0a5b7-ba85-4d40-83b6-731e73c11768,species,Plantae,"",Dendropanax dentiger,1,t0053339,accepted
fef39fd3-7b27-4876-8686-2e33a5988275,species,Plantae,"",Hedera japonica,1,t0058935,not-accepted
a606a88b-5bd5-44a9-a42c-ae066ecee282,species,Plantae,"",Eleutherococcus senticosus,1,t0073825,accepted
acb367e1-66e0-41ed-bca1-064252ad7799,species,Plantae,"",Eleutherococcus trifoliatus,1,t0053521,accepted
adf6e1cc-d8de-45c0-b3ca-08a1be3a0e9d,species,Plantae,"",Osmoxylon pectinatum,1,t0054664,accepted
98e13d7d-1b85-4cf4-b767-1f5db9fff417,species,Plantae,"",Sinopanax formosanus,1,t0058260,not-accepted
28baf547-7d62-4901-bf9c-66b35e847792,species,Plantae,"",Eryngium foetidum,1,t0053599,accepted
f1e89bc7-d3ea-48ac-92d8-44725dfda94d,species,Plantae,"",Eryngium leavenwarthii,1,t0073858,accepted
ac87819a-370a-4bb3-a5b7-8356337e279d,species,Plantae,"",Peucedanum formosanum,1,t0054760,accepted
0ed72a55-21bb-425b-8b27-f7a60805c1fd,species,Plantae,"",Angelica morii,1,t0040169,accepted
4970b98e-e97e-4e24-8172-219a2d5168af,species,Plantae,"",Angelica morrisonicola,1,t0060968,accepted
ae1a6fc3-1c19-465b-8411-c1254057e9c1,species,Plantae,"",Angelica acutiloba,1,t0060965,accepted
a8352266-244d-4050-af4c-0615cb4a886b,species,Plantae,"",Chaerophyllum taiwanianum,1,t0073144,accepted
a6540c19-968b-4258-9374-595168d5e0fc,species,Plantae,"",Apium petroselinum,1,t0061002,accepted
35083649-449d-4e95-aa69-7b5482176bec,species,Plantae,"",Centella asiatica,1,t0058743,accepted
9ab6a747-62cf-4982-ac1b-818793a1a9bf,species,Plantae,"",Conioselinum morrisonense,1,t0053104,accepted
7096c324-f22c-41df-954c-c7a1960213c6,species,Plantae,"",Osmorhiza aristata,1,t0058669,accepted
e38bd956-f907-4fc6-ae7f-9015eb6b1373,species,Plantae,"",Sium suave,1,t0055356,accepted
5dc92a89-3841-4f0a-8f3e-fed3fa259f9e,species,Plantae,"",Torilis scabra,1,t0055626,accepted
13c7a15e-67ff-4583-be0c-c1d0aeaf8721,species,Plantae,"",Anethum graveolens,1,t0060962,accepted
85aba2cc-e223-483c-848b-b13940369b40,species,Plantae,"",Cnidium officinale,1,t0073339,accepted
dd349ceb-63ce-465f-ad71-f4334235312e,species,Plantae,"",Glehnia littoralis,1,t0057936,accepted
5a2210c4-8747-4a7e-b5ea-dd064e866079,species,Plantae,"",Oenanthe javanica,1,t0058645,accepted
d86e744f-3d5a-4ade-9cf3-38192cfd4d7d,species,Plantae,"",Gaultheria leucocarpa,1,t0130004,accepted
8625eb13-be70-4a83-9b42-7be07609743f,species,Plantae,"",Desmodium laxum,1,t0103673,not-accepted
e626d310-64de-4ed5-90ab-f4fdb41236c5,species,Plantae,"",Quercus acuta,1,t0058462,not-accepted
ff270e76-b96f-4199-8841-cac368fbbd05,species,Plantae,"",Swertia kuroiwai,1,t0055488,misapplied
3246daa7-3c51-4dd2-a15b-04453e04dfb9,species,Plantae,"",Rhizophora mucronata,1,t0055067,misapplied
da97cabe-32ff-411b-821b-e285f1d012f1,species,Plantae,"",Symplocos glomerata,1,t0124183,accepted
6da75ffd-c524-4d48-96e6-cd889e4b710e,species,Plantae,"",Blumea clarkei,1,t0072870,accepted
ab0d487b-9ca6-4a86-8352-772f15e1bd47,species,Plantae,"",Aristolochia shimadae,1,t0061042,not-accepted
5e69b210-8d7c-41d0-b464-56c4c7ae115f,species,Plantae,"",Rubus cardotii,1,t0055139,accepted
d401e955-bde2-46ab-b6cb-fbb0b5080324,species,Plantae,"",Acer cissifolium,1,t0125552,accepted
8c3cbe17-8430-4994-96b6-18c9f5b34e3c,species,Plantae,"",Ilex mutchagara,1,t0054028,misapplied
dec01588-5a45-45cc-b1de-2270f96fff8d,species,Plantae,"",Opuntia stricta,1,t0075015,accepted
0ee1ca0d-dedc-416e-81b4-1d74e811d1cc,species,Plantae,"",Cyclocodon axillaris,1,t0073600,accepted
77ae383d-5fec-4f65-b6a3-1bc929ed8789,species,Plantae,"",Conocarpus erectus,1,t0058855,accepted
ee71fa7c-4c83-4013-9597-52c2a75ec2f8,species,Plantae,"",Juniperus communis,1,t0125213,accepted
1d978ba1-8789-4e9e-9f16-a2f7397ae612,species,Plantae,"",Scleria harlandii,1,t0075851,accepted
db54bfc1-68f4-4577-847e-c6208a313dd1,species,Plantae,"",Dioscorea pentaphylla,1,t0053403,not-accepted
728815d0-f81e-4a69-be4f-45534b738996,species,Plantae,"",Leycesteria formosa,1,t0074579,accepted
3339ab94-392c-4c8a-81e4-e6b75c9006a4,species,Plantae,"",Cyrtomium longipes,1,t0026637,not-accepted
78e62d30-912a-4b9e-8158-05fca45ceaca,species,Plantae,"",Dalbergia candenatensis,1,t0073624,accepted
10479fc8-3e9b-441e-a34f-875ce412704f,species,Plantae,"",Desmodium incanum,1,t0053351,not-accepted
13dde163-cfe9-4a01-858e-29282009228e,species,Plantae,"",Salvia pygmaea,1,t0075730,accepted
d07f7895-8ba5-4988-babb-83fead9f8b27,species,Plantae,"",Isodon nervosus,1,t0074389,accepted
9a08c4ae-85ec-409d-a68e-eb154a670b56,species,Plantae,"",Cinnamomum doederleinii,1,t0128131,accepted
b285623d-7c6c-4eae-8288-4d0c8bf54f8f,species,Plantae,"",Hemianthus micranthemoides,1,t0054452,not-accepted
dd9047bd-0db9-4a32-99b9-7503cc61d371,species,Plantae,"",Hyphear kaoi,1,t0074644,not-accepted
42063fd1-9481-450b-aec8-410f19f643e9,species,Plantae,"",Melastoma dodecandrum,1,t0074764,accepted
2d5a6ef5-0e20-4f7d-96bc-b01ee360b6f3,species,Plantae,"",Ochna serrulata,1,t0074974,accepted
1cf33a56-335c-441e-a534-8b947186c448,species,Plantae,"",Chamaenerion angustifolium,1,t0073158,accepted
3e0e90fa-19f1-4364-b546-9ebccc75493d,species,Plantae,"",Chloris pilosa,1,t0052984,accepted
ca96b7e0-32ed-45f2-a5be-eb0d43bec1df,species,Plantae,"",Sorghum vulgare,1,t0058272,not-accepted
de6fb8ef-e172-4935-88ce-751b00596698,species,Plantae,"",Coptis trifolia,1,t0073445,accepted
e097809c-6775-4739-984b-4f4d4d92f586,species,Plantae,"",Hydrangea taiwaniana,1,t0053960,accepted
56fcc15a-b306-4499-87ef-25423a78e2fc,species,Plantae,"",Theligonum japonicum,1,t0069614,accepted
65ddcfd3-9476-4eec-9126-51d26f5703ab,species,Plantae,"",Cyclosorus tottoides,1,t0026965,not-accepted
442bf5ae-a447-4c4b-9806-0ccb5d61e2fe,species,Plantae,"",Antrophyum callifolium,1,t0026561,accepted
992023e6-b42a-4331-95ed-aa8d52c7b5d5,species,Plantae,"",Cordyline fruticosa,1,t0058861,accepted
bab7260c-6eed-4cf1-9ba3-cd7f83289a0d,species,Plantae,"",Quercus serrata,1,t0052890,not-accepted
22719a3c-9621-4da3-88d1-04bc7e10a9bb,species,Plantae,"",Leucas mollissima,1,t0074561,accepted
63af2eb9-66f1-4a8d-8326-3ede91c64346,species,Plantae,"",Pourthiaea villosa,1,t0075478,accepted
4e9f310d-5c3b-4045-8149-cc5d0c68b16c,species,Plantae,"",Liparis mannii,1,t0054268,accepted
8137115d-a902-4e6a-8b42-cdea865bec95,infraspecies,Plantae,"",Selaginella doederleinii trachyphylla,1,t0084628,accepted
3d7efc2c-86fd-47ac-83c8-bc174cbd6b8b,infraspecies,Plantae,"",Equisetum ramosissimum ramosissimum,1,t0105591,accepted
eb33ab8b-150d-4376-be69-6d501c214e71,infraspecies,Plantae,"",Equisetum ramosissimum debile,1,t0103465,accepted
64da5b48-51ca-4504-bd2e-ac61f4330946,infraspecies,Plantae,"",Cephalomanes javanicum asplenioides,1,t0102164,accepted
8efc3727-c91c-4f22-89c4-01150698ce73,infraspecies,Plantae,"",Tapeinidium pinnatum pinnatum,1,t0102549,accepted
f52bce91-7bea-487e-94f3-51ebe3299be0,infraspecies,Plantae,"",Tapeinidium pinnatum biserratum,1,t0026482,not-accepted
1cc124ea-b89c-4f73-a846-b8dbd701bf7e,infraspecies,Plantae,"",Pteridium latiusculum japonicum,1,t0059119,not-accepted
a93ae7ea-5292-4b7c-a59b-ddcac15a6963,infraspecies,Plantae,"",Microlepia marginata bipinnata,1,t0026604,not-accepted
59cb22a9-9a94-4696-ac01-f23a32713165,infraspecies,Plantae,"",Ceratopteris gaudichaudii vulgaris,1,t0086567,accepted
480993a9-6956-4c40-b797-aecb1dd2729f,infraspecies,Plantae,"",Pteris dimorpha dimorpha,1,t0086568,accepted
cff9fe7d-c97f-47d1-b6d2-931ae1369c09,infraspecies,Plantae,"",Adiantum roborowskii taiwanianum,1,t0026558,not-accepted
fcdfefa0-2b19-4c3e-a52c-08320a04bacd,infraspecies,Plantae,"",Athyrium delavayi subrigescens,1,t0040308,accepted
88f341cb-83e1-4d0a-b18b-749f36c23b74,infraspecies,Plantae,"",Athyrium oppositipinnum pubescens,1,t0040311,not-accepted
06b51560-4a62-4b84-a1ba-23ad3af71165,species,Plantae,"",Diplazium aphanoneuron,1,t0057256,not-accepted
cd7d1f6f-4763-4ed2-9044-33cb81dd83a2,infraspecies,Plantae,"",Diplazium esculentum pubescens,1,t0086578,accepted
25dad177-8518-4cb8-9ee2-bf2490f97127,infraspecies,Plantae,"",Arachniodes rhomboidea rhomboidea,1,t0086571,not-accepted
477293c6-c2f9-4907-b428-f60bc7285491,infraspecies,Plantae,"",Arachniodes rhomboidea yakusimensis,1,t0040217,not-accepted
270c7d25-7530-4a2c-a8a1-994afb679869,infraspecies,Plantae,"",Cyrtomium macrophyllum simadae,1,t0026643,not-accepted
7520bae5-578e-4a9e-8a37-5c61e05e6983,infraspecies,Plantae,"",Dryopteris enneaphylla pseudosieboldii,1,t0026683,not-accepted
e6e49e45-1f00-4203-9ae7-5aba78f1e718,infraspecies,Plantae,"",Oreogrammitis congener congener,1,t0086529,accepted
74e93cf4-ec31-485f-9d2b-741395d4d95b,infraspecies,Plantae,"",Oreogrammitis congener polytricha,1,t0086572,accepted
4bda02c5-12c2-446f-a66a-ef8f26f75c6c,infraspecies,Plantae,"",Podocarpus macrophyllus macrophyllus,1,t0059048,accepted
fc0f4bd5-d995-49c9-959c-a30956867338,infraspecies,Plantae,"",Podocarpus macrophyllus maki,1,t0027062,accepted
275c3a82-7d16-4e29-97f1-9fd1e630793f,infraspecies,Plantae,"",Chamaecyparis obtusa obtusa,1,t0052943,not-accepted
70adf9f8-2f17-43ee-bc04-7ca2143e88a7,infraspecies,Plantae,"",Juniperus chinensis chinensis,1,t0087606,accepted
4eef4412-363d-4772-812b-245c4bff04cf,infraspecies,Plantae,"",Cephalotaxus harringtonii wilsoniana,1,t0052928,not-accepted
c2f0cf3f-0fac-441b-8b90-06af4a4ae3f1,infraspecies,Plantae,"",Myristica elliptica simiarum,1,t0086904,accepted
7e23ead7-79db-4ca8-a4a6-339ae36f0236,infraspecies,Plantae,"",Michelia compressa formosana,1,t0086525,not-accepted
4ff0398f-8e01-4dea-88e8-bfec2c511818,infraspecies,Plantae,"",Michelia compressa lanyuensis,1,t0058497,not-accepted
fc731f17-1a55-4f81-9770-6916ec4173b8,infraspecies,Plantae,"",Litsea akoensis akoensis,1,t0086887,accepted
bd59e769-6e3b-41ad-aa23-32e338be6230,infraspecies,Plantae,"",Litsea akoensis chitouchiaoensis,1,t0087381,accepted
f4c05dc1-53f6-4961-89b3-4264c885172e,infraspecies,Plantae,"",Litsea akoensis sasakii,1,t0058465,accepted
fee54b55-a616-40b0-a320-10a2d2db81ec,infraspecies,Plantae,"",Litsea cubeba formosana,1,t0125465,accepted
978ff2a0-bf35-4c94-960a-e2c7e68a63d6,infraspecies,Plantae,"",Litsea elongata mushaensis,1,t0058466,accepted
630a7375-e9d3-48a6-b119-d83c45304b0d,infraspecies,Plantae,"",Neolitsea aciculata variabillima,1,t0058618,accepted
492cec6a-5d8d-4f5e-bc06-ab51e9b311a6,infraspecies,Plantae,"",Persea americana drymifolia,1,t0054753,not-accepted
9a61d93f-46d0-4af3-9f27-fd0811a75189,infraspecies,Plantae,"",Aglaonema commutatum elegans,1,t0033643,accepted
761b743f-c962-4f8f-a3f1-429e03388ea2,infraspecies,Plantae,"",Aglaonema nitidum curtisii,1,t0087502,accepted
02467f23-466d-48b3-ad3f-ed76302e8ca5,infraspecies,Plantae,"",Arisaema taiwanense brevipedunculatum,1,t0087351,accepted
20eacfbe-c8e3-47a8-a2cb-611daa765af4,infraspecies,Plantae,"",Arisaema thunbergii autumnale,1,t0085090,accepted
0dc9bce6-1bfd-4e5a-b2ae-e864f43b507d,infraspecies,Plantae,"",Colocasia esculenta antiquorum,1,t0086727,accepted
856cd784-5b2f-4c4a-b996-785af52b9c4d,infraspecies,Plantae,"",Dioscorea japonica japonica,1,t0057251,accepted
78ca7ae9-9cf8-401b-b0f9-582b3b8a08bf,infraspecies,Plantae,"",Dioscorea japonica oldhamii,1,t0087368,accepted
e08052fb-9987-4514-b44e-da12d4f3980c,infraspecies,Plantae,"",Paris polyphylla stenophylla,1,t0058696,not-accepted
56ec7ab1-5346-4e5a-a9b5-a9557dcdf1ca,infraspecies,Plantae,"",Paris polyphylla taitungensis,1,t0058696,not-accepted
4539d087-5ff6-4896-9ba3-0eee8d91c775,infraspecies,Plantae,"",Smilax planipedunculata raishaensis,1,t0055361,not-accepted
157c360a-8734-4573-bac0-dcf51499a195,infraspecies,Plantae,"",Lilium longiflorum scabrum,1,t0086546,accepted
bc68010f-81c0-4a61-b051-1cb29f666dd4,infraspecies,Plantae,"",Tricyrtis formosana grandiflora,1,t0055655,not-accepted
cb2caf47-7949-4f53-bcc5-f071dd73fa98,infraspecies,Plantae,"",Tricyrtis formosana lasiocarpa,1,t0105443,not-accepted
5eb564f8-3949-480f-8dca-a4fa2a1b4201,infraspecies,Plantae,"",Tricyrtis formosana ovatifolia,1,t0058449,not-accepted
5a6ee21f-202a-49d2-b621-52cf4da1108b,infraspecies,Plantae,"",Fritillaria verticillata thunbergii,1,t0129916,not-accepted
dc16649f-d5cf-455b-854d-a0b92c84ba90,infraspecies,Plantae,"",Bletilla formosana kotoensis,1,t0102278,accepted
ecf71b80-30f8-494a-b739-6ca3ab368021,infraspecies,Plantae,"",Bulbophyllum albociliatum albociliatum,1,t0040493,not-accepted
4c586d0a-0d4d-4c7b-8712-bacf739ab73a,infraspecies,Plantae,"",Bulbophyllum albociliatum shanlinshiense,1,t0033500,not-accepted
f0920008-acd9-4790-8e44-e7873a3d839e,infraspecies,Plantae,"",Bulbophyllum electrinum calvum,1,t0087355,not-accepted
9dbce714-5598-468c-9539-231e476078cb,infraspecies,Plantae,"",Bulbophyllum hirundinis calvum,1,t0087355,accepted
9dce2010-1de3-4636-9a98-1eb172958ad7,infraspecies,Plantae,"",Bulbophyllum kuanwuense kuanwuense,1,t0033502,not-accepted
f82da938-5cea-4072-bded-0a82b1e284f8,infraspecies,Plantae,"",Bulbophyllum setaceum setaceum,1,t0040511,accepted
07747009-1211-44f4-a0ad-5b74cbcdfd57,infraspecies,Plantae,"",Bulbophyllum setaceum pilusiense,1,t0086659,accepted
edfaae65-cff3-44c8-8633-53888ea22ba2,infraspecies,Plantae,"",Cephalantheropsis obcordata obcordata,1,t0052927,not-accepted
4a745b30-3d55-4fd2-8cd9-9b976a621e8a,infraspecies,Plantae,"",Cymbidium formosanum formosanum,1,t0058902,not-accepted
d2a4bb6c-0d16-473a-a717-67a24c99dbba,infraspecies,Plantae,"",Cymbidium formosanum gracillimum,1,t0058902,not-accepted
3c7047ae-1015-4a19-ad28-f2b065bab266,infraspecies,Plantae,"",Cymbidium lancifolium lancifolium,1,t0102093,accepted
dae21eb2-58c2-48ee-bbe3-7a0da8512e7f,infraspecies,Plantae,"",Cymbidium lancifolium papuanum,1,t0102093,not-accepted
ecc194f8-834c-40f2-8ad0-efc5761c31b4,infraspecies,Plantae,"",Cymbidium gyokuchin soshin,1,t0053228,not-accepted
1078e5cb-848a-43c8-9a48-ce8e88f83be0,infraspecies,Plantae,"",Dendrobium nobile formosanum,1,t0058930,accepted
f33db315-dce6-495d-90cb-1d3bfa1ff4a2,infraspecies,Plantae,"",Didymoplexis pallens pallens,1,t0057245,accepted
80a745fe-e030-410e-87cd-3bc6a0943b62,infraspecies,Plantae,"",Erythrodes triantherae triantherae,1,t0053603,not-accepted
6519190e-ca21-4fe6-beba-efcfe5f82587,infraspecies,Plantae,"",Erythrodes triantherae ecalcarata,1,t0053603,not-accepted
abc35614-e40d-481f-916d-037ff8f51c9e,infraspecies,Plantae,"",Eulophia pulchra pelorica,1,t0053619,not-accepted
15c4fc02-65c6-4653-9d71-31ded5231288,infraspecies,Plantae,"",Gastrodia confusoides confusoides,1,t0102284,accepted
0c6ad874-f975-4d29-9738-a2f9ef35676a,infraspecies,Plantae,"",Goodyera foliosa taoana,1,t0053848,not-accepted
23c1b932-616f-42e7-86ea-15f4e403db33,infraspecies,Plantae,"",Herminium lanceum longicrure,1,t0053923,not-accepted
1fdb3719-003d-477d-a81b-551507fa5fac,infraspecies,Plantae,"",Lecanorchis flavicans acutiloba,1,t0054190,not-accepted
b7831685-4f16-48dc-901e-101949ae8c70,infraspecies,Plantae,"",Lecanorchis japonica thalassica,1,t0054188,not-accepted
25297dc5-1b0e-40fb-b551-3d076b7a8e57,infraspecies,Plantae,"",Lecanorchis kiusiana albida,1,t0058132,not-accepted
028fff62-ea73-416a-a78d-90317a9f1c96,infraspecies,Plantae,"",Lecanorchis nigricans nigricans,1,t0103360,accepted
e1d40ddf-1f4f-4bc0-ba68-429290c72cb3,infraspecies,Plantae,"",Lecanorchis nigricans yakusimensis,1,t0086545,not-accepted
e644aceb-537e-43cf-9605-ac82b853ba1b,infraspecies,Plantae,"",Lecanorchis subpelorica latens,1,t0054187,not-accepted
4fbbe8c6-4087-4cfc-9e93-c2cd30f85121,infraspecies,Plantae,"",Neottia fukuyamae chilaiensis,1,t0054556,not-accepted
3da04301-b986-43db-b05d-bb2f7813a088,infraspecies,Plantae,"",Phalaenopsis aphrodite formosana,1,t0085100,not-accepted
12f2ce10-ba76-4248-929e-28b430980ccf,infraspecies,Plantae,"",Phalaenopsis decumbens lobbii,1,t0086944,accepted
491a8e96-e16f-460b-9d10-56a7a472899a,infraspecies,Plantae,"",Yoania amagiensis squamipes,1,t0087114,accepted
a0fbb5ce-a883-4f22-adcc-7802fad0ae4b,infraspecies,Plantae,"",Zeuxine strateumatica strateumatica,1,t0057517,accepted
b38e0ad9-23d8-4921-9ae9-52611b337d53,infraspecies,Plantae,"",Myrmechis japonica sasakii,1,t0102290,not-accepted
6ebea976-da56-4282-b754-939856ceb004,infraspecies,Plantae,"",Tulotis ussuriensis transnokoensis,1,t0054875,not-accepted
55fcb95d-584f-42cb-b32a-631c5009c00b,infraspecies,Plantae,"",Allium bakeri morrisonense,1,t0086604,accepted
615e68a2-e8a4-4fe0-87f5-289128a6b590,infraspecies,Plantae,"",Allium fistulosum caespitosum,1,t0033694,not-accepted
301bc14e-6ae9-4b02-933e-e334af864dea,infraspecies,Plantae,"",Allium fistulosum giganteum,1,t0033694,not-accepted
2b0717be-71fd-4af2-b7bb-0d72a840051c,infraspecies,Plantae,"",Rohdea japonica watanabei,1,t0059195,not-accepted
df5bc762-eebc-4ee7-9dd4-f5b898627620,species,Plantae,"",Liriope graminifolia,1,t0100537,accepted
e9f06f09-6ce6-42c5-affd-ce7833621140,infraspecies,Plantae,"",Peliosanthes teta humilis,1,t0054732,not-accepted
991e8a7e-66e0-4475-b816-590011680abd,infraspecies,Plantae,"",Peliosanthes teta kaoi,1,t0058711,not-accepted
f9735833-2687-4b97-bbbe-684cdcb1db3a,infraspecies,Plantae,"",Polygonatum odoratum pluriflorum,1,t0059074,accepted
df1f2c31-cb85-44c6-85f6-d10d6a73855e,infraspecies,Plantae,"",Aloe humilis echinata,1,t0086605,accepted
8f2a9d66-47f7-460c-8e02-edd4b812146b,infraspecies,Plantae,"",Hemerocallis fulva aurantiaca,1,t0053917,accepted
3a7e5ede-36f6-4c6b-8163-6ae8d5afe318,infraspecies,Plantae,"",Livistona chinensis subglobosa,1,t0058468,accepted
931dc256-6358-469c-8d61-3000afde843e,infraspecies,Plantae,"",Tradescantia zebrina zebrina,1,t0058427,accepted
053892c4-1e0e-410f-8915-5dfb2d9f8aa4,infraspecies,Plantae,"",Canna indica orientalis,1,t0123876,accepted
7aa6db0c-8ea7-48d8-a6bd-7a6c5cc1ac83,infraspecies,Plantae,"",Musa itinerans chinensis,1,t0087384,accepted
a7e7c70c-c5f8-43af-bcee-2de4a5486d82,infraspecies,Plantae,"",Alpinia pricei pricei,1,t0102077,accepted
f3074cb2-730a-4ef7-89fa-2dda709a6af9,infraspecies,Plantae,"",Alpinia shimadae shimadae,1,t0102078,accepted
5f5a989e-fb02-4901-80e5-d6c8967ade54,infraspecies,Plantae,"",Aechmea fulgens discolor,1,t0033612,not-accepted
fcb6a8d3-350a-42d0-8287-c26983ea5faa,infraspecies,Plantae,"",Billbergia pyramidalis concolor,1,t0040379,not-accepted
c8c871d7-e5b5-4867-9cc4-6e5dc0addb6a,infraspecies,Plantae,"",Eriocaulon merrillii suishaense,1,t0053592,not-accepted
c2656d3f-a612-4d6d-ad01-e0d7f52de6d5,infraspecies,Plantae,"",Carex alopecuroides subtransversa,1,t0052808,not-accepted
74794d6d-e023-4cba-8992-24c12fe81af4,infraspecies,Plantae,"",Carex dolichostachya trichosperma,1,t0052858,not-accepted
cc911af6-aa40-4340-b42f-fa6e01743c8f,infraspecies,Plantae,"",Eleocharis congesta thermalis,1,t0102247,accepted
a677d384-72e9-4960-beb3-a09fbaee01a7,infraspecies,Plantae,"",Eleocharis dulcis dulcis,1,t0086790,accepted
0c465ba6-bed9-48c4-b587-1e8098ff610d,infraspecies,Plantae,"",Eleocharis dulcis tuberosa,1,t0057315,accepted
9e2ae686-a63d-400d-83fc-721d2c601568,infraspecies,Plantae,"",Fimbristylis aestivalis esquarrosa,1,t0057374,accepted
4c63ae5c-cd6f-412b-8573-4855b1af5daa,infraspecies,Plantae,"",Fimbristylis littoralis littoralis,1,t0057378,accepted
944106a4-09e1-4a16-a3ba-4e99ae7a3440,infraspecies,Plantae,"",Fimbristylis tristachya subbispicata,1,t0057381,accepted
41747007-6f28-4330-8b1c-38f59128a6ec,infraspecies,Plantae,"",Rhynchospora rugosa brownii,1,t0055100,accepted
2dcc414f-d92f-4a1f-8e64-933d192fdc92,species,Plantae,"",Schoenoplectiella lateriflora,1,t0058221,not-accepted
5c5f3590-5c76-4330-a869-406ebf998485,infraspecies,Plantae,"",Agrostis infirma formosana,1,t0033654,accepted
b0ff21bc-5fca-4fd6-b99b-e237f6965a80,infraspecies,Plantae,"",Agrostis infirma fukuyamae,1,t0033655,accepted
8daf256e-0f32-4f64-a954-8ed1e82ac150,infraspecies,Plantae,"",Alopecurus aequalis amurensis,1,t0086607,accepted
656bf0e8-512c-4fbe-984c-bd78d971fab1,infraspecies,Plantae,"",Anthoxanthum horsfieldii formosanum,1,t0040195,accepted
f916560d-1f9b-4c2e-8262-3ab9bc2c6d59,infraspecies,Plantae,"",Arundo donax coleotricha,1,t0040279,not-accepted
3e8b0e60-42c3-4d8e-90c9-aaad0f03eba5,infraspecies,Plantae,"",Bambusa beecheyana pubescens,1,t0086637,accepted
83d1ad87-fb49-4535-aea6-bef25f2bf812,infraspecies,Plantae,"",Bambusa pachinensis hirsutissima,1,t0040331,accepted
2847c504-6dd0-4b05-84be-ae170c1e3ee9,infraspecies,Plantae,"",Bothriochloa bladhii punctata,1,t0052745,accepted
0724948d-9cb3-4859-8bf3-4ca60e09cb7f,infraspecies,Plantae,"",Bromus remotiflorus piananensis,1,t0106531,accepted
af4c5bbd-32c9-4b76-96b6-ecb4033f3286,infraspecies,Plantae,"",Chloris divaricata divaricata,1,t0058784,accepted
80078f68-597f-4204-b2d2-f96f4fac56cd,infraspecies,Plantae,"",Cymbopogon tortilis goeringii,1,t0086764,accepted
263b4a50-788e-4e4f-a9af-62dba8b73b52,infraspecies,Plantae,"",Eccoilopus formosanus tohoensis,1,t0086786,accepted
ecc38bba-bfcb-44e0-94f0-0a4e8ad2a634,infraspecies,Plantae,"",Festuca rubra niitakensis,1,t0053687,not-accepted
92d4d089-fbf8-4851-aa6c-3583fbe42014,infraspecies,Plantae,"",Ischaemum aristatum aristatum,1,t0086858,accepted
aafa9885-b080-404b-8585-86f6cdef3489,infraspecies,Plantae,"",Ischaemum barbatum gibbum,1,t0086861,accepted
542baa21-fa99-4d46-a61b-47326e53d6eb,infraspecies,Plantae,"",Ischaemum rugosum segetum,1,t0054093,not-accepted
13288e47-40a1-437f-9d2b-a8c9b2a0f062,infraspecies,Plantae,"",Leptochloa fusca uninervia,1,t0054214,accepted
17059362-ffb0-4dc5-9ab2-d2d389b02f08,infraspecies,Plantae,"",Oplismenus undulatifolius undulatifolius,1,t0058657,not-accepted
e91b6121-ca14-43ef-b4a2-e71e48d4e2ef,infraspecies,Plantae,"",Poa sphondylodes kelungensis,1,t0102303,accepted
0ce4fa2a-3261-4707-a3bf-1d7f3136fcd9,infraspecies,Plantae,"",Setaria viridis pycnocoma,1,t0055330,not-accepted
677dadf5-8cf3-45ed-b668-94e4b68bbe22,infraspecies,Plantae,"",Setaria viridis pachystachys,1,t0055330,not-accepted
1f71fbe9-8d35-490f-9347-2d5f9a2bfced,infraspecies,Plantae,"",Sorghum bicolor bicolor,1,t0058273,accepted
2e4ecf71-5244-46ec-9eeb-318f747e26c5,infraspecies,Plantae,"",Sorghum nitidum aristatum,1,t0087758,accepted
4b38a0ce-16cf-4ea4-a2be-2b9efb876374,infraspecies,Plantae,"",Spodiopogon tainanensis hayatae,1,t0055441,not-accepted
79360fff-9052-4ba7-9789-b9fc2a8405f2,infraspecies,Plantae,"",Thaumastochloa cochinchinensis shimadana,1,t0055586,not-accepted
cccd1bcf-6b4c-42de-aab5-367ee64b960a,infraspecies,Plantae,"",Themeda caudata matsudae,1,t0086554,not-accepted
a4d6b623-a10b-4722-9bc9-ec7c3542d139,infraspecies,Plantae,"",Zea mays rugosa,1,t0087116,accepted
b9f079bb-37d4-43ab-8e79-9586dc973ca2,infraspecies,Plantae,"",Corydalis pallida sparsimamma,1,t0058865,accepted
f5cb06ca-8e7b-409e-9e29-c97c401c5058,infraspecies,Plantae,"",Stauntonia obovata angustata,1,t0103677,accepted
46e19b3f-714e-43b1-af02-ff15b3d766b2,infraspecies,Plantae,"",Stephania japonica hispidula,1,t0087062,accepted
968786d0-f30d-4963-8a2b-543ac4a68105,infraspecies,Plantae,"",Aconitum fukutomei fukutomei,1,t0086593,accepted
f6bca131-1bf6-48b3-8a7e-fc0a8f2d7f09,infraspecies,Plantae,"",Aconitum fukutomei formosanum,1,t0086592,accepted
75cb0e2e-b7bd-461c-a2a1-083050fb4323,infraspecies,Plantae,"",Clematis chinensis chinensis,1,t0058830,accepted
4de1c747-f831-431a-852e-f29ca34bbe44,infraspecies,Plantae,"",Clematis chinensis tatushanensis,1,t0087366,accepted
344536c3-a45c-4afb-bda8-5edf96d4a2bb,infraspecies,Plantae,"",Clematis tashiroi huangii,1,t0087367,accepted
2cb96982-4c2f-4a90-bc7e-cc1843aa47a1,infraspecies,Plantae,"",Clematis uncinata uncinata,1,t0058833,accepted
a42a6e43-a2c5-4c52-a473-fda667c132ea,infraspecies,Plantae,"",Clematis uncinata okinawensis,1,t0058832,accepted
d080c0f0-e21a-4c73-a0b8-2aee565ce024,infraspecies,Plantae,"",Thalictrum javanicum puberulum,1,t0087396,accepted
e19602d8-6b0a-4dcf-9a95-aee45ef8e906,infraspecies,Plantae,"",Thalictrum urbainii majus,1,t0086553,not-accepted
b2e96684-aef0-430e-88e0-da4fb9633e86,infraspecies,Plantae,"",Buxus microphylla sinica tarokoensis,1,t0087357,accepted
8c7a7f60-a164-4e9e-ae82-53f18984fbcf,infraspecies,Plantae,"",Chrysosplenium lanuginosum formosanum,1,t0058808,accepted
81b059ba-1391-4efd-9462-61bc4e52837f,infraspecies,Plantae,"",Ampelopsis brevipedunculata ciliata,1,t0052590,not-accepted
4cd674e6-efc8-4f7d-a8d2-d4e5f3825d27,infraspecies,Plantae,"",Ampelopsis brevipedunculata hancei,1,t0086610,accepted
d46bc73a-2cb5-4a40-a0be-178da6069dc0,infraspecies,Plantae,"",Ampelopsis cantoniensis cantoniensis,1,t0086611,accepted
78b61120-252a-48a7-a66d-f640dd5071d8,infraspecies,Plantae,"",Ampelopsis glandulosa heterophylla,1,t0052590,not-accepted
1189b32a-3e8c-41f0-b84b-b3ac19fbb730,infraspecies,Plantae,"",Parthenocissus himalayana rubrifolia,1,t0086926,accepted
91e468ef-191e-43eb-8f7b-16842a5fd2db,infraspecies,Plantae,"",Vitis thunbergii thunbergii,1,t0057493,accepted
6c9f3b25-d863-4231-8f29-2fdc9c0b180b,infraspecies,Plantae,"",Aeschynomene americana americana,1,t0033621,accepted
daeab5ca-731d-4d4e-bd14-e68a7d5cf71d,infraspecies,Plantae,"",Alysicarpus vaginalis taiwanensis,1,t0086608,accepted
25008ea5-6d11-4f1f-92f0-6266f69ce9b4,infraspecies,Plantae,"",Amphicarpaea bracteata edgeworthii japonica,1,t0086613,accepted
b8152fb5-6a55-42a4-b43d-3148cef40e36,infraspecies,Plantae,"",Bauhinia variegata candida,1,t0040356,not-accepted
fa001640-88c1-4c08-8237-ce92f146dfc8,infraspecies,Plantae,"",Chamaecrista nictitans patellaria,1,t0058769,not-accepted
eba047f3-105b-47e7-9105-a4a3a8f2f3cc,infraspecies,Plantae,"",Crotalaria pallida obovata,1,t0058877,accepted
e88dc28f-7b4a-431e-a7f7-c7da4bba9f1d,infraspecies,Plantae,"",Desmodium heterocarpon heterocarpon,1,t0102096,not-accepted
71c0e4cf-40d8-4d3b-be30-46542b5c167c,infraspecies,Plantae,"",Desmodium heterocarpon strigosum,1,t0086563,not-accepted
b9d4a38b-e459-418a-8be0-c2621b17af52,infraspecies,Plantae,"",Dumasia villosa bicolor,1,t0084596,accepted
399164c1-5cfe-4b3c-91c0-2f24c8059955,infraspecies,Plantae,"",Entada phaseoloides phaseoloides,1,t0102665,accepted
6f80b56e-9c59-43aa-b4f1-272d3ed69ff1,infraspecies,Plantae,"",Entada phaseoloides tonkinensis,1,t0046111,not-accepted
ed485c12-ae0b-4228-bf34-29f76f980bac,infraspecies,Plantae,"",Entada pursaetha formosana,1,t0046112,not-accepted
208f5788-9dc9-4b41-9bf1-4e47e13f44a4,infraspecies,Plantae,"",Flemingia macrophylla macrophylla,1,t0102100,accepted
26ef3bb7-b37c-4376-b01b-0544e451df5c,infraspecies,Plantae,"",Flemingia macrophylla philippinensis,1,t0053726,not-accepted
6af24fa5-1fc4-49b6-98e3-7a58749f4527,infraspecies,Plantae,"",Galactia tenuiflora tenuiflora,1,t0057443,accepted
3b50ea65-27dc-4238-a22c-9602724d96f6,infraspecies,Plantae,"",Glycine max formosana,1,t0084597,accepted
abf8eda6-cd56-43f1-9a9a-7017bc3fdc30,infraspecies,Plantae,"",Hylodesmum podocarpum podocarpum,1,t0102103,accepted
2401bc22-aa49-423f-a573-5eb4e93f121e,infraspecies,Plantae,"",Lespedeza bicolor japonica,1,t0054217,not-accepted
08dc9dfb-0236-4e90-a8bb-073143d99be8,infraspecies,Plantae,"",Millettia pulchra microphylla,1,t0086899,accepted
957e360d-c23c-4f08-a008-d9f57991bac5,infraspecies,Plantae,"",Mucuna gigantea tashiroi,1,t0084608,accepted
1ab978b4-2d19-4bb4-a66b-14c00a310514,infraspecies,Plantae,"",Mucuna pruriens pruriens,1,t0058577,accepted
59585115-e9e7-4879-86b5-4198810a81de,infraspecies,Plantae,"",Mucuna pruriens utilis,1,t0058578,accepted
03d5bd95-664e-4f07-a435-afdf81247846,infraspecies,Plantae,"",Tadehagi triquetrum pseudotriquetrum,1,t0058341,accepted
d95874b9-c200-40b9-bb56-e69acbce6338,infraspecies,Plantae,"",Vigna minima minima,1,t0102258,accepted
42138ab5-e369-4dc4-9e96-504a83863deb,infraspecies,Plantae,"",Vigna radiata radiata,1,t0057488,accepted
2b88c4fd-8aff-41fd-a2fe-76a7880f3063,infraspecies,Plantae,"",Vigna radiata sublobata,1,t0049308,accepted
1c49944b-b8ca-490b-b21d-1f7be9a7f767,infraspecies,Plantae,"",Photinia serratifolia ardisiifolia,1,t0058989,accepted
0804052e-dc53-4c76-aca8-c067fbf89acd,infraspecies,Plantae,"",Photinia serratifolia lasiopetala,1,t0058991,accepted
32da10e4-4371-4336-811f-f10d1490e49a,infraspecies,Plantae,"",Potentilla matsumurae pilosa,1,t0102120,accepted
bf5da380-3f57-4510-86bf-45df3bc993dd,species,Plantae,"",Rhaphiolepis umbellata,1,t0059175,not-accepted
e1cbd766-164c-4573-8855-f48588fd27c9,infraspecies,Plantae,"",Rosa bracteata bracteata,1,t0086980,accepted
89ab56fb-1f45-49bf-a917-a4bd0611257f,infraspecies,Plantae,"",Rosa bracteata scabricaulis,1,t0059199,accepted
6ab0ee79-ca4c-49df-b4e6-6ac5dd815091,infraspecies,Plantae,"",Rosa multiflora formosana,1,t0055119,not-accepted
a48f318e-ea9f-4d18-87de-396a68ecf21f,infraspecies,Plantae,"",Rosa sericea morrisonensis,1,t0059200,accepted
2320029d-51da-4736-965b-2d5a7397282d,infraspecies,Plantae,"",Rubus nagasawanus arachnoideus,1,t0059205,accepted
1c770b6e-0d0c-41ee-ad70-e96d8b6470ec,infraspecies,Plantae,"",Rubus parvifolius parvifolius,1,t0059208,accepted
e54ffe72-2488-4493-b5af-a68a506a4ee8,infraspecies,Plantae,"",Rubus taitoensis taitoensis,1,t0102128,accepted
f35c82ee-485a-4f47-8168-c07c519cc43b,infraspecies,Plantae,"",Rubus taitoensis aculeatiflorus,1,t0102129,accepted
f2b69e53-3600-441a-9670-22d62a215a87,infraspecies,Plantae,"",Sanguisorba officinalis longifolia,1,t0058184,accepted
e5575017-d7ec-4191-91ae-38ebbb8ac2e3,infraspecies,Plantae,"",Berchemia racemosa magna,1,t0072855,not-accepted
d89a2041-08b1-4cd7-bb4d-3eebc8df23e6,infraspecies,Plantae,"",Rhamnus chingshuiensis tashanensis,1,t0087389,accepted
8de7e755-2b99-46a0-be05-764b4a100ef1,infraspecies,Plantae,"",Sageretia thea taiwaniana,1,t0058178,accepted
b9d3982c-c5e2-444b-8698-48cfb46e03a8,infraspecies,Plantae,"",Ficus aurantiaca parvifolia,1,t0046292,not-accepted
44dc8709-69a2-4974-9276-9ea6e877e519,infraspecies,Plantae,"",Ficus cumingii terminalifolia,1,t0046295,accepted
8caaf0ad-5cb3-492b-9044-6fab7f206ef3,infraspecies,Plantae,"",Ficus microcarpa fuyuensis,1,t0087372,accepted
5f40a449-b9f4-45bc-b7cc-07612b298e9e,infraspecies,Plantae,"",Ficus microcarpa oluangpiensis,1,t0087373,accepted
437349b9-703d-4c28-82f7-5de8d861ebc0,infraspecies,Plantae,"",Ficus microcarpa pusillifolia,1,t0087374,accepted
095d54af-1777-4a8d-aa68-fca2cef40f89,infraspecies,Plantae,"",Ficus pumila pumila,1,t0086814,accepted
dd69a02c-358e-4150-b575-7d944948ae8a,infraspecies,Plantae,"",Ficus sarmentosa nipponica,1,t0046315,accepted
db740478-f94f-4a51-a04a-bb3342604df7,infraspecies,Plantae,"",Ficus tannoensis rhombifolia,1,t0087645,accepted
ba611e1a-e604-41dc-bdf9-ba86345db843,infraspecies,Plantae,"",Ficus variegata garciae,1,t0046321,accepted
f80f23a1-bcd0-434a-bece-1b93ef1e6871,infraspecies,Plantae,"",Ficus pandurata angustifolia,1,t0073959,not-accepted
c2fa421a-159d-4487-b2a9-892c0652fd64,infraspecies,Plantae,"",Ficus pandurata holophylla,1,t0073959,not-accepted
f6a2126e-b945-4357-be69-221febeea112,infraspecies,Plantae,"",Boehmeria blinii podocarpa,1,t0040399,not-accepted
8289719b-944f-4bd4-af0b-d421707005b8,infraspecies,Plantae,"",Boehmeria nivea nivea,1,t0040397,accepted
3f1c92fb-f7dc-49f3-ad09-b72d081400dc,infraspecies,Plantae,"",Boehmeria nivea tenacissima,1,t0086646,accepted
19223db1-182a-4eb7-958a-39657524e9d4,infraspecies,Plantae,"",Droguetia iners urticoides,1,t0053447,accepted
c8159eeb-f946-4bb4-b5b8-bd7c356b1d3b,infraspecies,Plantae,"",Elatostema lineolatum majus,1,t0087370,accepted
90cd71d0-45c0-46f8-9a59-1cfd18c664a3,infraspecies,Plantae,"",Elatostema sessile cuspidatum,1,t0086788,accepted
ddb21379-c67d-4bad-ae97-c098fc9fdf29,infraspecies,Plantae,"",Pilea aquarum brevicornuta,1,t0059004,accepted
ec4cd1c8-fafd-495c-b154-ebbb387a5d29,infraspecies,Plantae,"",Pilea peploides peploides,1,t0086947,not-accepted
c1e0aae8-6506-4213-bee7-d1f8d35bc60b,infraspecies,Plantae,"",Pilea peploides major,1,t0086947,accepted
426121dc-bb17-4128-8cc3-744e810d1016,species,Plantae,"",Castanopsis carlesii,1,t0058734,not-accepted
135c114c-b4c2-47b5-ba98-b1d825fc1c46,infraspecies,Plantae,"",Quercus aliena acutiserrata,1,t0106432,accepted
9a3a4052-15c0-4877-a84f-e08eeb98b6c2,infraspecies,Plantae,"",Quercus glandulifera brevipetiolata,1,t0059148,accepted
744a529e-c038-45ad-ba45-04e6aee1102b,infraspecies,Plantae,"",Quercus serrata brevipetiolata,1,t0059148,not-accepted
4e723e33-1078-49d1-85cf-cd7e934e68e6,infraspecies,Plantae,"",Oxalis acetocella griffithii,1,t0084611,not-accepted
09d4afee-4f53-4fae-8b8f-80f226909d4c,infraspecies,Plantae,"",Oxalis acetocella griffithii formosana,1,t0101126,not-accepted
bed00aeb-6c18-42f8-8a67-439160e6dc25,infraspecies,Plantae,"",Oxalis acetocella taemoni,1,t0084612,not-accepted
35db0ebc-3d4a-4232-b22c-6e338aa669a1,infraspecies,Plantae,"",Elaeocarpus sylvestris lanyuensis,1,t0087369,not-accepted
544ad07a-c98d-4b08-8103-84432168e169,infraspecies,Plantae,"",Viola adenothrix adenothrix,1,t0087107,accepted
0a48ecc6-3de1-42d1-968c-82da548b6206,infraspecies,Plantae,"",Viola adenothrix tsugitakaensis,1,t0087108,accepted
04f4e9ed-96e1-439c-9a1a-e51d118645c0,infraspecies,Plantae,"",Viola inconspicua nagasakiensis,1,t0057491,accepted
08319f65-3b28-4f31-89fb-4d9069e7bdab,infraspecies,Plantae,"",Viola nagasawae nagasawae,1,t0086556,not-accepted
ca2808be-6b58-4bfe-9cce-ad9dec1e0a8d,infraspecies,Plantae,"",Viola nagasawae pricei,1,t0087110,not-accepted
1805b583-9d08-4434-8f6d-2e7058c2ec00,infraspecies,Plantae,"",Viola obtusa tsuifengensis,1,t0087347,accepted
6028d66f-a08d-4a33-9248-434122ba06d1,infraspecies,Plantae,"",Viola verecunda radicans,1,t0049311,not-accepted
588b5570-c43d-4097-bc2a-bc2071166c79,infraspecies,Plantae,"",Salix fulvopubescens fulvopubescens,1,t0058182,accepted
637ea99c-8b27-4262-bbf5-1cdbe3b26102,infraspecies,Plantae,"",Salix fulvopubescens tagawana,1,t0086988,accepted
2399e737-d765-4100-a626-55aebd3b6858,infraspecies,Plantae,"",Salix taiwanalpina takasagoalpina,1,t0086991,accepted
b6c94d8e-32db-4159-ab51-c3dd91d1daa5,infraspecies,Plantae,"",Acalypha indica minima,1,t0033555,accepted
2c2562ba-7107-4621-9d96-45c6f8dcf539,infraspecies,Plantae,"",Acalypha wilkesiana macrophylla,1,t0033559,not-accepted
bf2052bc-e16f-4eae-a79d-b697599f6f0d,infraspecies,Plantae,"",Acalypha godseffiana heterophylla,1,t0033559,not-accepted
eda9e9ce-3845-4f63-9fe2-fd05517795bd,infraspecies,Plantae,"",Excoecaria bicolor purpurascens,1,t0053672,not-accepted
ff0e80b1-171b-4e5d-8ce3-ee9e98bb3281,infraspecies,Plantae,"",Mallotus paniculatus paniculatus,1,t0058501,accepted
6348a886-97cd-445a-a97a-e995e8e444ea,infraspecies,Plantae,"",Antidesma japonicum acutisepalum,1,t0040198,accepted
35ed17ac-3361-443a-8588-dd8d57b3c4ce,infraspecies,Plantae,"",Antidesma japonicum densiflorum,1,t0086625,accepted
a8de9975-00ca-42cc-98c7-416eb0db57e0,infraspecies,Plantae,"",Antidesma pentandrum barbatum,1,t0040199,not-accepted
e1b7302d-13a1-479a-ada2-0d1826e50289,infraspecies,Plantae,"",Glochidion zeylanicum lanceolatum,1,t0057942,accepted
37a41fe1-ba43-48da-9ffa-b6f5d5ef4657,infraspecies,Plantae,"",Glochidion zeylanicum tomentosum,1,t0057943,accepted
9e62509d-2aac-4d04-a55a-4e0486ad7baa,infraspecies,Plantae,"",Rotala indica uliginosa,1,t0086984,accepted
bebc714c-b63f-44a3-bda0-fb54526f6bf1,infraspecies,Plantae,"",Trapa bicornis bicornis,1,t0055638,not-accepted
eaf9423b-9a8d-4df1-9da1-2bba932f0a84,infraspecies,Plantae,"",Trapa bicornis taiwanensis,1,t0055638,not-accepted
5a9a354e-bc88-43c1-910c-f57e2314e49c,infraspecies,Plantae,"",Epilobium brevifolium trichoneurum,1,t0053538,accepted
5c6dd4e2-d050-4536-ba35-a83dde98cc3e,infraspecies,Plantae,"",Syzygium densinervium insulare,1,t0087394,not-accepted
e0f3a1f1-cf93-4681-ad3d-b47514177982,infraspecies,Plantae,"",Bredia hirsuta hirsuta,1,t0102083,accepted
b830a4e3-225d-4222-b103-b0db715bb8e4,infraspecies,Plantae,"",Rhus chinensis roxburghii,1,t0086975,accepted
fdb4d3cb-e5b8-4ce9-bdd1-0ce21632acfb,infraspecies,Plantae,"",Rhus succedanea succedanea,1,t0086976,accepted
e5b2b5a0-f92b-4e93-a119-13d318432f5b,infraspecies,Plantae,"",Rhus succedanea dumoutieri,1,t0087390,accepted
ad447a64-1aad-4f00-a950-479872672272,infraspecies,Plantae,"",Acer tutcheri shimadae,1,t0086590,not-accepted
e62e4e2c-e9f3-4ae1-bc46-6b093b401435,infraspecies,Plantae,"",Glycosmis parviflora erythrocarpa,1,t0086832,accepted
ff5f1cd2-3577-40cb-b186-4c11b5d9237d,species,Plantae,"",Murraya omphalocarpa,1,t0086901,accepted
d028a466-95d7-42a4-b79e-a8767fa9b261,infraspecies,Plantae,"",Zanthoxylum ailanthoides ailanthoides,1,t0057513,accepted
4d5452ca-972c-47fe-bcfe-b2fdb97ad575,infraspecies,Plantae,"",Ailanthus altissima tanakae,1,t0086603,not-accepted
748e30f2-7ce9-47d5-9540-30cb20255b3d,infraspecies,Plantae,"",Abelmoschus manihot pungens,1,t0052517,accepted
0cedd0c3-99ef-4cc0-b2f4-6d377b944f64,species,Plantae,"",Abutilon guineense,1,t0086585,not-accepted
a8c42f3d-9522-49bd-90ca-1459e1287544,infraspecies,Plantae,"",Corchorus aestuans aestuans,1,t0086728,accepted
8e86c910-3996-4a79-9444-5248910e6c8c,infraspecies,Plantae,"",Corchorus aestuans brevicaulis,1,t0086729,accepted
592120c0-c104-4fc9-8dcd-c3dfc8918522,infraspecies,Plantae,"",Sida rhombifolia insularis,1,t0084631,accepted
b29a9368-55a5-4f5c-b146-1f45e596776f,infraspecies,Plantae,"",Sida rhombifolia maderensis,1,t0087043,accepted
03b5be73-6fd9-4956-b363-fce28caffe00,infraspecies,Plantae,"",Daphne kiusiana atrocaulis,1,t0086766,accepted
bfb65faf-ff1b-49ed-9446-f3cfbb31473a,infraspecies,Plantae,"",Capparis micracantha henryi,1,t0040622,accepted
2edcb3f8-0482-46de-8142-02bac13af11c,infraspecies,Plantae,"",Crateva adansonii formosensis,1,t0053153,accepted
e7766af7-7c00-445b-a777-b8da24c82d9c,infraspecies,Plantae,"",Arabidopsis lyrata kamtschatica,1,t0085089,not-accepted
bf1cde2f-e3e1-4e06-a539-12e4deaaebfc,infraspecies,Plantae,"",Brassica oleracea capitata,1,t0040443,not-accepted
3ddccc5a-23c6-473e-9dda-5ab31a176a4b,infraspecies,Plantae,"",Raphanus raphanistrum sativus,1,t0055045,accepted
2419effa-76a6-4cc3-9540-6bccca5ad891,infraspecies,Plantae,"",Raphanus sativus longipinnatus,1,t0055045,not-accepted
d7df4d5d-f668-4191-9f8e-eecdc13c96b1,infraspecies,Plantae,"",Raphanus sativus radicula,1,t0055045,not-accepted
8805484c-74eb-436c-9840-21abdcea3aaa,infraspecies,Plantae,"",Taxillus limprichtii longiflorus,1,t0087068,accepted
d0edcf19-6b66-425c-a120-36aa4136b634,infraspecies,Plantae,"",Rumex crispus japonicus,1,t0059215,not-accepted
c05977af-688a-4090-9b3a-49c35b6d0043,infraspecies,Plantae,"",Cerastium fontanum angustifolium,1,t0052931,accepted
de000b49-8080-4e7f-9e57-3cb4c60d670d,infraspecies,Plantae,"",Cerastium holosteoides hallaisanense,1,t0102235,accepted
fc05c8b7-3d58-4549-ab93-bb81d26f0b83,infraspecies,Plantae,"",Silene fortunei fortunei,1,t0058255,not-accepted
09435b84-07d7-45ce-933c-5d27119fc36b,infraspecies,Plantae,"",Silene fortunei kiruninsularis,1,t0087044,not-accepted
38a04e40-be8d-4a7e-a725-3ce401585957,infraspecies,Plantae,"",Silene fortunei bilobata,1,t0058255,not-accepted
c748702d-da85-47e7-8cef-8bd9dd8f4e44,infraspecies,Plantae,"",Stellaria alsine undulata,1,t0102240,accepted
162d5618-bd40-489a-8501-bc1e414aadae,infraspecies,Plantae,"",Stellaria media procera,1,t0087061,not-accepted
f21393b3-263c-4edc-a40f-0639b0c98e71,infraspecies,Plantae,"",Stellaria media micrantha,1,t0058294,not-accepted
5767ea61-6283-4ee4-bb13-13859ce6c02f,infraspecies,Plantae,"",Stellaria monosperma japonica,1,t0052932,accepted
ac1c6eb6-1f6f-47be-8f98-1651489e737f,infraspecies,Plantae,"",Stellaria monosperma taiwaniana,1,t0052932,not-accepted
3a326225-275c-4a11-b614-212554c0e428,infraspecies,Plantae,"",Achyranthes aspera indica,1,t0033575,accepted
68016ae9-f35f-4acc-b04b-38e72296403a,infraspecies,Plantae,"",Chenopodium acuminatum virgatum,1,t0084589,accepted
759a3405-5c4d-478e-8df8-cab3929d62ce,infraspecies,Plantae,"",Chenopodium album centrorubrum,1,t0052963,not-accepted
d31aa512-b679-4301-8411-300bc005c0af,infraspecies,Plantae,"",Schizophragma integrifolium fauriei,1,t0058035,not-accepted
ef9b78d1-2011-4fe8-9512-79c793087cea,infraspecies,Plantae,"",Benthamidia japonica chinensis,1,t0085095,not-accepted
b4180c41-3f85-42f6-9c96-bbc8df6e2e8b,infraspecies,Plantae,"",Adinandra formosana obtusissima,1,t0086601,accepted
0b262d3a-bcf2-4dd9-8132-b345dcd52596,infraspecies,Plantae,"",Cleyera japonica morii,1,t0086698,accepted
2030b709-0f0e-47d4-a9d1-cb3d70003ecc,infraspecies,Plantae,"",Eurya nitida nitida,1,t0086808,accepted
39be2b2d-8a56-4892-8260-5f2bc5b01ff8,infraspecies,Plantae,"",Eurya nitida nanjenshanensis,1,t0087371,not-accepted
e39fedb4-846f-4458-841d-d9b6edd73e9e,species,Plantae,"",Eurya lui,1,t0105518,accepted
647f49dd-74f7-407f-a347-8064cb059669,infraspecies,Plantae,"",Ardisia cornudentata cornudentata,1,t0084578,accepted
85c79e67-ea73-463c-92c3-15e57f463056,infraspecies,Plantae,"",Ardisia cornudentata morrisonensis,1,t0084579,accepted
a6072b4c-983d-4d9d-92b8-03cfbdac66b5,infraspecies,Plantae,"",Ardisia crispa dielsii,1,t0061026,not-accepted
9d74e0fc-6c83-492b-9356-77bcfc6d2517,infraspecies,Plantae,"",Maesa perlaria formosana,1,t0086524,accepted
5ce9b962-fa3e-4734-97fc-5230942adb8d,infraspecies,Plantae,"",Camellia sinensis assamica,1,t0040586,not-accepted
b009093f-606c-4400-9b8a-233c40494617,infraspecies,Plantae,"",Schima superba superba,1,t0058211,accepted
da3470dc-07c6-44b6-86dd-d3d4a006ed21,infraspecies,Plantae,"",Symplocos cochinchinensis philippinensis,1,t0058320,accepted
f86cec53-f403-4ac8-adfb-3fe9bf68d0cb,infraspecies,Plantae,"",Symplocos congesta theifolia,1,t0105513,accepted
5b9422d2-6358-4ca4-98be-e7beb0340c50,infraspecies,Plantae,"",Shortia rotundifolia ritoensis,1,t0087040,accepted
d6dc5ca6-7ac1-499c-a5a8-b31d2a8d717f,infraspecies,Plantae,"",Shortia rotundifolia subcordata,1,t0087041,accepted
7ea9847e-fbe8-4908-9aad-35e7d4f75c6f,infraspecies,Plantae,"",Shortia rotundifolia transalpine,1,t0087042,not-accepted
a3799e0f-e282-4b83-9699-e6867b0ba199,infraspecies,Plantae,"",Styrax formosanus hayataianus,1,t0087064,not-accepted
bef931c3-aebc-4ab4-b0d1-4848697366db,infraspecies,Plantae,"",Styrax japonicus kotoensis,1,t0086549,accepted
e4ec5821-5843-41c8-bca3-1b4a9be8b6ff,infraspecies,Plantae,"",Actinidia callosa discolor,1,t0033592,accepted
5fb43ee7-d5c1-4a60-afbe-d682d0bc97db,species,Plantae,"",Actinidia setosa,1,t0033595,accepted
086a3ed6-79a3-4250-a90d-37018e8a0860,infraspecies,Plantae,"",Lyonia ovalifolia lanceolata,1,t0058476,accepted
2c19fb60-8913-4f0e-bdf4-2597a74403c6,infraspecies,Plantae,"",Vaccinium japonicum lasiostemon,1,t0057471,accepted
12c68b77-e4a3-4678-a085-8c68fdd39e59,infraspecies,Plantae,"",Vaccinium wrightii formosanum,1,t0057472,accepted
2996767e-4bfa-4a98-b6c1-04429912be0b,infraspecies,Plantae,"",Rhododendron ovatum lamprophyllum,1,t0086971,accepted
7dce2c66-7b79-4869-a6bc-b936dd4fc6f0,infraspecies,Plantae,"",Rhododendron rubropilosum taiwanalpinum,1,t0086974,accepted
1297085a-feeb-43fb-be3e-18ad581b343d,infraspecies,Plantae,"",Mitrastemon yamamotoi yamamotoi,1,t0058552,accepted
cb4f11d7-a6ea-4f58-93cf-09800fba678a,infraspecies,Plantae,"",Aucuba chinensis fongfangshanensis,1,t0086636,accepted
32e6f098-c182-476f-a68e-7dcd3a528209,infraspecies,Plantae,"",Rubia akane akane,1,t0086985,accepted
9b25e41b-e590-4cd1-872f-95ff39101b98,infraspecies,Plantae,"",Rubia akane erecta,1,t0059202,accepted
e5923de5-cf4d-4e13-b3af-62b2a97a0c11,infraspecies,Plantae,"",Lasianthus appressihirtus appressihirtus,1,t0102046,accepted
2554a8b5-b46f-4d81-8618-861c776d7295,infraspecies,Plantae,"",Lasianthus japonicus japonicus,1,t0058123,accepted
9098f42e-a4e8-4f80-b791-31541ae032df,infraspecies,Plantae,"",Lasianthus obliquinervis simizui,1,t0086876,accepted
6e504a36-8a10-46c1-bc63-205802a68b51,infraspecies,Plantae,"",Lasianthus obliquinervis taitoensis,1,t0058124,accepted
2286a553-7d5c-4e17-b223-75c3c72da1fa,infraspecies,Plantae,"",Gentiana davidii formosana,1,t0057932,accepted
a9bbbff4-a03f-47e9-a715-6856f8e8a10a,infraspecies,Plantae,"",Gentiana flavomaculata yuanyanghuensis,1,t0087375,accepted
d82a9fa0-ce4c-4ea5-ae6c-085897f14291,infraspecies,Plantae,"",Centaurium pulchellum altaicum,1,t0086672,accepted
8d65a634-881e-44c9-bbb0-0e2e40706896,infraspecies,Plantae,"",Tripterospermum taiwanense alpinum,1,t0058454,not-accepted
f85316dd-389c-43ec-a031-ec8e5d4dfc3e,infraspecies,Plantae,"",Trigonotis formosana elevatovenosa,1,t0058452,not-accepted
4992c206-cd79-466f-a6b1-05fabc5c2d85,infraspecies,Plantae,"",Cordia aspera kanehirae,1,t0084591,accepted
6fb900af-cda0-4c85-bf4c-2cf6400c145c,infraspecies,Plantae,"",Cuscuta japonica formosana,1,t0053217,accepted
19927bef-aeb1-4eba-951a-7edc89b41d79,infraspecies,Plantae,"",Evolvulus alsinoides decumbens,1,t0086809,accepted
0e9babbe-15f6-441e-913f-544325e7379b,infraspecies,Plantae,"",Solanum biflorum kotoensis,1,t0058473,not-accepted
31f6d03b-52e5-4af1-86e6-4fbaabdcaaee,infraspecies,Plantae,"",Capsicum frutescens conoides,1,t0086667,accepted
2a906546-7229-4c8b-a42f-8f93f4deb7aa,infraspecies,Plantae,"",Datura stramonium tatula,1,t0053302,accepted
754429cf-3ff9-4088-9633-8d1f3194ad47,infraspecies,Plantae,"",Lycopersicon esculentum esculentum,1,t0086890,accepted
7b592e39-18a3-43dc-9865-f851d6dcfc74,infraspecies,Plantae,"",Conandron ramondioides taiwanensis,1,t0053102,not-accepted
0690d892-7044-48fb-90ae-238b105282a5,infraspecies,Plantae,"",Epithema taiwanensis taiwanensis,1,t0046144,not-accepted
8d9442dd-575e-4b6c-ab28-79096076a913,infraspecies,Plantae,"",Epithema taiwanensis fasciculata,1,t0046144,not-accepted
20066001-6691-4a9a-b61b-1514df8ad4c1,infraspecies,Plantae,"",Lysionotus pauciflorus pauciflorus,1,t0086892,accepted
c195b01e-581a-4f10-9105-649ed5b92bf2,infraspecies,Plantae,"",Callitriche palustris oryzetorum,1,t0086664,accepted
e502757f-33e6-4c70-bb4b-49d154c7c768,infraspecies,Plantae,"",Asystasia gangetica micrantha,1,t0085091,accepted
d395e720-2263-4324-afa6-4bf9eda7951f,infraspecies,Plantae,"",Utricularia vulgaris tenuicaulis,1,t0055716,not-accepted
a1a8b3f6-e3b6-44c2-a146-9e7a7ae11499,infraspecies,Plantae,"",Lantana camara mista,1,t0054169,not-accepted
247a0443-fbcf-4f06-854a-e049d7493d03,infraspecies,Plantae,"",Salvia nipponica formosana,1,t0086993,accepted
f9b2223b-92ab-45a1-9045-3d19ef350a97,infraspecies,Plantae,"",Clerodendrum japonicum japonicum,1,t0058834,accepted
132e768f-91f2-4fed-a382-ecb6c021a0e2,infraspecies,Plantae,"",Clerodendrum trichotomum fargesii,1,t0053068,not-accepted
ad68af4a-7222-4220-aa1d-5e471d164360,infraspecies,Plantae,"",Clerodendrum trichotomum ferrugineum,1,t0053068,not-accepted
aba44d57-c0e6-4b2d-ab29-6afa140d97ca,infraspecies,Plantae,"",Callicarpa formosana longifolia,1,t0086663,accepted
0623f8e0-47ae-4859-a577-430c8b82101e,infraspecies,Plantae,"",Callicarpa japonica luxurians,1,t0087359,accepted
e773cfae-013e-4eac-81d5-207508b02923,infraspecies,Plantae,"",Glechoma hederacea grandis,1,t0086831,accepted
388d660b-4974-4f78-9976-cf95d1364ecf,infraspecies,Plantae,"",Lycopus lucidus hirtus,1,t0054348,not-accepted
7489b502-b98e-490e-9ca8-7000e346e05a,infraspecies,Plantae,"",Prunella vulgaris vulgaris,1,t0133599,accepted
e39c321c-0433-4f7e-9357-e544e1eed161,infraspecies,Plantae,"",Prunella vulgaris asiatica nanhutashanensis,1,t0087388,accepted
214dcf82-92a9-4ff3-89da-f7f0228f8f05,infraspecies,Plantae,"",Mosla dianthera nana,1,t0054501,not-accepted
1dcfd591-bd99-4e7f-9c07-db204ee6330f,infraspecies,Plantae,"",Mimulus tenellus japonicus,1,t0086900,misapplied
381dc5b6-2789-485b-90f2-ac1f18004ce7,infraspecies,Plantae,"",Euphrasia transmorrisonensis durietziana,1,t0086806,accepted
78d93b20-0693-480e-a2f7-a0e6271e08e1,infraspecies,Plantae,"",Adenophora triphylla angustifolia,1,t0033605,not-accepted
1d185c17-bce3-4883-9d98-f628d38f6afa,infraspecies,Plantae,"",Senecio nemorensis dentatus,1,t0087039,accepted
6c5cdd93-eca4-4e2a-83fc-1ff3196cfd92,infraspecies,Plantae,"",Senecio scandens scandens,1,t0058244,accepted
959900d1-020b-436f-acfd-afe78f9a1c2c,infraspecies,Plantae,"",Senecio scandens incisus,1,t0058243,accepted
5ae82e2d-7bb8-4397-9931-1a7ab0139ecb,infraspecies,Plantae,"",Vernonia cinerea cinerea,1,t0057477,accepted
a22d0a12-8cca-4fa3-af90-ee7a8a309f82,infraspecies,Plantae,"",Eupatorium chinense tozanense,1,t0086804,accepted
f12423cc-8807-4dea-bada-46ca86780ebd,infraspecies,Plantae,"",Artemisia somae somae,1,t0040264,not-accepted
6d84a39b-144e-4d19-9767-43e2e937fe60,infraspecies,Plantae,"",Artemisia somae batakensis,1,t0086629,not-accepted
cf15ad6c-8e79-4f94-9515-f474480cd2a3,infraspecies,Plantae,"",Bidens pilosa pilosa,1,t0086644,accepted
0092a530-70ac-433d-b80a-2ceab64fa83b,infraspecies,Plantae,"",Aster subulatus sandwicensis,1,t0086634,accepted
2d497f0c-e945-440a-8b9d-f77fd637a6a7,infraspecies,Plantae,"",Gnaphalium hypoleucum amoyense,1,t0086834,accepted
35d0782d-0c65-4988-ba2e-f046d779a468,infraspecies,Plantae,"",Gnaphalium involucratum ramosum,1,t0086836,accepted
b77be58d-9467-49e5-b426-de9e2384b7d4,infraspecies,Plantae,"",Gnaphalium involucratum simplex,1,t0086837,accepted
b50206fe-efaa-4888-a278-763566ff366f,infraspecies,Plantae,"",Gnaphalium luteoalbum affine,1,t0057950,accepted
d0b6c26f-ed4d-43f5-b859-dc46ae101ae2,infraspecies,Plantae,"",Elephantopus scaber oblanceolata,1,t0053517,not-accepted
5be8fba1-b075-4e74-ba95-6bd429633ca9,infraspecies,Plantae,"",Erigeron morrisonensis morrisonensis,1,t0086794,accepted
747c8842-6861-41c4-96f9-63a0c70b2022,infraspecies,Plantae,"",Erigeron morrisonensis fukuyamae,1,t0086793,accepted
ba7c806d-13fe-4ac1-936f-c6f8ec0e6875,infraspecies,Plantae,"",Helianthus debilis cucumerifolius,1,t0057989,accepted
6934ce4b-070f-4ab4-bddd-dd5beaa1ff28,infraspecies,Plantae,"",Dendranthema lavandulifolium tomentellum,1,t0086767,accepted
e259785d-bd46-4d9a-b5c2-bacb7083de4b,infraspecies,Plantae,"",Blumea riparia megacephala,1,t0087352,accepted
11ac1f91-8b79-438f-806e-caae16447e1f,infraspecies,Plantae,"",Centratherum punctatum fruticosum,1,t0085093,accepted
3c94a703-2087-4067-b1f6-b2ca03873320,infraspecies,Plantae,"",Crepidiastrum lanceolatum batakanense,1,t0124404,accepted
312cf5ee-59c7-4eb2-8cf0-b7410cd3552a,infraspecies,Plantae,"",Erechtites hieraciifolius hieraciifolius,1,t0086792,accepted
4ea61834-89c6-4a1c-a7e8-ba0a72da42e9,infraspecies,Plantae,"",Erechtites hieraciifolius cacalioides,1,t0053574,accepted
64976640-2ede-43ef-86aa-1b418f441500,infraspecies,Plantae,"",Farfugium japonicum formosanum,1,t0086810,accepted
68310086-2b0c-4d70-93a3-46fc5ad71237,infraspecies,Plantae,"",Farfugium japonicum nokozanense,1,t0086810,not-accepted
f703d2f9-58b3-44f2-8276-9093232e4ce3,infraspecies,Plantae,"",Picris hieracioides morrisonensis,1,t0084613,accepted
33e6f926-afa2-413a-89e9-43a26a36f709,infraspecies,Plantae,"",Picris hieracioides ohwiana,1,t0084614,accepted
d8464a89-77ad-44bb-b5ec-e904643ce7fe,infraspecies,Plantae,"",Wedelia biflora biflora,1,t0087113,not-accepted
4e27855e-7dd7-4927-86a7-e2ef1d329d3f,infraspecies,Plantae,"",Wedelia biflora ryukyuensis,1,t0086557,not-accepted
445e0add-afe6-4a39-8c18-0aadda563751,infraspecies,Plantae,"",Wedelia prostrata prostrata,1,t0057507,not-accepted
834a2733-afa3-459b-911a-20018576d7c1,infraspecies,Plantae,"",Wedelia prostrata robusta,1,t0057507,not-accepted
54357b63-77eb-40cc-9d89-a3d02664a40e,infraspecies,Plantae,"",Chrysanthemum leucanthemum pinnatifidum,1,t0054222,not-accepted
44e1dd60-b573-468f-a347-0bc84d1a5051,infraspecies,Plantae,"",Polyscias guilfoylei victoriae,1,t0059076,not-accepted
cd1eb861-5d1f-474b-af64-96cee6e3cf8c,infraspecies,Plantae,"",Hedera rhombea formosana,1,t0057987,accepted
622a5efc-69b0-43c9-ae69-d50a206c658d,infraspecies,Plantae,"",Apium graveolens dulce,1,t0052605,not-accepted
291e0447-d350-429b-a3d2-33fa71484351,infraspecies,Plantae,"",Cnidium monnieri formosanum,1,t0086719,accepted
eb09dd66-464f-49b3-8572-6628ec5dce8b,infraspecies,Plantae,"",Ludwigia peploides stipulacea,1,t0074647,not-accepted
5d1c2b65-b6db-459d-9f67-c0c29a314bb7,infraspecies,Plantae,"",Sorghum vulgare technicum,1,t0058273,not-accepted
5841e2b7-abf4-4c4a-a326-0f5d7754b582,species,Plantae,"",Tropidia angustifolia,1,t0055688,not-accepted
fbaceca9-e772-4cfd-b2da-026b4906a116,species,Plantae,"",Rosa indica,1,t0134251,accepted
8c990076-7687-499f-abd2-4862055a1020,species,Plantae,"",Oenothera speciosa,1,t0046088,accepted
c50a7297-fcca-4d71-8bd7-30fa3e53e333,species,Plantae,"",Matteuccia struthiopteris,1,t0131804,accepted
374f84fd-0565-4986-9ba5-dd4d130bcfca,infraspecies,Plantae,"",Oplismenus undulatifolius microphyllus,1,t0058657,not-accepted
fe0bf6f0-cce2-47b7-9e75-68719c661ebb,species,Plantae,"",Sedum kwanwuense,1,t0075859,accepted
c1b5e51a-85e7-421f-b740-2e81136686da,species,Plantae,"",Sedum taiwanalpinum,1,t0075862,accepted
b4644c13-e436-4f30-9257-bb9e5cdadd82,species,Plantae,"",Begonia cucullata,1,t0040358,accepted
e065895d-80f3-4b17-bae0-101f199c5603,species,Plantae,"",Daphniphyllum pentandrum,1,t0103339,accepted
1579335f-68e4-4ba4-959b-111d299aff35,species,Plantae,"",Daphniphyllum macropodum,1,t0084595,accepted
08929496-35eb-4f18-a439-15767202f7de,species,Plantae,"",Hymenophyllum punctisorum,1,t0105397,accepted
931f09dd-02a1-4e15-835a-137eaaa62c2c,species,Plantae,"",Dryopteris transmorrisonensis,1,t0026700,accepted
7dbee0a3-5c8e-40ba-8248-9ec264c8d2a9,species,Plantae,"",Sladenia celastrifolia,1,t0134940,accepted
a80e5528-9554-4e6d-95e5-0d628fbde960,infraspecies,Plantae,"",Juniperus chinensis taiwanensis,1,t0058103,not-accepted
8fe4d0b8-eba8-410a-835a-ea5f9f803e30,infraspecies,Bacteria,"",Microcystis aeruginosa aeruginosa,1,t0091527,accepted
e7c9d75b-7797-4b5a-a0e4-0f1101d681a7,species,Plantae,"",Pandorina morum,1,t0075078,accepted
4f99b9ca-bc7b-462d-8418-fd2d055f4b59,species,Plantae,"",Pediastrum integrum,1,t0075141,accepted
7a2ee701-b182-4f83-ae30-3cf088ef8946,species,Plantae,"",Chodatella chodatii,1,t0073218,accepted
db84b6a5-93c4-42cb-9b5c-b82f60c47f89,species,Plantae,"",Kirchneriella aperta,1,t0074453,accepted
d8f330fa-14ab-4bd7-a468-980a538db2b9,species,Plantae,"",Kirchneriella dianae,1,t0074456,accepted
444d5e40-32fa-4d88-8d91-c127c3834192,species,Plantae,"",Coelastrum microporum,1,t0073365,accepted
6a4de24e-3f5b-4d55-8175-a60dbc48a6e6,species,Plantae,"",Scenedesmus circumfusus,1,t0075781,accepted
3bbb11e9-731c-4e4b-a970-8652fd3770d9,species,Plantae,"",Scenedesmus intermedius,1,t0075791,not-accepted
05f7a29a-3b66-4702-b238-7a3a1b62ab64,infraspecies,Plantae,"",Scenedesmus intermedius valatonicus ophilus,1,t0075791,not-accepted
5994b592-8495-45e4-b30b-87ea88f4af3e,species,Plantae,"",Scenedesmus lefevrii,1,t0075793,accepted
91cfec73-2a46-40f2-b1fd-76673c4265be,species,Plantae,"",Scenedesmus pannonicus,1,t0075800,accepted
0e29c67d-9bc4-41e3-ac06-c68cad8aeb71,infraspecies,Plantae,"",Scenedesmus pannonicus pannonicus,1,t0087021,accepted
261fca07-ab6f-453c-b32c-ab389db30b6e,species,Plantae,"",Tetraedron pentaedricum,1,t0069578,accepted
13321a90-4105-4682-9182-df1fcd1bdb8c,species,Plantae,"",Tetraedron regulare,1,t0069580,accepted
38d9a8fe-4214-4cdd-a139-092bfab3e194,species,Plantae,"",Cosmarium moerlianum,1,t0073499,accepted
b7c269d7-5b91-4079-a9bd-2816a627ce85,species,Plantae,"",Cosmarium sportella,1,t0073518,accepted
d9372dbb-6d72-4602-a8e4-2120cd4e280b,species,Plantae,"",Cosmarium subgranatum,1,t0073522,accepted
dcbfe850-b222-4a1a-992d-4492e2af5cb7,class,Plantae,"",Andreaeobryopsida,1,t0000426,accepted
06a4e299-fc5b-4a4f-8317-8b6a210b37e2,class,Plantae,"",Oedipodiopsida,1,t0000450,accepted
e86763e5-a662-4846-a12a-b1c6ad4cc49a,class,Plantae,"",Leiosporocerotopsida,1,t0000444,accepted
12176278-5927-4c6f-8fb3-fb59ff7904f8,subclass,Plantae,"",Buxbaumiidae,1,t0000634,accepted
2aac3dbf-9e23-42d9-8d86-7330ef747978,subclass,Plantae,"",Diphysciidae,1,t0000638,accepted
7f961e73-aaed-4194-802f-4b4a9276e9b0,subclass,Plantae,"",Funariidae,1,t0000639,accepted
c8ddaa6d-bfbf-466a-9fb6-b0647fd4cb97,subclass,Plantae,"",Dicranidae,1,t0000637,accepted
4586488f-4464-4318-8133-553763630074,subclass,Plantae,"",Bryidae,1,t0000633,accepted
d0211808-59b9-4fda-8ae7-198e7419c384,subclass,Plantae,"",Anthocerotidae,1,t0000632,accepted
24f38827-c077-4272-9303-2704a5e18bd4,subclass,Plantae,"",Dendrocerotidae,1,t0000636,accepted
fd20e038-ad2d-4d75-901f-a5c97cb99b45,order,Plantae,"",Sphaerocarpales,1,t0001639,accepted
5361f0b8-c800-42f5-a8b3-864581f63c99,order,Plantae,"",Neohodgsoniales,1,t0001593,accepted
c4d565eb-bf12-41c6-bac2-fc8ef40539ea,order,Plantae,"",Ambuchananiales,1,t0001514,accepted
05423032-10d9-428c-a0be-18c5f4a573b0,order,Plantae,"",Andreaeobryales,1,t0001516,accepted
ca079c1a-7ab9-45f0-ab35-b3fd1ad9ab0f,order,Plantae,"",Oedipodiales,1,t0001596,accepted
39ac6c3a-9cec-47de-9cd1-23bc6c48a371,order,Plantae,"",Diphysciales,1,t0001552,accepted
9e1635fd-c442-4437-8b66-fe3a3b5235e3,order,Plantae,"",Gigaspermales,1,t0001563,accepted
92129ce1-6357-476d-8939-b73c4952d800,order,Plantae,"",Encalyptales,1,t0001555,accepted
007d56ec-8a02-4144-9e3e-cf2eab03628e,order,Plantae,"",Timmiales,1,t0001648,accepted
40f45786-910c-4e46-96c5-b6c0f7e380d0,order,Plantae,"",Hedwigiales,1,t0001571,accepted
ac1e0e9a-a868-4ed7-b60a-50ee4d2878fb,order,Plantae,"",Bartramiales,1,t0001522,accepted
117cbc1f-3b08-4746-bbf1-12bbceb62b85,order,Plantae,"",Splachnales,1,t0001642,accepted
17ee2e9b-bf85-4bec-9a73-6b182c713cce,order,Plantae,"",Rhizogoniales,1,t0001625,accepted
c0b0b344-b7b1-4117-afcf-3855e9aba4e6,order,Plantae,"",Aulacomniales,1,t0126583,accepted
faf629ad-ad03-4da7-8302-5d2d6232a76d,order,Plantae,"",Hypnodendrales,1,t0001576,accepted
7634c509-3d71-414f-b072-79e8ba2ca7a0,order,Plantae,"",Ptychomniales,1,t0001623,accepted
33d39113-2582-46fe-9e2d-e9fcea8bbd50,order,Plantae,"",Leiosporocerotales,1,t0001580,accepted
466874fe-1419-474d-87ad-97ef99342e23,family,Plantae,"",Amphidiaceae,1,t0126011,accepted
e3d32dee-3bc1-4be7-9d37-eac1479852e8,family,Plantae,"",Dicranellaceae,1,t0129019,accepted
501fc42a-4ec3-4613-b8f6-e7dd35349ccd,family,Plantae,"",Schistostegaceae,1,t0134670,accepted
374104ef-c200-4d31-a4a3-5042878ae650,family,Plantae,"",Tetraphidaceae,1,t0135502,accepted
a9a4aa5f-2a3c-42ac-8d4a-a17520ac5f1f,family,Plantae,"",Timmiaceae,1,t0135614,accepted
19588b4c-a4d2-493d-bbed-223a739870f5,family,Plantae,"",Bruchiaceae,1,t0127300,accepted
b380d129-4950-4e77-aaa5-6b2008ba58cf,family,Plantae,"",Rhabdoweisiaceae,1,t0134019,accepted
3d728187-9fe4-4b10-984f-421ae55f6361,family,Plantae,"",Meesiaceae,1,t0131826,accepted
0a74d7f2-4349-4727-b6d2-6af78b00fc23,family,Plantae,"",Aulacomniaceae,1,t0126582,accepted
14e21f76-94b6-4abe-bb72-aa0e7f10860b,family,Plantae,"",Anomodontaceae,1,t0126155,accepted
3c30124a-200e-45bf-b21d-fc92bc11f4ae,family,Plantae,"",Calliergonaceae,1,t0127424,accepted
9e0caf25-5d5f-453f-9499-05a76ac69387,genus,Plantae,"",Schistostega,1,t0134668,accepted
3e10a1f3-dc24-4598-b7e8-87aa92bbb92e,genus,Plantae,"",Timmia,1,t0135611,accepted
2da548e6-5e8c-437b-94cd-8c006f5eafe3,genus,Plantae,"",Aphanolejeunea,1,t0091780,accepted
98f411ba-e31b-445d-b343-51a64b14101b,genus,Plantae,"",Rhaphidolejeunea,1,t0125265,not-accepted
9e7b7784-88be-452c-9048-9431faa92432,genus,Plantae,"",Chandonanthus,1,t0095235,accepted
6a92b4a6-11fe-41ed-be9e-bf29041ca655,genus,Plantae,"",Tetrodontium,1,t0135520,accepted
8e0d3b1a-766a-462e-9360-53b743bd5045,genus,Plantae,"",Kiaeria,1,t0131049,accepted
64980194-9538-4d0b-9988-25771585bd37,genus,Plantae,"",Tortella,1,t0094794,accepted
01808530-0cc4-4439-9bfb-686184e0a8c4,genus,Plantae,"",Ephemerum,1,t0095872,accepted
6a4f45d6-fb4b-4358-9e84-da6dc3aaa37f,genus,Plantae,"",Drepanocladus,1,t0095837,accepted
63d3feaf-8264-444c-ae84-374d28918ced,genus,Plantae,"",Oxyrrhynchium,1,t0095743,accepted
0391c79d-7dec-425f-9736-2292ac6525cf,genus,Plantae,"",Campylophyllum,1,t0127482,accepted
d9c435f4-1920-4bde-9f2b-075856d258c6,genus,Plantae,"",Pylaisia,1,t0133864,accepted
ef0bf401-2461-46d2-b981-7ada131cc591,genus,Plantae,"",Leskeella,1,t0094603,accepted
88b5531a-ebdc-4c49-a60f-e388a52166c0,species,Plantae,"",Apotreubia nana,1,t0061006,accepted
d6d224e5-ef7c-4a4f-ad14-43064bdf36b8,species,Plantae,"",Haplomitrium mnioides,1,t0074225,accepted
39ac21e8-adef-487d-b250-2538a0f58205,species,Plantae,"",Lunularia cruciata,1,t0074651,accepted
037657eb-44e1-413b-970c-dd30d3d01424,species,Plantae,"",Marchantia formosana,1,t0074732,accepted
008435fd-378e-4fed-ad28-d094fac37d64,species,Plantae,"",Marchantia pinnata,1,t0074734,accepted
d8d0ba34-eff6-49ab-81c0-fe4894e1bd22,species,Plantae,"",Asterella monospiris,1,t0061071,not-accepted
a4ae982f-fed8-4bed-ab74-135b72254088,species,Plantae,"",Asterella yoshinagana,1,t0061070,not-accepted
71edb6be-f1ae-4a52-aeff-a083ad206564,species,Plantae,"",Plagiochasma appendiculatum,1,t0075340,accepted
cdd3f400-3b51-410d-bf33-af9b8a4a6569,species,Plantae,"",Plagiochasma intermedium,1,t0075342,accepted
fa49b948-69a2-426e-99b5-1830c7b82929,species,Plantae,"",Plagiochasma pterospermum,1,t0075344,accepted
e0151b00-2cfc-439c-bd09-734756d09f7c,species,Plantae,"",Reboulia hemisphaerica,1,t0075612,accepted
91336e5c-c4e0-4e0d-acf4-65786cffd465,species,Plantae,"",Monosolenium tenerum,1,t0074842,accepted
a6898663-f583-45cd-9fe5-1c9a529bfe19,species,Plantae,"",Conocephalum japonicum,1,t0073438,accepted
5d2b80da-10f3-4424-8c7e-215df187b3f4,species,Plantae,"",Targionia hypophylla,1,t0069532,accepted
975fa78f-59f4-4bf6-8741-e449ad8503da,species,Plantae,"",Dumortiera hirsuta,1,t0073767,accepted
65f3babb-a802-492d-bc5e-639c760a8d2b,species,Plantae,"",Riccia glauca,1,t0075684,accepted
ecf243a2-457d-4201-ab16-da7d413f96f1,species,Plantae,"",Pellia endiviifolia,1,t0075156,accepted
d4bb2584-a030-471d-8a9d-9c18cc1f01c3,species,Plantae,"",Pellia neesiana,1,t0075158,accepted
cb14ff69-ef5f-45ed-b6c4-abd9304941d1,species,Plantae,"",Calycularia crispula,1,t0072996,accepted
f61c26e9-d4b2-4719-882f-d96b3bfd941a,species,Plantae,"",Pallavicinia ambigua,1,t0075063,accepted
96a9ce2a-f8eb-4b2f-a5ff-0eb650aa5274,species,Plantae,"",Pallavicinia lyellii,1,t0075065,accepted
4de7d310-3f33-4329-a3cc-db7ed222965e,species,Plantae,"",Pleurozia acinosa,1,t0075413,accepted
0267a503-4326-4c98-b679-4b609cdd09ad,species,Plantae,"",Pleurozia purpurea,1,t0075415,accepted
b2e026e4-bd73-47bb-aa28-628cfc4a2011,species,Plantae,"",Metzgeria fauriana,1,t0058534,not-accepted
c85a9167-bb65-46f6-a450-4ef0e16fea37,species,Plantae,"",Metzgeria furcata,1,t0058534,accepted
4e88f5b1-bc73-44ab-8052-b711ec36a668,species,Plantae,"",Metzgeria lindbergii,1,t0074793,accepted
275cd8db-bb96-4159-827b-d703055b47eb,species,Plantae,"",Aneura maxima,1,t0060963,accepted
8e459fbc-61c7-405c-a461-bf8cd0421dba,species,Plantae,"",Riccardia angustata,1,t0075669,accepted
2ff4cade-b85f-4022-9b38-6a423987ba49,species,Plantae,"",Riccardia crenulata,1,t0075672,accepted
dd78f778-9229-48c5-88b9-842ab21feaeb,species,Plantae,"",Riccardia formosensis,1,t0075674,accepted
ef143119-801b-48fe-ad8e-1863047ceb7b,species,Plantae,"",Riccardia kodamae,1,t0075676,accepted
a7d3b50d-5b20-494b-93c3-50b8f62549d3,species,Plantae,"",Riccardia multifida,1,t0075679,accepted
beb32c3d-b24f-4a64-8ed4-28530be687d1,species,Plantae,"",Riccardia palmata,1,t0075680,accepted
9a709ca9-490b-4980-a12a-94196f325463,species,Plantae,"",Riccardia submultifida,1,t0075682,accepted
8de38357-feb1-416b-b14f-f4c369b1cbb7,species,Plantae,"",Porella caespitans,1,t0075459,accepted
30919de7-7eed-4a70-ac96-6806004c6463,species,Plantae,"",Porella gracillima,1,t0075461,accepted
6f557ff8-a967-4e38-8404-62d9656cd155,species,Plantae,"",Porella japonica,1,t0075463,accepted
3f11096f-b588-409c-9538-37f13b498e42,species,Plantae,"",Porella perrottetiana,1,t0075465,accepted
5574e7c4-8e24-44c7-982e-4d76c225cfa0,species,Plantae,"",Porella vernicosa,1,t0075468,accepted
c826dc36-ad8e-4f96-a980-74a9cfbf119e,species,Plantae,"",Radula acuminata,1,t0075583,accepted
e1033a7c-e089-477a-919c-0c0350a6ffa4,species,Plantae,"",Radula campanigera,1,t0075587,accepted
3137102b-a621-41ff-ae68-86325e66f0ec,species,Plantae,"",Radula chinensis,1,t0075589,accepted
36ca0e1c-55e8-4287-8937-781151759c22,species,Plantae,"",Radula constricta,1,t0075590,accepted
03d46268-df15-431b-b8c9-ea2c65ea328d,species,Plantae,"",Radula inouei,1,t0075593,accepted
9fe4c889-f514-43fe-b569-69974ca273e1,species,Plantae,"",Radula javanica,1,t0075595,accepted
c1feb16b-b8e3-41a7-92a6-ba76d3cc0876,species,Plantae,"",Radula obscura,1,t0075598,accepted
1399e3dd-dacb-48f7-a521-7224007c85b7,species,Plantae,"",Radula onraedtii,1,t0075600,accepted
2fa53b3c-ffe1-4b22-8ef6-9fe622838c29,species,Plantae,"",Radula perrottetii,1,t0075602,accepted
f9518aac-ea86-4297-9e97-80c9a3045d81,species,Plantae,"",Radula tokiensis,1,t0075606,accepted
de76340a-fcf7-46f3-9562-f70fc3c2f038,species,Plantae,"",Frullania amplicrania,1,t0074016,accepted
5e0656e5-1702-458b-9979-8b01c73ec03e,species,Plantae,"",Frullania arecae,1,t0074018,accepted
d9bad95a-ebf3-4cf8-bf3a-4f400bd8a513,species,Plantae,"",Frullania densiloba,1,t0074022,accepted
ecaf4be2-34fa-44e2-abbc-f2f509f534bb,species,Plantae,"",Frullania ericoides,1,t0074025,accepted
56dd0b25-7565-4f73-93ae-79dea4828f19,species,Plantae,"",Frullania formosae,1,t0074026,accepted
ea9fc4d8-0c16-4c69-99e6-0d77bd57fc9e,species,Plantae,"",Frullania gaudichaudii,1,t0074027,accepted
82754baf-930e-49db-bd96-f28e72e779a0,species,Plantae,"",Frullania hamatiloba,1,t0074030,accepted
741a632f-ccea-4c97-9c41-5e04bc2c953b,species,Plantae,"",Frullania hypoleuca,1,t0074032,accepted
d3f86361-34eb-40d2-bb8f-98db2b88fce2,species,Plantae,"",Frullania inouei,1,t0074035,accepted
2e0e584f-a2d0-4c8c-82c0-2b0ff1426b93,species,Plantae,"",Frullania macrophylla,1,t0074038,accepted
1d315b90-f146-4b55-b3d3-f8f9cff33376,species,Plantae,"",Frullania moniliata,1,t0074040,accepted
22ce72de-75d9-483b-8c36-f4c5665d2fe2,species,Plantae,"",Frullania motoyana,1,t0074042,accepted
a60108ec-65cd-4c5d-bd21-ced5f71c2259,species,Plantae,"",Frullania nepalensis,1,t0074044,accepted
692ccceb-c33f-4bab-bae6-f45d7972db26,species,Plantae,"",Frullania osumiensis,1,t0074046,accepted
8907a557-5464-4611-b70f-6da62c6c5b44,species,Plantae,"",Frullania riojaneirensis,1,t0074050,accepted
69be80af-c1df-4b48-9be5-ad22c22ec80b,species,Plantae,"",Frullania schensiana,1,t0074052,accepted
521d6040-7966-4048-ac6f-e135f707e6df,species,Plantae,"",Frullania sphaerolobulata,1,t0074054,accepted
403e0297-7335-4bc7-808d-56c7c7301d31,species,Plantae,"",Frullania tamarisci,1,t0074056,accepted
08f585b0-e0fe-416a-8cd0-ae37f86a91c2,species,Plantae,"",Frullania ternatensis,1,t0074058,accepted
11864986-a632-4bf1-8b87-5c58152a7377,species,Plantae,"",Frullania valida,1,t0074060,accepted
a21f33a6-f10f-492d-b85c-acce2934c404,species,Plantae,"",Jubula japonica,1,t0074432,accepted
c133f94d-9e3b-47be-9bc5-93b27aa4f2b1,species,Plantae,"",Nipponolejeunea subalpina,1,t0074944,accepted
e600a5df-105c-4972-b8cc-77cac950d9fb,species,Plantae,"",Aphanolejeunea grossepapillosa,1,t0073391,not-accepted
80f84888-cfe6-4f14-b0f3-2d43823097e7,species,Plantae,"",Aphanolejeunea truncatifolia,1,t0058853,not-accepted
c166321b-3c18-46c4-8c6b-71a0df0bb303,species,Plantae,"",Ceratolejeunea belangeriana,1,t0073136,accepted
9fb741e6-4373-4a65-84a7-892154e8884e,species,Plantae,"",Cheilolejeunea chenii,1,t0073172,accepted
68a50762-0b31-44b9-bc82-2f86304991bf,species,Plantae,"",Cheilolejeunea intertexta,1,t0073176,accepted
e22c8fb8-4870-4374-98b0-f1d6bd6c1e7d,species,Plantae,"",Cheilolejeunea longiloba,1,t0073175,not-accepted
ac8c1490-a908-49da-9c8f-b2187c392995,species,Plantae,"",Cheilolejeunea trifaria,1,t0073183,accepted
53b6adb0-37f8-412b-a1d2-67eb7c550058,species,Plantae,"",Cololejeunea appressa,1,t0073384,accepted
669dc729-7f00-44de-b6b3-f6a9e0dd2c2b,species,Plantae,"",Cololejeunea denticulata,1,t0073385,accepted
7ccdf7a6-89f1-43d1-ab10-c6f6a29c908a,species,Plantae,"",Cololejeunea falcata,1,t0073388,accepted
4a6fc389-2563-46cd-97fe-d99864ad9a59,species,Plantae,"",Cololejeunea gottschei,1,t0073390,accepted
ed14b09a-8572-4631-b0ee-89bdee2eec3d,species,Plantae,"",Cololejeunea inflata,1,t0073394,accepted
2fcf1b19-5835-45fa-beeb-0c2ff39c50bc,species,Plantae,"",Cololejeunea latilobula,1,t0073396,accepted
c092905b-9132-4225-b25e-81b2a5bebf60,species,Plantae,"",Cololejeunea mackeeana,1,t0073398,accepted
05d5c21f-d53c-49bd-877a-a2603d8e4ea3,species,Plantae,"",Cololejeunea magnilobula,1,t0073400,accepted
19bac146-1f4e-42f4-a448-60e16be087ce,species,Plantae,"",Cololejeunea magnistyla,1,t0073401,accepted
7fa69d76-9b3a-4b10-8615-049a1f0a1bec,species,Plantae,"",Cololejeunea ocellata,1,t0073404,accepted
96b3ad54-4b1b-4404-837d-3e364ebf38c0,species,Plantae,"",Cololejeunea planissima,1,t0073407,accepted
d84f8d24-6c9f-4f46-8b1c-fad74f236bcd,species,Plantae,"",Cololejeunea raduliloba,1,t0073410,accepted
406d1ae6-9613-44ef-a1cc-bf8aa111b92b,species,Plantae,"",Cololejeunea schmidtii,1,t0073412,accepted
9ae4429b-fa86-4220-95bc-95c566ba2308,species,Plantae,"",Cololejeunea sigmoidea,1,t0073415,accepted
f3f92fbd-ccce-485a-b8dd-5b86b5fdbc6d,species,Plantae,"",Cololejeunea spinosa,1,t0073416,accepted
5fc86dd4-dc5c-4f84-9355-7c6503ae6c3c,species,Plantae,"",Cololejeunea tenella,1,t0073420,accepted
195db882-67b2-43ab-8ecd-b3d171859d21,species,Plantae,"",Cololejeunea trichomanis,1,t0073421,accepted
c3799680-afae-4ae5-9f0b-e6bd09ee9dcb,species,Plantae,"",Cololejeunea verrucosa,1,t0073422,accepted
3b052e6d-f3a9-4b04-b47e-b37b19dbb294,species,Plantae,"",Colura acroloba,1,t0073428,accepted
e6d1c81f-f003-474c-bbb4-cb74cccfca94,species,Plantae,"",Colura inuii,1,t0073431,accepted
8491f820-ae22-44d5-abbe-ed744a95ad65,species,Plantae,"",Diplasiolejeunea cavifolia,1,t0073716,accepted
9a822fd4-7545-483e-a342-5c39e659efdb,species,Plantae,"",Drepanolejeunea angustifolia,1,t0073749,accepted
d707cf87-d7ce-473a-a4b2-20ec1a76ae7a,species,Plantae,"",Drepanolejeunea dactylophora,1,t0073751,accepted
c6146dd2-97d1-4664-9a36-f08da8e84980,species,Plantae,"",Drepanolejeunea foliicola,1,t0073753,accepted
d244e564-42b9-46d5-9236-185dcbe2cd3f,species,Plantae,"",Drepanolejeunea formosana,1,t0075483,not-accepted
c9edf978-3570-44c8-a84c-1fabc402cebc,species,Plantae,"",Drepanolejeunea pentadactyla,1,t0073755,accepted
4b86b066-6296-47ab-add3-6d8989ab0f2b,species,Plantae,"",Drepanolejeunea ternatensis,1,t0073756,accepted
4a601743-81b9-4ee2-ba67-9f06574a9325,species,Plantae,"",Drepanolejeunea yunnanensis,1,t0073758,accepted
a4b633af-d748-43b4-85dc-0831b211c76c,species,Plantae,"",Lejeunea aquatica,1,t0074510,accepted
1f9b31c0-3708-427c-b8f6-12c5341e004c,species,Plantae,"",Lejeunea cocoes,1,t0074514,accepted
e1a4b87c-a3d7-4019-8ac4-e0ada9c47fe1,species,Plantae,"",Lejeunea discreta,1,t0074517,accepted
29a68300-b97c-4d49-9d1a-5f5caa3f3edd,species,Plantae,"",Lejeunea flava,1,t0074520,accepted
503388db-5a01-42ba-92a3-735d71fffae4,species,Plantae,"",Lejeunea japonica,1,t0074521,accepted
dea50802-d22b-4bb4-b54e-ba2a932e5e57,species,Plantae,"",Lejeunea leratii,1,t0074522,accepted
c1e8ea23-3558-4b15-b08c-0c6d2a18e1d8,species,Plantae,"",Lejeunea pallidevirens,1,t0074525,accepted
79209561-2015-4301-9ed9-2ab1dfa9bf08,species,Plantae,"",Lejeunea parva,1,t0074526,accepted
602992a4-e2c1-4411-98c7-1d9a6354a1ab,species,Plantae,"",Lejeunea sordida,1,t0074529,accepted
3fec652f-ab4f-4114-b82b-6faef39ce5f6,species,Plantae,"",Lejeunea wightii,1,t0074532,accepted
abf5e84f-b612-43a5-b800-601885b3879a,species,Plantae,"",Leptolejeunea elliptica,1,t0074548,accepted
e03db735-49b5-4eab-ba14-ff5271870339,species,Plantae,"",Leptolejeunea epiphylla,1,t0074550,accepted
6463a95c-03da-4252-b95e-bb6ed1359ad5,species,Plantae,"",Leucolejeunea paroica,1,t0074572,accepted
4ed6ba64-fa2d-445b-9954-5272ebb293be,species,Plantae,"",Mastigolejeunea auriculata,1,t0074748,accepted
1003398f-4255-4815-ada3-46add7495b61,species,Plantae,"",Metalejeunea cucullata,1,t0074781,accepted
9d8b4dca-9693-4816-9fea-bbbe9020e43c,species,Plantae,"",Microlejeunea ulicina,1,t0074816,accepted
0d28fdd7-443a-41ef-a2fe-0d225142a278,species,Plantae,"",Ptychanthus striatus,1,t0075530,accepted
8873890c-4ca7-4980-ba64-ca16ef082780,species,Plantae,"",Pycnolejeunea minutilobula,1,t0075535,accepted
98aa1609-ca5d-4baa-8c3e-ae8a6129b733,species,Plantae,"",Rhaphidolejeunea foliicola,1,t0073753,not-accepted
3f95afa8-b15b-4773-a57b-4fb4391f65f7,species,Plantae,"",Spruceanthus marianus,1,t0075971,accepted
b31a3d28-8e2d-4dc3-9ecb-f80746db803b,species,Plantae,"",Spruceanthus semirepandus,1,t0075973,accepted
4dd9d9fc-7f34-49f0-b5bc-2f37e90e687d,species,Plantae,"",Thysananthus aculeatus,1,t0069634,accepted
2c9d2f7f-747a-42ba-94e3-5e1abd99f471,species,Plantae,"",Thysananthus spathulistipus,1,t0069636,accepted
87382faa-ce8a-422d-9478-d7c4bc061537,species,Plantae,"",Tuyamaella molischii,1,t0069716,accepted
dc47405b-e611-4bcb-9bbe-d552aab3276f,species,Plantae,"",Trichocolea merrillana,1,t0069674,accepted
3ff4643a-4a42-4021-9563-7399b25869ec,species,Plantae,"",Trichocolea tomentella,1,t0069675,accepted
313f565b-8bee-4a27-b54c-144da549ce56,species,Plantae,"",Bazzania albifolia,1,t0072805,accepted
f3654a37-507a-45db-a172-e303bfb98d1c,species,Plantae,"",Bazzania conophylla,1,t0072808,accepted
40ed0cfb-441d-46e4-8e45-799773d14411,species,Plantae,"",Bazzania imbricata,1,t0072810,accepted
c40c50e7-038e-474c-bd67-e37b48fba351,species,Plantae,"",Bazzania magna,1,t0072812,accepted
aaa82e2d-a86b-41ac-8cb4-8bdc90bffb52,species,Plantae,"",Bazzania oshimensis,1,t0072813,accepted
81af858a-f409-4dc1-8b10-f5207fa4165e,species,Plantae,"",Bazzania pearsonii,1,t0072815,accepted
039a0d80-97cc-4c78-bda9-f7970dc3e78b,species,Plantae,"",Bazzania revoluta,1,t0072817,accepted
0fdad5ae-9f7a-4490-9cfe-eabf516c7ac9,species,Plantae,"",Bazzania sikkimensis,1,t0072819,accepted
e3404707-e213-4e25-91cc-a8b00b1ca858,species,Plantae,"",Bazzania tricrenata,1,t0072821,accepted
0f8ec1eb-791d-4c2a-b5a7-a41ea128467f,species,Plantae,"",Bazzania trilobata,1,t0072823,accepted
d48471e7-4eb6-4c7a-82ae-cd74b50e0308,species,Plantae,"",Kurzia gonyotricha,1,t0074471,accepted
3b854633-b52b-4a54-82e3-7ad27c5e5751,species,Plantae,"",Lepidozia fauriana,1,t0074537,accepted
9954fd2f-9b82-4849-879c-460fa22195ec,species,Plantae,"",Lepidozia reptans,1,t0074539,accepted
8dd554d3-6b58-45ae-b1df-6bc9fd244cad,species,Plantae,"",Lepidozia trichodes,1,t0074541,accepted
e7236723-c23c-4c70-bc3c-fcd772ea3676,species,Plantae,"",Lepidozia wallichiana,1,t0069558,not-accepted
a2030165-a4a8-48b8-88e4-46da701951c8,species,Plantae,"",Cephalozia catenulata,1,t0073118,accepted
9d4bf76d-8729-4d14-a89c-3054c52cb2ea,species,Plantae,"",Cephalozia otaruensis,1,t0058750,not-accepted
c30e90a5-fd68-47b0-89b0-a64858a1f58b,species,Plantae,"",Odontoschisma grosseverrucosum,1,t0074982,accepted
8b6b2f80-5173-4d7c-90d3-17665135c5b7,species,Plantae,"",Cephaloziella microphylla,1,t0073121,accepted
fe44e71c-5a90-43f3-9c89-f76ea125b210,species,Plantae,"",Gottschelia schizopleura,1,t0074157,accepted
2b63de7c-1bab-4919-a696-4e33ece5ff4f,species,Plantae,"",Diplophyllum andrewsii,1,t0073721,accepted
a45f29cc-1280-4d2f-abf2-730322840e61,species,Plantae,"",Diplophyllum taxifolium,1,t0073724,accepted
465c0eeb-4a89-46bc-9a2f-c36061c03fd0,species,Plantae,"",Scapania ciliata,1,t0075754,accepted
8644d4dc-e13b-431a-87ab-b8d73733c5fe,species,Plantae,"",Scapania ferruginea,1,t0075757,accepted
6ad29986-72b5-46ed-bd67-3dc0990901b3,species,Plantae,"",Scapania griffithii,1,t0075759,accepted
a1c21498-1989-44d7-847d-0f322647034b,species,Plantae,"",Scapania ligulata,1,t0075761,accepted
5c8b4973-73ea-4f68-bd5a-2ee591f854cd,species,Plantae,"",Scapania nemorea,1,t0075763,accepted
9330ff93-05c7-4031-b1cc-c7ef53fef1a8,species,Plantae,"",Scapania robusta,1,t0075768,not-accepted
8ffe177f-3647-4e02-8bee-97b6a685575e,species,Plantae,"",Scapania subnimbosa,1,t0075768,accepted
96ddedbb-93d9-4dd8-89a7-23fa1ab5cd1a,species,Plantae,"",Saccogynidium muricellum,1,t0075718,accepted
59f2870a-4d4e-44ff-b728-2b186d1ededf,species,Plantae,"",Calypogeia arguta,1,t0073000,accepted
76a37eb2-2cfa-4362-a06e-991408851100,species,Plantae,"",Calypogeia formosana,1,t0073003,accepted
f965f173-2aba-4f43-a0ef-e805fcbf596b,species,Plantae,"",Calypogeia neesiana,1,t0073004,accepted
414f322d-b82c-487a-89d2-2b77092d6f32,species,Plantae,"",Calypogeia trichomanis,1,t0073001,not-accepted
6f15ab0d-9de2-4e89-b87e-022ea67ac734,species,Plantae,"",Metacalypogeia cordifolia,1,t0074780,accepted
3ba2edfa-b0c9-4b52-bdc4-e5a9e214df54,species,Plantae,"",Jungermannia appressifolia,1,t0058267,not-accepted
1b4e40ff-01b3-4387-96d9-8326f0204850,species,Plantae,"",Jungermannia pseudocyclops,1,t0058269,not-accepted
92cce70c-8bc3-4489-8de9-95c3cad75660,species,Plantae,"",Jungermannia truncata,1,t0075941,not-accepted
aafb63f6-3e41-4c92-8a89-b7b07be6235b,species,Plantae,"",Gymnomitrion concinnatum,1,t0074194,accepted
ca8dbf84-8007-4334-a487-c3c2f7e0eeaa,species,Plantae,"",Marsupella pseudofunckii,1,t0074738,accepted
13a4d3c4-21c6-4c8a-9e4f-09bb07245fc4,species,Plantae,"",Nardia scalaris,1,t0074887,accepted
d69db47d-be34-4bc4-87f3-65452081c9a2,species,Plantae,"",Lophozia excisa,1,t0074640,accepted
68c42508-2e88-4f3a-ba91-5109efefcd9d,species,Plantae,"",Lophozia lacerata,1,t0074641,accepted
6ca9f71e-7eee-4ae5-b848-61caea158d0c,species,Plantae,"",Tritomaria exsecta,1,t0069699,accepted
b6eee886-d0fe-4e60-9754-b49cd7d820d6,species,Plantae,"",Schistochila blumei,1,t0075820,accepted
1dfcb370-3851-49b8-bb57-88969b05ec40,species,Plantae,"",Temnoma setigerum,1,t0069559,accepted
d64d916f-64c0-4dd0-91b6-86168f9e40b2,species,Plantae,"",Mastigophora woodsii,1,t0074751,accepted
15c5ccf1-0db9-403c-940a-d32b6a9af4ab,species,Plantae,"",Herbertus dicranus,1,t0074265,accepted
5344a838-f845-4773-bd0e-dc9b05d885a3,species,Plantae,"",Herbertus kurzii,1,t0074266,accepted
86f3303a-b365-4141-963b-ab5d8ddf352d,species,Plantae,"",Chiloscyphus ciliolatus,1,t0073191,accepted
28fbcb94-4ef7-4b64-a7bc-8fdf7ed00d4b,species,Plantae,"",Chiloscyphus cuspidatus,1,t0074629,not-accepted
b6042f9e-1fd2-4cb2-8389-877fa6f30d27,species,Plantae,"",Chiloscyphus minor,1,t0074633,not-accepted
795c0104-96d9-4f7f-ad47-f8a60f33a97a,species,Plantae,"",Chiloscyphus muricatus,1,t0074634,not-accepted
bce636c1-abd6-4129-a9f9-1fc645d8eee8,species,Plantae,"",Chiloscyphus profundus,1,t0074631,not-accepted
f1fb6505-3875-4682-a17d-e01cff4fc3be,species,Plantae,"",Chiloscyphus sikkimensis,1,t0073195,accepted
41aed464-e9a5-4984-bca1-02e193ae8891,species,Plantae,"",Heteroscyphus argutus,1,t0074272,accepted
3001e718-3a73-4ddc-b86c-4868131f3756,species,Plantae,"",Heteroscyphus coalitus,1,t0074274,accepted
df39582d-ead6-408c-a924-c4718b3fc944,species,Plantae,"",Heteroscyphus planus,1,t0074276,accepted
2c4c5c7d-38c6-43f1-8555-6fb90ab19949,species,Plantae,"",Heteroscyphus tener,1,t0058008,accepted
316d861d-e014-4ca6-91b7-590fe3ecae98,species,Plantae,"",Lophocolea bidentata,1,t0074629,accepted
b901f4b9-a24d-43a3-95c6-9daeae795edb,species,Plantae,"",Plagiochila dendroides,1,t0075350,accepted
f1a003d9-18bd-4db0-bc69-dffb8b24f6d0,species,Plantae,"",Plagiochila elegans,1,t0075353,accepted
99a9a70a-5bce-41fe-9e25-755c42388bb3,species,Plantae,"",Plagiochila fordiana,1,t0075355,accepted
eb6b7bb6-2a72-4042-84f0-f3ace5f9b93e,species,Plantae,"",Plagiochila gracilis,1,t0075357,accepted
83b6f284-0925-45c8-b082-9c5505d0bac2,species,Plantae,"",Plagiochila junghuhniana,1,t0075360,accepted
c671e507-271f-4b72-bcec-50ea85a0c3b7,species,Plantae,"",Plagiochila magna,1,t0075363,accepted
6cd5f169-f274-4d41-a910-883d136dbd00,species,Plantae,"",Plagiochila nepalensis,1,t0075365,accepted
43ffe924-b1e3-49b2-bb63-43bfe1391550,species,Plantae,"",Plagiochila obtusa,1,t0075366,accepted
d15e6c20-bac7-46da-ab14-a89ee3442ac2,species,Plantae,"",Plagiochila peculiaris,1,t0075369,accepted
37787640-e959-4a22-bd29-556f24dcdc77,species,Plantae,"",Plagiochila porelloides,1,t0075371,accepted
c61bae90-5528-4bfe-bea3-d86ed482e7b8,species,Plantae,"",Plagiochila sciophila,1,t0075373,accepted
7153e314-078d-4f6f-adc4-e1ca19cdf26a,species,Plantae,"",Plagiochila semidecurrens,1,t0075375,accepted
18456e84-4f5c-49e2-b710-19cf8d8dc83c,species,Plantae,"",Plagiochila taiwanensis,1,t0075377,accepted
1d0d78ec-befa-4754-a9fc-37326f2bb616,species,Plantae,"",Plagiochila wangii,1,t0075380,accepted
677248c2-7e5d-4d53-a683-b3fbab5af265,species,Plantae,"",Plagiochila delavayi,1,t0075349,accepted
467dc1c4-1026-4202-b1f4-4e230506659f,species,Plantae,"",Plagiochila zonata,1,t0075381,accepted
0ce9027c-2c37-4415-9bf4-2fe88d7a8e2b,species,Plantae,"",Plagiochilion oppositum,1,t0075384,accepted
3d05268f-9304-4daa-a138-7978ea8d4e95,species,Plantae,"",Denotarisia linguifolia,1,t0073650,accepted
8e161c51-6d03-4deb-b939-8a359094e91c,species,Plantae,"",Wettsteinia inversa,1,t0069810,accepted
29730691-af71-4894-97f6-0b5df877e600,species,Plantae,"",Mylia nuda,1,t0084609,not-accepted
a87502d9-dc3d-4e01-8369-fa520e8381bb,species,Plantae,"",Mylia verrucosa,1,t0074872,accepted
c204b7aa-92b5-4b83-a010-d6394b02d7c0,species,Plantae,"",Anastrepta orcadensis,1,t0060950,accepted
7c04fd74-b39f-4f84-92e7-b9e12ce8d0ce,species,Plantae,"",Anastrophyllum acuminatum,1,t0086614,not-accepted
222b52c2-7d1c-41d7-a0e5-c20f2380dedc,species,Plantae,"",Anastrophyllum bidens,1,t0060951,accepted
a3114235-9f9a-447c-8e34-2e3c42dc696a,species,Plantae,"",Anastrophyllum minutum,1,t0060953,accepted
751814a9-78eb-46c3-a67d-c6cc58e17f95,species,Plantae,"",Barbilophozia attenuata,1,t0072785,accepted
df1cbafb-9fe6-447f-a940-2565ba0d3ee6,species,Plantae,"",Barbilophozia hatcheri,1,t0072787,accepted
4b4a0ab7-b2c5-458c-b26c-394636d199df,species,Plantae,"",Chandonanthus birmensis,1,t0059045,not-accepted
9822f940-1508-4b41-a510-e30fa6a38680,species,Plantae,"",Chandonanthus hirtellus,1,t0075417,not-accepted
b41995c3-2152-4d95-a0c2-1be6066b7424,species,Plantae,"",Tetralophozia filiformis,1,t0069587,accepted
60ca56a5-9d93-4bfc-ba8f-0a12b6daa3e7,species,Plantae,"",Notoscyphus lutescens,1,t0074961,accepted
aa6ab849-f5ee-4f43-bcfa-6582d9a18168,species,Plantae,"",Sphagnum cuspidatulum,1,t0046246,accepted
1059aa57-8f7c-4088-b306-859a339ad0dc,species,Plantae,"",Sphagnum girgensohnii,1,t0058279,accepted
ce28eaff-23c4-4efe-9b26-370a95353324,species,Plantae,"",Sphagnum palustre,1,t0058282,accepted
0610a376-a8df-48ef-9e22-f78ed3438896,species,Plantae,"",Atrichum crispulum,1,t0040312,accepted
bf4c29a8-241d-4d25-b762-38e80bc86469,species,Plantae,"",Atrichum undulatum,1,t0040314,accepted
08ddde0e-9adc-4643-a5bc-d24bc6f55f1f,species,Plantae,"",Oligotrichum obtusatum,1,t0074988,accepted
5001afe1-07b1-4f38-a81a-71b15351215d,species,Plantae,"",Pogonatum alpinum,1,t0059079,not-accepted
3d6e6d5a-e631-4cc4-bfab-7e96bf425db5,species,Plantae,"",Pogonatum cirratum,1,t0059051,accepted
c5aec3a8-e243-4d0b-b067-f1c3ecd54a5f,species,Plantae,"",Pogonatum fastigiatum,1,t0059053,accepted
94e2fb01-ae88-4afb-b880-48513db92b16,species,Plantae,"",Pogonatum neesii,1,t0059057,accepted
feb24781-7765-49b0-a333-60511e2e28fb,species,Plantae,"",Pogonatum proliferum,1,t0059062,accepted
71dbb34a-ccb6-45e5-a2c0-bdc208fa282d,species,Plantae,"",Pogonatum urnigerum,1,t0059064,accepted
15cc0385-3fdb-44e8-89d4-6c127540adff,species,Plantae,"",Diphyscium fulvifolium,1,t0073712,accepted
7fd149e5-41c7-40a1-ae3a-94a005078f48,species,Plantae,"",Physcomitrium japonicum,1,t0058998,accepted
eaa45bc7-d5da-4960-8036-f7a45ef74fcd,species,Plantae,"",Dicranoloma assimile,1,t0057221,accepted
c59e3748-5f3e-4d4c-808a-ca52e3df822a,species,Plantae,"",Dicranum groenlandicum,1,t0129027,accepted
7aaec141-a29f-482f-b24d-d57b23d29faf,species,Plantae,"",Dicranum japonicum,1,t0057227,accepted
2360a3c9-0b93-41fb-a930-c3e3c076d24f,species,Plantae,"",Dicranum scoparium,1,t0057232,accepted
5c951f82-19d5-456c-b693-6c0f1991f2db,species,Plantae,"",Leucoloma molle,1,t0058161,accepted
a6c46777-1662-41ab-a76c-c62f984ef3ae,species,Plantae,"",Paraleucobryum longifolium,1,t0058687,accepted
1ac93173-2ca2-4f0d-b43e-9733f67bf04c,species,Plantae,"",Trematodon longicollis,1,t0058433,accepted
ea282579-f5ee-40b0-b9d4-0da0bd3ad2c2,species,Plantae,"",Calymperes strictifolium,1,t0040570,accepted
5108734d-259a-495c-8028-0a18366537e0,species,Plantae,"",Syrrhopodon aristifolius,1,t0069508,accepted
a1924344-e5b0-43ab-ae42-39d2640c85f0,species,Plantae,"",Syrrhopodon gardneri,1,t0058333,accepted
f3eef1be-c485-489c-b7f6-6de4c6a46238,species,Plantae,"",Syrrhopodon prolifer,1,t0058336,accepted
9e8b0901-da46-4aad-9fa7-6e0d9655443d,species,Plantae,"",Ceratodon purpureus,1,t0058754,accepted
42f7685e-a12d-4499-900c-4c4facdd4f9e,species,Plantae,"",Ditrichum pallidum,1,t0057284,accepted
848160a9-5fb2-4e98-959a-8f5b24278818,species,Plantae,"",Garckea flexuosa,1,t0057451,accepted
59b04f47-19b9-4a92-9c45-c5a6e7f57e5a,species,Plantae,"",Fissidens crispulus,1,t0057388,accepted
27e479fb-6031-4d19-89f9-a8574ba14370,species,Plantae,"",Fissidens geminiflorus,1,t0057392,accepted
d2ff04eb-378e-4edc-a00a-e08f26417862,species,Plantae,"",Fissidens guangdongensis,1,t0073980,accepted
573c1a29-e934-41ce-a62b-7b3777b74b5e,species,Plantae,"",Fissidens nobilis,1,t0057404,accepted
a2320ae6-7e4f-4a82-a7a2-0672da828028,species,Plantae,"",Fissidens polypodioides,1,t0057411,accepted
cd60c35a-d576-42f0-9cab-c78103a42f9c,species,Plantae,"",Fissidens tosaensis,1,t0057414,accepted
e87f5357-520f-494d-9adc-aa4865c930af,species,Plantae,"",Fissidens zippelianus,1,t0057388,not-accepted
2a3a211a-973c-4727-bb8d-33efe8a84787,species,Plantae,"",Fissidens anomalus,1,t0057383,accepted
8fc5a0b7-f556-48b1-980c-46ad22f3fd09,species,Plantae,"",Campylopus japonicus,1,t0073023,accepted
df60480d-62c8-4d50-8be1-d9ae62ee2055,species,Plantae,"",Campylopus subulatus,1,t0040606,accepted
28bd9261-cee5-463a-b1f3-3b8aad5ac778,species,Plantae,"",Campylopus umbellatus,1,t0040607,accepted
984558de-3b3f-446f-a280-d8da20e07f82,species,Plantae,"",Leucobryum boninense,1,t0058151,accepted
2ba73516-25e9-40c4-aa1e-a001773bd14b,species,Plantae,"",Leucobryum javense,1,t0058154,accepted
39d1180f-2986-4012-8da0-18fc9f7b1ec3,species,Plantae,"",Leucobryum scaberulum,1,t0074563,accepted
93026096-4dc8-4fe1-b3ec-9ab783f9e724,species,Plantae,"",Dicranodontium denudatum,1,t0057218,accepted
ccbdb4ae-bc52-482d-b303-0167c2ff4858,species,Plantae,"",Dicranella coarctata,1,t0073672,accepted
ec53d3ca-69e6-44ab-a285-0b036a73f4cf,species,Plantae,"",Octoblepharum albidum,1,t0058639,accepted
f6739911-c1b7-4a84-9f8f-1b7ec6f0063e,species,Plantae,"",Anoectangium thomsonii,1,t0040185,accepted
be8759b7-5a5e-43c5-b60e-320ba4101827,species,Plantae,"",Barbula indica,1,t0040342,accepted
262c9534-b49c-4f8f-9c1a-a5a88153d5b0,species,Plantae,"",Barbula subcomosa,1,t0040344,accepted
f79b12f6-5eb5-4cd1-b4c7-c5b34577b5d3,species,Plantae,"",Bryoerythrophyllum recurvirostrum,1,t0040469,accepted
39aa2bc4-b704-429a-a8b9-8d4cca28371d,species,Plantae,"",Didymodon constrictus,1,t0057241,accepted
b0c4d551-043b-4c7c-84d0-64ff5f019054,species,Plantae,"",Didymodon nigrescens,1,t0057243,accepted
1d79ed33-3801-4561-8343-0eaca7976db3,species,Plantae,"",Gymnostomum aurantiacum,1,t0057971,accepted
ca775deb-f669-4b48-87de-2ee930210743,species,Plantae,"",Hyophila propagulifera,1,t0058049,accepted
634707b0-38be-4b7f-880c-d09d545b3eb5,species,Plantae,"",Leptodontium viticulosoides,1,t0058145,accepted
444fef7e-6ca2-4858-a581-87750b031e14,species,Plantae,"",Oxystegus tenuirostris,1,t0058446,not-accepted
8e2dd3ef-7cd2-478a-9174-25cfd1eab7d4,species,Plantae,"",Pseudosymblepharis angustata,1,t0059117,accepted
9423094f-c258-4e45-82d5-3700f9a263ae,species,Plantae,"",Timmiella anomala,1,t0058398,accepted
859ad05a-79c1-4432-a96c-378d6a323d70,species,Plantae,"",Tortella tortuosa,1,t0135658,accepted
f8eb83da-560d-49d8-b2ac-b63d6522eccd,species,Plantae,"",Trichostomum tenuirostre,1,t0058446,accepted
9c381046-694b-4653-b823-747e0f7b475e,species,Plantae,"",Weissia controversa,1,t0057496,accepted
3d1b17fb-a32c-46e6-ae18-517d8e3b29b0,species,Plantae,"",Weissia longifolia,1,t0136137,accepted
079367a1-a771-413e-a802-d1d6cb55d2c6,species,Plantae,"",Weissia newcomeri,1,t0057499,accepted
80ea58df-6ed3-4e6e-b672-ab5bfc60d36e,species,Plantae,"",Grimmia elongata,1,t0057967,accepted
bde26f46-baf0-41f6-9b77-ddca0b76abfc,species,Plantae,"",Grimmia longirostris,1,t0130180,accepted
8ae81642-46a8-4cd6-a85e-ef13ae727ab7,species,Plantae,"",Racomitrium barbuloides,1,t0075573,accepted
5efac16a-ddd2-4510-81e5-c7dc254fd023,species,Plantae,"",Racomitrium ericoides,1,t0075576,accepted
112cb4d8-561d-4834-9cc4-fd8cf3ecacd2,species,Plantae,"",Racomitrium subsecundum,1,t0059163,accepted
fe8ea46a-e2a8-4825-a2bf-e21e2e069116,species,Plantae,"",Schistidium rivulare,1,t0134667,accepted
ff01a408-3249-4bb0-8cf1-724198566c29,species,Plantae,"",Schistidium trichodon,1,t0058215,accepted
52032172-d5ab-4113-a282-19e4ae67b26c,species,Plantae,"",Blindia japonica,1,t0072869,accepted
c79a046d-4fe5-49f1-895c-2ad15d6bb2dd,species,Plantae,"",Ptychomitrium formosicum,1,t0075531,accepted
a719f2bc-4dec-454c-984c-7f80c2438d36,species,Plantae,"",Bartramia halleriana,1,t0040349,accepted
1db5b070-e3a6-4553-b4b6-ba3422304460,species,Plantae,"",Bartramia pomiformis,1,t0040351,accepted
3abb52a0-4722-4c0f-b2ab-0e4d4e909a39,species,Plantae,"",Fleischerobryum longicolle,1,t0057418,accepted
3ab922c4-e2f0-4f92-bbd7-4dc80b2a432a,species,Plantae,"",Philonotis turneriana,1,t0058987,accepted
a27fe4e8-eaca-4659-88cc-f0fa3724726d,species,Plantae,"",Brachymenium exile,1,t0040430,accepted
50ff355a-decf-4074-b28c-ff93121ed9d4,species,Plantae,"",Bryum argenteum,1,t0040474,accepted
c1258d4d-be69-4907-928c-ee39b083a800,species,Plantae,"",Bryum billarderii,1,t0040477,accepted
4767c199-358f-41af-a5c8-8cb013da64e7,species,Plantae,"",Bryum cellulare,1,t0040481,accepted
9011af99-530d-4d04-9941-bd706cf3c37f,species,Plantae,"",Bryum dichotomum,1,t0040483,accepted
8c1f5f68-e70a-486d-9e4a-5a13e10d5964,species,Plantae,"",Bryum pseudotriquetrum,1,t0040486,accepted
39f30a70-0de6-4576-b9f4-ef10f6c5e501,species,Plantae,"",Pohlia proligera,1,t0059070,accepted
8513dfec-65cc-4b08-9cb8-a603660c74f6,species,Plantae,"",Rhodobryum giganteum,1,t0059186,accepted
6d60ae0e-7010-4a3b-bade-4da941168c3b,species,Plantae,"",Rhodobryum ontariense,1,t0134097,accepted
30eff236-7095-4d6d-b068-be0a3996aa68,species,Plantae,"",Mnium lycopodioides,1,t0058558,accepted
a394aed0-d892-4978-a1e9-dea4b1c5918b,species,Plantae,"",Plagiomnium integrum,1,t0075385,accepted
ba46e3d3-e379-488c-9eb8-8c39ef14ff54,species,Plantae,"",Plagiomnium succulentum,1,t0059025,accepted
face0b98-3d90-4801-aa0d-edae27758f0a,species,Plantae,"",Trachycystis microphylla,1,t0058413,accepted
2b0630d8-3ca4-4d45-9922-99e8252dc120,species,Plantae,"",Macromitrium japonicum,1,t0058491,accepted
cebcfbd6-22c9-4f71-8e64-fc778062b99c,species,Plantae,"",Ulota morrisonensis,1,t0069723,accepted
7a1d31fb-0930-4946-a8f4-9cac406cd046,species,Plantae,"",Ulota reptans,1,t0135840,accepted
d2702980-aab3-49e7-97d9-2af3614d13b7,species,Plantae,"",Pyrrhobryum latifolium,1,t0075553,accepted
bdbbb1c1-3cf1-4e93-8f6a-eb440cb3d982,species,Plantae,"",Hypnodendron vitiense,1,t0074359,accepted
40f9aa24-6147-44d1-bee9-2352e1a98e6a,species,Plantae,"",Racopilum ferriei,1,t0075579,accepted
fb8baae1-787c-4158-b9e1-fa64ef5a3017,species,Plantae,"",Cyathophorella hookeriana,1,t0058893,accepted
d7bfd46c-bb33-484d-91d0-9ef6c2059688,species,Plantae,"",Daltonia aristifolia,1,t0058923,accepted
b19ad73b-53de-4d6d-81a8-560f6fc6e5fc,species,Plantae,"",Distichophyllum maibarae,1,t0057274,accepted
b20f0fa1-62cf-414a-b407-108f6aece44f,species,Plantae,"",Hookeria acutifolia,1,t0058027,accepted
e0ff73fd-8bfc-4a67-809c-b2c8f9190791,species,Plantae,"",Callicostella papillata,1,t0072978,accepted
28a21327-f111-4b5e-9097-1bfd03aec35d,species,Plantae,"",Cratoneuron filicinum,1,t0058872,accepted
b520e3fd-4510-4c5d-853a-ce9d4bff6a0f,species,Plantae,"",Hygrohypnum luridum,1,t0130575,accepted
14a3dec2-b185-4382-9811-941c1acbb333,species,Plantae,"",Leptodictyum riparium,1,t0058143,accepted
dcbefaee-5a0e-4a58-a3fa-7d9699326c10,species,Plantae,"",Sasaokaea aomoriensis,1,t0058199,accepted
2e55ae10-0a31-40fb-a6c4-975c8da895ae,species,Plantae,"",Brachythecium velutinum,1,t0127249,not-accepted
a36c49ee-273d-43d9-aea4-36db57931631,species,Plantae,"",Eurhynchium angustirete,1,t0057352,accepted
a68d3d0a-9bc5-454c-aa6b-202c331bf3ea,species,Plantae,"",Eurhynchium savatieri,1,t0057355,accepted
fb424392-cbb8-4979-935f-1d6d717bf23b,species,Plantae,"",Isothecium subdiversiforme,1,t0074395,accepted
88758849-c3c2-4a99-b3e1-c1311580a05d,species,Plantae,"",Palamocladium leskeoides,1,t0132650,accepted
7bb1dbe7-7fb3-435c-85ac-19615e186bf3,species,Plantae,"",Rhynchostegium inclinatum,1,t0059190,accepted
76adc4bf-a118-4fe7-bd60-fd5078257926,species,Plantae,"",Rhynchostegium pallidifolium,1,t0075662,accepted
8af10e96-cb94-4826-8333-40cdd34c5805,species,Plantae,"",Eumyurium sinicum,1,t0057341,accepted
bb7346bb-76f8-45b5-bb4a-00d0763bac8e,species,Plantae,"",Campylophyllum halleri,1,t0127483,accepted
20bb55a4-aece-42e0-bc1b-8dde6a281cf3,species,Plantae,"",Ctenidium capillifolium,1,t0058889,accepted
ba7151ad-292a-49fd-b87c-ac86668d3935,species,Plantae,"",Ctenidium andoi,1,t0073566,accepted
e99de1fe-e193-45ae-a129-9d47ddc1e8be,species,Plantae,"",Ectropothecium ohosimense,1,t0057309,accepted
5fbd3b48-4b29-4128-a02c-1186aae0f9cf,species,Plantae,"",Gollania japonica,1,t0057953,accepted
50b3275a-9a8e-46da-85d3-147ec0a413a5,species,Plantae,"",Gollania robusta,1,t0074146,accepted
663d21e0-5455-4ffe-92af-979718a2dabe,species,Plantae,"",Homomallium connexum,1,t0058024,accepted
5dcaf00f-ed16-48e5-8a76-61f1688950fe,species,Plantae,"",Hypnum pallescens,1,t0058057,accepted
6128be3d-a68f-44cc-bc62-fc4801c4a107,species,Plantae,"",Hypnum subimponens,1,t0058060,accepted
c0aaa95f-5ec5-4e23-a6f7-923475094b94,species,Plantae,"",Isopterygium albescens,1,t0058086,accepted
4f65709a-41e5-4b3c-b7f7-14f89033a2ec,species,Plantae,"",Ptilium crista-castrensis,1,t0059131,accepted
8c84ddd9-b8c2-4149-a139-5eb358c9421e,species,Plantae,"",Pylaisia levieri,1,t0133868,accepted
f524b03e-dbf8-447f-991a-00dedeefc1b2,species,Plantae,"",Taxiphyllum taxirameum,1,t0058348,accepted
ef485489-29bb-4d13-a0de-d119d82956cf,species,Plantae,"",Vesicularia reticulata,1,t0057481,accepted
dd927f69-2e11-4fb7-beb3-957929359160,species,Plantae,"",Hondaella caperata,1,t0130500,accepted
036e9c68-cd00-4662-b672-d819259154fb,species,Plantae,"",Hylocomium splendens,1,t0058040,accepted
b7f3cd4a-fdf2-4be0-a2b6-c02b126d6143,species,Plantae,"",Pleurozium schreberi,1,t0059044,accepted
d3c15ff6-f100-4480-8046-552d35d6da25,species,Plantae,"",Dolichomitra cymbifolia,1,t0073734,accepted
de309bfa-e59d-419d-8c52-98c0bd21a2a1,species,Plantae,"",Aerobryidium laosiense,1,t0060856,accepted
1b495886-1cb5-4e36-8e90-5c825836b45b,species,Plantae,"",Aerobryidium wallichii,1,t0033617,accepted
3442c830-b132-4950-a0e4-0ed63389e0b6,species,Plantae,"",Aerobryopsis subdivergens,1,t0060858,accepted
0068e549-d1b9-4ffd-bb06-beae18cf7902,species,Plantae,"",Barbella compressiramea,1,t0040337,accepted
a21792c6-8e2f-4064-bf7f-8a281b6743e7,species,Plantae,"",Chrysocladium retrorsum,1,t0058805,accepted
f807611d-c338-4a14-a3f8-6781d8e06530,species,Plantae,"",Duthiella speciosissima,1,t0057299,accepted
91daeb81-8ddd-4a87-93c3-47208d032f43,species,Plantae,"",Floribundaria floribunda,1,t0057425,accepted
1dd75819-460b-4620-8978-70fd7625224c,species,Plantae,"",Floribundaria pseudofloribunda,1,t0057426,accepted
33ed6a9b-5db1-4808-af84-fb27ce546b3f,species,Plantae,"",Meteoriopsis reclinata,1,t0058528,accepted
16d87f0b-3535-48dc-a7fd-5a2150b7a51f,species,Plantae,"",Pseudobarbella levieri,1,t0059111,accepted
ef08ddd0-926e-4e4f-ae52-4c0a99b5b10a,species,Plantae,"",Trachycladiella aurea,1,t0058411,accepted
0aa30953-e240-41c8-a30a-67de20dd78e2,species,Plantae,"",Entodon flavescens,1,t0129500,accepted
feb99cdd-2a56-4581-ac94-9dd4e04323bb,species,Plantae,"",Entodon viridulus,1,t0073838,accepted
93c995a7-d83b-493c-b7d2-4cf377742cfb,species,Plantae,"",Himantocladium cyclophyllum,1,t0058011,accepted
17c3a8e5-b880-41ef-a96f-58985e2566f6,species,Plantae,"",Homalia trichomanoides,1,t0058015,accepted
86cd6c24-ad1f-4326-97dc-b43268e0872b,species,Plantae,"",Homaliodendron exiguum,1,t0058017,accepted
8852c1f5-7020-4512-8da4-65e8ca16b1f6,species,Plantae,"",Homaliodendron scalpellifolium,1,t0074306,accepted
41369a14-d1e5-4bd1-bd05-408936a782a9,species,Plantae,"",Homaliodendron microdendron,1,t0058020,accepted
0cff83e1-da0d-488b-8e1c-20bb0e12f99b,species,Plantae,"",Neckera pennata,1,t0058606,accepted
1c78cd2e-e7f9-4640-88f3-22c9de1b8b50,species,Plantae,"",Neckeropsis nitidula,1,t0058609,accepted
e9bc9f79-60e3-4060-a1ce-ca194933989d,species,Plantae,"",Pinnatella ambigua,1,t0059010,accepted
f7fc90b9-f6ea-4adb-abef-e0e6a43535e0,species,Plantae,"",Pinnatella taiwanensis,1,t0075293,accepted
6f3cef2e-b70d-4793-9dcc-5599284129a3,species,Plantae,"",Thamnobryum subseriatum,1,t0069612,accepted
96971327-fd15-4cde-88cb-b0a990d4a71c,species,Plantae,"",Plagiothecium euryphyllum,1,t0059029,accepted
7d38dbce-f069-498b-bafd-283121f11428,species,Plantae,"",Plagiothecium nemorale,1,t0059031,accepted
8c4366c5-b657-4479-881e-14d545e112ba,species,Plantae,"",Calyptothecium philippinense,1,t0040576,not-accepted
c7308a14-ba22-4354-8496-93183c8b1e46,species,Plantae,"",Meteoriella soluta,1,t0058526,accepted
64ecc918-f9b0-48a3-a60f-999998e5d8b8,species,Plantae,"",Acroporium secundum,1,t0060809,accepted
1b82e880-25af-4df1-930d-d99523e02bdf,species,Plantae,"",Aptychella robusta,1,t0061010,accepted
172b681a-c51b-44fb-abf2-b58fb97ad73d,species,Plantae,"",Brotherella fauriei,1,t0040462,accepted
5afd6a0c-6b96-459b-9261-af04a1443577,species,Plantae,"",Brotherella herbacea,1,t0072917,accepted
8a533328-3403-4422-b658-b505bde1640e,species,Plantae,"",Gammiella tonkinensis,1,t0057449,accepted
8033a78b-7fed-41bf-9e95-9b63881927e4,species,Plantae,"",Isocladiella surcularis,1,t0058082,accepted
b2645f62-651c-4d9b-b421-902321931ce6,species,Plantae,"",Sematophyllum subhumile,1,t0058241,accepted
0c257d13-3ab6-460b-91fc-6417e60f833f,species,Plantae,"",Abietinella abietina,1,t0060761,accepted
e59c1baa-2103-49d4-8233-f2ae0fd3e6ba,species,Plantae,"",Claopodium aciculum,1,t0058825,accepted
07f428ab-0583-42a3-af33-4bdf5ee704d8,species,Plantae,"",Claopodium gracillimum,1,t0073286,accepted
e37b9ee0-e40a-4320-9d1b-bf3d55402b01,species,Plantae,"",Haplocladium angustifolium,1,t0040470,accepted
1a4bde2d-9728-4ca5-a3fe-7e51cc67c2d8,species,Plantae,"",Thuidium glaucinum,1,t0058386,accepted
8ea5bd86-9ff4-489c-a9b0-2b37715d8886,species,Plantae,"",Thuidium recognitum,1,t0069627,accepted
033fe86b-7f3f-4297-8959-e2cc01a1adeb,species,Plantae,"",Antitrichia curtipendula,1,t0040202,accepted
d25ce062-abfd-44d5-83c9-5fd92f5ad906,species,Plantae,"",Climacium dendroides,1,t0073300,accepted
6c0ca34d-2ad2-44da-b155-25d4e2875709,species,Plantae,"",Climacium japonicum,1,t0128295,accepted
22f66a8d-777b-4664-87e6-716822a0a89b,species,Plantae,"",Dixonia orientalis,1,t0073733,accepted
d07b6187-e24a-4b04-97d5-73cb7de32e58,species,Plantae,"",Fauriella tenuis,1,t0057369,accepted
5199f397-d2a6-4d02-96b3-af3e44b5d196,species,Plantae,"",Pseudospiridentopsis horrida,1,t0075509,accepted
2d94bdb5-577a-4d5c-80d1-3784492b3bce,species,Plantae,"",Trachypodopsis formosana,1,t0069653,accepted
e3635211-f212-466e-b046-683b81f4b214,species,Plantae,"",Hypopterygium japonicum,1,t0058065,accepted
89009bb2-becd-4d97-ad9f-a46a4551bce6,species,Plantae,"",Lopidium nazeense,1,t0058470,accepted
16424a83-14cc-459c-8ef6-c471175987ae,species,Plantae,"",Anthoceros formosae,1,t0040194,not-accepted
953cc8c0-22ea-4f91-9bd2-0732ff157d34,species,Plantae,"",Notothylas orbicularis,1,t0074963,accepted
50506b45-3efb-4e51-8d34-31118e924491,species,Plantae,"",Dendroceros javanicus,1,t0073646,accepted
efac799e-0362-45ec-888b-5a608282fe2c,species,Plantae,"",Megaceros flagellaris,1,t0074760,accepted
739b9035-7cfb-4783-88a4-457c57f01abb,species,Plantae,"",Haplohymenium pseudotriste,1,t0057983,accepted
30aae4f3-5eb6-4ce3-9926-14c697af64d1,infraspecies,Plantae,"",Marchantia emarginata tosana,1,t0084602,accepted
c14f27bb-8220-4db5-bcc2-00b926e2ebf0,infraspecies,Plantae,"",Marchantia paleacea diptera,1,t0084603,accepted
8cdc8953-1c6c-45e7-82c2-eb47f8330398,infraspecies,Plantae,"",Porella acutifolia tosana,1,t0084617,accepted
176a246e-2938-4167-808c-2eb6afd02bda,infraspecies,Plantae,"",Porella caespitans nipponica,1,t0086959,accepted
b6fc8a79-25ca-4ad8-8af5-401e00349010,infraspecies,Plantae,"",Porella gracillima urogea,1,t0084619,accepted
34a21f34-6b23-4bf0-9b31-5113c894acb1,infraspecies,Plantae,"",Porella obtusata macroloba,1,t0086960,accepted
ae9079fa-c08d-40b4-bbd7-eab6e823fefb,infraspecies,Plantae,"",Frullania ternatensis nonappendiculata,1,t0086825,accepted
35da1a5f-599f-49ac-9afc-f469a786a8e7,infraspecies,Plantae,"",Jubula hutchinsiae javanica,1,t0074432,not-accepted
ca0264eb-7418-40f5-9edd-91af64282d85,infraspecies,Plantae,"",Tuyamaella molischii taiwanensis,1,t0087099,accepted
cb011d58-3599-41c6-a9ac-f764bbc69337,infraspecies,Plantae,"",Cephalozia catenulata nipponica,1,t0084586,accepted
d9406fc1-6ca5-4ccd-9ef3-93d13f0179b5,infraspecies,Plantae,"",Heteroscyphus argutus brevidens,1,t0086848,accepted
3cf4beb0-9aa7-4848-9653-a4cda5150d22,infraspecies,Plantae,"",Jackiella javanica cavifolia,1,t0086864,accepted
4d404185-2fc2-451c-9f0f-cbf1af02f2b7,infraspecies,Plantae,"",Sphagnum junghuhnianum pseudomolle,1,t0058280,not-accepted
f8747a7c-2352-4e71-a20d-f9a3ab659b05,infraspecies,Plantae,"",Pogonatum cirratum fuscatum,1,t0084615,accepted
5429e992-26e5-4298-8dd3-653e9058e77c,infraspecies,Plantae,"",Anomobryum filiforme concinnatum,1,t0040188,accepted
29ef1cdb-7437-463d-a409-8ca5e9fa65ae,infraspecies,Plantae,"",Hypnum subimponens ulophyllum,1,t0058061,accepted
5150df9b-78c5-4838-80dc-86c857e292e6,infraspecies,Plantae,"",Plagiothecium cavifolium fallax,1,t0059027,accepted
382b1c1b-db09-4a29-bf59-9871364fb9c7,order,Plantae,"",Bryoxiphiales,1,t0001528,accepted
83aad3ea-02c0-4055-b8a8-601606d6173b,species,Plantae,"",Cololejeunea haskarliana,1,t0073393,accepted
375e1acb-4a8e-4831-a6c1-2a41644cc95e,order,Plantae,"",Bryopsidales,1,t0001527,accepted
d266f398-b3a7-46b7-9d3e-9b226a8372d3,family,Plantae,"",Udoteaceae,1,t0005184,accepted
9ba89b56-7794-4f56-9726-5f43733b3b9e,phylum,Plantae,"",Rhodophyta,1,t0000096,accepted
14715afe-c46e-42b6-9052-dcdc19c3d0bc,class,Plantae,"",Florideophyceae,1,t0000439,accepted
7310d57a-5ee4-4775-8207-d1ee0a565996,order,Plantae,"",Ceramiales,1,t0001531,accepted
2384097a-635c-42df-a89c-6b746f8bac22,family,Plantae,"",Rhodomelaceae,1,t0005154,accepted
9c4ffcee-9b00-497b-a40e-b89c67fb8d71,order,Plantae,"",Nemaliales,1,t0001591,accepted
94959409-e5ac-4daa-ab7b-5519e52e7252,family,Plantae,"",Liagoraceae,1,t0005109,accepted
9f92662d-1859-49e7-a0be-9272a8ab6e80,superphylum,Podiata,"",Fungi,1,t0000008,accepted
023f3f4e-0978-4c55-915b-c4ef9d1e9682,species,Plantae,"",Castanospermum australe,1,t0052893,accepted
7460672f-399e-42ea-ba2c-c504df3366e0,genus,Plantae,"",Tussilago,1,t0135830,accepted
c3a6eb42-89fe-452e-bbc7-2592bf143b98,species,Plantae,"",Tussilago farfara,1,t0135831,accepted
2fd85ccd-a13b-4fac-b75b-481dc91752bb,species,Plantae,"",Ludwigia decurrens,1,t0033516,accepted
3167b6a9-2f55-4fd1-9e10-ec8049a5ea00,species,Plantae,"",Rosa kwangtungensis,1,t0105406,misapplied
edd623d3-d99d-4ca0-90e6-4df45b0f98a5,species,Plantae,"",Agrostis canina,1,t0124175,accepted
33ae0548-c2e6-4fb7-ae5e-8119d19f7984,infraspecies,Plantae,"",Brachypodium sylvaticum luzoniense,1,t0040433,not-accepted
e414e5fd-5b98-4f64-a818-42987f37e874,species,Plantae,"",Cleisostoma ionosma,1,t0055454,misapplied
4487f29c-accd-4012-8d39-039068311208,species,Plantae,"",Smilax sebeana,1,t0055362,misapplied
b3add048-390a-46be-b920-5b9339cb86e6,species,Plantae,"",Anemone taraoi,1,t0099342,accepted
f12055ff-87a5-4bca-a607-29ba7e54c349,species,Plantae,"",Tapeinidium gracile,1,t0026482,not-accepted
8c35b3ac-ae23-4d6b-ad7d-465e1f5bed24,species,Plantae,"",Sida chinensis,1,t0104519,accepted
6c2051b7-5bab-43c1-b3a0-df186fa3950c,species,Plantae,"",Daphniphyllum luzonense,1,t0100809,not-accepted
220b26a7-3339-4ef8-8f76-e436f63814f6,species,Plantae,"",Scutellaria luzonica,1,t0058234,misapplied
80b3965a-4a05-459e-8449-ace3ec85841d,species,Plantae,"",Rumex dentatus,1,t0100967,accepted
9785a8c7-93b0-4c72-a477-4cd9b3fd85d5,species,Plantae,"",Rubus subcrataegifolius,1,t0055160,misapplied
c0d9839e-6235-4f3a-bc54-c2d308bb70e8,infraspecies,Plantae,"",Symplocos formosana formosana,1,t0105539,accepted
44397444-164d-47ba-ba3c-bcd95e8deb4e,species,Plantae,"",Rhododendron amanoi,1,t0134156,not-accepted
7b2e481e-880f-4d96-ab8c-bca68cfe7f0b,species,Plantae,"",Breynia androgyna,1,t0125218,not-accepted
3b16892b-6d4e-469f-bc37-c4de2b3bc42a,species,Plantae,"",Pteris rugosifolia,1,t0026520,accepted
6cbe75bf-537e-4522-a6e7-60191f83d1e9,species,Plantae,"",Prunus spinosa,1,t0133637,accepted
d82e7383-e411-4578-a90e-a9ee11aaf146,infraspecies,Plantae,"",Quercus aliena aliena,1,t0106431,accepted
746c7518-bc3b-46f3-8de5-ea7c32d34c76,species,Plantae,"",Carex ascocentra,1,t0052830,not-accepted
68d3cda9-1482-4df5-8e97-1deaab9911d9,species,Plantae,"",Castanea sativa,1,t0100713,accepted
1833d013-f5be-49cc-b89c-763689fa90fb,infraspecies,Plantae,"",Lycopodium clavatum nipponicum,1,t0026351,not-accepted
4ac7a2e2-86ce-4ab2-92e4-50879a44de65,species,Plantae,"",Hemiboea follicularis,1,t0053919,misapplied
23b7a6fd-f575-400e-97b9-959697d03e08,species,Plantae,"",Huperzia javanica,1,t0058031,accepted
304e4550-4e58-4259-8eb4-d3a6813d4f25,species,Plantae,"",Parthenocissus semicordata,1,t0132786,accepted
86975981-befa-41da-9ce9-ef2ac4ffa397,species,Plantae,"",Hymenophyllum crispatum,1,t0026380,not-accepted
d2d9ddbb-d6bc-4df9-ae3c-cc5db89a311d,species,Plantae,"",Dioscorea aculeata,1,t0057250,not-accepted
9e560572-795b-42a2-ab1b-197078351571,species,Plantae,"",Metathelypteris dayi,1,t0131937,accepted
4d30b637-559d-4d1d-98c3-e6103e3c4f8b,species,Plantae,"",Ichnanthus pallens,1,t0100306,accepted
c8a5dd4d-5d71-4518-b2a4-bea7c6841acd,species,Plantae,"",Ludwigia ravenii,1,t0131566,accepted
3b84044d-f1ae-48b1-b829-fe619f7be2d2,infraspecies,Plantae,"",Ichnanthus pallens major,1,t0058068,accepted
147f6557-828d-4b82-b7a8-9a83e2dbe9e7,species,Plantae,"",Juniperus procumbens,1,t0100343,accepted
02b777e9-2f83-453f-8531-7429202dd4c5,species,Plantae,"",Juniperus tsukusiensis,1,t0106925,accepted
90fd5354-2ff5-4f51-b993-fb12741a016a,species,Plantae,"",Lycopodium sitchense,1,t0129127,not-accepted
ab1b2946-e4a0-4e3b-a48a-a3798fb66464,species,Plantae,"",Striga crispata,1,t0076043,accepted
7df2e296-5b6c-4fdd-8644-3bd74ab6f71c,species,Plantae,"",Pteris minor,1,t0059122,accepted
c4e87a67-c77b-4379-9ebc-c69147faf12a,infraspecies,Plantae,"",Dryopteris wallichiana pachyphylla,1,t0057292,accepted
a663aadb-e685-4b80-907a-50d35e3ac052,genus,Plantae,"",Ismene,1,t0092668,accepted
f9a32c6c-9956-43b8-9f76-a0fbb2d2874c,species,Plantae,"",Davidia involucrata,1,t0128838,accepted
2496d62c-d21f-458c-9663-d64528adb1ee,species,Plantae,"",Platanus occidentalis,1,t0133188,accepted
36829f31-2b2b-4a7c-9ecd-d18b53756c6c,species,Plantae,"",Malvaviscus arboreus,1,t0054394,accepted
d25b417f-edee-4a66-9939-aa5358069277,species,Plantae,"",Hydnocarpus kurzii,1,t0130542,accepted
fc462a6b-8cab-4e53-93ff-8d33a1f415ba,genus,Plantae,"",Chukrasia,1,t0128116,accepted
dab9b4d1-1a96-430c-868e-90dbc0f17eb7,species,Plantae,"",Chukrasia tabularis,1,t0128117,accepted
4f608919-5513-41bd-aee2-971216bc778e,species,Plantae,"",Hydrocotyle delicata,1,t0053966,not-accepted
18d386aa-727c-40d7-8266-20f1775ded7f,species,Plantae,"",Pogostemon monticola,1,t0046117,accepted
90f8ae1f-068b-460e-aac1-5e73a439f11c,species,Plantae,"",Pteris pseudowulaiensis,1,t0075519,accepted
149ad024-01cb-40db-be17-07581cb7c8b0,species,Plantae,"",Cerastium calcicola,1,t0127919,not-accepted
1cb8b000-1db1-4a9b-8849-81d748f46f85,genus,Plantae,"",Tetradenia,1,t0094772,accepted
507d93a7-5fcd-4f1f-9774-311879bac3ac,species,Plantae,"",Deutzia hayatae,1,t0027065,not-accepted
116de17d-b5a3-4b43-a1e7-381d12089aa1,species,Plantae,"",Primula vulgaris,1,t0133514,accepted
11143cdd-8966-49cf-8ac2-4f8822fec11d,species,Plantae,"",Viola kwangtungensis,1,t0049319,accepted
c910b0d6-7b8e-4143-845d-d79c8bb42254,species,Plantae,"",Limnophila chinensis,1,t0101998,accepted
c52b8f49-4260-4956-824e-7f44d572d351,species,Plantae,"",Bolbitis lianhuachihensis,1,t0040403,accepted
dbacc7af-b28d-433f-bc0c-0d580d7c9dea,species,Plantae,"",Radermachera hainanensis,1,t0123762,accepted
ac4b736d-29bd-4a27-a97c-beab9f75679a,species,Plantae,"",Fimbristylis quinquangularis,1,t0053706,accepted
e79bd07e-b847-4a50-abf7-76d48ec9d84c,species,Plantae,"",Polygonatum arisanense,1,t0059074,not-accepted
56e58a9e-8ba4-41e2-9da9-ac8828e4e18b,family,Plantae,"",Pyramimonadaceae,1,t0003912,accepted
e104613a-1f2e-4c9d-8710-aa687535a3ee,class,Plantae,"",Chlorodendrophyceae,1,t0000432,accepted
01566f2e-b5c1-44f1-9fbd-e4ae75c9ca3b,order,Plantae,"",Chlorodendrales,1,t0001538,accepted
a20b7f0f-b54e-4314-9e36-71e38b152700,family,Plantae,"",Chlorodendraceae,1,t0003904,accepted
006af90e-6505-4337-9086-c9beb4974a92,order,Plantae,"",Acrochaetiales,1,t0001511,accepted
f3fa9043-410b-464d-8770-5dc01f1e7367,family,Plantae,"",Acrochaetiaceae,1,t0005007,accepted
d20d6737-8749-4665-a97f-bac2b698b13d,genus,Plantae,"",Acrochaetium,1,t0023090,accepted
9d76c4fa-6158-458c-b944-e522181d7a5a,order,Plantae,"",Trebouxiales,1,t0001649,accepted
4179479e-b49f-439c-877e-e42e984ef931,genus,Plantae,"",Breonia,1,t0127280,accepted
c454bc74-cc8d-4b45-b2a1-181645761c70,genus,Plantae,"",Camonea,1,t0091932,accepted
8bc73983-9a51-4697-9c3c-21d5390cc741,species,Plantae,"",Portulacaria afra,1,t0054935,accepted
40a5d30b-a485-44ec-b111-63f019f4d3f7,species,Plantae,"",Maianthemum japonicum,1,t0131741,accepted
6fe9b378-fe4d-4987-92d4-1c8e3a926517,genus,Plantae,"",Xanthostemon,1,t0136175,accepted
b91b2e61-4741-47bd-a7ab-a3251d73b1bc,genus,Plantae,"",Cassine,1,t0095196,accepted
57d6f9f8-65bd-4e24-b5a6-3ce6d776898d,genus,Plantae,"",Tricholaena,1,t0094807,accepted
4679022a-3d7f-42f6-9bf0-3c9631f7e310,class,Plantae,"",Pyramimonadophyceae,1,t0000455,accepted
a568eb6a-079d-40d0-bf05-6b04401158ad,infraspecies,Plantae,"",Chamaecrista nictitans patellaria glabrata,1,t0086675,not-accepted
7da5d720-ed69-4b70-80ed-7671d61e4f85,species,Plantae,"",Wrightia pubescens,1,t0136155,accepted
9bd0f7a0-166b-4c04-91d4-44bc997ae3e8,phylum,Podiata,"",Basidiomycota,1,t0000086,accepted
254dde54-da79-4530-b968-6e003eb136cc,phylum,Podiata,"",Ascomycota,1,t0000085,accepted
5fa8a405-9fe4-4eed-a07c-21f2ef8f1411,genus,Plantae,"",Mitragyna,1,t0132066,accepted
01cb5435-6be5-46e4-9d50-a3cb01daa2ff,genus,Plantae,"",Calea,1,t0091917,accepted
03f7513a-087a-415a-b72e-66fd96376201,order,Plantae,"",Gigartinales,1,t0001562,accepted
d8f475b1-4b15-4fe9-ac79-8dd4a199f057,family,Plantae,"",Phyllophoraceae,1,t0005134,accepted
38434328-b9b3-49b1-b4bc-2d75cf7f17d2,genus,Plantae,"",Ahnfeltiopsis,1,t0023128,accepted
2ce6c8a6-a774-4bac-ba18-6ca6a7048b92,order,Plantae,"",Corallinales,1,t0001544,accepted
910d860d-11a2-42a1-8600-e5a002729468,family,Plantae,"",Lithophyllaceae,1,t0091687,accepted
797fa3a4-90b3-4cb2-adf4-59572fd87207,genus,Plantae,"",Amphiroa,1,t0006942,accepted
edbca36c-f407-4983-ac0b-2eb151f09d43,family,Plantae,"",Dichotomosiphonaceae,1,t0091695,accepted
d2d80f64-835f-4246-bd03-9cccd932ed7b,genus,Plantae,"",Avrainvillea,1,t0006947,accepted
1bdd098a-e733-4dd7-94ff-7fd943429848,class,Plantae,"",Bangiophyceae,1,t0000429,accepted
1f3a38e7-3b9f-480e-9bc8-641a921e546a,order,Plantae,"",Bangiales,1,t0001521,accepted
1b96becd-3579-4260-8fb8-54062ee87f77,family,Plantae,"",Bangiaceae,1,t0005017,accepted
74956ac0-1916-4847-a7b9-2905cf5e425e,genus,Plantae,"",Bangia,1,t0023258,accepted
d9d1b20a-a62f-4ecf-8d71-7cbd55b1f281,family,Plantae,"",Caulacanthaceae,1,t0005030,accepted
7ac4c59b-3a02-4200-a766-a58784f3a977,genus,Plantae,"",Caulacanthus,1,t0023408,accepted
c16e3c04-c517-4784-9a48-4c61ba2ebb2d,order,Plantae,"",Desmidiales,1,t0001550,accepted
62975737-a341-4bc6-b060-687df2db5a55,order,Plantae,"",Sphaeropleales,1,t0001640,accepted
794e86ea-d169-43d8-bf4d-9bf0619bc104,family,Plantae,"",Codiaceae,1,t0005042,accepted
d1a6fb16-445b-4493-b09a-62866c013ea6,genus,Plantae,"",Codium,1,t0023526,accepted
187eaa0d-9df6-4066-ac61-24746cb1cf03,genus,Plantae,"",Euastrum,1,t0023809,accepted
c9b4b4cf-59a9-4a4b-a7bf-34c2dd75f1fe,species,Plantae,"",Euastrum sinuosum,1,t0073875,accepted
ede9e574-b395-4187-ab74-246891d9da83,genus,Plantae,"",Aira,1,t0091996,accepted
6c008fe9-debf-4d46-b938-c5502fefcab3,genus,Plantae,"",Meyenia,1,t0095624,accepted
df3af8b3-91c7-49ba-a472-5dd97329f03b,genus,Plantae,"",Hexacentris,1,t0092174,accepted
4f95b763-ba5a-4263-846a-9aeca53f3f5d,species,Plantae,"",Bolbitis sinensis,1,t0127200,accepted
a4f86047-62d7-4ab2-af20-79d1cfb4dba0,species,Plantae,"",Tectaria multicaudata,1,t0026768,accepted
373ede5d-d9d7-42dd-a632-165cbf561cdf,species,Plantae,"",Spirodela oligorrhiza,1,t0055440,not-accepted
0598c137-b3cf-4793-bab3-6faa5b00ec32,species,Plantae,"",Commelina erecta,1,t0100765,accepted
b3db9d06-ab49-437e-b0af-0b50cde17d1a,species,Plantae,"",Acacia mearnsii,1,t0106893,accepted
a3245dc7-6aeb-4160-bf7a-2fa2d2f95106,species,Plantae,"",Castanopsis tribuloides,1,t0100715,accepted
5e044c3b-9e25-4744-b618-7f4a9f1e9184,species,Plantae,"",Catha edulis,1,t0127865,accepted
e75777a1-ba51-43cb-857b-c3fafa85fd75,species,Plantae,"",Serjania mexicana,1,t0099247,accepted
0c79a8d2-0dfb-496f-a32f-50a58162ee40,species,Plantae,"",Toona ciliata,1,t0135648,accepted
15ef1b42-30fe-4f80-b30b-59031df61cff,species,Plantae,"",Ixora coccinea,1,t0100330,accepted
57c2540c-d210-47a1-8b53-64b01d0f4672,species,Plantae,"",Ipomoea muricata,1,t0130789,accepted
49ff5deb-d6af-45a0-bf7c-0709ddd960d7,species,Plantae,"",Salvia leucantha,1,t0134477,accepted
9096f6eb-f17e-460c-a02f-4cacd594695f,species,Plantae,"",Aster turbinatus,1,t0052669,accepted
f002620f-cdb1-490b-a0e7-a3ee3e8b04fb,species,Plantae,"",Kurzia abietinella,1,t0074469,accepted
b152bcf1-afc5-4a80-8125-2de3eebd3e8c,species,Plantae,"",Kurzia pauciflora,1,t0074473,accepted
93a65111-5d41-4bfd-9024-aec0d7b7f092,species,Plantae,"",Canscora diffusa,1,t0073034,accepted
68132ae1-17bd-4faf-8ab5-a98e12779f50,species,Plantae,"",Trimezia steyermarkii,1,t0135766,accepted
29bb76fb-07be-48af-902b-2f034b327217,species,Plantae,"",Trimezia gracilis,1,t0135765,accepted
e6373d9d-6f0d-423a-9906-a7e347ec4441,species,Plantae,"",Astraea lobata,1,t0052671,accepted
6e5bf3ea-5d93-4641-8063-9fc909401553,infraspecies,Plantae,"",Youngia japonica monticola,1,t0085104,accepted
acd865ae-a9d1-4f1e-8873-7557099fd84f,genus,Plantae,"",Rodgersia,1,t0134223,accepted
8b9b056a-1c53-4aa4-b3ea-bbd40f354927,genus,Plantae,"",Erythroxylum,1,t0129681,accepted
6fc9bd76-e1c9-42c0-991b-a0c8334c6f50,genus,Plantae,"",Calceolaria,1,t0127391,accepted
785c0778-d29c-4400-aa35-0e0227f29dfb,genus,Plantae,"",Dolichandra,1,t0129214,accepted
73c93d20-24b1-4d34-936a-34cb139a5f83,genus,Plantae,"",Anemopaegma,1,t0126119,accepted
ef04018d-2f48-4ad7-bcd4-36a1aa28025e,genus,Plantae,"",Kalopanax,1,t0131017,accepted
7481c1d2-482f-4aed-a25b-be7c2fdbf813,species,Plantae,"",Smilax herbacea,1,t0100441,accepted
ea792def-3da7-4f12-ad8b-c18ee25f1526,species,Plantae,"",Smilax gaudichaudiana,1,t0033506,accepted
bf021cc4-7050-4da5-a092-89b3b8e787d7,species,Plantae,"",Liparis formosamontana,1,t0054256,accepted
e39c4749-891a-4c34-bf15-6e472bdabe58,species,Plantae,"",Vincetoxicum chinense,1,t0046067,accepted
07f81633-397d-491c-9fb6-2d9381f00cbd,species,Plantae,"",Erythroxylum novogranatense,1,t0129682,accepted
7f667493-eb26-4185-80a0-60deb2ff4d3c,species,Plantae,"",Dolichandra unguis-cati,1,t0072860,accepted
ac88eada-15f5-4e99-995e-e68497d23399,species,Plantae,"",Anemopaegma chamberlaynii,1,t0126120,accepted
56c460a2-5e23-4513-96b5-324130dd9dc7,species,Plantae,"",Kalopanax septemlobus,1,t0131018,accepted
c8d109ae-76b9-4ead-940f-d81eeace3cd7,infraspecies,Plantae,"",Kalopanax septemlobus septemlobus,1,t0131020,accepted
493fbb2f-a59a-47bb-846d-1c68483a7b64,species,Plantae,"",Angelica aliensis,1,t0124223,accepted
f01b855f-b7d1-45d5-8812-d1aa206eb419,species,Plantae,"",Pleurozia subinflata,1,t0075416,accepted
302ed798-371b-47c7-b743-cd4d7c7edf91,species,Plantae,"",Amphidium papillosum,1,t0060936,accepted
622e2ede-a05a-4e07-9d0e-95b0c6607612,order,Plantae,"",Bonnemaisoniales,1,t0001525,accepted
2aff302c-4d30-4cd8-a6ef-407243660c15,family,Plantae,"",Bonnemaisoniaceae,1,t0005020,accepted
47b26af4-8aeb-4ef8-86f3-03d077be7942,genus,Plantae,"",Asparagopsis,1,t0023239,accepted
d21fd3f8-359f-4a83-83c0-49d0c89979ec,family,Plantae,"",Mastophoraceae,1,t0091688,accepted
11e1534f-d015-4c64-8aad-678932d4ad35,genus,Plantae,"",Mastophora,1,t0024244,accepted
4fd16dfb-30d9-47ce-8fe3-7c2f75f51586,family,Plantae,"",Caulerpaceae,1,t0005031,accepted
595767c6-8c96-43b9-aabc-60b526c30ab1,genus,Plantae,"",Caulerpa,1,t0023409,accepted
4e0df673-e5aa-4ee7-8da2-6db32b655362,family,Plantae,"",Dumontiaceae,1,t0005060,accepted
166dd2ae-0654-4655-8c2d-d1381e8360e8,genus,Plantae,"",Dudresnaya,1,t0023733,accepted
b7fd78c0-78be-4ff3-b1fc-c4290d8b9a24,order,Plantae,"",Acrosymphytales,1,t0001512,accepted
5a595c77-cbfe-4a81-9a9d-c1ff9bcc6c55,family,Plantae,"",Schimmelmanniaceae,1,t0091674,accepted
4b8ec0a8-506e-4dc5-b527-0b17c6ec8a87,genus,Plantae,"",Hypnea,1,t0024049,accepted
a3d10c9b-607d-4f1c-b9d5-ae59c3165fba,family,Plantae,"",Valoniaceae,1,t0004079,accepted
c8306873-f3b5-4de5-88a3-d280a6711898,genus,Plantae,"",Valoniopsis,1,t0025084,accepted
38ff5ecc-6f80-460a-bdce-42f3f30a6afd,family,Plantae,"",Siphonocladaceae,1,t0004089,accepted
fb56846d-d09e-41fd-b42d-07a737a3c7d1,genus,Plantae,"",Dictyosphaeria,1,t0023682,accepted
fd232276-4805-47ce-9045-c604e00a6878,family,Plantae,"",Gigartinaceae,1,t0005077,accepted
1eaf964d-be08-47ae-a0f1-35db6490e3bb,genus,Plantae,"",Chondrus,1,t0023476,accepted
538a1ca6-1230-4aa0-9039-8c372030d30c,genus,Plantae,"",Pourthiaea,1,t0024611,accepted
6a9d2ffe-1114-4b40-bb26-8a74bdcb8296,genus,Plantae,"",Monoon,1,t0124633,accepted
2892f3ca-35f9-4b07-b812-87241d263efb,genus,Plantae,"",Anisophyllum,1,t0091765,accepted
64ed73e2-5795-4730-a471-5fd4d75a9b0b,genus,Plantae,"",Vahlodea,1,t0094845,accepted
355fbf32-df72-49a1-a0ec-4549012d1bb4,genus,Plantae,"",Benkara,1,t0127028,accepted
e0676674-c300-4575-a9ea-47a24bf4e33b,genus,Plantae,"",Catunaregam,1,t0127872,accepted
8c3a91f6-86fb-4c3d-ba99-a4a1bfa7250b,genus,Plantae,"",Pleroma,1,t0133247,accepted
7ed58c2a-6325-4dcb-83ca-73b0154ea5c2,species,Plantae,"",Pourthiaea beauverdiana,1,t0059094,not-accepted
738c7842-4492-4e3e-b909-3ed3c1a6aed3,genus,Plantae,"",Avenella,1,t0091833,accepted
aeadab76-407e-478b-906d-a012472b1f0f,genus,Plantae,"",Anisophyllum,1,t0091765,accepted
c1f9d798-5060-43c2-8e18-c66deada6d84,genus,Plantae,"",Anisophyllea,1,t0126140,accepted
e494bcc1-7840-4fc7-ab85-6690fba4880d,species,Plantae,"",Equisetum praealtum,1,t0026356,accepted
dd1e75d9-588a-4202-8739-9dce3136db8b,species,Plantae,"",Pteris dispar,1,t0026505,accepted
aae8e31f-868e-4276-9750-e68a41254b1f,species,Plantae,"",Haplopteris yakushimensis,1,t0026576,accepted
901145bf-d827-49fe-a1c9-6e6184174084,species,Plantae,"",Lepisorus contortus,1,t0026821,accepted
d49fc3d4-7840-494a-86fb-33c38e3421ac,species,Plantae,"",Asparagus aethiopicus,1,t0126446,accepted
164c826c-2ef8-4b77-af5e-30667638f743,species,Plantae,"",Cyperus sphacelatus,1,t0099245,accepted
260cc7b1-ee4c-43be-b537-d06a5fbcb05c,species,Plantae,"",Urochloa brizantha,1,t0046065,accepted
6c0cd895-a635-4bb0-9e57-e6454683cfff,species,Plantae,"",Jacaranda mimosifolia,1,t0130892,accepted
d9bb00bf-8f36-425f-8423-b903a2203341,species,Plantae,"",Megathyrsus infestus,1,t0102357,accepted
d79f2fd6-5a95-4e13-89b1-bc51756bc766,species,Plantae,"",Viburnum awabuki,1,t0049291,not-accepted
13f57967-b760-484a-aee8-8d4f3001d720,species,Plantae,"",Leptopetalum racemosum,1,t0105391,accepted
53e5ede4-3036-4115-b331-4d8250f4a568,species,Plantae,"",Polytrias indica,1,t0054091,accepted
3f0694a3-283b-4716-a796-4decc0563add,species,Plantae,"",Pseudechinolaena polystachya,1,t0059108,accepted
9fee1d97-ba10-4791-9b6d-7ffc89f439b3,species,Plantae,"",Steinchisma laxum,1,t0102325,accepted
131ae53b-4123-4a44-89df-91e34eb6ec45,species,Plantae,"",Zuloagaea plena,1,t0102361,accepted
a0cb38df-4cf1-4414-a331-9587def1a5ea,infraspecies,Plantae,"",Aspidistra daibuensis longkiauensis,1,t0102012,not-accepted
470bef6d-ba2d-4920-bac1-fe83c468e3ac,infraspecies,Plantae,"",Neolitsea sericea sericea,1,t0058619,accepted
6eba6578-f4b2-443c-8550-97b87fa66c16,species,Plantae,"",Spiranthes nivea,1,t0055437,accepted
720a306b-3e15-476c-a4c6-568267d6d7c9,order,Plantae,"",Dasypogonales,1,t0001548,accepted
5fa3bdf1-9def-4c34-b6eb-686ebc315ace,species,Plantae,"",Spiranthes australis,1,t0100477,accepted
2a2cc404-1f35-4695-891e-e95cc6316897,genus,Plantae,"",Dasypogon,1,t0094317,accepted
21c99939-01a2-45c6-9abc-b943062f5ca4,genus,Plantae,"",Cardiopteris,1,t0127554,accepted
7879259a-adb4-47fd-8b6d-1dfd3ea0e0c1,species,Plantae,"",Alnus maritima,1,t0099317,accepted
ec2c9125-fbf7-4dc0-8fc5-a365d3760348,infraspecies,Plantae,"",Camphora officinarum nominale,1,t0086685,accepted
bcfe5d75-fe92-4a73-8a55-88829755d4c4,genus,Plantae,"",Hedysarum,1,t0094459,accepted
d327de0b-6f85-4af7-ab44-3990b2359ab0,species,Plantae,"",Equisetum arvense,1,t0026355,accepted
465f7647-94ae-4335-b778-f3c9a9580d18,species,Plantae,"",Hymenasplenium pseudobscurum,1,t0026935,accepted
137744a6-4665-48f2-bdbf-38e1843b9f00,species,Plantae,"",Nymphaea pygmaea,1,t0054596,not-accepted
1f259af0-7d91-4d6d-8a2d-e2f2f815be9e,species,Plantae,"",Anoectochilus roxburghii,1,t0052597,misapplied
27910e9c-e30f-404d-8777-8b8d2c009c89,infraspecies,Plantae,"",Mucuna macrocarpa macrocarpa,1,t0105985,accepted
641c446b-38c4-4582-9085-328cad57ab44,species,Plantae,"",Cardamine hirsuta,1,t0052802,accepted
c9de701d-f3cc-4066-80de-9c2fd1f53728,species,Plantae,"",Cardamine occulta,1,t0040626,accepted
e04d57ab-49f8-4184-ab6a-5e6ee68122cf,species,Plantae,"",Camellia chinmeiae,1,t0073014,accepted
60f34fd2-dd6e-4e59-9515-5a66e246106b,species,Plantae,"",Vandellia setulosa,1,t0069765,accepted
0f9f6817-2794-4ca9-8a02-cece479830cd,genus,Plantae,"",Nidorella,1,t0125450,accepted
3d3cd290-2edf-42c4-a23b-82d0a245c193,genus,Plantae,"",Eschenbachia,1,t0095884,accepted
d909fe6d-dd5d-475a-9b5b-dfbd80629771,genus,Plantae,"",Brassaiopsis,1,t0127268,accepted
076ccd04-9247-4659-a605-2e8aafd8c64d,genus,Fungi,"",Asterocalycella,1,t0007086,accepted
4e0dcb9b-10f6-467f-b01e-54ec0565d3c6,species,Plantae,"",Citrus japonica,1,t0058814,accepted
c9f19b4d-aa91-413f-92b2-b9fc0aedd8fb,species,Plantae,"",Damnacanthus giganteus,1,t0105528,accepted
11c8f624-34d8-4186-a7ed-66a0ac554706,species,Plantae,"",Ilex cornuta,1,t0130683,accepted
de1b4a6f-7a10-41e1-af5e-9bd1a6524c97,genus,Plantae,"",Lachnagrostis,1,t0094570,accepted
5767b45c-ddc6-44c8-86e5-95bbe058eb63,species,Plantae,"",Utricularia warburgii,1,t0124251,accepted
49c7828b-7a34-4424-9878-fac1e4b40f8a,species,Plantae,"",Hypopterygium tamarisci,1,t0058066,accepted
415942f3-d2ac-4445-9508-42e19e7dcf1e,species,Plantae,"",Limonia acidissima,1,t0131405,accepted
6112d5af-7ce8-4a0b-ba7c-1cfe5579f71f,species,Plantae,"",Kallstroemia maxima,1,t0124224,accepted
c0719446-0f9f-4e4b-9d15-3957a4357567,species,Plantae,"",Pachira aquatica,1,t0054670,accepted
37eebe29-1cae-4777-b976-c1b9e585682f,species,Plantae,"",Actinidia polygama,1,t0125702,accepted
5fba6b6e-347d-4dc2-83e1-41c91883cbe3,genus,Plantae,"",Anisoptera,1,t0124905,accepted
6372e0c1-c198-4c6b-837f-f2bff720d336,species,Plantae,"",Grewia kentingensis,1,t0106673,accepted
b175b011-487d-4154-9509-76ca2d902c4a,genus,Plantae,"",Nardostachys,1,t0132221,accepted
3fc94c64-f2aa-4467-9a3b-91c7469871e6,species,Plantae,"",Nardostachys jatamansi,1,t0132222,accepted
05f7c65c-13fe-4e7b-bee5-f0f577793b60,genus,Plantae,"",Schleichera,1,t0134677,accepted
8da1e687-ed7a-4b60-9e7a-dd7d9c824273,species,Plantae,"",Schleichera oleosa,1,t0134678,accepted
d2e7b127-d828-4064-8716-96919f6e4fc8,genus,Plantae,"",Rhodiola,1,t0023389,not-accepted
b0abc07c-d2a2-4fef-ba8c-b8c8e84caa9e,infraspecies,Plantae,"",Dichanthium annulatum annulatum,1,t0123839,accepted
3d9ad191-a0c1-448b-8d8b-c0a9d1f5fb33,infraspecies,Plantae,"",Sorghum bicolor technicum,1,t0058273,not-accepted
10a1df0d-f828-49ce-8864-6b040606a359,species,Plantae,"",Argemone ochroleuca,1,t0125400,accepted
cdd9b6d8-5910-4991-add1-cf3c6fdb95e4,genus,Plantae,"",Cayratia,1,t0023411,accepted
24d4aa51-703d-4da6-ab17-5d46a78bb521,species,Plantae,"",Bupleurum chinense,1,t0127342,accepted
a45250ed-1447-4747-9d44-879919a28ecf,species,Plantae,"",Aconitum kusnezoffii,1,t0125653,accepted
1c77b8b6-50e0-48b8-ac52-668d25122b0e,species,Plantae,"",Stegnogramma pozoi,1,t0102211,not-accepted
0c5faa70-5256-4a70-a90c-828e9b9bfa7b,species,Plantae,"",Vexillabium integrum,1,t0058642,not-accepted
2af99f83-3cdd-4e98-90f9-c84bf4047111,genus,Plantae,"",Nauclea,1,t0095674,accepted
